document_id,ticker,company_name,title,source_name,publish_date,url,text_length,alias_hits,strong_alias_hits,medium_alias_hits,weak_alias_hits,relevance_status,relevance_reason,include_flag,exclude_reason,confidence_tier,main_model_include_flag,broad_include_flag,strict_company_focus_flag,high_confidence_include_flag,needs_manual_review,review_reason,shared_article_flag,multi_company_article_flag,raw_article_hash,raw_row_key,filter_mode,filter_version,original_file,original_file_hash
NEWS_CANDIDATE_000012_aea23089,A1AKK,,Carlsberg Malaysia posts higher 3Q earnings,The Star,2025-11-14,https://www.thestar.com.my/business/business-news/2025/11/14/carlsberg-malaysia-posts-higher-3q-earnings,3588,,,,,wrong_company,"Another target company's strong alias appears, but the row ticker's target alias does not.",No,wrong_company,none,No,No,No,No,Yes,wrong_company,1,0,6428bf7baea896cbb232d171613fbc7c3e062b9580d2aee29cf0e2679aaaeb45,"New_news_A1AKK_A1AKK_news_csv:{""row_number"": 12}:ea2efe8913d8",manual_preserve,manual_preserve_v1,New_news/A1AKK/A1AKK_news.csv,264b06a0deaf9e67172096b9d818417df3e2f3624f86cb0f602c43a39c9f117c
NEWS_CANDIDATE_000133_6e8f5b96,A1AKK,,Dutch Lady reports 35% profit rise in 4Q24,The Star,2025-02-20,https://www.thestar.com.my/business/business-news/2025/02/20/dutch-lady-reports-35-profit-rise-in-4q24,2434,,,,,wrong_company,"Another target company's strong alias appears, but the row ticker's target alias does not.",No,wrong_company,none,No,No,No,No,Yes,wrong_company,1,0,7f6dbd8a1961c6b14401a00c4dba7131adf226ca3902ec15ea988decf67ac95d,"New_news_A1AKK_A1AKK_news_csv:{""row_number"": 133}:0fde493b071f",manual_preserve,manual_preserve_v1,New_news/A1AKK/A1AKK_news.csv,264b06a0deaf9e67172096b9d818417df3e2f3624f86cb0f602c43a39c9f117c
NEWS_CANDIDATE_000183_f509e32b,A1AKK,,"Trading ideas: IHH, YTL Power, MSM, KIP REIT, Central Global, Elridge, Jentayu, Northport, Ocean Vantage",The Star,2024-09-05,https://www.thestar.com.my/business/business-news/2024/09/05/trading-ideas-ihh-ytl-power-msm-kip-reit-central-global-elridge-jentayu-northport-ocean-vantage,1695,,,,,wrong_company,"Another target company's strong alias appears, but the row ticker's target alias does not.",No,wrong_company,none,No,No,No,No,Yes,wrong_company,1,0,eb8f25fccb2f130226b9dc643d04869384d95be5ab5f4f79fe6cd2b55c105408,"New_news_A1AKK_A1AKK_news_csv:{""row_number"": 183}:e1b12e29994a",manual_preserve,manual_preserve_v1,New_news/A1AKK/A1AKK_news.csv,264b06a0deaf9e67172096b9d818417df3e2f3624f86cb0f602c43a39c9f117c
NEWS_CANDIDATE_000253_2f85a386,A1AKK,,FBM KLCI rises amid broader market weakness,The Star,2024-03-12,https://www.thestar.com.my/business/business-news/2024/03/12/fbm-klci-rises-amid-broader-market-weakness,1514,,,,,wrong_company,"Another target company's strong alias appears, but the row ticker's target alias does not.",No,wrong_company,none,No,No,No,No,Yes,wrong_company,1,0,1235c47f4c4c91694937e6f4e5db2294676b94cc83237f71f73c2013fcceaf66,"New_news_A1AKK_A1AKK_news_csv:{""row_number"": 253}:dc011e5283d9",manual_preserve,manual_preserve_v1,New_news/A1AKK/A1AKK_news.csv,264b06a0deaf9e67172096b9d818417df3e2f3624f86cb0f602c43a39c9f117c
NEWS_CANDIDATE_000314_ee677f4d,AGRICOR,,"FBM KLCI rebounds, closes higher amid regional gains",The Star,2025-05-14,https://www.thestar.com.my/business/business-news/2025/05/14/fbm-klci-rebounds-closes-higher-amid-regional-gains,1488,,,,,wrong_company,"Another target company's strong alias appears, but the row ticker's target alias does not.",No,wrong_company,none,No,No,No,No,Yes,wrong_company,1,0,66e0361a0ee21ee3414669213c182d7066b643b6bc8b73c2e2733ac219d49faa,"New_news_AGRICOR_AGRICOR_news_csv:{""row_number"": 50}:bf105de3e136",manual_preserve,manual_preserve_v1,New_news/AGRICOR/AGRICOR_news.csv,4c6aecc099f7e262b817b77ef8cdc10119d9f9de84c003f44473315ff1b5b72a
NEWS_CANDIDATE_000318_94e7edef,AGRICOR,,F&N tax expenses spike expected to ease,The Star,2025-04-30,https://www.thestar.com.my/business/business-news/2025/04/30/fn-tax-expenses-spike-expected-to-ease,5853,,,,,wrong_company,"Another target company's strong alias appears, but the row ticker's target alias does not.",No,wrong_company,none,No,No,No,No,Yes,wrong_company,1,0,2e552b73b60fd23ba9a969e636f9c56448f7489d7f04d07b7900493a7c9bdb08,"New_news_AGRICOR_AGRICOR_news_csv:{""row_number"": 54}:7a73d4d3c608",manual_preserve,manual_preserve_v1,New_news/AGRICOR/AGRICOR_news.csv,4c6aecc099f7e262b817b77ef8cdc10119d9f9de84c003f44473315ff1b5b72a
NEWS_CANDIDATE_000645_2e77f233,AJI,Ajinomoto,Bursa Malaysia marginally lower at midday on profit-taking,The Star,2025-10-31,https://www.thestar.com.my/business/business-news/2025/10/31/bursa-malaysia-marginally-lower-at-midday-on-profit-taking,2794,,,,,wrong_company,"Another target company's strong alias appears, but the row ticker's target alias does not.",No,wrong_company,none,No,No,No,No,Yes,wrong_company,1,0,16f24eb36665927cf22cdadc3d987cb6fd8282a1d3d51a6da03964b8a7ea65ef,"New_news_AJI_AJI_news_csv:{""row_number"": 217}:de0c26714f18",manual_preserve,manual_preserve_v1,New_news/AJI/AJI_news.csv,1c7ae39f5f5b99fb2c5422b287ac63f2aac5f84db8d4acf10712771a137a2da9
NEWS_CANDIDATE_001526_985228ab,AJI,Ajinomoto,Key issues that shaped Petaling Jaya in 2024,The Star,2024-12-28,https://www.thestar.com.my/metro/metro-news/2024/12/28/pj-folk-make-their-voices-heard,8537,,,,,wrong_company,"Another target company's strong alias appears, but the row ticker's target alias does not.",No,wrong_company,none,No,No,No,No,Yes,wrong_company,1,0,9cc3f59530fec84fed93dc636b7d6bf6fef5b9fd231ac0df5d1aa97a107a290f,"New_news_AJI_AJI_news_csv:{""row_number"": 1098}:f05e3af52c1c",manual_preserve,manual_preserve_v1,New_news/AJI/AJI_news.csv,1c7ae39f5f5b99fb2c5422b287ac63f2aac5f84db8d4acf10712771a137a2da9
NEWS_CANDIDATE_002154_99b14994,AJI,Ajinomoto,"Trading ideas: UEM, SD Guthrie, Feytech, Tex Cycle, Public Bank, GenM, MMAG, Nestle, SEGi, Serba Dinamik, AME Elite, DXN, MBSB, TNB, CIMB",The Star,2024-06-04,https://www.thestar.com.my/business/business-news/2024/06/04/trading-ideas-uem-sd-guthrie-feytech-tex-cycle-public-bank-genm-mmag-nestle-segi-serba-dinamik-ame-elite-dxn-mbsb-tnb-cimb,2618,,,,,wrong_company,"Another target company's strong alias appears, but the row ticker's target alias does not.",No,wrong_company,none,No,No,No,No,Yes,wrong_company,1,0,8171e1070553d74550759fdc7a9e8a2212513edf7c562298ca2881894ba060ed,"New_news_AJI_AJI_news_csv:{""row_number"": 1726}:287f961b1850",manual_preserve,manual_preserve_v1,New_news/AJI/AJI_news.csv,1c7ae39f5f5b99fb2c5422b287ac63f2aac5f84db8d4acf10712771a137a2da9
NEWS_CANDIDATE_002236_5be9394a,AJI,Ajinomoto,"Trading ideas: TM, MISC, Capital A, PTT, Aurelius Tech, AME Elite, Score Builders, YNHP, Frontken and Mulpha",The Star,2024-05-14,https://www.thestar.com.my/business/business-news/2024/05/14/trading-ideas-tm-misc-capital-a-ptt-aurelius-tech-ame-elite-score-builders-ynhp-frontken-and-mulpha,3677,,,,,wrong_company,"Another target company's strong alias appears, but the row ticker's target alias does not.",No,wrong_company,none,No,No,No,No,Yes,wrong_company,1,0,7268f0f89f6482d08e1f236337b6e85114cafe111ec72df5b0dad483b3c57005,"New_news_AJI_AJI_news_csv:{""row_number"": 1808}:7880162dcf80",manual_preserve,manual_preserve_v1,New_news/AJI/AJI_news.csv,1c7ae39f5f5b99fb2c5422b287ac63f2aac5f84db8d4acf10712771a137a2da9
NEWS_CANDIDATE_002258_61d9689a,AJI,Ajinomoto,"Trading ideas: Sime Plantation, Sapura Energy, Power Root, OCK, Pekat, Yinson, Mobilia, Siab, Ireka",The Star,2024-05-08,https://www.thestar.com.my/business/business-news/2024/05/08/trading-ideas-sime-plantation-sapura-energy-power-root-ock-pekat-yinson-mobilia-siab-ireka,2456,,,,,wrong_company,"Another target company's strong alias appears, but the row ticker's target alias does not.",No,wrong_company,none,No,No,No,No,Yes,wrong_company,1,0,52f25f79e081508643099e3f053cc34a3563b4a2c484701b4a07a1f0c6acaee8,"New_news_AJI_AJI_news_csv:{""row_number"": 1830}:ca03aaf48b96",manual_preserve,manual_preserve_v1,New_news/AJI/AJI_news.csv,1c7ae39f5f5b99fb2c5422b287ac63f2aac5f84db8d4acf10712771a137a2da9
NEWS_CANDIDATE_002311_45d87a7c,AJI,Ajinomoto,NESTLE’S ‘SALARY FOR LIFE’ CONTEST RETURNS,The Star,2024-04-25,https://www.thestar.com.my/news/nation/2024/04/25/nestles-salary-for-life-contest-returns,5008,,,,,wrong_company,"Another target company's strong alias appears, but the row ticker's target alias does not.",No,wrong_company,none,No,No,No,No,Yes,wrong_company,1,0,5127020f1a6914aaa13e0ecc98d92f6f71f69b3c36e226938ef9f005693181c8,"New_news_AJI_AJI_news_csv:{""row_number"": 1883}:244d835cd79c",manual_preserve,manual_preserve_v1,New_news/AJI/AJI_news.csv,1c7ae39f5f5b99fb2c5422b287ac63f2aac5f84db8d4acf10712771a137a2da9
NEWS_CANDIDATE_002546_90a34cff,AJI,Ajinomoto,Food and beverage firm brings smiles to over 500 needy folk across country,The Star,2024-03-05,https://www.thestar.com.my/metro/metro-news/2024/03/05/food-and-beverage-firm-brings-smiles-to-over-500-needy-folk-across-country,2156,,,,,wrong_company,"Another target company's strong alias appears, but the row ticker's target alias does not.",No,wrong_company,none,No,No,No,No,Yes,wrong_company,1,0,8483b443caea4c5adf7d04e5a282db75e08c1700a40b434b8c9374a9d5e6f571,"New_news_AJI_AJI_news_csv:{""row_number"": 2118}:c46d6f5aea92",manual_preserve,manual_preserve_v1,New_news/AJI/AJI_news.csv,1c7ae39f5f5b99fb2c5422b287ac63f2aac5f84db8d4acf10712771a137a2da9
NEWS_CANDIDATE_002881_25458f5b,ASTRA,,"Trading ideas: TNB, LHI, MFM, PPB, UOA, SCIB, YNHP, Cape EMS, Binastra, VS Industry, Tropicana, T7, Manforce, BMS, Elsa",The Star,2025-10-03,https://www.thestar.com.my/business/business-news/2025/10/03/trading-ideas-tnb-lhi-mfm-ppb-uoa-scib-ynhp-cape-ems-binastra-vs-industry-tropicana-t7-manforce-bms-elsa,2439,,,,,wrong_company,"Another target company's strong alias appears, but the row ticker's target alias does not.",No,wrong_company,none,No,No,No,No,Yes,wrong_company,1,0,135b041b9328fea7dd32394630821a3076bba57d964512968d969b9d8c29a104,"New_news_ASTRA_ASTRA_news_csv:{""row_number"": 34}:fc09d83904a7",manual_preserve,manual_preserve_v1,New_news/ASTRA/ASTRA_news.csv,a730246870ebb1bc2d1f999028a9abd23f8e68dd14c17d9c135fe5d99cbf440e
NEWS_CANDIDATE_002911_620f6d78,ASTRA,,"Trading ideas: MSM, Malakoff, BFood, BCorp, Bank Islam, Oriental Kopi, Petron, Deleum, Advancecon, CTOS, Felixdynamic, Binastra, Astro, Cuckoo",The Star,2025-06-20,https://www.thestar.com.my/business/business-news/2025/06/20/trading-ideas-msm-malakoff-bfood-bcorp-bank-islam-oriental-kopi-petron-deleum-advancecon-ctos-felixdynamic-binastra-astro-cuckoo,3048,,,,,wrong_company,"Another target company's strong alias appears, but the row ticker's target alias does not.",No,wrong_company,none,No,No,No,No,Yes,wrong_company,1,0,ddcd24b7bfc0b3044c3a370eb03d0d6a914ad845b0ef80f05c558712cbdad999,"New_news_ASTRA_ASTRA_news_csv:{""row_number"": 64}:8c0041cbf938",manual_preserve,manual_preserve_v1,New_news/ASTRA/ASTRA_news.csv,a730246870ebb1bc2d1f999028a9abd23f8e68dd14c17d9c135fe5d99cbf440e
NEWS_CANDIDATE_002928_ffabf9c3,ASTRA,,"Trading ideas: TNB, RHB, F&N, Skygate, Lien Hoe, Scope, Mayu, Binastra, Keyfield, Binasat, Aurelius, Kerjaya, Signature",The Star,2025-04-16,https://www.thestar.com.my/business/business-news/2025/04/16/trading-ideas-tnb-rhb-fn-skygate-lien-hoe-scope-mayu-binastra-keyfield-binasat-aurelius-kerjaya-signature,2379,,,,,wrong_company,"Another target company's strong alias appears, but the row ticker's target alias does not.",No,wrong_company,none,No,No,No,No,Yes,wrong_company,1,0,005030362f6b1c1be2165db41e03a7e63d4c70946599d7c8b293b120cc5ea27c,"New_news_ASTRA_ASTRA_news_csv:{""row_number"": 81}:959a239c9de7",manual_preserve,manual_preserve_v1,New_news/ASTRA/ASTRA_news.csv,a730246870ebb1bc2d1f999028a9abd23f8e68dd14c17d9c135fe5d99cbf440e
NEWS_CANDIDATE_002940_53e35204,ASTRA,,"Trading ideas: MAHB, Binastra, Privasia, Capital A, IJM, Mah Sing, MPI, Cape EMS, KGW, Steel Hawk, Pavilion REIT, Carlsberg, Heineken",The Star,2025-02-13,https://www.thestar.com.my/business/business-news/2025/02/13/trading-ideas-mahb-binastra-privasia-capital-a-ijm-mah-sing-mpi-cape-ems-kgw-steel-hawk-pavilion-reit-carlsberg-heineken,2289,,,,,wrong_company,"Another target company's strong alias appears, but the row ticker's target alias does not.",No,wrong_company,none,No,No,No,No,Yes,wrong_company,1,0,5355d6d431b8fec8ca3a076d81df6125022403e6e2161a25ce288b16de7b24ef,"New_news_ASTRA_ASTRA_news_csv:{""row_number"": 93}:aeaeefc59ef5",manual_preserve,manual_preserve_v1,New_news/ASTRA/ASTRA_news.csv,a730246870ebb1bc2d1f999028a9abd23f8e68dd14c17d9c135fe5d99cbf440e
NEWS_CANDIDATE_002984_e14ce4c7,ASTRA,,"Trading ideas: PPB, Binastra, Inta Bina, Systech, Steel Hawk, CN Asia, Sentoria, Kerjaya Prospek",The Star,2024-09-06,https://www.thestar.com.my/business/business-news/2024/09/06/trading-ideas-ppb-binastra-inta-bina-systech-steel-hawk-cn-asia-sentoria-kerjaya-prospek,1363,,,,,wrong_company,"Another target company's strong alias appears, but the row ticker's target alias does not.",No,wrong_company,none,No,No,No,No,Yes,wrong_company,1,0,7ff32d66106fdaf6091f7f7410699fc1a5eb1cf5fb2d7b8b6aa5ad53a429e060,"New_news_ASTRA_ASTRA_news_csv:{""row_number"": 137}:9a682c8630e6",manual_preserve,manual_preserve_v1,New_news/ASTRA/ASTRA_news.csv,a730246870ebb1bc2d1f999028a9abd23f8e68dd14c17d9c135fe5d99cbf440e
NEWS_CANDIDATE_002989_25627d83,ASTRA,,"Trading ideas: Axiata, KIP REIT, Binastra, AmanahRaya REIT, 99 Speed Mart, TNB, Press Metal, IHH, PPB, Genting, GenM, Velesto, Hong Leong",The Star,2024-08-30,https://www.thestar.com.my/business/business-news/2024/08/30/trading-ideas-axiata-kip-reit-binastra-amanahraya-reit-99-speed-mart-tnb-press-metal-ihh-ppb-genting-genm-velesto-hong-leong,2844,,,,,wrong_company,"Another target company's strong alias appears, but the row ticker's target alias does not.",No,wrong_company,none,No,No,No,No,Yes,wrong_company,1,0,d83851448eb4a7bda365748f205e6f8b23e9b10e6aec88e491692ab60270b916,"New_news_ASTRA_ASTRA_news_csv:{""row_number"": 142}:8f9e323f8e3e",manual_preserve,manual_preserve_v1,New_news/ASTRA/ASTRA_news.csv,a730246870ebb1bc2d1f999028a9abd23f8e68dd14c17d9c135fe5d99cbf440e
NEWS_CANDIDATE_003052_a08b5fa5,BIOHLDG,,"Bursa Malaysia's index ends lower, broader market positive, ahead of Fed decision",The Star,2025-12-10,https://www.thestar.com.my/business/business-news/2025/12/10/bursa-malaysia039s-index-ends-lower-broader-market-positive-ahead-of-fed-decision,4406,,,,,wrong_company,"Another target company's strong alias appears, but the row ticker's target alias does not.",No,wrong_company,none,No,No,No,No,Yes,wrong_company,1,0,8a590f646b5c19fc7ea94d889224156d275b0eb127731d3ffd0a2ffb98efac67,"New_news_BIOHLDG_BIOHLDG_news_csv:{""row_number"": 9}:81db315c755b",manual_preserve,manual_preserve_v1,New_news/BIOHLDG/BIOHLDG_news.csv,ab90621a51c495687a3c997ea54baba40bf3881fb81076ee30ddea20556bbe19
NEWS_CANDIDATE_003188_71aabc19,BIOHLDG,,Bursa Malaysia ends week in the red despite trimming losses,The Star,2025-01-24,https://www.thestar.com.my/business/business-news/2025/01/24/bursa-malaysia-ends-week-in-the-red-despite-trimming-losses,1596,,,,,wrong_company,"Another target company's strong alias appears, but the row ticker's target alias does not.",No,wrong_company,none,No,No,No,No,Yes,wrong_company,1,0,c72791152150bec0335e340e23b778f8d7e90bf4901a539c4f6c08ba95d6bdd7,"New_news_BIOHLDG_BIOHLDG_news_csv:{""row_number"": 145}:ee87eeda8839",manual_preserve,manual_preserve_v1,New_news/BIOHLDG/BIOHLDG_news.csv,ab90621a51c495687a3c997ea54baba40bf3881fb81076ee30ddea20556bbe19
NEWS_CANDIDATE_003382_973f311c,EMPIRE,,"Trading ideas: DRB-Hicom, Al-Aqar, Haily, Pharmaniaga, Gagasan Nadi, Paragon, Orkim, BMS, VS Industry, APB, Destini, MSC, Only World, HB Global, Jetson",The Star,2025-12-05,https://www.thestar.com.my/business/business-news/2025/12/05/trading-ideas-drb-hicom-al-aqar-haily-pharmaniaga-gagasan-nadi-paragon-orkim-bms-vs-industry-apb-destini-msc-only-world-hb-global-jetson,3132,,,,,wrong_company,"Another target company's strong alias appears, but the row ticker's target alias does not.",No,wrong_company,none,No,No,No,No,Yes,wrong_company,1,0,daf3b2b929769160def93436d8557f317dc852a5f647662514d66d20891c4f93,"New_news_EMPIRE_EMPIRE_news_csv:{""row_number"": 16}:782d3a3d425b",manual_preserve,manual_preserve_v1,New_news/EMPIRE/EMPIRE_news.csv,0760b352920d0a9453506933ffe5e9dff64e64206f44e5a9a925fc4084d87c82
NEWS_CANDIDATE_004306_8a7a0cf6,ETA,Annual Report 2020,Consumer sector posts ESG compliance gains,The Star,2025-12-25,https://www.thestar.com.my/business/business-news/2025/12/25/consumer-sector-posts-esg-compliance-gains,3444,,,,,wrong_company,"Another target company's strong alias appears, but the row ticker's target alias does not.",No,wrong_company,none,No,No,No,No,Yes,wrong_company,1,0,16291ec71c723d0447c15c1c869b9a88b5304c6a49dfe452a8564c58886d8a30,"New_news_ETA_ETA_news_csv:{""row_number"": 476}:e72f90c220eb",manual_preserve,manual_preserve_v1,New_news/ETA/ETA_news.csv,f0b55954c0065ebcf31054445af35d2e9e0477f868dfeb0feb6c2a7fbf338a69
NEWS_CANDIDATE_004323_63e8c715,ETA,Annual Report 2020,FBM KLCI edges higher at midday amid selective buying,The Star,2025-12-24,https://www.thestar.com.my/business/business-news/2025/12/24/fbm-klci-edges-higher-at-midday-amid-selective-buying,2820,,,,,wrong_company,"Another target company's strong alias appears, but the row ticker's target alias does not.",No,wrong_company,none,No,No,No,No,Yes,wrong_company,1,0,51975a674a943734ddc2205f03a24f352f3424324bf0e6dc7d563cadb2a572e6,"New_news_ETA_ETA_news_csv:{""row_number"": 493}:8adbc4af54cb",manual_preserve,manual_preserve_v1,New_news/ETA/ETA_news.csv,f0b55954c0065ebcf31054445af35d2e9e0477f868dfeb0feb6c2a7fbf338a69
NEWS_CANDIDATE_004353_07abf05b,ETA,Annual Report 2020,Import-heavy sectors to gain from stronger ringgit,The Star,2025-12-24,https://www.thestar.com.my/business/business-news/2025/12/24/import-heavy-sectors-to-gain-from-stronger-ringgit,8226,,,,,wrong_company,"Another target company's strong alias appears, but the row ticker's target alias does not.",No,wrong_company,none,No,No,No,No,Yes,wrong_company,1,0,c3f2f0b6215f5e4742b121f2147ecb32fc7f0e691b6b2754a36c5d77c28986dd,"New_news_ETA_ETA_news_csv:{""row_number"": 523}:5f9255384496",manual_preserve,manual_preserve_v1,New_news/ETA/ETA_news.csv,f0b55954c0065ebcf31054445af35d2e9e0477f868dfeb0feb6c2a7fbf338a69
NEWS_CANDIDATE_004366_176790f5,ETA,Annual Report 2020,"FBM KLCI hits 16-month peak, ringgit at five-year high",The Star,2025-12-23,https://www.thestar.com.my/business/business-news/2025/12/23/fbm-klci-hits-16-month-peak-ringgit-at-five-year-high,1933,,,,,wrong_company,"Another target company's strong alias appears, but the row ticker's target alias does not.",No,wrong_company,none,No,No,No,No,Yes,wrong_company,1,0,6492a907d54413bdf1ae3198c30201b424df487a3548daf7721491fc08e0e4f3,"New_news_ETA_ETA_news_csv:{""row_number"": 536}:6dc6878ac3f3",manual_preserve,manual_preserve_v1,New_news/ETA/ETA_news.csv,f0b55954c0065ebcf31054445af35d2e9e0477f868dfeb0feb6c2a7fbf338a69
NEWS_CANDIDATE_004375_5573d164,ETA,Annual Report 2020,FBM KLCI remains in negative territory at lunch break amid cautious trade,The Star,2025-12-23,https://www.thestar.com.my/business/business-news/2025/12/23/fbm-klci-remains-in-negative-territory-at-lunch-break-amid-cautious-trade,2568,,,,,wrong_company,"Another target company's strong alias appears, but the row ticker's target alias does not.",No,wrong_company,none,No,No,No,No,Yes,wrong_company,1,0,49c5e091a30d21d6ab28c9fa3cd161c9d6f68a37ddae2cdde2200194e353c01c,"New_news_ETA_ETA_news_csv:{""row_number"": 545}:2d6f25eb19a5",manual_preserve,manual_preserve_v1,New_news/ETA/ETA_news.csv,f0b55954c0065ebcf31054445af35d2e9e0477f868dfeb0feb6c2a7fbf338a69
NEWS_CANDIDATE_004457_2f5d6a0c,ETA,Annual Report 2020,FBM KLCI extends rally on Christmas Eve; ringgit at five-year high,The Star,2025-12-24,https://www.thestar.com.my/business/business-news/2025/12/24/fbm-klci-extends-rally-on-christmas-eve-ringgit-at-five-year-high,3003,,,,,wrong_company,"Another target company's strong alias appears, but the row ticker's target alias does not.",No,wrong_company,none,No,No,No,No,Yes,wrong_company,1,0,6de1983f6685995cfd3da3068e5e0074544447bc6e9d7d5b33d060d751336b08,"New_news_ETA_ETA_news_csv:{""row_number"": 627}:1346732e28f8",manual_preserve,manual_preserve_v1,New_news/ETA/ETA_news.csv,f0b55954c0065ebcf31054445af35d2e9e0477f868dfeb0feb6c2a7fbf338a69
NEWS_CANDIDATE_004535_4c794574,ETA,Annual Report 2020,40-year fundraiser achieves RM600mil milestone,The Star,2025-12-23,https://www.thestar.com.my/metro/metro-news/2025/12/23/40-year-fundraiser-achieves-rm600mil-milestone,3663,,,,,wrong_company,"Another target company's strong alias appears, but the row ticker's target alias does not.",No,wrong_company,none,No,No,No,No,Yes,wrong_company,0,0,72a8beff90905d4b49e34aa5c79cc5c67709310cfc611036f7c22c1d6525a359,"New_news_ETA_ETA_news_csv:{""row_number"": 705}:7894af2e774e",manual_preserve,manual_preserve_v1,New_news/ETA/ETA_news.csv,f0b55954c0065ebcf31054445af35d2e9e0477f868dfeb0feb6c2a7fbf338a69
NEWS_CANDIDATE_004717_82f872ca,ETA,Annual Report 2020,"Tourism, policy support to boost consumer sector",The Star,2025-12-19,https://www.thestar.com.my/business/business-news/2025/12/19/tourism-policy-support-to-boost-consumer-sector,3712,,,,,wrong_company,"Another target company's strong alias appears, but the row ticker's target alias does not.",No,wrong_company,none,No,No,No,No,Yes,wrong_company,1,0,83849b2882822d2c657ca3fe55237ab00141c1b1daa3fff1cf0d5f2e44a6b1ef,"New_news_ETA_ETA_news_csv:{""row_number"": 887}:f684979aaa84",manual_preserve,manual_preserve_v1,New_news/ETA/ETA_news.csv,f0b55954c0065ebcf31054445af35d2e9e0477f868dfeb0feb6c2a7fbf338a69
NEWS_CANDIDATE_004734_5a4991d7,ETA,Annual Report 2020,Bursa Malaysia reverses earlier losses to close higher,The Star,2025-12-18,https://www.thestar.com.my/business/business-news/2025/12/18/bursa-malaysia-reverses-earlier-losses-to-close-higher,3940,,,,,wrong_company,"Another target company's strong alias appears, but the row ticker's target alias does not.",No,wrong_company,none,No,No,No,No,Yes,wrong_company,1,0,e88d458b8e30767857b59ee4d496a02cc85d5be03bc0baaf1d40a1bf30a65d87,"New_news_ETA_ETA_news_csv:{""row_number"": 904}:e50e375cf004",manual_preserve,manual_preserve_v1,New_news/ETA/ETA_news.csv,f0b55954c0065ebcf31054445af35d2e9e0477f868dfeb0feb6c2a7fbf338a69
NEWS_CANDIDATE_004737_fa3bb9b8,ETA,Annual Report 2020,Bursa Malaysia erases earlier losses to end morning session higher,The Star,2025-12-18,https://www.thestar.com.my/business/business-news/2025/12/18/bursa-malaysia-erases-earlier-losses-to-end-morning-session-higher,2727,,,,,wrong_company,"Another target company's strong alias appears, but the row ticker's target alias does not.",No,wrong_company,none,No,No,No,No,Yes,wrong_company,1,0,07e03380467a4917f3754d91c102155e7188f8e2a8086bbdb8a58a05290df773,"New_news_ETA_ETA_news_csv:{""row_number"": 907}:a2b76147e2fc",manual_preserve,manual_preserve_v1,New_news/ETA/ETA_news.csv,f0b55954c0065ebcf31054445af35d2e9e0477f868dfeb0feb6c2a7fbf338a69
NEWS_CANDIDATE_004754_419221d3,ETA,Annual Report 2020,Farm Fresh profits to rise,The Star,2025-12-18,https://www.thestar.com.my/business/business-news/2025/12/18/farm-fresh-profits-to-rise,4090,,,,,wrong_company,"Another target company's strong alias appears, but the row ticker's target alias does not.",No,wrong_company,none,No,No,No,No,Yes,wrong_company,1,0,c1d3a769f90995f34e8eb25bf077c9bbb2672f0295834de0bc474f11df378e68,"New_news_ETA_ETA_news_csv:{""row_number"": 924}:4728ccf41555",manual_preserve,manual_preserve_v1,New_news/ETA/ETA_news.csv,f0b55954c0065ebcf31054445af35d2e9e0477f868dfeb0feb6c2a7fbf338a69
NEWS_CANDIDATE_005124_798b39af,ETA,Annual Report 2020,Bursa makes changes to indices,The Star,2025-12-12,https://www.thestar.com.my/business/business-news/2025/12/12/bursa-makes-changes-to-indices,911,,,,,wrong_company,"Another target company's strong alias appears, but the row ticker's target alias does not.",No,wrong_company,none,No,No,No,No,Yes,wrong_company,1,0,181f046c5299b6d007bc0d63e8da86456e0e191eee6574960d204a255e57db4c,"New_news_ETA_ETA_news_csv:{""row_number"": 1294}:8c28853e7af1",manual_preserve,manual_preserve_v1,New_news/ETA/ETA_news.csv,f0b55954c0065ebcf31054445af35d2e9e0477f868dfeb0feb6c2a7fbf338a69
NEWS_CANDIDATE_005175_8ce5b259,ETA,Annual Report 2020,Bursa Malaysia slips at midday amid subdued regional sentiment,The Star,2025-12-10,https://www.thestar.com.my/business/business-news/2025/12/10/bursa-malaysia-slips-at-midday-amid-subdued-regional-sentiment,2906,,,,,wrong_company,"Another target company's strong alias appears, but the row ticker's target alias does not.",No,wrong_company,none,No,No,No,No,Yes,wrong_company,1,0,fb28443c9389ebf056c52a894d2efa9c89c4f5e7b1837a16dd2d58c517a8d16f,"New_news_ETA_ETA_news_csv:{""row_number"": 1345}:29716e525287",manual_preserve,manual_preserve_v1,New_news/ETA/ETA_news.csv,f0b55954c0065ebcf31054445af35d2e9e0477f868dfeb0feb6c2a7fbf338a69
NEWS_CANDIDATE_005239_d23a16b3,ETA,Annual Report 2020,"FBM KLCI rallies to intraday high, outperforming regional markets",The Star,2025-12-11,https://www.thestar.com.my/business/business-news/2025/12/11/fbm-klci-rallies-to-intraday-high-outperforming-regional-markets,1985,,,,,wrong_company,"Another target company's strong alias appears, but the row ticker's target alias does not.",No,wrong_company,none,No,No,No,No,Yes,wrong_company,1,0,333801836b46155a2f3b2a9498fa8f208d58c7ea06e342adbbb7071869537a88,"New_news_ETA_ETA_news_csv:{""row_number"": 1409}:b3ec62ca2cf5",manual_preserve,manual_preserve_v1,New_news/ETA/ETA_news.csv,f0b55954c0065ebcf31054445af35d2e9e0477f868dfeb0feb6c2a7fbf338a69
NEWS_CANDIDATE_005537_9181ef67,ETA,Annual Report 2020,No changes in Bursa Malaysia’s December review,The Star,2025-12-05,https://www.thestar.com.my/business/business-news/2025/12/05/no-changes-in-bursa-malaysias-december-review,1773,,,,,wrong_company,"Another target company's strong alias appears, but the row ticker's target alias does not.",No,wrong_company,none,No,No,No,No,Yes,wrong_company,1,0,9e38cc62cef4ce89401329298a21fc5c7a3bf5a1cccb5f56648078036b04a2ae,"New_news_ETA_ETA_news_csv:{""row_number"": 1707}:ed921a64ad68",manual_preserve,manual_preserve_v1,New_news/ETA/ETA_news.csv,f0b55954c0065ebcf31054445af35d2e9e0477f868dfeb0feb6c2a7fbf338a69
NEWS_CANDIDATE_005544_ee2fe224,ETA,Annual Report 2020,Opportunity for investors to profit from Spritzer,The Star,2025-12-05,https://www.thestar.com.my/business/business-news/2025/12/05/opportunity-for-investors-to-profit-from-spritzer,1951,,,,,wrong_company,"Another target company's strong alias appears, but the row ticker's target alias does not.",No,wrong_company,none,No,No,No,No,Yes,wrong_company,1,0,4dd8e6c0c00981226cb3a898f41aff1e9b3ff1659d59eb2e451e0c4e9c8ae39b,"New_news_ETA_ETA_news_csv:{""row_number"": 1714}:bf3ffda9e929",manual_preserve,manual_preserve_v1,New_news/ETA/ETA_news.csv,f0b55954c0065ebcf31054445af35d2e9e0477f868dfeb0feb6c2a7fbf338a69
NEWS_CANDIDATE_005564_3b10e199,ETA,Annual Report 2020,Consumer staples lead growth in 3Q25 period,The Star,2025-12-04,https://www.thestar.com.my/business/business-news/2025/12/04/consumer-staples-lead-growth-in-3q25-period,2111,,,,,wrong_company,"Another target company's strong alias appears, but the row ticker's target alias does not.",No,wrong_company,none,No,No,No,No,Yes,wrong_company,1,0,96a528845f947f6349b884ac55fa46ecbe9ddb415ba2bf2e7040a0142c870cf1,"New_news_ETA_ETA_news_csv:{""row_number"": 1734}:5f155efcab78",manual_preserve,manual_preserve_v1,New_news/ETA/ETA_news.csv,f0b55954c0065ebcf31054445af35d2e9e0477f868dfeb0feb6c2a7fbf338a69
NEWS_CANDIDATE_005606_c753a449,ETA,Annual Report 2020,FBM KLCI slips after early gains as investors remain cautious,The Star,2025-12-03,https://www.thestar.com.my/business/business-news/2025/12/03/fbm-klci-slips-after-early-gains-as-investors-remain-cautious,1817,,,,,wrong_company,"Another target company's strong alias appears, but the row ticker's target alias does not.",No,wrong_company,none,No,No,No,No,Yes,wrong_company,1,0,49091bebbcb411f28d0d665b94eee90d4b72d8fc240e883a04accf4f9c8b3121,"New_news_ETA_ETA_news_csv:{""row_number"": 1776}:b4c047c5f162",manual_preserve,manual_preserve_v1,New_news/ETA/ETA_news.csv,f0b55954c0065ebcf31054445af35d2e9e0477f868dfeb0feb6c2a7fbf338a69
NEWS_CANDIDATE_005613_98837276,ETA,Annual Report 2020,F&N’s dairy farm project on track to lift earnings,The Star,2025-12-03,https://www.thestar.com.my/business/business-news/2025/12/03/fns-dairy-farm-project-on-track-to-lift-earnings,2840,,,,,wrong_company,"Another target company's strong alias appears, but the row ticker's target alias does not.",No,wrong_company,none,No,No,No,No,Yes,wrong_company,1,0,ad4b19dcb7bc8109aaf38e9687a5119af06c4210188bad25472155c3669f6d29,"New_news_ETA_ETA_news_csv:{""row_number"": 1783}:268ac82b82ea",manual_preserve,manual_preserve_v1,New_news/ETA/ETA_news.csv,f0b55954c0065ebcf31054445af35d2e9e0477f868dfeb0feb6c2a7fbf338a69
NEWS_CANDIDATE_005757_64439fef,ETA,Annual Report 2020,Malaysians get first taste of exclusive lemon and honey wheat beer,The Star,2025-12-05,https://www.thestar.com.my/metro/metro-news/2025/12/05/malaysians-get-first-taste-of-exclusive-lemon-and-honey-wheat-beer,1364,,,,,wrong_company,"Another target company's strong alias appears, but the row ticker's target alias does not.",No,wrong_company,none,No,No,No,No,Yes,wrong_company,1,0,63a35cd9ac1dae36ca48b872314547a45137428260380efc9855604df09a03eb,"New_news_ETA_ETA_news_csv:{""row_number"": 1927}:668d31e58083",manual_preserve,manual_preserve_v1,New_news/ETA/ETA_news.csv,f0b55954c0065ebcf31054445af35d2e9e0477f868dfeb0feb6c2a7fbf338a69
NEWS_CANDIDATE_006011_14179cfa,ETA,Annual Report 2020,Leong Hup holds steady after strong 3Q results,The Star,2025-11-27,https://www.thestar.com.my/business/business-news/2025/11/27/leong-hup-holds-steady-after-strong-3q-results,3529,,,,,wrong_company,"Another target company's strong alias appears, but the row ticker's target alias does not.",No,wrong_company,none,No,No,No,No,Yes,wrong_company,1,0,5da9d4f1d954ef060c666d0b08db77e1d3eb499b5078dc1aa2ad148345dafb72,"New_news_ETA_ETA_news_csv:{""row_number"": 2181}:0e1595111926",manual_preserve,manual_preserve_v1,New_news/ETA/ETA_news.csv,f0b55954c0065ebcf31054445af35d2e9e0477f868dfeb0feb6c2a7fbf338a69
NEWS_CANDIDATE_006038_fc7f54db,ETA,Annual Report 2020,Farm Fresh achieves stronger 2Q earnings,The Star,2025-11-27,https://www.thestar.com.my/business/business-news/2025/11/27/farm-fresh-achieves-stronger-2q-earnings,2792,,,,,wrong_company,"Another target company's strong alias appears, but the row ticker's target alias does not.",No,wrong_company,none,No,No,No,No,Yes,wrong_company,1,0,422f86349652fa5baee82a5a7982ea1fcd726bf924a3e354f597ce02a6f10271,"New_news_ETA_ETA_news_csv:{""row_number"": 2208}:3875cceea2cb",manual_preserve,manual_preserve_v1,New_news/ETA/ETA_news.csv,f0b55954c0065ebcf31054445af35d2e9e0477f868dfeb0feb6c2a7fbf338a69
NEWS_CANDIDATE_006049_d2e88674,ETA,Annual Report 2020,Farm Fresh posts 40% jump in 2Q profit,The Star,2025-11-26,https://www.thestar.com.my/business/business-news/2025/11/26/farm-fresh-posts-40-jump-in-2q-profit,2710,,,,,wrong_company,"Another target company's strong alias appears, but the row ticker's target alias does not.",No,wrong_company,none,No,No,No,No,Yes,wrong_company,1,0,2d90fef69f2a81836ac9af97a7e16407fa330b7f37d4138298bf010180b75989,"New_news_ETA_ETA_news_csv:{""row_number"": 2219}:f1a7db49a328",manual_preserve,manual_preserve_v1,New_news/ETA/ETA_news.csv,f0b55954c0065ebcf31054445af35d2e9e0477f868dfeb0feb6c2a7fbf338a69
NEWS_CANDIDATE_006223_abe51a60,ETA,Annual Report 2020,"Selangor to expand door-to-door recycling initiative to 11 of 12 local authorities by year end, says MB",The Star,2025-11-25,https://www.thestar.com.my/metro/metro-news/2025/11/25/selangor-to-expand-door-to-door-recycling-initiative-to-11-of-12-local-authorities-by-year-end-says-mb,3062,,,,,wrong_company,"Another target company's strong alias appears, but the row ticker's target alias does not.",No,wrong_company,none,No,No,No,No,Yes,wrong_company,1,0,54b14e7b9317c19a7f6d4de62d1edc6a05ff009e30cd4a86d751c8caf5440009,"New_news_ETA_ETA_news_csv:{""row_number"": 2393}:9c4990c8d620",manual_preserve,manual_preserve_v1,New_news/ETA/ETA_news.csv,f0b55954c0065ebcf31054445af35d2e9e0477f868dfeb0feb6c2a7fbf338a69
NEWS_CANDIDATE_006245_96fd3505,ETA,Annual Report 2020,"‘410,000 Selangor households now recycling’",The Star,2025-11-21,https://www.thestar.com.my/metro/metro-news/2025/11/21/410000-selangor-households-now-recycling,1864,,,,,wrong_company,"Another target company's strong alias appears, but the row ticker's target alias does not.",No,wrong_company,none,No,No,No,No,Yes,wrong_company,1,0,b28b87c6d6091f7d352fa0b3f92ed43e7dd445c5cecc7e672c614e784aeaa1bd,"New_news_ETA_ETA_news_csv:{""row_number"": 2415}:98f55b88d510",manual_preserve,manual_preserve_v1,New_news/ETA/ETA_news.csv,f0b55954c0065ebcf31054445af35d2e9e0477f868dfeb0feb6c2a7fbf338a69
NEWS_CANDIDATE_006511_5bd139ab,ETA,Annual Report 2020,"Trading ideas: AWC, OCK, Bedi, HSS Engineers, Citaglobal, Steel Hawk, Foodie Media, BMS, Samaiden, SP Setia, Duopharma, Pharmaniaga, DLMK, Keyfield",The Star,2025-11-14,https://www.thestar.com.my/business/business-news/2025/11/14/trading-ideas-awc-ock-bedi-hss-engineers-citaglobal-steel-hawk-foodie-media-bms-samaiden-sp-setia-duopharma-pharmaniaga-dlmk-keyfield,3116,,,,,wrong_company,"Another target company's strong alias appears, but the row ticker's target alias does not.",No,wrong_company,none,No,No,No,No,Yes,wrong_company,1,0,3e7011f7961a35f2dcea3640246070cdf7cd86d1720a046ac631b257a31dbe35,"New_news_ETA_ETA_news_csv:{""row_number"": 2681}:1b71f1efb281",manual_preserve,manual_preserve_v1,New_news/ETA/ETA_news.csv,f0b55954c0065ebcf31054445af35d2e9e0477f868dfeb0feb6c2a7fbf338a69
NEWS_CANDIDATE_006528_067ab51b,ETA,Annual Report 2020,Inbound tourists to bring growth along for the ride,The Star,2025-11-14,https://www.thestar.com.my/business/business-news/2025/11/14/inbound-tourists-to-bring-growth-along-for-the-ride,2957,,,,,wrong_company,"Another target company's strong alias appears, but the row ticker's target alias does not.",No,wrong_company,none,No,No,No,No,Yes,wrong_company,1,0,f715bbe9c18b9619a3913cb97bcc65ca66cb9d7b4694395514319fcf043ecce2,"New_news_ETA_ETA_news_csv:{""row_number"": 2698}:c8fdd0e8cbd0",manual_preserve,manual_preserve_v1,New_news/ETA/ETA_news.csv,f0b55954c0065ebcf31054445af35d2e9e0477f868dfeb0feb6c2a7fbf338a69
NEWS_CANDIDATE_006531_09c5c22f,ETA,Annual Report 2020,Carlsberg Malaysia posts higher 3Q earnings,The Star,2025-11-14,https://www.thestar.com.my/business/business-news/2025/11/14/carlsberg-malaysia-posts-higher-3q-earnings,3588,,,,,wrong_company,"Another target company's strong alias appears, but the row ticker's target alias does not.",No,wrong_company,none,No,No,No,No,Yes,wrong_company,1,0,6428bf7baea896cbb232d171613fbc7c3e062b9580d2aee29cf0e2679aaaeb45,"New_news_ETA_ETA_news_csv:{""row_number"": 2701}:67efc1dfd610",manual_preserve,manual_preserve_v1,New_news/ETA/ETA_news.csv,f0b55954c0065ebcf31054445af35d2e9e0477f868dfeb0feb6c2a7fbf338a69
NEWS_CANDIDATE_006532_b4d88db3,ETA,Annual Report 2020,Dutch Lady 3Q net profit up 86% to RM32mil,The Star,2025-11-14,https://www.thestar.com.my/business/business-news/2025/11/14/dutch-lady-3q-net-profit-up-86-to-rm32mil,1140,,,,,wrong_company,"Another target company's strong alias appears, but the row ticker's target alias does not.",No,wrong_company,none,No,No,No,No,Yes,wrong_company,1,0,36b94d2486d0c5441d00f2be11d217a9a7261528d009e9056a52e2fd123d65f1,"New_news_ETA_ETA_news_csv:{""row_number"": 2702}:395d25ec72b1",manual_preserve,manual_preserve_v1,New_news/ETA/ETA_news.csv,f0b55954c0065ebcf31054445af35d2e9e0477f868dfeb0feb6c2a7fbf338a69
NEWS_CANDIDATE_006546_100739f4,ETA,Annual Report 2020,Dutch Lady’s 3Q25 net profit up 86%,The Star,2025-11-13,https://www.thestar.com.my/business/business-news/2025/11/13/dutch-ladys-3q25-net-profit-up-86,1400,,,,,wrong_company,"Another target company's strong alias appears, but the row ticker's target alias does not.",No,wrong_company,none,No,No,No,No,Yes,wrong_company,1,0,ea8d21120f3d0091f7b59d59934fcec2d958f24e8e5a8acd2bc821c1ab63b8f2,"New_news_ETA_ETA_news_csv:{""row_number"": 2716}:346495b8767e",manual_preserve,manual_preserve_v1,New_news/ETA/ETA_news.csv,f0b55954c0065ebcf31054445af35d2e9e0477f868dfeb0feb6c2a7fbf338a69
NEWS_CANDIDATE_006550_3db76930,ETA,Annual Report 2020,Carlsberg Malaysia reports higher 3Q earnings,The Star,2025-11-13,https://www.thestar.com.my/business/business-news/2025/11/13/carlsberg-malaysia-reports-higher-3q-earnings,2276,,,,,wrong_company,"Another target company's strong alias appears, but the row ticker's target alias does not.",No,wrong_company,none,No,No,No,No,Yes,wrong_company,1,0,463d41ca2bb39341048e0cc0a1f9f0f9f1469cb170bb58cb8df3a2a76de94b01,"New_news_ETA_ETA_news_csv:{""row_number"": 2720}:c5b96f670da7",manual_preserve,manual_preserve_v1,New_news/ETA/ETA_news.csv,f0b55954c0065ebcf31054445af35d2e9e0477f868dfeb0feb6c2a7fbf338a69
NEWS_CANDIDATE_006635_63487d2a,ETA,Annual Report 2020,Ringgit on the rise,The Star,2025-11-14,https://www.thestar.com.my/business/business-news/2025/11/14/ringgit-on-the-rise,7674,,,,,wrong_company,"Another target company's strong alias appears, but the row ticker's target alias does not.",No,wrong_company,none,No,No,No,No,Yes,wrong_company,1,0,5c8b3649c809b8cc33370b23236432c437b3e5f140a3257e0e98acbcc68df72f,"New_news_ETA_ETA_news_csv:{""row_number"": 2805}:c2213aa3a367",manual_preserve,manual_preserve_v1,New_news/ETA/ETA_news.csv,f0b55954c0065ebcf31054445af35d2e9e0477f868dfeb0feb6c2a7fbf338a69
NEWS_CANDIDATE_006655_4d26d307,ETA,Annual Report 2020,FBM KLCI ekes out slight gain alongside firmer ringgit,The Star,2025-11-13,https://www.thestar.com.my/business/business-news/2025/11/13/fbm-klci-ekes-out-slight-gain-alongside-firmer-ringgit,2201,,,,,wrong_company,"Another target company's strong alias appears, but the row ticker's target alias does not.",No,wrong_company,none,No,No,No,No,Yes,wrong_company,1,0,1759cea10ff12d63398bc79255f3aa68a18c01d3ea5e8c301359942f10bc71e7,"New_news_ETA_ETA_news_csv:{""row_number"": 2825}:1db102cb3994",manual_preserve,manual_preserve_v1,New_news/ETA/ETA_news.csv,f0b55954c0065ebcf31054445af35d2e9e0477f868dfeb0feb6c2a7fbf338a69
NEWS_CANDIDATE_006741_11a09e39,ETA,Annual Report 2020,"Brewer’s campaign blends spicy food, chilled draughts, cool tunes",The Star,2025-11-14,https://www.thestar.com.my/metro/metro-news/2025/11/14/brewers-campaign-blends-spicy-food-chilled-draughts-cool-tunes,2870,,,,,wrong_company,"Another target company's strong alias appears, but the row ticker's target alias does not.",No,wrong_company,none,No,No,No,No,Yes,wrong_company,0,0,dce58af97f70ec3f2d88e7e63c95ae55c7b298b2abdd904fabb5221fdc29d4f3,"New_news_ETA_ETA_news_csv:{""row_number"": 2911}:cbae0c03a388",manual_preserve,manual_preserve_v1,New_news/ETA/ETA_news.csv,f0b55954c0065ebcf31054445af35d2e9e0477f868dfeb0feb6c2a7fbf338a69
NEWS_CANDIDATE_006792_b6ca1367,ETA,Annual Report 2020,"Fearful of Trump's raids, some Hispanic shoppers turn to safety of online buying",The Star,2025-11-12,https://www.thestar.com.my/tech/tech-news/2025/11/12/fearful-of-trump039s-raids-some-hispanic-shoppers-turn-to-safety-of-online-buying,7953,,,,,wrong_company,"Another target company's strong alias appears, but the row ticker's target alias does not.",No,wrong_company,none,No,No,No,No,Yes,wrong_company,1,0,c79fd5abd3ddad41cb81aaf4ce20044b974369de041e119f46dfa6b9cf703216,"New_news_ETA_ETA_news_csv:{""row_number"": 2962}:7cf19b217241",manual_preserve,manual_preserve_v1,New_news/ETA/ETA_news.csv,f0b55954c0065ebcf31054445af35d2e9e0477f868dfeb0feb6c2a7fbf338a69
NEWS_CANDIDATE_006957_3e720cdc,ETA,Annual Report 2020,FBM KLCI ends marginally higher as ringgit strengthens,The Star,2025-11-07,https://www.thestar.com.my/business/business-news/2025/11/07/fbm-klci-ends-marginally-higher-as-ringgit-strengthens,1953,,,,,wrong_company,"Another target company's strong alias appears, but the row ticker's target alias does not.",No,wrong_company,none,No,No,No,No,Yes,wrong_company,1,0,f41d4cee26fbf0c671566c652d7165a94233725fe45afacec72c623d322f210d,"New_news_ETA_ETA_news_csv:{""row_number"": 3127}:626309fd6ffa",manual_preserve,manual_preserve_v1,New_news/ETA/ETA_news.csv,f0b55954c0065ebcf31054445af35d2e9e0477f868dfeb0feb6c2a7fbf338a69
NEWS_CANDIDATE_006962_a6dafc67,ETA,Annual Report 2020,"Trading ideas: Gamuda, Mytech, KPS, IOI, KNM, Systech, Axis REIT, Khee San, AEON, Jetson, GDB, KUB, Pertama, Sentral, Heineken, Pentamaster",The Star,2025-11-07,https://www.thestar.com.my/business/business-news/2025/11/07/trading-ideas-gamuda-mytech-kps-ioi-knm-systech-axis-reit-khee-san-aeon-jetson-gdb-kub-pertama-sentral-heineken-pentamaster,3079,,,,,wrong_company,"Another target company's strong alias appears, but the row ticker's target alias does not.",No,wrong_company,none,No,No,No,No,Yes,wrong_company,1,0,255d369ebfa66993dd102a2838f8c51690ad17a7b2c986455a99f1796b8e4bc3,"New_news_ETA_ETA_news_csv:{""row_number"": 3132}:dc77eeea6d31",manual_preserve,manual_preserve_v1,New_news/ETA/ETA_news.csv,f0b55954c0065ebcf31054445af35d2e9e0477f868dfeb0feb6c2a7fbf338a69
NEWS_CANDIDATE_006979_ae2b3e47,ETA,Annual Report 2020,Heineken Malaysia shows improvement in 3Q,The Star,2025-11-07,https://www.thestar.com.my/business/business-news/2025/11/07/heineken-malaysia-to-strengthen-core-business,3063,,,,,wrong_company,"Another target company's strong alias appears, but the row ticker's target alias does not.",No,wrong_company,none,No,No,No,No,Yes,wrong_company,1,0,9fa06216c699d75d936e10f54320750b9493d677accf03f47e450793145c50d3,"New_news_ETA_ETA_news_csv:{""row_number"": 3149}:a0b198fd166f",manual_preserve,manual_preserve_v1,New_news/ETA/ETA_news.csv,f0b55954c0065ebcf31054445af35d2e9e0477f868dfeb0feb6c2a7fbf338a69
NEWS_CANDIDATE_006992_4c2614cd,ETA,Annual Report 2020,Heineken Malaysia shows improvement in 3Q,The Star,2025-11-06,https://www.thestar.com.my/business/business-news/2025/11/06/heineken-malaysia-3q-net-profit-inches-up-to-rm113mil,2438,,,,,wrong_company,"Another target company's strong alias appears, but the row ticker's target alias does not.",No,wrong_company,none,No,No,No,No,Yes,wrong_company,1,0,1cfbcf850eda472ecc4447d1211466857f00e0c238231342272980c9ad3f045e,"New_news_ETA_ETA_news_csv:{""row_number"": 3162}:ff541800d9e9",manual_preserve,manual_preserve_v1,New_news/ETA/ETA_news.csv,f0b55954c0065ebcf31054445af35d2e9e0477f868dfeb0feb6c2a7fbf338a69
NEWS_CANDIDATE_007109_c55a66ce,ETA,Annual Report 2020,FBM KLCI stays in the red; ringgit climbs to one-year high,The Star,2025-11-06,https://www.thestar.com.my/business/business-news/2025/11/06/fbm-klci-stays-in-the-red-ringgit-climbs-to-one-year-high,2342,,,,,wrong_company,"Another target company's strong alias appears, but the row ticker's target alias does not.",No,wrong_company,none,No,No,No,No,Yes,wrong_company,1,0,7861dff0cb8ea91c7ae6e77c1a35db5342addd83ae869f8911d6ab5482fe8909,"New_news_ETA_ETA_news_csv:{""row_number"": 3279}:075a3d9c2228",manual_preserve,manual_preserve_v1,New_news/ETA/ETA_news.csv,f0b55954c0065ebcf31054445af35d2e9e0477f868dfeb0feb6c2a7fbf338a69
NEWS_CANDIDATE_007324_55b82f88,ETA,Annual Report 2020,Trapper Group continues to lead,The Star,2025-10-31,https://www.thestar.com.my/news/nation/2025/10/31/trapper-group-continues-to-lead,4083,,,,,wrong_company,"Another target company's strong alias appears, but the row ticker's target alias does not.",No,wrong_company,none,No,No,No,No,Yes,wrong_company,1,0,0e5edf3e6b88c000d4efcff981968ca81c1185c23dcd65a45472c4497ff367f8,"New_news_ETA_ETA_news_csv:{""row_number"": 3494}:b9ef4cf1c5c7",manual_preserve,manual_preserve_v1,New_news/ETA/ETA_news.csv,f0b55954c0065ebcf31054445af35d2e9e0477f868dfeb0feb6c2a7fbf338a69
NEWS_CANDIDATE_007380_4c590a18,ETA,Annual Report 2020,FBM KLCI tracks regional losses; ringgit strengthens to 4.18,The Star,2025-10-31,https://www.thestar.com.my/business/business-news/2025/10/31/fbm-klci-tracks-regional-losses-ringgit-strengthens-to-418,1771,,,,,wrong_company,"Another target company's strong alias appears, but the row ticker's target alias does not.",No,wrong_company,none,No,No,No,No,Yes,wrong_company,1,0,ff602c68e8fd932b5812867611d9ee25aee3e75986944b163c996b48712ce01f,"New_news_ETA_ETA_news_csv:{""row_number"": 3550}:8010b8ddec85",manual_preserve,manual_preserve_v1,New_news/ETA/ETA_news.csv,f0b55954c0065ebcf31054445af35d2e9e0477f868dfeb0feb6c2a7fbf338a69
NEWS_CANDIDATE_007412_88065676,ETA,Annual Report 2020,FBM KLCI snaps two-day slide amid cautious sentiment,The Star,2025-10-30,https://www.thestar.com.my/business/business-news/2025/10/30/fbm-klci-snaps-two-day-slide-amid-cautious-sentiment,2106,,,,,wrong_company,"Another target company's strong alias appears, but the row ticker's target alias does not.",No,wrong_company,none,No,No,No,No,Yes,wrong_company,1,0,6d10be789ddf359eac2a0adb82dcc2767211af27d535b84be378e37a56c174d4,"New_news_ETA_ETA_news_csv:{""row_number"": 3582}:52c25e607cfa",manual_preserve,manual_preserve_v1,New_news/ETA/ETA_news.csv,f0b55954c0065ebcf31054445af35d2e9e0477f868dfeb0feb6c2a7fbf338a69
NEWS_CANDIDATE_007424_a09830d6,ETA,Annual Report 2020,Brewers face speed bump from price hikes,The Star,2025-10-30,https://www.thestar.com.my/business/business-news/2025/10/30/brewers-face-speed-bump-from-price-hikes,3838,,,,,wrong_company,"Another target company's strong alias appears, but the row ticker's target alias does not.",No,wrong_company,none,No,No,No,No,Yes,wrong_company,0,0,5bcb162cfc959a9f26d7f5e78aa6f723e43129a0940d7114e66c4a8ca08dc08e,"New_news_ETA_ETA_news_csv:{""row_number"": 3594}:c692aa369d15",manual_preserve,manual_preserve_v1,New_news/ETA/ETA_news.csv,f0b55954c0065ebcf31054445af35d2e9e0477f868dfeb0feb6c2a7fbf338a69
NEWS_CANDIDATE_007428_368c8b31,ETA,Annual Report 2020,"Improving sales, lower costs to bolster Nestle",The Star,2025-10-30,https://www.thestar.com.my/business/business-news/2025/10/30/improving-sales-lower-costs-to-bolster-nestle,2624,,,,,wrong_company,"Another target company's strong alias appears, but the row ticker's target alias does not.",No,wrong_company,none,No,No,No,No,Yes,wrong_company,1,0,8644afa900252e183ddfb6ba35a417dbb2cd616cca4ad755e439cef110c78732,"New_news_ETA_ETA_news_csv:{""row_number"": 3598}:62208e1cea0b",manual_preserve,manual_preserve_v1,New_news/ETA/ETA_news.csv,f0b55954c0065ebcf31054445af35d2e9e0477f868dfeb0feb6c2a7fbf338a69
NEWS_CANDIDATE_007435_8d287d3b,ETA,Annual Report 2020,Cautious optimism outlines 3Q results season,The Star,2025-10-30,https://www.thestar.com.my/business/business-news/2025/10/30/cautious-optimism-outlines-3q-results-season,6087,,,,,wrong_company,"Another target company's strong alias appears, but the row ticker's target alias does not.",No,wrong_company,none,No,No,No,No,Yes,wrong_company,1,0,ec78e0e2d26677a4b7c8cf8293354d4ce6326871a650247b2ed32c6a4f56690c,"New_news_ETA_ETA_news_csv:{""row_number"": 3605}:5a460b8e2ad1",manual_preserve,manual_preserve_v1,New_news/ETA/ETA_news.csv,f0b55954c0065ebcf31054445af35d2e9e0477f868dfeb0feb6c2a7fbf338a69
NEWS_CANDIDATE_007633_99155a4c,ETA,Annual Report 2020,Company to nurture 20 women food entrepreneurs,The Star,2025-10-31,https://www.thestar.com.my/metro/metro-news/2025/10/31/company-to-nurture-20-women-food-entrepreneurs,3206,,,,,wrong_company,"Another target company's strong alias appears, but the row ticker's target alias does not.",No,wrong_company,none,No,No,No,No,Yes,wrong_company,1,0,17585069fc467ecd8b1dc2c907e33b1495049a78dc07d3e891b56e176fdab423,"New_news_ETA_ETA_news_csv:{""row_number"": 3803}:ce93f9f0e103",manual_preserve,manual_preserve_v1,New_news/ETA/ETA_news.csv,f0b55954c0065ebcf31054445af35d2e9e0477f868dfeb0feb6c2a7fbf338a69
NEWS_CANDIDATE_007863_a2d16023,ETA,Annual Report 2020,FBM KLCI ends at intraday high on late bargain-hunting,The Star,2025-10-23,https://www.thestar.com.my/business/business-news/2025/10/23/fbm-klci-ends-at-intraday-high-on-large-bargain-hunting,4077,,,,,wrong_company,"Another target company's strong alias appears, but the row ticker's target alias does not.",No,wrong_company,none,No,No,No,No,Yes,wrong_company,1,0,b5ab4fd3515a4fd79afd6bbf504a15d7d153e5c5d874e1a56ebd0a2ed7f88137,"New_news_ETA_ETA_news_csv:{""row_number"": 4033}:f06f67ab04bf",manual_preserve,manual_preserve_v1,New_news/ETA/ETA_news.csv,f0b55954c0065ebcf31054445af35d2e9e0477f868dfeb0feb6c2a7fbf338a69
NEWS_CANDIDATE_007880_2152ceef,ETA,Annual Report 2020,Heineken says Malaysia beer sales up in 3Q25,The Star,2025-10-23,https://www.thestar.com.my/business/business-news/2025/10/23/heineken-says-malaysia-beer-sales-up-in-3q25,764,,,,,wrong_company,"Another target company's strong alias appears, but the row ticker's target alias does not.",No,wrong_company,none,No,No,No,No,Yes,wrong_company,0,0,476f10156d4e89e1485e13643692865718792b5c8395fd87589ce2719c935856,"New_news_ETA_ETA_news_csv:{""row_number"": 4050}:0482f6573fef",manual_preserve,manual_preserve_v1,New_news/ETA/ETA_news.csv,f0b55954c0065ebcf31054445af35d2e9e0477f868dfeb0feb6c2a7fbf338a69
NEWS_CANDIDATE_007881_e5a1071b,ETA,Annual Report 2020,PPB likely to endure minor hit from Wilmar case,The Star,2025-10-23,https://www.thestar.com.my/business/business-news/2025/10/23/ppb-likely-to-endure-minor-hit-from-wilmar-case,1540,,,,,wrong_company,"Another target company's strong alias appears, but the row ticker's target alias does not.",No,wrong_company,none,No,No,No,No,Yes,wrong_company,1,0,4e339e42f84654faa5549cf046eb808cac53c9b218c2f0bbfc5fa8f6bfa9675d,"New_news_ETA_ETA_news_csv:{""row_number"": 4051}:3cc5249050f0",manual_preserve,manual_preserve_v1,New_news/ETA/ETA_news.csv,f0b55954c0065ebcf31054445af35d2e9e0477f868dfeb0feb6c2a7fbf338a69
NEWS_CANDIDATE_007926_1ed2fcd2,ETA,Annual Report 2020,Wilmar’s Indonesia unit charged for sugar import,The Star,2025-10-22,https://www.thestar.com.my/business/business-news/2025/10/22/wilmars-indonesia-unit-charged-for-sugar-import,2042,,,,,wrong_company,"Another target company's strong alias appears, but the row ticker's target alias does not.",No,wrong_company,none,No,No,No,No,Yes,wrong_company,1,0,c83b3b83452663ac6f23ecba72cfe37834b2b7b67277570c30d13067192bfebd,"New_news_ETA_ETA_news_csv:{""row_number"": 4096}:ada6a2415cab",manual_preserve,manual_preserve_v1,New_news/ETA/ETA_news.csv,f0b55954c0065ebcf31054445af35d2e9e0477f868dfeb0feb6c2a7fbf338a69
NEWS_CANDIDATE_008007_d7920ae7,ETA,Annual Report 2020,Bursa Malaysia ends morning session flat in range-bound trade,The Star,2025-10-23,https://www.thestar.com.my/business/business-news/2025/10/23/bursa-malaysia-ends-morning-session-flat-in-range-bound-trade,2369,,,,,wrong_company,"Another target company's strong alias appears, but the row ticker's target alias does not.",No,wrong_company,none,No,No,No,No,Yes,wrong_company,1,0,4a805118bbf433f471ce7fbfc2078b128c7231624798e03747caf52c7fc4ac49,"New_news_ETA_ETA_news_csv:{""row_number"": 4177}:8715fb3564d5",manual_preserve,manual_preserve_v1,New_news/ETA/ETA_news.csv,f0b55954c0065ebcf31054445af35d2e9e0477f868dfeb0feb6c2a7fbf338a69
NEWS_CANDIDATE_008322_784c5ddb,ETA,Annual Report 2020,"Bursa Malaysia closes in the red, nearly 1,000 counters decline",The Star,2025-10-17,https://www.thestar.com.my/business/business-news/2025/10/17/bursa-malaysia-closes-in-the-red-nearly-1000-counters-decline,2360,,,,,wrong_company,"Another target company's strong alias appears, but the row ticker's target alias does not.",No,wrong_company,none,No,No,No,No,Yes,wrong_company,1,0,44a14c3bfebbaf6d3264cd2875abef70bc9d52e7a5de3c659d14cc6783cf753d,"New_news_ETA_ETA_news_csv:{""row_number"": 4492}:7639c2eeddfe",manual_preserve,manual_preserve_v1,New_news/ETA/ETA_news.csv,f0b55954c0065ebcf31054445af35d2e9e0477f868dfeb0feb6c2a7fbf338a69
NEWS_CANDIDATE_008343_869b7e68,ETA,Annual Report 2020,Trade volatility hiccup?,The Star,2025-10-17,https://www.thestar.com.my/business/business-news/2025/10/17/trade-volatility-hiccup,8278,,,,,wrong_company,"Another target company's strong alias appears, but the row ticker's target alias does not.",No,wrong_company,none,No,No,No,No,Yes,wrong_company,1,0,2c1efb6e8ea816d4b4de038058aec631e89bc67da4838d70ce4ea0376fa4c549,"New_news_ETA_ETA_news_csv:{""row_number"": 4513}:9aa7fd4ccca6",manual_preserve,manual_preserve_v1,New_news/ETA/ETA_news.csv,f0b55954c0065ebcf31054445af35d2e9e0477f868dfeb0feb6c2a7fbf338a69
NEWS_CANDIDATE_008357_40e8d727,ETA,Annual Report 2020,FBM KLCI gains ground on positive Wall Street sentiment,The Star,2025-10-16,https://www.thestar.com.my/business/business-news/2025/10/16/fbm-klci-gains-ground-on-positive-wall-street-sentiment,2010,,,,,wrong_company,"Another target company's strong alias appears, but the row ticker's target alias does not.",No,wrong_company,none,No,No,No,No,Yes,wrong_company,1,0,d79c8d9d57039904c471e8d325a9a98ed27c6ccac8521416b052db6240e985d3,"New_news_ETA_ETA_news_csv:{""row_number"": 4527}:d836a1763cc9",manual_preserve,manual_preserve_v1,New_news/ETA/ETA_news.csv,f0b55954c0065ebcf31054445af35d2e9e0477f868dfeb0feb6c2a7fbf338a69
NEWS_CANDIDATE_008388_5b941868,ETA,Annual Report 2020,FBM KLCI almost flat amidst regional market optimism,The Star,2025-10-15,https://www.thestar.com.my/business/business-news/2025/10/15/fbm-klci-almost-flat-amidst-regional-market-optimism,1515,,,,,wrong_company,"Another target company's strong alias appears, but the row ticker's target alias does not.",No,wrong_company,none,No,No,No,No,Yes,wrong_company,1,0,73d4ae8c270fa27e6205daa585778d870d91dc349a83d5e8ad85484a876b8377,"New_news_ETA_ETA_news_csv:{""row_number"": 4558}:30a601933417",manual_preserve,manual_preserve_v1,New_news/ETA/ETA_news.csv,f0b55954c0065ebcf31054445af35d2e9e0477f868dfeb0feb6c2a7fbf338a69
NEWS_CANDIDATE_008394_c31a9c21,ETA,Annual Report 2020,KLCI edges up amid cautious optimism and mixed Wall Street cues,The Star,2025-10-15,https://www.thestar.com.my/business/business-news/2025/10/15/klci-edges-up-amid-cautious-optimism-and-mixed-wall-street-cues,2036,,,,,wrong_company,"Another target company's strong alias appears, but the row ticker's target alias does not.",No,wrong_company,none,No,No,No,No,Yes,wrong_company,1,0,048217b313a85fe432096c8450a8e62ca5bc16e1dd48144686322e19ee049582,"New_news_ETA_ETA_news_csv:{""row_number"": 4564}:cfebbfef302a",manual_preserve,manual_preserve_v1,New_news/ETA/ETA_news.csv,f0b55954c0065ebcf31054445af35d2e9e0477f868dfeb0feb6c2a7fbf338a69
NEWS_CANDIDATE_008800_9800a349,ETA,Annual Report 2020,Positive outlook for F&N on attractive valuations,The Star,2025-10-10,https://www.thestar.com.my/business/business-news/2025/10/10/positive-outlook-for-fn-on-attractive-valuations,2748,,,,,wrong_company,"Another target company's strong alias appears, but the row ticker's target alias does not.",No,wrong_company,none,No,No,No,No,Yes,wrong_company,1,0,615e70b3e5284502b073fec9ef76fa561286ab2a036c531f9a48ac94aba6ebed,"New_news_ETA_ETA_news_csv:{""row_number"": 4970}:864de5969e62",manual_preserve,manual_preserve_v1,New_news/ETA/ETA_news.csv,f0b55954c0065ebcf31054445af35d2e9e0477f868dfeb0feb6c2a7fbf338a69
NEWS_CANDIDATE_008869_a23cd96c,ETA,Annual Report 2020,"Cost, policy challenges key for consumer sector",The Star,2025-10-08,https://www.thestar.com.my/business/business-news/2025/10/08/cost-policy-challenges-key-for-consumer-sector,2899,,,,,wrong_company,"Another target company's strong alias appears, but the row ticker's target alias does not.",No,wrong_company,none,No,No,No,No,Yes,wrong_company,1,0,a44c1d0a7300b2662aac95e07b279289f8671f9b60ea559af13fd87caab3f453,"New_news_ETA_ETA_news_csv:{""row_number"": 5039}:b37be886d833",manual_preserve,manual_preserve_v1,New_news/ETA/ETA_news.csv,f0b55954c0065ebcf31054445af35d2e9e0477f868dfeb0feb6c2a7fbf338a69
NEWS_CANDIDATE_009290_0e3856f9,ETA,Annual Report 2020,Leong Hup unit wins relief from MyCC fine,The Star,2025-10-03,https://www.thestar.com.my/business/business-news/2025/10/03/leong-hup-unit-wins-relief-from-mycc-fine,1364,,,,,wrong_company,"Another target company's strong alias appears, but the row ticker's target alias does not.",No,wrong_company,none,No,No,No,No,Yes,wrong_company,1,0,34e0df6b64b67f732011f7079b243b3aaeeb5058ce27c8a734f2c779884d33ca,"New_news_ETA_ETA_news_csv:{""row_number"": 5460}:708cc2dcdb43",manual_preserve,manual_preserve_v1,New_news/ETA/ETA_news.csv,f0b55954c0065ebcf31054445af35d2e9e0477f868dfeb0feb6c2a7fbf338a69
NEWS_CANDIDATE_009296_e048b063,ETA,Annual Report 2020,Brewers contribute RM7bil to GDP,The Star,2025-10-03,https://www.thestar.com.my/business/business-news/2025/10/03/brewers-contribute-rm7bil-to-gdp,735,,,,,wrong_company,"Another target company's strong alias appears, but the row ticker's target alias does not.",No,wrong_company,none,No,No,No,No,Yes,wrong_company,0,0,853bf07206253879d4cab65451049f84aa7ce08d2de2bd77cac8e69da4cd410c,"New_news_ETA_ETA_news_csv:{""row_number"": 5466}:b5bd95c6fe89",manual_preserve,manual_preserve_v1,New_news/ETA/ETA_news.csv,f0b55954c0065ebcf31054445af35d2e9e0477f868dfeb0feb6c2a7fbf338a69
NEWS_CANDIDATE_009304_679d1497,ETA,Annual Report 2020,"High Court grants Leong Hup, PPB’s FFM stay on MyCC penalties",The Star,2025-10-02,https://www.thestar.com.my/business/business-news/2025/10/02/high-court-grants-leong-hup-ppbs-ffm-stay-on-mycc-penalties,1769,,,,,wrong_company,"Another target company's strong alias appears, but the row ticker's target alias does not.",No,wrong_company,none,No,No,No,No,Yes,wrong_company,1,0,73397dd31daf45cfba36500a9b953a7b287619cbc147c392b38949ca98e865ae,"New_news_ETA_ETA_news_csv:{""row_number"": 5474}:57f15c28e1b0",manual_preserve,manual_preserve_v1,New_news/ETA/ETA_news.csv,f0b55954c0065ebcf31054445af35d2e9e0477f868dfeb0feb6c2a7fbf338a69
NEWS_CANDIDATE_009308_e247485e,ETA,Annual Report 2020,Brewery industry contributes RM7.1bil to GDP,The Star,2025-10-02,https://www.thestar.com.my/business/business-news/2025/10/02/brewery-industry-contributes-rm71bil-to-gdp,1238,,,,,wrong_company,"Another target company's strong alias appears, but the row ticker's target alias does not.",No,wrong_company,none,No,No,No,No,Yes,wrong_company,0,0,852694f12dbc050f867c8825a32b0a261e136afad671fca1b68784ce2105e103,"New_news_ETA_ETA_news_csv:{""row_number"": 5478}:ee681ecb32aa",manual_preserve,manual_preserve_v1,New_news/ETA/ETA_news.csv,f0b55954c0065ebcf31054445af35d2e9e0477f868dfeb0feb6c2a7fbf338a69
NEWS_CANDIDATE_009345_16485a38,ETA,Annual Report 2020,FBM KLCI hits 9-month peak amid positive market sentiment,The Star,2025-10-01,https://www.thestar.com.my/business/business-news/2025/10/01/fbm-klci-hits-9-month-peak-amid-positive-market-sentiment,2047,,,,,wrong_company,"Another target company's strong alias appears, but the row ticker's target alias does not.",No,wrong_company,none,No,No,No,No,Yes,wrong_company,1,0,428f2e349e814882c9f81a1e702ef16b8feb952253251d346c3d5c976aa7b26a,"New_news_ETA_ETA_news_csv:{""row_number"": 5515}:d69d8d2b62fd",manual_preserve,manual_preserve_v1,New_news/ETA/ETA_news.csv,f0b55954c0065ebcf31054445af35d2e9e0477f868dfeb0feb6c2a7fbf338a69
NEWS_CANDIDATE_009355_b05506fb,ETA,Annual Report 2020,Retail growth to remain resilient with subsidies,The Star,2025-10-01,https://www.thestar.com.my/business/business-news/2025/10/01/retail-growth-to-remain-resilient-with-subsidies,2141,,,,,wrong_company,"Another target company's strong alias appears, but the row ticker's target alias does not.",No,wrong_company,none,No,No,No,No,Yes,wrong_company,1,0,05480b714c993098efac92bde6eb416a7e7ff7893823157c2fecc8a5620bb57a,"New_news_ETA_ETA_news_csv:{""row_number"": 5525}:359152c7dbbf",manual_preserve,manual_preserve_v1,New_news/ETA/ETA_news.csv,f0b55954c0065ebcf31054445af35d2e9e0477f868dfeb0feb6c2a7fbf338a69
NEWS_CANDIDATE_009357_90db4990,ETA,Annual Report 2020,PPB outlook brightens after Wilmar verdict,The Star,2025-10-01,https://www.thestar.com.my/business/business-news/2025/10/01/ppb-outlook-brightens-after-wilmar-verdict,3155,,,,,wrong_company,"Another target company's strong alias appears, but the row ticker's target alias does not.",No,wrong_company,none,No,No,No,No,Yes,wrong_company,1,0,7b7413c3b9db736424f6e75c9246a82e97cf53e0b62898f21b65aa43294bfb4a,"New_news_ETA_ETA_news_csv:{""row_number"": 5527}:78bb9a32a130",manual_preserve,manual_preserve_v1,New_news/ETA/ETA_news.csv,f0b55954c0065ebcf31054445af35d2e9e0477f868dfeb0feb6c2a7fbf338a69
NEWS_CANDIDATE_009765_368cf027,ETA,Annual Report 2020,"Trading ideas: Yinson, Kelington, Hiap Teck, MGB, TXCD, Astro, F&N, Ireka",The Star,2025-09-26,https://www.thestar.com.my/business/business-news/2025/09/26/trading-ideas-yinson-kelington-hiap-teck-mgb-txcd-astro-fn-ireka,2317,,,,,wrong_company,"Another target company's strong alias appears, but the row ticker's target alias does not.",No,wrong_company,none,No,No,No,No,Yes,wrong_company,1,0,8009505467fc4feca3b4972f5cfbf23dfe665b9cd59b60dcc78e5124d09e3ebf,"New_news_ETA_ETA_news_csv:{""row_number"": 5935}:1efe09778ca3",manual_preserve,manual_preserve_v1,New_news/ETA/ETA_news.csv,f0b55954c0065ebcf31054445af35d2e9e0477f868dfeb0feb6c2a7fbf338a69
NEWS_CANDIDATE_009787_a3d09f0b,ETA,Annual Report 2020,F&N to dispose of 50% stake in Vacaron Company,The Star,2025-09-26,https://www.thestar.com.my/business/business-news/2025/09/26/fn-to-dispose-of-50-stake-in-vacaron-company,824,,,,,wrong_company,"Another target company's strong alias appears, but the row ticker's target alias does not.",No,wrong_company,none,No,No,No,No,Yes,wrong_company,1,0,8f1b667893276ff9c71ab5e0d89e045ab4f1b1ba7b3562bb862693d54a9eebe2,"New_news_ETA_ETA_news_csv:{""row_number"": 5957}:bdae907a20ef",manual_preserve,manual_preserve_v1,New_news/ETA/ETA_news.csv,f0b55954c0065ebcf31054445af35d2e9e0477f868dfeb0feb6c2a7fbf338a69
NEWS_CANDIDATE_009790_30fd759f,ETA,Annual Report 2020,F&N to dispose of 50% stake in Vacaron,The Star,2025-09-25,https://www.thestar.com.my/business/business-news/2025/09/25/fn-to-dispose-of-50-stake-in-vacaron,1376,,,,,wrong_company,"Another target company's strong alias appears, but the row ticker's target alias does not.",No,wrong_company,none,No,No,No,No,Yes,wrong_company,1,0,f93cec0ea643bf9749290fa6f5134d368dab225c911cedc6e5f666555d672909,"New_news_ETA_ETA_news_csv:{""row_number"": 5960}:97d30758a1e1",manual_preserve,manual_preserve_v1,New_news/ETA/ETA_news.csv,f0b55954c0065ebcf31054445af35d2e9e0477f868dfeb0feb6c2a7fbf338a69
NEWS_CANDIDATE_009811_023fdb6b,ETA,Annual Report 2020,Subdued consumer spending forecast for 2H,The Star,2025-09-25,https://www.thestar.com.my/business/business-news/2025/09/25/subdued-consumer-spending-forecast-for-2h,3344,,,,,wrong_company,"Another target company's strong alias appears, but the row ticker's target alias does not.",No,wrong_company,none,No,No,No,No,Yes,wrong_company,1,0,5ee9806896a7f2c171ed4678490aafa7e74df45879351879c1ee611252374cbf,"New_news_ETA_ETA_news_csv:{""row_number"": 5981}:d6fb4a5248d1",manual_preserve,manual_preserve_v1,New_news/ETA/ETA_news.csv,f0b55954c0065ebcf31054445af35d2e9e0477f868dfeb0feb6c2a7fbf338a69
NEWS_CANDIDATE_009815_3ba6bb10,ETA,Annual Report 2020,Farm Fresh to scale volume and expand into high-value markets,The Star,2025-09-25,https://www.thestar.com.my/business/business-news/2025/09/25/farm-fresh-to-scale-volume-and-expand-into-high-value-markets,2368,,,,,wrong_company,"Another target company's strong alias appears, but the row ticker's target alias does not.",No,wrong_company,none,No,No,No,No,Yes,wrong_company,1,0,ecda75813d479db44890f98a057db172b4456eaedaa0a56e7b7f77ba1478f790,"New_news_ETA_ETA_news_csv:{""row_number"": 5985}:440f57f00278",manual_preserve,manual_preserve_v1,New_news/ETA/ETA_news.csv,f0b55954c0065ebcf31054445af35d2e9e0477f868dfeb0feb6c2a7fbf338a69
NEWS_CANDIDATE_009816_48f3b37b,ETA,Annual Report 2020,PPB valuations remain attractive,The Star,2025-09-25,https://www.thestar.com.my/business/business-news/2025/09/25/ppb-valuations-remain-attractive,2698,,,,,wrong_company,"Another target company's strong alias appears, but the row ticker's target alias does not.",No,wrong_company,none,No,No,No,No,Yes,wrong_company,1,0,54d855ccd38d2dfec77241420e37bc91dfe3893b3226c0f1b9420f6c3181c8fe,"New_news_ETA_ETA_news_csv:{""row_number"": 5986}:6df78dda87c8",manual_preserve,manual_preserve_v1,New_news/ETA/ETA_news.csv,f0b55954c0065ebcf31054445af35d2e9e0477f868dfeb0feb6c2a7fbf338a69
NEWS_CANDIDATE_009844_c99ec3c5,ETA,Annual Report 2020,Ripple effects likely for sectoral earnings,The Star,2025-09-24,https://www.thestar.com.my/business/business-news/2025/09/24/ripple-effects-likely-forsectoral-earnings,4251,,,,,wrong_company,"Another target company's strong alias appears, but the row ticker's target alias does not.",No,wrong_company,none,No,No,No,No,Yes,wrong_company,1,0,b4b317547acbeb2dfb51c7f5128d084f3f2a4c345a7d877c9de02ad698cceb30,"New_news_ETA_ETA_news_csv:{""row_number"": 6014}:59d048bc5a37",manual_preserve,manual_preserve_v1,New_news/ETA/ETA_news.csv,f0b55954c0065ebcf31054445af35d2e9e0477f868dfeb0feb6c2a7fbf338a69
NEWS_CANDIDATE_009871_a1c29d85,ETA,Annual Report 2020,"FBM KLCI snaps losing streak, reclaims 1,600 mark despite regional weakness",The Star,2025-09-26,https://www.thestar.com.my/business/business-news/2025/09/26/fbm-klci-snaps-losing-streak-reclaims-1600-mark-despite-regional-weakness,2032,,,,,wrong_company,"Another target company's strong alias appears, but the row ticker's target alias does not.",No,wrong_company,none,No,No,No,No,Yes,wrong_company,1,0,c2963e1ada7216cb7ba029f9684dcd4a5473e288be29dce1d96f56c2dd4b709c,"New_news_ETA_ETA_news_csv:{""row_number"": 6041}:2f34375388c4",manual_preserve,manual_preserve_v1,New_news/ETA/ETA_news.csv,f0b55954c0065ebcf31054445af35d2e9e0477f868dfeb0feb6c2a7fbf338a69
NEWS_CANDIDATE_009904_94f4fd07,ETA,Annual Report 2020,FBM KLCI ends slightly lower amid cautious investor sentiment,The Star,2025-09-25,https://www.thestar.com.my/business/business-news/2025/09/25/fbm-klci-ends-slightly-lower-amid-cautious-investor-sentiment,1538,,,,,wrong_company,"Another target company's strong alias appears, but the row ticker's target alias does not.",No,wrong_company,none,No,No,No,No,Yes,wrong_company,1,0,a68e0bc96d9bb63179fd1f29ceae0e4a6039999e9270f27820d430acdb6361ef,"New_news_ETA_ETA_news_csv:{""row_number"": 6074}:76e1404795b8",manual_preserve,manual_preserve_v1,New_news/ETA/ETA_news.csv,f0b55954c0065ebcf31054445af35d2e9e0477f868dfeb0feb6c2a7fbf338a69
NEWS_CANDIDATE_010225_9262101e,ETA,Annual Report 2020,FBM KLCI closes little changed as regional markets end mixed,The Star,2025-09-19,https://www.thestar.com.my/business/business-news/2025/09/19/fbm-klci-closes-little-changed-as-regional-markets-end-mixed,1743,,,,,wrong_company,"Another target company's strong alias appears, but the row ticker's target alias does not.",No,wrong_company,none,No,No,No,No,Yes,wrong_company,1,0,4c4a666bf0e9d46d4136bfcdafd36717cd0bdcde4a3ba97f2467593d2ae142fc,"New_news_ETA_ETA_news_csv:{""row_number"": 6395}:e35c3ec6a957",manual_preserve,manual_preserve_v1,New_news/ETA/ETA_news.csv,f0b55954c0065ebcf31054445af35d2e9e0477f868dfeb0feb6c2a7fbf338a69
NEWS_CANDIDATE_010295_05894056,ETA,Annual Report 2020,Bursa Malaysia ends at intraday high,The Star,2025-09-17,https://www.thestar.com.my/business/2025/09/17/bursa-malaysia-ends-at-intraday-high,4899,,,,,wrong_company,"Another target company's strong alias appears, but the row ticker's target alias does not.",No,wrong_company,none,No,No,No,No,Yes,wrong_company,1,0,a6127a775f9788e3ea81e8ad905ecd45679541a78bb1f7d2d8df2aa126f9b1f9,"New_news_ETA_ETA_news_csv:{""row_number"": 6465}:58922bf54b2c",manual_preserve,manual_preserve_v1,New_news/ETA/ETA_news.csv,f0b55954c0065ebcf31054445af35d2e9e0477f868dfeb0feb6c2a7fbf338a69
NEWS_CANDIDATE_010368_66e8e4f1,ETA,Annual Report 2020,"FBM KLCI slides below 1,600 as regional markets end mixed",The Star,2025-09-18,https://www.thestar.com.my/business/business-news/2025/09/18/fbm-klci-slides-below-1600-as-regional-markets-end-mixed,1690,,,,,wrong_company,"Another target company's strong alias appears, but the row ticker's target alias does not.",No,wrong_company,none,No,No,No,No,Yes,wrong_company,1,0,3d501aed982a8690ddb5a0f0f9fb4fe551952693a238b8a840f6816330cbf366,"New_news_ETA_ETA_news_csv:{""row_number"": 6538}:a40d14a53c01",manual_preserve,manual_preserve_v1,New_news/ETA/ETA_news.csv,f0b55954c0065ebcf31054445af35d2e9e0477f868dfeb0feb6c2a7fbf338a69
NEWS_CANDIDATE_010389_aedf2632,ETA,Annual Report 2020,Felda: Abolish permits for refined sugar,The Star,2025-09-18,https://www.thestar.com.my/news/nation/2025/09/18/felda-abolish-permits-for-refined-sugar,2747,,,,,wrong_company,"Another target company's strong alias appears, but the row ticker's target alias does not.",No,wrong_company,none,No,No,No,No,Yes,wrong_company,1,0,fb503a0cc124f3da6eaef8f907a4a978a2bc4657582af9fe726c1304266896da,"New_news_ETA_ETA_news_csv:{""row_number"": 6559}:b03c4e8f3172",manual_preserve,manual_preserve_v1,New_news/ETA/ETA_news.csv,f0b55954c0065ebcf31054445af35d2e9e0477f868dfeb0feb6c2a7fbf338a69
NEWS_CANDIDATE_010457_4582b5ba,ETA,Annual Report 2020,Delving into VR to push art of the perfect pour,The Star,2025-09-18,https://www.thestar.com.my/metro/metro-news/2025/09/18/delving-into-vr-to-push-art-of-the-perfect-pour,3606,,,,,wrong_company,"Another target company's strong alias appears, but the row ticker's target alias does not.",No,wrong_company,none,No,No,No,No,Yes,wrong_company,0,0,cef83b7ca8e78652b75ce906fbe07f316f6823f1fb894b79dcba1b30f1a4d6ca,"New_news_ETA_ETA_news_csv:{""row_number"": 6627}:1634704d00b7",manual_preserve,manual_preserve_v1,New_news/ETA/ETA_news.csv,f0b55954c0065ebcf31054445af35d2e9e0477f868dfeb0feb6c2a7fbf338a69
NEWS_CANDIDATE_010474_0009cb81,ETA,Annual Report 2020,Local treats add to Malaysia Day joy,The Star,2025-09-15,https://www.thestar.com.my/metro/metro-news/2025/09/15/local-treats-add-to-malaysia-dayjoy,2041,,,,,wrong_company,"Another target company's strong alias appears, but the row ticker's target alias does not.",No,wrong_company,none,No,No,No,No,Yes,wrong_company,1,0,a6c8bced785712e8e04ba4d5d36489eb9aee8df83878fd2c4e1d8f1c8a92bdff,"New_news_ETA_ETA_news_csv:{""row_number"": 6644}:f08fd12cfd1d",manual_preserve,manual_preserve_v1,New_news/ETA/ETA_news.csv,f0b55954c0065ebcf31054445af35d2e9e0477f868dfeb0feb6c2a7fbf338a69
NEWS_CANDIDATE_010653_e9987392,ETA,Annual Report 2020,"Bursa Malaysia ends week on strong note as FBM KLCI closes above 1,600",The Star,2025-09-12,https://www.thestar.com.my/business/business-news/2025/09/12/bursa-malaysia-ends-week-on-strong-note-as-fbm-klci-closes-above-1600,2264,,,,,wrong_company,"Another target company's strong alias appears, but the row ticker's target alias does not.",No,wrong_company,none,No,No,No,No,Yes,wrong_company,1,0,54b228b8d80933af449e6cec8bb40d3d5a364081a38b6c9f68f99b30739640b0,"New_news_ETA_ETA_news_csv:{""row_number"": 6823}:63d28170e704",manual_preserve,manual_preserve_v1,New_news/ETA/ETA_news.csv,f0b55954c0065ebcf31054445af35d2e9e0477f868dfeb0feb6c2a7fbf338a69
NEWS_CANDIDATE_010702_dc2031f2,ETA,Annual Report 2020,Switch to value stocks holds investor potential,The Star,2025-09-11,https://www.thestar.com.my/business/business-news/2025/09/11/switch-to-value-stocks-holds-investor-potential,3320,,,,,wrong_company,"Another target company's strong alias appears, but the row ticker's target alias does not.",No,wrong_company,none,No,No,No,No,Yes,wrong_company,1,0,9b6fcebfb0601688ff2c7e6b61a20e5b8b01121327a5b9f9aeea46db1544395d,"New_news_ETA_ETA_news_csv:{""row_number"": 6872}:7c04e03e2980",manual_preserve,manual_preserve_v1,New_news/ETA/ETA_news.csv,f0b55954c0065ebcf31054445af35d2e9e0477f868dfeb0feb6c2a7fbf338a69
NEWS_CANDIDATE_011112_91466952,ETA,Annual Report 2020,Khazanah drops major stake in Farm Fresh,The Star,2025-09-05,https://www.thestar.com.my/business/business-news/2025/09/05/khazanah-drops-major-stake-in-farm-fresh,778,,,,,wrong_company,"Another target company's strong alias appears, but the row ticker's target alias does not.",No,wrong_company,none,No,No,No,No,Yes,wrong_company,0,0,29abae0b6d138a27885685229ed5e11e4ab92c19768ab3c0984bd2c4e7c581ad,"New_news_ETA_ETA_news_csv:{""row_number"": 7282}:fb6eadbd3c72",manual_preserve,manual_preserve_v1,New_news/ETA/ETA_news.csv,f0b55954c0065ebcf31054445af35d2e9e0477f868dfeb0feb6c2a7fbf338a69
NEWS_CANDIDATE_011132_41a89c5f,ETA,Annual Report 2020,"FBM KLCI ends higher, bucking regional downtrend",The Star,2025-09-03,https://www.thestar.com.my/business/business-news/2025/09/03/fbm-klci-ends-higher-bucking-regional-downtrend,2146,,,,,wrong_company,"Another target company's strong alias appears, but the row ticker's target alias does not.",No,wrong_company,none,No,No,No,No,Yes,wrong_company,1,0,5b613b84bb9afcff66a4063eb30dcc423ef6efd1c668a2f414d76a0e65febd17,"New_news_ETA_ETA_news_csv:{""row_number"": 7302}:f1a676deb282",manual_preserve,manual_preserve_v1,New_news/ETA/ETA_news.csv,f0b55954c0065ebcf31054445af35d2e9e0477f868dfeb0feb6c2a7fbf338a69
NEWS_CANDIDATE_011324_a02fdbfc,ETA,Annual Report 2020,Negeri Sembilan lifts nearly 30% of poor households out of poverty,The Star,2025-08-28,https://www.thestar.com.my/news/nation/2025/08/28/negeri-sembilan-lifts-nearly-30-of-poor-households-out-of-poverty,2199,,,,,wrong_company,"Another target company's strong alias appears, but the row ticker's target alias does not.",No,wrong_company,none,No,No,No,No,Yes,wrong_company,1,0,f419979dbaffbe1354af199334871feef305755333088528697611a0c55205c9,"New_news_ETA_ETA_news_csv:{""row_number"": 7494}:7d0b4aaad147",manual_preserve,manual_preserve_v1,New_news/ETA/ETA_news.csv,f0b55954c0065ebcf31054445af35d2e9e0477f868dfeb0feb6c2a7fbf338a69
NEWS_CANDIDATE_011363_090d9572,ETA,Annual Report 2020,Strong 2Q25 performance positions Spritzer for gains,The Star,2025-08-29,https://www.thestar.com.my/business/business-news/2025/08/29/strong-2q25-performance-positions-spritzer-for-gains,3333,,,,,wrong_company,"Another target company's strong alias appears, but the row ticker's target alias does not.",No,wrong_company,none,No,No,No,No,Yes,wrong_company,1,0,d56ac2330076967820ed7d4364f484419d83fbb7026208ea45be3d365627e04b,"New_news_ETA_ETA_news_csv:{""row_number"": 7533}:e4ca699ebf62",manual_preserve,manual_preserve_v1,New_news/ETA/ETA_news.csv,f0b55954c0065ebcf31054445af35d2e9e0477f868dfeb0feb6c2a7fbf338a69
NEWS_CANDIDATE_011405_071cfc94,ETA,Annual Report 2020,PPB banks on grain for stability,The Star,2025-08-28,https://www.thestar.com.my/business/business-news/2025/08/28/ppb-banks-on-grain-for-stability,979,,,,,wrong_company,"Another target company's strong alias appears, but the row ticker's target alias does not.",No,wrong_company,none,No,No,No,No,Yes,wrong_company,1,0,6fd25d80816827ee6e30b64919afa96f82465b615540555f025555caf4ef3705,"New_news_ETA_ETA_news_csv:{""row_number"": 7575}:39b242923e83",manual_preserve,manual_preserve_v1,New_news/ETA/ETA_news.csv,f0b55954c0065ebcf31054445af35d2e9e0477f868dfeb0feb6c2a7fbf338a69
NEWS_CANDIDATE_011407_02f848ff,ETA,Annual Report 2020,Farm Fresh 1Q26 profit jumps on higher margins,The Star,2025-08-28,https://www.thestar.com.my/business/business-news/2025/08/28/farm-fresh-1q26-profit-jumps-on-higher-margins,2510,,,,,wrong_company,"Another target company's strong alias appears, but the row ticker's target alias does not.",No,wrong_company,none,No,No,No,No,Yes,wrong_company,1,0,fcb9fb48a23867ef5546142b73c8cd2393abb2aa813fa650b1cc519ab8a5b72f,"New_news_ETA_ETA_news_csv:{""row_number"": 7577}:d086dc13f4d5",manual_preserve,manual_preserve_v1,New_news/ETA/ETA_news.csv,f0b55954c0065ebcf31054445af35d2e9e0477f868dfeb0feb6c2a7fbf338a69
NEWS_CANDIDATE_011415_50127688,ETA,Annual Report 2020,PPB records lower net profit in 2Q25,The Star,2025-08-27,https://www.thestar.com.my/business/business-news/2025/08/27/ppb-records-lower-net-profit-in-2q25,989,,,,,wrong_company,"Another target company's strong alias appears, but the row ticker's target alias does not.",No,wrong_company,none,No,No,No,No,Yes,wrong_company,1,0,5e36d9d7a897bec9e1d56d5538c7dbbe1d776afd08948d92f07c27b8a9d17390,"New_news_ETA_ETA_news_csv:{""row_number"": 7585}:5a5c424a14ce",manual_preserve,manual_preserve_v1,New_news/ETA/ETA_news.csv,f0b55954c0065ebcf31054445af35d2e9e0477f868dfeb0feb6c2a7fbf338a69
NEWS_CANDIDATE_011424_ddc6b152,ETA,Annual Report 2020,Bargain-hunting drives FBM KLCI higher after sharp selloff,The Star,2025-08-27,https://www.thestar.com.my/business/business-news/2025/08/27/bargain-hunting-drives-fbm-klci-higher-after-sharp-selloff,1668,,,,,wrong_company,"Another target company's strong alias appears, but the row ticker's target alias does not.",No,wrong_company,none,No,No,No,No,Yes,wrong_company,1,0,b96ad67ce2b84435db812a009aa698db9f56d36ecde25cc4449462aa4df69295,"New_news_ETA_ETA_news_csv:{""row_number"": 7594}:2f2596898dd2",manual_preserve,manual_preserve_v1,New_news/ETA/ETA_news.csv,f0b55954c0065ebcf31054445af35d2e9e0477f868dfeb0feb6c2a7fbf338a69
NEWS_CANDIDATE_011765_dc3eec9f,ETA,Annual Report 2020,"Taiping Heritage Ride 2025 set to host 2,000 cyclists this Nov 30",The Star,2025-08-21,https://www.thestar.com.my/news/nation/2025/08/21/taiping-heritage-ride-2025-set-to-host-2000-cyclists-this-nov-30,2359,,,,,wrong_company,"Another target company's strong alias appears, but the row ticker's target alias does not.",No,wrong_company,none,No,No,No,No,Yes,wrong_company,0,0,f006b27f1a87af2cf908149d7f8f6165c72e337b28255eae8605b9429cfb9634,"New_news_ETA_ETA_news_csv:{""row_number"": 7935}:79142e6deb7f",manual_preserve,manual_preserve_v1,New_news/ETA/ETA_news.csv,f0b55954c0065ebcf31054445af35d2e9e0477f868dfeb0feb6c2a7fbf338a69
NEWS_CANDIDATE_011825_cfb54aa8,ETA,Annual Report 2020,"FBM KLCI rallies to six-month high, nears key 1,600 level",The Star,2025-08-21,https://www.thestar.com.my/business/business-news/2025/08/21/fbm-klci-rallies-to-six-month-high-nears-key-1600-level,2369,,,,,wrong_company,"Another target company's strong alias appears, but the row ticker's target alias does not.",No,wrong_company,none,No,No,No,No,Yes,wrong_company,1,0,8fb6a7bbebc8d4ed50117aca57785232a64103e06187762181665cf4c8120b17,"New_news_ETA_ETA_news_csv:{""row_number"": 7995}:368411c096fb",manual_preserve,manual_preserve_v1,New_news/ETA/ETA_news.csv,f0b55954c0065ebcf31054445af35d2e9e0477f868dfeb0feb6c2a7fbf338a69
NEWS_CANDIDATE_011862_43e7ff2e,ETA,Annual Report 2020,Last-minute selling ends FBM KLCI’s winning streak,The Star,2025-08-20,https://www.thestar.com.my/business/business-news/2025/08/20/last-minute-selling-ends-fbm-klcis-winning-streak,1952,,,,,wrong_company,"Another target company's strong alias appears, but the row ticker's target alias does not.",No,wrong_company,none,No,No,No,No,Yes,wrong_company,1,0,6cc322a7cb8df211858c63309c76a573e3c9805a5e4c1ac07ee9a4f478e4b71e,"New_news_ETA_ETA_news_csv:{""row_number"": 8032}:e189aca2dba0",manual_preserve,manual_preserve_v1,New_news/ETA/ETA_news.csv,f0b55954c0065ebcf31054445af35d2e9e0477f868dfeb0feb6c2a7fbf338a69
NEWS_CANDIDATE_012271_fc6ee7f6,ETA,Annual Report 2020,Inelastic demand protects Carlsberg from price hikes,The Star,2025-08-14,https://www.thestar.com.my/business/business-news/2025/08/14/inelastic-demand-protects-carlsberg-from-price-hikes,1771,,,,,wrong_company,"Another target company's strong alias appears, but the row ticker's target alias does not.",No,wrong_company,none,No,No,No,No,Yes,wrong_company,1,0,27a207e3c84dd4afea37735fc89d7450551ef73a506aa28d5d468d829e5e8cb8,"New_news_ETA_ETA_news_csv:{""row_number"": 8441}:9fb84f12e308",manual_preserve,manual_preserve_v1,New_news/ETA/ETA_news.csv,f0b55954c0065ebcf31054445af35d2e9e0477f868dfeb0feb6c2a7fbf338a69
NEWS_CANDIDATE_012294_c16d3843,ETA,Annual Report 2020,"Trading ideas: MGB, YTL Power, Classita, Infomina, NationGate, Thong Guan, Carlsberg, Sunway REIT, UMS, MSC, Tex Cycle, Rhone Ma",The Star,2025-08-13,https://www.thestar.com.my/business/business-news/2025/08/13/trading-ideas-mgb-ytl-power-classita-infomina-nationgate-thong-guan-carlsberg-sunway-reit-ums-msc-tex-cycle-rhone-ma,2269,,,,,wrong_company,"Another target company's strong alias appears, but the row ticker's target alias does not.",No,wrong_company,none,No,No,No,No,Yes,wrong_company,1,0,360cc275ca8e8a72da4efa254601ba8cfaf37f892e5fe75a1cbdd47804eec534,"New_news_ETA_ETA_news_csv:{""row_number"": 8464}:c1313c1cd58f",manual_preserve,manual_preserve_v1,New_news/ETA/ETA_news.csv,f0b55954c0065ebcf31054445af35d2e9e0477f868dfeb0feb6c2a7fbf338a69
NEWS_CANDIDATE_012418_fcedb2b5,ETA,Annual Report 2020,Massive turnout for Milo Hidup Bola futsal tournament,The Star,2025-08-12,https://www.thestar.com.my/sport/football/2025/08/12/massive-turnout-for-milo-hidup-bola-futsal-tournament,1433,,,,,wrong_company,"Another target company's strong alias appears, but the row ticker's target alias does not.",No,wrong_company,none,No,No,No,No,Yes,wrong_company,1,0,d8cf83d16034b58a8e379251a6d87fb46f66048395875f369099d01800863c17,"New_news_ETA_ETA_news_csv:{""row_number"": 8588}:c30dc076572f",manual_preserve,manual_preserve_v1,New_news/ETA/ETA_news.csv,f0b55954c0065ebcf31054445af35d2e9e0477f868dfeb0feb6c2a7fbf338a69
NEWS_CANDIDATE_012700_0190a42e,ETA,Annual Report 2020,Corporate earnings in 2Q likely to remain positive,The Star,2025-08-07,https://www.thestar.com.my/business/business-news/2025/08/07/corporate-earnings-in-2q-likely-to-remain-positive,3693,,,,,wrong_company,"Another target company's strong alias appears, but the row ticker's target alias does not.",No,wrong_company,none,No,No,No,No,Yes,wrong_company,1,0,3a87ba3bc52d8033f67b373ad91285c27684a0d8a6142df288335c81f91c45bc,"New_news_ETA_ETA_news_csv:{""row_number"": 8870}:59a592601176",manual_preserve,manual_preserve_v1,New_news/ETA/ETA_news.csv,f0b55954c0065ebcf31054445af35d2e9e0477f868dfeb0feb6c2a7fbf338a69
NEWS_CANDIDATE_012705_1159698a,ETA,Annual Report 2020,"Banks, tech and consumer stocks show continued strength in 2Q25",The Star,2025-08-06,https://www.thestar.com.my/business/business-news/2025/08/06/banks-tech-and-consumer-stocks-show-continued-strength-in-2q25,3640,,,,,wrong_company,"Another target company's strong alias appears, but the row ticker's target alias does not.",No,wrong_company,none,No,No,No,No,Yes,wrong_company,1,0,42291c073045cf3ad2e76b55a0877aefb0958b53a0130374bdbff13f2c9df7bc,"New_news_ETA_ETA_news_csv:{""row_number"": 8875}:e5a049cebb1a",manual_preserve,manual_preserve_v1,New_news/ETA/ETA_news.csv,f0b55954c0065ebcf31054445af35d2e9e0477f868dfeb0feb6c2a7fbf338a69
NEWS_CANDIDATE_012709_b2516b54,ETA,Annual Report 2020,FBM KLCI tracks regional gains amid cautious trade,The Star,2025-08-06,https://www.thestar.com.my/business/business-news/2025/08/06/fbm-klci-tracks-regional-gains-amid-cautious-trade,1957,,,,,wrong_company,"Another target company's strong alias appears, but the row ticker's target alias does not.",No,wrong_company,none,No,No,No,No,Yes,wrong_company,1,0,da47db24e2e9d0ba514068d7db44d456dc74be2a40265cd86b59f65f042652b4,"New_news_ETA_ETA_news_csv:{""row_number"": 8879}:689220a4c84e",manual_preserve,manual_preserve_v1,New_news/ETA/ETA_news.csv,f0b55954c0065ebcf31054445af35d2e9e0477f868dfeb0feb6c2a7fbf338a69
NEWS_CANDIDATE_013107_a1e98e12,ETA,Annual Report 2020,PPB secures RM12mil vessel charter contract,The Star,2025-08-01,https://www.thestar.com.my/business/business-news/2025/08/01/ppb-secures-rm12mil-vessel-charter-contract,894,,,,,wrong_company,"Another target company's strong alias appears, but the row ticker's target alias does not.",No,wrong_company,none,No,No,No,No,Yes,wrong_company,1,0,0b3e467c9f4e02d54182cddf56648dbf355ad9bfef243f092c1d1da08170c4aa,"New_news_ETA_ETA_news_csv:{""row_number"": 9277}:d4145bdf6361",manual_preserve,manual_preserve_v1,New_news/ETA/ETA_news.csv,f0b55954c0065ebcf31054445af35d2e9e0477f868dfeb0feb6c2a7fbf338a69
NEWS_CANDIDATE_013118_17cf5bd5,ETA,Annual Report 2020,Bursa Malaysia slips as trade uncertainty weighs on sentiment,The Star,2025-07-31,https://www.thestar.com.my/business/business-news/2025/07/31/bursa-malaysia-slips-as-trade-uncertainty-weighs-on-sentiment,2057,,,,,wrong_company,"Another target company's strong alias appears, but the row ticker's target alias does not.",No,wrong_company,none,No,No,No,No,Yes,wrong_company,1,0,cdd0b0aa257da64210d144670209921d4878fc54f67be0f5ea1bd0d51d50c9b4,"New_news_ETA_ETA_news_csv:{""row_number"": 9288}:d2261d7e4c63",manual_preserve,manual_preserve_v1,New_news/ETA/ETA_news.csv,f0b55954c0065ebcf31054445af35d2e9e0477f868dfeb0feb6c2a7fbf338a69
NEWS_CANDIDATE_013123_99e97cb9,ETA,Annual Report 2020,Investors on Bursa Malaysia take pause as 13MP set to be tabled,The Star,2025-07-31,https://www.thestar.com.my/business/business-news/2025/07/31/investors-on-bursa-malaysia-take-pause-as-13mp-set-to-be-tabled,1284,,,,,wrong_company,"Another target company's strong alias appears, but the row ticker's target alias does not.",No,wrong_company,none,No,No,No,No,Yes,wrong_company,1,0,8f4a442d09357b6067c4a9e67f5201a8838e6fa832528f2a9afb31bd1dced772,"New_news_ETA_ETA_news_csv:{""row_number"": 9293}:a4e3967422fa",manual_preserve,manual_preserve_v1,New_news/ETA/ETA_news.csv,f0b55954c0065ebcf31054445af35d2e9e0477f868dfeb0feb6c2a7fbf338a69
NEWS_CANDIDATE_013196_9e1ae588,ETA,Annual Report 2020,"FBM KLCI leaps 1.33%, bucking regional losses after US tariff cut",The Star,2025-08-01,https://www.thestar.com.my/business/business-news/2025/08/01/fbm-klci-leaps-133-bucking-regional-losses-after-us-tariff-cut,2077,,,,,wrong_company,"Another target company's strong alias appears, but the row ticker's target alias does not.",No,wrong_company,none,No,No,No,No,Yes,wrong_company,1,0,e3aa75224701d52d26217860f48a4d297e1fa015e353f62c020a42e900eed8a5,"New_news_ETA_ETA_news_csv:{""row_number"": 9366}:5d5f8a63c671",manual_preserve,manual_preserve_v1,New_news/ETA/ETA_news.csv,f0b55954c0065ebcf31054445af35d2e9e0477f868dfeb0feb6c2a7fbf338a69
NEWS_CANDIDATE_013324_b602695c,ETA,Annual Report 2020,Festival sets record for longest non-stop techno music event,The Star,2025-08-01,https://www.thestar.com.my/metro/metro-news/2025/08/01/festival-sets-record-for-longest-non-stop-techno-music-event,1677,,,,,wrong_company,"Another target company's strong alias appears, but the row ticker's target alias does not.",No,wrong_company,none,No,No,No,No,Yes,wrong_company,0,0,f46b0b7494dced7c1ad81466be5bd72b65baa0cb0b7f2db49754e646e7f1a02e,"New_news_ETA_ETA_news_csv:{""row_number"": 9494}:2dcea15664e8",manual_preserve,manual_preserve_v1,New_news/ETA/ETA_news.csv,f0b55954c0065ebcf31054445af35d2e9e0477f868dfeb0feb6c2a7fbf338a69
NEWS_CANDIDATE_013561_cb581622,ETA,Annual Report 2020,"Trading ideas: MMAG, Keyfield, KAB, Rimbunan Sawit, Jentayu, AYS, Country Heights, Metronic, Nestle, ViTrox, Oriental Interest, KIP REIT, Luxchem, Betamek",The Star,2025-07-25,https://www.thestar.com.my/business/business-news/2025/07/25/trading-ideas-mmag-keyfield-kab-rimbunan-sawit-jentayu-ays-country-heights-metronic-nestle-vitrox-oriental-interest-kip-reit-luxchem-betamek,2711,,,,,wrong_company,"Another target company's strong alias appears, but the row ticker's target alias does not.",No,wrong_company,none,No,No,No,No,Yes,wrong_company,1,0,333f9a6ba0298d8db992d30e6e9855b2d8d995e806b585793717786db9e7c7fe,"New_news_ETA_ETA_news_csv:{""row_number"": 9731}:d5a6cb9ec8d2",manual_preserve,manual_preserve_v1,New_news/ETA/ETA_news.csv,f0b55954c0065ebcf31054445af35d2e9e0477f868dfeb0feb6c2a7fbf338a69
NEWS_CANDIDATE_013584_578a986f,ETA,Annual Report 2020,Consumer sector to gain,The Star,2025-07-25,https://www.thestar.com.my/business/business-news/2025/07/25/consumer-sector-to-gain,7657,,,,,wrong_company,"Another target company's strong alias appears, but the row ticker's target alias does not.",No,wrong_company,none,No,No,No,No,Yes,wrong_company,1,0,cc898a6e24d8a5e49dc211af1b526722b2a83dda27df2153108ca99dbae1d4b7,"New_news_ETA_ETA_news_csv:{""row_number"": 9754}:39fd4dfef859",manual_preserve,manual_preserve_v1,New_news/ETA/ETA_news.csv,f0b55954c0065ebcf31054445af35d2e9e0477f868dfeb0feb6c2a7fbf338a69
NEWS_CANDIDATE_014486_f2ffa2e2,ETA,Annual Report 2020,FBM KLCI rebounds to intraday high after three-day losing streak,The Star,2025-07-10,https://www.thestar.com.my/business/business-news/2025/07/10/fbm-klci-rebounds-to-intraday-high-after-three-day-losing-streak,1587,,,,,wrong_company,"Another target company's strong alias appears, but the row ticker's target alias does not.",No,wrong_company,none,No,No,No,No,Yes,wrong_company,1,0,bc3c5287700e04931317efd1c622edde2ec9b765b48813e9a534eec830301694,"New_news_ETA_ETA_news_csv:{""row_number"": 10656}:6901f39b980d",manual_preserve,manual_preserve_v1,New_news/ETA/ETA_news.csv,f0b55954c0065ebcf31054445af35d2e9e0477f868dfeb0feb6c2a7fbf338a69
NEWS_CANDIDATE_014565_92d9cf64,ETA,Annual Report 2020,"‘Form Six, not a last resort’",The Star,2025-07-06,https://www.thestar.com.my/news/education/2025/07/06/form-six-not-a-last-resort,5349,,,,,wrong_company,"Another target company's strong alias appears, but the row ticker's target alias does not.",No,wrong_company,none,No,No,No,No,Yes,wrong_company,1,0,e04a937393f43e08eae88041323b302ef60ba06c9ff5b67e3403f3288a536538,"New_news_ETA_ETA_news_csv:{""row_number"": 10735}:6776e420dfb8",manual_preserve,manual_preserve_v1,New_news/ETA/ETA_news.csv,f0b55954c0065ebcf31054445af35d2e9e0477f868dfeb0feb6c2a7fbf338a69
NEWS_CANDIDATE_014935_aa41980c,ETA,Annual Report 2020,FBM KLCI snaps five-day winning streak on profit-taking,The Star,2025-07-03,https://www.thestar.com.my/business/business-news/2025/07/03/fbm-klci-snaps-five-day-winning-streak-on-profit-taking,1780,,,,,wrong_company,"Another target company's strong alias appears, but the row ticker's target alias does not.",No,wrong_company,none,No,No,No,No,Yes,wrong_company,1,0,56950cfabbbceecc437dc225a49841f532e1bd303596ff7e941f3c2e3cfee97f,"New_news_ETA_ETA_news_csv:{""row_number"": 11105}:1fd8ec7b3a7f",manual_preserve,manual_preserve_v1,New_news/ETA/ETA_news.csv,f0b55954c0065ebcf31054445af35d2e9e0477f868dfeb0feb6c2a7fbf338a69
NEWS_CANDIDATE_014957_0198e3ea,ETA,Annual Report 2020,MSM appoints new acting group CEO,The Star,2025-07-03,https://www.thestar.com.my/business/business-news/2025/07/03/msm-appoints-new-acting-group-ceo,759,,,,,wrong_company,"Another target company's strong alias appears, but the row ticker's target alias does not.",No,wrong_company,none,No,No,No,No,Yes,wrong_company,1,0,230c00023ae18d21f7b517e7992cbbcd5ca023f2a41d05c7386156c4941f1d2e,"New_news_ETA_ETA_news_csv:{""row_number"": 11127}:78c127b7f091",manual_preserve,manual_preserve_v1,New_news/ETA/ETA_news.csv,f0b55954c0065ebcf31054445af35d2e9e0477f868dfeb0feb6c2a7fbf338a69
NEWS_CANDIDATE_014966_9d8edaa8,ETA,Annual Report 2020,"FBM KLCI extends winning streak, hits one-month high",The Star,2025-07-02,https://www.thestar.com.my/business/business-news/2025/07/02/fbm-klci-extends-winning-streak-hits-one-month-high,1707,,,,,wrong_company,"Another target company's strong alias appears, but the row ticker's target alias does not.",No,wrong_company,none,No,No,No,No,Yes,wrong_company,1,0,51a7ae39979eff0d550ea7f6f72067c613c57c09d0203376cd93ecc20a24a2dd,"New_news_ETA_ETA_news_csv:{""row_number"": 11136}:5b5332e8f20f",manual_preserve,manual_preserve_v1,New_news/ETA/ETA_news.csv,f0b55954c0065ebcf31054445af35d2e9e0477f868dfeb0feb6c2a7fbf338a69
NEWS_CANDIDATE_015326_56167fcc,ETA,Annual Report 2020,Steady demand seen for staple products,The Star,2025-06-26,https://www.thestar.com.my/business/business-news/2025/06/26/steady-demand-seen-for-staple-products,3327,,,,,wrong_company,"Another target company's strong alias appears, but the row ticker's target alias does not.",No,wrong_company,none,No,No,No,No,Yes,wrong_company,1,0,d8c7772a2ab503fc656870f9a345059182a35456a38936b2d8f7dcc6ece6b9aa,"New_news_ETA_ETA_news_csv:{""row_number"": 11496}:df41c97ea282",manual_preserve,manual_preserve_v1,New_news/ETA/ETA_news.csv,f0b55954c0065ebcf31054445af35d2e9e0477f868dfeb0feb6c2a7fbf338a69
NEWS_CANDIDATE_015327_853bf535,ETA,Annual Report 2020,THE PEOPLE FACTOR,The Star,2025-06-26,https://www.thestar.com.my/business/business-news/2025/06/26/the-people-factor,4172,,,,,wrong_company,"Another target company's strong alias appears, but the row ticker's target alias does not.",No,wrong_company,none,No,No,No,No,Yes,wrong_company,0,0,c4baec64e43a1c90308c9411885bf4e8e82e11bc0e01466ce7ba7b77c42f2001,"New_news_ETA_ETA_news_csv:{""row_number"": 11497}:b25a72d44158",manual_preserve,manual_preserve_v1,New_news/ETA/ETA_news.csv,f0b55954c0065ebcf31054445af35d2e9e0477f868dfeb0feb6c2a7fbf338a69
NEWS_CANDIDATE_015670_09553b38,ETA,Annual Report 2020,"Refined sugar to stay tax-exempt, says Finance Ministry",The Star,2025-06-20,https://www.thestar.com.my/news/nation/2025/06/20/refined-sugar-to-stay-tax-exempt-says-finance-ministry,1455,,,,,wrong_company,"Another target company's strong alias appears, but the row ticker's target alias does not.",No,wrong_company,none,No,No,No,No,Yes,wrong_company,1,0,054c8073d033c029693aa0dadb63f7c4bc026649f1af08c2246f326647ffb60e,"New_news_ETA_ETA_news_csv:{""row_number"": 11840}:2f422f6a8e64",manual_preserve,manual_preserve_v1,New_news/ETA/ETA_news.csv,f0b55954c0065ebcf31054445af35d2e9e0477f868dfeb0feb6c2a7fbf338a69
NEWS_CANDIDATE_015741_871d5196,ETA,Annual Report 2020,"FBM KLCI slides amid cautious sentiment, geopolitical concerns",The Star,2025-06-19,https://www.thestar.com.my/business/business-news/2025/06/19/fbm-klci-slides-amid-cautious-sentiment-geopolitical-concerns,1676,,,,,wrong_company,"Another target company's strong alias appears, but the row ticker's target alias does not.",No,wrong_company,none,No,No,No,No,Yes,wrong_company,1,0,a893a26c18ad827ad0cbcbe296dd0a1c838601039af7e5e8971a9e4d170a0dd1,"New_news_ETA_ETA_news_csv:{""row_number"": 11911}:bd3aa59c103b",manual_preserve,manual_preserve_v1,New_news/ETA/ETA_news.csv,f0b55954c0065ebcf31054445af35d2e9e0477f868dfeb0feb6c2a7fbf338a69
NEWS_CANDIDATE_015755_c393f1cc,ETA,Annual Report 2020,Consumer staples favourable amid expanded SST,The Star,2025-06-19,https://www.thestar.com.my/business/business-news/2025/06/19/consumer-staples-favourable-amid-expanded-sst,2696,,,,,wrong_company,"Another target company's strong alias appears, but the row ticker's target alias does not.",No,wrong_company,none,No,No,No,No,Yes,wrong_company,1,0,1042c62114a3b28997af5b857c2db022787fc66b01c1bcb66746aa9bab6a3d10,"New_news_ETA_ETA_news_csv:{""row_number"": 11925}:e545b286fd79",manual_preserve,manual_preserve_v1,New_news/ETA/ETA_news.csv,f0b55954c0065ebcf31054445af35d2e9e0477f868dfeb0feb6c2a7fbf338a69
NEWS_CANDIDATE_015772_4d02a126,ETA,Annual Report 2020,PPB risk premium higher amid legal case in Indonesia,The Star,2025-06-19,https://www.thestar.com.my/business/business-news/2025/06/19/ppb-risk-premium-higher-amid-legal-case-in-indonesia,1809,,,,,wrong_company,"Another target company's strong alias appears, but the row ticker's target alias does not.",No,wrong_company,none,No,No,No,No,Yes,wrong_company,1,0,f80a774e5c320f5308180c276a195c71a87bf26f237bd6d4866577e247c9d175,"New_news_ETA_ETA_news_csv:{""row_number"": 11942}:f752306f70d2",manual_preserve,manual_preserve_v1,New_news/ETA/ETA_news.csv,f0b55954c0065ebcf31054445af35d2e9e0477f868dfeb0feb6c2a7fbf338a69
NEWS_CANDIDATE_015825_8536d942,ETA,Annual Report 2020,FBM KLCI ends higher as caution caps momentum,The Star,2025-06-20,https://www.thestar.com.my/business/business-news/2025/06/20/fbm-klci-ends-higher-as-caution-caps-momentum,2056,,,,,wrong_company,"Another target company's strong alias appears, but the row ticker's target alias does not.",No,wrong_company,none,No,No,No,No,Yes,wrong_company,1,0,d4ac78dca491e472707814fc3bdf5895d38b1d3dc7e72862585bd532cf5a7c2b,"New_news_ETA_ETA_news_csv:{""row_number"": 11995}:a4b029910974",manual_preserve,manual_preserve_v1,New_news/ETA/ETA_news.csv,f0b55954c0065ebcf31054445af35d2e9e0477f868dfeb0feb6c2a7fbf338a69
NEWS_CANDIDATE_015868_a235f94a,ETA,Annual Report 2020,MSM reiterates call for tariff to curb dumping of imported sugar,The Star,2025-06-19,https://www.thestar.com.my/business/business-news/2025/06/19/msm-reiterates-call-for-tariff-to-curb-dumping-of-imported-sugar,1987,,,,,wrong_company,"Another target company's strong alias appears, but the row ticker's target alias does not.",No,wrong_company,none,No,No,No,No,Yes,wrong_company,1,0,3c15cbd0a4b9c66301d6f7c3db5bfaf56de3ffec03c571dbe8f0089dfcd1e9ce,"New_news_ETA_ETA_news_csv:{""row_number"": 12038}:a9b848bc44b7",manual_preserve,manual_preserve_v1,New_news/ETA/ETA_news.csv,f0b55954c0065ebcf31054445af35d2e9e0477f868dfeb0feb6c2a7fbf338a69
NEWS_CANDIDATE_016176_19c4b71b,ETA,Annual Report 2020,FTSE4Good Bursa Malaysia Index adds 19 stocks,The Star,2025-06-13,https://www.thestar.com.my/business/business-news/2025/06/13/ftse4good-bursa-malaysia-index-adds-19-stocks,1202,,,,,wrong_company,"Another target company's strong alias appears, but the row ticker's target alias does not.",No,wrong_company,none,No,No,No,No,Yes,wrong_company,1,0,628d90f00314a67b77825411eb082842c034a10fc91d4d1642dba8c20ecff139,"New_news_ETA_ETA_news_csv:{""row_number"": 12346}:2ef831ad1a84",manual_preserve,manual_preserve_v1,New_news/ETA/ETA_news.csv,f0b55954c0065ebcf31054445af35d2e9e0477f868dfeb0feb6c2a7fbf338a69
NEWS_CANDIDATE_016224_a4e9f392,ETA,Annual Report 2020,Bursa Malaysia edges up amid optimism over US-China trade talks,The Star,2025-06-11,https://www.thestar.com.my/business/business-news/2025/06/11/bursa-malaysia-edges-up-amid-optimism-over-us-china-trade-talks,1449,,,,,wrong_company,"Another target company's strong alias appears, but the row ticker's target alias does not.",No,wrong_company,none,No,No,No,No,Yes,wrong_company,1,0,d66fc1344aa7ce282381ca6b3946312f6c6f78fbd16070d7b78664e11ddd20f0,"New_news_ETA_ETA_news_csv:{""row_number"": 12394}:329d44434da9",manual_preserve,manual_preserve_v1,New_news/ETA/ETA_news.csv,f0b55954c0065ebcf31054445af35d2e9e0477f868dfeb0feb6c2a7fbf338a69
NEWS_CANDIDATE_016276_d15a5352,ETA,Annual Report 2020,"Bursa Malaysia opens lower, bucking Wall Street gains on weak sentiment",The Star,2025-06-13,https://www.thestar.com.my/business/business-news/2025/06/13/bursa-malaysia-opens-lower-bucking-wall-street-gains-on-weak-sentiment,1834,,,,,wrong_company,"Another target company's strong alias appears, but the row ticker's target alias does not.",No,wrong_company,none,No,No,No,No,Yes,wrong_company,1,0,bbe63a85b6e53c9707728ad49d40209957232d21a55e21be960a34e2a905ec04,"New_news_ETA_ETA_news_csv:{""row_number"": 12446}:275f823466c4",manual_preserve,manual_preserve_v1,New_news/ETA/ETA_news.csv,f0b55954c0065ebcf31054445af35d2e9e0477f868dfeb0feb6c2a7fbf338a69
NEWS_CANDIDATE_016365_c897eee5,ETA,Annual Report 2020,Campus fun for special kids,The Star,2025-06-13,https://www.thestar.com.my/metro/metro-news/2025/06/13/campus-fun-for-special-kids,2751,,,,,wrong_company,"Another target company's strong alias appears, but the row ticker's target alias does not.",No,wrong_company,none,No,No,No,No,Yes,wrong_company,1,0,2eb065dfd0ce01064142041f07d5cbf7f753fd38bdbb29c363a9f4d8cbe9e605,"New_news_ETA_ETA_news_csv:{""row_number"": 12535}:aab5b9eb4bfb",manual_preserve,manual_preserve_v1,New_news/ETA/ETA_news.csv,f0b55954c0065ebcf31054445af35d2e9e0477f868dfeb0feb6c2a7fbf338a69
NEWS_CANDIDATE_016381_19874650,ETA,Annual Report 2020,Community event to strengthen neighbourly ties in PJ,The Star,2025-06-09,https://www.thestar.com.my/metro/metro-news/2025/06/09/community-event-to-strengthen-neighbourly-ties-in-pj,1089,,,,,wrong_company,"Another target company's strong alias appears, but the row ticker's target alias does not.",No,wrong_company,none,No,No,No,No,Yes,wrong_company,0,0,3625cd117ffefc04721f35aa809ea4bdc39ff639f816f390f69f6e0761e99424,"New_news_ETA_ETA_news_csv:{""row_number"": 12551}:cf5df9139bd3",manual_preserve,manual_preserve_v1,New_news/ETA/ETA_news.csv,f0b55954c0065ebcf31054445af35d2e9e0477f868dfeb0feb6c2a7fbf338a69
NEWS_CANDIDATE_017039_9b4af562,ETA,Annual Report 2020,Farm Fresh churns RM28mil 4Q profit,The Star,2025-05-30,https://www.thestar.com.my/business/business-news/2025/05/30/farm-fresh-churns-rm28mil-4q-profit,2878,,,,,wrong_company,"Another target company's strong alias appears, but the row ticker's target alias does not.",No,wrong_company,none,No,No,No,No,Yes,wrong_company,1,0,9964ee3e33e493b8df209d647f62ab340415ad57da4d26c1c3993ccfbae51378,"New_news_ETA_ETA_news_csv:{""row_number"": 13209}:d98134a7a844",manual_preserve,manual_preserve_v1,New_news/ETA/ETA_news.csv,f0b55954c0065ebcf31054445af35d2e9e0477f868dfeb0feb6c2a7fbf338a69
NEWS_CANDIDATE_017043_2b12f8db,ETA,Annual Report 2020,Leong Hup’s 1Q25 net profit jumps 80%,The Star,2025-05-30,https://www.thestar.com.my/business/business-news/2025/05/30/leong-hups-1q25-net-profit-jumps-80,960,,,,,wrong_company,"Another target company's strong alias appears, but the row ticker's target alias does not.",No,wrong_company,none,No,No,No,No,Yes,wrong_company,1,0,cc7585147418045e1b6ef9ce7173c3e5de766d9b3875c984254f4410e8b6a659,"New_news_ETA_ETA_news_csv:{""row_number"": 13213}:cb26bcbd1d3e",manual_preserve,manual_preserve_v1,New_news/ETA/ETA_news.csv,f0b55954c0065ebcf31054445af35d2e9e0477f868dfeb0feb6c2a7fbf338a69
NEWS_CANDIDATE_017047_44a73290,ETA,Annual Report 2020,Carlsberg Malaysia to enhance premium brands,The Star,2025-05-30,https://www.thestar.com.my/business/business-news/2025/05/30/carlsberg-malaysia-to-enhance-premium-brands,2730,,,,,wrong_company,"Another target company's strong alias appears, but the row ticker's target alias does not.",No,wrong_company,none,No,No,No,No,Yes,wrong_company,1,0,7417ef0b7bba864363074059b262f61928458f7f4b5fd028b3157e5fbed83c86,"New_news_ETA_ETA_news_csv:{""row_number"": 13217}:bfe658099608",manual_preserve,manual_preserve_v1,New_news/ETA/ETA_news.csv,f0b55954c0065ebcf31054445af35d2e9e0477f868dfeb0feb6c2a7fbf338a69
NEWS_CANDIDATE_017055_6a798179,ETA,Annual Report 2020,"Carlsberg to invest in brand premiumisation, product innovation",The Star,2025-05-29,https://www.thestar.com.my/business/business-news/2025/05/29/carlsberg-to-invest-in-brand-premiumisation-product-innovation,2828,,,,,wrong_company,"Another target company's strong alias appears, but the row ticker's target alias does not.",No,wrong_company,none,No,No,No,No,Yes,wrong_company,1,0,a279a69f4c719a85389752b5a609bbbebbc6fb535fda6b25e4b315e54c130f12,"New_news_ETA_ETA_news_csv:{""row_number"": 13225}:a6248751e5a2",manual_preserve,manual_preserve_v1,New_news/ETA/ETA_news.csv,f0b55954c0065ebcf31054445af35d2e9e0477f868dfeb0feb6c2a7fbf338a69
NEWS_CANDIDATE_017098_a19feeca,ETA,Annual Report 2020,Last-minute selling pushes FBM KLCI to intraday low,The Star,2025-05-28,https://www.thestar.com.my/business/business-news/2025/05/28/last-minute-selling-pushes-fbm-klci-to-intraday-low,1704,,,,,wrong_company,"Another target company's strong alias appears, but the row ticker's target alias does not.",No,wrong_company,none,No,No,No,No,Yes,wrong_company,1,0,6146f51bb74604814b7d27c200d52b78c1ea522d7b5bb3e09fa73423a12aec93,"New_news_ETA_ETA_news_csv:{""row_number"": 13268}:f71d2c3d73e8",manual_preserve,manual_preserve_v1,New_news/ETA/ETA_news.csv,f0b55954c0065ebcf31054445af35d2e9e0477f868dfeb0feb6c2a7fbf338a69
NEWS_CANDIDATE_017447_854c61a8,ETA,Annual Report 2020,"Trading ideas: Mesiniaga, Gas Malaysia, Uzma, CelcomDigi, YTL Power, KLK, UEM Sunrise, Bumi Armada, Batu Kawan, DRB-Hicom, DLMI, Prolintas, Press Metal, Cahya Mata",The Star,2025-05-23,https://www.thestar.com.my/business/business-news/2025/05/23/trading-ideas-mesiniaga-gas-malaysia-uzma-celcomdigi-ytl-power-klk-uem-sunrise-bumi-armada-batu-kawan-drb-hicom-dlmi-prolintas-press-metal-cahya-mata,2641,,,,,wrong_company,"Another target company's strong alias appears, but the row ticker's target alias does not.",No,wrong_company,none,No,No,No,No,Yes,wrong_company,1,0,6f1d7e0987cd7c2df862b3e027c4b51fb24a3b8cf7516c3da5aab7e41cc686f0,"New_news_ETA_ETA_news_csv:{""row_number"": 13617}:96501223bc09",manual_preserve,manual_preserve_v1,New_news/ETA/ETA_news.csv,f0b55954c0065ebcf31054445af35d2e9e0477f868dfeb0feb6c2a7fbf338a69
NEWS_CANDIDATE_017519_a4a9a021,ETA,Annual Report 2020,FBM KLCI extends losses for fifth straight session,The Star,2025-05-21,https://www.thestar.com.my/business/business-news/2025/05/21/fbm-klci-extends-losses-for-fifth-straight-session,1722,,,,,wrong_company,"Another target company's strong alias appears, but the row ticker's target alias does not.",No,wrong_company,none,No,No,No,No,Yes,wrong_company,1,0,e292ac996c78559b5a1d2d5a39d199b7986aab796c324a5746b95b6bd1471342,"New_news_ETA_ETA_news_csv:{""row_number"": 13689}:c764d904d70f",manual_preserve,manual_preserve_v1,New_news/ETA/ETA_news.csv,f0b55954c0065ebcf31054445af35d2e9e0477f868dfeb0feb6c2a7fbf338a69
NEWS_CANDIDATE_017560_301b7edd,ETA,Annual Report 2020,FBM KLCI snaps six-day losing streak to close higher,The Star,2025-05-23,https://www.thestar.com.my/business/business-news/2025/05/23/fbm-klci-snaps-six-day-losing-streak-to-close-higher,1751,,,,,wrong_company,"Another target company's strong alias appears, but the row ticker's target alias does not.",No,wrong_company,none,No,No,No,No,Yes,wrong_company,1,0,52cf5b6ae4db914f834f6fb5cba12cde0689fb14a4af2f62dc68c40eede5d0fa,"New_news_ETA_ETA_news_csv:{""row_number"": 13730}:0490008b9a06",manual_preserve,manual_preserve_v1,New_news/ETA/ETA_news.csv,f0b55954c0065ebcf31054445af35d2e9e0477f868dfeb0feb6c2a7fbf338a69
NEWS_CANDIDATE_017848_150b1000,ETA,Annual Report 2020,Move to boost housing sector,The Star,2025-05-16,https://www.thestar.com.my/news/nation/2025/05/16/move-to-boost-housing-sector,4985,,,,,wrong_company,"Another target company's strong alias appears, but the row ticker's target alias does not.",No,wrong_company,none,No,No,No,No,Yes,wrong_company,1,0,22a55fa9f8db53927c32a4bf1cfc2ff21ef9235f3e93cf617edf14907f46f172,"New_news_ETA_ETA_news_csv:{""row_number"": 14018}:91f58d78d632",manual_preserve,manual_preserve_v1,New_news/ETA/ETA_news.csv,f0b55954c0065ebcf31054445af35d2e9e0477f868dfeb0feb6c2a7fbf338a69
NEWS_CANDIDATE_018346_93ff7fc1,ETA,Annual Report 2020,Heineken Malaysia growth trajectory intact,The Star,2025-05-08,https://www.thestar.com.my/business/business-news/2025/05/08/heineken-malaysia-growth-trajectory-intact,3225,,,,,wrong_company,"Another target company's strong alias appears, but the row ticker's target alias does not.",No,wrong_company,none,No,No,No,No,Yes,wrong_company,1,0,d443fea1e48cb0c358412c48104b2a8ed432973b637ff9420800ed88799e0e15,"New_news_ETA_ETA_news_csv:{""row_number"": 14516}:c4e53e986365",manual_preserve,manual_preserve_v1,New_news/ETA/ETA_news.csv,f0b55954c0065ebcf31054445af35d2e9e0477f868dfeb0feb6c2a7fbf338a69
NEWS_CANDIDATE_018347_0afc46eb,ETA,Annual Report 2020,Stock trading opportunities amid US dollar weakness,The Star,2025-05-08,https://www.thestar.com.my/business/business-news/2025/05/08/stock-trading-opportunities-amid-us-dollar-weakness,2203,,,,,wrong_company,"Another target company's strong alias appears, but the row ticker's target alias does not.",No,wrong_company,none,No,No,No,No,Yes,wrong_company,1,0,570fa57b62274353422b7310d8311ecf85be369340a34fb5080c98a0570a7ff0,"New_news_ETA_ETA_news_csv:{""row_number"": 14517}:06922cfa2bff",manual_preserve,manual_preserve_v1,New_news/ETA/ETA_news.csv,f0b55954c0065ebcf31054445af35d2e9e0477f868dfeb0feb6c2a7fbf338a69
NEWS_CANDIDATE_018370_b1eb16de,ETA,Annual Report 2020,"FBM KLCI snaps losing streak, ends at intraday high ahead of OPR decision",The Star,2025-05-07,https://www.thestar.com.my/business/business-news/2025/05/07/fbm-klci-snaps-losing-streak-ends-at-intraday-high-ahead-of-opr-decision,1605,,,,,wrong_company,"Another target company's strong alias appears, but the row ticker's target alias does not.",No,wrong_company,none,No,No,No,No,Yes,wrong_company,1,0,f39804dd74d2d4e00adadab361b965895a31343d142ebb7f3b6a9d45fa471e59,"New_news_ETA_ETA_news_csv:{""row_number"": 14540}:b89628a93a29",manual_preserve,manual_preserve_v1,New_news/ETA/ETA_news.csv,f0b55954c0065ebcf31054445af35d2e9e0477f868dfeb0feb6c2a7fbf338a69
NEWS_CANDIDATE_018375_9952cdfb,ETA,Annual Report 2020,"Trading ideas: Capital A, FGV, Malakoff, LFE, Hektar REIT, Favelle Favco, Life Water, Ivory, Masteel, Ygl, Jetson, Hartalega, Heineken, UOA REIT, Dufu",The Star,2025-05-07,https://www.thestar.com.my/business/business-news/2025/05/07/trading-ideas-capital-a-fgv-malakoff-lfe-hektar-reit-favelle-favco-life-water-ivory-masteel-ygl-jetson-hartalega-heineken-uoa-reit-dufu,2958,,,,,wrong_company,"Another target company's strong alias appears, but the row ticker's target alias does not.",No,wrong_company,none,No,No,No,No,Yes,wrong_company,1,0,8ff8dcc4f6ad2ae935b4f3c659c8b44c07e6a7c4b50e8e6b8c3b90d6856d2e45,"New_news_ETA_ETA_news_csv:{""row_number"": 14545}:4dc29f3d4add",manual_preserve,manual_preserve_v1,New_news/ETA/ETA_news.csv,f0b55954c0065ebcf31054445af35d2e9e0477f868dfeb0feb6c2a7fbf338a69
NEWS_CANDIDATE_018382_4aa2655e,ETA,Annual Report 2020,Strong ringgit – Stock winners and losers,The Star,2025-05-07,https://www.thestar.com.my/business/business-news/2025/05/07/strong-ringgit---stock-winners-and-losers,2845,,,,,wrong_company,"Another target company's strong alias appears, but the row ticker's target alias does not.",No,wrong_company,none,No,No,No,No,Yes,wrong_company,1,0,8603a9d92efb4982cd27a46c4f55ac1d97911ad37c7f1012c04634551a5c43eb,"New_news_ETA_ETA_news_csv:{""row_number"": 14552}:9931dd9a6342",manual_preserve,manual_preserve_v1,New_news/ETA/ETA_news.csv,f0b55954c0065ebcf31054445af35d2e9e0477f868dfeb0feb6c2a7fbf338a69
NEWS_CANDIDATE_018757_04925ada,ETA,Annual Report 2020,Malaysia’s halal product exports up 15% to RM62bil last year,The Star,2025-05-02,https://www.thestar.com.my/business/business-news/2025/05/02/malaysias-halal-product-exports-up-15-to-rm62bil-last-year,1702,,,,,wrong_company,"Another target company's strong alias appears, but the row ticker's target alias does not.",No,wrong_company,none,No,No,No,No,Yes,wrong_company,1,0,92be1ce1ee1ce68b889b1e2226c666b76f64bbe087c6120752b564f52f19f56f,"New_news_ETA_ETA_news_csv:{""row_number"": 14927}:47b991d74fd8",manual_preserve,manual_preserve_v1,New_news/ETA/ETA_news.csv,f0b55954c0065ebcf31054445af35d2e9e0477f868dfeb0feb6c2a7fbf338a69
NEWS_CANDIDATE_018770_771321bb,ETA,Annual Report 2020,Apple ranks first among Singapore’s best employers,The Star,2025-05-01,https://www.thestar.com.my/business/business-news/2025/05/01/apple-ranks-first-among-singapores-best-employers,1366,,,,,wrong_company,"Another target company's strong alias appears, but the row ticker's target alias does not.",No,wrong_company,none,No,No,No,No,Yes,wrong_company,0,0,93dc7374947aea7590896ec388a6d9beba8717dce5b5a103ea3dbe1b6bd1c0a6,"New_news_ETA_ETA_news_csv:{""row_number"": 14940}:c8477f901004",manual_preserve,manual_preserve_v1,New_news/ETA/ETA_news.csv,f0b55954c0065ebcf31054445af35d2e9e0477f868dfeb0feb6c2a7fbf338a69
NEWS_CANDIDATE_018784_5ca2cd27,ETA,Annual Report 2020,Termination of egg subsidy uplifts poultry stocks,The Star,2025-05-01,https://www.thestar.com.my/business/business-news/2025/05/01/termination-of-egg-subsidy-uplifts-poultry-stocks,2266,,,,,wrong_company,"Another target company's strong alias appears, but the row ticker's target alias does not.",No,wrong_company,none,No,No,No,No,Yes,wrong_company,1,0,0a6b9aa6466397a2f615897986d79a06b56608f042e1b1711a2e3dd202a2e40f,"New_news_ETA_ETA_news_csv:{""row_number"": 14954}:aa5bbd0397ab",manual_preserve,manual_preserve_v1,New_news/ETA/ETA_news.csv,f0b55954c0065ebcf31054445af35d2e9e0477f868dfeb0feb6c2a7fbf338a69
NEWS_CANDIDATE_018816_df37129a,ETA,Annual Report 2020,Strong domestic sales to bolster Nestle Malaysia,The Star,2025-04-30,https://www.thestar.com.my/business/business-news/2025/04/30/strong-domestic-sales-to-bolster-nestle-malaysia,3226,,,,,wrong_company,"Another target company's strong alias appears, but the row ticker's target alias does not.",No,wrong_company,none,No,No,No,No,Yes,wrong_company,1,0,d9b6ceea0b6a226c43f30e9aab33f55c5aee20165823b9f2458272efca6cba04,"New_news_ETA_ETA_news_csv:{""row_number"": 14986}:d57edfe4a93b",manual_preserve,manual_preserve_v1,New_news/ETA/ETA_news.csv,f0b55954c0065ebcf31054445af35d2e9e0477f868dfeb0feb6c2a7fbf338a69
NEWS_CANDIDATE_018820_0e2e8452,ETA,Annual Report 2020,F&N tax expenses spike expected to ease,The Star,2025-04-30,https://www.thestar.com.my/business/business-news/2025/04/30/fn-tax-expenses-spike-expected-to-ease,5853,,,,,wrong_company,"Another target company's strong alias appears, but the row ticker's target alias does not.",No,wrong_company,none,No,No,No,No,Yes,wrong_company,1,0,2e552b73b60fd23ba9a969e636f9c56448f7489d7f04d07b7900493a7c9bdb08,"New_news_ETA_ETA_news_csv:{""row_number"": 14990}:b0b99796982d",manual_preserve,manual_preserve_v1,New_news/ETA/ETA_news.csv,f0b55954c0065ebcf31054445af35d2e9e0477f868dfeb0feb6c2a7fbf338a69
NEWS_CANDIDATE_018898_220b74f4,ETA,Annual Report 2020,Malaysia’s halal product exports up 15% to RM61.79bil in 2024,The Star,2025-05-01,https://www.thestar.com.my/business/business-news/2025/05/01/malaysias-halal-product-exports-up-15-to-rm6179bil-in-2024,3723,,,,,wrong_company,"Another target company's strong alias appears, but the row ticker's target alias does not.",No,wrong_company,none,No,No,No,No,Yes,wrong_company,1,0,93db4ae48e42d92d32c24be3e6c7b4ec0a3b498465d09d8d0a333ff4daa5e413,"New_news_ETA_ETA_news_csv:{""row_number"": 15068}:f0b7f65af948",manual_preserve,manual_preserve_v1,New_news/ETA/ETA_news.csv,f0b55954c0065ebcf31054445af35d2e9e0477f868dfeb0feb6c2a7fbf338a69
NEWS_CANDIDATE_018970_947745b7,ETA,Annual Report 2020,Making connections through music,The Star,2025-05-02,https://www.thestar.com.my/metro/metro-news/2025/05/02/making-connections-through-music,2016,,,,,wrong_company,"Another target company's strong alias appears, but the row ticker's target alias does not.",No,wrong_company,none,No,No,No,No,Yes,wrong_company,1,0,c50dab37500c28c664112c46a270ee3dd687fbdd5b191aa6f17dab008a827a54,"New_news_ETA_ETA_news_csv:{""row_number"": 15140}:fdd82a232d1b",manual_preserve,manual_preserve_v1,New_news/ETA/ETA_news.csv,f0b55954c0065ebcf31054445af35d2e9e0477f868dfeb0feb6c2a7fbf338a69
NEWS_CANDIDATE_018975_28524b0e,ETA,Annual Report 2020,RM1mil in scholarships benefit over 300 youths,The Star,2025-05-01,https://www.thestar.com.my/metro/metro-news/2025/05/01/rm1mil-in-scholarships-benefit-over-300-youths,3118,,,,,wrong_company,"Another target company's strong alias appears, but the row ticker's target alias does not.",No,wrong_company,none,No,No,No,No,Yes,wrong_company,0,0,efabb83d78e369a0f680e133b1430e83db522f145744307fde5c0f291a8ce993,"New_news_ETA_ETA_news_csv:{""row_number"": 15145}:19011c94187f",manual_preserve,manual_preserve_v1,New_news/ETA/ETA_news.csv,f0b55954c0065ebcf31054445af35d2e9e0477f868dfeb0feb6c2a7fbf338a69
NEWS_CANDIDATE_018978_6ccc32a9,ETA,Annual Report 2020,More AEDs in S’gor public spaces,The Star,2025-05-01,https://www.thestar.com.my/metro/metro-news/2025/05/01/more-aeds-in-sgor-public-spaces,3703,,,,,wrong_company,"Another target company's strong alias appears, but the row ticker's target alias does not.",No,wrong_company,none,No,No,No,No,Yes,wrong_company,1,0,55489b9cccc3ec5f704c8e86bce398fe5ad02b861463814b08e3f3e286e7a998,"New_news_ETA_ETA_news_csv:{""row_number"": 15148}:38c5172fdac5",manual_preserve,manual_preserve_v1,New_news/ETA/ETA_news.csv,f0b55954c0065ebcf31054445af35d2e9e0477f868dfeb0feb6c2a7fbf338a69
NEWS_CANDIDATE_018991_2d7efe81,ETA,Annual Report 2020,"Recycling project expands to Subang Jaya, Sepang",The Star,2025-04-26,https://www.thestar.com.my/metro/metro-news/2025/04/26/recycling-project-expands-to-subang-jaya-sepang,3035,,,,,wrong_company,"Another target company's strong alias appears, but the row ticker's target alias does not.",No,wrong_company,none,No,No,No,No,Yes,wrong_company,1,0,556c225e50bd4d64108165d1a080b921b38af356bdf0a694a47c7eca8600ccaf,"New_news_ETA_ETA_news_csv:{""row_number"": 15161}:0ee76e153597",manual_preserve,manual_preserve_v1,New_news/ETA/ETA_news.csv,f0b55954c0065ebcf31054445af35d2e9e0477f868dfeb0feb6c2a7fbf338a69
NEWS_CANDIDATE_019323_26783e2c,ETA,Annual Report 2020,F&N moves closer to milk production with new herd,The Star,2025-04-17,https://www.thestar.com.my/business/business-news/2025/04/17/fn-moves-closer-to-milk-production-with-new-herd,4285,,,,,wrong_company,"Another target company's strong alias appears, but the row ticker's target alias does not.",No,wrong_company,none,No,No,No,No,Yes,wrong_company,1,0,3a78b2ded2dfce13cf9fe89ef8c0b54ce427b8a399ab276983658d12529eb846,"New_news_ETA_ETA_news_csv:{""row_number"": 15493}:89731c820c42",manual_preserve,manual_preserve_v1,New_news/ETA/ETA_news.csv,f0b55954c0065ebcf31054445af35d2e9e0477f868dfeb0feb6c2a7fbf338a69
NEWS_CANDIDATE_019368_2d186b8a,ETA,Annual Report 2020,Life Water targets high-capacity expansion,The Star,2025-04-16,https://www.thestar.com.my/business/business-news/2025/04/16/life-water-targets-high-capacity-expansion,2616,,,,,wrong_company,"Another target company's strong alias appears, but the row ticker's target alias does not.",No,wrong_company,none,No,No,No,No,Yes,wrong_company,1,0,23e6fe704fd4b5b2deff2f4d15bed4f5a148f056060b47038dc3bca925801f02,"New_news_ETA_ETA_news_csv:{""row_number"": 15538}:9b62c29b7351",manual_preserve,manual_preserve_v1,New_news/ETA/ETA_news.csv,f0b55954c0065ebcf31054445af35d2e9e0477f868dfeb0feb6c2a7fbf338a69
NEWS_CANDIDATE_019491_77b3d794,ETA,Annual Report 2020,Empowering the public with life-saving resuscitation skills,The Star,2025-04-17,https://www.thestar.com.my/metro/metro-news/2025/04/17/empowering-the-public-with-life-saving-resuscitation-skills,2963,,,,,wrong_company,"Another target company's strong alias appears, but the row ticker's target alias does not.",No,wrong_company,none,No,No,No,No,Yes,wrong_company,1,0,f019f63f9cf48d21939dcd36897a9b090e1ec564dce47c1b6d250faab2a178f6,"New_news_ETA_ETA_news_csv:{""row_number"": 15661}:32965e8bde1a",manual_preserve,manual_preserve_v1,New_news/ETA/ETA_news.csv,f0b55954c0065ebcf31054445af35d2e9e0477f868dfeb0feb6c2a7fbf338a69
NEWS_CANDIDATE_019587_012ce616,ETA,Annual Report 2020,"Moscow plans to use seized US-owned company to feed Russian army, document shows",The Star,2025-04-17,https://www.thestar.com.my/news/world/2025/04/17/exclusive-moscow-plans-to-use-seized-us-owned-company-to-feed-russian-army-document-shows,4156,,,,,wrong_company,"Another target company's strong alias appears, but the row ticker's target alias does not.",No,wrong_company,none,No,No,No,No,Yes,wrong_company,1,0,32c76265a8777b0fbaa423ba6e5184c51fa83b81121cd487d9a147cba6ce6d9d,"New_news_ETA_ETA_news_csv:{""row_number"": 15757}:adc7917d0722",manual_preserve,manual_preserve_v1,New_news/ETA/ETA_news.csv,f0b55954c0065ebcf31054445af35d2e9e0477f868dfeb0feb6c2a7fbf338a69
NEWS_CANDIDATE_019736_49466d35,ETA,Annual Report 2020,FBM KLCI surges 62.54 points on relief after Trump pauses tariffs,The Star,2025-04-10,https://www.thestar.com.my/business/business-news/2025/04/10/fbm-klci-surges-6254-points-on-relief-after-trump-pauses-tariffs,2079,,,,,wrong_company,"Another target company's strong alias appears, but the row ticker's target alias does not.",No,wrong_company,none,No,No,No,No,Yes,wrong_company,1,0,efdc0b65b954a9cccdc4fc9f6139d4f1741f7a30dfc0eb8ee51f64f22883f6fb,"New_news_ETA_ETA_news_csv:{""row_number"": 15906}:3c12c263c81f",manual_preserve,manual_preserve_v1,New_news/ETA/ETA_news.csv,f0b55954c0065ebcf31054445af35d2e9e0477f868dfeb0feb6c2a7fbf338a69
NEWS_CANDIDATE_019798_7ab30916,ETA,Annual Report 2020,Electric trucks likely to lower costs for Swift Haulage,The Star,2025-04-09,https://www.thestar.com.my/business/business-news/2025/04/09/electric-trucks-likely-to-lower-costs-for-swift-haulage,2790,,,,,wrong_company,"Another target company's strong alias appears, but the row ticker's target alias does not.",No,wrong_company,none,No,No,No,No,Yes,wrong_company,1,0,45c7c0fa5ac5f9c668a82b2568d8a22fcbaf0005383ce76a2d4a1fd5c5a212da,"New_news_ETA_ETA_news_csv:{""row_number"": 15968}:49099947e012",manual_preserve,manual_preserve_v1,New_news/ETA/ETA_news.csv,f0b55954c0065ebcf31054445af35d2e9e0477f868dfeb0feb6c2a7fbf338a69
NEWS_CANDIDATE_019925_018d0f80,ETA,Annual Report 2020,Irish charm spreads across 40 nightspots for St Patrick’s Day,The Star,2025-04-11,https://www.thestar.com.my/metro/metro-news/2025/04/11/irish-charm-spreads-across-40-nightspots-for-st-patricks-day--,1420,,,,,wrong_company,"Another target company's strong alias appears, but the row ticker's target alias does not.",No,wrong_company,none,No,No,No,No,Yes,wrong_company,0,0,7e77dc90b554894a07fb5fdb553d748a9125fd874d2328efd31f1e5f70db28f0,"New_news_ETA_ETA_news_csv:{""row_number"": 16095}:495c2e38759e",manual_preserve,manual_preserve_v1,New_news/ETA/ETA_news.csv,f0b55954c0065ebcf31054445af35d2e9e0477f868dfeb0feb6c2a7fbf338a69
NEWS_CANDIDATE_020077_84668353,ETA,Annual Report 2020,Carlsberg Malaysia’s maiden attempt on International Financial Reporting Standards (IFRS) S2 Climate-related Disclosure,The Star,2025-04-04,https://www.thestar.com.my/news/nation/2025/04/04/carlsberg-malaysias-maiden-attempt-on-international-financial-reporting-standards-ifrs-s2-climate-related-disclosure,5019,,,,,wrong_company,"Another target company's strong alias appears, but the row ticker's target alias does not.",No,wrong_company,none,No,No,No,No,Yes,wrong_company,1,0,473a5d0cdfc13a9940a954b67f050c01f793e4b70695512ff4b4067348326fb8,"New_news_ETA_ETA_news_csv:{""row_number"": 16247}:49dcfb9c4ab6",manual_preserve,manual_preserve_v1,New_news/ETA/ETA_news.csv,f0b55954c0065ebcf31054445af35d2e9e0477f868dfeb0feb6c2a7fbf338a69
NEWS_CANDIDATE_020165_0a6ce69a,ETA,Annual Report 2020,"Bursa Malaysia dips as Trump’s tariffs hit sentiment, last-minute buying cushions losses",The Star,2025-04-03,https://www.thestar.com.my/business/business-news/2025/04/03/bursa-malaysia-dips-as-trumps-tariffs-hit-sentiment-last-minute-buying-cushions-losses,2127,,,,,wrong_company,"Another target company's strong alias appears, but the row ticker's target alias does not.",No,wrong_company,none,No,No,No,No,Yes,wrong_company,1,0,d17a98f4bb241b4e0aef7e38afbfc47a96de5b100ae6d741f355d33429e72404,"New_news_ETA_ETA_news_csv:{""row_number"": 16335}:6fe88ba32781",manual_preserve,manual_preserve_v1,New_news/ETA/ETA_news.csv,f0b55954c0065ebcf31054445af35d2e9e0477f868dfeb0feb6c2a7fbf338a69
NEWS_CANDIDATE_020381_688e8f12,ETA,Annual Report 2020,"Food brand marks anniversary with cooking session, 300,000 bowls of bubur lambuk shared out",The Star,2025-03-29,https://www.thestar.com.my/metro/metro-news/2025/03/29/food-brand-marks-anniversary-with-cooking-session-300000-bowls-of-bubur-lambuk-shared-out,2575,,,,,wrong_company,"Another target company's strong alias appears, but the row ticker's target alias does not.",No,wrong_company,none,No,No,No,No,Yes,wrong_company,0,0,38295c918d47da3ba103877d91902be8b6b22daa79529918c085dc44767d8861,"New_news_ETA_ETA_news_csv:{""row_number"": 16551}:c5945592ac7c",manual_preserve,manual_preserve_v1,New_news/ETA/ETA_news.csv,f0b55954c0065ebcf31054445af35d2e9e0477f868dfeb0feb6c2a7fbf338a69
NEWS_CANDIDATE_020583_59a56ca4,ETA,Annual Report 2020,FBM KLCI hits two-week high despite U.S. tariff threats,The Star,2025-03-27,https://www.thestar.com.my/business/business-news/2025/03/27/fbm-klci-hits-two-week-high-despite-us-tariff-threats,1958,,,,,wrong_company,"Another target company's strong alias appears, but the row ticker's target alias does not.",No,wrong_company,none,No,No,No,No,Yes,wrong_company,1,0,aaea0e459e26871a5ee19a355bd648abb39d25b2bb5c7eb1df0dde3baff11397,"New_news_ETA_ETA_news_csv:{""row_number"": 16753}:e029cf17585c",manual_preserve,manual_preserve_v1,New_news/ETA/ETA_news.csv,f0b55954c0065ebcf31054445af35d2e9e0477f868dfeb0feb6c2a7fbf338a69
NEWS_CANDIDATE_020625_eb833f26,ETA,Annual Report 2020,FBM KLCI extends gains for second consecutive day,The Star,2025-03-26,https://www.thestar.com.my/business/business-news/2025/03/26/fbm-klci-extends-gains-for-second-consecutive-day,1619,,,,,wrong_company,"Another target company's strong alias appears, but the row ticker's target alias does not.",No,wrong_company,none,No,No,No,No,Yes,wrong_company,1,0,55e09d34d32ea0711c57f35fcf417ac987516ade3af3f355b13c2fc9d222ad8a,"New_news_ETA_ETA_news_csv:{""row_number"": 16795}:0b3d0c3be32a",manual_preserve,manual_preserve_v1,New_news/ETA/ETA_news.csv,f0b55954c0065ebcf31054445af35d2e9e0477f868dfeb0feb6c2a7fbf338a69
NEWS_CANDIDATE_021071_b50d6ff6,ETA,Annual Report 2020,Consumer sector poised to capitalise on tourism windfall,The Star,2025-03-19,https://www.thestar.com.my/business/business-news/2025/03/19/consumer-sector-poised-to-capitalise-on-tourism-windfall,2109,,,,,wrong_company,"Another target company's strong alias appears, but the row ticker's target alias does not.",No,wrong_company,none,No,No,No,No,Yes,wrong_company,1,0,0229323303d70e5331c5ff5490fac96d1342b7c8df4f2032bf1edce5f6bf07dd,"New_news_ETA_ETA_news_csv:{""row_number"": 17241}:b1852ed03f96",manual_preserve,manual_preserve_v1,New_news/ETA/ETA_news.csv,f0b55954c0065ebcf31054445af35d2e9e0477f868dfeb0feb6c2a7fbf338a69
NEWS_CANDIDATE_021447_a89c7b7e,ETA,Annual Report 2020,Earnings for Power Root set to recover next year,The Star,2025-03-13,https://www.thestar.com.my/business/business-news/2025/03/13/earnings-for-power-root-set-to-recover-next-year,1357,,,,,wrong_company,"Another target company's strong alias appears, but the row ticker's target alias does not.",No,wrong_company,none,No,No,No,No,Yes,wrong_company,1,0,651da0f4bea42de1068589e74009a67097a1e7723142e85d44282e7942076255,"New_news_ETA_ETA_news_csv:{""row_number"": 17617}:3f23dc7bb001",manual_preserve,manual_preserve_v1,New_news/ETA/ETA_news.csv,f0b55954c0065ebcf31054445af35d2e9e0477f868dfeb0feb6c2a7fbf338a69
NEWS_CANDIDATE_021462_630a7d29,ETA,Annual Report 2020,FBM KLCI crashes to a one-year low as trade fears escalate,The Star,2025-03-12,https://www.thestar.com.my/business/business-news/2025/03/12/fbm-klci-crashes-to-a-one-year-low-as-trade-fears-escalate,2432,,,,,wrong_company,"Another target company's strong alias appears, but the row ticker's target alias does not.",No,wrong_company,none,No,No,No,No,Yes,wrong_company,1,0,d25f9d5f198ffc993182dae2ccb63909100b28462658e02e689d29e793fd75e1,"New_news_ETA_ETA_news_csv:{""row_number"": 17632}:ebfa4acda751",manual_preserve,manual_preserve_v1,New_news/ETA/ETA_news.csv,f0b55954c0065ebcf31054445af35d2e9e0477f868dfeb0feb6c2a7fbf338a69
NEWS_CANDIDATE_021858_f9bb6c84,ETA,Annual Report 2020,"Trading ideas: PPB, CIMB, SunCon, OB, Cape EMS, Capital A, Kerjaya Prospek Property, Hibiscus, Vizione, KJTS, Aeon, Magni-Tech",The Star,2025-03-06,https://www.thestar.com.my/business/business-news/2025/03/06/trading-ideas-ppb-cimb-suncon-ob-cape-ems-capital-a-kerjaya-prospek-property-hibiscus-vizione-kjts-aeon-magni-tech,2416,,,,,wrong_company,"Another target company's strong alias appears, but the row ticker's target alias does not.",No,wrong_company,none,No,No,No,No,Yes,wrong_company,1,0,a76854b32a9f41a2cc7260c604a99da1397141b15b1c6c93646341acf2c7111e,"New_news_ETA_ETA_news_csv:{""row_number"": 18028}:c8a24b74437d",manual_preserve,manual_preserve_v1,New_news/ETA/ETA_news.csv,f0b55954c0065ebcf31054445af35d2e9e0477f868dfeb0feb6c2a7fbf338a69
NEWS_CANDIDATE_021880_9ce955e1,ETA,Annual Report 2020,PPB Group expects sound performance in 2025,The Star,2025-03-06,https://www.thestar.com.my/business/business-news/2025/03/06/ppb-group-expects-sound-performance-in-2025,1850,,,,,wrong_company,"Another target company's strong alias appears, but the row ticker's target alias does not.",No,wrong_company,none,No,No,No,No,Yes,wrong_company,1,0,d9e2bf45622fdb79d1f99250dfaed299424deac5d6fb80c784684116d32785b4,"New_news_ETA_ETA_news_csv:{""row_number"": 18050}:c5c81d61bf88",manual_preserve,manual_preserve_v1,New_news/ETA/ETA_news.csv,f0b55954c0065ebcf31054445af35d2e9e0477f868dfeb0feb6c2a7fbf338a69
NEWS_CANDIDATE_021891_9ecdb642,ETA,Annual Report 2020,Bargain hunting ends four-day losing streak on Bursa Malaysia,The Star,2025-03-05,https://www.thestar.com.my/business/business-news/2025/03/05/bargain-hunting-ends-four-day-losing-streak-on-bursa-malaysia,1459,,,,,wrong_company,"Another target company's strong alias appears, but the row ticker's target alias does not.",No,wrong_company,none,No,No,No,No,Yes,wrong_company,1,0,eae47b2f24a84e9d4de253bfbe2d1fe310cc6823679cc309b5d339fcb4e5eab1,"New_news_ETA_ETA_news_csv:{""row_number"": 18061}:eeded9311545",manual_preserve,manual_preserve_v1,New_news/ETA/ETA_news.csv,f0b55954c0065ebcf31054445af35d2e9e0477f868dfeb0feb6c2a7fbf338a69
NEWS_CANDIDATE_021894_4eac7dca,ETA,Annual Report 2020,PPB Group expects core business to continue delivering satisfactory performance in 2025,The Star,2025-03-05,https://www.thestar.com.my/business/business-news/2025/03/05/ppb-group-expects-core-business-to-continue-delivering-satisfactory-performance-in-2025,2168,,,,,wrong_company,"Another target company's strong alias appears, but the row ticker's target alias does not.",No,wrong_company,none,No,No,No,No,Yes,wrong_company,1,0,4fd07dc7657ddd71533bc6aecba707e3b055af1586015d75211c112bdf98ff29,"New_news_ETA_ETA_news_csv:{""row_number"": 18064}:5ba6e7c97bca",manual_preserve,manual_preserve_v1,New_news/ETA/ETA_news.csv,f0b55954c0065ebcf31054445af35d2e9e0477f868dfeb0feb6c2a7fbf338a69
NEWS_CANDIDATE_022287_32f5b359,ETA,Annual Report 2020,FBM KLCI slips as investors lock in profits,The Star,2025-02-27,https://www.thestar.com.my/business/business-news/2025/02/27/fbm-klci-slips-as-investors-lock-in-profits,1539,,,,,wrong_company,"Another target company's strong alias appears, but the row ticker's target alias does not.",No,wrong_company,none,No,No,No,No,Yes,wrong_company,1,0,5d2ba0bb6e7ca4729c8971623d8550e733dd4a513190cbd16e6a4bb7900f9709,"New_news_ETA_ETA_news_csv:{""row_number"": 18457}:46f0a336da30",manual_preserve,manual_preserve_v1,New_news/ETA/ETA_news.csv,f0b55954c0065ebcf31054445af35d2e9e0477f868dfeb0feb6c2a7fbf338a69
NEWS_CANDIDATE_022303_31e3daea,ETA,Annual Report 2020,Solid poultry demand to bolster LHI’s performance,The Star,2025-02-27,https://www.thestar.com.my/business/business-news/2025/02/27/solid-poultry-demand-to-bolster-lhis-performance,2356,,,,,wrong_company,"Another target company's strong alias appears, but the row ticker's target alias does not.",No,wrong_company,none,No,No,No,No,Yes,wrong_company,1,0,0abaeb0f0d8ecc7115418fc85575d64b48abe24268a126d591b91c705cf3f984,"New_news_ETA_ETA_news_csv:{""row_number"": 18473}:fe2ff0ec3f3c",manual_preserve,manual_preserve_v1,New_news/ETA/ETA_news.csv,f0b55954c0065ebcf31054445af35d2e9e0477f868dfeb0feb6c2a7fbf338a69
NEWS_CANDIDATE_022325_2550c9b5,ETA,Annual Report 2020,"Bargain hunting drives FBM KLCI rally, lifting index by 20.68 points",The Star,2025-02-26,https://www.thestar.com.my/business/business-news/2025/02/26/bargain-hunting-drives-fbm-klci-rally-lifting-index-by-2068-points,1997,,,,,wrong_company,"Another target company's strong alias appears, but the row ticker's target alias does not.",No,wrong_company,none,No,No,No,No,Yes,wrong_company,1,0,17f7671ec42515685121a1e4179619e14a779aabef59c5c13cffbb2b12884747,"New_news_ETA_ETA_news_csv:{""row_number"": 18495}:2ec082650717",manual_preserve,manual_preserve_v1,New_news/ETA/ETA_news.csv,f0b55954c0065ebcf31054445af35d2e9e0477f868dfeb0feb6c2a7fbf338a69
NEWS_CANDIDATE_022372_30e72be6,ETA,Annual Report 2020,Bursa Malaysia stays in the red at midday on broad-based selling,The Star,2025-02-28,https://www.thestar.com.my/business/business-news/2025/02/28/bursa-malaysia-stays-in-the-red-at-midday-on-broad-based-selling,1532,,,,,wrong_company,"Another target company's strong alias appears, but the row ticker's target alias does not.",No,wrong_company,none,No,No,No,No,Yes,wrong_company,1,0,91505bc81626e596083442a2c22c65554d15f43067aed33181bca4495784428d,"New_news_ETA_ETA_news_csv:{""row_number"": 18542}:882df0e18dca",manual_preserve,manual_preserve_v1,New_news/ETA/ETA_news.csv,f0b55954c0065ebcf31054445af35d2e9e0477f868dfeb0feb6c2a7fbf338a69
NEWS_CANDIDATE_022666_f19c4c40,ETA,Annual Report 2020,Will Western companies return to Russia if war with Ukraine ends?,The Star,2025-02-21,https://www.thestar.com.my/business/insight/2025/02/21/will-western-companies-return-to-russia-if-war-with-ukraine-ends,4706,,,,,wrong_company,"Another target company's strong alias appears, but the row ticker's target alias does not.",No,wrong_company,none,No,No,No,No,Yes,wrong_company,0,0,7bbb30c3923ee189d4819d2dce52e838e96c41e4b7a3d937faccff5b0d9ed6a9,"New_news_ETA_ETA_news_csv:{""row_number"": 18836}:2a5914ddf005",manual_preserve,manual_preserve_v1,New_news/ETA/ETA_news.csv,f0b55954c0065ebcf31054445af35d2e9e0477f868dfeb0feb6c2a7fbf338a69
NEWS_CANDIDATE_022693_9f58ed5f,ETA,Annual Report 2020,Selling pressure keeps FBM KLCI in the red amid weak sentiment,The Star,2025-02-20,https://www.thestar.com.my/business/business-news/2025/02/20/selling-pressure-keeps-fbm-klci-in-the-red-amid-weak-sentiment,1739,,,,,wrong_company,"Another target company's strong alias appears, but the row ticker's target alias does not.",No,wrong_company,none,No,No,No,No,Yes,wrong_company,1,0,7abad519957ef98c6838165736c8a0b991aeacd4a02b5dcc3e7691c726a51193,"New_news_ETA_ETA_news_csv:{""row_number"": 18863}:b4a7bafafa8b",manual_preserve,manual_preserve_v1,New_news/ETA/ETA_news.csv,f0b55954c0065ebcf31054445af35d2e9e0477f868dfeb0feb6c2a7fbf338a69
NEWS_CANDIDATE_022697_ca42a1a3,ETA,Annual Report 2020,Leong Hup set to gain from stable poultry prices and lower feed costs,The Star,2025-02-20,https://www.thestar.com.my/business/business-news/2025/02/20/leong-hup-set-to-gain-from-stable-poultry-prices-and-lower-feed-costs,1895,,,,,wrong_company,"Another target company's strong alias appears, but the row ticker's target alias does not.",No,wrong_company,none,No,No,No,No,Yes,wrong_company,1,0,d456cce32f8bf6853f6e62bd7d75831f415faa290ab7d42c038af2c39475c097,"New_news_ETA_ETA_news_csv:{""row_number"": 18867}:62380bbce273",manual_preserve,manual_preserve_v1,New_news/ETA/ETA_news.csv,f0b55954c0065ebcf31054445af35d2e9e0477f868dfeb0feb6c2a7fbf338a69
NEWS_CANDIDATE_022737_93c3d713,ETA,Annual Report 2020,FBM KLCI ends lower as heavyweights drag; glovemakers in focus,The Star,2025-02-19,https://www.thestar.com.my/business/business-news/2025/02/19/fbm-klci-ends-lower-as-heavyweights-drag-glovemakers-in-focus,2405,,,,,wrong_company,"Another target company's strong alias appears, but the row ticker's target alias does not.",No,wrong_company,none,No,No,No,No,Yes,wrong_company,1,0,d69fc17f6cc183c93131b6cabba7ea6b6a9605f0db95a4e6e7a78623346d1cd1,"New_news_ETA_ETA_news_csv:{""row_number"": 18907}:59787f511a67",manual_preserve,manual_preserve_v1,New_news/ETA/ETA_news.csv,f0b55954c0065ebcf31054445af35d2e9e0477f868dfeb0feb6c2a7fbf338a69
NEWS_CANDIDATE_022744_185435ff,ETA,Annual Report 2020,Rising tourism brightens consumer sector outlook,The Star,2025-02-19,https://www.thestar.com.my/business/business-news/2025/02/19/rising-tourism-brightens-consumer-sector-outlook,2632,,,,,wrong_company,"Another target company's strong alias appears, but the row ticker's target alias does not.",No,wrong_company,none,No,No,No,No,Yes,wrong_company,1,0,d801934c5f6420e5a3004c05e3b92cc44ed44bc80edf4687ab5da16d4dccdf9d,"New_news_ETA_ETA_news_csv:{""row_number"": 18914}:b22f42b568d5",manual_preserve,manual_preserve_v1,New_news/ETA/ETA_news.csv,f0b55954c0065ebcf31054445af35d2e9e0477f868dfeb0feb6c2a7fbf338a69
NEWS_CANDIDATE_022774_16c95b68,ETA,Annual Report 2020,KLCI ends at intraday high as bargain hunting drives rebound,The Star,2025-02-21,https://www.thestar.com.my/business/business-news/2025/02/21/klci-ends-at-intraday-high-as-bargain-hunting-drives-rebound,1712,,,,,wrong_company,"Another target company's strong alias appears, but the row ticker's target alias does not.",No,wrong_company,none,No,No,No,No,Yes,wrong_company,1,0,c75a4825a6e2cba3d5d314036be9908b6696d53819b3292ed8ae23de2407ea4d,"New_news_ETA_ETA_news_csv:{""row_number"": 18944}:bff784f5b0f9",manual_preserve,manual_preserve_v1,New_news/ETA/ETA_news.csv,f0b55954c0065ebcf31054445af35d2e9e0477f868dfeb0feb6c2a7fbf338a69
NEWS_CANDIDATE_023072_afa04d4f,ETA,Annual Report 2020,"Disposable income, tourism a boon for Heineken",The Star,2025-02-14,https://www.thestar.com.my/business/business-news/2025/02/14/disposable-income-tourism-a-boon-for-heineken,3140,,,,,wrong_company,"Another target company's strong alias appears, but the row ticker's target alias does not.",No,wrong_company,none,No,No,No,No,Yes,wrong_company,1,0,8eb889bb6c411f5d806ae87434aeb7eddd56d74fc2fddb97640e4b4aeaf4ea7e,"New_news_ETA_ETA_news_csv:{""row_number"": 19242}:9f1f20ee1d2c",manual_preserve,manual_preserve_v1,New_news/ETA/ETA_news.csv,f0b55954c0065ebcf31054445af35d2e9e0477f868dfeb0feb6c2a7fbf338a69
NEWS_CANDIDATE_023084_897f76d4,ETA,Annual Report 2020,Robust economy to boost Carlsberg sales,The Star,2025-02-14,https://www.thestar.com.my/business/business-news/2025/02/14/robust-economy-to-boost-carlsberg-sales,2824,,,,,wrong_company,"Another target company's strong alias appears, but the row ticker's target alias does not.",No,wrong_company,none,No,No,No,No,Yes,wrong_company,1,0,5e8067bb6bfec35927769b47dd5d94fd3eb1cced1b9a5f3aa17bf9568b4eeceb,"New_news_ETA_ETA_news_csv:{""row_number"": 19254}:192c0fd9b03a",manual_preserve,manual_preserve_v1,New_news/ETA/ETA_news.csv,f0b55954c0065ebcf31054445af35d2e9e0477f868dfeb0feb6c2a7fbf338a69
NEWS_CANDIDATE_023118_e528fcd6,ETA,Annual Report 2020,Heineken Malaysia 4Q earnings at new high,The Star,2025-02-13,https://www.thestar.com.my/business/business-news/2025/02/13/heineken-malaysia-4q-earnings-at-new-high,4254,,,,,wrong_company,"Another target company's strong alias appears, but the row ticker's target alias does not.",No,wrong_company,none,No,No,No,No,Yes,wrong_company,1,0,111535b995ac4e705003cd3d2d0e0e27f731a8bad4deb44a8468fa0c77ade5a9,"New_news_ETA_ETA_news_csv:{""row_number"": 19288}:106133566054",manual_preserve,manual_preserve_v1,New_news/ETA/ETA_news.csv,f0b55954c0065ebcf31054445af35d2e9e0477f868dfeb0feb6c2a7fbf338a69
NEWS_CANDIDATE_023133_127aa0c0,ETA,Annual Report 2020,Wilmar’s latest acquisition to bolster earnings,The Star,2025-02-12,https://www.thestar.com.my/business/business-news/2025/02/12/wilmars-latest-acquisition-to-bolster-earnings,3569,,,,,wrong_company,"Another target company's strong alias appears, but the row ticker's target alias does not.",No,wrong_company,none,No,No,No,No,Yes,wrong_company,1,0,8d84f9d6bc03f60d52cd4cf9a16fa2f229daf435c3ed219b05df2e13c1f578a3,"New_news_ETA_ETA_news_csv:{""row_number"": 19303}:b71cdc6d99fd",manual_preserve,manual_preserve_v1,New_news/ETA/ETA_news.csv,f0b55954c0065ebcf31054445af35d2e9e0477f868dfeb0feb6c2a7fbf338a69
NEWS_CANDIDATE_023467_bdd1781c,ETA,Annual Report 2020,Last-minute buying drives FBM KLCI higher for third consecutive session,The Star,2025-02-06,https://www.thestar.com.my/business/business-news/2025/02/06/last-minute-buying-drives-fbm-klci-higher-for-third-consecutive-session,1867,,,,,wrong_company,"Another target company's strong alias appears, but the row ticker's target alias does not.",No,wrong_company,none,No,No,No,No,Yes,wrong_company,1,0,aac3cd4defc32c0d5dafd7a010b4b93b9fe79801d280f5966e85da89856402c7,"New_news_ETA_ETA_news_csv:{""row_number"": 19637}:99c778aefa8c",manual_preserve,manual_preserve_v1,New_news/ETA/ETA_news.csv,f0b55954c0065ebcf31054445af35d2e9e0477f868dfeb0feb6c2a7fbf338a69
NEWS_CANDIDATE_023506_7fd88875,ETA,Annual Report 2020,"FBM KLCI continues upward trend, closing higher on Wednesday",The Star,2025-02-05,https://www.thestar.com.my/business/business-news/2025/02/05/fbm-klci-continues-upward-trend-closing-higher-on-wednesday,1444,,,,,wrong_company,"Another target company's strong alias appears, but the row ticker's target alias does not.",No,wrong_company,none,No,No,No,No,Yes,wrong_company,1,0,3b398418e1ceaab3cae1c197147c187cf11fddbfa16c9db8b5bae7f1243dea8d,"New_news_ETA_ETA_news_csv:{""row_number"": 19676}:4831f19c5dd3",manual_preserve,manual_preserve_v1,New_news/ETA/ETA_news.csv,f0b55954c0065ebcf31054445af35d2e9e0477f868dfeb0feb6c2a7fbf338a69
NEWS_CANDIDATE_023520_7c47d6e4,ETA,Annual Report 2020,Trump’s delayed tariffs to provide respite,The Star,2025-02-05,https://www.thestar.com.my/business/business-news/2025/02/05/trumps-delayed-tariffs-to-provide-respite,5730,,,,,wrong_company,"Another target company's strong alias appears, but the row ticker's target alias does not.",No,wrong_company,none,No,No,No,No,Yes,wrong_company,1,0,0ea36014aeddceb2447fc81e2a08fa27c5b981bfed3384379d6a4d8ef3eb88ff,"New_news_ETA_ETA_news_csv:{""row_number"": 19690}:be33d7d5cb6b",manual_preserve,manual_preserve_v1,New_news/ETA/ETA_news.csv,f0b55954c0065ebcf31054445af35d2e9e0477f868dfeb0feb6c2a7fbf338a69
NEWS_CANDIDATE_023632_fad79dea,ETA,Annual Report 2020,Putra Brand Awards 2024 honour engaging brands,The Star,2025-02-07,https://www.thestar.com.my/metro/metro-news/2025/02/07/putra-brand-awards-2024-honour-engaging-brands,3356,,,,,wrong_company,"Another target company's strong alias appears, but the row ticker's target alias does not.",No,wrong_company,none,No,No,No,No,Yes,wrong_company,0,0,b6ff89a80730a31e23540a7e6215b006b79328cb629cc6c7cf49be06128ea221,"New_news_ETA_ETA_news_csv:{""row_number"": 19802}:6d4ebe1e6b42",manual_preserve,manual_preserve_v1,New_news/ETA/ETA_news.csv,f0b55954c0065ebcf31054445af35d2e9e0477f868dfeb0feb6c2a7fbf338a69
NEWS_CANDIDATE_023870_c92614bb,ETA,Annual Report 2020,Carlsberg Malaysia on track to deliver a record full-year performance,The Star,2025-01-31,https://www.thestar.com.my/business/business-news/2025/01/31/carlsberg-malaysia-on-track-to-deliver-a-record-full-year-performance,3049,,,,,wrong_company,"Another target company's strong alias appears, but the row ticker's target alias does not.",No,wrong_company,none,No,No,No,No,Yes,wrong_company,0,0,3220ba9b156c17d82917a2c66f7569e6c81eb16f1c887599028693867bf49b8e,"New_news_ETA_ETA_news_csv:{""row_number"": 20040}:69e68486d70f",manual_preserve,manual_preserve_v1,New_news/ETA/ETA_news.csv,f0b55954c0065ebcf31054445af35d2e9e0477f868dfeb0feb6c2a7fbf338a69
NEWS_CANDIDATE_024041_67333eca,ETA,Annual Report 2020,Ten current and ex-national athletes receive contributions for CNY,The Star,2025-01-29,https://www.thestar.com.my/sport/others/2025/01/29/ten-current-and-ex-national-athletes-receive-contributions-for-cny,1758,,,,,wrong_company,"Another target company's strong alias appears, but the row ticker's target alias does not.",No,wrong_company,none,No,No,No,No,Yes,wrong_company,1,0,99433912fbf330a3889f2ebddd101e64eb5c68f5e9eff3bc0691c674931a6e61,"New_news_ETA_ETA_news_csv:{""row_number"": 20211}:d267e899631d",manual_preserve,manual_preserve_v1,New_news/ETA/ETA_news.csv,f0b55954c0065ebcf31054445af35d2e9e0477f868dfeb0feb6c2a7fbf338a69
NEWS_CANDIDATE_024326_3dda43a8,ETA,Annual Report 2020,"Trading ideas: Sunway, Sime Darby Property, Jentayu, Solar, TechStore, CLMT, Sentral, AME, Gadang, Hua Yang, Aneka",The Star,2025-01-23,https://www.thestar.com.my/business/business-news/2025/01/23/trading-ideas-sunway-sime-darby-property-jentayu-solar-techstore-clmt-sentral-ame-gadang-hua-yang-aneka,2405,,,,,wrong_company,"Another target company's strong alias appears, but the row ticker's target alias does not.",No,wrong_company,none,No,No,No,No,Yes,wrong_company,1,0,5a41b67290bd87f014bd4bc52926cf9ab5127a1e697bd59f4da60f294d34bdb1,"New_news_ETA_ETA_news_csv:{""row_number"": 20496}:82d1adc7f237",manual_preserve,manual_preserve_v1,New_news/ETA/ETA_news.csv,f0b55954c0065ebcf31054445af35d2e9e0477f868dfeb0feb6c2a7fbf338a69
NEWS_CANDIDATE_024341_1fba1b1d,ETA,Annual Report 2020,Rising inflation to hit consumer sentiment,The Star,2025-01-23,https://www.thestar.com.my/business/business-news/2025/01/23/rising-inflation-to-hit-consumer-sentiment,1895,,,,,wrong_company,"Another target company's strong alias appears, but the row ticker's target alias does not.",No,wrong_company,none,No,No,No,No,Yes,wrong_company,1,0,57041112a02d0fef02753d1f4397cdf468c755d626ba25d30619c496242ab6e6,"New_news_ETA_ETA_news_csv:{""row_number"": 20511}:bb5ce667896e",manual_preserve,manual_preserve_v1,New_news/ETA/ETA_news.csv,f0b55954c0065ebcf31054445af35d2e9e0477f868dfeb0feb6c2a7fbf338a69
NEWS_CANDIDATE_024402_8b11d8f3,ETA,Annual Report 2020,Bursa Malaysia ends week in the red despite trimming losses,The Star,2025-01-24,https://www.thestar.com.my/business/business-news/2025/01/24/bursa-malaysia-ends-week-in-the-red-despite-trimming-losses,1596,,,,,wrong_company,"Another target company's strong alias appears, but the row ticker's target alias does not.",No,wrong_company,none,No,No,No,No,Yes,wrong_company,1,0,c72791152150bec0335e340e23b778f8d7e90bf4901a539c4f6c08ba95d6bdd7,"New_news_ETA_ETA_news_csv:{""row_number"": 20572}:14c7a4a24589",manual_preserve,manual_preserve_v1,New_news/ETA/ETA_news.csv,f0b55954c0065ebcf31054445af35d2e9e0477f868dfeb0feb6c2a7fbf338a69
NEWS_CANDIDATE_024446_e6ee7c84,ETA,Annual Report 2020,Bursa Malaysia snaps winning streak; Oriental Kopi soars 98.86%,The Star,2025-01-23,https://www.thestar.com.my/business/business-news/2025/01/23/bursa-malaysia-snaps-winning-streak-oriental-kopi-soars-9886,1579,,,,,wrong_company,"Another target company's strong alias appears, but the row ticker's target alias does not.",No,wrong_company,none,No,No,No,No,Yes,wrong_company,1,0,28af73376c1db29c609ecde32a5130efd9373b900b89c5cafa52065b07dbb230,"New_news_ETA_ETA_news_csv:{""row_number"": 20616}:2c0794a4ce22",manual_preserve,manual_preserve_v1,New_news/ETA/ETA_news.csv,f0b55954c0065ebcf31054445af35d2e9e0477f868dfeb0feb6c2a7fbf338a69
NEWS_CANDIDATE_024800_64bc4ea6,ETA,Annual Report 2020,"Trading ideas: Yinson, Mah Sing, YTL Power, Kawan, Theta, Target I, AYS, Atlan, Sunway Property, CapitaLand, Oriental Kopi",The Star,2025-01-15,https://www.thestar.com.my/business/business-news/2025/01/15/trading-ideas-yinson-mah-sing-ytl-power-kawan-theta-target-i-ays-atlan-sunway-property-capitaland-oriental-kopi,2070,,,,,wrong_company,"Another target company's strong alias appears, but the row ticker's target alias does not.",No,wrong_company,none,No,No,No,No,Yes,wrong_company,1,0,606ec9dd9ed20c63ab519b4faa182e56778a56e8a1a587c220986d36c1e7e73b,"New_news_ETA_ETA_news_csv:{""row_number"": 20970}:b6c8b9213298",manual_preserve,manual_preserve_v1,New_news/ETA/ETA_news.csv,f0b55954c0065ebcf31054445af35d2e9e0477f868dfeb0feb6c2a7fbf338a69
NEWS_CANDIDATE_024923_b20b6a9a,ETA,Annual Report 2020,Roaring together for prosperous new year,The Star,2025-01-16,https://www.thestar.com.my/metro/metro-news/2025/01/16/roaring-together-for-prosperous-new-year,1940,,,,,wrong_company,"Another target company's strong alias appears, but the row ticker's target alias does not.",No,wrong_company,none,No,No,No,No,Yes,wrong_company,0,0,a642927b8dfb27e2f5bf029c1bca8e47c3cb90b33cbfc8aa657daf5f7ca4ea79,"New_news_ETA_ETA_news_csv:{""row_number"": 21093}:afd9e852eee8",manual_preserve,manual_preserve_v1,New_news/ETA/ETA_news.csv,f0b55954c0065ebcf31054445af35d2e9e0477f868dfeb0feb6c2a7fbf338a69
NEWS_CANDIDATE_025015_dc21d931,ETA,Annual Report 2020,Denmark's prime minister summons business leaders following Trump's Greenland threat,The Star,2025-01-16,https://www.thestar.com.my/news/world/2025/01/16/denmark039s-prime-minister-summons-business-leaders-following-trump039s-greenland-threat,1752,,,,,wrong_company,"Another target company's strong alias appears, but the row ticker's target alias does not.",No,wrong_company,none,No,No,No,No,Yes,wrong_company,0,0,dee7f9a6ad3d91e26e825a04fc7c12cab7820c46c519793cfcb9b940d9afc1b2,"New_news_ETA_ETA_news_csv:{""row_number"": 21185}:a37c49508f10",manual_preserve,manual_preserve_v1,New_news/ETA/ETA_news.csv,f0b55954c0065ebcf31054445af35d2e9e0477f868dfeb0feb6c2a7fbf338a69
NEWS_CANDIDATE_025221_00e8be1b,ETA,Annual Report 2020,Consumer product counters to benefit from higher wages,The Star,2025-01-08,https://www.thestar.com.my/business/business-news/2025/01/08/consumer-product-counters-to-benefit-from-higher-wages,2325,,,,,wrong_company,"Another target company's strong alias appears, but the row ticker's target alias does not.",No,wrong_company,none,No,No,No,No,Yes,wrong_company,1,0,eebdd1438b68a12467e9f3b95eed585c31c8173804d9a38c720289cc4e79f1dc,"New_news_ETA_ETA_news_csv:{""row_number"": 21391}:6966281ed69c",manual_preserve,manual_preserve_v1,New_news/ETA/ETA_news.csv,f0b55954c0065ebcf31054445af35d2e9e0477f868dfeb0feb6c2a7fbf338a69
NEWS_CANDIDATE_025249_ae56bb72,ETA,Annual Report 2020,"FBM KLCI edges up, bucks regional trend",The Star,2025-01-10,https://www.thestar.com.my/business/business-news/2025/01/10/fbm-klci-edges-up-bucks-regional-trend,1797,,,,,wrong_company,"Another target company's strong alias appears, but the row ticker's target alias does not.",No,wrong_company,none,No,No,No,No,Yes,wrong_company,1,0,232775f9c1ed3746ca06d2a27401e039da02618098efb62f6c7c5e0c3e6a0e9e,"New_news_ETA_ETA_news_csv:{""row_number"": 21419}:5134be5568e1",manual_preserve,manual_preserve_v1,New_news/ETA/ETA_news.csv,f0b55954c0065ebcf31054445af35d2e9e0477f868dfeb0feb6c2a7fbf338a69
NEWS_CANDIDATE_025319_8025a01c,ETA,Annual Report 2020,"Unique packaging, special rewards on tap for CNY",The Star,2025-01-10,https://www.thestar.com.my/metro/metro-news/2025/01/10/unique-packaging-special-rewards-on-tap-for-cny,2285,,,,,wrong_company,"Another target company's strong alias appears, but the row ticker's target alias does not.",No,wrong_company,none,No,No,No,No,Yes,wrong_company,1,0,c8a3649006995cd7a2bfee737d02425ef3cb10e3a996f53faffb364e3ca34409,"New_news_ETA_ETA_news_csv:{""row_number"": 21489}:d50ad8f18d2b",manual_preserve,manual_preserve_v1,New_news/ETA/ETA_news.csv,f0b55954c0065ebcf31054445af35d2e9e0477f868dfeb0feb6c2a7fbf338a69
NEWS_CANDIDATE_025747_2c93cfd6,ETA,Annual Report 2020,Planting seeds of change among Sabah’s children,The Star,2025-01-03,https://www.thestar.com.my/metro/metro-news/2025/01/03/planting-seeds-of-change-among-sabahs-children,3110,,,,,wrong_company,"Another target company's strong alias appears, but the row ticker's target alias does not.",No,wrong_company,none,No,No,No,No,Yes,wrong_company,1,0,0a356c1bf7fc1e86358e8f1a0261535ed9bbd3ad03a84a29de45ade7ac15b963,"New_news_ETA_ETA_news_csv:{""row_number"": 21917}:48321ca34853",manual_preserve,manual_preserve_v1,New_news/ETA/ETA_news.csv,f0b55954c0065ebcf31054445af35d2e9e0477f868dfeb0feb6c2a7fbf338a69
NEWS_CANDIDATE_025766_61767b95,ETA,Annual Report 2020,Key issues that shaped Petaling Jaya in 2024,The Star,2024-12-28,https://www.thestar.com.my/metro/metro-news/2024/12/28/pj-folk-make-their-voices-heard,8537,,,,,wrong_company,"Another target company's strong alias appears, but the row ticker's target alias does not.",No,wrong_company,none,No,No,No,No,Yes,wrong_company,1,0,9cc3f59530fec84fed93dc636b7d6bf6fef5b9fd231ac0df5d1aa97a107a290f,"New_news_ETA_ETA_news_csv:{""row_number"": 21936}:0d7a1d7ceb71",manual_preserve,manual_preserve_v1,New_news/ETA/ETA_news.csv,f0b55954c0065ebcf31054445af35d2e9e0477f868dfeb0feb6c2a7fbf338a69
NEWS_CANDIDATE_025949_b6d0e30c,ETA,Annual Report 2020,"FBM KLCI rises 0.9%, led by TNB in year-end window dressing",The Star,2024-12-27,https://www.thestar.com.my/business/business-news/2024/12/27/fbm-klci-rises-09-led-by-tnb-in-year-end-window-dressing,1945,,,,,wrong_company,"Another target company's strong alias appears, but the row ticker's target alias does not.",No,wrong_company,none,No,No,No,No,Yes,wrong_company,1,0,49c8d248d7220f363269d96cb0435f41a6d2cef7f145cebfd40b4b527f7465e2,"New_news_ETA_ETA_news_csv:{""row_number"": 22119}:00591609fba5",manual_preserve,manual_preserve_v1,New_news/ETA/ETA_news.csv,f0b55954c0065ebcf31054445af35d2e9e0477f868dfeb0feb6c2a7fbf338a69
NEWS_CANDIDATE_026016_a1fab908,ETA,Annual Report 2020,"FBM KLCI climbs back above 1,600 points on Christmas boost",The Star,2024-12-24,https://www.thestar.com.my/business/business-news/2024/12/24/fbm-klci-climbs-back-above-1600-points-on-christmas-boost,1969,,,,,wrong_company,"Another target company's strong alias appears, but the row ticker's target alias does not.",No,wrong_company,none,No,No,No,No,Yes,wrong_company,1,0,4bfe8478527fd62502b6faa8c3d9830a48c31d8d987dc6b661f9433eb54935ac,"New_news_ETA_ETA_news_csv:{""row_number"": 22186}:bb750c1a0b70",manual_preserve,manual_preserve_v1,New_news/ETA/ETA_news.csv,f0b55954c0065ebcf31054445af35d2e9e0477f868dfeb0feb6c2a7fbf338a69
NEWS_CANDIDATE_026382_4dbd25ee,ETA,Annual Report 2020,"FBM KLCI rebounds, ending two-day losing streak amid regional gains",The Star,2024-12-18,https://www.thestar.com.my/business/business-news/2024/12/18/fbm-klci-rebounds-ending-two-day-losing-streak-amid-regional-gains,1701,,,,,wrong_company,"Another target company's strong alias appears, but the row ticker's target alias does not.",No,wrong_company,none,No,No,No,No,Yes,wrong_company,1,0,1b970f3cd0cb85345df77257252fdabfcbaae3934e46d846edd070ebb3a991dd,"New_news_ETA_ETA_news_csv:{""row_number"": 22552}:fcb70e3869b9",manual_preserve,manual_preserve_v1,New_news/ETA/ETA_news.csv,f0b55954c0065ebcf31054445af35d2e9e0477f868dfeb0feb6c2a7fbf338a69
NEWS_CANDIDATE_026396_7c4ea1f1,ETA,Annual Report 2020,Rising incomes to drive demand for staple goods,The Star,2024-12-18,https://www.thestar.com.my/business/business-news/2024/12/18/rising-incomes-to-drive-demand-for-staple-goods,3090,,,,,wrong_company,"Another target company's strong alias appears, but the row ticker's target alias does not.",No,wrong_company,none,No,No,No,No,Yes,wrong_company,1,0,762abbee93f546c8076a511f022766d4539a8e0aeb5c1ba3bf3398c3e1561778,"New_news_ETA_ETA_news_csv:{""row_number"": 22566}:486f64a30ee6",manual_preserve,manual_preserve_v1,New_news/ETA/ETA_news.csv,f0b55954c0065ebcf31054445af35d2e9e0477f868dfeb0feb6c2a7fbf338a69
NEWS_CANDIDATE_026407_7037b9e8,ETA,Annual Report 2020,Brewing fresh ideas,The Star,2024-12-15,https://www.thestar.com.my/news/education/2024/12/15/brewing-fresh-ideas,3464,,,,,wrong_company,"Another target company's strong alias appears, but the row ticker's target alias does not.",No,wrong_company,none,No,No,No,No,Yes,wrong_company,0,0,5fd2c63840dfe68ea829ae6b212b913f72673742b30c8ba4641d8c5a8c25f1d9,"New_news_ETA_ETA_news_csv:{""row_number"": 22577}:ebe235d7dcec",manual_preserve,manual_preserve_v1,New_news/ETA/ETA_news.csv,f0b55954c0065ebcf31054445af35d2e9e0477f868dfeb0feb6c2a7fbf338a69
NEWS_CANDIDATE_026516_a7a18f3a,ETA,Annual Report 2020,Making better nutritional choices,The Star,2024-12-17,https://www.thestar.com.my/metro/metro-news/2024/12/17/making-better-nutritional-choices,2944,,,,,wrong_company,"Another target company's strong alias appears, but the row ticker's target alias does not.",No,wrong_company,none,No,No,No,No,Yes,wrong_company,0,0,88ff313bbfef1b310dc15a05102215a47fbff8f2aaa5539001918dbfd6140f12,"New_news_ETA_ETA_news_csv:{""row_number"": 22686}:ff27d5316ae4",manual_preserve,manual_preserve_v1,New_news/ETA/ETA_news.csv,f0b55954c0065ebcf31054445af35d2e9e0477f868dfeb0feb6c2a7fbf338a69
NEWS_CANDIDATE_026523_6743f923,ETA,Annual Report 2020,Premium shopping excitement to close out the year,The Star,2024-12-16,https://www.thestar.com.my/metro/metro-news/2024/12/16/premium-shopping-excitement-to-close-out-the-year,2557,,,,,wrong_company,"Another target company's strong alias appears, but the row ticker's target alias does not.",No,wrong_company,none,No,No,No,No,Yes,wrong_company,1,0,934f4d45459ed97fedb5b3babfa866effeb208186f881f050de8400ba9232e3b,"New_news_ETA_ETA_news_csv:{""row_number"": 22693}:be7e7159aae2",manual_preserve,manual_preserve_v1,New_news/ETA/ETA_news.csv,f0b55954c0065ebcf31054445af35d2e9e0477f868dfeb0feb6c2a7fbf338a69
NEWS_CANDIDATE_026768_da3997ef,ETA,Annual Report 2020,"Trading ideas: Gamuda, SkyWorld, PGF, FGV, Mega First, JHM, MN, OCK, Sunview, Power Root, SNS",The Star,2024-12-11,https://www.thestar.com.my/business/business-news/2024/12/11/trading-ideas-gamuda-skyworld-pgf-fgv-mega-first-jhm-mn-ock-sunview-power-root-sns,2343,,,,,wrong_company,"Another target company's strong alias appears, but the row ticker's target alias does not.",No,wrong_company,none,No,No,No,No,Yes,wrong_company,1,0,11f7996f05839defeb7e9b6ae5f08518694f4368f8c602d5d58feb11a6593073,"New_news_ETA_ETA_news_csv:{""row_number"": 22938}:6407a09db085",manual_preserve,manual_preserve_v1,New_news/ETA/ETA_news.csv,f0b55954c0065ebcf31054445af35d2e9e0477f868dfeb0feb6c2a7fbf338a69
NEWS_CANDIDATE_026787_1b7ffd22,ETA,Annual Report 2020,Power Root buys land worth RM20mil,The Star,2024-12-11,https://www.thestar.com.my/business/business-news/2024/12/11/power-root-buys-land-worth-rm20mil,754,,,,,wrong_company,"Another target company's strong alias appears, but the row ticker's target alias does not.",No,wrong_company,none,No,No,No,No,Yes,wrong_company,1,0,a80f7647fdf29c90649f5ad6da1a7847c8f434446129a43f026e729c96ace710,"New_news_ETA_ETA_news_csv:{""row_number"": 22957}:3673abb034dc",manual_preserve,manual_preserve_v1,New_news/ETA/ETA_news.csv,f0b55954c0065ebcf31054445af35d2e9e0477f868dfeb0feb6c2a7fbf338a69
NEWS_CANDIDATE_027139_f9dd74fd,ETA,Annual Report 2020,"Gamuda, 99 Speed Mart gain entry to the FBM KLCI",The Star,2024-12-06,https://www.thestar.com.my/business/business-news/2024/12/06/gamuda-99-speed-mart-gain-entry-to-the-fbm-klci,1091,,,,,wrong_company,"Another target company's strong alias appears, but the row ticker's target alias does not.",No,wrong_company,none,No,No,No,No,Yes,wrong_company,0,0,b3c298f34e2cc1cf7ab624b648e8fa412fcac2e35b068100f0ccc6bb53bf1352,"New_news_ETA_ETA_news_csv:{""row_number"": 23309}:b281cf7d3688",manual_preserve,manual_preserve_v1,New_news/ETA/ETA_news.csv,f0b55954c0065ebcf31054445af35d2e9e0477f868dfeb0feb6c2a7fbf338a69
NEWS_CANDIDATE_027203_3a49625e,ETA,Annual Report 2020,Higher production capacity to buoy Spritzer showing,The Star,2024-12-04,https://www.thestar.com.my/business/business-news/2024/12/04/higher-production-capacity-to-buoy-spritzer-showing,2228,,,,,wrong_company,"Another target company's strong alias appears, but the row ticker's target alias does not.",No,wrong_company,none,No,No,No,No,Yes,wrong_company,1,0,c057bd747a9e1b3194b58b921649253601de7c592c21cabe889239648917395c,"New_news_ETA_ETA_news_csv:{""row_number"": 23373}:0ef376d8c455",manual_preserve,manual_preserve_v1,New_news/ETA/ETA_news.csv,f0b55954c0065ebcf31054445af35d2e9e0477f868dfeb0feb6c2a7fbf338a69
NEWS_CANDIDATE_027347_c35e5d08,ETA,Annual Report 2020,Race walking gains popularity among youths,The Star,2024-12-03,https://www.thestar.com.my/metro/metro-news/2024/12/03/race-walking-gains-popularity-among-youths,3640,,,,,wrong_company,"Another target company's strong alias appears, but the row ticker's target alias does not.",No,wrong_company,none,No,No,No,No,Yes,wrong_company,1,0,12920f2d3e56eb2c1ce513c3640107bdb2dabc70c909ed762bdd295c157da8b9,"New_news_ETA_ETA_news_csv:{""row_number"": 23517}:add170c1dba5",manual_preserve,manual_preserve_v1,New_news/ETA/ETA_news.csv,f0b55954c0065ebcf31054445af35d2e9e0477f868dfeb0feb6c2a7fbf338a69
NEWS_CANDIDATE_027544_7edff4f4,ETA,Annual Report 2020,Farm Fresh 2Q net profit surges to RM26.2mil,The Star,2024-11-28,https://www.thestar.com.my/business/business-news/2024/11/28/farm-fresh-2q-net-profit-surges-to-rm262mil,2311,,,,,wrong_company,"Another target company's strong alias appears, but the row ticker's target alias does not.",No,wrong_company,none,No,No,No,No,Yes,wrong_company,1,0,3d24e43930739ebfdcd7e5f93aff85ea9ee864192b18f511b9716038275c571a,"New_news_ETA_ETA_news_csv:{""row_number"": 23714}:230bd125316e",manual_preserve,manual_preserve_v1,New_news/ETA/ETA_news.csv,f0b55954c0065ebcf31054445af35d2e9e0477f868dfeb0feb6c2a7fbf338a69
NEWS_CANDIDATE_027630_72973c62,ETA,Annual Report 2020,FBM KLCI ends lower for second straight day,The Star,2024-11-29,https://www.thestar.com.my/business/business-news/2024/11/29/fbm-klci-ends-lower-for-second-straight-day,1402,,,,,wrong_company,"Another target company's strong alias appears, but the row ticker's target alias does not.",No,wrong_company,none,No,No,No,No,Yes,wrong_company,1,0,a3920172d9298f480a35342431e808498501c1e51d793ceac74a5e5d45530e0e,"New_news_ETA_ETA_news_csv:{""row_number"": 23800}:5267579494cb",manual_preserve,manual_preserve_v1,New_news/ETA/ETA_news.csv,f0b55954c0065ebcf31054445af35d2e9e0477f868dfeb0feb6c2a7fbf338a69
NEWS_CANDIDATE_027720_9e6b6a5b,ETA,Annual Report 2020,First winner of Premier League contest crowned at viewing event,The Star,2024-11-29,https://www.thestar.com.my/metro/metro-news/2024/11/29/first-winner-of-premier-league-contest-crowned-at-viewing-event,1066,,,,,wrong_company,"Another target company's strong alias appears, but the row ticker's target alias does not.",No,wrong_company,none,No,No,No,No,Yes,wrong_company,0,0,22ee600e33c6a8980bfae5c568afe94864c331cf9d4f566792a38cdbe7f0e8f5,"New_news_ETA_ETA_news_csv:{""row_number"": 23890}:60ea7d2c9456",manual_preserve,manual_preserve_v1,New_news/ETA/ETA_news.csv,f0b55954c0065ebcf31054445af35d2e9e0477f868dfeb0feb6c2a7fbf338a69
NEWS_CANDIDATE_027760_93b0b84c,ETA,Annual Report 2020,Brewery’s education fund pours into 12 more beneficiaries,The Star,2024-11-21,https://www.thestar.com.my/metro/metro-news/2024/11/21/brewerys-education-fund-pours-into-12-more-beneficiaries,3501,,,,,wrong_company,"Another target company's strong alias appears, but the row ticker's target alias does not.",No,wrong_company,none,No,No,No,No,Yes,wrong_company,1,0,f749aafc55ae71467e7fc2e1b3a09d38c42bd3d0e815be45d853b6b16bb06b78,"New_news_ETA_ETA_news_csv:{""row_number"": 23930}:d573e28c010a",manual_preserve,manual_preserve_v1,New_news/ETA/ETA_news.csv,f0b55954c0065ebcf31054445af35d2e9e0477f868dfeb0feb6c2a7fbf338a69
NEWS_CANDIDATE_028024_51a48619,ETA,Annual Report 2020,"FBM KLCI ends lower but stays above the 1,600 key level",The Star,2024-11-14,https://www.thestar.com.my/business/business-news/2024/11/14/fbm-klci-ends-lower-but-stays-above-the-1600-key-level,1562,,,,,wrong_company,"Another target company's strong alias appears, but the row ticker's target alias does not.",No,wrong_company,none,No,No,No,No,Yes,wrong_company,1,0,85b1825523fac7d5f44b74ba929ca47ed1ecf46c49b15b22b125a3264622d0d7,"New_news_ETA_ETA_news_csv:{""row_number"": 24194}:ea6f5b58123f",manual_preserve,manual_preserve_v1,New_news/ETA/ETA_news.csv,f0b55954c0065ebcf31054445af35d2e9e0477f868dfeb0feb6c2a7fbf338a69
NEWS_CANDIDATE_028039_6667e859,ETA,Annual Report 2020,Spritzer’s sparkling potential undervalued by market,The Star,2024-11-14,https://www.thestar.com.my/business/business-news/2024/11/14/spritzers-sparkling-potential-undervalued-by-market,2654,,,,,wrong_company,"Another target company's strong alias appears, but the row ticker's target alias does not.",No,wrong_company,none,No,No,No,No,Yes,wrong_company,1,0,feeb8c96d7376d602125bc4d7a4801de5a4195e8988cd0a85a17c436629445d5,"New_news_ETA_ETA_news_csv:{""row_number"": 24209}:525b6b350185",manual_preserve,manual_preserve_v1,New_news/ETA/ETA_news.csv,f0b55954c0065ebcf31054445af35d2e9e0477f868dfeb0feb6c2a7fbf338a69
NEWS_CANDIDATE_028040_54b89e07,ETA,Annual Report 2020,Heineken to tap into stout consumer demand,The Star,2024-11-14,https://www.thestar.com.my/business/business-news/2024/11/14/heineken-to-tap-into-stout-consumer-demand,2593,,,,,wrong_company,"Another target company's strong alias appears, but the row ticker's target alias does not.",No,wrong_company,none,No,No,No,No,Yes,wrong_company,1,0,dfe580db48b5db764f0c9c36cd2fa40ea045b0b00555a7ea8f2ae04f90e3c865,"New_news_ETA_ETA_news_csv:{""row_number"": 24210}:3c249026f19c",manual_preserve,manual_preserve_v1,New_news/ETA/ETA_news.csv,f0b55954c0065ebcf31054445af35d2e9e0477f868dfeb0feb6c2a7fbf338a69
NEWS_CANDIDATE_028369_96bc0bb0,ETA,Annual Report 2020,Holistic approach in ESG journey,The Star,2024-11-08,https://www.thestar.com.my/news/nation/2024/11/08/holistic-approach-in-esg-journey,4822,,,,,wrong_company,"Another target company's strong alias appears, but the row ticker's target alias does not.",No,wrong_company,none,No,No,No,No,Yes,wrong_company,1,0,8bf309fcd6cc21bce5ca9ef4171353d2376157fb81d9179bbd17c31df6eff0eb,"New_news_ETA_ETA_news_csv:{""row_number"": 24539}:04323f89cea4",manual_preserve,manual_preserve_v1,New_news/ETA/ETA_news.csv,f0b55954c0065ebcf31054445af35d2e9e0477f868dfeb0feb6c2a7fbf338a69
NEWS_CANDIDATE_028475_6cb43a06,ETA,Annual Report 2020,"Trading ideas: IOI, Gagasan Nadi, Xin Hwa, T7, TCS, Aneka, HE, Ann Joo, Aimflex, F&N",The Star,2024-11-06,https://www.thestar.com.my/business/business-news/2024/11/06/trading-ideas-ioi-gagasan-nadi-xin-hwa-t7-tcs-aneka-he-ann-joo-aimflex-fn,2010,,,,,wrong_company,"Another target company's strong alias appears, but the row ticker's target alias does not.",No,wrong_company,none,No,No,No,No,Yes,wrong_company,1,0,3f50266b91b4af2d79a0fdab9cbdaae5b42f566d41e161930feb0b90252e3448,"New_news_ETA_ETA_news_csv:{""row_number"": 24645}:79d375984f02",manual_preserve,manual_preserve_v1,New_news/ETA/ETA_news.csv,f0b55954c0065ebcf31054445af35d2e9e0477f868dfeb0feb6c2a7fbf338a69
NEWS_CANDIDATE_028525_f163acf8,ETA,Annual Report 2020,"FBM KLCI opens higher, then slides on profit-taking",The Star,2024-11-07,https://www.thestar.com.my/business/business-news/2024/11/07/fbm-klci-opens-higher-then-slides-on-profit-taking,2768,,,,,wrong_company,"Another target company's strong alias appears, but the row ticker's target alias does not.",No,wrong_company,none,No,No,No,No,Yes,wrong_company,1,0,3847e2caf56569b7eec1d294391fae0b3820141b7f8f441ac752fef1c236bb2c,"New_news_ETA_ETA_news_csv:{""row_number"": 24695}:2bc685808dcb",manual_preserve,manual_preserve_v1,New_news/ETA/ETA_news.csv,f0b55954c0065ebcf31054445af35d2e9e0477f868dfeb0feb6c2a7fbf338a69
NEWS_CANDIDATE_028597_2d011de8,ETA,Annual Report 2020,Company pours millions into water protection,The Star,2024-11-05,https://www.thestar.com.my/metro/metro-news/2024/11/05/company-pours-millions-into-water-protection,4423,,,,,wrong_company,"Another target company's strong alias appears, but the row ticker's target alias does not.",No,wrong_company,none,No,No,No,No,Yes,wrong_company,1,0,93aa4459c4198ffb71db89efc7d51a5d45de49516e3d32c1b2132337084b01dd,"New_news_ETA_ETA_news_csv:{""row_number"": 24767}:ad528a1db64f",manual_preserve,manual_preserve_v1,New_news/ETA/ETA_news.csv,f0b55954c0065ebcf31054445af35d2e9e0477f868dfeb0feb6c2a7fbf338a69
NEWS_CANDIDATE_028816_0d84f058,ETA,Annual Report 2020,Farm Fresh’s strong branding drives robust growth,The Star,2024-10-30,https://www.thestar.com.my/business/business-news/2024/10/30/farm-freshs-strong-branding-drives-robust-growth,3080,,,,,wrong_company,"Another target company's strong alias appears, but the row ticker's target alias does not.",No,wrong_company,none,No,No,No,No,Yes,wrong_company,1,0,b64f62aec86e6294e690556fa1eb66b352b6692f16cba3dc97440c9968ff744d,"New_news_ETA_ETA_news_csv:{""row_number"": 24986}:869794490430",manual_preserve,manual_preserve_v1,New_news/ETA/ETA_news.csv,f0b55954c0065ebcf31054445af35d2e9e0477f868dfeb0feb6c2a7fbf338a69
NEWS_CANDIDATE_028836_9ee2776f,ETA,Annual Report 2020,Bursa Malaysia rebounds as bargain hunters swoop in,The Star,2024-10-29,https://www.thestar.com.my/business/business-news/2024/10/29/bursa-malaysia-rebounds-as-bargain-hunters-swoop-in,1818,,,,,wrong_company,"Another target company's strong alias appears, but the row ticker's target alias does not.",No,wrong_company,none,No,No,No,No,Yes,wrong_company,1,0,3f54f89bba95c7a0154babb4cdd9d070a66d52c0b8e41858bf6f16463ebeccfe,"New_news_ETA_ETA_news_csv:{""row_number"": 25006}:2e12dbcf8877",manual_preserve,manual_preserve_v1,New_news/ETA/ETA_news.csv,f0b55954c0065ebcf31054445af35d2e9e0477f868dfeb0feb6c2a7fbf338a69
NEWS_CANDIDATE_029183_87c2d054,ETA,Annual Report 2020,Bursa Malaysia slips for fifth session amid selling pressure,The Star,2024-10-25,https://www.thestar.com.my/business/business-news/2024/10/25/bursa-malaysia-slips-for-fifth-session-amid-selling-pressure,1627,,,,,wrong_company,"Another target company's strong alias appears, but the row ticker's target alias does not.",No,wrong_company,none,No,No,No,No,Yes,wrong_company,1,0,d3fc68f93472499acdf75a9d485e67e927f333308a99117ab8e530f2d76b5f03,"New_news_ETA_ETA_news_csv:{""row_number"": 25353}:ab950ea4a2f1",manual_preserve,manual_preserve_v1,New_news/ETA/ETA_news.csv,f0b55954c0065ebcf31054445af35d2e9e0477f868dfeb0feb6c2a7fbf338a69
NEWS_CANDIDATE_029191_1012069d,ETA,Annual Report 2020,A boost for consumption from Budget 2025,The Star,2024-10-25,https://www.thestar.com.my/business/business-news/2024/10/25/a-boost-for-consumption-from-budget-2025,4811,,,,,wrong_company,"Another target company's strong alias appears, but the row ticker's target alias does not.",No,wrong_company,none,No,No,No,No,Yes,wrong_company,1,0,ebd12d9f62f0d1c43ddf6ef0d04cfa2a3bf07bf78b990aedee940f06127a05ac,"New_news_ETA_ETA_news_csv:{""row_number"": 25361}:c170e4d41b3d",manual_preserve,manual_preserve_v1,New_news/ETA/ETA_news.csv,f0b55954c0065ebcf31054445af35d2e9e0477f868dfeb0feb6c2a7fbf338a69
NEWS_CANDIDATE_029211_16de4eff,ETA,Annual Report 2020,Nestle records turnover of RM4.75bil in 9M24,The Star,2024-10-25,https://www.thestar.com.my/business/business-news/2024/10/25/nestle-records-turnover-of-rm475bil-in-9m24,1727,,,,,wrong_company,"Another target company's strong alias appears, but the row ticker's target alias does not.",No,wrong_company,none,No,No,No,No,Yes,wrong_company,1,0,8befdb7491f3770d5abe705cd6c94556276e55add34223ffa321b961a18e0202,"New_news_ETA_ETA_news_csv:{""row_number"": 25381}:b82f83ff1965",manual_preserve,manual_preserve_v1,New_news/ETA/ETA_news.csv,f0b55954c0065ebcf31054445af35d2e9e0477f868dfeb0feb6c2a7fbf338a69
NEWS_CANDIDATE_029302_43d3f5a5,ETA,Annual Report 2020,FBM KLCI little changed in early trade,The Star,2024-10-25,https://www.thestar.com.my/business/business-news/2024/10/25/fbm-klci-little-changed-in-early-trade,1944,,,,,wrong_company,"Another target company's strong alias appears, but the row ticker's target alias does not.",No,wrong_company,none,No,No,No,No,Yes,wrong_company,1,0,e3933a9307710842ce4008886b79bd871beac4d5a97c67662a517f888a30e214,"New_news_ETA_ETA_news_csv:{""row_number"": 25472}:a8998f312b40",manual_preserve,manual_preserve_v1,New_news/ETA/ETA_news.csv,f0b55954c0065ebcf31054445af35d2e9e0477f868dfeb0feb6c2a7fbf338a69
NEWS_CANDIDATE_029390_f3f17288,ETA,Annual Report 2020,PJ factory’s iconic cows moo-ving to new home,The Star,2024-10-24,https://www.thestar.com.my/metro/metro-news/2024/10/24/pj-factorys-iconic-cows-moo-ving-to-new-home,3277,,,,,wrong_company,"Another target company's strong alias appears, but the row ticker's target alias does not.",No,wrong_company,none,No,No,No,No,Yes,wrong_company,0,0,a27fe56976756a16ce87662d702334e3e52bb0bc608334e89dd3e74317418b59,"New_news_ETA_ETA_news_csv:{""row_number"": 25560}:baf009c21515",manual_preserve,manual_preserve_v1,New_news/ETA/ETA_news.csv,f0b55954c0065ebcf31054445af35d2e9e0477f868dfeb0feb6c2a7fbf338a69
NEWS_CANDIDATE_029527_a0692fb8,ETA,Annual Report 2020,Peachy beverage to cool down with on hot days,The Star,2024-10-25,https://www.thestar.com.my/food/food-news/2024/10/25/peachy-beverage-to-cool-down-with-on-hot-days,1274,,,,,wrong_company,"Another target company's strong alias appears, but the row ticker's target alias does not.",No,wrong_company,none,No,No,No,No,Yes,wrong_company,0,0,5e985a0c56fb705f4f81847a985ce2537a35c4748a8605b472e7a9aed038c0ba,"New_news_ETA_ETA_news_csv:{""row_number"": 25697}:f6e8b16032e4",manual_preserve,manual_preserve_v1,New_news/ETA/ETA_news.csv,f0b55954c0065ebcf31054445af35d2e9e0477f868dfeb0feb6c2a7fbf338a69
NEWS_CANDIDATE_029621_ab214987,ETA,Annual Report 2020,Salcon wins RM18.5mil F&N contract,The Star,2024-10-18,https://www.thestar.com.my/business/business-news/2024/10/18/salcon-wins-rm185mil-fn-contract,650,,,,,wrong_company,"Another target company's strong alias appears, but the row ticker's target alias does not.",No,wrong_company,none,No,No,No,No,Yes,wrong_company,1,0,7a0614969f25399d4cc502968eb3cea1cfdfa44f6c7a1d3fdb49f117a94701e6,"New_news_ETA_ETA_news_csv:{""row_number"": 25791}:98f4f4a6dec4",manual_preserve,manual_preserve_v1,New_news/ETA/ETA_news.csv,f0b55954c0065ebcf31054445af35d2e9e0477f868dfeb0feb6c2a7fbf338a69
NEWS_CANDIDATE_029624_c010f965,ETA,Annual Report 2020,Price control removal to benefit poultry players,The Star,2024-10-18,https://www.thestar.com.my/business/business-news/2024/10/18/price-control-removal-to-benefit-poultry-players,2691,,,,,wrong_company,"Another target company's strong alias appears, but the row ticker's target alias does not.",No,wrong_company,none,No,No,No,No,Yes,wrong_company,1,0,98d9283578b4c26f48308e13ce54bcbd34c64aa27c7c3bfbcc2a1af50295cd34,"New_news_ETA_ETA_news_csv:{""row_number"": 25794}:88f1e32a5002",manual_preserve,manual_preserve_v1,New_news/ETA/ETA_news.csv,f0b55954c0065ebcf31054445af35d2e9e0477f868dfeb0feb6c2a7fbf338a69
NEWS_CANDIDATE_029666_a25c8b69,ETA,Annual Report 2020,Lim Hun Soon is chairman of Kawan Food,The Star,2024-10-17,https://www.thestar.com.my/business/business-news/2024/10/17/lim-hun-soon-is-chairman-of-kawan-food,703,,,,,wrong_company,"Another target company's strong alias appears, but the row ticker's target alias does not.",No,wrong_company,none,No,No,No,No,Yes,wrong_company,1,0,2536298274d6a4a99c32dd129826defdac760a539a685af2531478af25d04a3d,"New_news_ETA_ETA_news_csv:{""row_number"": 25836}:e7fe83e8e1d4",manual_preserve,manual_preserve_v1,New_news/ETA/ETA_news.csv,f0b55954c0065ebcf31054445af35d2e9e0477f868dfeb0feb6c2a7fbf338a69
NEWS_CANDIDATE_030028_759acbfe,ETA,Annual Report 2020,FBM KLCI slips in line with region as Public Bank leads decline,The Star,2024-10-11,https://www.thestar.com.my/business/business-news/2024/10/11/fbm-klci-slips-in-line-with-region-as-public-bank-leads-decline,1779,,,,,wrong_company,"Another target company's strong alias appears, but the row ticker's target alias does not.",No,wrong_company,none,No,No,No,No,Yes,wrong_company,1,0,cb64c86fea75fb55c9742af0b6f5074702e34b649586ead5144e92cfa55d0a2a,"New_news_ETA_ETA_news_csv:{""row_number"": 26198}:77f4510ecd01",manual_preserve,manual_preserve_v1,New_news/ETA/ETA_news.csv,f0b55954c0065ebcf31054445af35d2e9e0477f868dfeb0feb6c2a7fbf338a69
NEWS_CANDIDATE_030071_219c68de,ETA,Annual Report 2020,Players get cracking on egg subsidy issue,The Star,2024-10-10,https://www.thestar.com.my/business/business-news/2024/10/10/players-get-cracking-on-egg-subsidy-issue,4187,,,,,wrong_company,"Another target company's strong alias appears, but the row ticker's target alias does not.",No,wrong_company,none,No,No,No,No,Yes,wrong_company,1,0,d1776c6babe9ffc76de61a04471c562bb1a99f0d9b3d3ed52448de0ebfe4667c,"New_news_ETA_ETA_news_csv:{""row_number"": 26241}:6732b8e2753b",manual_preserve,manual_preserve_v1,New_news/ETA/ETA_news.csv,f0b55954c0065ebcf31054445af35d2e9e0477f868dfeb0feb6c2a7fbf338a69
NEWS_CANDIDATE_030144_2c245d99,ETA,Annual Report 2020,FBM KLCI dips 5.51 points at midday as Public Bank weighs,The Star,2024-10-11,https://www.thestar.com.my/business/business-news/2024/10/11/fbm-klci-dips-551-points-at-midday-as-public-bank-weighs,2052,,,,,wrong_company,"Another target company's strong alias appears, but the row ticker's target alias does not.",No,wrong_company,none,No,No,No,No,Yes,wrong_company,1,0,b4481549217370236e8590d9ee385d50b68294fc57e22970daf7462373fe6976,"New_news_ETA_ETA_news_csv:{""row_number"": 26314}:66e19ce0e9c3",manual_preserve,manual_preserve_v1,New_news/ETA/ETA_news.csv,f0b55954c0065ebcf31054445af35d2e9e0477f868dfeb0feb6c2a7fbf338a69
NEWS_CANDIDATE_030162_e195eed7,ETA,Annual Report 2020,FBM KLCI ends higher amid regional gains; Teh family to reduce Public Bank shareholdings to 10%,The Star,2024-10-10,https://www.thestar.com.my/business/business-news/2024/10/10/fbm-klci-ends-higher-amid-regional-gains-teh-family-to-reduce-public-bank-shareholdings-to-10,3022,,,,,wrong_company,"Another target company's strong alias appears, but the row ticker's target alias does not.",No,wrong_company,none,No,No,No,No,Yes,wrong_company,1,0,cb9ffa7af143cc954c94e460979bd9ab3fa7d7e10a60a79030686b42dcf45523,"New_news_ETA_ETA_news_csv:{""row_number"": 26332}:80a703d9d344",manual_preserve,manual_preserve_v1,New_news/ETA/ETA_news.csv,f0b55954c0065ebcf31054445af35d2e9e0477f868dfeb0feb6c2a7fbf338a69
NEWS_CANDIDATE_030663_5e1a4247,ETA,Annual Report 2020,Malaysia’s top bartender pours his way to global finals in Amsterdam,The Star,2024-10-04,https://www.thestar.com.my/metro/metro-news/2024/10/04/malaysias-top-bartender-pours-his-way-to-global-finals-in-amsterdam,2437,,,,,wrong_company,"Another target company's strong alias appears, but the row ticker's target alias does not.",No,wrong_company,none,No,No,No,No,Yes,wrong_company,0,0,51aa0e06da4e763b580dc7c84661831db3ad056242bd91b57b6ee647a7371550,"New_news_ETA_ETA_news_csv:{""row_number"": 26833}:713d6545c0bd",manual_preserve,manual_preserve_v1,New_news/ETA/ETA_news.csv,f0b55954c0065ebcf31054445af35d2e9e0477f868dfeb0feb6c2a7fbf338a69
NEWS_CANDIDATE_030819_a3684b33,ETA,Annual Report 2020,Inspiring seniors honoured at Life Begins at 50 Festival,The Star,2024-09-27,https://www.thestar.com.my/news/nation/2024/09/27/inspiring-seniors-honoured-at-life-begins-at-50-festival,3364,,,,,wrong_company,"Another target company's strong alias appears, but the row ticker's target alias does not.",No,wrong_company,none,No,No,No,No,Yes,wrong_company,0,0,3f891b155a2d1ffb9fe33fab85159bf82512313194355b2931ae06ce9e89a3f3,"New_news_ETA_ETA_news_csv:{""row_number"": 26989}:253aeffe4e34",manual_preserve,manual_preserve_v1,New_news/ETA/ETA_news.csv,f0b55954c0065ebcf31054445af35d2e9e0477f868dfeb0feb6c2a7fbf338a69
NEWS_CANDIDATE_030913_88aa0ba2,ETA,Annual Report 2020,Ringgit’s rise is good news for the FBM KLCI,The Star,2024-09-26,https://www.thestar.com.my/business/business-news/2024/09/26/ringgits-rise-is-good-news-for-the-fbm-klci,3820,,,,,wrong_company,"Another target company's strong alias appears, but the row ticker's target alias does not.",No,wrong_company,none,No,No,No,No,Yes,wrong_company,1,0,ec9009a63752960bd6b6dcf57b522f95b58faee99bed11e81f1c8d2965c81c6e,"New_news_ETA_ETA_news_csv:{""row_number"": 27083}:ce08ff2767ec",manual_preserve,manual_preserve_v1,New_news/ETA/ETA_news.csv,f0b55954c0065ebcf31054445af35d2e9e0477f868dfeb0feb6c2a7fbf338a69
NEWS_CANDIDATE_030914_dabf5b00,ETA,Annual Report 2020,Constellation of catalysts boosting consumer stocks,The Star,2024-09-26,https://www.thestar.com.my/business/business-news/2024/09/26/constellation-of-catalysts-boosting-consumer-stocks,3092,,,,,wrong_company,"Another target company's strong alias appears, but the row ticker's target alias does not.",No,wrong_company,none,No,No,No,No,Yes,wrong_company,1,0,0019fa8c7220964fa0fb92c5c37421a4927c13bbe7f37ae27ed42efd8298bed5,"New_news_ETA_ETA_news_csv:{""row_number"": 27084}:ccfc3fe5debf",manual_preserve,manual_preserve_v1,New_news/ETA/ETA_news.csv,f0b55954c0065ebcf31054445af35d2e9e0477f868dfeb0feb6c2a7fbf338a69
NEWS_CANDIDATE_030932_67c20985,ETA,Annual Report 2020,Stronger ringgit will lead to upsides for laggards,The Star,2024-09-25,https://www.thestar.com.my/business/business-news/2024/09/25/stronger-ringgit-will-lead-to-upsides-for-laggards,3558,,,,,wrong_company,"Another target company's strong alias appears, but the row ticker's target alias does not.",No,wrong_company,none,No,No,No,No,Yes,wrong_company,1,0,2402566001a9631c960d0fd98a6f5bb615657cffff6e55a15ba085375f68d9ee,"New_news_ETA_ETA_news_csv:{""row_number"": 27102}:2bbd60b25e29",manual_preserve,manual_preserve_v1,New_news/ETA/ETA_news.csv,f0b55954c0065ebcf31054445af35d2e9e0477f868dfeb0feb6c2a7fbf338a69
NEWS_CANDIDATE_031235_bcb95a02,ETA,Annual Report 2020,"Tipsy-Turvy Quick Shots: Beer champs, highballs, and swift nights",The Star,2024-09-26,https://www.thestar.com.my/lifestyle/living/tipsy-turvy/2024/09/26/tipsy-turvy-quick-shots-beer-champs-highballs-and-swift-nights,5111,,,,,wrong_company,"Another target company's strong alias appears, but the row ticker's target alias does not.",No,wrong_company,none,No,No,No,No,Yes,wrong_company,1,0,fa17f8691f96aa8cbf32e753eb7364e92be21cd7c45612695b5a3ef82b2271c5,"New_news_ETA_ETA_news_csv:{""row_number"": 27405}:a612b98f261f",manual_preserve,manual_preserve_v1,New_news/ETA/ETA_news.csv,f0b55954c0065ebcf31054445af35d2e9e0477f868dfeb0feb6c2a7fbf338a69
NEWS_CANDIDATE_031702_66b3d3aa,ETA,Annual Report 2020,Transforming HR ecosystem with AI and data-driven decision-making,The Star,2024-09-13,https://www.thestar.com.my/news/nation/2024/09/13/transforming-hr-ecosystem-with-ai-and-data-driven-decision-making,2821,,,,,wrong_company,"Another target company's strong alias appears, but the row ticker's target alias does not.",No,wrong_company,none,No,No,No,No,Yes,wrong_company,1,0,fe4ba9dd17207ccc1c856b8fd84c288dac0187e54cdf1e7b907fa76f251e086e,"New_news_ETA_ETA_news_csv:{""row_number"": 27872}:20f12927d081",manual_preserve,manual_preserve_v1,New_news/ETA/ETA_news.csv,f0b55954c0065ebcf31054445af35d2e9e0477f868dfeb0feb6c2a7fbf338a69
NEWS_CANDIDATE_031776_cd858aff,ETA,Annual Report 2020,"FBM KLCI gives up early gains, slips into the red",The Star,2024-09-12,https://www.thestar.com.my/business/business-news/2024/09/12/fbm-klci-gives-up-early-gains-slips-into-the-red,1691,,,,,wrong_company,"Another target company's strong alias appears, but the row ticker's target alias does not.",No,wrong_company,none,No,No,No,No,Yes,wrong_company,1,0,748cd35f7b9a2c3babe9a59def40fe8890fc99130aa1404fbf0a2ea23eb113d4,"New_news_ETA_ETA_news_csv:{""row_number"": 27946}:77aba0145164",manual_preserve,manual_preserve_v1,New_news/ETA/ETA_news.csv,f0b55954c0065ebcf31054445af35d2e9e0477f868dfeb0feb6c2a7fbf338a69
NEWS_CANDIDATE_031801_057a6af4,ETA,Annual Report 2020,Minimal impact forecast from proposed sugar tax,The Star,2024-09-12,https://www.thestar.com.my/business/business-news/2024/09/12/minimal-impact-forecast-from-proposed-sugar-tax,3279,,,,,wrong_company,"Another target company's strong alias appears, but the row ticker's target alias does not.",No,wrong_company,none,No,No,No,No,Yes,wrong_company,1,0,623b57f4171c7db2927d52c8a73a8846a46e6340096ccdefac0be63b5b934505,"New_news_ETA_ETA_news_csv:{""row_number"": 27971}:6a3972556a49",manual_preserve,manual_preserve_v1,New_news/ETA/ETA_news.csv,f0b55954c0065ebcf31054445af35d2e9e0477f868dfeb0feb6c2a7fbf338a69
NEWS_CANDIDATE_031802_78de428f,ETA,Annual Report 2020,Heineken clinches three gold sustainability awards,The Star,2024-09-12,https://www.thestar.com.my/business/business-news/2024/09/12/heineken-clinches-three-gold-sustainability-awards,1588,,,,,wrong_company,"Another target company's strong alias appears, but the row ticker's target alias does not.",No,wrong_company,none,No,No,No,No,Yes,wrong_company,1,0,feb2c35e38c6a24d481b9560c453b0301e5c45383ee3efa5426f3437e1b7849f,"New_news_ETA_ETA_news_csv:{""row_number"": 27972}:9767533c2b8e",manual_preserve,manual_preserve_v1,New_news/ETA/ETA_news.csv,f0b55954c0065ebcf31054445af35d2e9e0477f868dfeb0feb6c2a7fbf338a69
NEWS_CANDIDATE_031852_68ecc015,ETA,Annual Report 2020,FBM KLCI ends on a high note; Property Index surges 2.26%,The Star,2024-09-13,https://www.thestar.com.my/business/business-news/2024/09/13/fbm-klci-ends-on-a-high-note-property-index-surges-226,1857,,,,,wrong_company,"Another target company's strong alias appears, but the row ticker's target alias does not.",No,wrong_company,none,No,No,No,No,Yes,wrong_company,1,0,7e6da608c10abf94ca1f42ef8c934c462940835909b7db1ee807d0d8dd3436e9,"New_news_ETA_ETA_news_csv:{""row_number"": 28022}:0f01e39d8422",manual_preserve,manual_preserve_v1,New_news/ETA/ETA_news.csv,f0b55954c0065ebcf31054445af35d2e9e0477f868dfeb0feb6c2a7fbf338a69
NEWS_CANDIDATE_031963_166a570f,ETA,Annual Report 2020,Concoctions to liven up KL’s bar scene,The Star,2024-09-13,https://www.thestar.com.my/metro/metro-news/2024/09/13/concoctions-to-liven-up-kls-bar-scene,6617,,,,,wrong_company,"Another target company's strong alias appears, but the row ticker's target alias does not.",No,wrong_company,none,No,No,No,No,Yes,wrong_company,1,0,c26243e1d48a7b6742ba6550096cad3c003229692f25ee85af8922524681a669,"New_news_ETA_ETA_news_csv:{""row_number"": 28133}:31077142066a",manual_preserve,manual_preserve_v1,New_news/ETA/ETA_news.csv,f0b55954c0065ebcf31054445af35d2e9e0477f868dfeb0feb6c2a7fbf338a69
NEWS_CANDIDATE_031977_160dc376,ETA,Annual Report 2020,Eco-friendly fun day in the city,The Star,2024-09-10,https://www.thestar.com.my/metro/metro-news/2024/09/10/eco-friendly-fun-day-in-the-city,2887,,,,,wrong_company,"Another target company's strong alias appears, but the row ticker's target alias does not.",No,wrong_company,none,No,No,No,No,Yes,wrong_company,0,0,95ea13b31406e0c4fe9357fd7d0c9836b6fcff423074b91e58e72f345ddcb01b,"New_news_ETA_ETA_news_csv:{""row_number"": 28147}:ca05cb4501a2",manual_preserve,manual_preserve_v1,New_news/ETA/ETA_news.csv,f0b55954c0065ebcf31054445af35d2e9e0477f868dfeb0feb6c2a7fbf338a69
NEWS_CANDIDATE_032177_9d835f3c,ETA,Annual Report 2020,Carlsberg growth intact,The Star,2024-09-06,https://www.thestar.com.my/business/business-news/2024/09/06/carlsberg-growth-intact,2118,,,,,wrong_company,"Another target company's strong alias appears, but the row ticker's target alias does not.",No,wrong_company,none,No,No,No,No,Yes,wrong_company,1,0,7fdb29405ee64534e1126d1b26b404b594f3093bd8241f5e974de7a5f2a6af16,"New_news_ETA_ETA_news_csv:{""row_number"": 28347}:3f5934cc22a0",manual_preserve,manual_preserve_v1,New_news/ETA/ETA_news.csv,f0b55954c0065ebcf31054445af35d2e9e0477f868dfeb0feb6c2a7fbf338a69
NEWS_CANDIDATE_032179_455b4291,ETA,Annual Report 2020,Better prospects for plantation companies in 2H24,The Star,2024-09-06,https://www.thestar.com.my/business/business-news/2024/09/06/better-prospects-for-plantation-companies-in-2h24,3368,,,,,wrong_company,"Another target company's strong alias appears, but the row ticker's target alias does not.",No,wrong_company,none,No,No,No,No,Yes,wrong_company,1,0,4484a08adf750adbafa8e9db80b9a0e641977532121d8afa07f7ca6371cffc3a,"New_news_ETA_ETA_news_csv:{""row_number"": 28349}:1c21b9f357e3",manual_preserve,manual_preserve_v1,New_news/ETA/ETA_news.csv,f0b55954c0065ebcf31054445af35d2e9e0477f868dfeb0feb6c2a7fbf338a69
NEWS_CANDIDATE_032188_0ad8c6dd,ETA,Annual Report 2020,"FBM KLCI falls for fourth straight day, down 5.42 points",The Star,2024-09-05,https://www.thestar.com.my/business/business-news/2024/09/05/fbm-klci-falls-for-fourth-straight-day-down-542-points,2220,,,,,wrong_company,"Another target company's strong alias appears, but the row ticker's target alias does not.",No,wrong_company,none,No,No,No,No,Yes,wrong_company,1,0,52bc489d3824b6909ba7c9804348f7083e196e84c0ccaac3a000e4bb07638f63,"New_news_ETA_ETA_news_csv:{""row_number"": 28358}:f030630531cd",manual_preserve,manual_preserve_v1,New_news/ETA/ETA_news.csv,f0b55954c0065ebcf31054445af35d2e9e0477f868dfeb0feb6c2a7fbf338a69
NEWS_CANDIDATE_032206_bc80e20d,ETA,Annual Report 2020,Higher yearly earnings for plantation companies,The Star,2024-09-05,https://www.thestar.com.my/business/business-news/2024/09/05/higher-yearly-earnings-for-plantation-companies,4384,,,,,wrong_company,"Another target company's strong alias appears, but the row ticker's target alias does not.",No,wrong_company,none,No,No,No,No,Yes,wrong_company,1,0,3e475b59ccb758eb061cfe99780bcfbf3e333432279fa3f883c84fb10556b770,"New_news_ETA_ETA_news_csv:{""row_number"": 28376}:234d59b9935c",manual_preserve,manual_preserve_v1,New_news/ETA/ETA_news.csv,f0b55954c0065ebcf31054445af35d2e9e0477f868dfeb0feb6c2a7fbf338a69
NEWS_CANDIDATE_032230_dc6999dc,ETA,Annual Report 2020,Bursa Malaysia falls amid regional sell-off; investors await Bank Negara’s decision,The Star,2024-09-04,https://www.thestar.com.my/business/business-news/2024/09/04/bursa-malaysia-falls-amid-regional-sell-off-investors-await-bank-negaras-decision,1623,,,,,wrong_company,"Another target company's strong alias appears, but the row ticker's target alias does not.",No,wrong_company,none,No,No,No,No,Yes,wrong_company,1,0,850e559b3805eb2a7220be9a936cb35d2f0a6e58b2fe101c59014beff223bab2,"New_news_ETA_ETA_news_csv:{""row_number"": 28400}:9f0a6883174e",manual_preserve,manual_preserve_v1,New_news/ETA/ETA_news.csv,f0b55954c0065ebcf31054445af35d2e9e0477f868dfeb0feb6c2a7fbf338a69
NEWS_CANDIDATE_032237_54b2a57f,ETA,Annual Report 2020,"Trading ideas: Cypark, Power Root, Solarvest, Alpha IVF, AWC, Wellcall, MMHE, Euro, Sorento, OB, Magni-Tech",The Star,2024-09-04,https://www.thestar.com.my/business/business-news/2024/09/04/trading-ideas-cypark-power-root-solarvest-alpha-ivf-awc-wellcall-mmhe-euro-sorento-ob-magni-tech,2384,,,,,wrong_company,"Another target company's strong alias appears, but the row ticker's target alias does not.",No,wrong_company,none,No,No,No,No,Yes,wrong_company,1,0,159460b2637ff77b5592f490662878532ea8de43225ab3f5780c082fb15788b6,"New_news_ETA_ETA_news_csv:{""row_number"": 28407}:36f1f1029122",manual_preserve,manual_preserve_v1,New_news/ETA/ETA_news.csv,f0b55954c0065ebcf31054445af35d2e9e0477f868dfeb0feb6c2a7fbf338a69
NEWS_CANDIDATE_032378_e64a4f45,ETA,Annual Report 2020,Local grad honoured for leading green initiatives,The Star,2024-09-05,https://www.thestar.com.my/metro/metro-news/2024/09/05/local-grad-honoured-for-leading-green-initiatives,2647,,,,,wrong_company,"Another target company's strong alias appears, but the row ticker's target alias does not.",No,wrong_company,none,No,No,No,No,Yes,wrong_company,1,0,a47f91ddce6e81103ad0dda564c455538e3111b4c78a9f65feec5dc353b3ef96,"New_news_ETA_ETA_news_csv:{""row_number"": 28548}:1a5deb6cf67c",manual_preserve,manual_preserve_v1,New_news/ETA/ETA_news.csv,f0b55954c0065ebcf31054445af35d2e9e0477f868dfeb0feb6c2a7fbf338a69
NEWS_CANDIDATE_032542_7b437cd8,ETA,Annual Report 2020,FBM KLCI rallies 1.53% to close at nearly fresh 4-year high,The Star,2024-08-30,https://www.thestar.com.my/business/business-news/2024/08/30/fbm-klci-rallies-153-to-close-at-nearly-fresh-4-year-high,2032,,,,,wrong_company,"Another target company's strong alias appears, but the row ticker's target alias does not.",No,wrong_company,none,No,No,No,No,Yes,wrong_company,1,0,4ddefed023f794fe9d1ab7199eda929641468fd695f2d16beac1a81225a2145b,"New_news_ETA_ETA_news_csv:{""row_number"": 28712}:973d0862fc65",manual_preserve,manual_preserve_v1,New_news/ETA/ETA_news.csv,f0b55954c0065ebcf31054445af35d2e9e0477f868dfeb0feb6c2a7fbf338a69
NEWS_CANDIDATE_032546_77f694d3,ETA,Annual Report 2020,"Trading ideas: Axiata, KIP REIT, Binastra, AmanahRaya REIT, 99 Speed Mart, TNB, Press Metal, IHH, PPB, Genting, GenM, Velesto, Hong Leong",The Star,2024-08-30,https://www.thestar.com.my/business/business-news/2024/08/30/trading-ideas-axiata-kip-reit-binastra-amanahraya-reit-99-speed-mart-tnb-press-metal-ihh-ppb-genting-genm-velesto-hong-leong,2844,,,,,wrong_company,"Another target company's strong alias appears, but the row ticker's target alias does not.",No,wrong_company,none,No,No,No,No,Yes,wrong_company,1,0,d83851448eb4a7bda365748f205e6f8b23e9b10e6aec88e491692ab60270b916,"New_news_ETA_ETA_news_csv:{""row_number"": 28716}:4107c39506be",manual_preserve,manual_preserve_v1,New_news/ETA/ETA_news.csv,f0b55954c0065ebcf31054445af35d2e9e0477f868dfeb0feb6c2a7fbf338a69
NEWS_CANDIDATE_032577_d414d1fc,ETA,Annual Report 2020,FBM KLCI tumbles 21 points on profit-taking; ringgit strengthens to 1.5-year high,The Star,2024-08-29,https://www.thestar.com.my/business/business-news/2024/08/29/fbm-klci-tumbles-21-points-on-profit-taking-ringgit-strengthens-to-15-year-high,1874,,,,,wrong_company,"Another target company's strong alias appears, but the row ticker's target alias does not.",No,wrong_company,none,No,No,No,No,Yes,wrong_company,1,0,d491f7389b4de67bb4634b75afda67b9a71e8b0215bbe3a622b272af97ef6bf3,"New_news_ETA_ETA_news_csv:{""row_number"": 28747}:2905b6fe2922",manual_preserve,manual_preserve_v1,New_news/ETA/ETA_news.csv,f0b55954c0065ebcf31054445af35d2e9e0477f868dfeb0feb6c2a7fbf338a69
NEWS_CANDIDATE_032586_2fd8752e,ETA,Annual Report 2020,Growing product line-up augurs well for Farm Fresh,The Star,2024-08-29,https://www.thestar.com.my/business/business-news/2024/08/29/growing-product-line-up--augurs-well-for-farm-fresh,2813,,,,,wrong_company,"Another target company's strong alias appears, but the row ticker's target alias does not.",No,wrong_company,none,No,No,No,No,Yes,wrong_company,1,0,77d7d55a62102e315b40d3f73cbd88b92e8a7dd7129e24a5a6bee2b00a827c5f,"New_news_ETA_ETA_news_csv:{""row_number"": 28756}:c376ffa38d60",manual_preserve,manual_preserve_v1,New_news/ETA/ETA_news.csv,f0b55954c0065ebcf31054445af35d2e9e0477f868dfeb0feb6c2a7fbf338a69
NEWS_CANDIDATE_032603_e95b6b65,ETA,Annual Report 2020,FGV on track for a better 2H on rising production,The Star,2024-08-29,https://www.thestar.com.my/business/business-news/2024/08/29/fgv-on-track-for-a-better-2h-on-rising-production,2485,,,,,wrong_company,"Another target company's strong alias appears, but the row ticker's target alias does not.",No,wrong_company,none,No,No,No,No,Yes,wrong_company,1,0,5f64fe993aa4599e8924175418c1fa2fe0017baf309d017827a0981a4cd540ff,"New_news_ETA_ETA_news_csv:{""row_number"": 28773}:c0efcebc8e69",manual_preserve,manual_preserve_v1,New_news/ETA/ETA_news.csv,f0b55954c0065ebcf31054445af35d2e9e0477f868dfeb0feb6c2a7fbf338a69
NEWS_CANDIDATE_032916_2d339191,ETA,Annual Report 2020,"Trading ideas: Aeon Credit Service, Capital A, Kerjaya, PTT Synergy, Pan Malaysia, Hextar Retail, Sime Property, SunCon",The Star,2024-08-23,https://www.thestar.com.my/business/business-news/2024/08/23/trading-ideas-aeon-credit-service-capital-a-kerjaya-ptt-synergy-pan-malaysia-hextar-retail-sime-property-suncon,3234,,,,,wrong_company,"Another target company's strong alias appears, but the row ticker's target alias does not.",No,wrong_company,none,No,No,No,No,Yes,wrong_company,1,0,e2918ff8bd4168fe3d0ad20cd070f02788c6303881a3af633d7c27106932a61e,"New_news_ETA_ETA_news_csv:{""row_number"": 29086}:e1686c44dd23",manual_preserve,manual_preserve_v1,New_news/ETA/ETA_news.csv,f0b55954c0065ebcf31054445af35d2e9e0477f868dfeb0feb6c2a7fbf338a69
NEWS_CANDIDATE_032926_75ac4b88,ETA,Annual Report 2020,MSM to strengthen domestic sales,The Star,2024-08-23,https://www.thestar.com.my/business/business-news/2024/08/23/msm-to-strengthen-domestic-sales,1716,,,,,wrong_company,"Another target company's strong alias appears, but the row ticker's target alias does not.",No,wrong_company,none,No,No,No,No,Yes,wrong_company,1,0,f842accfc7fbb78410c89c7aaaa12df0f3fa483d14372b58a934add2d1440d52,"New_news_ETA_ETA_news_csv:{""row_number"": 29096}:306cdcfe99ff",manual_preserve,manual_preserve_v1,New_news/ETA/ETA_news.csv,f0b55954c0065ebcf31054445af35d2e9e0477f868dfeb0feb6c2a7fbf338a69
NEWS_CANDIDATE_032936_4b889f24,ETA,Annual Report 2020,MSM posts bigger loss in 2Q,The Star,2024-08-22,https://www.thestar.com.my/business/business-news/2024/08/22/msm-posts-bigger-loss-in-2q,1676,,,,,wrong_company,"Another target company's strong alias appears, but the row ticker's target alias does not.",No,wrong_company,none,No,No,No,No,Yes,wrong_company,1,0,27f6adc12a76c6b160957372eb8d9e7c3d0d0f217fdf98e5880e5253ccd565ba,"New_news_ETA_ETA_news_csv:{""row_number"": 29106}:7cfb8b139e61",manual_preserve,manual_preserve_v1,New_news/ETA/ETA_news.csv,f0b55954c0065ebcf31054445af35d2e9e0477f868dfeb0feb6c2a7fbf338a69
NEWS_CANDIDATE_032942_ef4077aa,ETA,Annual Report 2020,"Trading ideas: TNB, SD Guthrie, Tuju Setia, Glomac, Powerwell, YXPM, YTL, Maxis, YTL Power, SD Guthrie, LPI, Pos, Dutch Lady, Amway, Apex Healthcare, Pharmaniaga, MMHE",The Star,2024-08-22,https://www.thestar.com.my/business/business-news/2024/08/22/trading-ideas-tnb-sd-guthrie-tuju-setia-glomac-powerwell-yxpm-ytl-maxis-ytl-power-sd-guthrie-lpi-pos-dutch-lady-amway-apex-healthcare-pharmaniaga-mmhe,3082,,,,,wrong_company,"Another target company's strong alias appears, but the row ticker's target alias does not.",No,wrong_company,none,No,No,No,No,Yes,wrong_company,1,0,59ff778666c4f878574104d4b1d2b6b464f6642a31b0b544e298a30f523213b3,"New_news_ETA_ETA_news_csv:{""row_number"": 29112}:eadfde0a0256",manual_preserve,manual_preserve_v1,New_news/ETA/ETA_news.csv,f0b55954c0065ebcf31054445af35d2e9e0477f868dfeb0feb6c2a7fbf338a69
NEWS_CANDIDATE_032954_10080051,ETA,Annual Report 2020,Kawan benefitting from strong foreign demand,The Star,2024-08-22,https://www.thestar.com.my/business/business-news/2024/08/22/kawan-benefitting-from-strong-foreign-demand,2311,,,,,wrong_company,"Another target company's strong alias appears, but the row ticker's target alias does not.",No,wrong_company,none,No,No,No,No,Yes,wrong_company,1,0,b84fc8774d8958e5f3d265ba3bc8648cb4e9a9f16b6d7c9705768d14802f4f89,"New_news_ETA_ETA_news_csv:{""row_number"": 29124}:2e1a887b2a97",manual_preserve,manual_preserve_v1,New_news/ETA/ETA_news.csv,f0b55954c0065ebcf31054445af35d2e9e0477f868dfeb0feb6c2a7fbf338a69
NEWS_CANDIDATE_033004_0b348971,ETA,Annual Report 2020,Bursa Malaysia ends in the red with 888 counters lower,The Star,2024-08-23,https://www.thestar.com.my/business/business-news/2024/08/23/bursa-malaysia-ends-in-the-red-with-888-counters-lower,1774,,,,,wrong_company,"Another target company's strong alias appears, but the row ticker's target alias does not.",No,wrong_company,none,No,No,No,No,Yes,wrong_company,1,0,db16a8ba5b6e382cb97e5d5e25a6aab0a3725bd73a500954f0ac6c4d85f6bf0d,"New_news_ETA_ETA_news_csv:{""row_number"": 29174}:b1dd9a9e4d55",manual_preserve,manual_preserve_v1,New_news/ETA/ETA_news.csv,f0b55954c0065ebcf31054445af35d2e9e0477f868dfeb0feb6c2a7fbf338a69
NEWS_CANDIDATE_033317_412c6818,ETA,Annual Report 2020,Cautious sentiment prevails on local bourse,The Star,2024-08-16,https://www.thestar.com.my/business/business-news/2024/08/16/cautious-sentiment-prevails-on-local-bourse,3931,,,,,wrong_company,"Another target company's strong alias appears, but the row ticker's target alias does not.",No,wrong_company,none,No,No,No,No,Yes,wrong_company,1,0,e6274ddb5c8b9cc3349a41a6203d3f9026d5754e318f8001af8949c70d629b48,"New_news_ETA_ETA_news_csv:{""row_number"": 29487}:6da069e2d158",manual_preserve,manual_preserve_v1,New_news/ETA/ETA_news.csv,f0b55954c0065ebcf31054445af35d2e9e0477f868dfeb0feb6c2a7fbf338a69
NEWS_CANDIDATE_033359_aeb9e6f0,ETA,Annual Report 2020,Softer earnings likely for PPB Group in 1H24,The Star,2024-08-15,https://www.thestar.com.my/business/business-news/2024/08/15/softer-earnings-likely-for-ppb-group-in-1h24,3306,,,,,wrong_company,"Another target company's strong alias appears, but the row ticker's target alias does not.",No,wrong_company,none,No,No,No,No,Yes,wrong_company,1,0,b1e5d68d1d5d55541cf8b85e3ac03235794fa6cc3a4699fcb36205e431117b24,"New_news_ETA_ETA_news_csv:{""row_number"": 29529}:ac87d61f0069",manual_preserve,manual_preserve_v1,New_news/ETA/ETA_news.csv,f0b55954c0065ebcf31054445af35d2e9e0477f868dfeb0feb6c2a7fbf338a69
NEWS_CANDIDATE_033435_6ec72e66,ETA,Annual Report 2020,FBM KLCI ends on a flat note,The Star,2024-08-15,https://www.thestar.com.my/business/business-news/2024/08/15/fbm-klci-ends-on-a-flat-note,1367,,,,,wrong_company,"Another target company's strong alias appears, but the row ticker's target alias does not.",No,wrong_company,none,No,No,No,No,Yes,wrong_company,1,0,c94ea1b8015b86c9a66bf9648326ea678b764fbfa30dbd1c0afb193816f6e9ee,"New_news_ETA_ETA_news_csv:{""row_number"": 29605}:8b9e29dd9d35",manual_preserve,manual_preserve_v1,New_news/ETA/ETA_news.csv,f0b55954c0065ebcf31054445af35d2e9e0477f868dfeb0feb6c2a7fbf338a69
NEWS_CANDIDATE_033725_78776e12,ETA,Annual Report 2020,FBM KLCI gains as ringgit strengthens,The Star,2024-08-09,https://www.thestar.com.my/business/business-news/2024/08/09/fbm-klci-gains-as-ringgit-strengthens,1580,,,,,wrong_company,"Another target company's strong alias appears, but the row ticker's target alias does not.",No,wrong_company,none,No,No,No,No,Yes,wrong_company,1,0,c080dcfc25c85ddb372251f5b863dcd8a0cb8d4b788e3f228188ce925009b4f0,"New_news_ETA_ETA_news_csv:{""row_number"": 29895}:bbf66081490b",manual_preserve,manual_preserve_v1,New_news/ETA/ETA_news.csv,f0b55954c0065ebcf31054445af35d2e9e0477f868dfeb0feb6c2a7fbf338a69
NEWS_CANDIDATE_033746_db5c7bff,ETA,Annual Report 2020,Heineken forecast to sustain robust performance,The Star,2024-08-09,https://www.thestar.com.my/business/business-news/2024/08/09/heineken-forecast-to-sustain-robust-performance,2663,,,,,wrong_company,"Another target company's strong alias appears, but the row ticker's target alias does not.",No,wrong_company,none,No,No,No,No,Yes,wrong_company,1,0,2d50362f89142a4a6920c62d6c96a709f95a4d75ac0fa546c864cd50a58bab50,"New_news_ETA_ETA_news_csv:{""row_number"": 29916}:4687b11a0964",manual_preserve,manual_preserve_v1,New_news/ETA/ETA_news.csv,f0b55954c0065ebcf31054445af35d2e9e0477f868dfeb0feb6c2a7fbf338a69
NEWS_CANDIDATE_033754_acce3d8a,ETA,Annual Report 2020,FBM KLCI claws back to positive zone at midday,The Star,2024-08-08,https://www.thestar.com.my/business/business-news/2024/08/08/fbm-klci-claws-back-to-positive-zone-at-midday,1969,,,,,wrong_company,"Another target company's strong alias appears, but the row ticker's target alias does not.",No,wrong_company,none,No,No,No,No,Yes,wrong_company,1,0,bc59d3e674873c525689b113b33cc20c73d1074cde0a169809c688d0d43e9b30,"New_news_ETA_ETA_news_csv:{""row_number"": 29924}:955b070ba912",manual_preserve,manual_preserve_v1,New_news/ETA/ETA_news.csv,f0b55954c0065ebcf31054445af35d2e9e0477f868dfeb0feb6c2a7fbf338a69
NEWS_CANDIDATE_033780_d2ab0596,ETA,Annual Report 2020,Strong growth for Heineken in 1H24,The Star,2024-08-08,https://www.thestar.com.my/business/business-news/2024/08/08/strong-growth-for-heineken-in-1h24,3899,,,,,wrong_company,"Another target company's strong alias appears, but the row ticker's target alias does not.",No,wrong_company,none,No,No,No,No,Yes,wrong_company,1,0,cba998dfeebf7278eb23faa68df68e486fd20d7dee1f7a5822a84b64fbff20af,"New_news_ETA_ETA_news_csv:{""row_number"": 29950}:6501464402be",manual_preserve,manual_preserve_v1,New_news/ETA/ETA_news.csv,f0b55954c0065ebcf31054445af35d2e9e0477f868dfeb0feb6c2a7fbf338a69
NEWS_CANDIDATE_033787_443d116e,ETA,Annual Report 2020,Positive growth for Heineken in 1H24,The Star,2024-08-07,https://www.thestar.com.my/business/business-news/2024/08/07/positive-growth-for-heineken-in-1h24,1651,,,,,wrong_company,"Another target company's strong alias appears, but the row ticker's target alias does not.",No,wrong_company,none,No,No,No,No,Yes,wrong_company,1,0,3399749e0b5ed66af4027411163311f622d03a2968516ce4746c1f6c20461c4c,"New_news_ETA_ETA_news_csv:{""row_number"": 29957}:d96516638b14",manual_preserve,manual_preserve_v1,New_news/ETA/ETA_news.csv,f0b55954c0065ebcf31054445af35d2e9e0477f868dfeb0feb6c2a7fbf338a69
NEWS_CANDIDATE_033840_e74bbc1c,ETA,Annual Report 2020,Bursa Malaysia rebound fizzles,The Star,2024-08-08,https://www.thestar.com.my/business/business-news/2024/08/08/bursa-malaysia-rebound-fizzles,1703,,,,,wrong_company,"Another target company's strong alias appears, but the row ticker's target alias does not.",No,wrong_company,none,No,No,No,No,Yes,wrong_company,1,0,b361ae66da516ba96e6eaa3644a6c0cec04ebb2b47a4803d792a5c27a700ae25,"New_news_ETA_ETA_news_csv:{""row_number"": 30010}:50f31f0b3997",manual_preserve,manual_preserve_v1,New_news/ETA/ETA_news.csv,f0b55954c0065ebcf31054445af35d2e9e0477f868dfeb0feb6c2a7fbf338a69
NEWS_CANDIDATE_034082_1874ae78,ETA,Annual Report 2020,"Bursa Malaysia slumps as over 1,000 counters drop",The Star,2024-08-02,https://www.thestar.com.my/business/business-news/2024/08/02/bursa-malaysia-slumps-as-over-1000-counters-drop,2188,,,,,wrong_company,"Another target company's strong alias appears, but the row ticker's target alias does not.",No,wrong_company,none,No,No,No,No,Yes,wrong_company,1,0,0d8c19a681189891a2c3c1449809fb80db3f2e4b354f2894c3d96dd7b4f4bbc8,"New_news_ETA_ETA_news_csv:{""row_number"": 30252}:243fbe52388b",manual_preserve,manual_preserve_v1,New_news/ETA/ETA_news.csv,f0b55954c0065ebcf31054445af35d2e9e0477f868dfeb0feb6c2a7fbf338a69
NEWS_CANDIDATE_034097_5c8957f2,ETA,Annual Report 2020,F&N charts improved earnings in third quarter,The Star,2024-08-02,https://www.thestar.com.my/business/business-news/2024/08/02/fn-charts-improved-earnings-in-third-quarter,1878,,,,,wrong_company,"Another target company's strong alias appears, but the row ticker's target alias does not.",No,wrong_company,none,No,No,No,No,Yes,wrong_company,1,0,d55748abee158c68f4e0e00a043c2ed1fb99781acbf51538646b2423137da378,"New_news_ETA_ETA_news_csv:{""row_number"": 30267}:ec53467aa3c1",manual_preserve,manual_preserve_v1,New_news/ETA/ETA_news.csv,f0b55954c0065ebcf31054445af35d2e9e0477f868dfeb0feb6c2a7fbf338a69
NEWS_CANDIDATE_034114_db4d6de8,ETA,Annual Report 2020,Bursa Malaysia remains negative at midday amid profit-taking,The Star,2024-08-01,https://www.thestar.com.my/business/business-news/2024/08/01/bursa-malaysia-remains-negative-at-midday-amid-profit-taking,1880,,,,,wrong_company,"Another target company's strong alias appears, but the row ticker's target alias does not.",No,wrong_company,none,No,No,No,No,Yes,wrong_company,1,0,e0470eced0b188882c53a8605fdfbdc081f96d69a198f719da38f97a97c1fee2,"New_news_ETA_ETA_news_csv:{""row_number"": 30284}:3bb970d37ed2",manual_preserve,manual_preserve_v1,New_news/ETA/ETA_news.csv,f0b55954c0065ebcf31054445af35d2e9e0477f868dfeb0feb6c2a7fbf338a69
NEWS_CANDIDATE_034211_97212f95,ETA,Annual Report 2020,"FBM KLCI in the red, ringgit hits one-year high",The Star,2024-08-01,https://www.thestar.com.my/business/business-news/2024/08/01/fbm-klci-in-the-red-ringgit-hits-one-year-high,1477,,,,,wrong_company,"Another target company's strong alias appears, but the row ticker's target alias does not.",No,wrong_company,none,No,No,No,No,Yes,wrong_company,1,0,2f9c23b5bc7706d0366d20eb44c52077384dd83e351abd1f8fa19f80ece510b6,"New_news_ETA_ETA_news_csv:{""row_number"": 30381}:34dd7608d041",manual_preserve,manual_preserve_v1,New_news/ETA/ETA_news.csv,f0b55954c0065ebcf31054445af35d2e9e0477f868dfeb0feb6c2a7fbf338a69
NEWS_CANDIDATE_034251_f3bf93b6,ETA,Annual Report 2020,Young walkers put best foot forward,The Star,2024-08-02,https://www.thestar.com.my/metro/community-sports/2024/08/02/young-walkers-put-best-foot-forward,2475,,,,,wrong_company,"Another target company's strong alias appears, but the row ticker's target alias does not.",No,wrong_company,none,No,No,No,No,Yes,wrong_company,1,0,55bb704f99390c23fe4a67c01081ac05b65c2c1725c1e3079145d598391fa024,"New_news_ETA_ETA_news_csv:{""row_number"": 30421}:b2aa4d3c8f3b",manual_preserve,manual_preserve_v1,New_news/ETA/ETA_news.csv,f0b55954c0065ebcf31054445af35d2e9e0477f868dfeb0feb6c2a7fbf338a69
NEWS_CANDIDATE_034435_5979e7a2,ETA,Annual Report 2020,"Bursa Malaysia extends losses, ends week lower",The Star,2024-07-26,https://www.thestar.com.my/business/business-news/2024/07/26/bursa-malaysia-extends-losses-ends-week-lower,1376,,,,,wrong_company,"Another target company's strong alias appears, but the row ticker's target alias does not.",No,wrong_company,none,No,No,No,No,Yes,wrong_company,1,0,a2196cd2425dd05333dd42be7655cfc9d0d764c5077c693847e09de4b061229b,"New_news_ETA_ETA_news_csv:{""row_number"": 30605}:06c1a9a73395",manual_preserve,manual_preserve_v1,New_news/ETA/ETA_news.csv,f0b55954c0065ebcf31054445af35d2e9e0477f868dfeb0feb6c2a7fbf338a69
NEWS_CANDIDATE_034441_6c06d008,ETA,Annual Report 2020,"Trading ideas: SCIB, JAKS, AZRB, Iqzan, Nestle, IGB REIT, IGB Commercial REIT, KIP REIT, UOA REIT, ViTrox",The Star,2024-07-26,https://www.thestar.com.my/business/business-news/2024/07/26/trading-ideas-scib-jaks-azrb-iqzan-nestle-igb-reit-igb-commercial-reit-kip-reit-uoa-reit-vitrox,1722,,,,,wrong_company,"Another target company's strong alias appears, but the row ticker's target alias does not.",No,wrong_company,none,No,No,No,No,Yes,wrong_company,1,0,234bfcdb3797607e6a65a0c8b589f4e59a433d28c5d89ebce1533febd598a60b,"New_news_ETA_ETA_news_csv:{""row_number"": 30611}:6eb3a7531d6b",manual_preserve,manual_preserve_v1,New_news/ETA/ETA_news.csv,f0b55954c0065ebcf31054445af35d2e9e0477f868dfeb0feb6c2a7fbf338a69
NEWS_CANDIDATE_034459_880f9ca8,ETA,Annual Report 2020,Nestle maintains strong market leadership,The Star,2024-07-26,https://www.thestar.com.my/business/business-news/2024/07/26/nestle-maintains-strong-market-leadership,2773,,,,,wrong_company,"Another target company's strong alias appears, but the row ticker's target alias does not.",No,wrong_company,none,No,No,No,No,Yes,wrong_company,1,0,dd97b2ca24dcc42c279bfea0e7a6a702d26dafff1160c035aa6d50515bd79e73,"New_news_ETA_ETA_news_csv:{""row_number"": 30629}:d0ada68f5a1f",manual_preserve,manual_preserve_v1,New_news/ETA/ETA_news.csv,f0b55954c0065ebcf31054445af35d2e9e0477f868dfeb0feb6c2a7fbf338a69
NEWS_CANDIDATE_034505_ee5d4e8d,ETA,Annual Report 2020,Cautious market sentiment drags Bursa Malaysia lower,The Star,2024-07-24,https://www.thestar.com.my/business/business-news/2024/07/24/cautious-market-sentiment-drags-bursa-malaysia-lower,1993,,,,,wrong_company,"Another target company's strong alias appears, but the row ticker's target alias does not.",No,wrong_company,none,No,No,No,No,Yes,wrong_company,1,0,ec4983f3dbc0abcd57f0d79bfe36fb5afbd504c006d16f1861419eb8869ab8ab,"New_news_ETA_ETA_news_csv:{""row_number"": 30675}:0f43a38b4f2f",manual_preserve,manual_preserve_v1,New_news/ETA/ETA_news.csv,f0b55954c0065ebcf31054445af35d2e9e0477f868dfeb0feb6c2a7fbf338a69
NEWS_CANDIDATE_034511_9fff8d95,ETA,Annual Report 2020,"Selling restarts on Bursa, FBM KLCI drops 7pts",The Star,2024-07-24,https://www.thestar.com.my/business/business-news/2024/07/24/selling-restarts-on-bursa-fbm-klci-drops-7pts,1811,,,,,wrong_company,"Another target company's strong alias appears, but the row ticker's target alias does not.",No,wrong_company,none,No,No,No,No,Yes,wrong_company,1,0,0ed2ee071af38e8a2bb1f0ba71e773b9687b3d2b8893c1b787fc6dc6bd625612,"New_news_ETA_ETA_news_csv:{""row_number"": 30681}:dc9b5bb20ef5",manual_preserve,manual_preserve_v1,New_news/ETA/ETA_news.csv,f0b55954c0065ebcf31054445af35d2e9e0477f868dfeb0feb6c2a7fbf338a69
NEWS_CANDIDATE_034935_bf4b8890,ETA,Annual Report 2020,FBM KLCI hits new high on strong buying interest,The Star,2024-07-18,https://www.thestar.com.my/business/business-news/2024/07/18/fbm-klci-hits-new-high-on-strong-buying-interest,1006,,,,,wrong_company,"Another target company's strong alias appears, but the row ticker's target alias does not.",No,wrong_company,none,No,No,No,No,Yes,wrong_company,1,0,d9af83f834c963188b595f5c0b3d0cc04d40ef0ac2a87371dd0712e65f62332c,"New_news_ETA_ETA_news_csv:{""row_number"": 31105}:1a69a0cc5158",manual_preserve,manual_preserve_v1,New_news/ETA/ETA_news.csv,f0b55954c0065ebcf31054445af35d2e9e0477f868dfeb0feb6c2a7fbf338a69
NEWS_CANDIDATE_034989_29fe0e27,ETA,Annual Report 2020,FBM KLCI rises on selective buying amid weak broader market,The Star,2024-07-19,https://www.thestar.com.my/business/business-news/2024/07/19/fbm-klci-rises-on-selective-buying-amid-weak-broader-market,1560,,,,,wrong_company,"Another target company's strong alias appears, but the row ticker's target alias does not.",No,wrong_company,none,No,No,No,No,Yes,wrong_company,1,0,56d739d22ff5e17ecec79e773ee67e9a0df9d92a91eb50c69ba075c97efec79a,"New_news_ETA_ETA_news_csv:{""row_number"": 31159}:ecf792da7bbe",manual_preserve,manual_preserve_v1,New_news/ETA/ETA_news.csv,f0b55954c0065ebcf31054445af35d2e9e0477f868dfeb0feb6c2a7fbf338a69
NEWS_CANDIDATE_035492_104f6503,ETA,Annual Report 2020,Teeing up for tourism,The Star,2024-07-09,https://www.thestar.com.my/metro/community-sports/2024/07/09/teeing-up-for-tourism,2486,,,,,wrong_company,"Another target company's strong alias appears, but the row ticker's target alias does not.",No,wrong_company,none,No,No,No,No,Yes,wrong_company,1,0,70d4fbe3faf405d4783dea97fdf46fcabb09b3bbce6a69e87bc3881c9612c28a,"New_news_ETA_ETA_news_csv:{""row_number"": 31662}:c41d0d737cf5",manual_preserve,manual_preserve_v1,New_news/ETA/ETA_news.csv,f0b55954c0065ebcf31054445af35d2e9e0477f868dfeb0feb6c2a7fbf338a69
NEWS_CANDIDATE_035524_abcd225c,ETA,Annual Report 2020,Sustainable food initiative in Bentong to empower indigenous communities,The Star,2024-07-04,https://www.thestar.com.my/metro/metro-news/2024/07/04/sustainable-food-initiative-in-bentong-to-empower-indigenous-communities,2345,,,,,wrong_company,"Another target company's strong alias appears, but the row ticker's target alias does not.",No,wrong_company,none,No,No,No,No,Yes,wrong_company,1,0,9181fb5a87d640b24cf5b74359d65aaa444620f73a78aa41a321e8cf20ae3356,"New_news_ETA_ETA_news_csv:{""row_number"": 31694}:fd2fe6c50330",manual_preserve,manual_preserve_v1,New_news/ETA/ETA_news.csv,f0b55954c0065ebcf31054445af35d2e9e0477f868dfeb0feb6c2a7fbf338a69
NEWS_CANDIDATE_035747_e4694109,ETA,Annual Report 2020,Bursa Malaysia closes in red; YNH plummets 18.18%,The Star,2024-06-27,https://www.thestar.com.my/business/business-news/2024/06/27/bursa-malaysia-closes-in-red-ynh-plummets-1818,1421,,,,,wrong_company,"Another target company's strong alias appears, but the row ticker's target alias does not.",No,wrong_company,none,No,No,No,No,Yes,wrong_company,0,0,fbcde590f8cf844908ab0b76837dcfaee85431b80bb4d64ad54e546ad623299c,"New_news_ETA_ETA_news_csv:{""row_number"": 31917}:101fd2209ec3",manual_preserve,manual_preserve_v1,New_news/ETA/ETA_news.csv,f0b55954c0065ebcf31054445af35d2e9e0477f868dfeb0feb6c2a7fbf338a69
NEWS_CANDIDATE_035933_a5bad1a9,ETA,Annual Report 2020,Toy library a treasure trove for B40 in Lembah Subang,The Star,2024-06-25,https://www.thestar.com.my/metro/metro-news/2024/06/25/toy-library-a-treasure-trove-for-b40-in-lembah-subang,3455,,,,,wrong_company,"Another target company's strong alias appears, but the row ticker's target alias does not.",No,wrong_company,none,No,No,No,No,Yes,wrong_company,1,0,e4295e763d7db8cbab1e090b61c68425a4538bb79396e5f50a78e18fd76cd76a,"New_news_ETA_ETA_news_csv:{""row_number"": 32103}:f43f5eed405d",manual_preserve,manual_preserve_v1,New_news/ETA/ETA_news.csv,f0b55954c0065ebcf31054445af35d2e9e0477f868dfeb0feb6c2a7fbf338a69
NEWS_CANDIDATE_035953_0d16d0ca,ETA,Annual Report 2020,Iconic Japanese beer makes its rounds,The Star,2024-06-21,https://www.thestar.com.my/metro/eat-and-drink/2024/06/21/iconic-japanese-beer-makes-its-rounds,1314,,,,,wrong_company,"Another target company's strong alias appears, but the row ticker's target alias does not.",No,wrong_company,none,No,No,No,No,Yes,wrong_company,0,0,167ea8128e9a41b0368236db0aacc3993b847d173e8ea0dce66bf360afc80527,"New_news_ETA_ETA_news_csv:{""row_number"": 32123}:c91710af0d32",manual_preserve,manual_preserve_v1,New_news/ETA/ETA_news.csv,f0b55954c0065ebcf31054445af35d2e9e0477f868dfeb0feb6c2a7fbf338a69
NEWS_CANDIDATE_036160_30c5fd63,ETA,Annual Report 2020,Techbond in the spotlight,The Star,2024-06-19,https://www.thestar.com.my/business/business-news/2024/06/19/techbond-in-the-spotlight,2560,,,,,wrong_company,"Another target company's strong alias appears, but the row ticker's target alias does not.",No,wrong_company,none,No,No,No,No,Yes,wrong_company,1,0,07d5ca0c803c5d441e1ed4ea3e83ecf469bbd3bc4202ecfa74c1dd6f4d272dce,"New_news_ETA_ETA_news_csv:{""row_number"": 32330}:0f27b1adf9c7",manual_preserve,manual_preserve_v1,New_news/ETA/ETA_news.csv,f0b55954c0065ebcf31054445af35d2e9e0477f868dfeb0feb6c2a7fbf338a69
NEWS_CANDIDATE_036191_8f558979,ETA,Annual Report 2020,FBM KLCI opens higher after long weekend break,The Star,2024-06-18,https://www.thestar.com.my/business/business-news/2024/06/18/fbm-klci-opens-higher-after-long-weekend-break,2028,,,,,wrong_company,"Another target company's strong alias appears, but the row ticker's target alias does not.",No,wrong_company,none,No,No,No,No,Yes,wrong_company,1,0,844116423b21014020fb5becf675f5b567bc969cb5c3e3271e584868fc63adbe,"New_news_ETA_ETA_news_csv:{""row_number"": 32361}:7ac3b473a98e",manual_preserve,manual_preserve_v1,New_news/ETA/ETA_news.csv,f0b55954c0065ebcf31054445af35d2e9e0477f868dfeb0feb6c2a7fbf338a69
NEWS_CANDIDATE_036215_32d4aaf0,ETA,Annual Report 2020,The late Ta was a generous and genuine person,The Star,2024-06-18,https://www.thestar.com.my/business/business-news/2024/06/18/the-late-ta-was-a-generous-and-genuine-person,3670,,,,,wrong_company,"Another target company's strong alias appears, but the row ticker's target alias does not.",No,wrong_company,none,No,No,No,No,Yes,wrong_company,0,0,472b6cc9917a085f44a77dcaa9cd1a16a780a40a26dda72a457a02ed1e4c83cd,"New_news_ETA_ETA_news_csv:{""row_number"": 32385}:cd05c8e0abef",manual_preserve,manual_preserve_v1,New_news/ETA/ETA_news.csv,f0b55954c0065ebcf31054445af35d2e9e0477f868dfeb0feb6c2a7fbf338a69
NEWS_CANDIDATE_036266_00c52d1a,ETA,Annual Report 2020,Bursa Malaysia ends lower on profit-taking,The Star,2024-06-19,https://www.thestar.com.my/business/business-news/2024/06/19/bursa-malaysia-ends-lower-on-profit-taking,3564,,,,,wrong_company,"Another target company's strong alias appears, but the row ticker's target alias does not.",No,wrong_company,none,No,No,No,No,Yes,wrong_company,1,0,a7ff01f73b8448ad384a92763faa75738f61bf4f3525344f8a88f25ddc89a205,"New_news_ETA_ETA_news_csv:{""row_number"": 32436}:1d05ce9b1805",manual_preserve,manual_preserve_v1,New_news/ETA/ETA_news.csv,f0b55954c0065ebcf31054445af35d2e9e0477f868dfeb0feb6c2a7fbf338a69
NEWS_CANDIDATE_036608_bc7a270d,ETA,Annual Report 2020,Muted near-term downstream earnings likely for planters,The Star,2024-06-11,https://www.thestar.com.my/business/business-news/2024/06/11/muted-near-term-downstream-earnings-likely-for-planters,3311,,,,,wrong_company,"Another target company's strong alias appears, but the row ticker's target alias does not.",No,wrong_company,none,No,No,No,No,Yes,wrong_company,1,0,55250d78034157d6722f4d846dd02f15bd1093f75e003b863072e1ce87cf657a,"New_news_ETA_ETA_news_csv:{""row_number"": 32778}:bf1ee658621c",manual_preserve,manual_preserve_v1,New_news/ETA/ETA_news.csv,f0b55954c0065ebcf31054445af35d2e9e0477f868dfeb0feb6c2a7fbf338a69
NEWS_CANDIDATE_036639_e0d3ebda,ETA,Annual Report 2020,"FBM KLCI pares gains, ends marginally up",The Star,2024-06-13,https://www.thestar.com.my/business/business-news/2024/06/13/fbm-klci-pares-gains-ends-marginally-up,1044,,,,,wrong_company,"Another target company's strong alias appears, but the row ticker's target alias does not.",No,wrong_company,none,No,No,No,No,Yes,wrong_company,1,0,36058cecee1a5c1a4a6517b4e58f0f9b08a7a6e60ae834fb6180f9fd0fc3f1f8,"New_news_ETA_ETA_news_csv:{""row_number"": 32809}:0fdaab83da25",manual_preserve,manual_preserve_v1,New_news/ETA/ETA_news.csv,f0b55954c0065ebcf31054445af35d2e9e0477f868dfeb0feb6c2a7fbf338a69
NEWS_CANDIDATE_036961_aa0fcb20,ETA,Annual Report 2020,"MSM Malaysia to continue managing sugar price hedging, looks forward to new mechanism",The Star,2024-06-06,https://www.thestar.com.my/business/business-news/2024/06/06/msm-malaysia-to-continue-managing-sugar-price-hedging-looks-forward-to-new-mechanism,2872,,,,,wrong_company,"Another target company's strong alias appears, but the row ticker's target alias does not.",No,wrong_company,none,No,No,No,No,Yes,wrong_company,1,0,9ba64e1bd9d9cba88ac472e88491ff405958d9b6ac108c2315321df6df2f34f0,"New_news_ETA_ETA_news_csv:{""row_number"": 33131}:5d2ceb03e976",manual_preserve,manual_preserve_v1,New_news/ETA/ETA_news.csv,f0b55954c0065ebcf31054445af35d2e9e0477f868dfeb0feb6c2a7fbf338a69
NEWS_CANDIDATE_037018_9956f12e,ETA,Annual Report 2020,Leong Hup to do well on demand for poultry,The Star,2024-06-05,https://www.thestar.com.my/business/business-news/2024/06/05/leong-hup-to-do-well-on-demand-for-poultry,2585,,,,,wrong_company,"Another target company's strong alias appears, but the row ticker's target alias does not.",No,wrong_company,none,No,No,No,No,Yes,wrong_company,1,0,8c30d5dfa24478a3b293a9fc0867b082286fae671a17099ece592817d26b3e36,"New_news_ETA_ETA_news_csv:{""row_number"": 33188}:1997f540397e",manual_preserve,manual_preserve_v1,New_news/ETA/ETA_news.csv,f0b55954c0065ebcf31054445af35d2e9e0477f868dfeb0feb6c2a7fbf338a69
NEWS_CANDIDATE_037043_89209b0a,ETA,Annual Report 2020,Brighter prospects for PPB Group on China recovery,The Star,2024-06-04,https://www.thestar.com.my/business/business-news/2024/06/04/brighter-prospects-for-ppb-group-on-china-recovery,2121,,,,,wrong_company,"Another target company's strong alias appears, but the row ticker's target alias does not.",No,wrong_company,none,No,No,No,No,Yes,wrong_company,1,0,36ba614914405eca014215892511b00a10867432c6a7a292e7bd7fb663ae84b0,"New_news_ETA_ETA_news_csv:{""row_number"": 33213}:37d81c8c4af5",manual_preserve,manual_preserve_v1,New_news/ETA/ETA_news.csv,f0b55954c0065ebcf31054445af35d2e9e0477f868dfeb0feb6c2a7fbf338a69
NEWS_CANDIDATE_037045_b87594b1,ETA,Annual Report 2020,High expectations for corporate earnings,The Star,2024-06-04,https://www.thestar.com.my/business/business-news/2024/06/04/high-expectations--for-corporate-earnings,5292,,,,,wrong_company,"Another target company's strong alias appears, but the row ticker's target alias does not.",No,wrong_company,none,No,No,No,No,Yes,wrong_company,1,0,fe965c257d911f0583aa8128ec59e5b1cae830aad1eaef3adf4187c9e2c4f2ce,"New_news_ETA_ETA_news_csv:{""row_number"": 33215}:85e46d0dd6fa",manual_preserve,manual_preserve_v1,New_news/ETA/ETA_news.csv,f0b55954c0065ebcf31054445af35d2e9e0477f868dfeb0feb6c2a7fbf338a69
NEWS_CANDIDATE_037374_eb2e7a4f,ETA,Annual Report 2020,Last-minute selling drags FBM KLCI down; Lagenda Properties most active,The Star,2024-05-30,https://www.thestar.com.my/business/business-news/2024/05/30/last-minute-selling-drags-fbm-klci-down-lagenda-properties-most-active,1771,,,,,wrong_company,"Another target company's strong alias appears, but the row ticker's target alias does not.",No,wrong_company,none,No,No,No,No,Yes,wrong_company,1,0,43ef58a31cab3dc247e83a21e1c38f6a3c731df17fb9854a3f816ee7b2b34cc7,"New_news_ETA_ETA_news_csv:{""row_number"": 33544}:0789018f97c6",manual_preserve,manual_preserve_v1,New_news/ETA/ETA_news.csv,f0b55954c0065ebcf31054445af35d2e9e0477f868dfeb0feb6c2a7fbf338a69
NEWS_CANDIDATE_037379_baacec97,ETA,Annual Report 2020,"Trading ideas: Lagenda, SkyWorld, Fajarbaru, Mitrajaya, Vizione, Epicon, Sentoria, IHH, Axiata, RHB, PetGas, TIME, Hap Seng, PetChem",The Star,2024-05-30,https://www.thestar.com.my/business/business-news/2024/05/30/trading-ideas-lagenda-skyworld-fajarbaru-mitrajaya-vizione-epicon-sentoria-ihh-axiata-rhb-petgas-time-hap-seng-petchem,3289,,,,,wrong_company,"Another target company's strong alias appears, but the row ticker's target alias does not.",No,wrong_company,none,No,No,No,No,Yes,wrong_company,1,0,76399fa789e36d5f1d244009a1454f16381ea8d1e7832b0bd50eb4653ff85e14,"New_news_ETA_ETA_news_csv:{""row_number"": 33549}:adb2d73e760b",manual_preserve,manual_preserve_v1,New_news/ETA/ETA_news.csv,f0b55954c0065ebcf31054445af35d2e9e0477f868dfeb0feb6c2a7fbf338a69
NEWS_CANDIDATE_037478_7ba7234e,ETA,Annual Report 2020,FBM KLCI bucks regional trend as stocks bounce,The Star,2024-05-30,https://www.thestar.com.my/business/business-news/2024/05/30/fbm-klci-bucks-regional-trend-as-stocks-bounce,1504,,,,,wrong_company,"Another target company's strong alias appears, but the row ticker's target alias does not.",No,wrong_company,none,No,No,No,No,Yes,wrong_company,1,0,178af32e5dc24db3624743cf30238c2378c944445fccd694e904cfe271759be7,"New_news_ETA_ETA_news_csv:{""row_number"": 33648}:d41abfd25f51",manual_preserve,manual_preserve_v1,New_news/ETA/ETA_news.csv,f0b55954c0065ebcf31054445af35d2e9e0477f868dfeb0feb6c2a7fbf338a69
NEWS_CANDIDATE_037500_fb025881,ETA,Annual Report 2020,FBM KLCI hits intraday low; Lagenda Properties dives on MACC probe,The Star,2024-05-29,https://www.thestar.com.my/business/business-news/2024/05/29/fbm-klci-hits-intraday-low-lagenda-properties-dives-on-macc-probe,2053,,,,,wrong_company,"Another target company's strong alias appears, but the row ticker's target alias does not.",No,wrong_company,none,No,No,No,No,Yes,wrong_company,1,0,dc6cf48d8b0fec7e2ded4e4ea991bef6d1839f62da20510e9397f20095e1b4a3,"New_news_ETA_ETA_news_csv:{""row_number"": 33670}:b0e30b6d003e",manual_preserve,manual_preserve_v1,New_news/ETA/ETA_news.csv,f0b55954c0065ebcf31054445af35d2e9e0477f868dfeb0feb6c2a7fbf338a69
NEWS_CANDIDATE_037589_8a4e5d1d,ETA,Annual Report 2020,Soju-flavoured lager launches with a bang,The Star,2024-05-24,https://www.thestar.com.my/metro/metro-news/2024/05/24/soju-flavoured-lager-launches-with-a-bang,1766,,,,,wrong_company,"Another target company's strong alias appears, but the row ticker's target alias does not.",No,wrong_company,none,No,No,No,No,Yes,wrong_company,0,0,58577cd5d585797aba1a09ea61d44563115460494fcf83bd82ae466a778d0963,"New_news_ETA_ETA_news_csv:{""row_number"": 33759}:be986ad5d502",manual_preserve,manual_preserve_v1,New_news/ETA/ETA_news.csv,f0b55954c0065ebcf31054445af35d2e9e0477f868dfeb0feb6c2a7fbf338a69
NEWS_CANDIDATE_037850_cb44dd3a,ETA,Annual Report 2020,FBM KLCI falls from three-year high on profit-taking,The Star,2024-05-21,https://www.thestar.com.my/business/business-news/2024/05/21/fbm-klci-falls-from-three-year-high-on-profit-taking,1857,,,,,wrong_company,"Another target company's strong alias appears, but the row ticker's target alias does not.",No,wrong_company,none,No,No,No,No,Yes,wrong_company,1,0,1a2ed7d562d00c705ecedd2d39b283eec3fa8a1ef837abf3722286d33de901c6,"New_news_ETA_ETA_news_csv:{""row_number"": 34020}:6780d04c5d92",manual_preserve,manual_preserve_v1,New_news/ETA/ETA_news.csv,f0b55954c0065ebcf31054445af35d2e9e0477f868dfeb0feb6c2a7fbf338a69
NEWS_CANDIDATE_037983_2a331112,ETA,Annual Report 2020,Win a luxury staycation to watch live football matches,The Star,2024-05-22,https://www.thestar.com.my/metro/metro-news/2024/05/22/win-a-luxury-staycation-to-watch-live-football-matches,1933,,,,,wrong_company,"Another target company's strong alias appears, but the row ticker's target alias does not.",No,wrong_company,none,No,No,No,No,Yes,wrong_company,0,0,2b794a86e6abfb4935958f35fe6580584d03802dc442292e3ac8100180273cb7,"New_news_ETA_ETA_news_csv:{""row_number"": 34153}:ffb2df241324",manual_preserve,manual_preserve_v1,New_news/ETA/ETA_news.csv,f0b55954c0065ebcf31054445af35d2e9e0477f868dfeb0feb6c2a7fbf338a69
NEWS_CANDIDATE_038169_95c5b80a,ETA,Annual Report 2020,Beacon of pride for developers,The Star,2024-05-16,https://www.thestar.com.my/news/nation/2024/05/16/beacon-of-pride-for-developers,4866,,,,,wrong_company,"Another target company's strong alias appears, but the row ticker's target alias does not.",No,wrong_company,none,No,No,No,No,Yes,wrong_company,1,0,1e241371bf3aafcd55fe1f7d10973caf55f4777af924ef19acb6f8b06507e55d,"New_news_ETA_ETA_news_csv:{""row_number"": 34339}:9db5b08d53b6",manual_preserve,manual_preserve_v1,New_news/ETA/ETA_news.csv,f0b55954c0065ebcf31054445af35d2e9e0477f868dfeb0feb6c2a7fbf338a69
NEWS_CANDIDATE_038251_4ab04ba2,ETA,Annual Report 2020,"Trading ideas: MAHB, MBSB, Jetson, Malakoff, Deleum, Tuju Setia, BCB, Uzma, Cypark",The Star,2024-05-15,https://www.thestar.com.my/business/business-news/2024/05/15/trading-ideas-mahb-mbsb-jetson-malakoff-deleum-tuju-setia-bcb-uzma-cypark,3050,,,,,wrong_company,"Another target company's strong alias appears, but the row ticker's target alias does not.",No,wrong_company,none,No,No,No,No,Yes,wrong_company,1,0,a97ef9ca4a31f7e89ad65fe0fbb5a09f97414929800aba3805ac57b2fee792ba,"New_news_ETA_ETA_news_csv:{""row_number"": 34421}:0e355e706945",manual_preserve,manual_preserve_v1,New_news/ETA/ETA_news.csv,f0b55954c0065ebcf31054445af35d2e9e0477f868dfeb0feb6c2a7fbf338a69
NEWS_CANDIDATE_038264_5ae7f9be,ETA,Annual Report 2020,Carlsberg to see sales recovery in 2H,The Star,2024-05-15,https://www.thestar.com.my/business/business-news/2024/05/15/carlsberg-to-see-sales-recovery-in-2h,2357,,,,,wrong_company,"Another target company's strong alias appears, but the row ticker's target alias does not.",No,wrong_company,none,No,No,No,No,Yes,wrong_company,1,0,5a8d5f498dee5493f29f2e11ab37067a68b35cb7d609c69ab2da8e8031f1d451,"New_news_ETA_ETA_news_csv:{""row_number"": 34434}:275d162c20d3",manual_preserve,manual_preserve_v1,New_news/ETA/ETA_news.csv,f0b55954c0065ebcf31054445af35d2e9e0477f868dfeb0feb6c2a7fbf338a69
NEWS_CANDIDATE_038276_0ff9f2dd,ETA,Annual Report 2020,Heineken posts positive 1Q24 results,The Star,2024-05-15,https://www.thestar.com.my/business/business-news/2024/05/15/heineken-posts-positive-1q24-results,2178,,,,,wrong_company,"Another target company's strong alias appears, but the row ticker's target alias does not.",No,wrong_company,none,No,No,No,No,Yes,wrong_company,1,0,f721139ebb9c47dd2c9d237db5aa02966b477c7f7b52140cfe8b079e048fd8fb,"New_news_ETA_ETA_news_csv:{""row_number"": 34446}:42b091919d46",manual_preserve,manual_preserve_v1,New_news/ETA/ETA_news.csv,f0b55954c0065ebcf31054445af35d2e9e0477f868dfeb0feb6c2a7fbf338a69
NEWS_CANDIDATE_038283_89f33e3e,ETA,Annual Report 2020,Heineken keeps its guard up after posting encouraging 1Q24,The Star,2024-05-14,https://www.thestar.com.my/business/business-news/2024/05/14/heineken-keeps-its-guard-up-after-posting-encouraging-1q24,1659,,,,,wrong_company,"Another target company's strong alias appears, but the row ticker's target alias does not.",No,wrong_company,none,No,No,No,No,Yes,wrong_company,1,0,931bc12a2f7dadaeae5b5c61345df4818f6315e92f4f40dd1c452d0032f340b5,"New_news_ETA_ETA_news_csv:{""row_number"": 34453}:401f59a11ca9",manual_preserve,manual_preserve_v1,New_news/ETA/ETA_news.csv,f0b55954c0065ebcf31054445af35d2e9e0477f868dfeb0feb6c2a7fbf338a69
NEWS_CANDIDATE_038298_d2bc294b,ETA,Annual Report 2020,"Trading ideas: TM, MISC, Capital A, PTT, Aurelius Tech, AME Elite, Score Builders, YNHP, Frontken and Mulpha",The Star,2024-05-14,https://www.thestar.com.my/business/business-news/2024/05/14/trading-ideas-tm-misc-capital-a-ptt-aurelius-tech-ame-elite-score-builders-ynhp-frontken-and-mulpha,3677,,,,,wrong_company,"Another target company's strong alias appears, but the row ticker's target alias does not.",No,wrong_company,none,No,No,No,No,Yes,wrong_company,1,0,7268f0f89f6482d08e1f236337b6e85114cafe111ec72df5b0dad483b3c57005,"New_news_ETA_ETA_news_csv:{""row_number"": 34468}:6d9307c13ea5",manual_preserve,manual_preserve_v1,New_news/ETA/ETA_news.csv,f0b55954c0065ebcf31054445af35d2e9e0477f868dfeb0feb6c2a7fbf338a69
NEWS_CANDIDATE_038586_c971724e,ETA,Annual Report 2020,"Manufacturer’s dark chocolate variant made with Sabah, Sarawak cocoa beans",The Star,2024-05-16,https://www.thestar.com.my/food/food-news/2024/05/16/manufacturers-dark-chocolate-variant-made-with-sabah-sarawak-cocoa-beans,3496,,,,,wrong_company,"Another target company's strong alias appears, but the row ticker's target alias does not.",No,wrong_company,none,No,No,No,No,Yes,wrong_company,1,0,fb665519b04b9c20f088e702e336a19a7be49dda446f4689a6be802348a635f0,"New_news_ETA_ETA_news_csv:{""row_number"": 34756}:400f59622e08",manual_preserve,manual_preserve_v1,New_news/ETA/ETA_news.csv,f0b55954c0065ebcf31054445af35d2e9e0477f868dfeb0feb6c2a7fbf338a69
NEWS_CANDIDATE_038667_a3856a95,ETA,Annual Report 2020,"FBM KLCI steps back 0.22%, VSTECS hits record",The Star,2024-05-09,https://www.thestar.com.my/business/business-news/2024/05/09/fbm-klci-steps-back-022-vstecs-hits-record,2121,,,,,wrong_company,"Another target company's strong alias appears, but the row ticker's target alias does not.",No,wrong_company,none,No,No,No,No,Yes,wrong_company,1,0,1b96debe850877bb0ca75622733ead5a4eecbe080c00e055b84b0d4801d1dc45,"New_news_ETA_ETA_news_csv:{""row_number"": 34837}:f2786962514a",manual_preserve,manual_preserve_v1,New_news/ETA/ETA_news.csv,f0b55954c0065ebcf31054445af35d2e9e0477f868dfeb0feb6c2a7fbf338a69
NEWS_CANDIDATE_038731_5cb8155b,ETA,Annual Report 2020,"FBM KLCI soars above 1,600, highest in over two years",The Star,2024-05-07,https://www.thestar.com.my/business/business-news/2024/05/07/fbm-klci-soars-above-1600-highest-in-over-two-years,1754,,,,,wrong_company,"Another target company's strong alias appears, but the row ticker's target alias does not.",No,wrong_company,none,No,No,No,No,Yes,wrong_company,1,0,f9c52cb38eddc4c5780759adcc360ca5c97083145e69e302ff858c609430f56b,"New_news_ETA_ETA_news_csv:{""row_number"": 34901}:cbab1a326341",manual_preserve,manual_preserve_v1,New_news/ETA/ETA_news.csv,f0b55954c0065ebcf31054445af35d2e9e0477f868dfeb0feb6c2a7fbf338a69
NEWS_CANDIDATE_038736_94376ca8,ETA,Annual Report 2020,"FBM KLCI pushes past 1,600",The Star,2024-05-07,https://www.thestar.com.my/business/business-news/2024/05/07/fbm-klci-pushes-past-1600,1391,,,,,wrong_company,"Another target company's strong alias appears, but the row ticker's target alias does not.",No,wrong_company,none,No,No,No,No,Yes,wrong_company,1,0,91634a9130a66b3d375564ae951f6c2bb840be4fedd3d97ce2337c2490997524,"New_news_ETA_ETA_news_csv:{""row_number"": 34906}:be7706ca2014",manual_preserve,manual_preserve_v1,New_news/ETA/ETA_news.csv,f0b55954c0065ebcf31054445af35d2e9e0477f868dfeb0feb6c2a7fbf338a69
NEWS_CANDIDATE_038784_c4519f9e,ETA,Annual Report 2020,FBM KLCI drifts as investors await fresh leads,The Star,2024-05-09,https://www.thestar.com.my/business/business-news/2024/05/09/fbm-klci-drifts-as-investors-await-fresh-leads,1424,,,,,wrong_company,"Another target company's strong alias appears, but the row ticker's target alias does not.",No,wrong_company,none,No,No,No,No,Yes,wrong_company,1,0,829149f63b996808a58d174d4d827fd947730fccdb471306091de5242ada003d,"New_news_ETA_ETA_news_csv:{""row_number"": 34954}:7c3530bc60c0",manual_preserve,manual_preserve_v1,New_news/ETA/ETA_news.csv,f0b55954c0065ebcf31054445af35d2e9e0477f868dfeb0feb6c2a7fbf338a69
NEWS_CANDIDATE_039136_f69ca15d,ETA,Annual Report 2020,F&N mindful of prospects despite a strong 1H24,The Star,2024-05-01,https://www.thestar.com.my/business/business-news/2024/05/01/fn-mindful-of-prospects-despite-a-strong-1h24,2121,,,,,wrong_company,"Another target company's strong alias appears, but the row ticker's target alias does not.",No,wrong_company,none,No,No,No,No,Yes,wrong_company,1,0,49180d6f71a64b4b086796e5b8dcaec59118f8758ea2ce80a90f9b3a38faa6e5,"New_news_ETA_ETA_news_csv:{""row_number"": 35306}:bd888a21b952",manual_preserve,manual_preserve_v1,New_news/ETA/ETA_news.csv,f0b55954c0065ebcf31054445af35d2e9e0477f868dfeb0feb6c2a7fbf338a69
NEWS_CANDIDATE_039146_14736dfb,ETA,Annual Report 2020,FBM KLCI steps back 0.42% as YTL Power weighs,The Star,2024-04-30,https://www.thestar.com.my/business/business-news/2024/04/30/fbm-klci-steps-back-042-as-ytl-power-weighs,1504,,,,,wrong_company,"Another target company's strong alias appears, but the row ticker's target alias does not.",No,wrong_company,none,No,No,No,No,Yes,wrong_company,1,0,a73795433c817e9d40382a857e92e621100c9aa8f146013b657a4578e25b9b53,"New_news_ETA_ETA_news_csv:{""row_number"": 35316}:fdeb2c5ce9ec",manual_preserve,manual_preserve_v1,New_news/ETA/ETA_news.csv,f0b55954c0065ebcf31054445af35d2e9e0477f868dfeb0feb6c2a7fbf338a69
NEWS_CANDIDATE_039467_cb474d50,ETA,Annual Report 2020,"Trading ideas: MyEG, Axis REIT, Mah Sing, Capital A, Hibiscus, Chin Hin, Carlsberg, I-Bhd",The Star,2024-04-25,https://www.thestar.com.my/business/business-news/2024/04/25/trading-ideas-myeg-axis-reit-mah-sing-capital-a-hibiscus-chin-hin-carlsberg-i-bhd,3613,,,,,wrong_company,"Another target company's strong alias appears, but the row ticker's target alias does not.",No,wrong_company,none,No,No,No,No,Yes,wrong_company,1,0,0534dd2f980087aaae75537d8f5450b8ee9066d70d5cd78f6df8a8dca5f67444,"New_news_ETA_ETA_news_csv:{""row_number"": 35637}:b65d9ebdaf0f",manual_preserve,manual_preserve_v1,New_news/ETA/ETA_news.csv,f0b55954c0065ebcf31054445af35d2e9e0477f868dfeb0feb6c2a7fbf338a69
NEWS_CANDIDATE_039510_620deaa7,ETA,Annual Report 2020,Consumer companies likely to face a mixed year,The Star,2024-04-24,https://www.thestar.com.my/business/business-news/2024/04/24/consumer-companies-likely-to-face-a-mixed-year,3634,,,,,wrong_company,"Another target company's strong alias appears, but the row ticker's target alias does not.",No,wrong_company,none,No,No,No,No,Yes,wrong_company,1,0,3f68168f3894f329aad04196d2458c48615fe7f559d5eab9bd06d8cacafcaa2f,"New_news_ETA_ETA_news_csv:{""row_number"": 35680}:cdf31394517b",manual_preserve,manual_preserve_v1,New_news/ETA/ETA_news.csv,f0b55954c0065ebcf31054445af35d2e9e0477f868dfeb0feb6c2a7fbf338a69
NEWS_CANDIDATE_039535_1089adfb,ETA,Annual Report 2020,FBM KLCI ends at near 2-year high,The Star,2024-04-23,https://www.thestar.com.my/business/business-news/2024/04/23/fbm-klci-ends-at-near-2-year-high,1800,,,,,wrong_company,"Another target company's strong alias appears, but the row ticker's target alias does not.",No,wrong_company,none,No,No,No,No,Yes,wrong_company,1,0,da1b60271ed349476645a30f0863144035da58875ba1e485d79edbf86e029d83,"New_news_ETA_ETA_news_csv:{""row_number"": 35705}:c239e400d969",manual_preserve,manual_preserve_v1,New_news/ETA/ETA_news.csv,f0b55954c0065ebcf31054445af35d2e9e0477f868dfeb0feb6c2a7fbf338a69
NEWS_CANDIDATE_039571_1dfffdfb,ETA,Annual Report 2020,"Profit-taking in the market, KLCI down 0.14%",The Star,2024-04-25,https://www.thestar.com.my/business/business-news/2024/04/25/profit-taking-in-the-market-klci-down-014,1390,,,,,wrong_company,"Another target company's strong alias appears, but the row ticker's target alias does not.",No,wrong_company,none,No,No,No,No,Yes,wrong_company,1,0,8e6d8ae70e40cc2d66707ef07b32580c4feb737e63ff6d588b6f3e9fcda718cd,"New_news_ETA_ETA_news_csv:{""row_number"": 35741}:89f9528dcd75",manual_preserve,manual_preserve_v1,New_news/ETA/ETA_news.csv,f0b55954c0065ebcf31054445af35d2e9e0477f868dfeb0feb6c2a7fbf338a69
NEWS_CANDIDATE_039679_f6f8cee7,ETA,Annual Report 2020,Home repairs for Orang Asli,The Star,2024-04-23,https://www.thestar.com.my/metro/metro-news/2024/04/23/home-repairs-for-orang-asli,3195,,,,,wrong_company,"Another target company's strong alias appears, but the row ticker's target alias does not.",No,wrong_company,none,No,No,No,No,Yes,wrong_company,1,0,547aaccad6a1e6f6fca2e516999d3b78fbe1a5708082497488f0a4446257715e,"New_news_ETA_ETA_news_csv:{""row_number"": 35849}:760d242b2999",manual_preserve,manual_preserve_v1,New_news/ETA/ETA_news.csv,f0b55954c0065ebcf31054445af35d2e9e0477f868dfeb0feb6c2a7fbf338a69
NEWS_CANDIDATE_039930_4ba71ec4,ETA,Annual Report 2020,Higher OOH beverage consumption a boon for F&N,The Star,2024-04-18,https://www.thestar.com.my/business/business-news/2024/04/18/higher-ooh-beverage-consumption-a-boon-for-fn,2844,,,,,wrong_company,"Another target company's strong alias appears, but the row ticker's target alias does not.",No,wrong_company,none,No,No,No,No,Yes,wrong_company,1,0,d790bb20315a65b8b2ec318164544d6f9ff94a4fe5c90ebac9d5ce43a654f06c,"New_news_ETA_ETA_news_csv:{""row_number"": 36100}:60c06daefeee",manual_preserve,manual_preserve_v1,New_news/ETA/ETA_news.csv,f0b55954c0065ebcf31054445af35d2e9e0477f868dfeb0feb6c2a7fbf338a69
NEWS_CANDIDATE_039958_8a0a5a24,ETA,Annual Report 2020,Sea of red on Bursa amid missile attacks in Middle East,The Star,2024-04-17,https://www.thestar.com.my/business/business-news/2024/04/17/sea-of-red-on-bursa-amid-missile-attacks-in-middle-east,1627,,,,,wrong_company,"Another target company's strong alias appears, but the row ticker's target alias does not.",No,wrong_company,none,No,No,No,No,Yes,wrong_company,1,0,089400e740210ea5779d26cb918262712cf95a2f7dfb03d0f80ee65a90321e9e,"New_news_ETA_ETA_news_csv:{""row_number"": 36128}:618ab4014136",manual_preserve,manual_preserve_v1,New_news/ETA/ETA_news.csv,f0b55954c0065ebcf31054445af35d2e9e0477f868dfeb0feb6c2a7fbf338a69
NEWS_CANDIDATE_039968_d4c45c5d,ETA,Annual Report 2020,"Bursa Malaysia continues downtrend with over 1,000 counters in red",The Star,2024-04-16,https://www.thestar.com.my/business/business-news/2024/04/16/bursa-malaysia-continues-downtrend-with-over-1000-counters-in-red,1698,,,,,wrong_company,"Another target company's strong alias appears, but the row ticker's target alias does not.",No,wrong_company,none,No,No,No,No,Yes,wrong_company,1,0,588c8c33935af21bedf60c1ebcb7c2dbf5ec0031af54009bb2be9338ca60a802,"New_news_ETA_ETA_news_csv:{""row_number"": 36138}:46ba1166db40",manual_preserve,manual_preserve_v1,New_news/ETA/ETA_news.csv,f0b55954c0065ebcf31054445af35d2e9e0477f868dfeb0feb6c2a7fbf338a69
NEWS_CANDIDATE_040108_a68a3ae4,ETA,Annual Report 2020,"PJ folk told to recycle, reuse",The Star,2024-04-18,https://www.thestar.com.my/metro/metro-news/2024/04/18/pj-folk-told-to-recycle-reuse,3173,,,,,wrong_company,"Another target company's strong alias appears, but the row ticker's target alias does not.",No,wrong_company,none,No,No,No,No,Yes,wrong_company,1,0,1a08da6aa3519536ec78df7387f981881a2d058c102bb457e468f67458d32c71,"New_news_ETA_ETA_news_csv:{""row_number"": 36278}:5f6d062e5983",manual_preserve,manual_preserve_v1,New_news/ETA/ETA_news.csv,f0b55954c0065ebcf31054445af35d2e9e0477f868dfeb0feb6c2a7fbf338a69
NEWS_CANDIDATE_040398_51b06f48,ETA,Annual Report 2020,FBM KLCI enters lunch break in positive territory,The Star,2024-04-08,https://www.thestar.com.my/business/business-news/2024/04/08/fbm-klci-enters-lunch-break-in-positive-territory,1201,,,,,wrong_company,"Another target company's strong alias appears, but the row ticker's target alias does not.",No,wrong_company,none,No,No,No,No,Yes,wrong_company,1,0,776e90c6c776c0a7e61d60d43b1c91e07db9d8b45dce98b5175fcabd65b60371,"New_news_ETA_ETA_news_csv:{""row_number"": 36568}:eb6315d3708e",manual_preserve,manual_preserve_v1,New_news/ETA/ETA_news.csv,f0b55954c0065ebcf31054445af35d2e9e0477f868dfeb0feb6c2a7fbf338a69
NEWS_CANDIDATE_040405_f9174778,ETA,Annual Report 2020,New appointments set to guide Invictus Blue’s integrated proposition,The Star,2024-04-08,https://www.thestar.com.my/business/business-news/2024/04/08/new-appointments-set-to-guide-invictus-blues-integrated-proposition,1911,,,,,wrong_company,"Another target company's strong alias appears, but the row ticker's target alias does not.",No,wrong_company,none,No,No,No,No,Yes,wrong_company,1,0,025216799947cb3d3f194b4b8d4020a0ba97c6fd85eb1937971e79d02e67e50c,"New_news_ETA_ETA_news_csv:{""row_number"": 36575}:8cbbd412db58",manual_preserve,manual_preserve_v1,New_news/ETA/ETA_news.csv,f0b55954c0065ebcf31054445af35d2e9e0477f868dfeb0feb6c2a7fbf338a69
NEWS_CANDIDATE_040544_6500bfc9,ETA,Annual Report 2020,Raising awareness of road safety,The Star,2024-04-10,https://www.thestar.com.my/metro/metro-news/2024/04/10/raising-awareness-of-road-safety,3357,,,,,wrong_company,"Another target company's strong alias appears, but the row ticker's target alias does not.",No,wrong_company,none,No,No,No,No,Yes,wrong_company,1,0,474ba86406179090c60735ecff3fb8f8be349badae777824f5676c0c914cea10,"New_news_ETA_ETA_news_csv:{""row_number"": 36714}:2f41748892de",manual_preserve,manual_preserve_v1,New_news/ETA/ETA_news.csv,f0b55954c0065ebcf31054445af35d2e9e0477f868dfeb0feb6c2a7fbf338a69
NEWS_CANDIDATE_040754_9ee27fc6,ETA,Annual Report 2020,MSM on track for sweeter bottom line,The Star,2024-04-04,https://www.thestar.com.my/business/business-news/2024/04/04/msm-on-track-for-sweeter-bottom-line,3637,,,,,wrong_company,"Another target company's strong alias appears, but the row ticker's target alias does not.",No,wrong_company,none,No,No,No,No,Yes,wrong_company,1,0,6b0fd7227a06a34c0c9eba469467a64987380cae53f0845313c8bbcd830e55df,"New_news_ETA_ETA_news_csv:{""row_number"": 36924}:3d7b9984e79c",manual_preserve,manual_preserve_v1,New_news/ETA/ETA_news.csv,f0b55954c0065ebcf31054445af35d2e9e0477f868dfeb0feb6c2a7fbf338a69
NEWS_CANDIDATE_040806_565d7406,ETA,Annual Report 2020,"FBM KLCI extends gains, consumer stocks in focus",The Star,2024-04-02,https://www.thestar.com.my/business/business-news/2024/04/02/fbm-klci-extends-gains-consumer-stocks-in-focus,1815,,,,,wrong_company,"Another target company's strong alias appears, but the row ticker's target alias does not.",No,wrong_company,none,No,No,No,No,Yes,wrong_company,1,0,636227e5bb0ec9a1f70a62294b8795019276518e24ffadcffe5c6aa65bff8f6f,"New_news_ETA_ETA_news_csv:{""row_number"": 36976}:9b2b8b56bc8e",manual_preserve,manual_preserve_v1,New_news/ETA/ETA_news.csv,f0b55954c0065ebcf31054445af35d2e9e0477f868dfeb0feb6c2a7fbf338a69
NEWS_CANDIDATE_041211_5ba67ae9,ETA,Annual Report 2020,Subdued consumer sentiment likely to persist,The Star,2024-03-26,https://www.thestar.com.my/business/business-news/2024/03/26/subdued-consumer-sentiment-likely-to-persist,2737,,,,,wrong_company,"Another target company's strong alias appears, but the row ticker's target alias does not.",No,wrong_company,none,No,No,No,No,Yes,wrong_company,1,0,055ebe91815f07f8972bb885b5035f5a46fe42d785819d6054aa4d09006b6a5c,"New_news_ETA_ETA_news_csv:{""row_number"": 37381}:39a0c4c5d74a",manual_preserve,manual_preserve_v1,New_news/ETA/ETA_news.csv,f0b55954c0065ebcf31054445af35d2e9e0477f868dfeb0feb6c2a7fbf338a69
NEWS_CANDIDATE_041583_df7674a8,ETA,Annual Report 2020,Mixed outlook for plantations on downstream margin drag,The Star,2024-03-20,https://www.thestar.com.my/business/business-news/2024/03/20/mixed-outlook-for-plantations-on-downstream-margin-drag,2313,,,,,wrong_company,"Another target company's strong alias appears, but the row ticker's target alias does not.",No,wrong_company,none,No,No,No,No,Yes,wrong_company,1,0,bb42bcdbecb2830b7cd38429398b53c36681be70431c8c28a8e6996ef9587a2c,"New_news_ETA_ETA_news_csv:{""row_number"": 37753}:8bf51983bf78",manual_preserve,manual_preserve_v1,New_news/ETA/ETA_news.csv,f0b55954c0065ebcf31054445af35d2e9e0477f868dfeb0feb6c2a7fbf338a69
NEWS_CANDIDATE_041630_2e8cf6d6,ETA,Annual Report 2020,"FBM KLCI out of losing streak, up 5.62 points",The Star,2024-03-21,https://www.thestar.com.my/business/business-news/2024/03/21/fbm-klci-out-of-losing-streak-up-562-points,1484,,,,,wrong_company,"Another target company's strong alias appears, but the row ticker's target alias does not.",No,wrong_company,none,No,No,No,No,Yes,wrong_company,1,0,d584b02fad3bc5f62c4dffc802520f9921edd32d61c5c784c57598b5e9aac73a,"New_news_ETA_ETA_news_csv:{""row_number"": 37800}:ea979d84e5ec",manual_preserve,manual_preserve_v1,New_news/ETA/ETA_news.csv,f0b55954c0065ebcf31054445af35d2e9e0477f868dfeb0feb6c2a7fbf338a69
NEWS_CANDIDATE_041915_ea432743,ETA,Annual Report 2020,"FOSTERING, EMPOWERING COMMUNITIES",The Star,2024-03-14,https://www.thestar.com.my/news/nation/2024/03/14/fostering-empowering-communities,8774,,,,,wrong_company,"Another target company's strong alias appears, but the row ticker's target alias does not.",No,wrong_company,none,No,No,No,No,Yes,wrong_company,1,0,07d03b514727313d54ab53c71fed15f5d979c7c825225869f60b195a906e0411,"New_news_ETA_ETA_news_csv:{""row_number"": 38085}:bbbfac369e0a",manual_preserve,manual_preserve_v1,New_news/ETA/ETA_news.csv,f0b55954c0065ebcf31054445af35d2e9e0477f868dfeb0feb6c2a7fbf338a69
NEWS_CANDIDATE_042368_2cce6655,ETA,Annual Report 2020,"PPB to spend RM419mil on flour, feed milling unit",The Star,2024-03-07,https://www.thestar.com.my/business/business-news/2024/03/07/ppb-to-spend-rm419mil-on-flour-feed-milling-unit,2803,,,,,wrong_company,"Another target company's strong alias appears, but the row ticker's target alias does not.",No,wrong_company,none,No,No,No,No,Yes,wrong_company,1,0,c49181a0c6577075e56df193a81b2bc68b82cc4be3059d03a1068f45af6cf6c6,"New_news_ETA_ETA_news_csv:{""row_number"": 38538}:4fd1cea667dd",manual_preserve,manual_preserve_v1,New_news/ETA/ETA_news.csv,f0b55954c0065ebcf31054445af35d2e9e0477f868dfeb0feb6c2a7fbf338a69
NEWS_CANDIDATE_042402_8bbdd5cb,ETA,Annual Report 2020,FBM KLCI dips on lack of buying impetus,The Star,2024-03-06,https://www.thestar.com.my/business/business-news/2024/03/06/fbm-klci-dips-on-lack-of-buying-impetus,2711,,,,,wrong_company,"Another target company's strong alias appears, but the row ticker's target alias does not.",No,wrong_company,none,No,No,No,No,Yes,wrong_company,1,0,106ff145ce38a8e8d9fe6aeb83270d25d051d2072e1e6e3ad27ad99e412a158a,"New_news_ETA_ETA_news_csv:{""row_number"": 38572}:1138baf25589",manual_preserve,manual_preserve_v1,New_news/ETA/ETA_news.csv,f0b55954c0065ebcf31054445af35d2e9e0477f868dfeb0feb6c2a7fbf338a69
NEWS_CANDIDATE_042403_43dd8b9b,ETA,Annual Report 2020,"Trading ideas: PLS Plantations, Solarvest, Crest Builder, Paramount, PPB, Nextgreen, Fajarbaru",The Star,2024-03-06,https://www.thestar.com.my/business/business-news/2024/03/06/trading-ideas-pls-plantations-solarvest-crest-builder-paramount-ppb-nextgreen-fajarbaru,2767,,,,,wrong_company,"Another target company's strong alias appears, but the row ticker's target alias does not.",No,wrong_company,none,No,No,No,No,Yes,wrong_company,1,0,35c938eed8395901d8793c8ba3dcaf2e3b433b6f16a7458f11c85932ddb8f390,"New_news_ETA_ETA_news_csv:{""row_number"": 38573}:deca2c7bc93e",manual_preserve,manual_preserve_v1,New_news/ETA/ETA_news.csv,f0b55954c0065ebcf31054445af35d2e9e0477f868dfeb0feb6c2a7fbf338a69
NEWS_CANDIDATE_042441_d0b14cb0,ETA,Annual Report 2020,Bursa Malaysia rebounds as buying interest returns,The Star,2024-03-07,https://www.thestar.com.my/business/business-news/2024/03/07/bursa-malaysia-rebounds-as-buying-interest-returns,2018,,,,,wrong_company,"Another target company's strong alias appears, but the row ticker's target alias does not.",No,wrong_company,none,No,No,No,No,Yes,wrong_company,1,0,00b9236c3fdad090a4213362e2c375231337aa165e1dd24b006f94ef7208f24f,"New_news_ETA_ETA_news_csv:{""row_number"": 38611}:fc27ba622a17",manual_preserve,manual_preserve_v1,New_news/ETA/ETA_news.csv,f0b55954c0065ebcf31054445af35d2e9e0477f868dfeb0feb6c2a7fbf338a69
NEWS_CANDIDATE_042566_77e09e2b,ETA,Annual Report 2020,’90s icon reappears in SS2,The Star,2024-03-01,https://www.thestar.com.my/metro/metro-news/2024/03/01/90s-icon-reappears-in-ss2,2814,,,,,wrong_company,"Another target company's strong alias appears, but the row ticker's target alias does not.",No,wrong_company,none,No,No,No,No,Yes,wrong_company,0,0,bf44418217ddca0c4d63190a4e6f5d5e84457c0c89b55e0915be597666a6e2b9,"New_news_ETA_ETA_news_csv:{""row_number"": 38736}:90ec447af1b2",manual_preserve,manual_preserve_v1,New_news/ETA/ETA_news.csv,f0b55954c0065ebcf31054445af35d2e9e0477f868dfeb0feb6c2a7fbf338a69
NEWS_CANDIDATE_042676_5ecd08c0,ETA,Annual Report 2020,A fun way to explore Selangor's Sepang – take the HoHo bus,The Star,2024-03-04,https://www.thestar.com.my/lifestyle/travel/2024/03/04/a-fun-way-to-explore-selangor039s-sepang---take-the-hoho-bus,6379,,,,,wrong_company,"Another target company's strong alias appears, but the row ticker's target alias does not.",No,wrong_company,none,No,No,No,No,Yes,wrong_company,1,0,b84ed923c72c99527151195bf85423bb0e72e2ca22c92de6337e9b63e5466034,"New_news_ETA_ETA_news_csv:{""row_number"": 38846}:dd43ffa31e7e",manual_preserve,manual_preserve_v1,New_news/ETA/ETA_news.csv,f0b55954c0065ebcf31054445af35d2e9e0477f868dfeb0feb6c2a7fbf338a69
NEWS_CANDIDATE_042783_9be8b993,ETA,Annual Report 2020,"Trading ideas: Maybank, Hong Leong Bank, HLFG, Public Bank, Farm Fresh, Hap Seng, Press Metal, Capital A, PPB, IJM, MYEG and Pecca",The Star,2024-02-29,https://www.thestar.com.my/business/business-news/2024/02/29/trading-ideas-maybank-hong-leong-bank-hlfg-public-bank-farm-fresh-hap-seng-press-metal-capital-a-ppb-ijm-myeg-and-pecca,2309,,,,,wrong_company,"Another target company's strong alias appears, but the row ticker's target alias does not.",No,wrong_company,none,No,No,No,No,Yes,wrong_company,1,0,ae534598a122cae190325122583d9b9475fe311384dcd301d2bcef878ab7b613,"New_news_ETA_ETA_news_csv:{""row_number"": 38953}:5992e508e968",manual_preserve,manual_preserve_v1,New_news/ETA/ETA_news.csv,f0b55954c0065ebcf31054445af35d2e9e0477f868dfeb0feb6c2a7fbf338a69
NEWS_CANDIDATE_042815_83859825,ETA,Annual Report 2020,Leong Hup shares slide following earnings announcement,The Star,2024-02-28,https://www.thestar.com.my/business/business-news/2024/02/28/leong-hup-shares-slide-following-earnings-announcement,1836,,,,,wrong_company,"Another target company's strong alias appears, but the row ticker's target alias does not.",No,wrong_company,none,No,No,No,No,Yes,wrong_company,1,0,d811294a93e2729f704fbbb037631a466c8105693e0f7d84be696cd8e87d474b,"New_news_ETA_ETA_news_csv:{""row_number"": 38985}:4c773542edff",manual_preserve,manual_preserve_v1,New_news/ETA/ETA_news.csv,f0b55954c0065ebcf31054445af35d2e9e0477f868dfeb0feb6c2a7fbf338a69
NEWS_CANDIDATE_043180_95c2b319,ETA,Annual Report 2020,Leong Hup to gain from higher feedmill capacity,The Star,2024-02-20,https://www.thestar.com.my/business/business-news/2024/02/20/leong-hup-to-gain-from-higher-feedmill-capacity,2441,,,,,wrong_company,"Another target company's strong alias appears, but the row ticker's target alias does not.",No,wrong_company,none,No,No,No,No,Yes,wrong_company,1,0,f8e878c8ad1296aadf24f1b87dd44cd0a32ff080c24c0fc0f5992144fda8e4e1,"New_news_ETA_ETA_news_csv:{""row_number"": 39350}:eade860770fa",manual_preserve,manual_preserve_v1,New_news/ETA/ETA_news.csv,f0b55954c0065ebcf31054445af35d2e9e0477f868dfeb0feb6c2a7fbf338a69
NEWS_CANDIDATE_043270_574f371e,ETA,Annual Report 2020,F&N in Cambodian land deal,The Star,2024-02-16,https://www.thestar.com.my/business/business-news/2024/02/16/fn-in-cambodian-land-deal,469,,,,,wrong_company,"Another target company's strong alias appears, but the row ticker's target alias does not.",No,wrong_company,none,No,No,No,No,Yes,wrong_company,1,0,6fdbfa44adf11892b9e5722d9796b7fd699cb970599e6730b49ac5951faacd65,"New_news_ETA_ETA_news_csv:{""row_number"": 39440}:4ca127ee2066",manual_preserve,manual_preserve_v1,New_news/ETA/ETA_news.csv,f0b55954c0065ebcf31054445af35d2e9e0477f868dfeb0feb6c2a7fbf338a69
NEWS_CANDIDATE_043544_50828798,ETA,Annual Report 2020,Perdana Petroleum secures new work order,The Star,2024-02-15,https://www.thestar.com.my/business/business-news/2024/02/15/perdana-petroleum-secures-new-work-order,1844,,,,,wrong_company,"Another target company's strong alias appears, but the row ticker's target alias does not.",No,wrong_company,none,No,No,No,No,Yes,wrong_company,1,0,fd38cc5c92a2faea63dc0c4f99e1adbc3d7474b7c91529efd6c5de5dd0192a4a,"New_news_ETA_ETA_news_csv:{""row_number"": 39714}:e19e29e46859",manual_preserve,manual_preserve_v1,New_news/ETA/ETA_news.csv,f0b55954c0065ebcf31054445af35d2e9e0477f868dfeb0feb6c2a7fbf338a69
NEWS_CANDIDATE_043574_356c8aa9,ETA,Annual Report 2020,Positive sentiment buoys Bursa Malaysia,The Star,2024-02-14,https://www.thestar.com.my/business/business-news/2024/02/14/positive-sentiment-buoys-bursa-malaysia,4623,,,,,wrong_company,"Another target company's strong alias appears, but the row ticker's target alias does not.",No,wrong_company,none,No,No,No,No,Yes,wrong_company,1,0,3423c47fee6cbf600ac367863848726faabfaaab09dde951fd42800199ebf28f,"New_news_ETA_ETA_news_csv:{""row_number"": 39744}:bee49cebdea4",manual_preserve,manual_preserve_v1,New_news/ETA/ETA_news.csv,f0b55954c0065ebcf31054445af35d2e9e0477f868dfeb0feb6c2a7fbf338a69
NEWS_CANDIDATE_043788_dad4b1df,ETA,Annual Report 2020,Paper dragons a symbol of unity,The Star,2024-02-06,https://www.thestar.com.my/metro/metro-news/2024/02/06/paper-dragons-a-symbol-of-unity,2331,,,,,wrong_company,"Another target company's strong alias appears, but the row ticker's target alias does not.",No,wrong_company,none,No,No,No,No,Yes,wrong_company,1,0,7131f717f27e95f9fe7f2ca5836dbe86e7c7ef888890f46f88d126cbeb79e1f5,"New_news_ETA_ETA_news_csv:{""row_number"": 39958}:90ad026483ae",manual_preserve,manual_preserve_v1,New_news/ETA/ETA_news.csv,f0b55954c0065ebcf31054445af35d2e9e0477f868dfeb0feb6c2a7fbf338a69
NEWS_CANDIDATE_043802_e92cf453,ETA,Annual Report 2020,CNY goodies galore for media members,The Star,2024-02-03,https://www.thestar.com.my/metro/metro-news/2024/02/03/cny-goodies-galore-for-media-members,1794,,,,,wrong_company,"Another target company's strong alias appears, but the row ticker's target alias does not.",No,wrong_company,none,No,No,No,No,Yes,wrong_company,1,0,f95ca299bc19faa1ac9fdc80f6f65470ae32cf8939e953a80ec4cf8dca933470,"New_news_ETA_ETA_news_csv:{""row_number"": 39972}:fd759d8ea5a8",manual_preserve,manual_preserve_v1,New_news/ETA/ETA_news.csv,f0b55954c0065ebcf31054445af35d2e9e0477f868dfeb0feb6c2a7fbf338a69
NEWS_CANDIDATE_043958_60ea31ff,ETA,Annual Report 2020,Spirits of the dragon: Limited edition spirits and drinks to celebrate CNY with,The Star,2024-02-07,https://www.thestar.com.my/lifestyle/living/tipsy-turvy/2024/02/07/spirits-of-the-dragon-limited-edition-spirits-and-drinks-to-celebrate-cny-with,9060,,,,,wrong_company,"Another target company's strong alias appears, but the row ticker's target alias does not.",No,wrong_company,none,No,No,No,No,Yes,wrong_company,1,0,18c7f568ceaf32bf024563a13dabacaafe9488b53f832e617399b270c86f7162,"New_news_ETA_ETA_news_csv:{""row_number"": 40128}:99e4b1977e58",manual_preserve,manual_preserve_v1,New_news/ETA/ETA_news.csv,f0b55954c0065ebcf31054445af35d2e9e0477f868dfeb0feb6c2a7fbf338a69
NEWS_CANDIDATE_044010_5844e664,FNN,,Bursa Malaysia ends final trading day of 2025 on a softer note,The Star,2025-12-31,https://www.thestar.com.my/business/business-news/2025/12/31/bursa-malaysia-ends-final-trading-day-of-2025-on-a-softer-note,3838,,,,,wrong_company,"Another target company's strong alias appears, but the row ticker's target alias does not.",No,wrong_company,none,No,No,No,No,Yes,wrong_company,1,0,c04d9adfa81d36bd9449dfd569aaf009f2610ff4da393ff50951e54102d9a475,"New_news_F_N_F_N_news_csv:{""row_number"": 1}:d3b53932e15f",manual_preserve,manual_preserve_v1,New_news/F&N/F&N_news.csv,9427e9e60fc8b486941763b293f68c936de302c3c6b3af9cc624448c0ae5ad24
NEWS_CANDIDATE_044011_4f9b9206,FNN,,Bursa Malaysia ends morning session easier,The Star,2025-12-31,https://www.thestar.com.my/business/business-news/2025/12/31/bursa-malaysia-ends-morning-session-easier,2275,,,,,wrong_company,"Another target company's strong alias appears, but the row ticker's target alias does not.",No,wrong_company,none,No,No,No,No,Yes,wrong_company,1,0,f9a6e0371256cceb824e8b290d768b696b9889ec2e96e402f46fb856a41f4153,"New_news_F_N_F_N_news_csv:{""row_number"": 2}:a268750c8f6e",manual_preserve,manual_preserve_v1,New_news/F&N/F&N_news.csv,9427e9e60fc8b486941763b293f68c936de302c3c6b3af9cc624448c0ae5ad24
NEWS_CANDIDATE_044012_1dca8461,FNN,,Late buying lifts FBM KLCI,The Star,2025-12-31,https://www.thestar.com.my/business/business-news/2025/12/31/late-buying-lifts-fbm-klci,2479,,,,,wrong_company,"Another target company's strong alias appears, but the row ticker's target alias does not.",No,wrong_company,none,No,No,No,No,Yes,wrong_company,1,0,4b738d4b3cc9381bcd3ae0b6760daf6c167b0add14ed4aa015c5fedec66e3a02,"New_news_F_N_F_N_news_csv:{""row_number"": 3}:7292c9ebaca2",manual_preserve,manual_preserve_v1,New_news/F&N/F&N_news.csv,9427e9e60fc8b486941763b293f68c936de302c3c6b3af9cc624448c0ae5ad24
NEWS_CANDIDATE_044014_20c03bcd,FNN,,Bursa Malaysia lower at midday on subdued sentiment,The Star,2025-12-30,https://www.thestar.com.my/business/business-news/2025/12/30/bursa-malaysia-lower-at-midday-on-subdued-sentiment,2271,,,,,wrong_company,"Another target company's strong alias appears, but the row ticker's target alias does not.",No,wrong_company,none,No,No,No,No,Yes,wrong_company,1,0,e6bd449b9fb2bd36f6e1511048ac59944226933a97c857bb9aea6800a17bffb4,"New_news_F_N_F_N_news_csv:{""row_number"": 5}:e18ddc64bc78",manual_preserve,manual_preserve_v1,New_news/F&N/F&N_news.csv,9427e9e60fc8b486941763b293f68c936de302c3c6b3af9cc624448c0ae5ad24
NEWS_CANDIDATE_044015_93472f64,FNN,,Bursa Malaysia ends morning sessions lower,The Star,2026-01-02,https://www.thestar.com.my/business/business-news/2026/01/02/bursa-malaysia-ends-morning-sessions-lower,2243,,,,,wrong_company,"Another target company's strong alias appears, but the row ticker's target alias does not.",No,wrong_company,none,No,No,No,No,Yes,wrong_company,1,0,5682dc67001962dcfefc8c4ee0b6b0dcd901d12cd6853340dda9a2ad34a79a06,"New_news_F_N_F_N_news_csv:{""row_number"": 6}:b56aa5a3faff",manual_preserve,manual_preserve_v1,New_news/F&N/F&N_news.csv,9427e9e60fc8b486941763b293f68c936de302c3c6b3af9cc624448c0ae5ad24
NEWS_CANDIDATE_044016_ec43a436,FNN,,FBM KLCI edges higher at midday amid selective buying,The Star,2025-12-24,https://www.thestar.com.my/business/business-news/2025/12/24/fbm-klci-edges-higher-at-midday-amid-selective-buying,2820,,,,,wrong_company,"Another target company's strong alias appears, but the row ticker's target alias does not.",No,wrong_company,none,No,No,No,No,Yes,wrong_company,1,0,51975a674a943734ddc2205f03a24f352f3424324bf0e6dc7d563cadb2a572e6,"New_news_F_N_F_N_news_csv:{""row_number"": 7}:740717469210",manual_preserve,manual_preserve_v1,New_news/F&N/F&N_news.csv,9427e9e60fc8b486941763b293f68c936de302c3c6b3af9cc624448c0ae5ad24
NEWS_CANDIDATE_044017_8136114a,FNN,,Import-heavy sectors to gain from stronger ringgit,The Star,2025-12-24,https://www.thestar.com.my/business/business-news/2025/12/24/import-heavy-sectors-to-gain-from-stronger-ringgit,8226,,,,,wrong_company,"Another target company's strong alias appears, but the row ticker's target alias does not.",No,wrong_company,none,No,No,No,No,Yes,wrong_company,1,0,c3f2f0b6215f5e4742b121f2147ecb32fc7f0e691b6b2754a36c5d77c28986dd,"New_news_F_N_F_N_news_csv:{""row_number"": 8}:2b0e07834500",manual_preserve,manual_preserve_v1,New_news/F&N/F&N_news.csv,9427e9e60fc8b486941763b293f68c936de302c3c6b3af9cc624448c0ae5ad24
NEWS_CANDIDATE_044019_d56c48de,FNN,,Profit-taking hits FBM KLCI on thin Boxing Day trade,The Star,2025-12-26,https://www.thestar.com.my/business/business-news/2025/12/26/profit-taking-hits-fbm-klci-on-thin-boxing-day-trade,1725,,,,,wrong_company,"Another target company's strong alias appears, but the row ticker's target alias does not.",No,wrong_company,none,No,No,No,No,Yes,wrong_company,1,0,61d6b64f4d21a566ce6eb946d39e05f16b22be057f63c1eefd3ecf02bc5309e0,"New_news_F_N_F_N_news_csv:{""row_number"": 10}:f6f59df7e130",manual_preserve,manual_preserve_v1,New_news/F&N/F&N_news.csv,9427e9e60fc8b486941763b293f68c936de302c3c6b3af9cc624448c0ae5ad24
NEWS_CANDIDATE_044020_fdf31a73,FNN,,FBM KLCI extends rally on Christmas Eve; ringgit at five-year high,The Star,2025-12-24,https://www.thestar.com.my/business/business-news/2025/12/24/fbm-klci-extends-rally-on-christmas-eve-ringgit-at-five-year-high,3003,,,,,wrong_company,"Another target company's strong alias appears, but the row ticker's target alias does not.",No,wrong_company,none,No,No,No,No,Yes,wrong_company,1,0,6de1983f6685995cfd3da3068e5e0074544447bc6e9d7d5b33d060d751336b08,"New_news_F_N_F_N_news_csv:{""row_number"": 11}:09185917cb22",manual_preserve,manual_preserve_v1,New_news/F&N/F&N_news.csv,9427e9e60fc8b486941763b293f68c936de302c3c6b3af9cc624448c0ae5ad24
NEWS_CANDIDATE_044021_00f8ac23,FNN,,"Tourism, policy support to boost consumer sector",The Star,2025-12-19,https://www.thestar.com.my/business/business-news/2025/12/19/tourism-policy-support-to-boost-consumer-sector,3712,,,,,wrong_company,"Another target company's strong alias appears, but the row ticker's target alias does not.",No,wrong_company,none,No,No,No,No,Yes,wrong_company,1,0,83849b2882822d2c657ca3fe55237ab00141c1b1daa3fff1cf0d5f2e44a6b1ef,"New_news_F_N_F_N_news_csv:{""row_number"": 12}:85a3bced4c6a",manual_preserve,manual_preserve_v1,New_news/F&N/F&N_news.csv,9427e9e60fc8b486941763b293f68c936de302c3c6b3af9cc624448c0ae5ad24
NEWS_CANDIDATE_044022_b48b9561,FNN,,Bursa makes changes to indices,The Star,2025-12-12,https://www.thestar.com.my/business/business-news/2025/12/12/bursa-makes-changes-to-indices,911,,,,,wrong_company,"Another target company's strong alias appears, but the row ticker's target alias does not.",No,wrong_company,none,No,No,No,No,Yes,wrong_company,1,0,181f046c5299b6d007bc0d63e8da86456e0e191eee6574960d204a255e57db4c,"New_news_F_N_F_N_news_csv:{""row_number"": 13}:28452f8da82b",manual_preserve,manual_preserve_v1,New_news/F&N/F&N_news.csv,9427e9e60fc8b486941763b293f68c936de302c3c6b3af9cc624448c0ae5ad24
NEWS_CANDIDATE_044023_b841bf6b,FNN,,FBM KLCI extends gains at midday amid broad market strength,The Star,2025-12-12,https://www.thestar.com.my/business/business-news/2025/12/12/fbm-klci-extends-gains-at-midday-amid-broad-market-strength,1619,,,,,wrong_company,"Another target company's strong alias appears, but the row ticker's target alias does not.",No,wrong_company,none,No,No,No,No,Yes,wrong_company,1,0,14330ec54692c9e972bbcfedad5c210f5d964889832f8b1a02ce1c99432b9ffd,"New_news_F_N_F_N_news_csv:{""row_number"": 14}:f7dcc1aab919",manual_preserve,manual_preserve_v1,New_news/F&N/F&N_news.csv,9427e9e60fc8b486941763b293f68c936de302c3c6b3af9cc624448c0ae5ad24
NEWS_CANDIDATE_044025_5faff897,FNN,,No changes in Bursa Malaysia’s December review,The Star,2025-12-05,https://www.thestar.com.my/business/business-news/2025/12/05/no-changes-in-bursa-malaysias-december-review,1773,,,,,wrong_company,"Another target company's strong alias appears, but the row ticker's target alias does not.",No,wrong_company,none,No,No,No,No,Yes,wrong_company,1,0,9e38cc62cef4ce89401329298a21fc5c7a3bf5a1cccb5f56648078036b04a2ae,"New_news_F_N_F_N_news_csv:{""row_number"": 16}:37579483eff9",manual_preserve,manual_preserve_v1,New_news/F&N/F&N_news.csv,9427e9e60fc8b486941763b293f68c936de302c3c6b3af9cc624448c0ae5ad24
NEWS_CANDIDATE_044026_2115b1fd,FNN,,FBM KLCI stays in the red as ringgit strengthens to RM4.10,The Star,2025-12-04,https://www.thestar.com.my/business/business-news/2025/12/04/fbm-klci-stays-in-the-red-as-ringgit-strengthens-to-rm410,1723,,,,,wrong_company,"Another target company's strong alias appears, but the row ticker's target alias does not.",No,wrong_company,none,No,No,No,No,Yes,wrong_company,1,0,62aa43c4aa2f7010a76cd7298862c130d8353e910d822250cebc613b6ccfcb69,"New_news_F_N_F_N_news_csv:{""row_number"": 17}:b2499c7619d4",manual_preserve,manual_preserve_v1,New_news/F&N/F&N_news.csv,9427e9e60fc8b486941763b293f68c936de302c3c6b3af9cc624448c0ae5ad24
NEWS_CANDIDATE_044027_7a3df8d3,FNN,,Consumer staples lead growth in 3Q25 period,The Star,2025-12-04,https://www.thestar.com.my/business/business-news/2025/12/04/consumer-staples-lead-growth-in-3q25-period,2111,,,,,wrong_company,"Another target company's strong alias appears, but the row ticker's target alias does not.",No,wrong_company,none,No,No,No,No,Yes,wrong_company,1,0,96a528845f947f6349b884ac55fa46ecbe9ddb415ba2bf2e7040a0142c870cf1,"New_news_F_N_F_N_news_csv:{""row_number"": 18}:30deddc7ba70",manual_preserve,manual_preserve_v1,New_news/F&N/F&N_news.csv,9427e9e60fc8b486941763b293f68c936de302c3c6b3af9cc624448c0ae5ad24
NEWS_CANDIDATE_044029_f4c79ef0,FNN,,FBM KLCI slips after early gains as investors remain cautious,The Star,2025-12-03,https://www.thestar.com.my/business/business-news/2025/12/03/fbm-klci-slips-after-early-gains-as-investors-remain-cautious,1817,,,,,wrong_company,"Another target company's strong alias appears, but the row ticker's target alias does not.",No,wrong_company,none,No,No,No,No,Yes,wrong_company,1,0,49091bebbcb411f28d0d665b94eee90d4b72d8fc240e883a04accf4f9c8b3121,"New_news_F_N_F_N_news_csv:{""row_number"": 20}:e3ffb8ce0560",manual_preserve,manual_preserve_v1,New_news/F&N/F&N_news.csv,9427e9e60fc8b486941763b293f68c936de302c3c6b3af9cc624448c0ae5ad24
NEWS_CANDIDATE_044030_52da6df9,FNN,,F&N’s dairy farm project on track to lift earnings,The Star,2025-12-03,https://www.thestar.com.my/business/business-news/2025/12/03/fns-dairy-farm-project-on-track-to-lift-earnings,2840,,,,,wrong_company,"Another target company's strong alias appears, but the row ticker's target alias does not.",No,wrong_company,none,No,No,No,No,Yes,wrong_company,1,0,ad4b19dcb7bc8109aaf38e9687a5119af06c4210188bad25472155c3669f6d29,"New_news_F_N_F_N_news_csv:{""row_number"": 21}:7e3dc10429f1",manual_preserve,manual_preserve_v1,New_news/F&N/F&N_news.csv,9427e9e60fc8b486941763b293f68c936de302c3c6b3af9cc624448c0ae5ad24
NEWS_CANDIDATE_044032_f67488ed,FNN,,Bursa Malaysia weaker at midday amid cautious trading,The Star,2025-12-04,https://www.thestar.com.my/business/business-news/2025/12/04/bursa-malaysia-weaker-at-midday-amid-cautious-trading,2021,,,,,wrong_company,"Another target company's strong alias appears, but the row ticker's target alias does not.",No,wrong_company,none,No,No,No,No,Yes,wrong_company,1,0,51d9dc812d20631dd9c002e9915d6c2619b561953a33cfc192b281bcc463092a,"New_news_F_N_F_N_news_csv:{""row_number"": 23}:e1b3066344ac",manual_preserve,manual_preserve_v1,New_news/F&N/F&N_news.csv,9427e9e60fc8b486941763b293f68c936de302c3c6b3af9cc624448c0ae5ad24
NEWS_CANDIDATE_044034_69b071c1,FNN,,FBM KLCI retreats as PETRONAS-linked stocks drag,The Star,2025-11-27,https://www.thestar.com.my/business/business-news/2025/11/27/fbm-klci-retreats-as-petronas-linked-stocks-drag,1699,,,,,wrong_company,"Another target company's strong alias appears, but the row ticker's target alias does not.",No,wrong_company,none,No,No,No,No,Yes,wrong_company,1,0,2e00411b1cda6bd5ede6283854f40ba40913718c0a1c1a4710aafec11d2cb959,"New_news_F_N_F_N_news_csv:{""row_number"": 25}:5cdb4687f943",manual_preserve,manual_preserve_v1,New_news/F&N/F&N_news.csv,9427e9e60fc8b486941763b293f68c936de302c3c6b3af9cc624448c0ae5ad24
NEWS_CANDIDATE_044035_d95b96ea,FNN,,Inbound tourists to bring growth along for the ride,The Star,2025-11-14,https://www.thestar.com.my/business/business-news/2025/11/14/inbound-tourists-to-bring-growth-along-for-the-ride,2957,,,,,wrong_company,"Another target company's strong alias appears, but the row ticker's target alias does not.",No,wrong_company,none,No,No,No,No,Yes,wrong_company,1,0,f715bbe9c18b9619a3913cb97bcc65ca66cb9d7b4694395514319fcf043ecce2,"New_news_F_N_F_N_news_csv:{""row_number"": 26}:b7052cd5e33a",manual_preserve,manual_preserve_v1,New_news/F&N/F&N_news.csv,9427e9e60fc8b486941763b293f68c936de302c3c6b3af9cc624448c0ae5ad24
NEWS_CANDIDATE_044036_87898fea,FNN,,"FBM KLCI dips amid profit-taking, ringgit climbs",The Star,2025-11-12,https://www.thestar.com.my/business/business-news/2025/11/12/fbm-klci-dips-amid-profit-taking-ringgit-climbs,1913,,,,,wrong_company,"Another target company's strong alias appears, but the row ticker's target alias does not.",No,wrong_company,none,No,No,No,No,Yes,wrong_company,1,0,f2e0008cde4c9e2e47e7f2e905534fd0aea1391fd5dc20a6a2a2aafd98fc74b0,"New_news_F_N_F_N_news_csv:{""row_number"": 27}:257bc234573e",manual_preserve,manual_preserve_v1,New_news/F&N/F&N_news.csv,9427e9e60fc8b486941763b293f68c936de302c3c6b3af9cc624448c0ae5ad24
NEWS_CANDIDATE_044038_137bf239,FNN,,Ringgit on the rise,The Star,2025-11-14,https://www.thestar.com.my/business/business-news/2025/11/14/ringgit-on-the-rise,7674,,,,,wrong_company,"Another target company's strong alias appears, but the row ticker's target alias does not.",No,wrong_company,none,No,No,No,No,Yes,wrong_company,1,0,5c8b3649c809b8cc33370b23236432c437b3e5f140a3257e0e98acbcc68df72f,"New_news_F_N_F_N_news_csv:{""row_number"": 29}:2e9dd2fa19e7",manual_preserve,manual_preserve_v1,New_news/F&N/F&N_news.csv,9427e9e60fc8b486941763b293f68c936de302c3c6b3af9cc624448c0ae5ad24
NEWS_CANDIDATE_044039_1b13e518,FNN,,FBM KLCI ekes out slight gain alongside firmer ringgit,The Star,2025-11-13,https://www.thestar.com.my/business/business-news/2025/11/13/fbm-klci-ekes-out-slight-gain-alongside-firmer-ringgit,2201,,,,,wrong_company,"Another target company's strong alias appears, but the row ticker's target alias does not.",No,wrong_company,none,No,No,No,No,Yes,wrong_company,1,0,1759cea10ff12d63398bc79255f3aa68a18c01d3ea5e8c301359942f10bc71e7,"New_news_F_N_F_N_news_csv:{""row_number"": 30}:f22f87d1e2c4",manual_preserve,manual_preserve_v1,New_news/F&N/F&N_news.csv,9427e9e60fc8b486941763b293f68c936de302c3c6b3af9cc624448c0ae5ad24
NEWS_CANDIDATE_044041_3f4b23f9,FNN,,Trade volatility hiccup?,The Star,2025-10-17,https://www.thestar.com.my/business/business-news/2025/10/17/trade-volatility-hiccup,8278,,,,,wrong_company,"Another target company's strong alias appears, but the row ticker's target alias does not.",No,wrong_company,none,No,No,No,No,Yes,wrong_company,1,0,2c1efb6e8ea816d4b4de038058aec631e89bc67da4838d70ce4ea0376fa4c549,"New_news_F_N_F_N_news_csv:{""row_number"": 32}:70a8936ae0de",manual_preserve,manual_preserve_v1,New_news/F&N/F&N_news.csv,9427e9e60fc8b486941763b293f68c936de302c3c6b3af9cc624448c0ae5ad24
NEWS_CANDIDATE_044042_9d0027ef,FNN,,FBM KLCI edges higher amid mixed market sentiments,The Star,2025-10-15,https://www.thestar.com.my/business/business-news/2025/10/15/fbm-klci-edges-higher-amid-mixed-market-sentiments,1971,,,,,wrong_company,"Another target company's strong alias appears, but the row ticker's target alias does not.",No,wrong_company,none,No,No,No,No,Yes,wrong_company,1,0,5ae30b68df3487ffa4e55c0a64b40fce34d8502da04f62a3a8e5729860f2ba66,"New_news_F_N_F_N_news_csv:{""row_number"": 33}:3d6bc15444b6",manual_preserve,manual_preserve_v1,New_news/F&N/F&N_news.csv,9427e9e60fc8b486941763b293f68c936de302c3c6b3af9cc624448c0ae5ad24
NEWS_CANDIDATE_044043_0f8c09b4,FNN,,KLCI edges up amid cautious optimism and mixed Wall Street cues,The Star,2025-10-15,https://www.thestar.com.my/business/business-news/2025/10/15/klci-edges-up-amid-cautious-optimism-and-mixed-wall-street-cues,2036,,,,,wrong_company,"Another target company's strong alias appears, but the row ticker's target alias does not.",No,wrong_company,none,No,No,No,No,Yes,wrong_company,1,0,048217b313a85fe432096c8450a8e62ca5bc16e1dd48144686322e19ee049582,"New_news_F_N_F_N_news_csv:{""row_number"": 34}:d79fd09a26f6",manual_preserve,manual_preserve_v1,New_news/F&N/F&N_news.csv,9427e9e60fc8b486941763b293f68c936de302c3c6b3af9cc624448c0ae5ad24
NEWS_CANDIDATE_044044_e5ac37b3,FNN,,Positive outlook for F&N on attractive valuations,The Star,2025-10-10,https://www.thestar.com.my/business/business-news/2025/10/10/positive-outlook-for-fn-on-attractive-valuations,2748,,,,,wrong_company,"Another target company's strong alias appears, but the row ticker's target alias does not.",No,wrong_company,none,No,No,No,No,Yes,wrong_company,1,0,615e70b3e5284502b073fec9ef76fa561286ab2a036c531f9a48ac94aba6ebed,"New_news_F_N_F_N_news_csv:{""row_number"": 35}:c3847890071c",manual_preserve,manual_preserve_v1,New_news/F&N/F&N_news.csv,9427e9e60fc8b486941763b293f68c936de302c3c6b3af9cc624448c0ae5ad24
NEWS_CANDIDATE_044045_be7874c6,FNN,,"FBM KLCI edges higher on bargain hunting, upbeat regional sentiment",The Star,2025-10-09,https://www.thestar.com.my/business/business-news/2025/10/09/fbm-klci-edges-higher-on-bargain-hunting-upbeat-regional-sentiment,1546,,,,,wrong_company,"Another target company's strong alias appears, but the row ticker's target alias does not.",No,wrong_company,none,No,No,No,No,Yes,wrong_company,1,0,5a1abfeca98a379a716bb1ce344c558cd2b819a5b8acf619af2f4d18e412321b,"New_news_F_N_F_N_news_csv:{""row_number"": 36}:481e82b7239f",manual_preserve,manual_preserve_v1,New_news/F&N/F&N_news.csv,9427e9e60fc8b486941763b293f68c936de302c3c6b3af9cc624448c0ae5ad24
NEWS_CANDIDATE_044046_397051bc,FNN,,"Cost, policy challenges key for consumer sector",The Star,2025-10-08,https://www.thestar.com.my/business/business-news/2025/10/08/cost-policy-challenges-key-for-consumer-sector,2899,,,,,wrong_company,"Another target company's strong alias appears, but the row ticker's target alias does not.",No,wrong_company,none,No,No,No,No,Yes,wrong_company,1,0,a44c1d0a7300b2662aac95e07b279289f8671f9b60ea559af13fd87caab3f453,"New_news_F_N_F_N_news_csv:{""row_number"": 37}:0d0524b79e3f",manual_preserve,manual_preserve_v1,New_news/F&N/F&N_news.csv,9427e9e60fc8b486941763b293f68c936de302c3c6b3af9cc624448c0ae5ad24
NEWS_CANDIDATE_044047_a679f8de,FNN,,"FBM KLCI extends winning streak to fifth session, closes at 9-month high",The Star,2025-10-02,https://www.thestar.com.my/business/business-news/2025/10/02/fbm-klci-extends-winning-streak-to-fifth-session-closes-at-9-month-high,2056,,,,,wrong_company,"Another target company's strong alias appears, but the row ticker's target alias does not.",No,wrong_company,none,No,No,No,No,Yes,wrong_company,1,0,f3ffd830c825fab6355abeed3811f73910d2e1a0e8589bea148663c84b863ee8,"New_news_F_N_F_N_news_csv:{""row_number"": 38}:00d1d3fbd50d",manual_preserve,manual_preserve_v1,New_news/F&N/F&N_news.csv,9427e9e60fc8b486941763b293f68c936de302c3c6b3af9cc624448c0ae5ad24
NEWS_CANDIDATE_044048_f0ce00f8,FNN,,Retail growth to remain resilient with subsidies,The Star,2025-10-01,https://www.thestar.com.my/business/business-news/2025/10/01/retail-growth-to-remain-resilient-with-subsidies,2141,,,,,wrong_company,"Another target company's strong alias appears, but the row ticker's target alias does not.",No,wrong_company,none,No,No,No,No,Yes,wrong_company,1,0,05480b714c993098efac92bde6eb416a7e7ff7893823157c2fecc8a5620bb57a,"New_news_F_N_F_N_news_csv:{""row_number"": 39}:24fc122efd37",manual_preserve,manual_preserve_v1,New_news/F&N/F&N_news.csv,9427e9e60fc8b486941763b293f68c936de302c3c6b3af9cc624448c0ae5ad24
NEWS_CANDIDATE_044049_bec6b3dc,FNN,,"Trading ideas: Yinson, Kelington, Hiap Teck, MGB, TXCD, Astro, F&N, Ireka",The Star,2025-09-26,https://www.thestar.com.my/business/business-news/2025/09/26/trading-ideas-yinson-kelington-hiap-teck-mgb-txcd-astro-fn-ireka,2317,,,,,wrong_company,"Another target company's strong alias appears, but the row ticker's target alias does not.",No,wrong_company,none,No,No,No,No,Yes,wrong_company,1,0,8009505467fc4feca3b4972f5cfbf23dfe665b9cd59b60dcc78e5124d09e3ebf,"New_news_F_N_F_N_news_csv:{""row_number"": 40}:5421e770ee42",manual_preserve,manual_preserve_v1,New_news/F&N/F&N_news.csv,9427e9e60fc8b486941763b293f68c936de302c3c6b3af9cc624448c0ae5ad24
NEWS_CANDIDATE_044050_dde7e5ac,FNN,,F&N to dispose of 50% stake in Vacaron Company,The Star,2025-09-26,https://www.thestar.com.my/business/business-news/2025/09/26/fn-to-dispose-of-50-stake-in-vacaron-company,824,,,,,wrong_company,"Another target company's strong alias appears, but the row ticker's target alias does not.",No,wrong_company,none,No,No,No,No,Yes,wrong_company,1,0,8f1b667893276ff9c71ab5e0d89e045ab4f1b1ba7b3562bb862693d54a9eebe2,"New_news_F_N_F_N_news_csv:{""row_number"": 41}:17b121f597a5",manual_preserve,manual_preserve_v1,New_news/F&N/F&N_news.csv,9427e9e60fc8b486941763b293f68c936de302c3c6b3af9cc624448c0ae5ad24
NEWS_CANDIDATE_044051_bdfaa9b2,FNN,,F&N to dispose of 50% stake in Vacaron,The Star,2025-09-25,https://www.thestar.com.my/business/business-news/2025/09/25/fn-to-dispose-of-50-stake-in-vacaron,1376,,,,,wrong_company,"Another target company's strong alias appears, but the row ticker's target alias does not.",No,wrong_company,none,No,No,No,No,Yes,wrong_company,1,0,f93cec0ea643bf9749290fa6f5134d368dab225c911cedc6e5f666555d672909,"New_news_F_N_F_N_news_csv:{""row_number"": 42}:e33cb397fdf8",manual_preserve,manual_preserve_v1,New_news/F&N/F&N_news.csv,9427e9e60fc8b486941763b293f68c936de302c3c6b3af9cc624448c0ae5ad24
NEWS_CANDIDATE_044052_affbbbfe,FNN,,Subdued consumer spending forecast for 2H,The Star,2025-09-25,https://www.thestar.com.my/business/business-news/2025/09/25/subdued-consumer-spending-forecast-for-2h,3344,,,,,wrong_company,"Another target company's strong alias appears, but the row ticker's target alias does not.",No,wrong_company,none,No,No,No,No,Yes,wrong_company,1,0,5ee9806896a7f2c171ed4678490aafa7e74df45879351879c1ee611252374cbf,"New_news_F_N_F_N_news_csv:{""row_number"": 43}:7b4ead44d613",manual_preserve,manual_preserve_v1,New_news/F&N/F&N_news.csv,9427e9e60fc8b486941763b293f68c936de302c3c6b3af9cc624448c0ae5ad24
NEWS_CANDIDATE_044053_9ef61f86,FNN,,Ripple effects likely for sectoral earnings,The Star,2025-09-24,https://www.thestar.com.my/business/business-news/2025/09/24/ripple-effects-likely-forsectoral-earnings,4251,,,,,wrong_company,"Another target company's strong alias appears, but the row ticker's target alias does not.",No,wrong_company,none,No,No,No,No,Yes,wrong_company,1,0,b4b317547acbeb2dfb51c7f5128d084f3f2a4c345a7d877c9de02ad698cceb30,"New_news_F_N_F_N_news_csv:{""row_number"": 44}:d06257ff75fc",manual_preserve,manual_preserve_v1,New_news/F&N/F&N_news.csv,9427e9e60fc8b486941763b293f68c936de302c3c6b3af9cc624448c0ae5ad24
NEWS_CANDIDATE_044054_292c992f,FNN,,"FBM KLCI rebounds above 1,600 amid cautious sentiment",The Star,2025-09-26,https://www.thestar.com.my/business/business-news/2025/09/26/fbm-klci-rebounds-above-1600-amid-cautious-sentiment,1991,,,,,wrong_company,"Another target company's strong alias appears, but the row ticker's target alias does not.",No,wrong_company,none,No,No,No,No,Yes,wrong_company,1,0,d8592b0dedea6f342c87f36078af5d56f78e483289c2e035c025a77083663a70,"New_news_F_N_F_N_news_csv:{""row_number"": 45}:e9a8b0825f35",manual_preserve,manual_preserve_v1,New_news/F&N/F&N_news.csv,9427e9e60fc8b486941763b293f68c936de302c3c6b3af9cc624448c0ae5ad24
NEWS_CANDIDATE_044055_b35209f2,FNN,,Local treats add to Malaysia Day joy,The Star,2025-09-15,https://www.thestar.com.my/metro/metro-news/2025/09/15/local-treats-add-to-malaysia-dayjoy,2041,,,,,wrong_company,"Another target company's strong alias appears, but the row ticker's target alias does not.",No,wrong_company,none,No,No,No,No,Yes,wrong_company,1,0,a6c8bced785712e8e04ba4d5d36489eb9aee8df83878fd2c4e1d8f1c8a92bdff,"New_news_F_N_F_N_news_csv:{""row_number"": 46}:d949ee3e0868",manual_preserve,manual_preserve_v1,New_news/F&N/F&N_news.csv,9427e9e60fc8b486941763b293f68c936de302c3c6b3af9cc624448c0ae5ad24
NEWS_CANDIDATE_044056_4329e008,FNN,,"FBM KLCI gains momentum at midday, tracking Wall Street’s record highs",The Star,2025-09-12,https://www.thestar.com.my/business/business-news/2025/09/12/fbm-klci-gains-momentum-at-midday-tracking-wall-streets-record-highs,2374,,,,,wrong_company,"Another target company's strong alias appears, but the row ticker's target alias does not.",No,wrong_company,none,No,No,No,No,Yes,wrong_company,1,0,dd7be79cebdf14a6b02659bc3c1e57fc023ea006bafade7ec9bc24283c599a74,"New_news_F_N_F_N_news_csv:{""row_number"": 47}:82f664494e53",manual_preserve,manual_preserve_v1,New_news/F&N/F&N_news.csv,9427e9e60fc8b486941763b293f68c936de302c3c6b3af9cc624448c0ae5ad24
NEWS_CANDIDATE_044057_b3e46ad8,FNN,,FBM KLCI stays steady as Wall Street hits record highs,The Star,2025-09-12,https://www.thestar.com.my/business/business-news/2025/09/12/fbm-klci-stays-steady-as-wall-street-hits-record-highs,2397,,,,,wrong_company,"Another target company's strong alias appears, but the row ticker's target alias does not.",No,wrong_company,none,No,No,No,No,Yes,wrong_company,1,0,4943a3f768e9994a91075cc733766fb13a349c0af37f81c36a2dbfa7079afc4f,"New_news_F_N_F_N_news_csv:{""row_number"": 48}:bcb868dafe6e",manual_preserve,manual_preserve_v1,New_news/F&N/F&N_news.csv,9427e9e60fc8b486941763b293f68c936de302c3c6b3af9cc624448c0ae5ad24
NEWS_CANDIDATE_044059_5c87c41c,FNN,,"FBM KLCI ends higher, bucking regional downtrend",The Star,2025-09-03,https://www.thestar.com.my/business/business-news/2025/09/03/fbm-klci-ends-higher-bucking-regional-downtrend,2146,,,,,wrong_company,"Another target company's strong alias appears, but the row ticker's target alias does not.",No,wrong_company,none,No,No,No,No,Yes,wrong_company,1,0,5b613b84bb9afcff66a4063eb30dcc423ef6efd1c668a2f414d76a0e65febd17,"New_news_F_N_F_N_news_csv:{""row_number"": 50}:caae30751e40",manual_preserve,manual_preserve_v1,New_news/F&N/F&N_news.csv,9427e9e60fc8b486941763b293f68c936de302c3c6b3af9cc624448c0ae5ad24
NEWS_CANDIDATE_044060_8a5ec31a,FNN,,Bargain-hunting drives FBM KLCI higher after sharp selloff,The Star,2025-08-27,https://www.thestar.com.my/business/business-news/2025/08/27/bargain-hunting-drives-fbm-klci-higher-after-sharp-selloff,1668,,,,,wrong_company,"Another target company's strong alias appears, but the row ticker's target alias does not.",No,wrong_company,none,No,No,No,No,Yes,wrong_company,1,0,b96ad67ce2b84435db812a009aa698db9f56d36ecde25cc4449462aa4df69295,"New_news_F_N_F_N_news_csv:{""row_number"": 51}:d8264d4fbb7e",manual_preserve,manual_preserve_v1,New_news/F&N/F&N_news.csv,9427e9e60fc8b486941763b293f68c936de302c3c6b3af9cc624448c0ae5ad24
NEWS_CANDIDATE_044063_9dd7c530,FNN,,Corporate earnings in 2Q likely to remain positive,The Star,2025-08-07,https://www.thestar.com.my/business/business-news/2025/08/07/corporate-earnings-in-2q-likely-to-remain-positive,3693,,,,,wrong_company,"Another target company's strong alias appears, but the row ticker's target alias does not.",No,wrong_company,none,No,No,No,No,Yes,wrong_company,1,0,3a87ba3bc52d8033f67b373ad91285c27684a0d8a6142df288335c81f91c45bc,"New_news_F_N_F_N_news_csv:{""row_number"": 54}:a8ebcb4eb383",manual_preserve,manual_preserve_v1,New_news/F&N/F&N_news.csv,9427e9e60fc8b486941763b293f68c936de302c3c6b3af9cc624448c0ae5ad24
NEWS_CANDIDATE_044064_62c03aef,FNN,,"Banks, tech and consumer stocks show continued strength in 2Q25",The Star,2025-08-06,https://www.thestar.com.my/business/business-news/2025/08/06/banks-tech-and-consumer-stocks-show-continued-strength-in-2q25,3640,,,,,wrong_company,"Another target company's strong alias appears, but the row ticker's target alias does not.",No,wrong_company,none,No,No,No,No,Yes,wrong_company,1,0,42291c073045cf3ad2e76b55a0877aefb0958b53a0130374bdbff13f2c9df7bc,"New_news_F_N_F_N_news_csv:{""row_number"": 55}:94322ee76365",manual_preserve,manual_preserve_v1,New_news/F&N/F&N_news.csv,9427e9e60fc8b486941763b293f68c936de302c3c6b3af9cc624448c0ae5ad24
NEWS_CANDIDATE_044065_73de6bd1,FNN,,FBM KLCI tracks regional gains amid cautious trade,The Star,2025-08-06,https://www.thestar.com.my/business/business-news/2025/08/06/fbm-klci-tracks-regional-gains-amid-cautious-trade,1957,,,,,wrong_company,"Another target company's strong alias appears, but the row ticker's target alias does not.",No,wrong_company,none,No,No,No,No,Yes,wrong_company,1,0,da47db24e2e9d0ba514068d7db44d456dc74be2a40265cd86b59f65f042652b4,"New_news_F_N_F_N_news_csv:{""row_number"": 56}:cf3339c42ebf",manual_preserve,manual_preserve_v1,New_news/F&N/F&N_news.csv,9427e9e60fc8b486941763b293f68c936de302c3c6b3af9cc624448c0ae5ad24
NEWS_CANDIDATE_044066_1a627d9e,FNN,,FBM KLCI remains negative at midday in post-rally pullback,The Star,2025-08-06,https://www.thestar.com.my/business/business-news/2025/08/06/fbm-klci-remains-negative-at-midday-in-post-rally-pullback,1396,,,,,wrong_company,"Another target company's strong alias appears, but the row ticker's target alias does not.",No,wrong_company,none,No,No,No,No,Yes,wrong_company,1,0,0fed4aa3c19709686fb11f780cddb3a674923db101c99d90110d24c4d9250399,"New_news_F_N_F_N_news_csv:{""row_number"": 57}:951e104262ac",manual_preserve,manual_preserve_v1,New_news/F&N/F&N_news.csv,9427e9e60fc8b486941763b293f68c936de302c3c6b3af9cc624448c0ae5ad24
NEWS_CANDIDATE_044067_8e68ce1c,FNN,,Late buying interest pushes FBM KLCI to close at day’s high,The Star,2025-08-08,https://www.thestar.com.my/business/business-news/2025/08/08/late-buying-interest-pushes-fbm-klci-to-close-at-days-high,1465,,,,,wrong_company,"Another target company's strong alias appears, but the row ticker's target alias does not.",No,wrong_company,none,No,No,No,No,Yes,wrong_company,1,0,eacddc4cd3907d73c068b6ca508c78e5e9200c0e6b27856fc217244d99642653,"New_news_F_N_F_N_news_csv:{""row_number"": 58}:f5f8211e02fd",manual_preserve,manual_preserve_v1,New_news/F&N/F&N_news.csv,9427e9e60fc8b486941763b293f68c936de302c3c6b3af9cc624448c0ae5ad24
NEWS_CANDIDATE_044069_27a8e1c5,FNN,,Consumer sector to gain,The Star,2025-07-25,https://www.thestar.com.my/business/business-news/2025/07/25/consumer-sector-to-gain,7657,,,,,wrong_company,"Another target company's strong alias appears, but the row ticker's target alias does not.",No,wrong_company,none,No,No,No,No,Yes,wrong_company,1,0,cc898a6e24d8a5e49dc211af1b526722b2a83dda27df2153108ca99dbae1d4b7,"New_news_F_N_F_N_news_csv:{""row_number"": 60}:4c1453562de9",manual_preserve,manual_preserve_v1,New_news/F&N/F&N_news.csv,9427e9e60fc8b486941763b293f68c936de302c3c6b3af9cc624448c0ae5ad24
NEWS_CANDIDATE_044070_9b9994d0,FNN,,FBM KLCI falls for second day on cautious sentiment,The Star,2025-07-22,https://www.thestar.com.my/business/business-news/2025/07/22/fbm-klci-falls-for-second-day-on-cautious-sentiment,1639,,,,,wrong_company,"Another target company's strong alias appears, but the row ticker's target alias does not.",No,wrong_company,none,No,No,No,No,Yes,wrong_company,1,0,619190244157b3d9d66f1b51e1b392f6123215c0811833b0aa54a922e6311d79,"New_news_F_N_F_N_news_csv:{""row_number"": 61}:d8f47d0adc5f",manual_preserve,manual_preserve_v1,New_news/F&N/F&N_news.csv,9427e9e60fc8b486941763b293f68c936de302c3c6b3af9cc624448c0ae5ad24
NEWS_CANDIDATE_044071_321f4c57,FNN,,FBM KLCI extends gains on upbeat GDP data,The Star,2025-07-18,https://www.thestar.com.my/business/business-news/2025/07/18/fbm-klci-extends-gains-on-upbeat-gdp-data,1727,,,,,wrong_company,"Another target company's strong alias appears, but the row ticker's target alias does not.",No,wrong_company,none,No,No,No,No,Yes,wrong_company,1,0,374168b3ccbba4e23513a44c89c31cb83e3a3ff7cf3e847d0fb4ea9c12b30a8d,"New_news_F_N_F_N_news_csv:{""row_number"": 62}:c9c710f8829a",manual_preserve,manual_preserve_v1,New_news/F&N/F&N_news.csv,9427e9e60fc8b486941763b293f68c936de302c3c6b3af9cc624448c0ae5ad24
NEWS_CANDIDATE_044074_32436e5e,FNN,,FBM KLCI edges up on cautious optimism despite external uncertainties,The Star,2025-07-02,https://www.thestar.com.my/business/business-news/2025/07/02/fbm-klci-edges-up-on-cautious-optimism-despite-external-uncertainties,2004,,,,,wrong_company,"Another target company's strong alias appears, but the row ticker's target alias does not.",No,wrong_company,none,No,No,No,No,Yes,wrong_company,1,0,c3745b8e9a4f35572ec4042788c690da09a46fa50c0062ea0913828a430dbe42,"New_news_F_N_F_N_news_csv:{""row_number"": 65}:af7a0df5d50f",manual_preserve,manual_preserve_v1,New_news/F&N/F&N_news.csv,9427e9e60fc8b486941763b293f68c936de302c3c6b3af9cc624448c0ae5ad24
NEWS_CANDIDATE_044077_a7fb033a,FNN,,"FBM KLCI slides amid cautious sentiment, geopolitical concerns",The Star,2025-06-19,https://www.thestar.com.my/business/business-news/2025/06/19/fbm-klci-slides-amid-cautious-sentiment-geopolitical-concerns,1676,,,,,wrong_company,"Another target company's strong alias appears, but the row ticker's target alias does not.",No,wrong_company,none,No,No,No,No,Yes,wrong_company,1,0,a893a26c18ad827ad0cbcbe296dd0a1c838601039af7e5e8971a9e4d170a0dd1,"New_news_F_N_F_N_news_csv:{""row_number"": 68}:958de2d842b1",manual_preserve,manual_preserve_v1,New_news/F&N/F&N_news.csv,9427e9e60fc8b486941763b293f68c936de302c3c6b3af9cc624448c0ae5ad24
NEWS_CANDIDATE_044078_02b23b5c,FNN,,Consumer staples favourable amid expanded SST,The Star,2025-06-19,https://www.thestar.com.my/business/business-news/2025/06/19/consumer-staples-favourable-amid-expanded-sst,2696,,,,,wrong_company,"Another target company's strong alias appears, but the row ticker's target alias does not.",No,wrong_company,none,No,No,No,No,Yes,wrong_company,1,0,1042c62114a3b28997af5b857c2db022787fc66b01c1bcb66746aa9bab6a3d10,"New_news_F_N_F_N_news_csv:{""row_number"": 69}:d147a2f4b4f3",manual_preserve,manual_preserve_v1,New_news/F&N/F&N_news.csv,9427e9e60fc8b486941763b293f68c936de302c3c6b3af9cc624448c0ae5ad24
NEWS_CANDIDATE_044079_d7533672,FNN,,Bursa Malaysia ends lower as geopolitical tensions spark risk-off mood,The Star,2025-06-13,https://www.thestar.com.my/business/business-news/2025/06/13/bursa-malaysia-ends-lower-as-geopolitical-tensions-spark-risk-off-mood,1802,,,,,wrong_company,"Another target company's strong alias appears, but the row ticker's target alias does not.",No,wrong_company,none,No,No,No,No,Yes,wrong_company,1,0,71b1531f17fdfd67fa46d7e9800a0818922a5595bc32e4cda7d2771d2dba3a5d,"New_news_F_N_F_N_news_csv:{""row_number"": 70}:a4de913baf6b",manual_preserve,manual_preserve_v1,New_news/F&N/F&N_news.csv,9427e9e60fc8b486941763b293f68c936de302c3c6b3af9cc624448c0ae5ad24
NEWS_CANDIDATE_044080_8ea7a485,FNN,,FBM KLCI rises for second day amid trade uncertainty,The Star,2025-06-12,https://www.thestar.com.my/business/business-news/2025/06/12/fbm-klci-rises-for-second-day-amid-trade-uncertainty,2154,,,,,wrong_company,"Another target company's strong alias appears, but the row ticker's target alias does not.",No,wrong_company,none,No,No,No,No,Yes,wrong_company,1,0,c8051fc4e75075548de67fa541b8924fb76b273f8882c277c38e55db3a224aeb,"New_news_F_N_F_N_news_csv:{""row_number"": 71}:3d58244c604f",manual_preserve,manual_preserve_v1,New_news/F&N/F&N_news.csv,9427e9e60fc8b486941763b293f68c936de302c3c6b3af9cc624448c0ae5ad24
NEWS_CANDIDATE_044081_1e04606b,FNN,,Bursa Malaysia edges up amid optimism over US-China trade talks,The Star,2025-06-11,https://www.thestar.com.my/business/business-news/2025/06/11/bursa-malaysia-edges-up-amid-optimism-over-us-china-trade-talks,1449,,,,,wrong_company,"Another target company's strong alias appears, but the row ticker's target alias does not.",No,wrong_company,none,No,No,No,No,Yes,wrong_company,1,0,d66fc1344aa7ce282381ca6b3946312f6c6f78fbd16070d7b78664e11ddd20f0,"New_news_F_N_F_N_news_csv:{""row_number"": 72}:bd0dd46d5334",manual_preserve,manual_preserve_v1,New_news/F&N/F&N_news.csv,9427e9e60fc8b486941763b293f68c936de302c3c6b3af9cc624448c0ae5ad24
NEWS_CANDIDATE_044083_780b268f,FNN,,FBM KLCI rebounds in early trade on U.S.-China trade optimism,The Star,2025-06-11,https://www.thestar.com.my/business/business-news/2025/06/11/fbm-klci-rebounds-in-early-trade-on-us-china-trade-optimism,2218,,,,,wrong_company,"Another target company's strong alias appears, but the row ticker's target alias does not.",No,wrong_company,none,No,No,No,No,Yes,wrong_company,1,0,c9e5d882e9a5108ef94034981c5171bc37661f4f779b2c42b2dda4e58f87e9e6,"New_news_F_N_F_N_news_csv:{""row_number"": 74}:ca9a3c141430",manual_preserve,manual_preserve_v1,New_news/F&N/F&N_news.csv,9427e9e60fc8b486941763b293f68c936de302c3c6b3af9cc624448c0ae5ad24
NEWS_CANDIDATE_044084_a277a224,FNN,,Bursa Malaysia inches up as caution reins in bulls,The Star,2025-06-12,https://www.thestar.com.my/business/business-news/2025/06/12/bursa-malaysia-inches-up-as-caution-reins-in-bulls,2377,,,,,wrong_company,"Another target company's strong alias appears, but the row ticker's target alias does not.",No,wrong_company,none,No,No,No,No,Yes,wrong_company,1,0,55b9013ee78a942b8554256a0d2068ad74f5ce327a97bd89ee02c82842b83d61,"New_news_F_N_F_N_news_csv:{""row_number"": 75}:38e3b23ef825",manual_preserve,manual_preserve_v1,New_news/F&N/F&N_news.csv,9427e9e60fc8b486941763b293f68c936de302c3c6b3af9cc624448c0ae5ad24
NEWS_CANDIDATE_044086_c22bcd50,FNN,,Bursa Malaysia sinks amid foreign sell-off and regional weakness,The Star,2025-05-30,https://www.thestar.com.my/business/business-news/2025/05/30/bursa-malaysia-sinks-amid-foreign-sell-off-and-regional-weakness,1741,,,,,wrong_company,"Another target company's strong alias appears, but the row ticker's target alias does not.",No,wrong_company,none,No,No,No,No,Yes,wrong_company,1,0,7103daabf4d0a21a7f48ba296e9bfe13fd2dd01ed7d4d358a879a77086559469,"New_news_F_N_F_N_news_csv:{""row_number"": 77}:4f114d038761",manual_preserve,manual_preserve_v1,New_news/F&N/F&N_news.csv,9427e9e60fc8b486941763b293f68c936de302c3c6b3af9cc624448c0ae5ad24
NEWS_CANDIDATE_044087_436cbee4,FNN,,FBM KLCI sinks to intraday low as banks drag,The Star,2025-05-22,https://www.thestar.com.my/business/business-news/2025/05/22/fbm-klci-sinks-to-intraday-low-as-banks-drag,1481,,,,,wrong_company,"Another target company's strong alias appears, but the row ticker's target alias does not.",No,wrong_company,none,No,No,No,No,Yes,wrong_company,1,0,b416eb5a1c7238ef9def49d2335d75d46b7dfc08975806d90acca009c5318c68,"New_news_F_N_F_N_news_csv:{""row_number"": 78}:754d23734cf1",manual_preserve,manual_preserve_v1,New_news/F&N/F&N_news.csv,9427e9e60fc8b486941763b293f68c936de302c3c6b3af9cc624448c0ae5ad24
NEWS_CANDIDATE_044088_b5e8e68e,FNN,,FBM KLCI extends losses for fifth straight session,The Star,2025-05-21,https://www.thestar.com.my/business/business-news/2025/05/21/fbm-klci-extends-losses-for-fifth-straight-session,1722,,,,,wrong_company,"Another target company's strong alias appears, but the row ticker's target alias does not.",No,wrong_company,none,No,No,No,No,Yes,wrong_company,1,0,e292ac996c78559b5a1d2d5a39d199b7986aab796c324a5746b95b6bd1471342,"New_news_F_N_F_N_news_csv:{""row_number"": 79}:83ea2ed1bfb7",manual_preserve,manual_preserve_v1,New_news/F&N/F&N_news.csv,9427e9e60fc8b486941763b293f68c936de302c3c6b3af9cc624448c0ae5ad24
NEWS_CANDIDATE_044090_9ac8cb19,FNN,,FBM KLCI opens slightly higher but drifts lower on profit-taking,The Star,2025-05-14,https://www.thestar.com.my/business/business-news/2025/05/14/fbm-klci-opens-slightly-higher-but-drifts-lower-on-profit-taking,1972,,,,,wrong_company,"Another target company's strong alias appears, but the row ticker's target alias does not.",No,wrong_company,none,No,No,No,No,Yes,wrong_company,1,0,fbbaa1b91d96f9ab569b796611a9079b3f4eb55c55c2d0d529df447cdec796b1,"New_news_F_N_F_N_news_csv:{""row_number"": 81}:3ab9a9196898",manual_preserve,manual_preserve_v1,New_news/F&N/F&N_news.csv,9427e9e60fc8b486941763b293f68c936de302c3c6b3af9cc624448c0ae5ad24
NEWS_CANDIDATE_044092_4fe25ebc,FNN,,Stock trading opportunities amid US dollar weakness,The Star,2025-05-08,https://www.thestar.com.my/business/business-news/2025/05/08/stock-trading-opportunities-amid-us-dollar-weakness,2203,,,,,wrong_company,"Another target company's strong alias appears, but the row ticker's target alias does not.",No,wrong_company,none,No,No,No,No,Yes,wrong_company,1,0,570fa57b62274353422b7310d8311ecf85be369340a34fb5080c98a0570a7ff0,"New_news_F_N_F_N_news_csv:{""row_number"": 83}:35b06f3f87c6",manual_preserve,manual_preserve_v1,New_news/F&N/F&N_news.csv,9427e9e60fc8b486941763b293f68c936de302c3c6b3af9cc624448c0ae5ad24
NEWS_CANDIDATE_044093_97b8ae79,FNN,,"FBM KLCI snaps losing streak, ends at intraday high ahead of OPR decision",The Star,2025-05-07,https://www.thestar.com.my/business/business-news/2025/05/07/fbm-klci-snaps-losing-streak-ends-at-intraday-high-ahead-of-opr-decision,1605,,,,,wrong_company,"Another target company's strong alias appears, but the row ticker's target alias does not.",No,wrong_company,none,No,No,No,No,Yes,wrong_company,1,0,f39804dd74d2d4e00adadab361b965895a31343d142ebb7f3b6a9d45fa471e59,"New_news_F_N_F_N_news_csv:{""row_number"": 84}:19a604d4328c",manual_preserve,manual_preserve_v1,New_news/F&N/F&N_news.csv,9427e9e60fc8b486941763b293f68c936de302c3c6b3af9cc624448c0ae5ad24
NEWS_CANDIDATE_044094_7fae2407,FNN,,FBM KLCI drifts sideways ahead of interest rate decisions,The Star,2025-05-07,https://www.thestar.com.my/business/business-news/2025/05/07/fbm-klci-drifts-sideways-ahead-of-interest-rate-decisions,1923,,,,,wrong_company,"Another target company's strong alias appears, but the row ticker's target alias does not.",No,wrong_company,none,No,No,No,No,Yes,wrong_company,1,0,6c9769caed7088763eae7e9e41c2edc3975a3ecd46d0152f12d01a6c4ef7a6c6,"New_news_F_N_F_N_news_csv:{""row_number"": 85}:f87056026c83",manual_preserve,manual_preserve_v1,New_news/F&N/F&N_news.csv,9427e9e60fc8b486941763b293f68c936de302c3c6b3af9cc624448c0ae5ad24
NEWS_CANDIDATE_044096_8d4212c0,FNN,,F&N tax expenses spike expected to ease,The Star,2025-04-30,https://www.thestar.com.my/business/business-news/2025/04/30/fn-tax-expenses-spike-expected-to-ease,5853,,,,,wrong_company,"Another target company's strong alias appears, but the row ticker's target alias does not.",No,wrong_company,none,No,No,No,No,Yes,wrong_company,1,0,2e552b73b60fd23ba9a969e636f9c56448f7489d7f04d07b7900493a7c9bdb08,"New_news_F_N_F_N_news_csv:{""row_number"": 87}:1fb4deabdb81",manual_preserve,manual_preserve_v1,New_news/F&N/F&N_news.csv,9427e9e60fc8b486941763b293f68c936de302c3c6b3af9cc624448c0ae5ad24
NEWS_CANDIDATE_044098_7185ab8f,FNN,,F&N moves closer to milk production with new herd,The Star,2025-04-17,https://www.thestar.com.my/business/business-news/2025/04/17/fn-moves-closer-to-milk-production-with-new-herd,4285,,,,,wrong_company,"Another target company's strong alias appears, but the row ticker's target alias does not.",No,wrong_company,none,No,No,No,No,Yes,wrong_company,1,0,3a78b2ded2dfce13cf9fe89ef8c0b54ce427b8a399ab276983658d12529eb846,"New_news_F_N_F_N_news_csv:{""row_number"": 89}:85e008c75b93",manual_preserve,manual_preserve_v1,New_news/F&N/F&N_news.csv,9427e9e60fc8b486941763b293f68c936de302c3c6b3af9cc624448c0ae5ad24
NEWS_CANDIDATE_044099_e7ec96db,FNN,,"Trading ideas: TNB, RHB, F&N, Skygate, Lien Hoe, Scope, Mayu, Binastra, Keyfield, Binasat, Aurelius, Kerjaya, Signature",The Star,2025-04-16,https://www.thestar.com.my/business/business-news/2025/04/16/trading-ideas-tnb-rhb-fn-skygate-lien-hoe-scope-mayu-binastra-keyfield-binasat-aurelius-kerjaya-signature,2379,,,,,wrong_company,"Another target company's strong alias appears, but the row ticker's target alias does not.",No,wrong_company,none,No,No,No,No,Yes,wrong_company,1,0,005030362f6b1c1be2165db41e03a7e63d4c70946599d7c8b293b120cc5ea27c,"New_news_F_N_F_N_news_csv:{""row_number"": 90}:6b8ed078f948",manual_preserve,manual_preserve_v1,New_news/F&N/F&N_news.csv,9427e9e60fc8b486941763b293f68c936de302c3c6b3af9cc624448c0ae5ad24
NEWS_CANDIDATE_044101_8e019947,FNN,,FBM KLCI selling pressure amid escalating US-China trade tensions,The Star,2025-04-11,https://www.thestar.com.my/business/business-news/2025/04/11/fbm-klci-selling-pressure-amid-escalating-us-china-trade-tensions,2012,,,,,wrong_company,"Another target company's strong alias appears, but the row ticker's target alias does not.",No,wrong_company,none,No,No,No,No,Yes,wrong_company,1,0,408f8a7aa2f80151d414db295b14d5f02eba0778d7b37d96f3acaf91bed1de60,"New_news_F_N_F_N_news_csv:{""row_number"": 92}:cfc8e3d6bbe5",manual_preserve,manual_preserve_v1,New_news/F&N/F&N_news.csv,9427e9e60fc8b486941763b293f68c936de302c3c6b3af9cc624448c0ae5ad24
NEWS_CANDIDATE_044102_97414871,FNN,,"Bursa Malaysia dips as Trump’s tariffs hit sentiment, last-minute buying cushions losses",The Star,2025-04-03,https://www.thestar.com.my/business/business-news/2025/04/03/bursa-malaysia-dips-as-trumps-tariffs-hit-sentiment-last-minute-buying-cushions-losses,2127,,,,,wrong_company,"Another target company's strong alias appears, but the row ticker's target alias does not.",No,wrong_company,none,No,No,No,No,Yes,wrong_company,1,0,d17a98f4bb241b4e0aef7e38afbfc47a96de5b100ae6d741f355d33429e72404,"New_news_F_N_F_N_news_csv:{""row_number"": 93}:d6949eba6f48",manual_preserve,manual_preserve_v1,New_news/F&N/F&N_news.csv,9427e9e60fc8b486941763b293f68c936de302c3c6b3af9cc624448c0ae5ad24
NEWS_CANDIDATE_044103_1c6e88bc,FNN,,Bursa Malaysia slips on Trump's tariff shock,The Star,2025-04-03,https://www.thestar.com.my/business/business-news/2025/04/03/bursa-malaysia-slips-on-trump039s-tariff-shock,2575,,,,,wrong_company,"Another target company's strong alias appears, but the row ticker's target alias does not.",No,wrong_company,none,No,No,No,No,Yes,wrong_company,1,0,3da98ff690f0aa8302952cbf28c9c17de2a4b43966732e06b202850403575472,"New_news_F_N_F_N_news_csv:{""row_number"": 94}:8b39c0bd58da",manual_preserve,manual_preserve_v1,New_news/F&N/F&N_news.csv,9427e9e60fc8b486941763b293f68c936de302c3c6b3af9cc624448c0ae5ad24
NEWS_CANDIDATE_044104_1e364502,FNN,,FBM KLCI trends higher as market returns from Hari Raya break,The Star,2025-04-02,https://www.thestar.com.my/business/business-news/2025/04/02/fbm-klci-trends-higher-as-market-returns-from-hari-raya-break4o-mini,2138,,,,,wrong_company,"Another target company's strong alias appears, but the row ticker's target alias does not.",No,wrong_company,none,No,No,No,No,Yes,wrong_company,1,0,71d1f685fc2e5d48e7ef930a70fe720846e30238bb5e73fee8fa0635817b722b,"New_news_F_N_F_N_news_csv:{""row_number"": 95}:d5adc70a3006",manual_preserve,manual_preserve_v1,New_news/F&N/F&N_news.csv,9427e9e60fc8b486941763b293f68c936de302c3c6b3af9cc624448c0ae5ad24
NEWS_CANDIDATE_044106_829747e0,FNN,,Bursa Malaysia slips at open amid global market jitters over US tariffs,The Star,2025-04-04,https://www.thestar.com.my/business/business-news/2025/04/04/bursa-malaysia-slips-at-open-amid-global-market-jitters-over-us-tariffs,2387,,,,,wrong_company,"Another target company's strong alias appears, but the row ticker's target alias does not.",No,wrong_company,none,No,No,No,No,Yes,wrong_company,1,0,d3556cc4bef673d42175fec30264083462d017e45aa392117c6e5779ac932b3a,"New_news_F_N_F_N_news_csv:{""row_number"": 97}:857713de1b45",manual_preserve,manual_preserve_v1,New_news/F&N/F&N_news.csv,9427e9e60fc8b486941763b293f68c936de302c3c6b3af9cc624448c0ae5ad24
NEWS_CANDIDATE_044108_4d5eee4e,FNN,,FBM KLCI hits two-week high despite U.S. tariff threats,The Star,2025-03-27,https://www.thestar.com.my/business/business-news/2025/03/27/fbm-klci-hits-two-week-high-despite-us-tariff-threats,1958,,,,,wrong_company,"Another target company's strong alias appears, but the row ticker's target alias does not.",No,wrong_company,none,No,No,No,No,Yes,wrong_company,1,0,aaea0e459e26871a5ee19a355bd648abb39d25b2bb5c7eb1df0dde3baff11397,"New_news_F_N_F_N_news_csv:{""row_number"": 99}:673aceb04a1f",manual_preserve,manual_preserve_v1,New_news/F&N/F&N_news.csv,9427e9e60fc8b486941763b293f68c936de302c3c6b3af9cc624448c0ae5ad24
NEWS_CANDIDATE_044109_f7f3d279,FNN,,FBM KLCI tumbles 7.83% in first quarter amid market headwinds,The Star,2025-03-28,https://www.thestar.com.my/business/business-news/2025/03/28/fbm-klci-tumbles-783-in-first-quarter-amid-market-headwinds,2203,,,,,wrong_company,"Another target company's strong alias appears, but the row ticker's target alias does not.",No,wrong_company,none,No,No,No,No,Yes,wrong_company,1,0,2701fe6eb1a2b9362396a512c632da548b1b733b9e65af2035c7dc19fc0f6182,"New_news_F_N_F_N_news_csv:{""row_number"": 100}:d3b505af541e",manual_preserve,manual_preserve_v1,New_news/F&N/F&N_news.csv,9427e9e60fc8b486941763b293f68c936de302c3c6b3af9cc624448c0ae5ad24
NEWS_CANDIDATE_044110_fc393f02,FNN,,FBM KLCI closes higher as regional markets fall,The Star,2025-03-21,https://www.thestar.com.my/business/business-news/2025/03/21/fbm-klci-closes-higher-as-regional-markets-fall,1555,,,,,wrong_company,"Another target company's strong alias appears, but the row ticker's target alias does not.",No,wrong_company,none,No,No,No,No,Yes,wrong_company,1,0,d5a3a0c6e8d43b9fcc6f79216f16e26004f0d7149b0f16c62319b885ae2a32c6,"New_news_F_N_F_N_news_csv:{""row_number"": 101}:0aa04e86fc69",manual_preserve,manual_preserve_v1,New_news/F&N/F&N_news.csv,9427e9e60fc8b486941763b293f68c936de302c3c6b3af9cc624448c0ae5ad24
NEWS_CANDIDATE_044112_ffaf6a4c,FNN,,Bargain hunting ends four-day losing streak on Bursa Malaysia,The Star,2025-03-05,https://www.thestar.com.my/business/business-news/2025/03/05/bargain-hunting-ends-four-day-losing-streak-on-bursa-malaysia,1459,,,,,wrong_company,"Another target company's strong alias appears, but the row ticker's target alias does not.",No,wrong_company,none,No,No,No,No,Yes,wrong_company,1,0,eae47b2f24a84e9d4de253bfbe2d1fe310cc6823679cc309b5d339fcb4e5eab1,"New_news_F_N_F_N_news_csv:{""row_number"": 103}:0785b7d7d6d7",manual_preserve,manual_preserve_v1,New_news/F&N/F&N_news.csv,9427e9e60fc8b486941763b293f68c936de302c3c6b3af9cc624448c0ae5ad24
NEWS_CANDIDATE_044113_037a6010,FNN,,Bursa Malaysia ends week lower amid cautious sentiment,The Star,2025-03-07,https://www.thestar.com.my/business/business-news/2025/03/07/bursa-malaysia-ends-week-lower-amid-cautious-sentiment,1773,,,,,wrong_company,"Another target company's strong alias appears, but the row ticker's target alias does not.",No,wrong_company,none,No,No,No,No,Yes,wrong_company,1,0,b1f686b98a36e8da8e130753a0066d16f2febc3398e864874d4f1161b7b1c17f,"New_news_F_N_F_N_news_csv:{""row_number"": 104}:805c90f71909",manual_preserve,manual_preserve_v1,New_news/F&N/F&N_news.csv,9427e9e60fc8b486941763b293f68c936de302c3c6b3af9cc624448c0ae5ad24
NEWS_CANDIDATE_044114_4203e898,FNN,,Last-minute selling drags Bursa Malaysia lower as regional markets retreat,The Star,2025-02-28,https://www.thestar.com.my/business/business-news/2025/02/28/last-minute-selling-drags-bursa-malaysia-lower-as-regional-markets-retreat,1620,,,,,wrong_company,"Another target company's strong alias appears, but the row ticker's target alias does not.",No,wrong_company,none,No,No,No,No,Yes,wrong_company,1,0,05420d92c5c9bfd06cf14b8065b19da9852252c662cb4bde914e82b7bfafd48c,"New_news_F_N_F_N_news_csv:{""row_number"": 105}:7018f415ed0c",manual_preserve,manual_preserve_v1,New_news/F&N/F&N_news.csv,9427e9e60fc8b486941763b293f68c936de302c3c6b3af9cc624448c0ae5ad24
NEWS_CANDIDATE_044115_5bcd8cbd,FNN,,FBM KLCI sinks deeper into the red at midday,The Star,2025-02-20,https://www.thestar.com.my/business/business-news/2025/02/20/fbm-klci-sinks-deeper-into-the-red-at-midday,1405,,,,,wrong_company,"Another target company's strong alias appears, but the row ticker's target alias does not.",No,wrong_company,none,No,No,No,No,Yes,wrong_company,1,0,3ceae16ecb70b1cb48fb2ff198f6f7697bde53e40008576f00f78cf7d100baa9,"New_news_F_N_F_N_news_csv:{""row_number"": 106}:8c44a5116fe3",manual_preserve,manual_preserve_v1,New_news/F&N/F&N_news.csv,9427e9e60fc8b486941763b293f68c936de302c3c6b3af9cc624448c0ae5ad24
NEWS_CANDIDATE_044116_c7f68ea4,FNN,,FBM KLCI dips on trade jitters; ES Sunlogy debuts as most active,The Star,2025-02-20,https://www.thestar.com.my/business/business-news/2025/02/20/fbm-klci-dips-on-trade-jitters-es-sunlogy-debuts-as-most-active,2115,,,,,wrong_company,"Another target company's strong alias appears, but the row ticker's target alias does not.",No,wrong_company,none,No,No,No,No,Yes,wrong_company,1,0,9fc2d47bfa663223fd1badd02c538523d779887a60ca81d3ef917b5f28fb56fe,"New_news_F_N_F_N_news_csv:{""row_number"": 107}:e0f78f982625",manual_preserve,manual_preserve_v1,New_news/F&N/F&N_news.csv,9427e9e60fc8b486941763b293f68c936de302c3c6b3af9cc624448c0ae5ad24
NEWS_CANDIDATE_044117_c353b472,FNN,,FBM KLCI ends lower as heavyweights drag; glovemakers in focus,The Star,2025-02-19,https://www.thestar.com.my/business/business-news/2025/02/19/fbm-klci-ends-lower-as-heavyweights-drag-glovemakers-in-focus,2405,,,,,wrong_company,"Another target company's strong alias appears, but the row ticker's target alias does not.",No,wrong_company,none,No,No,No,No,Yes,wrong_company,1,0,d69fc17f6cc183c93131b6cabba7ea6b6a9605f0db95a4e6e7a78623346d1cd1,"New_news_F_N_F_N_news_csv:{""row_number"": 108}:24f458b70c58",manual_preserve,manual_preserve_v1,New_news/F&N/F&N_news.csv,9427e9e60fc8b486941763b293f68c936de302c3c6b3af9cc624448c0ae5ad24
NEWS_CANDIDATE_044118_1c8714f6,FNN,,KLCI ends at intraday high as bargain hunting drives rebound,The Star,2025-02-21,https://www.thestar.com.my/business/business-news/2025/02/21/klci-ends-at-intraday-high-as-bargain-hunting-drives-rebound,1712,,,,,wrong_company,"Another target company's strong alias appears, but the row ticker's target alias does not.",No,wrong_company,none,No,No,No,No,Yes,wrong_company,1,0,c75a4825a6e2cba3d5d314036be9908b6696d53819b3292ed8ae23de2407ea4d,"New_news_F_N_F_N_news_csv:{""row_number"": 109}:56721cea467c",manual_preserve,manual_preserve_v1,New_news/F&N/F&N_news.csv,9427e9e60fc8b486941763b293f68c936de302c3c6b3af9cc624448c0ae5ad24
NEWS_CANDIDATE_044119_71aa9370,FNN,,FBM KLCI closes nearly unchanged amid mixed sentiment,The Star,2025-02-14,https://www.thestar.com.my/business/business-news/2025/02/14/fbm-klci-closes-nearly-unchanged-amid-mixed-sentiment,1344,,,,,wrong_company,"Another target company's strong alias appears, but the row ticker's target alias does not.",No,wrong_company,none,No,No,No,No,Yes,wrong_company,1,0,8d0c0ab82687ee3a1555245a5cd23f5084f5ace17a6a17ca2aec2e7abeb0a63b,"New_news_F_N_F_N_news_csv:{""row_number"": 110}:fb5b86041a4b",manual_preserve,manual_preserve_v1,New_news/F&N/F&N_news.csv,9427e9e60fc8b486941763b293f68c936de302c3c6b3af9cc624448c0ae5ad24
NEWS_CANDIDATE_044120_53598089,FNN,,"FBM KLCI slips below psychological 1,600 level as caution weighs on market",The Star,2025-02-13,https://www.thestar.com.my/business/business-news/2025/02/13/fbm-klci-slips-below-psychological-1600-level-as-caution-weighs-on-market,1459,,,,,wrong_company,"Another target company's strong alias appears, but the row ticker's target alias does not.",No,wrong_company,none,No,No,No,No,Yes,wrong_company,1,0,01d98a258bd4ceee135b18fd4ff2e823f9bf9784e58868cbf1d69256c4df68c0,"New_news_F_N_F_N_news_csv:{""row_number"": 111}:724a06550f45",manual_preserve,manual_preserve_v1,New_news/F&N/F&N_news.csv,9427e9e60fc8b486941763b293f68c936de302c3c6b3af9cc624448c0ae5ad24
NEWS_CANDIDATE_044123_0f24eb12,FNN,,"FBM KLCI continues upward trend, closing higher on Wednesday",The Star,2025-02-05,https://www.thestar.com.my/business/business-news/2025/02/05/fbm-klci-continues-upward-trend-closing-higher-on-wednesday,1444,,,,,wrong_company,"Another target company's strong alias appears, but the row ticker's target alias does not.",No,wrong_company,none,No,No,No,No,Yes,wrong_company,1,0,3b398418e1ceaab3cae1c197147c187cf11fddbfa16c9db8b5bae7f1243dea8d,"New_news_F_N_F_N_news_csv:{""row_number"": 114}:377f665e5fb4",manual_preserve,manual_preserve_v1,New_news/F&N/F&N_news.csv,9427e9e60fc8b486941763b293f68c936de302c3c6b3af9cc624448c0ae5ad24
NEWS_CANDIDATE_044125_32fadc79,FNN,,Trump’s delayed tariffs to provide respite,The Star,2025-02-05,https://www.thestar.com.my/business/business-news/2025/02/05/trumps-delayed-tariffs-to-provide-respite,5730,,,,,wrong_company,"Another target company's strong alias appears, but the row ticker's target alias does not.",No,wrong_company,none,No,No,No,No,Yes,wrong_company,1,0,0ea36014aeddceb2447fc81e2a08fa27c5b981bfed3384379d6a4d8ef3eb88ff,"New_news_F_N_F_N_news_csv:{""row_number"": 116}:67edcfbde20d",manual_preserve,manual_preserve_v1,New_news/F&N/F&N_news.csv,9427e9e60fc8b486941763b293f68c936de302c3c6b3af9cc624448c0ae5ad24
NEWS_CANDIDATE_044128_a6757905,FNN,,Company nurtures 82 school aces,The Star,2025-02-04,https://www.thestar.com.my/metro/metro-news/2025/02/04/company-nurtures-82-school-aces,4093,,,,,wrong_company,"Another target company's strong alias appears, but the row ticker's target alias does not.",No,wrong_company,none,No,No,No,No,Yes,wrong_company,0,0,75794eaab4350d91d28d1ec11a211a09f218bfc0adb78753e207a74305fe4f60,"New_news_F_N_F_N_news_csv:{""row_number"": 119}:b34ccfdf5af3",manual_preserve,manual_preserve_v1,New_news/F&N/F&N_news.csv,9427e9e60fc8b486941763b293f68c936de302c3c6b3af9cc624448c0ae5ad24
NEWS_CANDIDATE_044129_e1c42cb4,FNN,,Bursa Malaysia end lower on CNY Eve; FBM KLCI down 0.4%,The Star,2025-01-28,https://www.thestar.com.my/business/business-news/2025/01/28/bursa-malaysia-end-lower-on-cny-eve-fbm-klci-down-04,2274,,,,,wrong_company,"Another target company's strong alias appears, but the row ticker's target alias does not.",No,wrong_company,none,No,No,No,No,Yes,wrong_company,1,0,71c6be12fd03d5ce0605c26469a66feb49475eef7fba128dbbb52f7a531e32c8,"New_news_F_N_F_N_news_csv:{""row_number"": 120}:06f3ca0b0b71",manual_preserve,manual_preserve_v1,New_news/F&N/F&N_news.csv,9427e9e60fc8b486941763b293f68c936de302c3c6b3af9cc624448c0ae5ad24
NEWS_CANDIDATE_044130_9919a765,FNN,,Ten current and ex-national athletes receive contributions for CNY,The Star,2025-01-29,https://www.thestar.com.my/sport/others/2025/01/29/ten-current-and-ex-national-athletes-receive-contributions-for-cny,1758,,,,,wrong_company,"Another target company's strong alias appears, but the row ticker's target alias does not.",No,wrong_company,none,No,No,No,No,Yes,wrong_company,1,0,99433912fbf330a3889f2ebddd101e64eb5c68f5e9eff3bc0691c674931a6e61,"New_news_F_N_F_N_news_csv:{""row_number"": 121}:44a25ce423b8",manual_preserve,manual_preserve_v1,New_news/F&N/F&N_news.csv,9427e9e60fc8b486941763b293f68c936de302c3c6b3af9cc624448c0ae5ad24
NEWS_CANDIDATE_044131_82e17ddd,FNN,,Bursa Malaysia ends week in the red despite trimming losses,The Star,2025-01-24,https://www.thestar.com.my/business/business-news/2025/01/24/bursa-malaysia-ends-week-in-the-red-despite-trimming-losses,1596,,,,,wrong_company,"Another target company's strong alias appears, but the row ticker's target alias does not.",No,wrong_company,none,No,No,No,No,Yes,wrong_company,1,0,c72791152150bec0335e340e23b778f8d7e90bf4901a539c4f6c08ba95d6bdd7,"New_news_F_N_F_N_news_csv:{""row_number"": 122}:cd93964332d7",manual_preserve,manual_preserve_v1,New_news/F&N/F&N_news.csv,9427e9e60fc8b486941763b293f68c936de302c3c6b3af9cc624448c0ae5ad24
NEWS_CANDIDATE_044132_f8aa9a9d,FNN,,Bursa Malaysia snaps winning streak; Oriental Kopi soars 98.86%,The Star,2025-01-23,https://www.thestar.com.my/business/business-news/2025/01/23/bursa-malaysia-snaps-winning-streak-oriental-kopi-soars-9886,1579,,,,,wrong_company,"Another target company's strong alias appears, but the row ticker's target alias does not.",No,wrong_company,none,No,No,No,No,Yes,wrong_company,1,0,28af73376c1db29c609ecde32a5130efd9373b900b89c5cafa52065b07dbb230,"New_news_F_N_F_N_news_csv:{""row_number"": 123}:f8fb089b5f4f",manual_preserve,manual_preserve_v1,New_news/F&N/F&N_news.csv,9427e9e60fc8b486941763b293f68c936de302c3c6b3af9cc624448c0ae5ad24
NEWS_CANDIDATE_044134_a6d6f7ba,FNN,,F&N well-capitalised to manage rising costs,The Star,2025-01-16,https://www.thestar.com.my/business/business-news/2025/01/16/fn-well-capitalised-to-manage-rising-costs,2410,,,,,wrong_company,"Another target company's strong alias appears, but the row ticker's target alias does not.",No,wrong_company,none,No,No,No,No,Yes,wrong_company,1,0,76e1c250be4fc22ed9eb49dba7337573043f4153cea9a881c3d1f11fd92165cc,"New_news_F_N_F_N_news_csv:{""row_number"": 125}:6cfeb3a2f521",manual_preserve,manual_preserve_v1,New_news/F&N/F&N_news.csv,9427e9e60fc8b486941763b293f68c936de302c3c6b3af9cc624448c0ae5ad24
NEWS_CANDIDATE_044135_68eee6e2,FNN,,"F&N well-capitalised to manage rising energy and wage costs, says CEO",The Star,2025-01-15,https://www.thestar.com.my/business/business-news/2025/01/15/fn-well-capitalised-to-manage-rising-energy-and-wage-costs-says-ceo,2511,,,,,wrong_company,"Another target company's strong alias appears, but the row ticker's target alias does not.",No,wrong_company,none,No,No,No,No,Yes,wrong_company,1,0,5c8c764072fa1df282108cb228eb348bcb8bca09a80a566095298cfb141acc81,"New_news_F_N_F_N_news_csv:{""row_number"": 126}:bebbedc15d37",manual_preserve,manual_preserve_v1,New_news/F&N/F&N_news.csv,9427e9e60fc8b486941763b293f68c936de302c3c6b3af9cc624448c0ae5ad24
NEWS_CANDIDATE_044137_730cc61e,FNN,,Bursa Malaysia tumbles as over 800 stocks end in the red,The Star,2025-01-08,https://www.thestar.com.my/business/business-news/2025/01/08/bursa-malaysia-tumbles-as-over-800-stocks-end-in-the-red,1509,,,,,wrong_company,"Another target company's strong alias appears, but the row ticker's target alias does not.",No,wrong_company,none,No,No,No,No,Yes,wrong_company,1,0,0b82dba014f2717129ba866b712542c71bbcdf80d2298e29aeb73fbe8b3901a9,"New_news_F_N_F_N_news_csv:{""row_number"": 128}:9f0ac3991fb4",manual_preserve,manual_preserve_v1,New_news/F&N/F&N_news.csv,9427e9e60fc8b486941763b293f68c936de302c3c6b3af9cc624448c0ae5ad24
NEWS_CANDIDATE_044138_e98ffeea,FNN,,FBM KLCI slips for second day amid mixed regional sentiment,The Star,2025-01-03,https://www.thestar.com.my/business/business-news/2025/01/03/fbm-klci-slips-for-second-day-amid-mixed-regional-sentiment,1848,,,,,wrong_company,"Another target company's strong alias appears, but the row ticker's target alias does not.",No,wrong_company,none,No,No,No,No,Yes,wrong_company,1,0,18f3e0107166471adb02aa539b922e1740937d69053746254d65bf817240dcb6,"New_news_F_N_F_N_news_csv:{""row_number"": 129}:009158ffb59a",manual_preserve,manual_preserve_v1,New_news/F&N/F&N_news.csv,9427e9e60fc8b486941763b293f68c936de302c3c6b3af9cc624448c0ae5ad24
NEWS_CANDIDATE_044142_01d2874f,FNN,,Bursa Malaysia remains lower at midday amid weak sentiment,The Star,2024-12-19,https://www.thestar.com.my/business/business-news/2024/12/19/bursa-malaysia-remains-lower-at-midday-amid-weak-sentiment,2128,,,,,wrong_company,"Another target company's strong alias appears, but the row ticker's target alias does not.",No,wrong_company,none,No,No,No,No,Yes,wrong_company,1,0,66414cd15780cc581fc9c1bf2ead29cfe2345b33cd1b4ff8df3ca8162d3125e8,"New_news_F_N_F_N_news_csv:{""row_number"": 133}:616d4d15e21e",manual_preserve,manual_preserve_v1,New_news/F&N/F&N_news.csv,9427e9e60fc8b486941763b293f68c936de302c3c6b3af9cc624448c0ae5ad24
NEWS_CANDIDATE_044143_bee1afb4,FNN,,"FBM KLCI rebounds above 1,600-point mark at midday",The Star,2024-12-18,https://www.thestar.com.my/business/business-news/2024/12/18/fbm-klci-rebounds-above-1600-point-mark-at-midday,1548,,,,,wrong_company,"Another target company's strong alias appears, but the row ticker's target alias does not.",No,wrong_company,none,No,No,No,No,Yes,wrong_company,1,0,da016c7a2e5fc506172c95140e3c2beab99ca5d5839bfffdbf323d6ba3b38850,"New_news_F_N_F_N_news_csv:{""row_number"": 134}:e5372f58cf93",manual_preserve,manual_preserve_v1,New_news/F&N/F&N_news.csv,9427e9e60fc8b486941763b293f68c936de302c3c6b3af9cc624448c0ae5ad24
NEWS_CANDIDATE_044144_21b3e449,FNN,,FBM KLCI opens lower; Carlo Rino debuts as most active stock,The Star,2024-12-18,https://www.thestar.com.my/business/business-news/2024/12/18/fbm-klci-opens-lower-carlo-rino-debuts-as-most-active-stock,2260,,,,,wrong_company,"Another target company's strong alias appears, but the row ticker's target alias does not.",No,wrong_company,none,No,No,No,No,Yes,wrong_company,1,0,8eb424fcb35736bcd6c9eddd7fbb227a3a236456f69ca7da07bac32c73404362,"New_news_F_N_F_N_news_csv:{""row_number"": 135}:cb9eddace5e8",manual_preserve,manual_preserve_v1,New_news/F&N/F&N_news.csv,9427e9e60fc8b486941763b293f68c936de302c3c6b3af9cc624448c0ae5ad24
NEWS_CANDIDATE_044146_a8044db5,FNN,,FBM KLCI ends lower for second straight day,The Star,2024-11-29,https://www.thestar.com.my/business/business-news/2024/11/29/fbm-klci-ends-lower-for-second-straight-day,1402,,,,,wrong_company,"Another target company's strong alias appears, but the row ticker's target alias does not.",No,wrong_company,none,No,No,No,No,Yes,wrong_company,1,0,a3920172d9298f480a35342431e808498501c1e51d793ceac74a5e5d45530e0e,"New_news_F_N_F_N_news_csv:{""row_number"": 137}:a30100cb77ed",manual_preserve,manual_preserve_v1,New_news/F&N/F&N_news.csv,9427e9e60fc8b486941763b293f68c936de302c3c6b3af9cc624448c0ae5ad24
NEWS_CANDIDATE_044147_1f9b2fb7,FNN,,FBM KLCI extends loss for second day running,The Star,2024-11-08,https://www.thestar.com.my/business/business-news/2024/11/08/fbm-klci-extends-loss-for-second-day-running,1462,,,,,wrong_company,"Another target company's strong alias appears, but the row ticker's target alias does not.",No,wrong_company,none,No,No,No,No,Yes,wrong_company,1,0,d0b0c887980ddfcda106f8a20e326c929d8c01cf59cd9ee95400274f9fbe3786,"New_news_F_N_F_N_news_csv:{""row_number"": 138}:c8dab0c66915",manual_preserve,manual_preserve_v1,New_news/F&N/F&N_news.csv,9427e9e60fc8b486941763b293f68c936de302c3c6b3af9cc624448c0ae5ad24
NEWS_CANDIDATE_044148_4cab8b80,FNN,,FBM KLCI edges up at midday amid cautious broader market,The Star,2024-11-08,https://www.thestar.com.my/business/business-news/2024/11/08/fbm-klci-edges-up-at-midday-amid-cautious-broader-market,1871,,,,,wrong_company,"Another target company's strong alias appears, but the row ticker's target alias does not.",No,wrong_company,none,No,No,No,No,Yes,wrong_company,1,0,deb6ec803e69db206d9bc061c7e4bf3e69766a6e5a7937280eddb1ac8afd27e7,"New_news_F_N_F_N_news_csv:{""row_number"": 139}:d5618b61c91c",manual_preserve,manual_preserve_v1,New_news/F&N/F&N_news.csv,9427e9e60fc8b486941763b293f68c936de302c3c6b3af9cc624448c0ae5ad24
NEWS_CANDIDATE_044149_8df50d0c,FNN,,F&N to use other sources of cows for dairy farm,The Star,2024-11-07,https://www.thestar.com.my/business/business-news/2024/11/07/fn-to-use-other-sources-of-cows-for-dairy-farm,3602,,,,,wrong_company,"Another target company's strong alias appears, but the row ticker's target alias does not.",No,wrong_company,none,No,No,No,No,Yes,wrong_company,1,0,37307600b7e4600722e4c261a12df714083a2ab01bd86d91f3619950185d7bf3,"New_news_F_N_F_N_news_csv:{""row_number"": 140}:2f6cf7e4d433",manual_preserve,manual_preserve_v1,New_news/F&N/F&N_news.csv,9427e9e60fc8b486941763b293f68c936de302c3c6b3af9cc624448c0ae5ad24
NEWS_CANDIDATE_044151_5a205f25,FNN,,"Trading ideas: IOI, Gagasan Nadi, Xin Hwa, T7, TCS, Aneka, HE, Ann Joo, Aimflex, F&N",The Star,2024-11-06,https://www.thestar.com.my/business/business-news/2024/11/06/trading-ideas-ioi-gagasan-nadi-xin-hwa-t7-tcs-aneka-he-ann-joo-aimflex-fn,2010,,,,,wrong_company,"Another target company's strong alias appears, but the row ticker's target alias does not.",No,wrong_company,none,No,No,No,No,Yes,wrong_company,1,0,3f50266b91b4af2d79a0fdab9cbdaae5b42f566d41e161930feb0b90252e3448,"New_news_F_N_F_N_news_csv:{""row_number"": 142}:f2c90e1cc866",manual_preserve,manual_preserve_v1,New_news/F&N/F&N_news.csv,9427e9e60fc8b486941763b293f68c936de302c3c6b3af9cc624448c0ae5ad24
NEWS_CANDIDATE_044152_6a0a029f,FNN,,"FBM KLCI gains in early trade, tracking Wall Street rally after Fed rate cut",The Star,2024-11-08,https://www.thestar.com.my/business/business-news/2024/11/08/fbm-klci-gains-in-early-trade-tracking-wall-street-rally-after-fed-rate-cut,2164,,,,,wrong_company,"Another target company's strong alias appears, but the row ticker's target alias does not.",No,wrong_company,none,No,No,No,No,Yes,wrong_company,1,0,0b5ff653fb3e55359a8efceefcb9d616109c5ab82fc42d3440435bb2e5a6acb3,"New_news_F_N_F_N_news_csv:{""row_number"": 143}:29c28740bdb7",manual_preserve,manual_preserve_v1,New_news/F&N/F&N_news.csv,9427e9e60fc8b486941763b293f68c936de302c3c6b3af9cc624448c0ae5ad24
NEWS_CANDIDATE_044153_b2835fb7,FNN,,Bursa Malaysia snaps 4-day winning streak,The Star,2024-11-07,https://www.thestar.com.my/business/business-news/2024/11/07/bursa-malaysia-snaps-4-day-winning-streak,1376,,,,,wrong_company,"Another target company's strong alias appears, but the row ticker's target alias does not.",No,wrong_company,none,No,No,No,No,Yes,wrong_company,1,0,2cca7124bb9f2dbff1760ae40667093669331f3ac82ab5f60ee6bd96b0630b55,"New_news_F_N_F_N_news_csv:{""row_number"": 144}:2c3c2428953d",manual_preserve,manual_preserve_v1,New_news/F&N/F&N_news.csv,9427e9e60fc8b486941763b293f68c936de302c3c6b3af9cc624448c0ae5ad24
NEWS_CANDIDATE_044155_e045ff88,FNN,,"FBM KLCI opens higher, then slides on profit-taking",The Star,2024-11-07,https://www.thestar.com.my/business/business-news/2024/11/07/fbm-klci-opens-higher-then-slides-on-profit-taking,2768,,,,,wrong_company,"Another target company's strong alias appears, but the row ticker's target alias does not.",No,wrong_company,none,No,No,No,No,Yes,wrong_company,1,0,3847e2caf56569b7eec1d294391fae0b3820141b7f8f441ac752fef1c236bb2c,"New_news_F_N_F_N_news_csv:{""row_number"": 146}:e5763cbe7d11",manual_preserve,manual_preserve_v1,New_news/F&N/F&N_news.csv,9427e9e60fc8b486941763b293f68c936de302c3c6b3af9cc624448c0ae5ad24
NEWS_CANDIDATE_044156_5c524846,FNN,,Bursa Malaysia rebounds as bargain hunters swoop in,The Star,2024-10-29,https://www.thestar.com.my/business/business-news/2024/10/29/bursa-malaysia-rebounds-as-bargain-hunters-swoop-in,1818,,,,,wrong_company,"Another target company's strong alias appears, but the row ticker's target alias does not.",No,wrong_company,none,No,No,No,No,Yes,wrong_company,1,0,3f54f89bba95c7a0154babb4cdd9d070a66d52c0b8e41858bf6f16463ebeccfe,"New_news_F_N_F_N_news_csv:{""row_number"": 147}:4760c27e8f57",manual_preserve,manual_preserve_v1,New_news/F&N/F&N_news.csv,9427e9e60fc8b486941763b293f68c936de302c3c6b3af9cc624448c0ae5ad24
NEWS_CANDIDATE_044157_a8a92916,FNN,,A boost for consumption from Budget 2025,The Star,2024-10-25,https://www.thestar.com.my/business/business-news/2024/10/25/a-boost-for-consumption-from-budget-2025,4811,,,,,wrong_company,"Another target company's strong alias appears, but the row ticker's target alias does not.",No,wrong_company,none,No,No,No,No,Yes,wrong_company,1,0,ebd12d9f62f0d1c43ddf6ef0d04cfa2a3bf07bf78b990aedee940f06127a05ac,"New_news_F_N_F_N_news_csv:{""row_number"": 148}:6030487d319a",manual_preserve,manual_preserve_v1,New_news/F&N/F&N_news.csv,9427e9e60fc8b486941763b293f68c936de302c3c6b3af9cc624448c0ae5ad24
NEWS_CANDIDATE_044160_d7437571,FNN,,Salcon wins RM18.5mil F&N contract,The Star,2024-10-18,https://www.thestar.com.my/business/business-news/2024/10/18/salcon-wins-rm185mil-fn-contract,650,,,,,wrong_company,"Another target company's strong alias appears, but the row ticker's target alias does not.",No,wrong_company,none,No,No,No,No,Yes,wrong_company,1,0,7a0614969f25399d4cc502968eb3cea1cfdfa44f6c7a1d3fdb49f117a94701e6,"New_news_F_N_F_N_news_csv:{""row_number"": 151}:34d265149189",manual_preserve,manual_preserve_v1,New_news/F&N/F&N_news.csv,9427e9e60fc8b486941763b293f68c936de302c3c6b3af9cc624448c0ae5ad24
NEWS_CANDIDATE_044162_411c3f2d,FNN,,FBM KLCI slips in line with region as Public Bank leads decline,The Star,2024-10-11,https://www.thestar.com.my/business/business-news/2024/10/11/fbm-klci-slips-in-line-with-region-as-public-bank-leads-decline,1779,,,,,wrong_company,"Another target company's strong alias appears, but the row ticker's target alias does not.",No,wrong_company,none,No,No,No,No,Yes,wrong_company,1,0,cb64c86fea75fb55c9742af0b6f5074702e34b649586ead5144e92cfa55d0a2a,"New_news_F_N_F_N_news_csv:{""row_number"": 153}:bba5bc53225b",manual_preserve,manual_preserve_v1,New_news/F&N/F&N_news.csv,9427e9e60fc8b486941763b293f68c936de302c3c6b3af9cc624448c0ae5ad24
NEWS_CANDIDATE_044164_da21d640,FNN,,FBM KLCI dips 5.51 points at midday as Public Bank weighs,The Star,2024-10-11,https://www.thestar.com.my/business/business-news/2024/10/11/fbm-klci-dips-551-points-at-midday-as-public-bank-weighs,2052,,,,,wrong_company,"Another target company's strong alias appears, but the row ticker's target alias does not.",No,wrong_company,none,No,No,No,No,Yes,wrong_company,1,0,b4481549217370236e8590d9ee385d50b68294fc57e22970daf7462373fe6976,"New_news_F_N_F_N_news_csv:{""row_number"": 155}:80bf341dc5c4",manual_preserve,manual_preserve_v1,New_news/F&N/F&N_news.csv,9427e9e60fc8b486941763b293f68c936de302c3c6b3af9cc624448c0ae5ad24
NEWS_CANDIDATE_044165_6f95e024,FNN,,FBM KLCI ends higher amid regional gains; Teh family to reduce Public Bank shareholdings to 10%,The Star,2024-10-10,https://www.thestar.com.my/business/business-news/2024/10/10/fbm-klci-ends-higher-amid-regional-gains-teh-family-to-reduce-public-bank-shareholdings-to-10,3022,,,,,wrong_company,"Another target company's strong alias appears, but the row ticker's target alias does not.",No,wrong_company,none,No,No,No,No,Yes,wrong_company,1,0,cb9ffa7af143cc954c94e460979bd9ab3fa7d7e10a60a79030686b42dcf45523,"New_news_F_N_F_N_news_csv:{""row_number"": 156}:3a21a0f0ca70",manual_preserve,manual_preserve_v1,New_news/F&N/F&N_news.csv,9427e9e60fc8b486941763b293f68c936de302c3c6b3af9cc624448c0ae5ad24
NEWS_CANDIDATE_044166_6cc8ff7f,FNN,,"FBM KLCI sinks deeper at midday, energy stocks gain amid Middle East tensions",The Star,2024-10-04,https://www.thestar.com.my/business/business-news/2024/10/04/fbm-klci-sinks-deeper-at-midday-energy-stocks-gain-amid-middle-east-tensions,2303,,,,,wrong_company,"Another target company's strong alias appears, but the row ticker's target alias does not.",No,wrong_company,none,No,No,No,No,Yes,wrong_company,1,0,65d7ead2d2ca0c15d1b75b5573a1491228a9e2a9561b211b58240d3c2ebfe7b1,"New_news_F_N_F_N_news_csv:{""row_number"": 157}:e49301012e1e",manual_preserve,manual_preserve_v1,New_news/F&N/F&N_news.csv,9427e9e60fc8b486941763b293f68c936de302c3c6b3af9cc624448c0ae5ad24
NEWS_CANDIDATE_044167_5d5a55ae,FNN,,"FBM KLCI reverses early losses, climbs 2.24 points",The Star,2024-10-03,https://www.thestar.com.my/business/business-news/2024/10/03/fbm-klci-reverses-early-losses-climbs-224-points,1576,,,,,wrong_company,"Another target company's strong alias appears, but the row ticker's target alias does not.",No,wrong_company,none,No,No,No,No,Yes,wrong_company,1,0,08f191872542ce3bda57b9af546ef44c932cce569097ca5f4b129745de40418b,"New_news_F_N_F_N_news_csv:{""row_number"": 158}:22f9e178c9f5",manual_preserve,manual_preserve_v1,New_news/F&N/F&N_news.csv,9427e9e60fc8b486941763b293f68c936de302c3c6b3af9cc624448c0ae5ad24
NEWS_CANDIDATE_044170_a6298794,FNN,,Ringgit’s rise is good news for the FBM KLCI,The Star,2024-09-26,https://www.thestar.com.my/business/business-news/2024/09/26/ringgits-rise-is-good-news-for-the-fbm-klci,3820,,,,,wrong_company,"Another target company's strong alias appears, but the row ticker's target alias does not.",No,wrong_company,none,No,No,No,No,Yes,wrong_company,1,0,ec9009a63752960bd6b6dcf57b522f95b58faee99bed11e81f1c8d2965c81c6e,"New_news_F_N_F_N_news_csv:{""row_number"": 161}:1b978fb01712",manual_preserve,manual_preserve_v1,New_news/F&N/F&N_news.csv,9427e9e60fc8b486941763b293f68c936de302c3c6b3af9cc624448c0ae5ad24
NEWS_CANDIDATE_044171_459952f4,FNN,,Constellation of catalysts boosting consumer stocks,The Star,2024-09-26,https://www.thestar.com.my/business/business-news/2024/09/26/constellation-of-catalysts-boosting-consumer-stocks,3092,,,,,wrong_company,"Another target company's strong alias appears, but the row ticker's target alias does not.",No,wrong_company,none,No,No,No,No,Yes,wrong_company,1,0,0019fa8c7220964fa0fb92c5c37421a4927c13bbe7f37ae27ed42efd8298bed5,"New_news_F_N_F_N_news_csv:{""row_number"": 162}:7e441a62ffb8",manual_preserve,manual_preserve_v1,New_news/F&N/F&N_news.csv,9427e9e60fc8b486941763b293f68c936de302c3c6b3af9cc624448c0ae5ad24
NEWS_CANDIDATE_044172_fd706f38,FNN,,Stronger ringgit will lead to upsides for laggards,The Star,2024-09-25,https://www.thestar.com.my/business/business-news/2024/09/25/stronger-ringgit-will-lead-to-upsides-for-laggards,3558,,,,,wrong_company,"Another target company's strong alias appears, but the row ticker's target alias does not.",No,wrong_company,none,No,No,No,No,Yes,wrong_company,1,0,2402566001a9631c960d0fd98a6f5bb615657cffff6e55a15ba085375f68d9ee,"New_news_F_N_F_N_news_csv:{""row_number"": 163}:b5f487389d8b",manual_preserve,manual_preserve_v1,New_news/F&N/F&N_news.csv,9427e9e60fc8b486941763b293f68c936de302c3c6b3af9cc624448c0ae5ad24
NEWS_CANDIDATE_044174_8b2e4b9a,FNN,,Resorts World Genting reveals signing of MoUs worth RM12mil,The Star,2024-09-12,https://www.thestar.com.my/news/nation/2024/09/12/resorts-world-genting-reveals-signing-of-mous-worth-rm12mil,3682,,,,,wrong_company,"Another target company's strong alias appears, but the row ticker's target alias does not.",No,wrong_company,none,No,No,No,No,Yes,wrong_company,1,0,918ff791c584e24be38bd9bd0ad7794cc5f963b659f34b9fffd55028ea85479a,"New_news_F_N_F_N_news_csv:{""row_number"": 165}:603eccaf3fc2",manual_preserve,manual_preserve_v1,New_news/F&N/F&N_news.csv,9427e9e60fc8b486941763b293f68c936de302c3c6b3af9cc624448c0ae5ad24
NEWS_CANDIDATE_044175_bc921d37,FNN,,Minimal impact forecast from proposed sugar tax,The Star,2024-09-12,https://www.thestar.com.my/business/business-news/2024/09/12/minimal-impact-forecast-from-proposed-sugar-tax,3279,,,,,wrong_company,"Another target company's strong alias appears, but the row ticker's target alias does not.",No,wrong_company,none,No,No,No,No,Yes,wrong_company,1,0,623b57f4171c7db2927d52c8a73a8846a46e6340096ccdefac0be63b5b934505,"New_news_F_N_F_N_news_csv:{""row_number"": 166}:212f7f41186c",manual_preserve,manual_preserve_v1,New_news/F&N/F&N_news.csv,9427e9e60fc8b486941763b293f68c936de302c3c6b3af9cc624448c0ae5ad24
NEWS_CANDIDATE_044177_24420d8b,FNN,,FBM KLCI rallies 1.53% to close at nearly fresh 4-year high,The Star,2024-08-30,https://www.thestar.com.my/business/business-news/2024/08/30/fbm-klci-rallies-153-to-close-at-nearly-fresh-4-year-high,2032,,,,,wrong_company,"Another target company's strong alias appears, but the row ticker's target alias does not.",No,wrong_company,none,No,No,No,No,Yes,wrong_company,1,0,4ddefed023f794fe9d1ab7199eda929641468fd695f2d16beac1a81225a2145b,"New_news_F_N_F_N_news_csv:{""row_number"": 168}:a128475a06ad",manual_preserve,manual_preserve_v1,New_news/F&N/F&N_news.csv,9427e9e60fc8b486941763b293f68c936de302c3c6b3af9cc624448c0ae5ad24
NEWS_CANDIDATE_044178_97f300f8,FNN,,FBM KLCI tumbles 21 points on profit-taking; ringgit strengthens to 1.5-year high,The Star,2024-08-29,https://www.thestar.com.my/business/business-news/2024/08/29/fbm-klci-tumbles-21-points-on-profit-taking-ringgit-strengthens-to-15-year-high,1874,,,,,wrong_company,"Another target company's strong alias appears, but the row ticker's target alias does not.",No,wrong_company,none,No,No,No,No,Yes,wrong_company,1,0,d491f7389b4de67bb4634b75afda67b9a71e8b0215bbe3a622b272af97ef6bf3,"New_news_F_N_F_N_news_csv:{""row_number"": 169}:6b71fb30144d",manual_preserve,manual_preserve_v1,New_news/F&N/F&N_news.csv,9427e9e60fc8b486941763b293f68c936de302c3c6b3af9cc624448c0ae5ad24
NEWS_CANDIDATE_044180_aa6d1d4a,FNN,,Bursa Malaysia ends in the red with 888 counters lower,The Star,2024-08-23,https://www.thestar.com.my/business/business-news/2024/08/23/bursa-malaysia-ends-in-the-red-with-888-counters-lower,1774,,,,,wrong_company,"Another target company's strong alias appears, but the row ticker's target alias does not.",No,wrong_company,none,No,No,No,No,Yes,wrong_company,1,0,db16a8ba5b6e382cb97e5d5e25a6aab0a3725bd73a500954f0ac6c4d85f6bf0d,"New_news_F_N_F_N_news_csv:{""row_number"": 171}:99e71fe69ab6",manual_preserve,manual_preserve_v1,New_news/F&N/F&N_news.csv,9427e9e60fc8b486941763b293f68c936de302c3c6b3af9cc624448c0ae5ad24
NEWS_CANDIDATE_044181_23f51dc5,FNN,,Cautious sentiment prevails on local bourse,The Star,2024-08-16,https://www.thestar.com.my/business/business-news/2024/08/16/cautious-sentiment-prevails-on-local-bourse,3931,,,,,wrong_company,"Another target company's strong alias appears, but the row ticker's target alias does not.",No,wrong_company,none,No,No,No,No,Yes,wrong_company,1,0,e6274ddb5c8b9cc3349a41a6203d3f9026d5754e318f8001af8949c70d629b48,"New_news_F_N_F_N_news_csv:{""row_number"": 172}:3897029fd0bc",manual_preserve,manual_preserve_v1,New_news/F&N/F&N_news.csv,9427e9e60fc8b486941763b293f68c936de302c3c6b3af9cc624448c0ae5ad24
NEWS_CANDIDATE_044182_50aab406,FNN,,Bursa Malaysia bounces back into positive territory,The Star,2024-08-14,https://www.thestar.com.my/business/business-news/2024/08/14/bursa-malaysia-bounces-back-into-positive-territory,1358,,,,,wrong_company,"Another target company's strong alias appears, but the row ticker's target alias does not.",No,wrong_company,none,No,No,No,No,Yes,wrong_company,1,0,6b01debeedfc83c53f613b6613622c6ca15a90dba65bd9974b8cee8ca5228c54,"New_news_F_N_F_N_news_csv:{""row_number"": 173}:16c47c7e77e1",manual_preserve,manual_preserve_v1,New_news/F&N/F&N_news.csv,9427e9e60fc8b486941763b293f68c936de302c3c6b3af9cc624448c0ae5ad24
NEWS_CANDIDATE_044183_5ed241ff,FNN,,Investors keep to sidelines in lead up to corporate results,The Star,2024-08-14,https://www.thestar.com.my/business/business-news/2024/08/14/investors-keep-to-sidelines-in-lead-up-to-corporate-results,1145,,,,,wrong_company,"Another target company's strong alias appears, but the row ticker's target alias does not.",No,wrong_company,none,No,No,No,No,Yes,wrong_company,1,0,db3d297066c3a19407c2514414c50d4422e107cf4e22664f4e1ee237944d5024,"New_news_F_N_F_N_news_csv:{""row_number"": 174}:9f40b43410a4",manual_preserve,manual_preserve_v1,New_news/F&N/F&N_news.csv,9427e9e60fc8b486941763b293f68c936de302c3c6b3af9cc624448c0ae5ad24
NEWS_CANDIDATE_044184_73ac6ada,FNN,,FBM KLCI ends on a flat note,The Star,2024-08-15,https://www.thestar.com.my/business/business-news/2024/08/15/fbm-klci-ends-on-a-flat-note,1367,,,,,wrong_company,"Another target company's strong alias appears, but the row ticker's target alias does not.",No,wrong_company,none,No,No,No,No,Yes,wrong_company,1,0,c94ea1b8015b86c9a66bf9648326ea678b764fbfa30dbd1c0afb193816f6e9ee,"New_news_F_N_F_N_news_csv:{""row_number"": 175}:fb7588a09ece",manual_preserve,manual_preserve_v1,New_news/F&N/F&N_news.csv,9427e9e60fc8b486941763b293f68c936de302c3c6b3af9cc624448c0ae5ad24
NEWS_CANDIDATE_044185_0e6da560,FNN,,"FBM KLCI slides on Thursday, tracking overnight Wall Street losses",The Star,2024-08-08,https://www.thestar.com.my/business/business-news/2024/08/08/fbm-klci-slides-on-thursday-tracking-overnight-wall-street-losses,2223,,,,,wrong_company,"Another target company's strong alias appears, but the row ticker's target alias does not.",No,wrong_company,none,No,No,No,No,Yes,wrong_company,1,0,e2019114a3f4420b918fe2cf7515f3e016abc93238f26ef4044f152eb41f4601,"New_news_F_N_F_N_news_csv:{""row_number"": 176}:4d0b69558c96",manual_preserve,manual_preserve_v1,New_news/F&N/F&N_news.csv,9427e9e60fc8b486941763b293f68c936de302c3c6b3af9cc624448c0ae5ad24
NEWS_CANDIDATE_044187_ee49c781,FNN,,"Bursa Malaysia slumps as over 1,000 counters drop",The Star,2024-08-02,https://www.thestar.com.my/business/business-news/2024/08/02/bursa-malaysia-slumps-as-over-1000-counters-drop,2188,,,,,wrong_company,"Another target company's strong alias appears, but the row ticker's target alias does not.",No,wrong_company,none,No,No,No,No,Yes,wrong_company,1,0,0d8c19a681189891a2c3c1449809fb80db3f2e4b354f2894c3d96dd7b4f4bbc8,"New_news_F_N_F_N_news_csv:{""row_number"": 178}:d7c65c47e76c",manual_preserve,manual_preserve_v1,New_news/F&N/F&N_news.csv,9427e9e60fc8b486941763b293f68c936de302c3c6b3af9cc624448c0ae5ad24
NEWS_CANDIDATE_044188_aba6a8e0,FNN,,"Trading ideas: Capital A, MNHB, F&N, CTOS, Pentamaster, YTL REIT, Pekat Group, Mitrajaya, Asdion, GHL Systems",The Star,2024-08-02,https://www.thestar.com.my/business/business-news/2024/08/02/trading-ideas-capital-a-mnhb-fn-ctos-pentamaster-ytl-reit-pekat-group-mitrajaya-asdion-ghl-systems,2682,,,,,wrong_company,"Another target company's strong alias appears, but the row ticker's target alias does not.",No,wrong_company,none,No,No,No,No,Yes,wrong_company,1,0,17434e2aaf06fad099ef3f21ed9c5e611321d9b3eb3c14cf927a784b9e85b759,"New_news_F_N_F_N_news_csv:{""row_number"": 179}:fb601e5d40c6",manual_preserve,manual_preserve_v1,New_news/F&N/F&N_news.csv,9427e9e60fc8b486941763b293f68c936de302c3c6b3af9cc624448c0ae5ad24
NEWS_CANDIDATE_044189_b8ec8df2,FNN,,F&N charts improved earnings in third quarter,The Star,2024-08-02,https://www.thestar.com.my/business/business-news/2024/08/02/fn-charts-improved-earnings-in-third-quarter,1878,,,,,wrong_company,"Another target company's strong alias appears, but the row ticker's target alias does not.",No,wrong_company,none,No,No,No,No,Yes,wrong_company,1,0,d55748abee158c68f4e0e00a043c2ed1fb99781acbf51538646b2423137da378,"New_news_F_N_F_N_news_csv:{""row_number"": 180}:837b0948e974",manual_preserve,manual_preserve_v1,New_news/F&N/F&N_news.csv,9427e9e60fc8b486941763b293f68c936de302c3c6b3af9cc624448c0ae5ad24
NEWS_CANDIDATE_044191_bb0ca9ff,FNN,,"Bursa Malaysia in sea of red as 1,300 counters decline; ringgit rises for 10th straight day",The Star,2024-08-02,https://www.thestar.com.my/business/business-news/2024/08/02/bursa-malaysia-in-sea-of-red-as-1300-counters-decline-ringgit-rises-for-10th-straight-day,1776,,,,,wrong_company,"Another target company's strong alias appears, but the row ticker's target alias does not.",No,wrong_company,none,No,No,No,No,Yes,wrong_company,1,0,32519a7403f435a6591c7326b86116a475f7c3caa41d39d9d72353348dd3ed0e,"New_news_F_N_F_N_news_csv:{""row_number"": 182}:92bc864683a7",manual_preserve,manual_preserve_v1,New_news/F&N/F&N_news.csv,9427e9e60fc8b486941763b293f68c936de302c3c6b3af9cc624448c0ae5ad24
NEWS_CANDIDATE_044193_5426d135,FNN,,"FBM KLCI in the red, ringgit hits one-year high",The Star,2024-08-01,https://www.thestar.com.my/business/business-news/2024/08/01/fbm-klci-in-the-red-ringgit-hits-one-year-high,1477,,,,,wrong_company,"Another target company's strong alias appears, but the row ticker's target alias does not.",No,wrong_company,none,No,No,No,No,Yes,wrong_company,1,0,2f9c23b5bc7706d0366d20eb44c52077384dd83e351abd1f8fa19f80ece510b6,"New_news_F_N_F_N_news_csv:{""row_number"": 184}:04bc0d66ca6b",manual_preserve,manual_preserve_v1,New_news/F&N/F&N_news.csv,9427e9e60fc8b486941763b293f68c936de302c3c6b3af9cc624448c0ae5ad24
NEWS_CANDIDATE_044194_d7c1105e,FNN,,"Bursa Malaysia extends losses, ends week lower",The Star,2024-07-26,https://www.thestar.com.my/business/business-news/2024/07/26/bursa-malaysia-extends-losses-ends-week-lower,1376,,,,,wrong_company,"Another target company's strong alias appears, but the row ticker's target alias does not.",No,wrong_company,none,No,No,No,No,Yes,wrong_company,1,0,a2196cd2425dd05333dd42be7655cfc9d0d764c5077c693847e09de4b061229b,"New_news_F_N_F_N_news_csv:{""row_number"": 185}:29f2e6f91fa3",manual_preserve,manual_preserve_v1,New_news/F&N/F&N_news.csv,9427e9e60fc8b486941763b293f68c936de302c3c6b3af9cc624448c0ae5ad24
NEWS_CANDIDATE_044196_99412936,FNN,,FBM KLCI rises for second day on Fed rate cut optimism,The Star,2024-07-10,https://www.thestar.com.my/business/business-news/2024/07/10/fbm-klci-rises-for-second-day-on-fed-rate-cut-optimism,1450,,,,,wrong_company,"Another target company's strong alias appears, but the row ticker's target alias does not.",No,wrong_company,none,No,No,No,No,Yes,wrong_company,1,0,6db64d97b45f8abba54007d9cef0afc295823917d9fb985d3b7a9ba648e3bcd9,"New_news_F_N_F_N_news_csv:{""row_number"": 187}:9269817433a0",manual_preserve,manual_preserve_v1,New_news/F&N/F&N_news.csv,9427e9e60fc8b486941763b293f68c936de302c3c6b3af9cc624448c0ae5ad24
NEWS_CANDIDATE_044197_24df1880,FNN,,FBM KLCI starts on flattish note ahead of fresh catalysts,The Star,2024-07-10,https://www.thestar.com.my/business/business-news/2024/07/10/fbm-klci-starts-on-flattish-note-ahead-of-fresh-catalysts,1844,,,,,wrong_company,"Another target company's strong alias appears, but the row ticker's target alias does not.",No,wrong_company,none,No,No,No,No,Yes,wrong_company,1,0,1344d4e85d604f707a94b88b320948cb121cd0fbd3e6117fe9ad14415e044b52,"New_news_F_N_F_N_news_csv:{""row_number"": 188}:92f829214438",manual_preserve,manual_preserve_v1,New_news/F&N/F&N_news.csv,9427e9e60fc8b486941763b293f68c936de302c3c6b3af9cc624448c0ae5ad24
NEWS_CANDIDATE_044198_addb5da3,FNN,,FBM KLCI in the red; ringgit rises to 6-month high,The Star,2024-07-12,https://www.thestar.com.my/business/business-news/2024/07/12/fbm-klci-in-the-red-ringgit-rises-to-6-month-high,1662,,,,,wrong_company,"Another target company's strong alias appears, but the row ticker's target alias does not.",No,wrong_company,none,No,No,No,No,Yes,wrong_company,1,0,82b66bea9156ae3595266d0d1b0b4d97253788828a92487e51abfc69da602f34,"New_news_F_N_F_N_news_csv:{""row_number"": 189}:191fee801225",manual_preserve,manual_preserve_v1,New_news/F&N/F&N_news.csv,9427e9e60fc8b486941763b293f68c936de302c3c6b3af9cc624448c0ae5ad24
NEWS_CANDIDATE_044200_182939e9,FNN,,SupportLine,The Star,2024-05-09,https://www.thestar.com.my/business/business-news/2024/05/09/supportline,1724,,,,,wrong_company,"Another target company's strong alias appears, but the row ticker's target alias does not.",No,wrong_company,none,No,No,No,No,Yes,wrong_company,0,0,c63577cc5e550c35f4bef400cef6cf6e186ad5248484b953d220a15da490afa4,"New_news_F_N_F_N_news_csv:{""row_number"": 191}:741e15c162fb",manual_preserve,manual_preserve_v1,New_news/F&N/F&N_news.csv,9427e9e60fc8b486941763b293f68c936de302c3c6b3af9cc624448c0ae5ad24
NEWS_CANDIDATE_044201_b539548c,FNN,,"KLCI dips on profit taking, stays firmly above 1,600 level",The Star,2024-05-08,https://www.thestar.com.my/business/business-news/2024/05/08/klci-dips-on-profit-taking-stays-firmly-above-1600-level,1670,,,,,wrong_company,"Another target company's strong alias appears, but the row ticker's target alias does not.",No,wrong_company,none,No,No,No,No,Yes,wrong_company,1,0,19741d87f991c4a335a0d0addea94fb9d0b0fd670dbe826589d639d442874501,"New_news_F_N_F_N_news_csv:{""row_number"": 192}:4b280e801ab7",manual_preserve,manual_preserve_v1,New_news/F&N/F&N_news.csv,9427e9e60fc8b486941763b293f68c936de302c3c6b3af9cc624448c0ae5ad24
NEWS_CANDIDATE_044202_22dcfae4,FNN,,F&N sees strong consumer demand,The Star,2024-05-02,https://www.thestar.com.my/business/business-news/2024/05/02/fn-sees-strong-consumer-demand,2274,,,,,wrong_company,"Another target company's strong alias appears, but the row ticker's target alias does not.",No,wrong_company,none,No,No,No,No,Yes,wrong_company,1,0,00ef847af496db83752644613128f02c3651268e6a355996d5ce7840eb2f73c6,"New_news_F_N_F_N_news_csv:{""row_number"": 193}:d2e03ba3217f",manual_preserve,manual_preserve_v1,New_news/F&N/F&N_news.csv,9427e9e60fc8b486941763b293f68c936de302c3c6b3af9cc624448c0ae5ad24
NEWS_CANDIDATE_044203_fab9a658,FNN,,"Trading ideas: Duopharma, Bursa Malaysia, SEGi, Capital A, Rimbunan Sawit, Tasco, Atrium REIT, KSL, GUH, Mentiga and F&N",The Star,2024-05-02,https://www.thestar.com.my/business/business-news/2024/05/02/trading-ideas-duopharma-bursa-malaysia-segi-capital-a-rimbunan-sawit-tasco-atrium-reit-ksl-guh-mentiga-and-fn,2447,,,,,wrong_company,"Another target company's strong alias appears, but the row ticker's target alias does not.",No,wrong_company,none,No,No,No,No,Yes,wrong_company,1,0,be3f6e7ff47cbbdd43e36076ce41859b720a68be2c1d0eaf6ecaddff8230d5b8,"New_news_F_N_F_N_news_csv:{""row_number"": 194}:b338fe7b9e67",manual_preserve,manual_preserve_v1,New_news/F&N/F&N_news.csv,9427e9e60fc8b486941763b293f68c936de302c3c6b3af9cc624448c0ae5ad24
NEWS_CANDIDATE_044204_08ffe3e2,FNN,,F&N mindful of prospects despite a strong 1H24,The Star,2024-05-01,https://www.thestar.com.my/business/business-news/2024/05/01/fn-mindful-of-prospects-despite-a-strong-1h24,2121,,,,,wrong_company,"Another target company's strong alias appears, but the row ticker's target alias does not.",No,wrong_company,none,No,No,No,No,Yes,wrong_company,1,0,49180d6f71a64b4b086796e5b8dcaec59118f8758ea2ce80a90f9b3a38faa6e5,"New_news_F_N_F_N_news_csv:{""row_number"": 195}:a02cd6e8a994",manual_preserve,manual_preserve_v1,New_news/F&N/F&N_news.csv,9427e9e60fc8b486941763b293f68c936de302c3c6b3af9cc624448c0ae5ad24
NEWS_CANDIDATE_044205_95b8e0a9,FNN,,F&N profit jumps 63.5% in 2Q on the back of higher revenue,The Star,2024-04-30,https://www.thestar.com.my/business/business-news/2024/04/30/fn-profit-jumps-635-in-2q-on-the-back-of-higher-revenue,2417,,,,,wrong_company,"Another target company's strong alias appears, but the row ticker's target alias does not.",No,wrong_company,none,No,No,No,No,Yes,wrong_company,1,0,e3b5b227ff818a555c9b2811b4f0a1bc1f621b45e41203b633a1fc3f92545fa3,"New_news_F_N_F_N_news_csv:{""row_number"": 196}:ba59f20c184b",manual_preserve,manual_preserve_v1,New_news/F&N/F&N_news.csv,9427e9e60fc8b486941763b293f68c936de302c3c6b3af9cc624448c0ae5ad24
NEWS_CANDIDATE_044206_f36e6f0e,FNN,,Consumer companies likely to face a mixed year,The Star,2024-04-24,https://www.thestar.com.my/business/business-news/2024/04/24/consumer-companies-likely-to-face-a-mixed-year,3634,,,,,wrong_company,"Another target company's strong alias appears, but the row ticker's target alias does not.",No,wrong_company,none,No,No,No,No,Yes,wrong_company,1,0,3f68168f3894f329aad04196d2458c48615fe7f559d5eab9bd06d8cacafcaa2f,"New_news_F_N_F_N_news_csv:{""row_number"": 197}:577e62915fb6",manual_preserve,manual_preserve_v1,New_news/F&N/F&N_news.csv,9427e9e60fc8b486941763b293f68c936de302c3c6b3af9cc624448c0ae5ad24
NEWS_CANDIDATE_044207_4691f37d,FNN,,Higher OOH beverage consumption a boon for F&N,The Star,2024-04-18,https://www.thestar.com.my/business/business-news/2024/04/18/higher-ooh-beverage-consumption-a-boon-for-fn,2844,,,,,wrong_company,"Another target company's strong alias appears, but the row ticker's target alias does not.",No,wrong_company,none,No,No,No,No,Yes,wrong_company,1,0,d790bb20315a65b8b2ec318164544d6f9ff94a4fe5c90ebac9d5ce43a654f06c,"New_news_F_N_F_N_news_csv:{""row_number"": 198}:92025fdb2e4a",manual_preserve,manual_preserve_v1,New_news/F&N/F&N_news.csv,9427e9e60fc8b486941763b293f68c936de302c3c6b3af9cc624448c0ae5ad24
NEWS_CANDIDATE_044208_1af95d0a,FNN,,FBM KLCI's rebound fizzles,The Star,2024-04-17,https://www.thestar.com.my/business/business-news/2024/04/17/fbm-klci039s-rebound-fizzles,1873,,,,,wrong_company,"Another target company's strong alias appears, but the row ticker's target alias does not.",No,wrong_company,none,No,No,No,No,Yes,wrong_company,1,0,49c0f0f71f7bc3145c8366aa15883ae2827fbf741ba875cb861bf4fa7e570031,"New_news_F_N_F_N_news_csv:{""row_number"": 199}:f315ab4f11e8",manual_preserve,manual_preserve_v1,New_news/F&N/F&N_news.csv,9427e9e60fc8b486941763b293f68c936de302c3c6b3af9cc624448c0ae5ad24
NEWS_CANDIDATE_044209_780a1a1a,FNN,,"PJ folk told to recycle, reuse",The Star,2024-04-18,https://www.thestar.com.my/metro/metro-news/2024/04/18/pj-folk-told-to-recycle-reuse,3173,,,,,wrong_company,"Another target company's strong alias appears, but the row ticker's target alias does not.",No,wrong_company,none,No,No,No,No,Yes,wrong_company,1,0,1a08da6aa3519536ec78df7387f981881a2d058c102bb457e468f67458d32c71,"New_news_F_N_F_N_news_csv:{""row_number"": 200}:ecfecf270953",manual_preserve,manual_preserve_v1,New_news/F&N/F&N_news.csv,9427e9e60fc8b486941763b293f68c936de302c3c6b3af9cc624448c0ae5ad24
NEWS_CANDIDATE_044210_fc165720,FNN,,FBM KLCI enters lunch break in positive territory,The Star,2024-04-08,https://www.thestar.com.my/business/business-news/2024/04/08/fbm-klci-enters-lunch-break-in-positive-territory,1201,,,,,wrong_company,"Another target company's strong alias appears, but the row ticker's target alias does not.",No,wrong_company,none,No,No,No,No,Yes,wrong_company,1,0,776e90c6c776c0a7e61d60d43b1c91e07db9d8b45dce98b5175fcabd65b60371,"New_news_F_N_F_N_news_csv:{""row_number"": 201}:7e4f21297df5",manual_preserve,manual_preserve_v1,New_news/F&N/F&N_news.csv,9427e9e60fc8b486941763b293f68c936de302c3c6b3af9cc624448c0ae5ad24
NEWS_CANDIDATE_044211_af0af4ea,FNN,,Bursa Malaysia dips ahead of Raya holiday,The Star,2024-04-09,https://www.thestar.com.my/business/business-news/2024/04/09/bursa-malaysia-dips-ahead-of-raya-holiday,1917,,,,,wrong_company,"Another target company's strong alias appears, but the row ticker's target alias does not.",No,wrong_company,none,No,No,No,No,Yes,wrong_company,1,0,0e8c13643f190375ff4b4e3e76dc899905dee7112649a258f6c9380d1ab813fb,"New_news_F_N_F_N_news_csv:{""row_number"": 202}:e35051f1d82a",manual_preserve,manual_preserve_v1,New_news/F&N/F&N_news.csv,9427e9e60fc8b486941763b293f68c936de302c3c6b3af9cc624448c0ae5ad24
NEWS_CANDIDATE_044212_99ea5b20,FNN,,"FBM KLCI extends gains, consumer stocks in focus",The Star,2024-04-02,https://www.thestar.com.my/business/business-news/2024/04/02/fbm-klci-extends-gains-consumer-stocks-in-focus,1815,,,,,wrong_company,"Another target company's strong alias appears, but the row ticker's target alias does not.",No,wrong_company,none,No,No,No,No,Yes,wrong_company,1,0,636227e5bb0ec9a1f70a62294b8795019276518e24ffadcffe5c6aa65bff8f6f,"New_news_F_N_F_N_news_csv:{""row_number"": 203}:c9957729c3b2",manual_preserve,manual_preserve_v1,New_news/F&N/F&N_news.csv,9427e9e60fc8b486941763b293f68c936de302c3c6b3af9cc624448c0ae5ad24
NEWS_CANDIDATE_044213_d1f5c65b,FNN,,FBM KLCI rallies after slow start,The Star,2024-04-02,https://www.thestar.com.my/business/business-news/2024/04/02/fbm-klci-rallies-after-slow-start,1042,,,,,wrong_company,"Another target company's strong alias appears, but the row ticker's target alias does not.",No,wrong_company,none,No,No,No,No,Yes,wrong_company,1,0,d693efdbac8be1308f44c11736e650cc7b2750cdc50f180e7cb16150202aa4bf,"New_news_F_N_F_N_news_csv:{""row_number"": 204}:3b65e30945d4",manual_preserve,manual_preserve_v1,New_news/F&N/F&N_news.csv,9427e9e60fc8b486941763b293f68c936de302c3c6b3af9cc624448c0ae5ad24
NEWS_CANDIDATE_044214_aca06664,FNN,,FBM KLCI sees mild pull back as upbeat sentiment takes a breather,The Star,2024-04-02,https://www.thestar.com.my/business/business-news/2024/04/02/fbm-klci-sees-mild-pull-back-as-upbeat-sentiment-takes-a-breather,2003,,,,,wrong_company,"Another target company's strong alias appears, but the row ticker's target alias does not.",No,wrong_company,none,No,No,No,No,Yes,wrong_company,1,0,de5cbfb8b494771fc5f2d7a31be510c16fa333816a1b49ccb9ceabfe0111787e,"New_news_F_N_F_N_news_csv:{""row_number"": 205}:b012c2c67b6f",manual_preserve,manual_preserve_v1,New_news/F&N/F&N_news.csv,9427e9e60fc8b486941763b293f68c936de302c3c6b3af9cc624448c0ae5ad24
NEWS_CANDIDATE_044215_ff04d5db,FNN,,FBM KLCI jumps on improved global growth outlook,The Star,2024-04-04,https://www.thestar.com.my/business/business-news/2024/04/04/fbm-klci-jumps-on-improved-global-growth-outlook,1324,,,,,wrong_company,"Another target company's strong alias appears, but the row ticker's target alias does not.",No,wrong_company,none,No,No,No,No,Yes,wrong_company,1,0,3348054ad1eb45a78346a843956552d6fbe7c4441e1a88ec5327d958edcf940c,"New_news_F_N_F_N_news_csv:{""row_number"": 206}:5f4178c5bfe7",manual_preserve,manual_preserve_v1,New_news/F&N/F&N_news.csv,9427e9e60fc8b486941763b293f68c936de302c3c6b3af9cc624448c0ae5ad24
NEWS_CANDIDATE_044218_12dc35b3,FNN,,"FBM KLCI out of losing streak, up 5.62 points",The Star,2024-03-21,https://www.thestar.com.my/business/business-news/2024/03/21/fbm-klci-out-of-losing-streak-up-562-points,1484,,,,,wrong_company,"Another target company's strong alias appears, but the row ticker's target alias does not.",No,wrong_company,none,No,No,No,No,Yes,wrong_company,1,0,d584b02fad3bc5f62c4dffc802520f9921edd32d61c5c784c57598b5e9aac73a,"New_news_F_N_F_N_news_csv:{""row_number"": 209}:9042776bad28",manual_preserve,manual_preserve_v1,New_news/F&N/F&N_news.csv,9427e9e60fc8b486941763b293f68c936de302c3c6b3af9cc624448c0ae5ad24
NEWS_CANDIDATE_044219_b9808a32,FNN,,Bursa Malaysia extends losses to close lower,The Star,2024-03-20,https://www.thestar.com.my/business/business-news/2024/03/20/bursa-malaysia-extends-losses-to-close-lower,1454,,,,,wrong_company,"Another target company's strong alias appears, but the row ticker's target alias does not.",No,wrong_company,none,No,No,No,No,Yes,wrong_company,1,0,949ab3fcb2c1f6aad667b2b57ec95d21a72ae3acc9f071a90043c02b02a565c8,"New_news_F_N_F_N_news_csv:{""row_number"": 210}:c7179270798b",manual_preserve,manual_preserve_v1,New_news/F&N/F&N_news.csv,9427e9e60fc8b486941763b293f68c936de302c3c6b3af9cc624448c0ae5ad24
NEWS_CANDIDATE_044221_c8f230ea,FNN,,FBM KLCI rises amid broader market weakness,The Star,2024-03-12,https://www.thestar.com.my/business/business-news/2024/03/12/fbm-klci-rises-amid-broader-market-weakness,1514,,,,,wrong_company,"Another target company's strong alias appears, but the row ticker's target alias does not.",No,wrong_company,none,No,No,No,No,Yes,wrong_company,1,0,1235c47f4c4c91694937e6f4e5db2294676b94cc83237f71f73c2013fcceaf66,"New_news_F_N_F_N_news_csv:{""row_number"": 212}:9d55c7f97a1c",manual_preserve,manual_preserve_v1,New_news/F&N/F&N_news.csv,9427e9e60fc8b486941763b293f68c936de302c3c6b3af9cc624448c0ae5ad24
NEWS_CANDIDATE_044222_590cc613,FNN,,FBM KLCI dips on lack of buying impetus,The Star,2024-03-06,https://www.thestar.com.my/business/business-news/2024/03/06/fbm-klci-dips-on-lack-of-buying-impetus,2711,,,,,wrong_company,"Another target company's strong alias appears, but the row ticker's target alias does not.",No,wrong_company,none,No,No,No,No,Yes,wrong_company,1,0,106ff145ce38a8e8d9fe6aeb83270d25d051d2072e1e6e3ad27ad99e412a158a,"New_news_F_N_F_N_news_csv:{""row_number"": 213}:b5d942a9cee7",manual_preserve,manual_preserve_v1,New_news/F&N/F&N_news.csv,9427e9e60fc8b486941763b293f68c936de302c3c6b3af9cc624448c0ae5ad24
NEWS_CANDIDATE_044223_edbc0d1d,FNN,,Bursa Malaysia lower on absence of fresh leads,The Star,2024-03-06,https://www.thestar.com.my/business/business-news/2024/03/06/bursa-malaysia-lower-on-absence-of-fresh-leads,2064,,,,,wrong_company,"Another target company's strong alias appears, but the row ticker's target alias does not.",No,wrong_company,none,No,No,No,No,Yes,wrong_company,1,0,468338584922c28721047638655e3c260222b2c649622775f4cac35bc6162e86,"New_news_F_N_F_N_news_csv:{""row_number"": 214}:5825e349f265",manual_preserve,manual_preserve_v1,New_news/F&N/F&N_news.csv,9427e9e60fc8b486941763b293f68c936de302c3c6b3af9cc624448c0ae5ad24
NEWS_CANDIDATE_044224_c862b114,FNN,,Food and beverage firm brings smiles to over 500 needy folk across country,The Star,2024-03-05,https://www.thestar.com.my/metro/metro-news/2024/03/05/food-and-beverage-firm-brings-smiles-to-over-500-needy-folk-across-country,2156,,,,,wrong_company,"Another target company's strong alias appears, but the row ticker's target alias does not.",No,wrong_company,none,No,No,No,No,Yes,wrong_company,1,0,8483b443caea4c5adf7d04e5a282db75e08c1700a40b434b8c9374a9d5e6f571,"New_news_F_N_F_N_news_csv:{""row_number"": 215}:3c96477ef6fa",manual_preserve,manual_preserve_v1,New_news/F&N/F&N_news.csv,9427e9e60fc8b486941763b293f68c936de302c3c6b3af9cc624448c0ae5ad24
NEWS_CANDIDATE_044225_78d9abdb,FNN,,"Trading ideas: F&N, Hume Cement, GFM, APB, Uzma, Carimin, Priceworth and Hektar REIT",The Star,2024-02-16,https://www.thestar.com.my/business/business-news/2024/02/16/trading-ideas-fn-hume-cement-gfm-apb-uzma-carimin-priceworth-and-hektar-reit,1788,,,,,wrong_company,"Another target company's strong alias appears, but the row ticker's target alias does not.",No,wrong_company,none,No,No,No,No,Yes,wrong_company,0,0,ee915a5d86852b854d4569eedd30dcabce9e54d807b382658adda5682d3ecf65,"New_news_F_N_F_N_news_csv:{""row_number"": 216}:fb584744a847",manual_preserve,manual_preserve_v1,New_news/F&N/F&N_news.csv,9427e9e60fc8b486941763b293f68c936de302c3c6b3af9cc624448c0ae5ad24
NEWS_CANDIDATE_044226_ac1a0f42,FNN,,F&N in Cambodian land deal,The Star,2024-02-16,https://www.thestar.com.my/business/business-news/2024/02/16/fn-in-cambodian-land-deal,469,,,,,wrong_company,"Another target company's strong alias appears, but the row ticker's target alias does not.",No,wrong_company,none,No,No,No,No,Yes,wrong_company,1,0,6fdbfa44adf11892b9e5722d9796b7fd699cb970599e6730b49ac5951faacd65,"New_news_F_N_F_N_news_csv:{""row_number"": 217}:3b4ae87a0be5",manual_preserve,manual_preserve_v1,New_news/F&N/F&N_news.csv,9427e9e60fc8b486941763b293f68c936de302c3c6b3af9cc624448c0ae5ad24
NEWS_CANDIDATE_044227_585eb788,FNN,,Bursa Malaysia enjoys post-CNY rally; KLCI at 20-month high,The Star,2024-02-13,https://www.thestar.com.my/business/business-news/2024/02/13/bursa-malaysia-enjoys-post-cny-rally-klci-at-20-month-high,1827,,,,,wrong_company,"Another target company's strong alias appears, but the row ticker's target alias does not.",No,wrong_company,none,No,No,No,No,Yes,wrong_company,1,0,933ff7b725a297fb8f98fee665c67f966f340c19d00a458dbfc0a0a5f776158c,"New_news_F_N_F_N_news_csv:{""row_number"": 218}:03480bdf04da",manual_preserve,manual_preserve_v1,New_news/F&N/F&N_news.csv,9427e9e60fc8b486941763b293f68c936de302c3c6b3af9cc624448c0ae5ad24
NEWS_CANDIDATE_044228_7eabd1e6,FNN,,"Profit-taking in the market, KLCI down 0.13%",The Star,2024-02-14,https://www.thestar.com.my/business/business-news/2024/02/14/profit-taking-in-the-market-klci-down-013,1080,,,,,wrong_company,"Another target company's strong alias appears, but the row ticker's target alias does not.",No,wrong_company,none,No,No,No,No,Yes,wrong_company,1,0,d32a9d5ce24b948b88aa37cbb98d6da6773a5289a52156ccc82b769de965a9f1,"New_news_F_N_F_N_news_csv:{""row_number"": 219}:f499d1b61bd7",manual_preserve,manual_preserve_v1,New_news/F&N/F&N_news.csv,9427e9e60fc8b486941763b293f68c936de302c3c6b3af9cc624448c0ae5ad24
NEWS_CANDIDATE_044229_0164472f,FNN,,Paper dragons a symbol of unity,The Star,2024-02-06,https://www.thestar.com.my/metro/metro-news/2024/02/06/paper-dragons-a-symbol-of-unity,2331,,,,,wrong_company,"Another target company's strong alias appears, but the row ticker's target alias does not.",No,wrong_company,none,No,No,No,No,Yes,wrong_company,1,0,7131f717f27e95f9fe7f2ca5836dbe86e7c7ef888890f46f88d126cbeb79e1f5,"New_news_F_N_F_N_news_csv:{""row_number"": 220}:6ee11b4bfb61",manual_preserve,manual_preserve_v1,New_news/F&N/F&N_news.csv,9427e9e60fc8b486941763b293f68c936de302c3c6b3af9cc624448c0ae5ad24
NEWS_CANDIDATE_044431_ae9b8820,GHS,,Consumer sector posts ESG compliance gains,The Star,2025-12-25,https://www.thestar.com.my/business/business-news/2025/12/25/consumer-sector-posts-esg-compliance-gains,3444,,,,,wrong_company,"Another target company's strong alias appears, but the row ticker's target alias does not.",No,wrong_company,none,No,No,No,No,Yes,wrong_company,1,0,16291ec71c723d0447c15c1c869b9a88b5304c6a49dfe452a8564c58886d8a30,"New_news_GHS_GHS_news_csv:{""row_number"": 26}:26fdd3b953a7",manual_preserve,manual_preserve_v1,New_news/GHS/GHS_news.csv,48cf7e1196d4356957f6fd072d941e10fc7543d92437a6b5fba6dbecefb4eddb
NEWS_CANDIDATE_044461_f1e08185,GHS,,Bursa Malaysia reverses earlier losses to close higher,The Star,2025-12-18,https://www.thestar.com.my/business/business-news/2025/12/18/bursa-malaysia-reverses-earlier-losses-to-close-higher,3940,,,,,wrong_company,"Another target company's strong alias appears, but the row ticker's target alias does not.",No,wrong_company,none,No,No,No,No,Yes,wrong_company,1,0,e88d458b8e30767857b59ee4d496a02cc85d5be03bc0baaf1d40a1bf30a65d87,"New_news_GHS_GHS_news_csv:{""row_number"": 56}:da69f07bb24c",manual_preserve,manual_preserve_v1,New_news/GHS/GHS_news.csv,48cf7e1196d4356957f6fd072d941e10fc7543d92437a6b5fba6dbecefb4eddb
NEWS_CANDIDATE_044491_cff53537,GHS,,FBM KLCI extends gains at midday amid broad market strength,The Star,2025-12-12,https://www.thestar.com.my/business/business-news/2025/12/12/fbm-klci-extends-gains-at-midday-amid-broad-market-strength,1619,,,,,wrong_company,"Another target company's strong alias appears, but the row ticker's target alias does not.",No,wrong_company,none,No,No,No,No,Yes,wrong_company,1,0,14330ec54692c9e972bbcfedad5c210f5d964889832f8b1a02ce1c99432b9ffd,"New_news_GHS_GHS_news_csv:{""row_number"": 86}:7605808f0c22",manual_preserve,manual_preserve_v1,New_news/GHS/GHS_news.csv,48cf7e1196d4356957f6fd072d941e10fc7543d92437a6b5fba6dbecefb4eddb
NEWS_CANDIDATE_044516_a2127697,GHS,,Consumer staples lead growth in 3Q25 period,The Star,2025-12-04,https://www.thestar.com.my/business/business-news/2025/12/04/consumer-staples-lead-growth-in-3q25-period,2111,,,,,wrong_company,"Another target company's strong alias appears, but the row ticker's target alias does not.",No,wrong_company,none,No,No,No,No,Yes,wrong_company,1,0,96a528845f947f6349b884ac55fa46ecbe9ddb415ba2bf2e7040a0142c870cf1,"New_news_GHS_GHS_news_csv:{""row_number"": 111}:7e141f35f127",manual_preserve,manual_preserve_v1,New_news/GHS/GHS_news.csv,48cf7e1196d4356957f6fd072d941e10fc7543d92437a6b5fba6dbecefb4eddb
NEWS_CANDIDATE_044521_a282c509,GHS,,Bursa Malaysia weaker at midday amid cautious trading,The Star,2025-12-04,https://www.thestar.com.my/business/business-news/2025/12/04/bursa-malaysia-weaker-at-midday-amid-cautious-trading,2021,,,,,wrong_company,"Another target company's strong alias appears, but the row ticker's target alias does not.",No,wrong_company,none,No,No,No,No,Yes,wrong_company,1,0,51d9dc812d20631dd9c002e9915d6c2619b561953a33cfc192b281bcc463092a,"New_news_GHS_GHS_news_csv:{""row_number"": 116}:4fab3eb4d6de",manual_preserve,manual_preserve_v1,New_news/GHS/GHS_news.csv,48cf7e1196d4356957f6fd072d941e10fc7543d92437a6b5fba6dbecefb4eddb
NEWS_CANDIDATE_044612_21c130b1,GHS,,Cautious optimism outlines 3Q results season,The Star,2025-10-30,https://www.thestar.com.my/business/business-news/2025/10/30/cautious-optimism-outlines-3q-results-season,6087,,,,,wrong_company,"Another target company's strong alias appears, but the row ticker's target alias does not.",No,wrong_company,none,No,No,No,No,Yes,wrong_company,1,0,ec78e0e2d26677a4b7c8cf8293354d4ce6326871a650247b2ed32c6a4f56690c,"New_news_GHS_GHS_news_csv:{""row_number"": 207}:4b806da4dd03",manual_preserve,manual_preserve_v1,New_news/GHS/GHS_news.csv,48cf7e1196d4356957f6fd072d941e10fc7543d92437a6b5fba6dbecefb4eddb
NEWS_CANDIDATE_044652_4e131848,GHS,,FBM KLCI edges lower as investors stay cautious despite stronger GDP and trade data,The Star,2025-10-17,https://www.thestar.com.my/business/business-news/2025/10/17/fbm-klci-edges-lower-as-investors-stay-cautious-despite-stronger-gdp-and-trade-data,2348,,,,,wrong_company,"Another target company's strong alias appears, but the row ticker's target alias does not.",No,wrong_company,none,No,No,No,No,Yes,wrong_company,1,0,6a068251790c60c965f7ddb2fc72646ffc20f52c5d78918129cc66ed3150d88d,"New_news_GHS_GHS_news_csv:{""row_number"": 247}:c835e3a081d9",manual_preserve,manual_preserve_v1,New_news/GHS/GHS_news.csv,48cf7e1196d4356957f6fd072d941e10fc7543d92437a6b5fba6dbecefb4eddb
NEWS_CANDIDATE_044656_c2963b11,GHS,,FBM KLCI edges higher amid mixed market sentiments,The Star,2025-10-15,https://www.thestar.com.my/business/business-news/2025/10/15/fbm-klci-edges-higher-amid-mixed-market-sentiments,1971,,,,,wrong_company,"Another target company's strong alias appears, but the row ticker's target alias does not.",No,wrong_company,none,No,No,No,No,Yes,wrong_company,1,0,5ae30b68df3487ffa4e55c0a64b40fce34d8502da04f62a3a8e5729860f2ba66,"New_news_GHS_GHS_news_csv:{""row_number"": 251}:b5530c383f52",manual_preserve,manual_preserve_v1,New_news/GHS/GHS_news.csv,48cf7e1196d4356957f6fd072d941e10fc7543d92437a6b5fba6dbecefb4eddb
NEWS_CANDIDATE_044663_d11b6899,GHS,,"FBM KLCI rises amid US rate cut optimism, firmer gold prices",The Star,2025-10-16,https://www.thestar.com.my/business/business-news/2025/10/16/fbm-klci-rises-amid-us-rate-cut-optimism-firmer-gold-prices,1637,,,,,wrong_company,"Another target company's strong alias appears, but the row ticker's target alias does not.",No,wrong_company,none,No,No,No,No,Yes,wrong_company,1,0,3662c1a7c794217c3aaca6184224d5cd7433b56ddf6f7a1366f2ebd5e5ed49a6,"New_news_GHS_GHS_news_csv:{""row_number"": 258}:a29e8ea5a3f3",manual_preserve,manual_preserve_v1,New_news/GHS/GHS_news.csv,48cf7e1196d4356957f6fd072d941e10fc7543d92437a6b5fba6dbecefb4eddb
NEWS_CANDIDATE_044710_1d58bbd5,GHS,,SupportLine,The Star,2025-10-02,https://www.thestar.com.my/business/business-news/2025/10/02/supportline,1689,,,,,wrong_company,"Another target company's strong alias appears, but the row ticker's target alias does not.",No,wrong_company,none,No,No,No,No,Yes,wrong_company,1,0,e03187a6a233b5a2a838e9ca2840f35df396a18e0f9d46269dd487e6dc68c27d,"New_news_GHS_GHS_news_csv:{""row_number"": 305}:71fe6573ffdc",manual_preserve,manual_preserve_v1,New_news/GHS/GHS_news.csv,48cf7e1196d4356957f6fd072d941e10fc7543d92437a6b5fba6dbecefb4eddb
NEWS_CANDIDATE_044747_4bd02fcf,GHS,,FBM KLCI flat at midday after seesaw trade,The Star,2025-09-19,https://www.thestar.com.my/business/business-news/2025/09/19/fbm-klci-flat-at-midday-after-seesaw-trade,2005,,,,,wrong_company,"Another target company's strong alias appears, but the row ticker's target alias does not.",No,wrong_company,none,No,No,No,No,Yes,wrong_company,1,0,636e6d3d7489ef251d40a26680a1937927a6b13e523eb49795863940bf398d2d,"New_news_GHS_GHS_news_csv:{""row_number"": 342}:909c3457d9b1",manual_preserve,manual_preserve_v1,New_news/GHS/GHS_news.csv,48cf7e1196d4356957f6fd072d941e10fc7543d92437a6b5fba6dbecefb4eddb
NEWS_CANDIDATE_044778_ce4768c9,GHS,,FBM KLCI stays steady as Wall Street hits record highs,The Star,2025-09-12,https://www.thestar.com.my/business/business-news/2025/09/12/fbm-klci-stays-steady-as-wall-street-hits-record-highs,2397,,,,,wrong_company,"Another target company's strong alias appears, but the row ticker's target alias does not.",No,wrong_company,none,No,No,No,No,Yes,wrong_company,1,0,4943a3f768e9994a91075cc733766fb13a349c0af37f81c36a2dbfa7079afc4f,"New_news_GHS_GHS_news_csv:{""row_number"": 373}:b635ab18b841",manual_preserve,manual_preserve_v1,New_news/GHS/GHS_news.csv,48cf7e1196d4356957f6fd072d941e10fc7543d92437a6b5fba6dbecefb4eddb
NEWS_CANDIDATE_044838_e357a6ad,GHS,,Investors pile into stocks as US rate cut hopes soar,The Star,2025-08-13,https://www.thestar.com.my/business/business-news/2025/08/13/investors-pile-into-stocks-as-us-rate-cut-hopes-soar,1958,,,,,wrong_company,"Another target company's strong alias appears, but the row ticker's target alias does not.",No,wrong_company,none,No,No,No,No,Yes,wrong_company,1,0,d514a069e2f511083cdf851b45c9371090523374f30361f4fb621e4d0348a2e8,"New_news_GHS_GHS_news_csv:{""row_number"": 433}:739e3ab8b196",manual_preserve,manual_preserve_v1,New_news/GHS/GHS_news.csv,48cf7e1196d4356957f6fd072d941e10fc7543d92437a6b5fba6dbecefb4eddb
NEWS_CANDIDATE_044949_969b1ca9,GHS,,FBM KLCI slips on early profit-taking; TNB drags index after RM1.25bil tax ruling,The Star,2025-07-03,https://www.thestar.com.my/business/business-news/2025/07/03/fbm-klci-slips-on-early-profit-taking-tnb-drags-index-after-rm125bil-tax-ruling,1659,,,,,wrong_company,"Another target company's strong alias appears, but the row ticker's target alias does not.",No,wrong_company,none,No,No,No,No,Yes,wrong_company,1,0,fcc0e68256f6354a530260b6ae729626c2468788a661aa462c6c29176742c88e,"New_news_GHS_GHS_news_csv:{""row_number"": 544}:dc501acb6451",manual_preserve,manual_preserve_v1,New_news/GHS/GHS_news.csv,48cf7e1196d4356957f6fd072d941e10fc7543d92437a6b5fba6dbecefb4eddb
NEWS_CANDIDATE_045062_7ad0baac,GHS,,SupportLine,The Star,2025-05-23,https://www.thestar.com.my/business/business-news/2025/05/23/supportline,1751,,,,,wrong_company,"Another target company's strong alias appears, but the row ticker's target alias does not.",No,wrong_company,none,No,No,No,No,Yes,wrong_company,0,0,141f09a17f13882c1d520844fdb7f8421830d936fa39dd7ffd37c62f7317a1bd,"New_news_GHS_GHS_news_csv:{""row_number"": 657}:6bce25ae4fa1",manual_preserve,manual_preserve_v1,New_news/GHS/GHS_news.csv,48cf7e1196d4356957f6fd072d941e10fc7543d92437a6b5fba6dbecefb4eddb
NEWS_CANDIDATE_045401_00884810,GHS,,Consumer product counters to benefit from higher wages,The Star,2025-01-08,https://www.thestar.com.my/business/business-news/2025/01/08/consumer-product-counters-to-benefit-from-higher-wages,2325,,,,,wrong_company,"Another target company's strong alias appears, but the row ticker's target alias does not.",No,wrong_company,none,No,No,No,No,Yes,wrong_company,1,0,eebdd1438b68a12467e9f3b95eed585c31c8173804d9a38c720289cc4e79f1dc,"New_news_GHS_GHS_news_csv:{""row_number"": 996}:7b3beaa95c8d",manual_preserve,manual_preserve_v1,New_news/GHS/GHS_news.csv,48cf7e1196d4356957f6fd072d941e10fc7543d92437a6b5fba6dbecefb4eddb
NEWS_CANDIDATE_045521_7b7418a3,GHS,,SupportLine,The Star,2024-11-15,https://www.thestar.com.my/business/business-news/2024/11/15/supportline,1659,,,,,wrong_company,"Another target company's strong alias appears, but the row ticker's target alias does not.",No,wrong_company,none,No,No,No,No,Yes,wrong_company,0,0,7c5a6e53066010542ba521665fb3afc4e496096f10cf9c610f4c5ec3e4a67419,"New_news_GHS_GHS_news_csv:{""row_number"": 1116}:a69e4c726be6",manual_preserve,manual_preserve_v1,New_news/GHS/GHS_news.csv,48cf7e1196d4356957f6fd072d941e10fc7543d92437a6b5fba6dbecefb4eddb
NEWS_CANDIDATE_045560_cbba8cdd,GHS,,"FBM KLCI gains in early trade, tracking Wall Street rally after Fed rate cut",The Star,2024-11-08,https://www.thestar.com.my/business/business-news/2024/11/08/fbm-klci-gains-in-early-trade-tracking-wall-street-rally-after-fed-rate-cut,2164,,,,,wrong_company,"Another target company's strong alias appears, but the row ticker's target alias does not.",No,wrong_company,none,No,No,No,No,Yes,wrong_company,1,0,0b5ff653fb3e55359a8efceefcb9d616109c5ab82fc42d3440435bb2e5a6acb3,"New_news_GHS_GHS_news_csv:{""row_number"": 1155}:b25214269d28",manual_preserve,manual_preserve_v1,New_news/GHS/GHS_news.csv,48cf7e1196d4356957f6fd072d941e10fc7543d92437a6b5fba6dbecefb4eddb
NEWS_CANDIDATE_045564_2956b583,GHS,,"FBM KLCI opens higher, then slides on profit-taking",The Star,2024-11-07,https://www.thestar.com.my/business/business-news/2024/11/07/fbm-klci-opens-higher-then-slides-on-profit-taking,2768,,,,,wrong_company,"Another target company's strong alias appears, but the row ticker's target alias does not.",No,wrong_company,none,No,No,No,No,Yes,wrong_company,1,0,3847e2caf56569b7eec1d294391fae0b3820141b7f8f441ac752fef1c236bb2c,"New_news_GHS_GHS_news_csv:{""row_number"": 1159}:d13e6f6b9a4f",manual_preserve,manual_preserve_v1,New_news/GHS/GHS_news.csv,48cf7e1196d4356957f6fd072d941e10fc7543d92437a6b5fba6dbecefb4eddb
NEWS_CANDIDATE_045594_ef1e1784,GHS,,FBM KLCI remains in the red at midday,The Star,2024-10-24,https://www.thestar.com.my/business/business-news/2024/10/24/fbm-klci-remains-in-the-red-at-midday,1954,,,,,wrong_company,"Another target company's strong alias appears, but the row ticker's target alias does not.",No,wrong_company,none,No,No,No,No,Yes,wrong_company,1,0,3844dcf85f52a5d2f08d8b99291c91f9ba3a1525907094a0864c80faee8bc598,"New_news_GHS_GHS_news_csv:{""row_number"": 1189}:0222f3c50f93",manual_preserve,manual_preserve_v1,New_news/GHS/GHS_news.csv,48cf7e1196d4356957f6fd072d941e10fc7543d92437a6b5fba6dbecefb4eddb
NEWS_CANDIDATE_045628_e17d8e14,GHS,,FBM KLCI dips 5.51 points at midday as Public Bank weighs,The Star,2024-10-11,https://www.thestar.com.my/business/business-news/2024/10/11/fbm-klci-dips-551-points-at-midday-as-public-bank-weighs,2052,,,,,wrong_company,"Another target company's strong alias appears, but the row ticker's target alias does not.",No,wrong_company,none,No,No,No,No,Yes,wrong_company,1,0,b4481549217370236e8590d9ee385d50b68294fc57e22970daf7462373fe6976,"New_news_GHS_GHS_news_csv:{""row_number"": 1223}:d2b8c8839eaa",manual_preserve,manual_preserve_v1,New_news/GHS/GHS_news.csv,48cf7e1196d4356957f6fd072d941e10fc7543d92437a6b5fba6dbecefb4eddb
NEWS_CANDIDATE_045648_d9e6c5f3,GHS,,"FBM KLCI sinks deeper at midday, energy stocks gain amid Middle East tensions",The Star,2024-10-04,https://www.thestar.com.my/business/business-news/2024/10/04/fbm-klci-sinks-deeper-at-midday-energy-stocks-gain-amid-middle-east-tensions,2303,,,,,wrong_company,"Another target company's strong alias appears, but the row ticker's target alias does not.",No,wrong_company,none,No,No,No,No,Yes,wrong_company,1,0,65d7ead2d2ca0c15d1b75b5573a1491228a9e2a9561b211b58240d3c2ebfe7b1,"New_news_GHS_GHS_news_csv:{""row_number"": 1243}:be51f338d682",manual_preserve,manual_preserve_v1,New_news/GHS/GHS_news.csv,48cf7e1196d4356957f6fd072d941e10fc7543d92437a6b5fba6dbecefb4eddb
NEWS_CANDIDATE_045746_c941865e,GHS,,FBM KLCI tumbles 21 points on profit-taking; ringgit strengthens to 1.5-year high,The Star,2024-08-29,https://www.thestar.com.my/business/business-news/2024/08/29/fbm-klci-tumbles-21-points-on-profit-taking-ringgit-strengthens-to-15-year-high,1874,,,,,wrong_company,"Another target company's strong alias appears, but the row ticker's target alias does not.",No,wrong_company,none,No,No,No,No,Yes,wrong_company,1,0,d491f7389b4de67bb4634b75afda67b9a71e8b0215bbe3a622b272af97ef6bf3,"New_news_GHS_GHS_news_csv:{""row_number"": 1341}:a824002a124a",manual_preserve,manual_preserve_v1,New_news/GHS/GHS_news.csv,48cf7e1196d4356957f6fd072d941e10fc7543d92437a6b5fba6dbecefb4eddb
NEWS_CANDIDATE_045821_6ded1851,GHS,,Bursa Malaysia falls in early trade as investors take profits,The Star,2024-08-01,https://www.thestar.com.my/business/business-news/2024/08/01/bursa-malaysia-falls-in-early-trade-as-investors-take-profits,2246,,,,,wrong_company,"Another target company's strong alias appears, but the row ticker's target alias does not.",No,wrong_company,none,No,No,No,No,Yes,wrong_company,1,0,c1d52e4d6b352ced637ffde9d8b22a82cd194d9ea33e627d99cff3da0b6d25b7,"New_news_GHS_GHS_news_csv:{""row_number"": 1416}:016e52aa7c2a",manual_preserve,manual_preserve_v1,New_news/GHS/GHS_news.csv,48cf7e1196d4356957f6fd072d941e10fc7543d92437a6b5fba6dbecefb4eddb
NEWS_CANDIDATE_045940_b27cb711,GHS,,"Bursa Malaysia opens higher, boosted by strong Wall Street",The Star,2024-06-13,https://www.thestar.com.my/business/business-news/2024/06/13/bursa-malaysia-opens-higher-boosted-by-strong-wall-street,2498,,,,,wrong_company,"Another target company's strong alias appears, but the row ticker's target alias does not.",No,wrong_company,none,No,No,No,No,Yes,wrong_company,1,0,4928d61c7d8450aa039256b7cbb424bec5dd9ba6ffe368cf6ffd44ac7d79c14b,"New_news_GHS_GHS_news_csv:{""row_number"": 1535}:2492829781bd",manual_preserve,manual_preserve_v1,New_news/GHS/GHS_news.csv,48cf7e1196d4356957f6fd072d941e10fc7543d92437a6b5fba6dbecefb4eddb
NEWS_CANDIDATE_046243_2e4e71ed,GHS,,"Trading ideas: Maybank, Hong Leong Bank, HLFG, Public Bank, Farm Fresh, Hap Seng, Press Metal, Capital A, PPB, IJM, MYEG and Pecca",The Star,2024-02-29,https://www.thestar.com.my/business/business-news/2024/02/29/trading-ideas-maybank-hong-leong-bank-hlfg-public-bank-farm-fresh-hap-seng-press-metal-capital-a-ppb-ijm-myeg-and-pecca,2309,,,,,wrong_company,"Another target company's strong alias appears, but the row ticker's target alias does not.",No,wrong_company,none,No,No,No,No,Yes,wrong_company,1,0,ae534598a122cae190325122583d9b9475fe311384dcd301d2bcef878ab7b613,"New_news_GHS_GHS_news_csv:{""row_number"": 1838}:14a4946e4cdd",manual_preserve,manual_preserve_v1,New_news/GHS/GHS_news.csv,48cf7e1196d4356957f6fd072d941e10fc7543d92437a6b5fba6dbecefb4eddb
NEWS_CANDIDATE_046256_eea50cda,GHS,,Record US stock rally under threat from a world in turmoil,The Star,2024-02-19,https://www.thestar.com.my/business/business-news/2024/02/19/record-us-stock-rally-under-threat-from-a-world-in-turmoil,3060,,,,,wrong_company,"Another target company's strong alias appears, but the row ticker's target alias does not.",No,wrong_company,none,No,No,No,No,Yes,wrong_company,1,0,9d3c403e8cc6abfb21cdeb7e5ae9176b35544126b47f3e625c00557f09082e42,"New_news_GHS_GHS_news_csv:{""row_number"": 1851}:7891bdc4184d",manual_preserve,manual_preserve_v1,New_news/GHS/GHS_news.csv,48cf7e1196d4356957f6fd072d941e10fc7543d92437a6b5fba6dbecefb4eddb
NEWS_CANDIDATE_046281_9079bfbf,GHS,,Positive sentiment buoys Bursa Malaysia,The Star,2024-02-14,https://www.thestar.com.my/business/business-news/2024/02/14/positive-sentiment-buoys-bursa-malaysia,4623,,,,,wrong_company,"Another target company's strong alias appears, but the row ticker's target alias does not.",No,wrong_company,none,No,No,No,No,Yes,wrong_company,1,0,3423c47fee6cbf600ac367863848726faabfaaab09dde951fd42800199ebf28f,"New_news_GHS_GHS_news_csv:{""row_number"": 1876}:99b5eaadd8a6",manual_preserve,manual_preserve_v1,New_news/GHS/GHS_news.csv,48cf7e1196d4356957f6fd072d941e10fc7543d92437a6b5fba6dbecefb4eddb
NEWS_CANDIDATE_046282_7f42543c,GHS,,"Profit-taking in the market, KLCI down 0.13%",The Star,2024-02-14,https://www.thestar.com.my/business/business-news/2024/02/14/profit-taking-in-the-market-klci-down-013,1080,,,,,wrong_company,"Another target company's strong alias appears, but the row ticker's target alias does not.",No,wrong_company,none,No,No,No,No,Yes,wrong_company,1,0,d32a9d5ce24b948b88aa37cbb98d6da6773a5289a52156ccc82b769de965a9f1,"New_news_GHS_GHS_news_csv:{""row_number"": 1877}:cded2e5b7915",manual_preserve,manual_preserve_v1,New_news/GHS/GHS_news.csv,48cf7e1196d4356957f6fd072d941e10fc7543d92437a6b5fba6dbecefb4eddb
NEWS_CANDIDATE_046309_091f0033,GOCEAN,,Bursa Malaysia ends final trading day of 2025 on a softer note,The Star,2025-12-31,https://www.thestar.com.my/business/business-news/2025/12/31/bursa-malaysia-ends-final-trading-day-of-2025-on-a-softer-note,3838,,,,,wrong_company,"Another target company's strong alias appears, but the row ticker's target alias does not.",No,wrong_company,none,No,No,No,No,Yes,wrong_company,1,0,c04d9adfa81d36bd9449dfd569aaf009f2610ff4da393ff50951e54102d9a475,"New_news_GOCEAN_GOCEAN_news_csv:{""row_number"": 11}:0cd4130f33f0",manual_preserve,manual_preserve_v1,New_news/GOCEAN/GOCEAN_news.csv,da370549640997ae8147ffe44f9ea7efc107a543b76731ac4c919f581c9a701e
NEWS_CANDIDATE_046310_104ce340,GOCEAN,,Bursa Malaysia ends morning session easier,The Star,2025-12-31,https://www.thestar.com.my/business/business-news/2025/12/31/bursa-malaysia-ends-morning-session-easier,2275,,,,,wrong_company,"Another target company's strong alias appears, but the row ticker's target alias does not.",No,wrong_company,none,No,No,No,No,Yes,wrong_company,1,0,f9a6e0371256cceb824e8b290d768b696b9889ec2e96e402f46fb856a41f4153,"New_news_GOCEAN_GOCEAN_news_csv:{""row_number"": 12}:25a52de48590",manual_preserve,manual_preserve_v1,New_news/GOCEAN/GOCEAN_news.csv,da370549640997ae8147ffe44f9ea7efc107a543b76731ac4c919f581c9a701e
NEWS_CANDIDATE_046363_6e8feab3,GOCEAN,,FBM KLCI extends rally on Christmas Eve; ringgit at five-year high,The Star,2025-12-24,https://www.thestar.com.my/business/business-news/2025/12/24/fbm-klci-extends-rally-on-christmas-eve-ringgit-at-five-year-high,3003,,,,,wrong_company,"Another target company's strong alias appears, but the row ticker's target alias does not.",No,wrong_company,none,No,No,No,No,Yes,wrong_company,1,0,6de1983f6685995cfd3da3068e5e0074544447bc6e9d7d5b33d060d751336b08,"New_news_GOCEAN_GOCEAN_news_csv:{""row_number"": 65}:1419cfbcf802",manual_preserve,manual_preserve_v1,New_news/GOCEAN/GOCEAN_news.csv,da370549640997ae8147ffe44f9ea7efc107a543b76731ac4c919f581c9a701e
NEWS_CANDIDATE_046384_01efa429,GOCEAN,,Bursa Malaysia erases earlier losses to end morning session higher,The Star,2025-12-18,https://www.thestar.com.my/business/business-news/2025/12/18/bursa-malaysia-erases-earlier-losses-to-end-morning-session-higher,2727,,,,,wrong_company,"Another target company's strong alias appears, but the row ticker's target alias does not.",No,wrong_company,none,No,No,No,No,Yes,wrong_company,1,0,07e03380467a4917f3754d91c102155e7188f8e2a8086bbdb8a58a05290df773,"New_news_GOCEAN_GOCEAN_news_csv:{""row_number"": 86}:da2537957d57",manual_preserve,manual_preserve_v1,New_news/GOCEAN/GOCEAN_news.csv,da370549640997ae8147ffe44f9ea7efc107a543b76731ac4c919f581c9a701e
NEWS_CANDIDATE_046394_1b6cf82a,GOCEAN,,Bursa Malaysia closes higher for fourth consecutive session,The Star,2025-12-16,https://www.thestar.com.my/business/business-news/2025/12/16/bursa-malaysia-closes-higher-for-fourth-consecutive-session,3923,,,,,wrong_company,"Another target company's strong alias appears, but the row ticker's target alias does not.",No,wrong_company,none,No,No,No,No,Yes,wrong_company,1,0,719b375ba86c815fbcd769e663c9b9b41a29d7a065126b160c3cc67f5b55158a,"New_news_GOCEAN_GOCEAN_news_csv:{""row_number"": 96}:311f8666ecd4",manual_preserve,manual_preserve_v1,New_news/GOCEAN/GOCEAN_news.csv,da370549640997ae8147ffe44f9ea7efc107a543b76731ac4c919f581c9a701e
NEWS_CANDIDATE_046442_d0147f2b,GOCEAN,,"Bursa Malaysia's index ends lower, broader market positive, ahead of Fed decision",The Star,2025-12-10,https://www.thestar.com.my/business/business-news/2025/12/10/bursa-malaysia039s-index-ends-lower-broader-market-positive-ahead-of-fed-decision,4406,,,,,wrong_company,"Another target company's strong alias appears, but the row ticker's target alias does not.",No,wrong_company,none,No,No,No,No,Yes,wrong_company,1,0,8a590f646b5c19fc7ea94d889224156d275b0eb127731d3ffd0a2ffb98efac67,"New_news_GOCEAN_GOCEAN_news_csv:{""row_number"": 144}:1e685f810d48",manual_preserve,manual_preserve_v1,New_news/GOCEAN/GOCEAN_news.csv,da370549640997ae8147ffe44f9ea7efc107a543b76731ac4c919f581c9a701e
NEWS_CANDIDATE_046445_35cdae4e,GOCEAN,,Bursa Malaysia slips at midday amid subdued regional sentiment,The Star,2025-12-10,https://www.thestar.com.my/business/business-news/2025/12/10/bursa-malaysia-slips-at-midday-amid-subdued-regional-sentiment,2906,,,,,wrong_company,"Another target company's strong alias appears, but the row ticker's target alias does not.",No,wrong_company,none,No,No,No,No,Yes,wrong_company,1,0,fb28443c9389ebf056c52a894d2efa9c89c4f5e7b1837a16dd2d58c517a8d16f,"New_news_GOCEAN_GOCEAN_news_csv:{""row_number"": 147}:87c862733570",manual_preserve,manual_preserve_v1,New_news/GOCEAN/GOCEAN_news.csv,da370549640997ae8147ffe44f9ea7efc107a543b76731ac4c919f581c9a701e
NEWS_CANDIDATE_046489_9c6b6531,GOCEAN,,FBM KLCI slips after early gains as investors remain cautious,The Star,2025-12-03,https://www.thestar.com.my/business/business-news/2025/12/03/fbm-klci-slips-after-early-gains-as-investors-remain-cautious,1817,,,,,wrong_company,"Another target company's strong alias appears, but the row ticker's target alias does not.",No,wrong_company,none,No,No,No,No,Yes,wrong_company,1,0,49091bebbcb411f28d0d665b94eee90d4b72d8fc240e883a04accf4f9c8b3121,"New_news_GOCEAN_GOCEAN_news_csv:{""row_number"": 191}:36443c133a8c",manual_preserve,manual_preserve_v1,New_news/GOCEAN/GOCEAN_news.csv,da370549640997ae8147ffe44f9ea7efc107a543b76731ac4c919f581c9a701e
NEWS_CANDIDATE_046530_d58ea557,GOCEAN,,MSM Malaysia says low raw sugar prices bolster 2026 prospects,The Star,2025-11-28,https://www.thestar.com.my/business/business-news/2025/11/28/msm-malaysia-says-low-raw-sugar-prices-bolster-2026-prospects,1691,,,,,wrong_company,"Another target company's strong alias appears, but the row ticker's target alias does not.",No,wrong_company,none,No,No,No,No,Yes,wrong_company,1,0,8283122916e95a755a4c7eba6076382caf91e5e992e80f019017d740622e6945,"New_news_GOCEAN_GOCEAN_news_csv:{""row_number"": 232}:31ef9d1c1044",manual_preserve,manual_preserve_v1,New_news/GOCEAN/GOCEAN_news.csv,da370549640997ae8147ffe44f9ea7efc107a543b76731ac4c919f581c9a701e
NEWS_CANDIDATE_046575_d3fd2fa2,GOCEAN,,Carlsberg Malaysia posts higher 3Q earnings,The Star,2025-11-14,https://www.thestar.com.my/business/business-news/2025/11/14/carlsberg-malaysia-posts-higher-3q-earnings,3588,,,,,wrong_company,"Another target company's strong alias appears, but the row ticker's target alias does not.",No,wrong_company,none,No,No,No,No,Yes,wrong_company,1,0,6428bf7baea896cbb232d171613fbc7c3e062b9580d2aee29cf0e2679aaaeb45,"New_news_GOCEAN_GOCEAN_news_csv:{""row_number"": 277}:638e80ff737e",manual_preserve,manual_preserve_v1,New_news/GOCEAN/GOCEAN_news.csv,da370549640997ae8147ffe44f9ea7efc107a543b76731ac4c919f581c9a701e
NEWS_CANDIDATE_046576_a288ff12,GOCEAN,,Dutch Lady 3Q net profit up 86% to RM32mil,The Star,2025-11-14,https://www.thestar.com.my/business/business-news/2025/11/14/dutch-lady-3q-net-profit-up-86-to-rm32mil,1140,,,,,wrong_company,"Another target company's strong alias appears, but the row ticker's target alias does not.",No,wrong_company,none,No,No,No,No,Yes,wrong_company,1,0,36b94d2486d0c5441d00f2be11d217a9a7261528d009e9056a52e2fd123d65f1,"New_news_GOCEAN_GOCEAN_news_csv:{""row_number"": 278}:2d13df7ba89d",manual_preserve,manual_preserve_v1,New_news/GOCEAN/GOCEAN_news.csv,da370549640997ae8147ffe44f9ea7efc107a543b76731ac4c919f581c9a701e
NEWS_CANDIDATE_046578_3e54bc42,GOCEAN,,Dutch Lady’s 3Q25 net profit up 86%,The Star,2025-11-13,https://www.thestar.com.my/business/business-news/2025/11/13/dutch-ladys-3q25-net-profit-up-86,1400,,,,,wrong_company,"Another target company's strong alias appears, but the row ticker's target alias does not.",No,wrong_company,none,No,No,No,No,Yes,wrong_company,1,0,ea8d21120f3d0091f7b59d59934fcec2d958f24e8e5a8acd2bc821c1ab63b8f2,"New_news_GOCEAN_GOCEAN_news_csv:{""row_number"": 280}:d6f4f271f0a1",manual_preserve,manual_preserve_v1,New_news/GOCEAN/GOCEAN_news.csv,da370549640997ae8147ffe44f9ea7efc107a543b76731ac4c919f581c9a701e
NEWS_CANDIDATE_046579_df198ee3,GOCEAN,,Carlsberg Malaysia reports higher 3Q earnings,The Star,2025-11-13,https://www.thestar.com.my/business/business-news/2025/11/13/carlsberg-malaysia-reports-higher-3q-earnings,2276,,,,,wrong_company,"Another target company's strong alias appears, but the row ticker's target alias does not.",No,wrong_company,none,No,No,No,No,Yes,wrong_company,1,0,463d41ca2bb39341048e0cc0a1f9f0f9f1469cb170bb58cb8df3a2a76de94b01,"New_news_GOCEAN_GOCEAN_news_csv:{""row_number"": 281}:4f2a5518bf86",manual_preserve,manual_preserve_v1,New_news/GOCEAN/GOCEAN_news.csv,da370549640997ae8147ffe44f9ea7efc107a543b76731ac4c919f581c9a701e
NEWS_CANDIDATE_046591_76b8a56b,GOCEAN,,"Bursa Malaysia slips at midday, tracking regional markets",The Star,2025-11-14,https://www.thestar.com.my/business/business-news/2025/11/14/bursa-malaysia-slips-at-midday-tracking-regional-markets,2571,,,,,wrong_company,"Another target company's strong alias appears, but the row ticker's target alias does not.",No,wrong_company,none,No,No,No,No,Yes,wrong_company,1,0,431a85f8a534ee11972197022dafb59d66f0a037caad3e35887db5dc1951d097,"New_news_GOCEAN_GOCEAN_news_csv:{""row_number"": 293}:01cd5df20807",manual_preserve,manual_preserve_v1,New_news/GOCEAN/GOCEAN_news.csv,da370549640997ae8147ffe44f9ea7efc107a543b76731ac4c919f581c9a701e
NEWS_CANDIDATE_046652_f2901a24,GOCEAN,,FBM KLCI stays in the red; ringgit climbs to one-year high,The Star,2025-11-06,https://www.thestar.com.my/business/business-news/2025/11/06/fbm-klci-stays-in-the-red-ringgit-climbs-to-one-year-high,2342,,,,,wrong_company,"Another target company's strong alias appears, but the row ticker's target alias does not.",No,wrong_company,none,No,No,No,No,Yes,wrong_company,1,0,7861dff0cb8ea91c7ae6e77c1a35db5342addd83ae869f8911d6ab5482fe8909,"New_news_GOCEAN_GOCEAN_news_csv:{""row_number"": 354}:ddab84d0ca9c",manual_preserve,manual_preserve_v1,New_news/GOCEAN/GOCEAN_news.csv,da370549640997ae8147ffe44f9ea7efc107a543b76731ac4c919f581c9a701e
NEWS_CANDIDATE_046678_ae01d5a0,GOCEAN,,FBM KLCI snaps two-day slide amid cautious sentiment,The Star,2025-10-30,https://www.thestar.com.my/business/business-news/2025/10/30/fbm-klci-snaps-two-day-slide-amid-cautious-sentiment,2106,,,,,wrong_company,"Another target company's strong alias appears, but the row ticker's target alias does not.",No,wrong_company,none,No,No,No,No,Yes,wrong_company,1,0,6d10be789ddf359eac2a0adb82dcc2767211af27d535b84be378e37a56c174d4,"New_news_GOCEAN_GOCEAN_news_csv:{""row_number"": 380}:d38b3affbde8",manual_preserve,manual_preserve_v1,New_news/GOCEAN/GOCEAN_news.csv,da370549640997ae8147ffe44f9ea7efc107a543b76731ac4c919f581c9a701e
NEWS_CANDIDATE_046691_a5834f62,GOCEAN,,Bursa Malaysia marginally lower at midday on profit-taking,The Star,2025-10-31,https://www.thestar.com.my/business/business-news/2025/10/31/bursa-malaysia-marginally-lower-at-midday-on-profit-taking,2794,,,,,wrong_company,"Another target company's strong alias appears, but the row ticker's target alias does not.",No,wrong_company,none,No,No,No,No,Yes,wrong_company,1,0,16f24eb36665927cf22cdadc3d987cb6fd8282a1d3d51a6da03964b8a7ea65ef,"New_news_GOCEAN_GOCEAN_news_csv:{""row_number"": 393}:ca8382b96462",manual_preserve,manual_preserve_v1,New_news/GOCEAN/GOCEAN_news.csv,da370549640997ae8147ffe44f9ea7efc107a543b76731ac4c919f581c9a701e
NEWS_CANDIDATE_046716_8b3fa796,GOCEAN,,FBM KLCI ends at intraday high on late bargain-hunting,The Star,2025-10-23,https://www.thestar.com.my/business/business-news/2025/10/23/fbm-klci-ends-at-intraday-high-on-large-bargain-hunting,4077,,,,,wrong_company,"Another target company's strong alias appears, but the row ticker's target alias does not.",No,wrong_company,none,No,No,No,No,Yes,wrong_company,1,0,b5ab4fd3515a4fd79afd6bbf504a15d7d153e5c5d874e1a56ebd0a2ed7f88137,"New_news_GOCEAN_GOCEAN_news_csv:{""row_number"": 418}:cc005e826c88",manual_preserve,manual_preserve_v1,New_news/GOCEAN/GOCEAN_news.csv,da370549640997ae8147ffe44f9ea7efc107a543b76731ac4c919f581c9a701e
NEWS_CANDIDATE_046733_3ea75a37,GOCEAN,,Bursa Malaysia settles higher at lunch break,The Star,2025-10-24,https://www.thestar.com.my/business/business-news/2025/10/24/bursa-malaysia-settles-higher-at-lunch-break,2632,,,,,wrong_company,"Another target company's strong alias appears, but the row ticker's target alias does not.",No,wrong_company,none,No,No,No,No,Yes,wrong_company,1,0,8b5f1bf07f37594b157be6c317854d6bbcccd05da9337662fa0e1d8cb2976874,"New_news_GOCEAN_GOCEAN_news_csv:{""row_number"": 435}:8ed1ded02076",manual_preserve,manual_preserve_v1,New_news/GOCEAN/GOCEAN_news.csv,da370549640997ae8147ffe44f9ea7efc107a543b76731ac4c919f581c9a701e
NEWS_CANDIDATE_046766_65569d05,GOCEAN,,"Bursa Malaysia closes in the red, nearly 1,000 counters decline",The Star,2025-10-17,https://www.thestar.com.my/business/business-news/2025/10/17/bursa-malaysia-closes-in-the-red-nearly-1000-counters-decline,2360,,,,,wrong_company,"Another target company's strong alias appears, but the row ticker's target alias does not.",No,wrong_company,none,No,No,No,No,Yes,wrong_company,1,0,44a14c3bfebbaf6d3264cd2875abef70bc9d52e7a5de3c659d14cc6783cf753d,"New_news_GOCEAN_GOCEAN_news_csv:{""row_number"": 468}:273389e2d398",manual_preserve,manual_preserve_v1,New_news/GOCEAN/GOCEAN_news.csv,da370549640997ae8147ffe44f9ea7efc107a543b76731ac4c919f581c9a701e
NEWS_CANDIDATE_046768_90ef6a93,GOCEAN,,"FBM KLCI rises in early trade as investors await key GDP, trade data",The Star,2025-10-17,https://www.thestar.com.my/business/business-news/2025/10/17/fbm-klci-rises-in-early-trade-as-investors-await-key-gdp-trade-data,2196,,,,,wrong_company,"Another target company's strong alias appears, but the row ticker's target alias does not.",No,wrong_company,none,No,No,No,No,Yes,wrong_company,1,0,f53b53fa1e1f5bca4fb30c09024e30ebca6464ec8683002ee8c75530d0035d39,"New_news_GOCEAN_GOCEAN_news_csv:{""row_number"": 470}:c114cc9a3b39",manual_preserve,manual_preserve_v1,New_news/GOCEAN/GOCEAN_news.csv,da370549640997ae8147ffe44f9ea7efc107a543b76731ac4c919f581c9a701e
NEWS_CANDIDATE_046775_d62fd161,GOCEAN,,FBM KLCI marginally up amid regional market gains,The Star,2025-10-16,https://www.thestar.com.my/business/business-news/2025/10/16/fbm-klci-marginally-up-amid-regional-market-gains,1577,,,,,wrong_company,"Another target company's strong alias appears, but the row ticker's target alias does not.",No,wrong_company,none,No,No,No,No,Yes,wrong_company,1,0,1965de30f5a86c9dbde57cddc018112359e769c0524a2e234ffd4c46a0418c6d,"New_news_GOCEAN_GOCEAN_news_csv:{""row_number"": 477}:2dea2ce0c5cd",manual_preserve,manual_preserve_v1,New_news/GOCEAN/GOCEAN_news.csv,da370549640997ae8147ffe44f9ea7efc107a543b76731ac4c919f581c9a701e
NEWS_CANDIDATE_046806_266882e0,GOCEAN,,"FBM KLCI edges higher on bargain hunting, upbeat regional sentiment",The Star,2025-10-09,https://www.thestar.com.my/business/business-news/2025/10/09/fbm-klci-edges-higher-on-bargain-hunting-upbeat-regional-sentiment,1546,,,,,wrong_company,"Another target company's strong alias appears, but the row ticker's target alias does not.",No,wrong_company,none,No,No,No,No,Yes,wrong_company,1,0,5a1abfeca98a379a716bb1ce344c558cd2b819a5b8acf619af2f4d18e412321b,"New_news_GOCEAN_GOCEAN_news_csv:{""row_number"": 508}:d411617fca7f",manual_preserve,manual_preserve_v1,New_news/GOCEAN/GOCEAN_news.csv,da370549640997ae8147ffe44f9ea7efc107a543b76731ac4c919f581c9a701e
NEWS_CANDIDATE_046845_a3482436,GOCEAN,,"FBM KLCI extends winning streak to fifth session, closes at 9-month high",The Star,2025-10-02,https://www.thestar.com.my/business/business-news/2025/10/02/fbm-klci-extends-winning-streak-to-fifth-session-closes-at-9-month-high,2056,,,,,wrong_company,"Another target company's strong alias appears, but the row ticker's target alias does not.",No,wrong_company,none,No,No,No,No,Yes,wrong_company,1,0,f3ffd830c825fab6355abeed3811f73910d2e1a0e8589bea148663c84b863ee8,"New_news_GOCEAN_GOCEAN_news_csv:{""row_number"": 547}:b47876bbbb22",manual_preserve,manual_preserve_v1,New_news/GOCEAN/GOCEAN_news.csv,da370549640997ae8147ffe44f9ea7efc107a543b76731ac4c919f581c9a701e
NEWS_CANDIDATE_046883_83326bda,GOCEAN,,"Trading ideas: Yinson, Kelington, Hiap Teck, MGB, TXCD, Astro, F&N, Ireka",The Star,2025-09-26,https://www.thestar.com.my/business/business-news/2025/09/26/trading-ideas-yinson-kelington-hiap-teck-mgb-txcd-astro-fn-ireka,2317,,,,,wrong_company,"Another target company's strong alias appears, but the row ticker's target alias does not.",No,wrong_company,none,No,No,No,No,Yes,wrong_company,1,0,8009505467fc4feca3b4972f5cfbf23dfe665b9cd59b60dcc78e5124d09e3ebf,"New_news_GOCEAN_GOCEAN_news_csv:{""row_number"": 585}:fa7ab0002b8e",manual_preserve,manual_preserve_v1,New_news/GOCEAN/GOCEAN_news.csv,da370549640997ae8147ffe44f9ea7efc107a543b76731ac4c919f581c9a701e
NEWS_CANDIDATE_046888_eab90f48,GOCEAN,,FBM KLCI ends marginally lower as investors pivot to small cap stocks,The Star,2025-09-24,https://www.thestar.com.my/business/business-news/2025/09/24/fbm-klci-ends-marginally-lower-as-investors-pivot-to-small-cap-stocks,3691,,,,,wrong_company,"Another target company's strong alias appears, but the row ticker's target alias does not.",No,wrong_company,none,No,No,No,No,Yes,wrong_company,1,0,c534ede9c0174e25b51200812fc0378f4522afd9f7cd67d1702fbc20528f9aeb,"New_news_GOCEAN_GOCEAN_news_csv:{""row_number"": 590}:33117ba283ec",manual_preserve,manual_preserve_v1,New_news/GOCEAN/GOCEAN_news.csv,da370549640997ae8147ffe44f9ea7efc107a543b76731ac4c919f581c9a701e
NEWS_CANDIDATE_046931_88d1ebfd,GOCEAN,,FBM KLCI closes little changed as regional markets end mixed,The Star,2025-09-19,https://www.thestar.com.my/business/business-news/2025/09/19/fbm-klci-closes-little-changed-as-regional-markets-end-mixed,1743,,,,,wrong_company,"Another target company's strong alias appears, but the row ticker's target alias does not.",No,wrong_company,none,No,No,No,No,Yes,wrong_company,1,0,4c4a666bf0e9d46d4136bfcdafd36717cd0bdcde4a3ba97f2467593d2ae142fc,"New_news_GOCEAN_GOCEAN_news_csv:{""row_number"": 633}:8e82782bce4c",manual_preserve,manual_preserve_v1,New_news/GOCEAN/GOCEAN_news.csv,da370549640997ae8147ffe44f9ea7efc107a543b76731ac4c919f581c9a701e
NEWS_CANDIDATE_046934_b237c52f,GOCEAN,,Bursa Malaysia ends at intraday high,The Star,2025-09-17,https://www.thestar.com.my/business/2025/09/17/bursa-malaysia-ends-at-intraday-high,4899,,,,,wrong_company,"Another target company's strong alias appears, but the row ticker's target alias does not.",No,wrong_company,none,No,No,No,No,Yes,wrong_company,1,0,a6127a775f9788e3ea81e8ad905ecd45679541a78bb1f7d2d8df2aa126f9b1f9,"New_news_GOCEAN_GOCEAN_news_csv:{""row_number"": 636}:daa4e3b1c60d",manual_preserve,manual_preserve_v1,New_news/GOCEAN/GOCEAN_news.csv,da370549640997ae8147ffe44f9ea7efc107a543b76731ac4c919f581c9a701e
NEWS_CANDIDATE_046962_eb0202f7,GOCEAN,,"Bursa Malaysia ends week on strong note as FBM KLCI closes above 1,600",The Star,2025-09-12,https://www.thestar.com.my/business/business-news/2025/09/12/bursa-malaysia-ends-week-on-strong-note-as-fbm-klci-closes-above-1600,2264,,,,,wrong_company,"Another target company's strong alias appears, but the row ticker's target alias does not.",No,wrong_company,none,No,No,No,No,Yes,wrong_company,1,0,54b228b8d80933af449e6cec8bb40d3d5a364081a38b6c9f68f99b30739640b0,"New_news_GOCEAN_GOCEAN_news_csv:{""row_number"": 664}:a3477f521fee",manual_preserve,manual_preserve_v1,New_news/GOCEAN/GOCEAN_news.csv,da370549640997ae8147ffe44f9ea7efc107a543b76731ac4c919f581c9a701e
NEWS_CANDIDATE_047045_0f3106a7,GOCEAN,,FBM KLCI ends week lower amid broad-based selling pressure,The Star,2025-08-29,https://www.thestar.com.my/business/business-news/2025/08/29/fbm-klci-ends-week-lower-amid-broad-based-selling-pressure,1542,,,,,wrong_company,"Another target company's strong alias appears, but the row ticker's target alias does not.",No,wrong_company,none,No,No,No,No,Yes,wrong_company,1,0,20de2ba686a95f42fb950da4c20d907047a8c5dca26cef0b23c8b99b74cb5b41,"New_news_GOCEAN_GOCEAN_news_csv:{""row_number"": 747}:1660d30a8126",manual_preserve,manual_preserve_v1,New_news/GOCEAN/GOCEAN_news.csv,da370549640997ae8147ffe44f9ea7efc107a543b76731ac4c919f581c9a701e
NEWS_CANDIDATE_047079_1f4799d1,GOCEAN,,"FBM KLCI rallies to six-month high, nears key 1,600 level",The Star,2025-08-21,https://www.thestar.com.my/business/business-news/2025/08/21/fbm-klci-rallies-to-six-month-high-nears-key-1600-level,2369,,,,,wrong_company,"Another target company's strong alias appears, but the row ticker's target alias does not.",No,wrong_company,none,No,No,No,No,Yes,wrong_company,1,0,8fb6a7bbebc8d4ed50117aca57785232a64103e06187762181665cf4c8120b17,"New_news_GOCEAN_GOCEAN_news_csv:{""row_number"": 781}:7f0d2827b0b4",manual_preserve,manual_preserve_v1,New_news/GOCEAN/GOCEAN_news.csv,da370549640997ae8147ffe44f9ea7efc107a543b76731ac4c919f581c9a701e
NEWS_CANDIDATE_047124_83c775df,GOCEAN,,Investors pile into stocks as US rate cut hopes soar,The Star,2025-08-13,https://www.thestar.com.my/business/business-news/2025/08/13/investors-pile-into-stocks-as-us-rate-cut-hopes-soar,1958,,,,,wrong_company,"Another target company's strong alias appears, but the row ticker's target alias does not.",No,wrong_company,none,No,No,No,No,Yes,wrong_company,1,0,d514a069e2f511083cdf851b45c9371090523374f30361f4fb621e4d0348a2e8,"New_news_GOCEAN_GOCEAN_news_csv:{""row_number"": 826}:669c5778c3fb",manual_preserve,manual_preserve_v1,New_news/GOCEAN/GOCEAN_news.csv,da370549640997ae8147ffe44f9ea7efc107a543b76731ac4c919f581c9a701e
NEWS_CANDIDATE_047202_5a877e54,GOCEAN,,Bursa Malaysia slips as trade uncertainty weighs on sentiment,The Star,2025-07-31,https://www.thestar.com.my/business/business-news/2025/07/31/bursa-malaysia-slips-as-trade-uncertainty-weighs-on-sentiment,2057,,,,,wrong_company,"Another target company's strong alias appears, but the row ticker's target alias does not.",No,wrong_company,none,No,No,No,No,Yes,wrong_company,1,0,cdd0b0aa257da64210d144670209921d4878fc54f67be0f5ea1bd0d51d50c9b4,"New_news_GOCEAN_GOCEAN_news_csv:{""row_number"": 904}:47d36fedc7ea",manual_preserve,manual_preserve_v1,New_news/GOCEAN/GOCEAN_news.csv,da370549640997ae8147ffe44f9ea7efc107a543b76731ac4c919f581c9a701e
NEWS_CANDIDATE_047253_f01cca80,GOCEAN,,FBM KLCI falls for second day on cautious sentiment,The Star,2025-07-22,https://www.thestar.com.my/business/business-news/2025/07/22/fbm-klci-falls-for-second-day-on-cautious-sentiment,1639,,,,,wrong_company,"Another target company's strong alias appears, but the row ticker's target alias does not.",No,wrong_company,none,No,No,No,No,Yes,wrong_company,1,0,619190244157b3d9d66f1b51e1b392f6123215c0811833b0aa54a922e6311d79,"New_news_GOCEAN_GOCEAN_news_csv:{""row_number"": 955}:e6635d4b2614",manual_preserve,manual_preserve_v1,New_news/GOCEAN/GOCEAN_news.csv,da370549640997ae8147ffe44f9ea7efc107a543b76731ac4c919f581c9a701e
NEWS_CANDIDATE_047322_f7043a4f,GOCEAN,,FBM KLCI ends lower as banking stocks slip after OPR cut,The Star,2025-07-09,https://www.thestar.com.my/business/business-news/2025/07/09/fbm-klci-ends-lower-as-banking-stocks-slip-after-opr-cut,1901,,,,,wrong_company,"Another target company's strong alias appears, but the row ticker's target alias does not.",No,wrong_company,none,No,No,No,No,Yes,wrong_company,1,0,8c092e45347e83093441e63f22f0da963f38d99f48077c344ea6bb1a3f9f9352,"New_news_GOCEAN_GOCEAN_news_csv:{""row_number"": 1024}:9259127f14d8",manual_preserve,manual_preserve_v1,New_news/GOCEAN/GOCEAN_news.csv,da370549640997ae8147ffe44f9ea7efc107a543b76731ac4c919f581c9a701e
NEWS_CANDIDATE_047375_944b340b,GOCEAN,,"Trading ideas: TNB, Sports Toto, Cypark, Aeon Credit, HSS, Gas Malaysia, Green Ocean, UEM Sunrise, Destini, Citaglobal, ATA IMS, RHB, Sapura Energy, Ajinomoto, SNS, iCents",The Star,2025-06-26,https://www.thestar.com.my/business/business-news/2025/06/26/trading-ideas-tnb-sports-toto-cypark-aeon-credit-hss-gas-malaysia-green-ocean-uem-sunrise-destini-citaglobal-ata-ims-rhb-sapura-energy-ajinomoto-sns-icents,2653,,,,,wrong_company,"Another target company's strong alias appears, but the row ticker's target alias does not.",No,wrong_company,none,No,No,No,No,Yes,wrong_company,1,0,330a92b59689f78e42e03aaff5408c38df6bdfb124316eccd4772c6064a875ae,"New_news_GOCEAN_GOCEAN_news_csv:{""row_number"": 1077}:ebe9e6089996",manual_preserve,manual_preserve_v1,New_news/GOCEAN/GOCEAN_news.csv,da370549640997ae8147ffe44f9ea7efc107a543b76731ac4c919f581c9a701e
NEWS_CANDIDATE_047405_9737ec54,GOCEAN,,"Trading ideas: MSM, Malakoff, BFood, BCorp, Bank Islam, Oriental Kopi, Petron, Deleum, Advancecon, CTOS, Felixdynamic, Binastra, Astro, Cuckoo",The Star,2025-06-20,https://www.thestar.com.my/business/business-news/2025/06/20/trading-ideas-msm-malakoff-bfood-bcorp-bank-islam-oriental-kopi-petron-deleum-advancecon-ctos-felixdynamic-binastra-astro-cuckoo,3048,,,,,wrong_company,"Another target company's strong alias appears, but the row ticker's target alias does not.",No,wrong_company,none,No,No,No,No,Yes,wrong_company,1,0,ddcd24b7bfc0b3044c3a370eb03d0d6a914ad845b0ef80f05c558712cbdad999,"New_news_GOCEAN_GOCEAN_news_csv:{""row_number"": 1107}:b3328967006f",manual_preserve,manual_preserve_v1,New_news/GOCEAN/GOCEAN_news.csv,da370549640997ae8147ffe44f9ea7efc107a543b76731ac4c919f581c9a701e
NEWS_CANDIDATE_047416_bae29fe9,GOCEAN,,FBM KLCI ends higher as caution caps momentum,The Star,2025-06-20,https://www.thestar.com.my/business/business-news/2025/06/20/fbm-klci-ends-higher-as-caution-caps-momentum,2056,,,,,wrong_company,"Another target company's strong alias appears, but the row ticker's target alias does not.",No,wrong_company,none,No,No,No,No,Yes,wrong_company,1,0,d4ac78dca491e472707814fc3bdf5895d38b1d3dc7e72862585bd532cf5a7c2b,"New_news_GOCEAN_GOCEAN_news_csv:{""row_number"": 1118}:c463334924fc",manual_preserve,manual_preserve_v1,New_news/GOCEAN/GOCEAN_news.csv,da370549640997ae8147ffe44f9ea7efc107a543b76731ac4c919f581c9a701e
NEWS_CANDIDATE_047449_6d1b97f4,GOCEAN,,"Bursa Malaysia opens lower, bucking Wall Street gains on weak sentiment",The Star,2025-06-13,https://www.thestar.com.my/business/business-news/2025/06/13/bursa-malaysia-opens-lower-bucking-wall-street-gains-on-weak-sentiment,1834,,,,,wrong_company,"Another target company's strong alias appears, but the row ticker's target alias does not.",No,wrong_company,none,No,No,No,No,Yes,wrong_company,1,0,bbe63a85b6e53c9707728ad49d40209957232d21a55e21be960a34e2a905ec04,"New_news_GOCEAN_GOCEAN_news_csv:{""row_number"": 1151}:481ad3449640",manual_preserve,manual_preserve_v1,New_news/GOCEAN/GOCEAN_news.csv,da370549640997ae8147ffe44f9ea7efc107a543b76731ac4c919f581c9a701e
NEWS_CANDIDATE_047523_bbcdb0cc,GOCEAN,,Last-minute selling pushes FBM KLCI to intraday low,The Star,2025-05-28,https://www.thestar.com.my/business/business-news/2025/05/28/last-minute-selling-pushes-fbm-klci-to-intraday-low,1704,,,,,wrong_company,"Another target company's strong alias appears, but the row ticker's target alias does not.",No,wrong_company,none,No,No,No,No,Yes,wrong_company,1,0,6146f51bb74604814b7d27c200d52b78c1ea522d7b5bb3e09fa73423a12aec93,"New_news_GOCEAN_GOCEAN_news_csv:{""row_number"": 1225}:8249aeb9501f",manual_preserve,manual_preserve_v1,New_news/GOCEAN/GOCEAN_news.csv,da370549640997ae8147ffe44f9ea7efc107a543b76731ac4c919f581c9a701e
NEWS_CANDIDATE_047555_76a1f525,GOCEAN,,"Trading ideas: Mesiniaga, Gas Malaysia, Uzma, CelcomDigi, YTL Power, KLK, UEM Sunrise, Bumi Armada, Batu Kawan, DRB-Hicom, DLMI, Prolintas, Press Metal, Cahya Mata",The Star,2025-05-23,https://www.thestar.com.my/business/business-news/2025/05/23/trading-ideas-mesiniaga-gas-malaysia-uzma-celcomdigi-ytl-power-klk-uem-sunrise-bumi-armada-batu-kawan-drb-hicom-dlmi-prolintas-press-metal-cahya-mata,2641,,,,,wrong_company,"Another target company's strong alias appears, but the row ticker's target alias does not.",No,wrong_company,none,No,No,No,No,Yes,wrong_company,1,0,6f1d7e0987cd7c2df862b3e027c4b51fb24a3b8cf7516c3da5aab7e41cc686f0,"New_news_GOCEAN_GOCEAN_news_csv:{""row_number"": 1257}:c7b2bcec9a51",manual_preserve,manual_preserve_v1,New_news/GOCEAN/GOCEAN_news.csv,da370549640997ae8147ffe44f9ea7efc107a543b76731ac4c919f581c9a701e
NEWS_CANDIDATE_047597_24675b51,GOCEAN,,"FBM KLCI slips, ending three-day winning streak as banks weigh",The Star,2025-05-15,https://www.thestar.com.my/business/business-news/2025/05/15/fbm-klci-slips-ending-three-day-winning-streak-as-banks-weigh,1577,,,,,wrong_company,"Another target company's strong alias appears, but the row ticker's target alias does not.",No,wrong_company,none,No,No,No,No,Yes,wrong_company,1,0,251d76958ad48992ad8b3f46b53174ef7f5e9ff3b60734360289c80dd5aafde0,"New_news_GOCEAN_GOCEAN_news_csv:{""row_number"": 1299}:cd4e34257826",manual_preserve,manual_preserve_v1,New_news/GOCEAN/GOCEAN_news.csv,da370549640997ae8147ffe44f9ea7efc107a543b76731ac4c919f581c9a701e
NEWS_CANDIDATE_047598_cc60a57b,GOCEAN,,FBM KLCI struggles for momentum amid cautious buying interest,The Star,2025-05-15,https://www.thestar.com.my/business/business-news/2025/05/15/fbm-klci-struggles-for-momentum-amid-cautious-buying-interest,1940,,,,,wrong_company,"Another target company's strong alias appears, but the row ticker's target alias does not.",No,wrong_company,none,No,No,No,No,Yes,wrong_company,1,0,516df5a7e027056004fb5fdfb92d2c7ddeb210a503c9d1a703856632d4c05338,"New_news_GOCEAN_GOCEAN_news_csv:{""row_number"": 1300}:6c3280effe8e",manual_preserve,manual_preserve_v1,New_news/GOCEAN/GOCEAN_news.csv,da370549640997ae8147ffe44f9ea7efc107a543b76731ac4c919f581c9a701e
NEWS_CANDIDATE_047650_77ce8050,GOCEAN,,"FBM KLCI ends higher amid global trade optimism, ringgit falls",The Star,2025-05-09,https://www.thestar.com.my/business/business-news/2025/05/09/fbm-klci-ends-higher-amid-global-trade-optimism-ringgit-falls,1573,,,,,wrong_company,"Another target company's strong alias appears, but the row ticker's target alias does not.",No,wrong_company,none,No,No,No,No,Yes,wrong_company,1,0,de0ec3093f76494f014b795f2f847ca8bb089576f5cece8f1fb0b6685d4e1b23,"New_news_GOCEAN_GOCEAN_news_csv:{""row_number"": 1352}:cce850e05a97",manual_preserve,manual_preserve_v1,New_news/GOCEAN/GOCEAN_news.csv,da370549640997ae8147ffe44f9ea7efc107a543b76731ac4c919f581c9a701e
NEWS_CANDIDATE_047655_027855d2,GOCEAN,,FBM KLCI slips on profit-taking; tech stocks rally,The Star,2025-05-08,https://www.thestar.com.my/business/business-news/2025/05/08/fbm-klci-slips-on-profit-taking-tech-stocks-rally,1694,,,,,wrong_company,"Another target company's strong alias appears, but the row ticker's target alias does not.",No,wrong_company,none,No,No,No,No,Yes,wrong_company,1,0,8bab87ff5fe351ffb59f3968973dc6f4984d5011d98e3b525b94a2ee94f6912f,"New_news_GOCEAN_GOCEAN_news_csv:{""row_number"": 1357}:9df1b2534f54",manual_preserve,manual_preserve_v1,New_news/GOCEAN/GOCEAN_news.csv,da370549640997ae8147ffe44f9ea7efc107a543b76731ac4c919f581c9a701e
NEWS_CANDIDATE_047795_fb304f2b,GOCEAN,,Bursa Malaysia slips at open amid global market jitters over US tariffs,The Star,2025-04-04,https://www.thestar.com.my/business/business-news/2025/04/04/bursa-malaysia-slips-at-open-amid-global-market-jitters-over-us-tariffs,2387,,,,,wrong_company,"Another target company's strong alias appears, but the row ticker's target alias does not.",No,wrong_company,none,No,No,No,No,Yes,wrong_company,1,0,d3556cc4bef673d42175fec30264083462d017e45aa392117c6e5779ac932b3a,"New_news_GOCEAN_GOCEAN_news_csv:{""row_number"": 1497}:e369c19d3a32",manual_preserve,manual_preserve_v1,New_news/GOCEAN/GOCEAN_news.csv,da370549640997ae8147ffe44f9ea7efc107a543b76731ac4c919f581c9a701e
NEWS_CANDIDATE_047825_4931a13a,GOCEAN,,FBM KLCI hits two-week high despite U.S. tariff threats,The Star,2025-03-27,https://www.thestar.com.my/business/business-news/2025/03/27/fbm-klci-hits-two-week-high-despite-us-tariff-threats,1958,,,,,wrong_company,"Another target company's strong alias appears, but the row ticker's target alias does not.",No,wrong_company,none,No,No,No,No,Yes,wrong_company,1,0,aaea0e459e26871a5ee19a355bd648abb39d25b2bb5c7eb1df0dde3baff11397,"New_news_GOCEAN_GOCEAN_news_csv:{""row_number"": 1527}:6e2b8f268770",manual_preserve,manual_preserve_v1,New_news/GOCEAN/GOCEAN_news.csv,da370549640997ae8147ffe44f9ea7efc107a543b76731ac4c919f581c9a701e
NEWS_CANDIDATE_047834_9e891d8f,GOCEAN,,FBM KLCI tumbles 7.83% in first quarter amid market headwinds,The Star,2025-03-28,https://www.thestar.com.my/business/business-news/2025/03/28/fbm-klci-tumbles-783-in-first-quarter-amid-market-headwinds,2203,,,,,wrong_company,"Another target company's strong alias appears, but the row ticker's target alias does not.",No,wrong_company,none,No,No,No,No,Yes,wrong_company,1,0,2701fe6eb1a2b9362396a512c632da548b1b733b9e65af2035c7dc19fc0f6182,"New_news_GOCEAN_GOCEAN_news_csv:{""row_number"": 1536}:22e3aa17521e",manual_preserve,manual_preserve_v1,New_news/GOCEAN/GOCEAN_news.csv,da370549640997ae8147ffe44f9ea7efc107a543b76731ac4c919f581c9a701e
NEWS_CANDIDATE_047873_c4359732,GOCEAN,,FBM KLCI closes higher as regional markets fall,The Star,2025-03-21,https://www.thestar.com.my/business/business-news/2025/03/21/fbm-klci-closes-higher-as-regional-markets-fall,1555,,,,,wrong_company,"Another target company's strong alias appears, but the row ticker's target alias does not.",No,wrong_company,none,No,No,No,No,Yes,wrong_company,1,0,d5a3a0c6e8d43b9fcc6f79216f16e26004f0d7149b0f16c62319b885ae2a32c6,"New_news_GOCEAN_GOCEAN_news_csv:{""row_number"": 1575}:a45b3e00959a",manual_preserve,manual_preserve_v1,New_news/GOCEAN/GOCEAN_news.csv,da370549640997ae8147ffe44f9ea7efc107a543b76731ac4c919f581c9a701e
NEWS_CANDIDATE_047906_5da87058,GOCEAN,,FBM KLCI crashes to a one-year low as trade fears escalate,The Star,2025-03-12,https://www.thestar.com.my/business/business-news/2025/03/12/fbm-klci-crashes-to-a-one-year-low-as-trade-fears-escalate,2432,,,,,wrong_company,"Another target company's strong alias appears, but the row ticker's target alias does not.",No,wrong_company,none,No,No,No,No,Yes,wrong_company,1,0,d25f9d5f198ffc993182dae2ccb63909100b28462658e02e689d29e793fd75e1,"New_news_GOCEAN_GOCEAN_news_csv:{""row_number"": 1608}:9a153d19f859",manual_preserve,manual_preserve_v1,New_news/GOCEAN/GOCEAN_news.csv,da370549640997ae8147ffe44f9ea7efc107a543b76731ac4c919f581c9a701e
NEWS_CANDIDATE_047911_ed20caed,GOCEAN,,"FBM KLCI ends higher for second day, but heads for 2.3% weekly decline",The Star,2025-03-14,https://www.thestar.com.my/business/business-news/2025/03/14/fbm-klci-ends-higher-for-second-day-but-heads-for-23-weekly-decline,1707,,,,,wrong_company,"Another target company's strong alias appears, but the row ticker's target alias does not.",No,wrong_company,none,No,No,No,No,Yes,wrong_company,1,0,f4594690b481b69e252b7e385cdb635f73b7376c11cd50edccf9ca9f8e2a2cf2,"New_news_GOCEAN_GOCEAN_news_csv:{""row_number"": 1613}:f5a0361aae1f",manual_preserve,manual_preserve_v1,New_news/GOCEAN/GOCEAN_news.csv,da370549640997ae8147ffe44f9ea7efc107a543b76731ac4c919f581c9a701e
NEWS_CANDIDATE_047917_9f7b0a06,GOCEAN,,"FBM KLCI surges 25 points, snapping five-day losing streak",The Star,2025-03-13,https://www.thestar.com.my/business/business-news/2025/03/13/fbm-klci-surges-25-points-snapping-five-day-losing-streak,1669,,,,,wrong_company,"Another target company's strong alias appears, but the row ticker's target alias does not.",No,wrong_company,none,No,No,No,No,Yes,wrong_company,0,0,3d39e7495d4247b18f22759b28fb88e3a2c2e086630b63e0d0abc8653c2f4524,"New_news_GOCEAN_GOCEAN_news_csv:{""row_number"": 1619}:10bf08385177",manual_preserve,manual_preserve_v1,New_news/GOCEAN/GOCEAN_news.csv,da370549640997ae8147ffe44f9ea7efc107a543b76731ac4c919f581c9a701e
NEWS_CANDIDATE_047949_bdb44bc4,GOCEAN,,Bargain hunting ends four-day losing streak on Bursa Malaysia,The Star,2025-03-05,https://www.thestar.com.my/business/business-news/2025/03/05/bargain-hunting-ends-four-day-losing-streak-on-bursa-malaysia,1459,,,,,wrong_company,"Another target company's strong alias appears, but the row ticker's target alias does not.",No,wrong_company,none,No,No,No,No,Yes,wrong_company,1,0,eae47b2f24a84e9d4de253bfbe2d1fe310cc6823679cc309b5d339fcb4e5eab1,"New_news_GOCEAN_GOCEAN_news_csv:{""row_number"": 1651}:bb39ce9e2339",manual_preserve,manual_preserve_v1,New_news/GOCEAN/GOCEAN_news.csv,da370549640997ae8147ffe44f9ea7efc107a543b76731ac4c919f581c9a701e
NEWS_CANDIDATE_047953_a614a66f,GOCEAN,,Bursa Malaysia ends week lower amid cautious sentiment,The Star,2025-03-07,https://www.thestar.com.my/business/business-news/2025/03/07/bursa-malaysia-ends-week-lower-amid-cautious-sentiment,1773,,,,,wrong_company,"Another target company's strong alias appears, but the row ticker's target alias does not.",No,wrong_company,none,No,No,No,No,Yes,wrong_company,1,0,b1f686b98a36e8da8e130753a0066d16f2febc3398e864874d4f1161b7b1c17f,"New_news_GOCEAN_GOCEAN_news_csv:{""row_number"": 1655}:363ee3c3831c",manual_preserve,manual_preserve_v1,New_news/GOCEAN/GOCEAN_news.csv,da370549640997ae8147ffe44f9ea7efc107a543b76731ac4c919f581c9a701e
NEWS_CANDIDATE_047991_5f6d9630,GOCEAN,,FBM KLCI slips as investors lock in profits,The Star,2025-02-27,https://www.thestar.com.my/business/business-news/2025/02/27/fbm-klci-slips-as-investors-lock-in-profits,1539,,,,,wrong_company,"Another target company's strong alias appears, but the row ticker's target alias does not.",No,wrong_company,none,No,No,No,No,Yes,wrong_company,1,0,5d2ba0bb6e7ca4729c8971623d8550e733dd4a513190cbd16e6a4bb7900f9709,"New_news_GOCEAN_GOCEAN_news_csv:{""row_number"": 1693}:8f08c70d1d2a",manual_preserve,manual_preserve_v1,New_news/GOCEAN/GOCEAN_news.csv,da370549640997ae8147ffe44f9ea7efc107a543b76731ac4c919f581c9a701e
NEWS_CANDIDATE_048000_bf1478f2,GOCEAN,,Last-minute selling drags Bursa Malaysia lower as regional markets retreat,The Star,2025-02-28,https://www.thestar.com.my/business/business-news/2025/02/28/last-minute-selling-drags-bursa-malaysia-lower-as-regional-markets-retreat,1620,,,,,wrong_company,"Another target company's strong alias appears, but the row ticker's target alias does not.",No,wrong_company,none,No,No,No,No,Yes,wrong_company,1,0,05420d92c5c9bfd06cf14b8065b19da9852252c662cb4bde914e82b7bfafd48c,"New_news_GOCEAN_GOCEAN_news_csv:{""row_number"": 1702}:62264a8e8e6d",manual_preserve,manual_preserve_v1,New_news/GOCEAN/GOCEAN_news.csv,da370549640997ae8147ffe44f9ea7efc107a543b76731ac4c919f581c9a701e
NEWS_CANDIDATE_048038_df3832ee,GOCEAN,,Selling pressure keeps FBM KLCI in the red amid weak sentiment,The Star,2025-02-20,https://www.thestar.com.my/business/business-news/2025/02/20/selling-pressure-keeps-fbm-klci-in-the-red-amid-weak-sentiment,1739,,,,,wrong_company,"Another target company's strong alias appears, but the row ticker's target alias does not.",No,wrong_company,none,No,No,No,No,Yes,wrong_company,1,0,7abad519957ef98c6838165736c8a0b991aeacd4a02b5dcc3e7691c726a51193,"New_news_GOCEAN_GOCEAN_news_csv:{""row_number"": 1740}:0c5e5e70b3aa",manual_preserve,manual_preserve_v1,New_news/GOCEAN/GOCEAN_news.csv,da370549640997ae8147ffe44f9ea7efc107a543b76731ac4c919f581c9a701e
NEWS_CANDIDATE_048039_aad0b5d4,GOCEAN,,FBM KLCI sinks deeper into the red at midday,The Star,2025-02-20,https://www.thestar.com.my/business/business-news/2025/02/20/fbm-klci-sinks-deeper-into-the-red-at-midday,1405,,,,,wrong_company,"Another target company's strong alias appears, but the row ticker's target alias does not.",No,wrong_company,none,No,No,No,No,Yes,wrong_company,1,0,3ceae16ecb70b1cb48fb2ff198f6f7697bde53e40008576f00f78cf7d100baa9,"New_news_GOCEAN_GOCEAN_news_csv:{""row_number"": 1741}:9f00d55add4e",manual_preserve,manual_preserve_v1,New_news/GOCEAN/GOCEAN_news.csv,da370549640997ae8147ffe44f9ea7efc107a543b76731ac4c919f581c9a701e
NEWS_CANDIDATE_048043_893fff72,GOCEAN,,FBM KLCI ends lower as heavyweights drag; glovemakers in focus,The Star,2025-02-19,https://www.thestar.com.my/business/business-news/2025/02/19/fbm-klci-ends-lower-as-heavyweights-drag-glovemakers-in-focus,2405,,,,,wrong_company,"Another target company's strong alias appears, but the row ticker's target alias does not.",No,wrong_company,none,No,No,No,No,Yes,wrong_company,1,0,d69fc17f6cc183c93131b6cabba7ea6b6a9605f0db95a4e6e7a78623346d1cd1,"New_news_GOCEAN_GOCEAN_news_csv:{""row_number"": 1745}:bef4c5f8d6b7",manual_preserve,manual_preserve_v1,New_news/GOCEAN/GOCEAN_news.csv,da370549640997ae8147ffe44f9ea7efc107a543b76731ac4c919f581c9a701e
NEWS_CANDIDATE_048081_1542ca99,GOCEAN,,Wilmar’s latest acquisition to bolster earnings,The Star,2025-02-12,https://www.thestar.com.my/business/business-news/2025/02/12/wilmars-latest-acquisition-to-bolster-earnings,3569,,,,,wrong_company,"Another target company's strong alias appears, but the row ticker's target alias does not.",No,wrong_company,none,No,No,No,No,Yes,wrong_company,1,0,8d84f9d6bc03f60d52cd4cf9a16fa2f229daf435c3ed219b05df2e13c1f578a3,"New_news_GOCEAN_GOCEAN_news_csv:{""row_number"": 1783}:04ee7404b891",manual_preserve,manual_preserve_v1,New_news/GOCEAN/GOCEAN_news.csv,da370549640997ae8147ffe44f9ea7efc107a543b76731ac4c919f581c9a701e
NEWS_CANDIDATE_048111_7c7de93b,GOCEAN,,Last-minute buying drives FBM KLCI higher for third consecutive session,The Star,2025-02-06,https://www.thestar.com.my/business/business-news/2025/02/06/last-minute-buying-drives-fbm-klci-higher-for-third-consecutive-session,1867,,,,,wrong_company,"Another target company's strong alias appears, but the row ticker's target alias does not.",No,wrong_company,none,No,No,No,No,Yes,wrong_company,1,0,aac3cd4defc32c0d5dafd7a010b4b93b9fe79801d280f5966e85da89856402c7,"New_news_GOCEAN_GOCEAN_news_csv:{""row_number"": 1813}:a92273df2d14",manual_preserve,manual_preserve_v1,New_news/GOCEAN/GOCEAN_news.csv,da370549640997ae8147ffe44f9ea7efc107a543b76731ac4c919f581c9a701e
NEWS_CANDIDATE_048120_72e0afaa,GOCEAN,,"FBM KLCI continues upward trend, closing higher on Wednesday",The Star,2025-02-05,https://www.thestar.com.my/business/business-news/2025/02/05/fbm-klci-continues-upward-trend-closing-higher-on-wednesday,1444,,,,,wrong_company,"Another target company's strong alias appears, but the row ticker's target alias does not.",No,wrong_company,none,No,No,No,No,Yes,wrong_company,1,0,3b398418e1ceaab3cae1c197147c187cf11fddbfa16c9db8b5bae7f1243dea8d,"New_news_GOCEAN_GOCEAN_news_csv:{""row_number"": 1822}:9734b218b7f8",manual_preserve,manual_preserve_v1,New_news/GOCEAN/GOCEAN_news.csv,da370549640997ae8147ffe44f9ea7efc107a543b76731ac4c919f581c9a701e
NEWS_CANDIDATE_048164_5bf8ae15,GOCEAN,,"FBM KLCI skids as YTL Corp, YTL Power drag",The Star,2025-01-27,https://www.thestar.com.my/business/business-news/2025/01/27/fbm-klci-skids-as-ytl-corp-ytl-power-drag,2105,,,,,wrong_company,"Another target company's strong alias appears, but the row ticker's target alias does not.",No,wrong_company,none,No,No,No,No,Yes,wrong_company,1,0,726394f0ef17142e2346e4a5140e49b7c65488e45176459cbd490908c724879c,"New_news_GOCEAN_GOCEAN_news_csv:{""row_number"": 1866}:33d9f3b84753",manual_preserve,manual_preserve_v1,New_news/GOCEAN/GOCEAN_news.csv,da370549640997ae8147ffe44f9ea7efc107a543b76731ac4c919f581c9a701e
NEWS_CANDIDATE_048208_d1b6e3db,GOCEAN,,Bursa Malaysia ends week in the red despite trimming losses,The Star,2025-01-24,https://www.thestar.com.my/business/business-news/2025/01/24/bursa-malaysia-ends-week-in-the-red-despite-trimming-losses,1596,,,,,wrong_company,"Another target company's strong alias appears, but the row ticker's target alias does not.",No,wrong_company,none,No,No,No,No,Yes,wrong_company,1,0,c72791152150bec0335e340e23b778f8d7e90bf4901a539c4f6c08ba95d6bdd7,"New_news_GOCEAN_GOCEAN_news_csv:{""row_number"": 1910}:d5a39e380b6c",manual_preserve,manual_preserve_v1,New_news/GOCEAN/GOCEAN_news.csv,da370549640997ae8147ffe44f9ea7efc107a543b76731ac4c919f581c9a701e
NEWS_CANDIDATE_048217_be8d95e2,GOCEAN,,Bursa Malaysia snaps winning streak; Oriental Kopi soars 98.86%,The Star,2025-01-23,https://www.thestar.com.my/business/business-news/2025/01/23/bursa-malaysia-snaps-winning-streak-oriental-kopi-soars-9886,1579,,,,,wrong_company,"Another target company's strong alias appears, but the row ticker's target alias does not.",No,wrong_company,none,No,No,No,No,Yes,wrong_company,1,0,28af73376c1db29c609ecde32a5130efd9373b900b89c5cafa52065b07dbb230,"New_news_GOCEAN_GOCEAN_news_csv:{""row_number"": 1919}:3ef34d9fe787",manual_preserve,manual_preserve_v1,New_news/GOCEAN/GOCEAN_news.csv,da370549640997ae8147ffe44f9ea7efc107a543b76731ac4c919f581c9a701e
NEWS_CANDIDATE_048273_c68a5d7f,GOCEAN,,"FBM KLCI edges up, bucks regional trend",The Star,2025-01-10,https://www.thestar.com.my/business/business-news/2025/01/10/fbm-klci-edges-up-bucks-regional-trend,1797,,,,,wrong_company,"Another target company's strong alias appears, but the row ticker's target alias does not.",No,wrong_company,none,No,No,No,No,Yes,wrong_company,1,0,232775f9c1ed3746ca06d2a27401e039da02618098efb62f6c7c5e0c3e6a0e9e,"New_news_GOCEAN_GOCEAN_news_csv:{""row_number"": 1975}:4e028bd0c7cc",manual_preserve,manual_preserve_v1,New_news/GOCEAN/GOCEAN_news.csv,da370549640997ae8147ffe44f9ea7efc107a543b76731ac4c919f581c9a701e
NEWS_CANDIDATE_048307_c9191090,GOCEAN,,FBM KLCI slips for second day amid mixed regional sentiment,The Star,2025-01-03,https://www.thestar.com.my/business/business-news/2025/01/03/fbm-klci-slips-for-second-day-amid-mixed-regional-sentiment,1848,,,,,wrong_company,"Another target company's strong alias appears, but the row ticker's target alias does not.",No,wrong_company,none,No,No,No,No,Yes,wrong_company,1,0,18f3e0107166471adb02aa539b922e1740937d69053746254d65bf817240dcb6,"New_news_GOCEAN_GOCEAN_news_csv:{""row_number"": 2009}:38d7712c6af9",manual_preserve,manual_preserve_v1,New_news/GOCEAN/GOCEAN_news.csv,da370549640997ae8147ffe44f9ea7efc107a543b76731ac4c919f581c9a701e
NEWS_CANDIDATE_048342_ac75ad6a,GOCEAN,,"FBM KLCI rises 0.9%, led by TNB in year-end window dressing",The Star,2024-12-27,https://www.thestar.com.my/business/business-news/2024/12/27/fbm-klci-rises-09-led-by-tnb-in-year-end-window-dressing,1945,,,,,wrong_company,"Another target company's strong alias appears, but the row ticker's target alias does not.",No,wrong_company,none,No,No,No,No,Yes,wrong_company,1,0,49c8d248d7220f363269d96cb0435f41a6d2cef7f145cebfd40b4b527f7465e2,"New_news_GOCEAN_GOCEAN_news_csv:{""row_number"": 2044}:c3ad5b18a4a4",manual_preserve,manual_preserve_v1,New_news/GOCEAN/GOCEAN_news.csv,da370549640997ae8147ffe44f9ea7efc107a543b76731ac4c919f581c9a701e
NEWS_CANDIDATE_048353_4bd03405,GOCEAN,,"FBM KLCI up in early trade, tracking Wall Street gains",The Star,2024-12-24,https://www.thestar.com.my/business/business-news/2024/12/24/fbm-klci-up-in-early-trade-tracking-wall-street-gains,1868,,,,,wrong_company,"Another target company's strong alias appears, but the row ticker's target alias does not.",No,wrong_company,none,No,No,No,No,Yes,wrong_company,1,0,ccb7a162dd2e7297ed6f6be21c9b3ff489d1310e777f067c5f8e3df849fad9b9,"New_news_GOCEAN_GOCEAN_news_csv:{""row_number"": 2055}:2b9372ccfa7f",manual_preserve,manual_preserve_v1,New_news/GOCEAN/GOCEAN_news.csv,da370549640997ae8147ffe44f9ea7efc107a543b76731ac4c919f581c9a701e
NEWS_CANDIDATE_048392_b7d41a36,GOCEAN,,"FBM KLCI rebounds above 1,600-point mark at midday",The Star,2024-12-18,https://www.thestar.com.my/business/business-news/2024/12/18/fbm-klci-rebounds-above-1600-point-mark-at-midday,1548,,,,,wrong_company,"Another target company's strong alias appears, but the row ticker's target alias does not.",No,wrong_company,none,No,No,No,No,Yes,wrong_company,1,0,da016c7a2e5fc506172c95140e3c2beab99ca5d5839bfffdbf323d6ba3b38850,"New_news_GOCEAN_GOCEAN_news_csv:{""row_number"": 2094}:f3a6b3ced27f",manual_preserve,manual_preserve_v1,New_news/GOCEAN/GOCEAN_news.csv,da370549640997ae8147ffe44f9ea7efc107a543b76731ac4c919f581c9a701e
NEWS_CANDIDATE_048577_b7acc67a,GOCEAN,,FBM KLCI extends loss for second day running,The Star,2024-11-08,https://www.thestar.com.my/business/business-news/2024/11/08/fbm-klci-extends-loss-for-second-day-running,1462,,,,,wrong_company,"Another target company's strong alias appears, but the row ticker's target alias does not.",No,wrong_company,none,No,No,No,No,Yes,wrong_company,1,0,d0b0c887980ddfcda106f8a20e326c929d8c01cf59cd9ee95400274f9fbe3786,"New_news_GOCEAN_GOCEAN_news_csv:{""row_number"": 2279}:3ff3c11ccd02",manual_preserve,manual_preserve_v1,New_news/GOCEAN/GOCEAN_news.csv,da370549640997ae8147ffe44f9ea7efc107a543b76731ac4c919f581c9a701e
NEWS_CANDIDATE_048603_28f1cee7,GOCEAN,,"FBM KLCI gains in early trade, tracking Wall Street rally after Fed rate cut",The Star,2024-11-08,https://www.thestar.com.my/business/business-news/2024/11/08/fbm-klci-gains-in-early-trade-tracking-wall-street-rally-after-fed-rate-cut,2164,,,,,wrong_company,"Another target company's strong alias appears, but the row ticker's target alias does not.",No,wrong_company,none,No,No,No,No,Yes,wrong_company,1,0,0b5ff653fb3e55359a8efceefcb9d616109c5ab82fc42d3440435bb2e5a6acb3,"New_news_GOCEAN_GOCEAN_news_csv:{""row_number"": 2305}:2cd135356221",manual_preserve,manual_preserve_v1,New_news/GOCEAN/GOCEAN_news.csv,da370549640997ae8147ffe44f9ea7efc107a543b76731ac4c919f581c9a701e
NEWS_CANDIDATE_048678_8dc21626,GOCEAN,,Nestle records turnover of RM4.75bil in 9M24,The Star,2024-10-25,https://www.thestar.com.my/business/business-news/2024/10/25/nestle-records-turnover-of-rm475bil-in-9m24,1727,,,,,wrong_company,"Another target company's strong alias appears, but the row ticker's target alias does not.",No,wrong_company,none,No,No,No,No,Yes,wrong_company,1,0,8befdb7491f3770d5abe705cd6c94556276e55add34223ffa321b961a18e0202,"New_news_GOCEAN_GOCEAN_news_csv:{""row_number"": 2380}:a57b391ff8a2",manual_preserve,manual_preserve_v1,New_news/GOCEAN/GOCEAN_news.csv,da370549640997ae8147ffe44f9ea7efc107a543b76731ac4c919f581c9a701e
NEWS_CANDIDATE_048698_0825db59,GOCEAN,,FBM KLCI little changed in early trade,The Star,2024-10-25,https://www.thestar.com.my/business/business-news/2024/10/25/fbm-klci-little-changed-in-early-trade,1944,,,,,wrong_company,"Another target company's strong alias appears, but the row ticker's target alias does not.",No,wrong_company,none,No,No,No,No,Yes,wrong_company,1,0,e3933a9307710842ce4008886b79bd871beac4d5a97c67662a517f888a30e214,"New_news_GOCEAN_GOCEAN_news_csv:{""row_number"": 2400}:64a1aae3599b",manual_preserve,manual_preserve_v1,New_news/GOCEAN/GOCEAN_news.csv,da370549640997ae8147ffe44f9ea7efc107a543b76731ac4c919f581c9a701e
NEWS_CANDIDATE_048774_eec23adb,GOCEAN,,FBM KLCI slips in line with region as Public Bank leads decline,The Star,2024-10-11,https://www.thestar.com.my/business/business-news/2024/10/11/fbm-klci-slips-in-line-with-region-as-public-bank-leads-decline,1779,,,,,wrong_company,"Another target company's strong alias appears, but the row ticker's target alias does not.",No,wrong_company,none,No,No,No,No,Yes,wrong_company,1,0,cb64c86fea75fb55c9742af0b6f5074702e34b649586ead5144e92cfa55d0a2a,"New_news_GOCEAN_GOCEAN_news_csv:{""row_number"": 2476}:020076a1e675",manual_preserve,manual_preserve_v1,New_news/GOCEAN/GOCEAN_news.csv,da370549640997ae8147ffe44f9ea7efc107a543b76731ac4c919f581c9a701e
NEWS_CANDIDATE_048792_17ab9e39,GOCEAN,,FBM KLCI dips 5.51 points at midday as Public Bank weighs,The Star,2024-10-11,https://www.thestar.com.my/business/business-news/2024/10/11/fbm-klci-dips-551-points-at-midday-as-public-bank-weighs,2052,,,,,wrong_company,"Another target company's strong alias appears, but the row ticker's target alias does not.",No,wrong_company,none,No,No,No,No,Yes,wrong_company,1,0,b4481549217370236e8590d9ee385d50b68294fc57e22970daf7462373fe6976,"New_news_GOCEAN_GOCEAN_news_csv:{""row_number"": 2494}:47a1f689da71",manual_preserve,manual_preserve_v1,New_news/GOCEAN/GOCEAN_news.csv,da370549640997ae8147ffe44f9ea7efc107a543b76731ac4c919f581c9a701e
NEWS_CANDIDATE_048811_7bd0e7c6,GOCEAN,,FBM KLCI bucks regional trend to close lower,The Star,2024-10-04,https://www.thestar.com.my/business/business-news/2024/10/04/fbm-klci-bucks-regional-trend-to-close-lower,1506,,,,,wrong_company,"Another target company's strong alias appears, but the row ticker's target alias does not.",No,wrong_company,none,No,No,No,No,Yes,wrong_company,1,0,a6c3bf0f9944686d94f0d68257a37288f9048760e88e728f6cfbd64663474195,"New_news_GOCEAN_GOCEAN_news_csv:{""row_number"": 2513}:bcd7edd130b6",manual_preserve,manual_preserve_v1,New_news/GOCEAN/GOCEAN_news.csv,da370549640997ae8147ffe44f9ea7efc107a543b76731ac4c919f581c9a701e
NEWS_CANDIDATE_048817_0ebe86d0,GOCEAN,,Bursa Malaysia closes lower on concerns over Middle East tensions,The Star,2024-10-02,https://www.thestar.com.my/business/business-news/2024/10/02/bursa-malaysia-closes-lower-on-concerns-over-middle-east-tensions,3829,,,,,wrong_company,"Another target company's strong alias appears, but the row ticker's target alias does not.",No,wrong_company,none,No,No,No,No,Yes,wrong_company,1,0,0d6bf79e5e3a03032920a27a6ed519b38d7f098ff90906ba2e3213a713fadcf3,"New_news_GOCEAN_GOCEAN_news_csv:{""row_number"": 2519}:4e9e61a40274",manual_preserve,manual_preserve_v1,New_news/GOCEAN/GOCEAN_news.csv,da370549640997ae8147ffe44f9ea7efc107a543b76731ac4c919f581c9a701e
NEWS_CANDIDATE_048826_d9381752,GOCEAN,,"FBM KLCI reverses early losses, climbs 2.24 points",The Star,2024-10-03,https://www.thestar.com.my/business/business-news/2024/10/03/fbm-klci-reverses-early-losses-climbs-224-points,1576,,,,,wrong_company,"Another target company's strong alias appears, but the row ticker's target alias does not.",No,wrong_company,none,No,No,No,No,Yes,wrong_company,1,0,08f191872542ce3bda57b9af546ef44c932cce569097ca5f4b129745de40418b,"New_news_GOCEAN_GOCEAN_news_csv:{""row_number"": 2528}:e8a8ca5ca36f",manual_preserve,manual_preserve_v1,New_news/GOCEAN/GOCEAN_news.csv,da370549640997ae8147ffe44f9ea7efc107a543b76731ac4c919f581c9a701e
NEWS_CANDIDATE_048943_ac2f58db,GOCEAN,,"YTL Power, YTL Corp drive FBM KLCI higher at midday",The Star,2024-09-12,https://www.thestar.com.my/business/business-news/2024/09/12/ytl-power-ytl-corp-drive-fbm-klci-higher-at-midday,2101,,,,,wrong_company,"Another target company's strong alias appears, but the row ticker's target alias does not.",No,wrong_company,none,No,No,No,No,Yes,wrong_company,1,0,01c714370d7399718be457235d44edb475c328c7fbf8b584be21548ef060ebf1,"New_news_GOCEAN_GOCEAN_news_csv:{""row_number"": 2645}:d0e15ad55f91",manual_preserve,manual_preserve_v1,New_news/GOCEAN/GOCEAN_news.csv,da370549640997ae8147ffe44f9ea7efc107a543b76731ac4c919f581c9a701e
NEWS_CANDIDATE_048954_ea1bf533,GOCEAN,,FBM KLCI ends on a high note; Property Index surges 2.26%,The Star,2024-09-13,https://www.thestar.com.my/business/business-news/2024/09/13/fbm-klci-ends-on-a-high-note-property-index-surges-226,1857,,,,,wrong_company,"Another target company's strong alias appears, but the row ticker's target alias does not.",No,wrong_company,none,No,No,No,No,Yes,wrong_company,1,0,7e6da608c10abf94ca1f42ef8c934c462940835909b7db1ee807d0d8dd3436e9,"New_news_GOCEAN_GOCEAN_news_csv:{""row_number"": 2656}:c4be5d4d5883",manual_preserve,manual_preserve_v1,New_news/GOCEAN/GOCEAN_news.csv,da370549640997ae8147ffe44f9ea7efc107a543b76731ac4c919f581c9a701e
NEWS_CANDIDATE_048960_bfb55041,GOCEAN,,Concoctions to liven up KL’s bar scene,The Star,2024-09-13,https://www.thestar.com.my/metro/metro-news/2024/09/13/concoctions-to-liven-up-kls-bar-scene,6617,,,,,wrong_company,"Another target company's strong alias appears, but the row ticker's target alias does not.",No,wrong_company,none,No,No,No,No,Yes,wrong_company,1,0,c26243e1d48a7b6742ba6550096cad3c003229692f25ee85af8922524681a669,"New_news_GOCEAN_GOCEAN_news_csv:{""row_number"": 2662}:9590a6a9921f",manual_preserve,manual_preserve_v1,New_news/GOCEAN/GOCEAN_news.csv,da370549640997ae8147ffe44f9ea7efc107a543b76731ac4c919f581c9a701e
NEWS_CANDIDATE_049007_6b0eabb6,GOCEAN,,FBM KLCI rallies 1.53% to close at nearly fresh 4-year high,The Star,2024-08-30,https://www.thestar.com.my/business/business-news/2024/08/30/fbm-klci-rallies-153-to-close-at-nearly-fresh-4-year-high,2032,,,,,wrong_company,"Another target company's strong alias appears, but the row ticker's target alias does not.",No,wrong_company,none,No,No,No,No,Yes,wrong_company,1,0,4ddefed023f794fe9d1ab7199eda929641468fd695f2d16beac1a81225a2145b,"New_news_GOCEAN_GOCEAN_news_csv:{""row_number"": 2709}:3e60d9a4c669",manual_preserve,manual_preserve_v1,New_news/GOCEAN/GOCEAN_news.csv,da370549640997ae8147ffe44f9ea7efc107a543b76731ac4c919f581c9a701e
NEWS_CANDIDATE_049009_1044bcb3,GOCEAN,,"Trading ideas: Axiata, KIP REIT, Binastra, AmanahRaya REIT, 99 Speed Mart, TNB, Press Metal, IHH, PPB, Genting, GenM, Velesto, Hong Leong",The Star,2024-08-30,https://www.thestar.com.my/business/business-news/2024/08/30/trading-ideas-axiata-kip-reit-binastra-amanahraya-reit-99-speed-mart-tnb-press-metal-ihh-ppb-genting-genm-velesto-hong-leong,2844,,,,,wrong_company,"Another target company's strong alias appears, but the row ticker's target alias does not.",No,wrong_company,none,No,No,No,No,Yes,wrong_company,1,0,d83851448eb4a7bda365748f205e6f8b23e9b10e6aec88e491692ab60270b916,"New_news_GOCEAN_GOCEAN_news_csv:{""row_number"": 2711}:6a2e8e435456",manual_preserve,manual_preserve_v1,New_news/GOCEAN/GOCEAN_news.csv,da370549640997ae8147ffe44f9ea7efc107a543b76731ac4c919f581c9a701e
NEWS_CANDIDATE_049054_1bb61a0e,GOCEAN,,MSM to strengthen domestic sales,The Star,2024-08-23,https://www.thestar.com.my/business/business-news/2024/08/23/msm-to-strengthen-domestic-sales,1716,,,,,wrong_company,"Another target company's strong alias appears, but the row ticker's target alias does not.",No,wrong_company,none,No,No,No,No,Yes,wrong_company,1,0,f842accfc7fbb78410c89c7aaaa12df0f3fa483d14372b58a934add2d1440d52,"New_news_GOCEAN_GOCEAN_news_csv:{""row_number"": 2756}:6afb0a54f5d8",manual_preserve,manual_preserve_v1,New_news/GOCEAN/GOCEAN_news.csv,da370549640997ae8147ffe44f9ea7efc107a543b76731ac4c919f581c9a701e
NEWS_CANDIDATE_049056_e0cb7558,GOCEAN,,MSM posts bigger loss in 2Q,The Star,2024-08-22,https://www.thestar.com.my/business/business-news/2024/08/22/msm-posts-bigger-loss-in-2q,1676,,,,,wrong_company,"Another target company's strong alias appears, but the row ticker's target alias does not.",No,wrong_company,none,No,No,No,No,Yes,wrong_company,1,0,27f6adc12a76c6b160957372eb8d9e7c3d0d0f217fdf98e5880e5253ccd565ba,"New_news_GOCEAN_GOCEAN_news_csv:{""row_number"": 2758}:4f090e24b969",manual_preserve,manual_preserve_v1,New_news/GOCEAN/GOCEAN_news.csv,da370549640997ae8147ffe44f9ea7efc107a543b76731ac4c919f581c9a701e
NEWS_CANDIDATE_049059_b6c1ce48,GOCEAN,,"Trading ideas: TNB, SD Guthrie, Tuju Setia, Glomac, Powerwell, YXPM, YTL, Maxis, YTL Power, SD Guthrie, LPI, Pos, Dutch Lady, Amway, Apex Healthcare, Pharmaniaga, MMHE",The Star,2024-08-22,https://www.thestar.com.my/business/business-news/2024/08/22/trading-ideas-tnb-sd-guthrie-tuju-setia-glomac-powerwell-yxpm-ytl-maxis-ytl-power-sd-guthrie-lpi-pos-dutch-lady-amway-apex-healthcare-pharmaniaga-mmhe,3082,,,,,wrong_company,"Another target company's strong alias appears, but the row ticker's target alias does not.",No,wrong_company,none,No,No,No,No,Yes,wrong_company,1,0,59ff778666c4f878574104d4b1d2b6b464f6642a31b0b544e298a30f523213b3,"New_news_GOCEAN_GOCEAN_news_csv:{""row_number"": 2761}:6cecd6a0e507",manual_preserve,manual_preserve_v1,New_news/GOCEAN/GOCEAN_news.csv,da370549640997ae8147ffe44f9ea7efc107a543b76731ac4c919f581c9a701e
NEWS_CANDIDATE_049066_9db04964,GOCEAN,,Bursa Malaysia ends in the red with 888 counters lower,The Star,2024-08-23,https://www.thestar.com.my/business/business-news/2024/08/23/bursa-malaysia-ends-in-the-red-with-888-counters-lower,1774,,,,,wrong_company,"Another target company's strong alias appears, but the row ticker's target alias does not.",No,wrong_company,none,No,No,No,No,Yes,wrong_company,1,0,db16a8ba5b6e382cb97e5d5e25a6aab0a3725bd73a500954f0ac6c4d85f6bf0d,"New_news_GOCEAN_GOCEAN_news_csv:{""row_number"": 2768}:8f44a601d2be",manual_preserve,manual_preserve_v1,New_news/GOCEAN/GOCEAN_news.csv,da370549640997ae8147ffe44f9ea7efc107a543b76731ac4c919f581c9a701e
NEWS_CANDIDATE_049073_48fd5db2,GOCEAN,,"Bursa Malaysia rebounds, but market breadth stays negative",The Star,2024-08-22,https://www.thestar.com.my/business/business-news/2024/08/22/bursa-malaysia-rebounds-but-market-breadth-stays-negative,1605,,,,,wrong_company,"Another target company's strong alias appears, but the row ticker's target alias does not.",No,wrong_company,none,No,No,No,No,Yes,wrong_company,1,0,9dd9de7c8f2f65648851ffdb2054a98b5df6fac70a543c36c2d02b606bd598e0,"New_news_GOCEAN_GOCEAN_news_csv:{""row_number"": 2775}:1485106e5b0a",manual_preserve,manual_preserve_v1,New_news/GOCEAN/GOCEAN_news.csv,da370549640997ae8147ffe44f9ea7efc107a543b76731ac4c919f581c9a701e
NEWS_CANDIDATE_049099_613bac95,GOCEAN,,Strong 2Q GDP boosts sentiment on Bursa Malaysia,The Star,2024-08-16,https://www.thestar.com.my/business/business-news/2024/08/16/strong-2q-gdp-boosts-sentiment-on-bursa-malaysia,1721,,,,,wrong_company,"Another target company's strong alias appears, but the row ticker's target alias does not.",No,wrong_company,none,No,No,No,No,Yes,wrong_company,1,0,6e722cb8934e92f7fae14a1c75e0650e208e1dfd2c98a0831a26f504749f4fe9,"New_news_GOCEAN_GOCEAN_news_csv:{""row_number"": 2801}:687cf7edad19",manual_preserve,manual_preserve_v1,New_news/GOCEAN/GOCEAN_news.csv,da370549640997ae8147ffe44f9ea7efc107a543b76731ac4c919f581c9a701e
NEWS_CANDIDATE_049107_e95be1b1,GOCEAN,,Bursa Malaysia bounces back into positive territory,The Star,2024-08-14,https://www.thestar.com.my/business/business-news/2024/08/14/bursa-malaysia-bounces-back-into-positive-territory,1358,,,,,wrong_company,"Another target company's strong alias appears, but the row ticker's target alias does not.",No,wrong_company,none,No,No,No,No,Yes,wrong_company,1,0,6b01debeedfc83c53f613b6613622c6ca15a90dba65bd9974b8cee8ca5228c54,"New_news_GOCEAN_GOCEAN_news_csv:{""row_number"": 2809}:950268462a23",manual_preserve,manual_preserve_v1,New_news/GOCEAN/GOCEAN_news.csv,da370549640997ae8147ffe44f9ea7efc107a543b76731ac4c919f581c9a701e
NEWS_CANDIDATE_049108_f337f687,GOCEAN,,Investors keep to sidelines in lead up to corporate results,The Star,2024-08-14,https://www.thestar.com.my/business/business-news/2024/08/14/investors-keep-to-sidelines-in-lead-up-to-corporate-results,1145,,,,,wrong_company,"Another target company's strong alias appears, but the row ticker's target alias does not.",No,wrong_company,none,No,No,No,No,Yes,wrong_company,1,0,db3d297066c3a19407c2514414c50d4422e107cf4e22664f4e1ee237944d5024,"New_news_GOCEAN_GOCEAN_news_csv:{""row_number"": 2810}:473f63e69298",manual_preserve,manual_preserve_v1,New_news/GOCEAN/GOCEAN_news.csv,da370549640997ae8147ffe44f9ea7efc107a543b76731ac4c919f581c9a701e
NEWS_CANDIDATE_049132_9d1d1c83,GOCEAN,,FBM KLCI claws back to positive zone at midday,The Star,2024-08-08,https://www.thestar.com.my/business/business-news/2024/08/08/fbm-klci-claws-back-to-positive-zone-at-midday,1969,,,,,wrong_company,"Another target company's strong alias appears, but the row ticker's target alias does not.",No,wrong_company,none,No,No,No,No,Yes,wrong_company,1,0,bc59d3e674873c525689b113b33cc20c73d1074cde0a169809c688d0d43e9b30,"New_news_GOCEAN_GOCEAN_news_csv:{""row_number"": 2834}:d56f30b85074",manual_preserve,manual_preserve_v1,New_news/GOCEAN/GOCEAN_news.csv,da370549640997ae8147ffe44f9ea7efc107a543b76731ac4c919f581c9a701e
NEWS_CANDIDATE_049133_b51cace4,GOCEAN,,"Trading ideas: Uzma, Willowglen, Cape EMS, Heineken Malaysia, Hup Seng, Sentral REIT, Kawan Renergy",The Star,2024-08-08,https://www.thestar.com.my/business/business-news/2024/08/08/trading-ideas-uzma-willowglen-cape-ems-heineken-malaysia-hup-seng-sentral-reit-kawan-renergy,2283,,,,,wrong_company,"Another target company's strong alias appears, but the row ticker's target alias does not.",No,wrong_company,none,No,No,No,No,Yes,wrong_company,1,0,7bed670a23aed4f6a1b59e8cb328ac948df0b05754c0a894c8522584ef6e7e1c,"New_news_GOCEAN_GOCEAN_news_csv:{""row_number"": 2835}:836fb8a729bc",manual_preserve,manual_preserve_v1,New_news/GOCEAN/GOCEAN_news.csv,da370549640997ae8147ffe44f9ea7efc107a543b76731ac4c919f581c9a701e
NEWS_CANDIDATE_049137_9bbc802d,GOCEAN,,Strong growth for Heineken in 1H24,The Star,2024-08-08,https://www.thestar.com.my/business/business-news/2024/08/08/strong-growth-for-heineken-in-1h24,3899,,,,,wrong_company,"Another target company's strong alias appears, but the row ticker's target alias does not.",No,wrong_company,none,No,No,No,No,Yes,wrong_company,1,0,cba998dfeebf7278eb23faa68df68e486fd20d7dee1f7a5822a84b64fbff20af,"New_news_GOCEAN_GOCEAN_news_csv:{""row_number"": 2839}:4a0b71c322d5",manual_preserve,manual_preserve_v1,New_news/GOCEAN/GOCEAN_news.csv,da370549640997ae8147ffe44f9ea7efc107a543b76731ac4c919f581c9a701e
NEWS_CANDIDATE_049146_54aa6edc,GOCEAN,,Bursa Malaysia rebound fizzles,The Star,2024-08-08,https://www.thestar.com.my/business/business-news/2024/08/08/bursa-malaysia-rebound-fizzles,1703,,,,,wrong_company,"Another target company's strong alias appears, but the row ticker's target alias does not.",No,wrong_company,none,No,No,No,No,Yes,wrong_company,1,0,b361ae66da516ba96e6eaa3644a6c0cec04ebb2b47a4803d792a5c27a700ae25,"New_news_GOCEAN_GOCEAN_news_csv:{""row_number"": 2848}:30e70bf9003a",manual_preserve,manual_preserve_v1,New_news/GOCEAN/GOCEAN_news.csv,da370549640997ae8147ffe44f9ea7efc107a543b76731ac4c919f581c9a701e
NEWS_CANDIDATE_049257_14043992,GOCEAN,,FBM KLCI rises on selective buying amid weak broader market,The Star,2024-07-19,https://www.thestar.com.my/business/business-news/2024/07/19/fbm-klci-rises-on-selective-buying-amid-weak-broader-market,1560,,,,,wrong_company,"Another target company's strong alias appears, but the row ticker's target alias does not.",No,wrong_company,none,No,No,No,No,Yes,wrong_company,1,0,56d739d22ff5e17ecec79e773ee67e9a0df9d92a91eb50c69ba075c97efec79a,"New_news_GOCEAN_GOCEAN_news_csv:{""row_number"": 2959}:0fbdb32060db",manual_preserve,manual_preserve_v1,New_news/GOCEAN/GOCEAN_news.csv,da370549640997ae8147ffe44f9ea7efc107a543b76731ac4c919f581c9a701e
NEWS_CANDIDATE_049291_746cc3de,GOCEAN,,FBM KLCI rises for second day on Fed rate cut optimism,The Star,2024-07-10,https://www.thestar.com.my/business/business-news/2024/07/10/fbm-klci-rises-for-second-day-on-fed-rate-cut-optimism,1450,,,,,wrong_company,"Another target company's strong alias appears, but the row ticker's target alias does not.",No,wrong_company,none,No,No,No,No,Yes,wrong_company,1,0,6db64d97b45f8abba54007d9cef0afc295823917d9fb985d3b7a9ba648e3bcd9,"New_news_GOCEAN_GOCEAN_news_csv:{""row_number"": 2993}:9b4881b21a64",manual_preserve,manual_preserve_v1,New_news/GOCEAN/GOCEAN_news.csv,da370549640997ae8147ffe44f9ea7efc107a543b76731ac4c919f581c9a701e
NEWS_CANDIDATE_049326_c5c5c2b7,GOCEAN,,FBM KLCI rebounds; Prolintas falls 3.85% amid probe,The Star,2024-06-26,https://www.thestar.com.my/business/business-news/2024/06/26/fbm-klci-rebounds-prolintas-falls-385-amid-probe,1584,,,,,wrong_company,"Another target company's strong alias appears, but the row ticker's target alias does not.",No,wrong_company,none,No,No,No,No,Yes,wrong_company,1,0,978a2e56f91df448293ebfd66c0c7725b14203029d7a1ff8ad9a27fe2d8b26ba,"New_news_GOCEAN_GOCEAN_news_csv:{""row_number"": 3028}:241433b5643a",manual_preserve,manual_preserve_v1,New_news/GOCEAN/GOCEAN_news.csv,da370549640997ae8147ffe44f9ea7efc107a543b76731ac4c919f581c9a701e
NEWS_CANDIDATE_049379_5ceb1f93,GOCEAN,,Bursa Malaysia ends lower on profit-taking,The Star,2024-06-19,https://www.thestar.com.my/business/business-news/2024/06/19/bursa-malaysia-ends-lower-on-profit-taking,3564,,,,,wrong_company,"Another target company's strong alias appears, but the row ticker's target alias does not.",No,wrong_company,none,No,No,No,No,Yes,wrong_company,1,0,a7ff01f73b8448ad384a92763faa75738f61bf4f3525344f8a88f25ddc89a205,"New_news_GOCEAN_GOCEAN_news_csv:{""row_number"": 3081}:b3c008dd2a8b",manual_preserve,manual_preserve_v1,New_news/GOCEAN/GOCEAN_news.csv,da370549640997ae8147ffe44f9ea7efc107a543b76731ac4c919f581c9a701e
NEWS_CANDIDATE_049424_5fa92c44,GOCEAN,,"Bursa Malaysia opens higher, boosted by strong Wall Street",The Star,2024-06-13,https://www.thestar.com.my/business/business-news/2024/06/13/bursa-malaysia-opens-higher-boosted-by-strong-wall-street,2498,,,,,wrong_company,"Another target company's strong alias appears, but the row ticker's target alias does not.",No,wrong_company,none,No,No,No,No,Yes,wrong_company,1,0,4928d61c7d8450aa039256b7cbb424bec5dd9ba6ffe368cf6ffd44ac7d79c14b,"New_news_GOCEAN_GOCEAN_news_csv:{""row_number"": 3126}:e946065005dc",manual_preserve,manual_preserve_v1,New_news/GOCEAN/GOCEAN_news.csv,da370549640997ae8147ffe44f9ea7efc107a543b76731ac4c919f581c9a701e
NEWS_CANDIDATE_049463_21485196,GOCEAN,,"Trading ideas: UEM, SD Guthrie, Feytech, Tex Cycle, Public Bank, GenM, MMAG, Nestle, SEGi, Serba Dinamik, AME Elite, DXN, MBSB, TNB, CIMB",The Star,2024-06-04,https://www.thestar.com.my/business/business-news/2024/06/04/trading-ideas-uem-sd-guthrie-feytech-tex-cycle-public-bank-genm-mmag-nestle-segi-serba-dinamik-ame-elite-dxn-mbsb-tnb-cimb,2618,,,,,wrong_company,"Another target company's strong alias appears, but the row ticker's target alias does not.",No,wrong_company,none,No,No,No,No,Yes,wrong_company,1,0,8171e1070553d74550759fdc7a9e8a2212513edf7c562298ca2881894ba060ed,"New_news_GOCEAN_GOCEAN_news_csv:{""row_number"": 3165}:38cabaa753d5",manual_preserve,manual_preserve_v1,New_news/GOCEAN/GOCEAN_news.csv,da370549640997ae8147ffe44f9ea7efc107a543b76731ac4c919f581c9a701e
NEWS_CANDIDATE_049495_0ed9f912,GOCEAN,,Last-minute selling drags FBM KLCI down; Lagenda Properties most active,The Star,2024-05-30,https://www.thestar.com.my/business/business-news/2024/05/30/last-minute-selling-drags-fbm-klci-down-lagenda-properties-most-active,1771,,,,,wrong_company,"Another target company's strong alias appears, but the row ticker's target alias does not.",No,wrong_company,none,No,No,No,No,Yes,wrong_company,1,0,43ef58a31cab3dc247e83a21e1c38f6a3c731df17fb9854a3f816ee7b2b34cc7,"New_news_GOCEAN_GOCEAN_news_csv:{""row_number"": 3197}:45e07ac67691",manual_preserve,manual_preserve_v1,New_news/GOCEAN/GOCEAN_news.csv,da370549640997ae8147ffe44f9ea7efc107a543b76731ac4c919f581c9a701e
NEWS_CANDIDATE_049516_ccb6b9d7,GOCEAN,,FBM KLCI hits intraday low; Lagenda Properties dives on MACC probe,The Star,2024-05-29,https://www.thestar.com.my/business/business-news/2024/05/29/fbm-klci-hits-intraday-low-lagenda-properties-dives-on-macc-probe,2053,,,,,wrong_company,"Another target company's strong alias appears, but the row ticker's target alias does not.",No,wrong_company,none,No,No,No,No,Yes,wrong_company,1,0,dc6cf48d8b0fec7e2ded4e4ea991bef6d1839f62da20510e9397f20095e1b4a3,"New_news_GOCEAN_GOCEAN_news_csv:{""row_number"": 3218}:651fcecd3901",manual_preserve,manual_preserve_v1,New_news/GOCEAN/GOCEAN_news.csv,da370549640997ae8147ffe44f9ea7efc107a543b76731ac4c919f581c9a701e
NEWS_CANDIDATE_049553_71f54dd9,GOCEAN,,FBM KLCI falls from three-year high on profit-taking,The Star,2024-05-21,https://www.thestar.com.my/business/business-news/2024/05/21/fbm-klci-falls-from-three-year-high-on-profit-taking,1857,,,,,wrong_company,"Another target company's strong alias appears, but the row ticker's target alias does not.",No,wrong_company,none,No,No,No,No,Yes,wrong_company,1,0,1a2ed7d562d00c705ecedd2d39b283eec3fa8a1ef837abf3722286d33de901c6,"New_news_GOCEAN_GOCEAN_news_csv:{""row_number"": 3255}:c66fb1c4dc2a",manual_preserve,manual_preserve_v1,New_news/GOCEAN/GOCEAN_news.csv,da370549640997ae8147ffe44f9ea7efc107a543b76731ac4c919f581c9a701e
NEWS_CANDIDATE_049604_b03712dc,GOCEAN,,FBM KLCI ends at intraday low; glove makers rally,The Star,2024-05-15,https://www.thestar.com.my/business/business-news/2024/05/15/fbm-klci-ends-at-intraday-low-glove-makers-rally,1551,,,,,wrong_company,"Another target company's strong alias appears, but the row ticker's target alias does not.",No,wrong_company,none,No,No,No,No,Yes,wrong_company,1,0,a395b2908e22a86aa06be8f68d4591b41b516fb2103d801462201ffee63e068e,"New_news_GOCEAN_GOCEAN_news_csv:{""row_number"": 3306}:3cb49e732f30",manual_preserve,manual_preserve_v1,New_news/GOCEAN/GOCEAN_news.csv,da370549640997ae8147ffe44f9ea7efc107a543b76731ac4c919f581c9a701e
NEWS_CANDIDATE_049630_aeecf0b0,GOCEAN,,"KLCI dips on profit taking, stays firmly above 1,600 level",The Star,2024-05-08,https://www.thestar.com.my/business/business-news/2024/05/08/klci-dips-on-profit-taking-stays-firmly-above-1600-level,1670,,,,,wrong_company,"Another target company's strong alias appears, but the row ticker's target alias does not.",No,wrong_company,none,No,No,No,No,Yes,wrong_company,1,0,19741d87f991c4a335a0d0addea94fb9d0b0fd670dbe826589d639d442874501,"New_news_GOCEAN_GOCEAN_news_csv:{""row_number"": 3332}:dc19e20b3efd",manual_preserve,manual_preserve_v1,New_news/GOCEAN/GOCEAN_news.csv,da370549640997ae8147ffe44f9ea7efc107a543b76731ac4c919f581c9a701e
NEWS_CANDIDATE_049632_275078f1,GOCEAN,,"FBM KLCI soars above 1,600, highest in over two years",The Star,2024-05-07,https://www.thestar.com.my/business/business-news/2024/05/07/fbm-klci-soars-above-1600-highest-in-over-two-years,1754,,,,,wrong_company,"Another target company's strong alias appears, but the row ticker's target alias does not.",No,wrong_company,none,No,No,No,No,Yes,wrong_company,1,0,f9c52cb38eddc4c5780759adcc360ca5c97083145e69e302ff858c609430f56b,"New_news_GOCEAN_GOCEAN_news_csv:{""row_number"": 3334}:71a2b52749ac",manual_preserve,manual_preserve_v1,New_news/GOCEAN/GOCEAN_news.csv,da370549640997ae8147ffe44f9ea7efc107a543b76731ac4c919f581c9a701e
NEWS_CANDIDATE_049633_acb10498,GOCEAN,,"FBM KLCI pushes past 1,600",The Star,2024-05-07,https://www.thestar.com.my/business/business-news/2024/05/07/fbm-klci-pushes-past-1600,1391,,,,,wrong_company,"Another target company's strong alias appears, but the row ticker's target alias does not.",No,wrong_company,none,No,No,No,No,Yes,wrong_company,1,0,91634a9130a66b3d375564ae951f6c2bb840be4fedd3d97ce2337c2490997524,"New_news_GOCEAN_GOCEAN_news_csv:{""row_number"": 3335}:c351ff518e05",manual_preserve,manual_preserve_v1,New_news/GOCEAN/GOCEAN_news.csv,da370549640997ae8147ffe44f9ea7efc107a543b76731ac4c919f581c9a701e
NEWS_CANDIDATE_049666_d4b4d804,GOCEAN,,Ajinomoto declares special dividend of RM2.12 from land sale,The Star,2024-05-02,https://www.thestar.com.my/business/business-news/2024/05/02/ajinomoto-declares-special-dividend-of-rm212-from-land-sale,829,,,,,wrong_company,"Another target company's strong alias appears, but the row ticker's target alias does not.",No,wrong_company,none,No,No,No,No,Yes,wrong_company,1,0,808223e197c3e92ce42765e8257663ede2805da74e4fd9211b592842789fa682,"New_news_GOCEAN_GOCEAN_news_csv:{""row_number"": 3368}:144f5e9d486d",manual_preserve,manual_preserve_v1,New_news/GOCEAN/GOCEAN_news.csv,da370549640997ae8147ffe44f9ea7efc107a543b76731ac4c919f581c9a701e
NEWS_CANDIDATE_049667_ba72186f,GOCEAN,,FBM KLCI bucks regional downtrend,The Star,2024-05-02,https://www.thestar.com.my/business/business-news/2024/05/02/fbm-klci-bucks-regional-downtrend,1589,,,,,wrong_company,"Another target company's strong alias appears, but the row ticker's target alias does not.",No,wrong_company,none,No,No,No,No,Yes,wrong_company,1,0,e205c87a9c17e184a7e0a27e9ef276f9eb169b72a43176ee61953b4353b55310,"New_news_GOCEAN_GOCEAN_news_csv:{""row_number"": 3369}:b7042b1f885e",manual_preserve,manual_preserve_v1,New_news/GOCEAN/GOCEAN_news.csv,da370549640997ae8147ffe44f9ea7efc107a543b76731ac4c919f581c9a701e
NEWS_CANDIDATE_049677_844860b8,GOCEAN,,FBM KLCI steps back 0.42% as YTL Power weighs,The Star,2024-04-30,https://www.thestar.com.my/business/business-news/2024/04/30/fbm-klci-steps-back-042-as-ytl-power-weighs,1504,,,,,wrong_company,"Another target company's strong alias appears, but the row ticker's target alias does not.",No,wrong_company,none,No,No,No,No,Yes,wrong_company,1,0,a73795433c817e9d40382a857e92e621100c9aa8f146013b657a4578e25b9b53,"New_news_GOCEAN_GOCEAN_news_csv:{""row_number"": 3379}:188df87a05ba",manual_preserve,manual_preserve_v1,New_news/GOCEAN/GOCEAN_news.csv,da370549640997ae8147ffe44f9ea7efc107a543b76731ac4c919f581c9a701e
NEWS_CANDIDATE_049709_8c8823fe,GOCEAN,,FBM KLCI closes at highest in 2 years,The Star,2024-04-24,https://www.thestar.com.my/business/business-news/2024/04/24/fbm-klci-closes-at-highest-in-2-years,1692,,,,,wrong_company,"Another target company's strong alias appears, but the row ticker's target alias does not.",No,wrong_company,none,No,No,No,No,Yes,wrong_company,1,0,1420f6eacf911c845b441954a3aa3cf04c4652bd3a5f160357e00aec6173f00d,"New_news_GOCEAN_GOCEAN_news_csv:{""row_number"": 3411}:0586bd78a3d6",manual_preserve,manual_preserve_v1,New_news/GOCEAN/GOCEAN_news.csv,da370549640997ae8147ffe44f9ea7efc107a543b76731ac4c919f581c9a701e
NEWS_CANDIDATE_049730_d2225b5b,GOCEAN,,FBM KLCI's rebound fizzles,The Star,2024-04-17,https://www.thestar.com.my/business/business-news/2024/04/17/fbm-klci039s-rebound-fizzles,1873,,,,,wrong_company,"Another target company's strong alias appears, but the row ticker's target alias does not.",No,wrong_company,none,No,No,No,No,Yes,wrong_company,1,0,49c0f0f71f7bc3145c8366aa15883ae2827fbf741ba875cb861bf4fa7e570031,"New_news_GOCEAN_GOCEAN_news_csv:{""row_number"": 3432}:6aa990103478",manual_preserve,manual_preserve_v1,New_news/GOCEAN/GOCEAN_news.csv,da370549640997ae8147ffe44f9ea7efc107a543b76731ac4c919f581c9a701e
NEWS_CANDIDATE_049766_14d1670d,GOCEAN,,Higher close on buying support,The Star,2024-04-08,https://www.thestar.com.my/business/business-news/2024/04/08/higher-close-on-buying-support,1245,,,,,wrong_company,"Another target company's strong alias appears, but the row ticker's target alias does not.",No,wrong_company,none,No,No,No,No,Yes,wrong_company,1,0,fb94c9317da1050e49573ca90aa4e5dc1fef561491e3dfb86130adef7be5957e,"New_news_GOCEAN_GOCEAN_news_csv:{""row_number"": 3468}:dac01a6b76f0",manual_preserve,manual_preserve_v1,New_news/GOCEAN/GOCEAN_news.csv,da370549640997ae8147ffe44f9ea7efc107a543b76731ac4c919f581c9a701e
NEWS_CANDIDATE_049778_46c0ba9c,GOCEAN,,Bursa Malaysia dips ahead of Raya holiday,The Star,2024-04-09,https://www.thestar.com.my/business/business-news/2024/04/09/bursa-malaysia-dips-ahead-of-raya-holiday,1917,,,,,wrong_company,"Another target company's strong alias appears, but the row ticker's target alias does not.",No,wrong_company,none,No,No,No,No,Yes,wrong_company,1,0,0e8c13643f190375ff4b4e3e76dc899905dee7112649a258f6c9380d1ab813fb,"New_news_GOCEAN_GOCEAN_news_csv:{""row_number"": 3480}:58db4eb1daff",manual_preserve,manual_preserve_v1,New_news/GOCEAN/GOCEAN_news.csv,da370549640997ae8147ffe44f9ea7efc107a543b76731ac4c919f581c9a701e
NEWS_CANDIDATE_049804_84d0ac59,GOCEAN,,FBM KLCI rallies after slow start,The Star,2024-04-02,https://www.thestar.com.my/business/business-news/2024/04/02/fbm-klci-rallies-after-slow-start,1042,,,,,wrong_company,"Another target company's strong alias appears, but the row ticker's target alias does not.",No,wrong_company,none,No,No,No,No,Yes,wrong_company,1,0,d693efdbac8be1308f44c11736e650cc7b2750cdc50f180e7cb16150202aa4bf,"New_news_GOCEAN_GOCEAN_news_csv:{""row_number"": 3506}:cb4e3c1bff97",manual_preserve,manual_preserve_v1,New_news/GOCEAN/GOCEAN_news.csv,da370549640997ae8147ffe44f9ea7efc107a543b76731ac4c919f581c9a701e
NEWS_CANDIDATE_049880_a29b0563,GOCEAN,,"Profit-taking in the market, KLCI down 8.68 points",The Star,2024-03-19,https://www.thestar.com.my/business/business-news/2024/03/19/profit-taking-in-the-market-klci-down-868-points,1133,,,,,wrong_company,"Another target company's strong alias appears, but the row ticker's target alias does not.",No,wrong_company,none,No,No,No,No,Yes,wrong_company,1,0,a4bca0a3e6ebdc168c56a23bc6ceb6ff272e0bd92f70dc411d2720852466fa20,"New_news_GOCEAN_GOCEAN_news_csv:{""row_number"": 3582}:db06ce487710",manual_preserve,manual_preserve_v1,New_news/GOCEAN/GOCEAN_news.csv,da370549640997ae8147ffe44f9ea7efc107a543b76731ac4c919f581c9a701e
NEWS_CANDIDATE_049968_cfb26e75,GOCEAN,,Bursa Malaysia rebounds as buying interest returns,The Star,2024-03-07,https://www.thestar.com.my/business/business-news/2024/03/07/bursa-malaysia-rebounds-as-buying-interest-returns,2018,,,,,wrong_company,"Another target company's strong alias appears, but the row ticker's target alias does not.",No,wrong_company,none,No,No,No,No,Yes,wrong_company,1,0,00b9236c3fdad090a4213362e2c375231337aa165e1dd24b006f94ef7208f24f,"New_news_GOCEAN_GOCEAN_news_csv:{""row_number"": 3670}:218401db48a9",manual_preserve,manual_preserve_v1,New_news/GOCEAN/GOCEAN_news.csv,da370549640997ae8147ffe44f9ea7efc107a543b76731ac4c919f581c9a701e
NEWS_CANDIDATE_050004_7172c080,GOCEAN,,"Trading ideas: Maybank, Hong Leong Bank, HLFG, Public Bank, Farm Fresh, Hap Seng, Press Metal, Capital A, PPB, IJM, MYEG and Pecca",The Star,2024-02-29,https://www.thestar.com.my/business/business-news/2024/02/29/trading-ideas-maybank-hong-leong-bank-hlfg-public-bank-farm-fresh-hap-seng-press-metal-capital-a-ppb-ijm-myeg-and-pecca,2309,,,,,wrong_company,"Another target company's strong alias appears, but the row ticker's target alias does not.",No,wrong_company,none,No,No,No,No,Yes,wrong_company,1,0,ae534598a122cae190325122583d9b9475fe311384dcd301d2bcef878ab7b613,"New_news_GOCEAN_GOCEAN_news_csv:{""row_number"": 3706}:1402bad83339",manual_preserve,manual_preserve_v1,New_news/GOCEAN/GOCEAN_news.csv,da370549640997ae8147ffe44f9ea7efc107a543b76731ac4c919f581c9a701e
NEWS_CANDIDATE_050012_4964ff7b,GOCEAN,,Leong Hup shares slide following earnings announcement,The Star,2024-02-28,https://www.thestar.com.my/business/business-news/2024/02/28/leong-hup-shares-slide-following-earnings-announcement,1836,,,,,wrong_company,"Another target company's strong alias appears, but the row ticker's target alias does not.",No,wrong_company,none,No,No,No,No,Yes,wrong_company,1,0,d811294a93e2729f704fbbb037631a466c8105693e0f7d84be696cd8e87d474b,"New_news_GOCEAN_GOCEAN_news_csv:{""row_number"": 3714}:522e19ad2d66",manual_preserve,manual_preserve_v1,New_news/GOCEAN/GOCEAN_news.csv,da370549640997ae8147ffe44f9ea7efc107a543b76731ac4c919f581c9a701e
NEWS_CANDIDATE_050013_f04f7d24,GOCEAN,,"Trading ideas: Mah Sing, Unisem, Alliance Bank, MISC, Tenaga, PetGas, Nestle, UOA, MBSB and Heineken",The Star,2024-02-28,https://www.thestar.com.my/business/business-news/2024/02/28/trading-ideas-mah-sing-unisem-alliance-bank-misc-tenaga-petgas-nestle-uoa-mbsb-and-heineken,1620,,,,,wrong_company,"Another target company's strong alias appears, but the row ticker's target alias does not.",No,wrong_company,none,No,No,No,No,Yes,wrong_company,1,0,449fcf0afc98a7eb931d20dcbb668aeb9630d1fde8c38b9ec2759177ee0c8ea0,"New_news_GOCEAN_GOCEAN_news_csv:{""row_number"": 3715}:c2600bfb504f",manual_preserve,manual_preserve_v1,New_news/GOCEAN/GOCEAN_news.csv,da370549640997ae8147ffe44f9ea7efc107a543b76731ac4c919f581c9a701e
NEWS_CANDIDATE_050789_d7070f66,KOPI,,"Trading ideas: Kerjaya, Sunview, Hibiscus, Chin Hin, Allianz, PetGas, PetDag, MBMR, Sunway, Farm Fresh, IHH, IOI, KLK, Matrix",The Star,2025-11-27,https://www.thestar.com.my/business/business-news/2025/11/27/trading-ideas-kerjaya-sunview-hibiscus-chin-hin-allianz-petgas-petdag-mbmr-sunway-farm-fresh-ihh-ioi-klk-matrix,3654,,,,,wrong_company,"Another target company's strong alias appears, but the row ticker's target alias does not.",No,wrong_company,none,No,No,No,No,Yes,wrong_company,1,0,f96acd51d7b6a3f206c42f640ce82520cd4f924b0ec0b24a446c82b66169ff50,"New_news_KOPI_KOPI_news_csv:{""row_number"": 18}:64af1c447b2c",manual_preserve,manual_preserve_v1,New_news/KOPI/KOPI_news.csv,5ce667c3c59d6ce695db56d64c565b421a467fe6b0a0dd99d1d316c20aa2cf39
NEWS_CANDIDATE_050793_9c3b894e,KOPI,,"Trading ideas: Oriental Kopi, ASM, Dengkil, Favelle, Malpac, ABMB, Southern Cable, LHI, HLI, NexG Bina, BHIC, WCT, DRB-Hicom",The Star,2025-11-26,https://www.thestar.com.my/business/business-news/2025/11/26/trading-ideas-oriental-kopi-asm-dengkil-favelle-malpac-abmb-southern-cable-lhi-hli-nexg-bina-bhic-wct-drb-hicom,2210,,,,,wrong_company,"Another target company's strong alias appears, but the row ticker's target alias does not.",No,wrong_company,none,No,No,No,No,Yes,wrong_company,1,0,01406693d503eadef6c307506b5b41de515b22b3d0bf2ef499d28ed0dbf36ddf,"New_news_KOPI_KOPI_news_csv:{""row_number"": 22}:95b5e7e4656c",manual_preserve,manual_preserve_v1,New_news/KOPI/KOPI_news.csv,5ce667c3c59d6ce695db56d64c565b421a467fe6b0a0dd99d1d316c20aa2cf39
NEWS_CANDIDATE_050825_192ded07,KOPI,,Retail growth to remain resilient with subsidies,The Star,2025-10-01,https://www.thestar.com.my/business/business-news/2025/10/01/retail-growth-to-remain-resilient-with-subsidies,2141,,,,,wrong_company,"Another target company's strong alias appears, but the row ticker's target alias does not.",No,wrong_company,none,No,No,No,No,Yes,wrong_company,1,0,05480b714c993098efac92bde6eb416a7e7ff7893823157c2fecc8a5620bb57a,"New_news_KOPI_KOPI_news_csv:{""row_number"": 54}:7c10540147ed",manual_preserve,manual_preserve_v1,New_news/KOPI/KOPI_news.csv,5ce667c3c59d6ce695db56d64c565b421a467fe6b0a0dd99d1d316c20aa2cf39
NEWS_CANDIDATE_050890_a56300cf,KOPI,,"Trading ideas: MSM, Malakoff, BFood, BCorp, Bank Islam, Oriental Kopi, Petron, Deleum, Advancecon, CTOS, Felixdynamic, Binastra, Astro, Cuckoo",The Star,2025-06-20,https://www.thestar.com.my/business/business-news/2025/06/20/trading-ideas-msm-malakoff-bfood-bcorp-bank-islam-oriental-kopi-petron-deleum-advancecon-ctos-felixdynamic-binastra-astro-cuckoo,3048,,,,,wrong_company,"Another target company's strong alias appears, but the row ticker's target alias does not.",No,wrong_company,none,No,No,No,No,Yes,wrong_company,1,0,ddcd24b7bfc0b3044c3a370eb03d0d6a914ad845b0ef80f05c558712cbdad999,"New_news_KOPI_KOPI_news_csv:{""row_number"": 119}:a1cadc4aafcb",manual_preserve,manual_preserve_v1,New_news/KOPI/KOPI_news.csv,5ce667c3c59d6ce695db56d64c565b421a467fe6b0a0dd99d1d316c20aa2cf39
NEWS_CANDIDATE_050893_73561bea,KOPI,,Consumer staples favourable amid expanded SST,The Star,2025-06-19,https://www.thestar.com.my/business/business-news/2025/06/19/consumer-staples-favourable-amid-expanded-sst,2696,,,,,wrong_company,"Another target company's strong alias appears, but the row ticker's target alias does not.",No,wrong_company,none,No,No,No,No,Yes,wrong_company,1,0,1042c62114a3b28997af5b857c2db022787fc66b01c1bcb66746aa9bab6a3d10,"New_news_KOPI_KOPI_news_csv:{""row_number"": 122}:213604942f74",manual_preserve,manual_preserve_v1,New_news/KOPI/KOPI_news.csv,5ce667c3c59d6ce695db56d64c565b421a467fe6b0a0dd99d1d316c20aa2cf39
NEWS_CANDIDATE_050928_427a7907,KOPI,,Consumer sector poised to capitalise on tourism windfall,The Star,2025-03-19,https://www.thestar.com.my/business/business-news/2025/03/19/consumer-sector-poised-to-capitalise-on-tourism-windfall,2109,,,,,wrong_company,"Another target company's strong alias appears, but the row ticker's target alias does not.",No,wrong_company,none,No,No,No,No,Yes,wrong_company,1,0,0229323303d70e5331c5ff5490fac96d1342b7c8df4f2032bf1edce5f6bf07dd,"New_news_KOPI_KOPI_news_csv:{""row_number"": 157}:eff235c5ce55",manual_preserve,manual_preserve_v1,New_news/KOPI/KOPI_news.csv,5ce667c3c59d6ce695db56d64c565b421a467fe6b0a0dd99d1d316c20aa2cf39
NEWS_CANDIDATE_050941_2e043ace,KOPI,,Rising tourism brightens consumer sector outlook,The Star,2025-02-19,https://www.thestar.com.my/business/business-news/2025/02/19/rising-tourism-brightens-consumer-sector-outlook,2632,,,,,wrong_company,"Another target company's strong alias appears, but the row ticker's target alias does not.",No,wrong_company,none,No,No,No,No,Yes,wrong_company,1,0,d801934c5f6420e5a3004c05e3b92cc44ed44bc80edf4687ab5da16d4dccdf9d,"New_news_KOPI_KOPI_news_csv:{""row_number"": 170}:3086ccd06ec1",manual_preserve,manual_preserve_v1,New_news/KOPI/KOPI_news.csv,5ce667c3c59d6ce695db56d64c565b421a467fe6b0a0dd99d1d316c20aa2cf39
NEWS_CANDIDATE_050942_ce45cc47,KOPI,,Wilmar’s latest acquisition to bolster earnings,The Star,2025-02-12,https://www.thestar.com.my/business/business-news/2025/02/12/wilmars-latest-acquisition-to-bolster-earnings,3569,,,,,wrong_company,"Another target company's strong alias appears, but the row ticker's target alias does not.",No,wrong_company,none,No,No,No,No,Yes,wrong_company,1,0,8d84f9d6bc03f60d52cd4cf9a16fa2f229daf435c3ed219b05df2e13c1f578a3,"New_news_KOPI_KOPI_news_csv:{""row_number"": 171}:156d21114334",manual_preserve,manual_preserve_v1,New_news/KOPI/KOPI_news.csv,5ce667c3c59d6ce695db56d64c565b421a467fe6b0a0dd99d1d316c20aa2cf39
NEWS_CANDIDATE_050961_2ec9b371,KOPI,,Bursa Malaysia ends week in the red despite trimming losses,The Star,2025-01-24,https://www.thestar.com.my/business/business-news/2025/01/24/bursa-malaysia-ends-week-in-the-red-despite-trimming-losses,1596,,,,,wrong_company,"Another target company's strong alias appears, but the row ticker's target alias does not.",No,wrong_company,none,No,No,No,No,Yes,wrong_company,1,0,c72791152150bec0335e340e23b778f8d7e90bf4901a539c4f6c08ba95d6bdd7,"New_news_KOPI_KOPI_news_csv:{""row_number"": 190}:4969084e366c",manual_preserve,manual_preserve_v1,New_news/KOPI/KOPI_news.csv,5ce667c3c59d6ce695db56d64c565b421a467fe6b0a0dd99d1d316c20aa2cf39
NEWS_CANDIDATE_050964_e1422d6f,KOPI,,Bursa Malaysia snaps winning streak; Oriental Kopi soars 98.86%,The Star,2025-01-23,https://www.thestar.com.my/business/business-news/2025/01/23/bursa-malaysia-snaps-winning-streak-oriental-kopi-soars-9886,1579,,,,,wrong_company,"Another target company's strong alias appears, but the row ticker's target alias does not.",No,wrong_company,none,No,No,No,No,Yes,wrong_company,1,0,28af73376c1db29c609ecde32a5130efd9373b900b89c5cafa52065b07dbb230,"New_news_KOPI_KOPI_news_csv:{""row_number"": 193}:fc4a0ef6ed75",manual_preserve,manual_preserve_v1,New_news/KOPI/KOPI_news.csv,5ce667c3c59d6ce695db56d64c565b421a467fe6b0a0dd99d1d316c20aa2cf39
NEWS_CANDIDATE_050973_1ad36b6b,KOPI,,"Trading ideas: Yinson, Mah Sing, YTL Power, Kawan, Theta, Target I, AYS, Atlan, Sunway Property, CapitaLand, Oriental Kopi",The Star,2025-01-15,https://www.thestar.com.my/business/business-news/2025/01/15/trading-ideas-yinson-mah-sing-ytl-power-kawan-theta-target-i-ays-atlan-sunway-property-capitaland-oriental-kopi,2070,,,,,wrong_company,"Another target company's strong alias appears, but the row ticker's target alias does not.",No,wrong_company,none,No,No,No,No,Yes,wrong_company,1,0,606ec9dd9ed20c63ab519b4faa182e56778a56e8a1a587c220986d36c1e7e73b,"New_news_KOPI_KOPI_news_csv:{""row_number"": 202}:38835f2ef1fd",manual_preserve,manual_preserve_v1,New_news/KOPI/KOPI_news.csv,5ce667c3c59d6ce695db56d64c565b421a467fe6b0a0dd99d1d316c20aa2cf39
NEWS_CANDIDATE_050984_9efe87ae,KOPI,,Premium shopping excitement to close out the year,The Star,2024-12-16,https://www.thestar.com.my/metro/metro-news/2024/12/16/premium-shopping-excitement-to-close-out-the-year,2557,,,,,wrong_company,"Another target company's strong alias appears, but the row ticker's target alias does not.",No,wrong_company,none,No,No,No,No,Yes,wrong_company,1,0,934f4d45459ed97fedb5b3babfa866effeb208186f881f050de8400ba9232e3b,"New_news_KOPI_KOPI_news_csv:{""row_number"": 213}:755002f1d44b",manual_preserve,manual_preserve_v1,New_news/KOPI/KOPI_news.csv,5ce667c3c59d6ce695db56d64c565b421a467fe6b0a0dd99d1d316c20aa2cf39
NEWS_CANDIDATE_051004_d2a18ac2,KOPI,,FBM KLCI extends loss for second day running,The Star,2024-11-08,https://www.thestar.com.my/business/business-news/2024/11/08/fbm-klci-extends-loss-for-second-day-running,1462,,,,,wrong_company,"Another target company's strong alias appears, but the row ticker's target alias does not.",No,wrong_company,none,No,No,No,No,Yes,wrong_company,1,0,d0b0c887980ddfcda106f8a20e326c929d8c01cf59cd9ee95400274f9fbe3786,"New_news_KOPI_KOPI_news_csv:{""row_number"": 233}:1e43f3d2f866",manual_preserve,manual_preserve_v1,New_news/KOPI/KOPI_news.csv,5ce667c3c59d6ce695db56d64c565b421a467fe6b0a0dd99d1d316c20aa2cf39
NEWS_CANDIDATE_051062_67361317,KOPI,,"Trading ideas: Hibiscus, Genting, TDM, Destini, GUH, Trive, PIE, Oriental Kopi, OSK, Tropicana, Kerjaya Prospek, PPB, Fitters and KYM",The Star,2024-06-18,https://www.thestar.com.my/business/business-news/2024/06/18/trading-ideas-hibiscus-genting-tdm-destini-guh-trive-pie-oriental-kopi-osk-tropicana-kerjaya-prospek-ppb-fitters-and-kym,2663,,,,,wrong_company,"Another target company's strong alias appears, but the row ticker's target alias does not.",No,wrong_company,none,No,No,No,No,Yes,wrong_company,1,0,6d59ddcf998c4e52dade2a7880bdd643584082cd7dfcebb0acafb7fa0899cc24,"New_news_KOPI_KOPI_news_csv:{""row_number"": 291}:bf1ae79edba2",manual_preserve,manual_preserve_v1,New_news/KOPI/KOPI_news.csv,5ce667c3c59d6ce695db56d64c565b421a467fe6b0a0dd99d1d316c20aa2cf39
NEWS_CANDIDATE_051101_658ea1a9,KOPI,,Raising awareness of road safety,The Star,2024-04-10,https://www.thestar.com.my/metro/metro-news/2024/04/10/raising-awareness-of-road-safety,3357,,,,,wrong_company,"Another target company's strong alias appears, but the row ticker's target alias does not.",No,wrong_company,none,No,No,No,No,Yes,wrong_company,1,0,474ba86406179090c60735ecff3fb8f8be349badae777824f5676c0c914cea10,"New_news_KOPI_KOPI_news_csv:{""row_number"": 330}:ba9e5b04e310",manual_preserve,manual_preserve_v1,New_news/KOPI/KOPI_news.csv,5ce667c3c59d6ce695db56d64c565b421a467fe6b0a0dd99d1d316c20aa2cf39
NEWS_CANDIDATE_051119_cbe00d3b,KOPI,,A fun way to explore Selangor's Sepang – take the HoHo bus,The Star,2024-03-04,https://www.thestar.com.my/lifestyle/travel/2024/03/04/a-fun-way-to-explore-selangor039s-sepang---take-the-hoho-bus,6379,,,,,wrong_company,"Another target company's strong alias appears, but the row ticker's target alias does not.",No,wrong_company,none,No,No,No,No,Yes,wrong_company,1,0,b84ed923c72c99527151195bf85423bb0e72e2ca22c92de6337e9b63e5466034,"New_news_KOPI_KOPI_news_csv:{""row_number"": 348}:a8df2c3f90ce",manual_preserve,manual_preserve_v1,New_news/KOPI/KOPI_news.csv,5ce667c3c59d6ce695db56d64c565b421a467fe6b0a0dd99d1d316c20aa2cf39
NEWS_CANDIDATE_051371_4b8c50c5,NEW,,SupportLine,The Star,2026-01-01,https://www.thestar.com.my/business/business-news/2026/01/01/supportline,1997,,,,,wrong_company,"Another target company's strong alias appears, but the row ticker's target alias does not.",No,wrong_company,none,No,No,No,No,Yes,wrong_company,1,0,cd96b203d23d045e926bf9124316f372faa567de34125ad0a3aff0f7118872e2,"New_news_MAG_Holdings_Berhad_MAG_Holdings_Berhad_news_csv:{""row_number"": 16}:3f3995a58cdf",manual_preserve,manual_preserve_v1,New_news/MAG Holdings Berhad/MAG Holdings Berhad_news.csv,5481c1cba2d42669970e7c3c6328dd8f96f40979a34cf93dcd045da16799dc93
NEWS_CANDIDATE_051373_ef664302,NEW,,Bursa Malaysia ends final trading day of 2025 on a softer note,The Star,2025-12-31,https://www.thestar.com.my/business/business-news/2025/12/31/bursa-malaysia-ends-final-trading-day-of-2025-on-a-softer-note,3838,,,,,wrong_company,"Another target company's strong alias appears, but the row ticker's target alias does not.",No,wrong_company,none,No,No,No,No,Yes,wrong_company,1,0,c04d9adfa81d36bd9449dfd569aaf009f2610ff4da393ff50951e54102d9a475,"New_news_MAG_Holdings_Berhad_MAG_Holdings_Berhad_news_csv:{""row_number"": 18}:10571cb34b2e",manual_preserve,manual_preserve_v1,New_news/MAG Holdings Berhad/MAG Holdings Berhad_news.csv,5481c1cba2d42669970e7c3c6328dd8f96f40979a34cf93dcd045da16799dc93
NEWS_CANDIDATE_051443_0287f071,NEW,,FBM KLCI edges higher at midday amid selective buying,The Star,2025-12-24,https://www.thestar.com.my/business/business-news/2025/12/24/fbm-klci-edges-higher-at-midday-amid-selective-buying,2820,,,,,wrong_company,"Another target company's strong alias appears, but the row ticker's target alias does not.",No,wrong_company,none,No,No,No,No,Yes,wrong_company,1,0,51975a674a943734ddc2205f03a24f352f3424324bf0e6dc7d563cadb2a572e6,"New_news_MAG_Holdings_Berhad_MAG_Holdings_Berhad_news_csv:{""row_number"": 88}:10a9f3bf4ddd",manual_preserve,manual_preserve_v1,New_news/MAG Holdings Berhad/MAG Holdings Berhad_news.csv,5481c1cba2d42669970e7c3c6328dd8f96f40979a34cf93dcd045da16799dc93
NEWS_CANDIDATE_051464_6f3d228c,NEW,,FBM KLCI extends rally on Christmas Eve; ringgit at five-year high,The Star,2025-12-24,https://www.thestar.com.my/business/business-news/2025/12/24/fbm-klci-extends-rally-on-christmas-eve-ringgit-at-five-year-high,3003,,,,,wrong_company,"Another target company's strong alias appears, but the row ticker's target alias does not.",No,wrong_company,none,No,No,No,No,Yes,wrong_company,1,0,6de1983f6685995cfd3da3068e5e0074544447bc6e9d7d5b33d060d751336b08,"New_news_MAG_Holdings_Berhad_MAG_Holdings_Berhad_news_csv:{""row_number"": 109}:8725b8e7153f",manual_preserve,manual_preserve_v1,New_news/MAG Holdings Berhad/MAG Holdings Berhad_news.csv,5481c1cba2d42669970e7c3c6328dd8f96f40979a34cf93dcd045da16799dc93
NEWS_CANDIDATE_051509_6553ade3,NEW,,Bursa Malaysia reverses earlier losses to close higher,The Star,2025-12-18,https://www.thestar.com.my/business/business-news/2025/12/18/bursa-malaysia-reverses-earlier-losses-to-close-higher,3940,,,,,wrong_company,"Another target company's strong alias appears, but the row ticker's target alias does not.",No,wrong_company,none,No,No,No,No,Yes,wrong_company,1,0,e88d458b8e30767857b59ee4d496a02cc85d5be03bc0baaf1d40a1bf30a65d87,"New_news_MAG_Holdings_Berhad_MAG_Holdings_Berhad_news_csv:{""row_number"": 154}:e4e80a8f9c9f",manual_preserve,manual_preserve_v1,New_news/MAG Holdings Berhad/MAG Holdings Berhad_news.csv,5481c1cba2d42669970e7c3c6328dd8f96f40979a34cf93dcd045da16799dc93
NEWS_CANDIDATE_051510_d8050c5f,NEW,,Bursa Malaysia erases earlier losses to end morning session higher,The Star,2025-12-18,https://www.thestar.com.my/business/business-news/2025/12/18/bursa-malaysia-erases-earlier-losses-to-end-morning-session-higher,2727,,,,,wrong_company,"Another target company's strong alias appears, but the row ticker's target alias does not.",No,wrong_company,none,No,No,No,No,Yes,wrong_company,1,0,07e03380467a4917f3754d91c102155e7188f8e2a8086bbdb8a58a05290df773,"New_news_MAG_Holdings_Berhad_MAG_Holdings_Berhad_news_csv:{""row_number"": 155}:cdbe8ead55ad",manual_preserve,manual_preserve_v1,New_news/MAG Holdings Berhad/MAG Holdings Berhad_news.csv,5481c1cba2d42669970e7c3c6328dd8f96f40979a34cf93dcd045da16799dc93
NEWS_CANDIDATE_051517_486411a8,NEW,,Bursa Malaysia closes higher for fourth consecutive session,The Star,2025-12-16,https://www.thestar.com.my/business/business-news/2025/12/16/bursa-malaysia-closes-higher-for-fourth-consecutive-session,3923,,,,,wrong_company,"Another target company's strong alias appears, but the row ticker's target alias does not.",No,wrong_company,none,No,No,No,No,Yes,wrong_company,1,0,719b375ba86c815fbcd769e663c9b9b41a29d7a065126b160c3cc67f5b55158a,"New_news_MAG_Holdings_Berhad_MAG_Holdings_Berhad_news_csv:{""row_number"": 162}:4c4e52b9fa16",manual_preserve,manual_preserve_v1,New_news/MAG Holdings Berhad/MAG Holdings Berhad_news.csv,5481c1cba2d42669970e7c3c6328dd8f96f40979a34cf93dcd045da16799dc93
NEWS_CANDIDATE_051581_78a0358f,NEW,,Bursa Malaysia slips at midday amid subdued regional sentiment,The Star,2025-12-10,https://www.thestar.com.my/business/business-news/2025/12/10/bursa-malaysia-slips-at-midday-amid-subdued-regional-sentiment,2906,,,,,wrong_company,"Another target company's strong alias appears, but the row ticker's target alias does not.",No,wrong_company,none,No,No,No,No,Yes,wrong_company,1,0,fb28443c9389ebf056c52a894d2efa9c89c4f5e7b1837a16dd2d58c517a8d16f,"New_news_MAG_Holdings_Berhad_MAG_Holdings_Berhad_news_csv:{""row_number"": 226}:f6882a4c81fe",manual_preserve,manual_preserve_v1,New_news/MAG Holdings Berhad/MAG Holdings Berhad_news.csv,5481c1cba2d42669970e7c3c6328dd8f96f40979a34cf93dcd045da16799dc93
NEWS_CANDIDATE_051586_6f639383,NEW,,FBM KLCI extends gains at midday amid broad market strength,The Star,2025-12-12,https://www.thestar.com.my/business/business-news/2025/12/12/fbm-klci-extends-gains-at-midday-amid-broad-market-strength,1619,,,,,wrong_company,"Another target company's strong alias appears, but the row ticker's target alias does not.",No,wrong_company,none,No,No,No,No,Yes,wrong_company,1,0,14330ec54692c9e972bbcfedad5c210f5d964889832f8b1a02ce1c99432b9ffd,"New_news_MAG_Holdings_Berhad_MAG_Holdings_Berhad_news_csv:{""row_number"": 231}:e32a30ca5ba9",manual_preserve,manual_preserve_v1,New_news/MAG Holdings Berhad/MAG Holdings Berhad_news.csv,5481c1cba2d42669970e7c3c6328dd8f96f40979a34cf93dcd045da16799dc93
NEWS_CANDIDATE_051655_3c2dcfff,NEW,,Bursa Malaysia weaker at midday amid cautious trading,The Star,2025-12-04,https://www.thestar.com.my/business/business-news/2025/12/04/bursa-malaysia-weaker-at-midday-amid-cautious-trading,2021,,,,,wrong_company,"Another target company's strong alias appears, but the row ticker's target alias does not.",No,wrong_company,none,No,No,No,No,Yes,wrong_company,1,0,51d9dc812d20631dd9c002e9915d6c2619b561953a33cfc192b281bcc463092a,"New_news_MAG_Holdings_Berhad_MAG_Holdings_Berhad_news_csv:{""row_number"": 300}:e159a5e09508",manual_preserve,manual_preserve_v1,New_news/MAG Holdings Berhad/MAG Holdings Berhad_news.csv,5481c1cba2d42669970e7c3c6328dd8f96f40979a34cf93dcd045da16799dc93
NEWS_CANDIDATE_051707_d4f77023,NEW,,MSM Malaysia says low raw sugar prices bolster 2026 prospects,The Star,2025-11-28,https://www.thestar.com.my/business/business-news/2025/11/28/msm-malaysia-says-low-raw-sugar-prices-bolster-2026-prospects,1691,,,,,wrong_company,"Another target company's strong alias appears, but the row ticker's target alias does not.",No,wrong_company,none,No,No,No,No,Yes,wrong_company,1,0,8283122916e95a755a4c7eba6076382caf91e5e992e80f019017d740622e6945,"New_news_MAG_Holdings_Berhad_MAG_Holdings_Berhad_news_csv:{""row_number"": 352}:a88477d068cd",manual_preserve,manual_preserve_v1,New_news/MAG Holdings Berhad/MAG Holdings Berhad_news.csv,5481c1cba2d42669970e7c3c6328dd8f96f40979a34cf93dcd045da16799dc93
NEWS_CANDIDATE_051709_8aaba2a3,NEW,,"PPB posts 3Q25 loss, sees better performance ahead",The Star,2025-11-27,https://www.thestar.com.my/business/business-news/2025/11/27/ppb-posts-3q25-loss-sees-better-performance-ahead,3060,,,,,wrong_company,"Another target company's strong alias appears, but the row ticker's target alias does not.",No,wrong_company,none,No,No,No,No,Yes,wrong_company,1,0,6130ef861e2a027f892a0f1d067c50cb34ddd6e79459666f98d3d90ba257e8ae,"New_news_MAG_Holdings_Berhad_MAG_Holdings_Berhad_news_csv:{""row_number"": 354}:235b554e1042",manual_preserve,manual_preserve_v1,New_news/MAG Holdings Berhad/MAG Holdings Berhad_news.csv,5481c1cba2d42669970e7c3c6328dd8f96f40979a34cf93dcd045da16799dc93
NEWS_CANDIDATE_051711_31de30a1,NEW,,"Trading ideas: Kerjaya, Sunview, Hibiscus, Chin Hin, Allianz, PetGas, PetDag, MBMR, Sunway, Farm Fresh, IHH, IOI, KLK, Matrix",The Star,2025-11-27,https://www.thestar.com.my/business/business-news/2025/11/27/trading-ideas-kerjaya-sunview-hibiscus-chin-hin-allianz-petgas-petdag-mbmr-sunway-farm-fresh-ihh-ioi-klk-matrix,3654,,,,,wrong_company,"Another target company's strong alias appears, but the row ticker's target alias does not.",No,wrong_company,none,No,No,No,No,Yes,wrong_company,1,0,f96acd51d7b6a3f206c42f640ce82520cd4f924b0ec0b24a446c82b66169ff50,"New_news_MAG_Holdings_Berhad_MAG_Holdings_Berhad_news_csv:{""row_number"": 356}:2b8fde19d4d4",manual_preserve,manual_preserve_v1,New_news/MAG Holdings Berhad/MAG Holdings Berhad_news.csv,5481c1cba2d42669970e7c3c6328dd8f96f40979a34cf93dcd045da16799dc93
NEWS_CANDIDATE_051816_f6a4b418,NEW,,"Bursa Malaysia slips at midday, tracking regional markets",The Star,2025-11-14,https://www.thestar.com.my/business/business-news/2025/11/14/bursa-malaysia-slips-at-midday-tracking-regional-markets,2571,,,,,wrong_company,"Another target company's strong alias appears, but the row ticker's target alias does not.",No,wrong_company,none,No,No,No,No,Yes,wrong_company,1,0,431a85f8a534ee11972197022dafb59d66f0a037caad3e35887db5dc1951d097,"New_news_MAG_Holdings_Berhad_MAG_Holdings_Berhad_news_csv:{""row_number"": 461}:a5921d15eff6",manual_preserve,manual_preserve_v1,New_news/MAG Holdings Berhad/MAG Holdings Berhad_news.csv,5481c1cba2d42669970e7c3c6328dd8f96f40979a34cf93dcd045da16799dc93
NEWS_CANDIDATE_051821_5f62f3be,NEW,,FBM KLCI ekes out slight gain alongside firmer ringgit,The Star,2025-11-13,https://www.thestar.com.my/business/business-news/2025/11/13/fbm-klci-ekes-out-slight-gain-alongside-firmer-ringgit,2201,,,,,wrong_company,"Another target company's strong alias appears, but the row ticker's target alias does not.",No,wrong_company,none,No,No,No,No,Yes,wrong_company,1,0,1759cea10ff12d63398bc79255f3aa68a18c01d3ea5e8c301359942f10bc71e7,"New_news_MAG_Holdings_Berhad_MAG_Holdings_Berhad_news_csv:{""row_number"": 466}:36e8bf037178",manual_preserve,manual_preserve_v1,New_news/MAG Holdings Berhad/MAG Holdings Berhad_news.csv,5481c1cba2d42669970e7c3c6328dd8f96f40979a34cf93dcd045da16799dc93
NEWS_CANDIDATE_051822_63a6622e,NEW,,Bursa Malaysia mixed at midday as sentiment turns cautious,The Star,2025-11-13,https://www.thestar.com.my/business/2025/11/13/bursa-malaysia-mixed-at-midday-as-sentiment-turns-cautious,2745,,,,,wrong_company,"Another target company's strong alias appears, but the row ticker's target alias does not.",No,wrong_company,none,No,No,No,No,Yes,wrong_company,1,0,dca8469e1bbb242960d6b9aaf1ec04b011e1c1eedd757bd2a696ec81c5128721,"New_news_MAG_Holdings_Berhad_MAG_Holdings_Berhad_news_csv:{""row_number"": 467}:dea7e9818c07",manual_preserve,manual_preserve_v1,New_news/MAG Holdings Berhad/MAG Holdings Berhad_news.csv,5481c1cba2d42669970e7c3c6328dd8f96f40979a34cf93dcd045da16799dc93
NEWS_CANDIDATE_051858_bc964c7c,NEW,,FBM KLCI ends marginally higher as ringgit strengthens,The Star,2025-11-07,https://www.thestar.com.my/business/business-news/2025/11/07/fbm-klci-ends-marginally-higher-as-ringgit-strengthens,1953,,,,,wrong_company,"Another target company's strong alias appears, but the row ticker's target alias does not.",No,wrong_company,none,No,No,No,No,Yes,wrong_company,1,0,f41d4cee26fbf0c671566c652d7165a94233725fe45afacec72c623d322f210d,"New_news_MAG_Holdings_Berhad_MAG_Holdings_Berhad_news_csv:{""row_number"": 503}:fa1090c0ebaf",manual_preserve,manual_preserve_v1,New_news/MAG Holdings Berhad/MAG Holdings Berhad_news.csv,5481c1cba2d42669970e7c3c6328dd8f96f40979a34cf93dcd045da16799dc93
NEWS_CANDIDATE_051861_2b4e7305,NEW,,Heineken Malaysia shows improvement in 3Q,The Star,2025-11-07,https://www.thestar.com.my/business/business-news/2025/11/07/heineken-malaysia-to-strengthen-core-business,3063,,,,,wrong_company,"Another target company's strong alias appears, but the row ticker's target alias does not.",No,wrong_company,none,No,No,No,No,Yes,wrong_company,1,0,9fa06216c699d75d936e10f54320750b9493d677accf03f47e450793145c50d3,"New_news_MAG_Holdings_Berhad_MAG_Holdings_Berhad_news_csv:{""row_number"": 506}:b8277ac7f631",manual_preserve,manual_preserve_v1,New_news/MAG Holdings Berhad/MAG Holdings Berhad_news.csv,5481c1cba2d42669970e7c3c6328dd8f96f40979a34cf93dcd045da16799dc93
NEWS_CANDIDATE_051863_ec974285,NEW,,Heineken Malaysia shows improvement in 3Q,The Star,2025-11-06,https://www.thestar.com.my/business/business-news/2025/11/06/heineken-malaysia-3q-net-profit-inches-up-to-rm113mil,2438,,,,,wrong_company,"Another target company's strong alias appears, but the row ticker's target alias does not.",No,wrong_company,none,No,No,No,No,Yes,wrong_company,1,0,1cfbcf850eda472ecc4447d1211466857f00e0c238231342272980c9ad3f045e,"New_news_MAG_Holdings_Berhad_MAG_Holdings_Berhad_news_csv:{""row_number"": 508}:e42a1d81e7b6",manual_preserve,manual_preserve_v1,New_news/MAG Holdings Berhad/MAG Holdings Berhad_news.csv,5481c1cba2d42669970e7c3c6328dd8f96f40979a34cf93dcd045da16799dc93
NEWS_CANDIDATE_051917_6dcec8d3,NEW,,FBM KLCI tracks regional losses; ringgit strengthens to 4.18,The Star,2025-10-31,https://www.thestar.com.my/business/business-news/2025/10/31/fbm-klci-tracks-regional-losses-ringgit-strengthens-to-418,1771,,,,,wrong_company,"Another target company's strong alias appears, but the row ticker's target alias does not.",No,wrong_company,none,No,No,No,No,Yes,wrong_company,1,0,ff602c68e8fd932b5812867611d9ee25aee3e75986944b163c996b48712ce01f,"New_news_MAG_Holdings_Berhad_MAG_Holdings_Berhad_news_csv:{""row_number"": 562}:fc142c7d2dbd",manual_preserve,manual_preserve_v1,New_news/MAG Holdings Berhad/MAG Holdings Berhad_news.csv,5481c1cba2d42669970e7c3c6328dd8f96f40979a34cf93dcd045da16799dc93
NEWS_CANDIDATE_051920_e38e6f59,NEW,,FBM KLCI snaps two-day slide amid cautious sentiment,The Star,2025-10-30,https://www.thestar.com.my/business/business-news/2025/10/30/fbm-klci-snaps-two-day-slide-amid-cautious-sentiment,2106,,,,,wrong_company,"Another target company's strong alias appears, but the row ticker's target alias does not.",No,wrong_company,none,No,No,No,No,Yes,wrong_company,1,0,6d10be789ddf359eac2a0adb82dcc2767211af27d535b84be378e37a56c174d4,"New_news_MAG_Holdings_Berhad_MAG_Holdings_Berhad_news_csv:{""row_number"": 565}:951443834091",manual_preserve,manual_preserve_v1,New_news/MAG Holdings Berhad/MAG Holdings Berhad_news.csv,5481c1cba2d42669970e7c3c6328dd8f96f40979a34cf93dcd045da16799dc93
NEWS_CANDIDATE_051970_5d721ca4,NEW,,"Trading ideas: PetGas, Zecon, Perak Transit, Heineken, BWYS, Straits Energy, Ancom Nylex, Ho Hup, IGBREIT, CLMT, Gadang",The Star,2025-10-23,https://www.thestar.com.my/business/business-news/2025/10/23/trading-ideas-petgas-zecon-perak-transit-heineken-bwys-straits-energy-ancom-nylex-ho-hup-ibgreit-clmt-gadang,2363,,,,,wrong_company,"Another target company's strong alias appears, but the row ticker's target alias does not.",No,wrong_company,none,No,No,No,No,Yes,wrong_company,1,0,2791527dc5cf1ef5a561d66f3dfd6c37f697ad0f57b9051ee1043a5f449a36a1,"New_news_MAG_Holdings_Berhad_MAG_Holdings_Berhad_news_csv:{""row_number"": 615}:07c1b9868346",manual_preserve,manual_preserve_v1,New_news/MAG Holdings Berhad/MAG Holdings Berhad_news.csv,5481c1cba2d42669970e7c3c6328dd8f96f40979a34cf93dcd045da16799dc93
NEWS_CANDIDATE_052020_7ed2945c,NEW,,FBM KLCI edges lower as investors stay cautious despite stronger GDP and trade data,The Star,2025-10-17,https://www.thestar.com.my/business/business-news/2025/10/17/fbm-klci-edges-lower-as-investors-stay-cautious-despite-stronger-gdp-and-trade-data,2348,,,,,wrong_company,"Another target company's strong alias appears, but the row ticker's target alias does not.",No,wrong_company,none,No,No,No,No,Yes,wrong_company,1,0,6a068251790c60c965f7ddb2fc72646ffc20f52c5d78918129cc66ed3150d88d,"New_news_MAG_Holdings_Berhad_MAG_Holdings_Berhad_news_csv:{""row_number"": 665}:bd9dba3e78a7",manual_preserve,manual_preserve_v1,New_news/MAG Holdings Berhad/MAG Holdings Berhad_news.csv,5481c1cba2d42669970e7c3c6328dd8f96f40979a34cf93dcd045da16799dc93
NEWS_CANDIDATE_052021_49a1bddd,NEW,,"FBM KLCI rises in early trade as investors await key GDP, trade data",The Star,2025-10-17,https://www.thestar.com.my/business/business-news/2025/10/17/fbm-klci-rises-in-early-trade-as-investors-await-key-gdp-trade-data,2196,,,,,wrong_company,"Another target company's strong alias appears, but the row ticker's target alias does not.",No,wrong_company,none,No,No,No,No,Yes,wrong_company,1,0,f53b53fa1e1f5bca4fb30c09024e30ebca6464ec8683002ee8c75530d0035d39,"New_news_MAG_Holdings_Berhad_MAG_Holdings_Berhad_news_csv:{""row_number"": 666}:5f5765e61916",manual_preserve,manual_preserve_v1,New_news/MAG Holdings Berhad/MAG Holdings Berhad_news.csv,5481c1cba2d42669970e7c3c6328dd8f96f40979a34cf93dcd045da16799dc93
NEWS_CANDIDATE_052027_094a1dfa,NEW,,FBM KLCI edges higher amid mixed market sentiments,The Star,2025-10-15,https://www.thestar.com.my/business/business-news/2025/10/15/fbm-klci-edges-higher-amid-mixed-market-sentiments,1971,,,,,wrong_company,"Another target company's strong alias appears, but the row ticker's target alias does not.",No,wrong_company,none,No,No,No,No,Yes,wrong_company,1,0,5ae30b68df3487ffa4e55c0a64b40fce34d8502da04f62a3a8e5729860f2ba66,"New_news_MAG_Holdings_Berhad_MAG_Holdings_Berhad_news_csv:{""row_number"": 672}:582bca8c9359",manual_preserve,manual_preserve_v1,New_news/MAG Holdings Berhad/MAG Holdings Berhad_news.csv,5481c1cba2d42669970e7c3c6328dd8f96f40979a34cf93dcd045da16799dc93
NEWS_CANDIDATE_052038_730bf721,NEW,,"FBM KLCI rises amid US rate cut optimism, firmer gold prices",The Star,2025-10-16,https://www.thestar.com.my/business/business-news/2025/10/16/fbm-klci-rises-amid-us-rate-cut-optimism-firmer-gold-prices,1637,,,,,wrong_company,"Another target company's strong alias appears, but the row ticker's target alias does not.",No,wrong_company,none,No,No,No,No,Yes,wrong_company,1,0,3662c1a7c794217c3aaca6184224d5cd7433b56ddf6f7a1366f2ebd5e5ed49a6,"New_news_MAG_Holdings_Berhad_MAG_Holdings_Berhad_news_csv:{""row_number"": 683}:c9110729bd1c",manual_preserve,manual_preserve_v1,New_news/MAG Holdings Berhad/MAG Holdings Berhad_news.csv,5481c1cba2d42669970e7c3c6328dd8f96f40979a34cf93dcd045da16799dc93
NEWS_CANDIDATE_052104_9c43c5a4,NEW,,"Cost, policy challenges key for consumer sector",The Star,2025-10-08,https://www.thestar.com.my/business/business-news/2025/10/08/cost-policy-challenges-key-for-consumer-sector,2899,,,,,wrong_company,"Another target company's strong alias appears, but the row ticker's target alias does not.",No,wrong_company,none,No,No,No,No,Yes,wrong_company,1,0,a44c1d0a7300b2662aac95e07b279289f8671f9b60ea559af13fd87caab3f453,"New_news_MAG_Holdings_Berhad_MAG_Holdings_Berhad_news_csv:{""row_number"": 749}:c4fc9a3764e5",manual_preserve,manual_preserve_v1,New_news/MAG Holdings Berhad/MAG Holdings Berhad_news.csv,5481c1cba2d42669970e7c3c6328dd8f96f40979a34cf93dcd045da16799dc93
NEWS_CANDIDATE_052173_c000c08d,NEW,,FBM KLCI hits 9-month peak amid positive market sentiment,The Star,2025-10-01,https://www.thestar.com.my/business/business-news/2025/10/01/fbm-klci-hits-9-month-peak-amid-positive-market-sentiment,2047,,,,,wrong_company,"Another target company's strong alias appears, but the row ticker's target alias does not.",No,wrong_company,none,No,No,No,No,Yes,wrong_company,1,0,428f2e349e814882c9f81a1e702ef16b8feb952253251d346c3d5c976aa7b26a,"New_news_MAG_Holdings_Berhad_MAG_Holdings_Berhad_news_csv:{""row_number"": 818}:57981df789f8",manual_preserve,manual_preserve_v1,New_news/MAG Holdings Berhad/MAG Holdings Berhad_news.csv,5481c1cba2d42669970e7c3c6328dd8f96f40979a34cf93dcd045da16799dc93
NEWS_CANDIDATE_052177_e1a26225,NEW,,Retail growth to remain resilient with subsidies,The Star,2025-10-01,https://www.thestar.com.my/business/business-news/2025/10/01/retail-growth-to-remain-resilient-with-subsidies,2141,,,,,wrong_company,"Another target company's strong alias appears, but the row ticker's target alias does not.",No,wrong_company,none,No,No,No,No,Yes,wrong_company,1,0,05480b714c993098efac92bde6eb416a7e7ff7893823157c2fecc8a5620bb57a,"New_news_MAG_Holdings_Berhad_MAG_Holdings_Berhad_news_csv:{""row_number"": 822}:54e0a8387c0c",manual_preserve,manual_preserve_v1,New_news/MAG Holdings Berhad/MAG Holdings Berhad_news.csv,5481c1cba2d42669970e7c3c6328dd8f96f40979a34cf93dcd045da16799dc93
NEWS_CANDIDATE_052178_56f66b9d,NEW,,PPB outlook brightens after Wilmar verdict,The Star,2025-10-01,https://www.thestar.com.my/business/business-news/2025/10/01/ppb-outlook-brightens-after-wilmar-verdict,3155,,,,,wrong_company,"Another target company's strong alias appears, but the row ticker's target alias does not.",No,wrong_company,none,No,No,No,No,Yes,wrong_company,1,0,7b7413c3b9db736424f6e75c9246a82e97cf53e0b62898f21b65aa43294bfb4a,"New_news_MAG_Holdings_Berhad_MAG_Holdings_Berhad_news_csv:{""row_number"": 823}:c98797e742a5",manual_preserve,manual_preserve_v1,New_news/MAG Holdings Berhad/MAG Holdings Berhad_news.csv,5481c1cba2d42669970e7c3c6328dd8f96f40979a34cf93dcd045da16799dc93
NEWS_CANDIDATE_052252_1a5a090b,NEW,,FBM KLCI ends marginally lower as investors pivot to small cap stocks,The Star,2025-09-24,https://www.thestar.com.my/business/business-news/2025/09/24/fbm-klci-ends-marginally-lower-as-investors-pivot-to-small-cap-stocks,3691,,,,,wrong_company,"Another target company's strong alias appears, but the row ticker's target alias does not.",No,wrong_company,none,No,No,No,No,Yes,wrong_company,1,0,c534ede9c0174e25b51200812fc0378f4522afd9f7cd67d1702fbc20528f9aeb,"New_news_MAG_Holdings_Berhad_MAG_Holdings_Berhad_news_csv:{""row_number"": 897}:9ed60b114c03",manual_preserve,manual_preserve_v1,New_news/MAG Holdings Berhad/MAG Holdings Berhad_news.csv,5481c1cba2d42669970e7c3c6328dd8f96f40979a34cf93dcd045da16799dc93
NEWS_CANDIDATE_052256_2e5fb8a9,NEW,,Ripple effects likely for sectoral earnings,The Star,2025-09-24,https://www.thestar.com.my/business/business-news/2025/09/24/ripple-effects-likely-forsectoral-earnings,4251,,,,,wrong_company,"Another target company's strong alias appears, but the row ticker's target alias does not.",No,wrong_company,none,No,No,No,No,Yes,wrong_company,1,0,b4b317547acbeb2dfb51c7f5128d084f3f2a4c345a7d877c9de02ad698cceb30,"New_news_MAG_Holdings_Berhad_MAG_Holdings_Berhad_news_csv:{""row_number"": 901}:3e1549e487fe",manual_preserve,manual_preserve_v1,New_news/MAG Holdings Berhad/MAG Holdings Berhad_news.csv,5481c1cba2d42669970e7c3c6328dd8f96f40979a34cf93dcd045da16799dc93
NEWS_CANDIDATE_052262_2620bbeb,NEW,,"FBM KLCI snaps losing streak, reclaims 1,600 mark despite regional weakness",The Star,2025-09-26,https://www.thestar.com.my/business/business-news/2025/09/26/fbm-klci-snaps-losing-streak-reclaims-1600-mark-despite-regional-weakness,2032,,,,,wrong_company,"Another target company's strong alias appears, but the row ticker's target alias does not.",No,wrong_company,none,No,No,No,No,Yes,wrong_company,1,0,c2963e1ada7216cb7ba029f9684dcd4a5473e288be29dce1d96f56c2dd4b709c,"New_news_MAG_Holdings_Berhad_MAG_Holdings_Berhad_news_csv:{""row_number"": 907}:c3dae3926abf",manual_preserve,manual_preserve_v1,New_news/MAG Holdings Berhad/MAG Holdings Berhad_news.csv,5481c1cba2d42669970e7c3c6328dd8f96f40979a34cf93dcd045da16799dc93
NEWS_CANDIDATE_052265_3ec4943b,NEW,,"FBM KLCI rebounds above 1,600 amid cautious sentiment",The Star,2025-09-26,https://www.thestar.com.my/business/business-news/2025/09/26/fbm-klci-rebounds-above-1600-amid-cautious-sentiment,1991,,,,,wrong_company,"Another target company's strong alias appears, but the row ticker's target alias does not.",No,wrong_company,none,No,No,No,No,Yes,wrong_company,1,0,d8592b0dedea6f342c87f36078af5d56f78e483289c2e035c025a77083663a70,"New_news_MAG_Holdings_Berhad_MAG_Holdings_Berhad_news_csv:{""row_number"": 910}:b56d29977483",manual_preserve,manual_preserve_v1,New_news/MAG Holdings Berhad/MAG Holdings Berhad_news.csv,5481c1cba2d42669970e7c3c6328dd8f96f40979a34cf93dcd045da16799dc93
NEWS_CANDIDATE_052269_aac89cc5,NEW,,Bursa Malaysia opens lower as Fed remarks dampen rate-cut optimism,The Star,2025-09-26,https://www.thestar.com.my/business/business-news/2025/09/26/bursa-malaysia-opens-lower-as-fed-remarks-dampen-rate-cut-optimism,2389,,,,,wrong_company,"Another target company's strong alias appears, but the row ticker's target alias does not.",No,wrong_company,none,No,No,No,No,Yes,wrong_company,1,0,09e89133f158f564d86c36aa625b05e21156fd5de8a5d2ca704f51c6c9ef4037,"New_news_MAG_Holdings_Berhad_MAG_Holdings_Berhad_news_csv:{""row_number"": 914}:d8beade7d067",manual_preserve,manual_preserve_v1,New_news/MAG Holdings Berhad/MAG Holdings Berhad_news.csv,5481c1cba2d42669970e7c3c6328dd8f96f40979a34cf93dcd045da16799dc93
NEWS_CANDIDATE_052276_92631c83,NEW,,FBM KLCI ends slightly lower amid cautious investor sentiment,The Star,2025-09-25,https://www.thestar.com.my/business/business-news/2025/09/25/fbm-klci-ends-slightly-lower-amid-cautious-investor-sentiment,1538,,,,,wrong_company,"Another target company's strong alias appears, but the row ticker's target alias does not.",No,wrong_company,none,No,No,No,No,Yes,wrong_company,1,0,a68e0bc96d9bb63179fd1f29ceae0e4a6039999e9270f27820d430acdb6361ef,"New_news_MAG_Holdings_Berhad_MAG_Holdings_Berhad_news_csv:{""row_number"": 921}:eddc43b96fae",manual_preserve,manual_preserve_v1,New_news/MAG Holdings Berhad/MAG Holdings Berhad_news.csv,5481c1cba2d42669970e7c3c6328dd8f96f40979a34cf93dcd045da16799dc93
NEWS_CANDIDATE_052316_6d2095a9,NEW,,FBM KLCI closes little changed as regional markets end mixed,The Star,2025-09-19,https://www.thestar.com.my/business/business-news/2025/09/19/fbm-klci-closes-little-changed-as-regional-markets-end-mixed,1743,,,,,wrong_company,"Another target company's strong alias appears, but the row ticker's target alias does not.",No,wrong_company,none,No,No,No,No,Yes,wrong_company,1,0,4c4a666bf0e9d46d4136bfcdafd36717cd0bdcde4a3ba97f2467593d2ae142fc,"New_news_MAG_Holdings_Berhad_MAG_Holdings_Berhad_news_csv:{""row_number"": 961}:5d695784d83e",manual_preserve,manual_preserve_v1,New_news/MAG Holdings Berhad/MAG Holdings Berhad_news.csv,5481c1cba2d42669970e7c3c6328dd8f96f40979a34cf93dcd045da16799dc93
NEWS_CANDIDATE_052317_1d8da528,NEW,,FBM KLCI flat at midday after seesaw trade,The Star,2025-09-19,https://www.thestar.com.my/business/business-news/2025/09/19/fbm-klci-flat-at-midday-after-seesaw-trade,2005,,,,,wrong_company,"Another target company's strong alias appears, but the row ticker's target alias does not.",No,wrong_company,none,No,No,No,No,Yes,wrong_company,1,0,636e6d3d7489ef251d40a26680a1937927a6b13e523eb49795863940bf398d2d,"New_news_MAG_Holdings_Berhad_MAG_Holdings_Berhad_news_csv:{""row_number"": 962}:ff411d2fb91e",manual_preserve,manual_preserve_v1,New_news/MAG Holdings Berhad/MAG Holdings Berhad_news.csv,5481c1cba2d42669970e7c3c6328dd8f96f40979a34cf93dcd045da16799dc93
NEWS_CANDIDATE_052322_6bfbdc1f,NEW,,"Heavyweight losses push FBM KLCI under 1,600 at midday",The Star,2025-09-18,https://www.thestar.com.my/business/business-news/2025/09/18/heavyweight-losses-push-fbm-klci-under-1600-at-midday,2578,,,,,wrong_company,"Another target company's strong alias appears, but the row ticker's target alias does not.",No,wrong_company,none,No,No,No,No,Yes,wrong_company,1,0,9564cb5325fd2039d5ed7c9f391316c14d2d79f00e9c1f7a09fc0b8596f36327,"New_news_MAG_Holdings_Berhad_MAG_Holdings_Berhad_news_csv:{""row_number"": 967}:039076036ee6",manual_preserve,manual_preserve_v1,New_news/MAG Holdings Berhad/MAG Holdings Berhad_news.csv,5481c1cba2d42669970e7c3c6328dd8f96f40979a34cf93dcd045da16799dc93
NEWS_CANDIDATE_052327_981ec9e4,NEW,,Bursa Malaysia ends at intraday high,The Star,2025-09-17,https://www.thestar.com.my/business/2025/09/17/bursa-malaysia-ends-at-intraday-high,4899,,,,,wrong_company,"Another target company's strong alias appears, but the row ticker's target alias does not.",No,wrong_company,none,No,No,No,No,Yes,wrong_company,1,0,a6127a775f9788e3ea81e8ad905ecd45679541a78bb1f7d2d8df2aa126f9b1f9,"New_news_MAG_Holdings_Berhad_MAG_Holdings_Berhad_news_csv:{""row_number"": 972}:cef17834bc51",manual_preserve,manual_preserve_v1,New_news/MAG Holdings Berhad/MAG Holdings Berhad_news.csv,5481c1cba2d42669970e7c3c6328dd8f96f40979a34cf93dcd045da16799dc93
NEWS_CANDIDATE_052342_db839ec7,NEW,,"FBM KLCI slides below 1,600 as regional markets end mixed",The Star,2025-09-18,https://www.thestar.com.my/business/business-news/2025/09/18/fbm-klci-slides-below-1600-as-regional-markets-end-mixed,1690,,,,,wrong_company,"Another target company's strong alias appears, but the row ticker's target alias does not.",No,wrong_company,none,No,No,No,No,Yes,wrong_company,1,0,3d501aed982a8690ddb5a0f0f9fb4fe551952693a238b8a840f6816330cbf366,"New_news_MAG_Holdings_Berhad_MAG_Holdings_Berhad_news_csv:{""row_number"": 987}:4be959aa002b",manual_preserve,manual_preserve_v1,New_news/MAG Holdings Berhad/MAG Holdings Berhad_news.csv,5481c1cba2d42669970e7c3c6328dd8f96f40979a34cf93dcd045da16799dc93
NEWS_CANDIDATE_052387_489f8ffb,NEW,,"Bursa Malaysia ends week on strong note as FBM KLCI closes above 1,600",The Star,2025-09-12,https://www.thestar.com.my/business/business-news/2025/09/12/bursa-malaysia-ends-week-on-strong-note-as-fbm-klci-closes-above-1600,2264,,,,,wrong_company,"Another target company's strong alias appears, but the row ticker's target alias does not.",No,wrong_company,none,No,No,No,No,Yes,wrong_company,1,0,54b228b8d80933af449e6cec8bb40d3d5a364081a38b6c9f68f99b30739640b0,"New_news_MAG_Holdings_Berhad_MAG_Holdings_Berhad_news_csv:{""row_number"": 1032}:62efba9f05d8",manual_preserve,manual_preserve_v1,New_news/MAG Holdings Berhad/MAG Holdings Berhad_news.csv,5481c1cba2d42669970e7c3c6328dd8f96f40979a34cf93dcd045da16799dc93
NEWS_CANDIDATE_052388_28b2c47d,NEW,,"FBM KLCI gains momentum at midday, tracking Wall Street’s record highs",The Star,2025-09-12,https://www.thestar.com.my/business/business-news/2025/09/12/fbm-klci-gains-momentum-at-midday-tracking-wall-streets-record-highs,2374,,,,,wrong_company,"Another target company's strong alias appears, but the row ticker's target alias does not.",No,wrong_company,none,No,No,No,No,Yes,wrong_company,1,0,dd7be79cebdf14a6b02659bc3c1e57fc023ea006bafade7ec9bc24283c599a74,"New_news_MAG_Holdings_Berhad_MAG_Holdings_Berhad_news_csv:{""row_number"": 1033}:ecd012f97ef9",manual_preserve,manual_preserve_v1,New_news/MAG Holdings Berhad/MAG Holdings Berhad_news.csv,5481c1cba2d42669970e7c3c6328dd8f96f40979a34cf93dcd045da16799dc93
NEWS_CANDIDATE_052398_655d6625,NEW,,Switch to value stocks holds investor potential,The Star,2025-09-11,https://www.thestar.com.my/business/business-news/2025/09/11/switch-to-value-stocks-holds-investor-potential,3320,,,,,wrong_company,"Another target company's strong alias appears, but the row ticker's target alias does not.",No,wrong_company,none,No,No,No,No,Yes,wrong_company,1,0,9b6fcebfb0601688ff2c7e6b61a20e5b8b01121327a5b9f9aeea46db1544395d,"New_news_MAG_Holdings_Berhad_MAG_Holdings_Berhad_news_csv:{""row_number"": 1043}:749eee9a8b74",manual_preserve,manual_preserve_v1,New_news/MAG Holdings Berhad/MAG Holdings Berhad_news.csv,5481c1cba2d42669970e7c3c6328dd8f96f40979a34cf93dcd045da16799dc93
NEWS_CANDIDATE_052455_b7b10513,NEW,,"FBM KLCI ends higher, bucking regional downtrend",The Star,2025-09-03,https://www.thestar.com.my/business/business-news/2025/09/03/fbm-klci-ends-higher-bucking-regional-downtrend,2146,,,,,wrong_company,"Another target company's strong alias appears, but the row ticker's target alias does not.",No,wrong_company,none,No,No,No,No,Yes,wrong_company,1,0,5b613b84bb9afcff66a4063eb30dcc423ef6efd1c668a2f414d76a0e65febd17,"New_news_MAG_Holdings_Berhad_MAG_Holdings_Berhad_news_csv:{""row_number"": 1100}:3c088c279a22",manual_preserve,manual_preserve_v1,New_news/MAG Holdings Berhad/MAG Holdings Berhad_news.csv,5481c1cba2d42669970e7c3c6328dd8f96f40979a34cf93dcd045da16799dc93
NEWS_CANDIDATE_052507_cd5ce044,NEW,,FBM KLCI ends week lower amid broad-based selling pressure,The Star,2025-08-29,https://www.thestar.com.my/business/business-news/2025/08/29/fbm-klci-ends-week-lower-amid-broad-based-selling-pressure,1542,,,,,wrong_company,"Another target company's strong alias appears, but the row ticker's target alias does not.",No,wrong_company,none,No,No,No,No,Yes,wrong_company,1,0,20de2ba686a95f42fb950da4c20d907047a8c5dca26cef0b23c8b99b74cb5b41,"New_news_MAG_Holdings_Berhad_MAG_Holdings_Berhad_news_csv:{""row_number"": 1152}:2904c2607d88",manual_preserve,manual_preserve_v1,New_news/MAG Holdings Berhad/MAG Holdings Berhad_news.csv,5481c1cba2d42669970e7c3c6328dd8f96f40979a34cf93dcd045da16799dc93
NEWS_CANDIDATE_052626_2bb951f4,NEW,,"Trading ideas: MGB, YTL Power, Classita, Infomina, NationGate, Thong Guan, Carlsberg, Sunway REIT, UMS, MSC, Tex Cycle, Rhone Ma",The Star,2025-08-13,https://www.thestar.com.my/business/business-news/2025/08/13/trading-ideas-mgb-ytl-power-classita-infomina-nationgate-thong-guan-carlsberg-sunway-reit-ums-msc-tex-cycle-rhone-ma,2269,,,,,wrong_company,"Another target company's strong alias appears, but the row ticker's target alias does not.",No,wrong_company,none,No,No,No,No,Yes,wrong_company,1,0,360cc275ca8e8a72da4efa254601ba8cfaf37f892e5fe75a1cbdd47804eec534,"New_news_MAG_Holdings_Berhad_MAG_Holdings_Berhad_news_csv:{""row_number"": 1271}:21095764e565",manual_preserve,manual_preserve_v1,New_news/MAG Holdings Berhad/MAG Holdings Berhad_news.csv,5481c1cba2d42669970e7c3c6328dd8f96f40979a34cf93dcd045da16799dc93
NEWS_CANDIDATE_052688_e5398955,NEW,,FBM KLCI tracks regional gains amid cautious trade,The Star,2025-08-06,https://www.thestar.com.my/business/business-news/2025/08/06/fbm-klci-tracks-regional-gains-amid-cautious-trade,1957,,,,,wrong_company,"Another target company's strong alias appears, but the row ticker's target alias does not.",No,wrong_company,none,No,No,No,No,Yes,wrong_company,1,0,da47db24e2e9d0ba514068d7db44d456dc74be2a40265cd86b59f65f042652b4,"New_news_MAG_Holdings_Berhad_MAG_Holdings_Berhad_news_csv:{""row_number"": 1333}:79cd3e4adca4",manual_preserve,manual_preserve_v1,New_news/MAG Holdings Berhad/MAG Holdings Berhad_news.csv,5481c1cba2d42669970e7c3c6328dd8f96f40979a34cf93dcd045da16799dc93
NEWS_CANDIDATE_052694_cc73cc45,NEW,,KLCI edges higher at midday on selective buying in heavyweights,The Star,2025-08-08,https://www.thestar.com.my/business/business-news/2025/08/08/klci-edges-higher-at-midday-on-selective-buying-in-heavyweights,2323,,,,,wrong_company,"Another target company's strong alias appears, but the row ticker's target alias does not.",No,wrong_company,none,No,No,No,No,Yes,wrong_company,1,0,a691a5c58ab9ef67a7f93725479d5aa024fe3720183f7c587e4879be8e71d5d2,"New_news_MAG_Holdings_Berhad_MAG_Holdings_Berhad_news_csv:{""row_number"": 1339}:3512d39352ef",manual_preserve,manual_preserve_v1,New_news/MAG Holdings Berhad/MAG Holdings Berhad_news.csv,5481c1cba2d42669970e7c3c6328dd8f96f40979a34cf93dcd045da16799dc93
NEWS_CANDIDATE_052752_395dc642,NEW,,Bursa Malaysia slips as trade uncertainty weighs on sentiment,The Star,2025-07-31,https://www.thestar.com.my/business/business-news/2025/07/31/bursa-malaysia-slips-as-trade-uncertainty-weighs-on-sentiment,2057,,,,,wrong_company,"Another target company's strong alias appears, but the row ticker's target alias does not.",No,wrong_company,none,No,No,No,No,Yes,wrong_company,1,0,cdd0b0aa257da64210d144670209921d4878fc54f67be0f5ea1bd0d51d50c9b4,"New_news_MAG_Holdings_Berhad_MAG_Holdings_Berhad_news_csv:{""row_number"": 1397}:2018018f7527",manual_preserve,manual_preserve_v1,New_news/MAG Holdings Berhad/MAG Holdings Berhad_news.csv,5481c1cba2d42669970e7c3c6328dd8f96f40979a34cf93dcd045da16799dc93
NEWS_CANDIDATE_052827_d4d2b321,NEW,,Consumer sector to gain,The Star,2025-07-25,https://www.thestar.com.my/business/business-news/2025/07/25/consumer-sector-to-gain,7657,,,,,wrong_company,"Another target company's strong alias appears, but the row ticker's target alias does not.",No,wrong_company,none,No,No,No,No,Yes,wrong_company,1,0,cc898a6e24d8a5e49dc211af1b526722b2a83dda27df2153108ca99dbae1d4b7,"New_news_MAG_Holdings_Berhad_MAG_Holdings_Berhad_news_csv:{""row_number"": 1472}:8524dec4af07",manual_preserve,manual_preserve_v1,New_news/MAG Holdings Berhad/MAG Holdings Berhad_news.csv,5481c1cba2d42669970e7c3c6328dd8f96f40979a34cf93dcd045da16799dc93
NEWS_CANDIDATE_052843_f0ee807c,NEW,,FBM KLCI falls for second day on cautious sentiment,The Star,2025-07-22,https://www.thestar.com.my/business/business-news/2025/07/22/fbm-klci-falls-for-second-day-on-cautious-sentiment,1639,,,,,wrong_company,"Another target company's strong alias appears, but the row ticker's target alias does not.",No,wrong_company,none,No,No,No,No,Yes,wrong_company,1,0,619190244157b3d9d66f1b51e1b392f6123215c0811833b0aa54a922e6311d79,"New_news_MAG_Holdings_Berhad_MAG_Holdings_Berhad_news_csv:{""row_number"": 1488}:2e4dbfaab247",manual_preserve,manual_preserve_v1,New_news/MAG Holdings Berhad/MAG Holdings Berhad_news.csv,5481c1cba2d42669970e7c3c6328dd8f96f40979a34cf93dcd045da16799dc93
NEWS_CANDIDATE_052973_ce604fe7,NEW,,FBM KLCI ends lower as banking stocks slip after OPR cut,The Star,2025-07-09,https://www.thestar.com.my/business/business-news/2025/07/09/fbm-klci-ends-lower-as-banking-stocks-slip-after-opr-cut,1901,,,,,wrong_company,"Another target company's strong alias appears, but the row ticker's target alias does not.",No,wrong_company,none,No,No,No,No,Yes,wrong_company,1,0,8c092e45347e83093441e63f22f0da963f38d99f48077c344ea6bb1a3f9f9352,"New_news_MAG_Holdings_Berhad_MAG_Holdings_Berhad_news_csv:{""row_number"": 1618}:dd28fcbaff6e",manual_preserve,manual_preserve_v1,New_news/MAG Holdings Berhad/MAG Holdings Berhad_news.csv,5481c1cba2d42669970e7c3c6328dd8f96f40979a34cf93dcd045da16799dc93
NEWS_CANDIDATE_053144_10a0c1f7,NEW,,"FBM KLCI slides amid cautious sentiment, geopolitical concerns",The Star,2025-06-19,https://www.thestar.com.my/business/business-news/2025/06/19/fbm-klci-slides-amid-cautious-sentiment-geopolitical-concerns,1676,,,,,wrong_company,"Another target company's strong alias appears, but the row ticker's target alias does not.",No,wrong_company,none,No,No,No,No,Yes,wrong_company,1,0,a893a26c18ad827ad0cbcbe296dd0a1c838601039af7e5e8971a9e4d170a0dd1,"New_news_MAG_Holdings_Berhad_MAG_Holdings_Berhad_news_csv:{""row_number"": 1789}:9ccba2680af0",manual_preserve,manual_preserve_v1,New_news/MAG Holdings Berhad/MAG Holdings Berhad_news.csv,5481c1cba2d42669970e7c3c6328dd8f96f40979a34cf93dcd045da16799dc93
NEWS_CANDIDATE_053146_9af71a90,NEW,,Consumer staples favourable amid expanded SST,The Star,2025-06-19,https://www.thestar.com.my/business/business-news/2025/06/19/consumer-staples-favourable-amid-expanded-sst,2696,,,,,wrong_company,"Another target company's strong alias appears, but the row ticker's target alias does not.",No,wrong_company,none,No,No,No,No,Yes,wrong_company,1,0,1042c62114a3b28997af5b857c2db022787fc66b01c1bcb66746aa9bab6a3d10,"New_news_MAG_Holdings_Berhad_MAG_Holdings_Berhad_news_csv:{""row_number"": 1791}:ec0193f6974a",manual_preserve,manual_preserve_v1,New_news/MAG Holdings Berhad/MAG Holdings Berhad_news.csv,5481c1cba2d42669970e7c3c6328dd8f96f40979a34cf93dcd045da16799dc93
NEWS_CANDIDATE_053152_b9e18733,NEW,,FBM KLCI ends higher as caution caps momentum,The Star,2025-06-20,https://www.thestar.com.my/business/business-news/2025/06/20/fbm-klci-ends-higher-as-caution-caps-momentum,2056,,,,,wrong_company,"Another target company's strong alias appears, but the row ticker's target alias does not.",No,wrong_company,none,No,No,No,No,Yes,wrong_company,1,0,d4ac78dca491e472707814fc3bdf5895d38b1d3dc7e72862585bd532cf5a7c2b,"New_news_MAG_Holdings_Berhad_MAG_Holdings_Berhad_news_csv:{""row_number"": 1797}:6f74ea7e2569",manual_preserve,manual_preserve_v1,New_news/MAG Holdings Berhad/MAG Holdings Berhad_news.csv,5481c1cba2d42669970e7c3c6328dd8f96f40979a34cf93dcd045da16799dc93
NEWS_CANDIDATE_053195_f0d197f6,NEW,,Bursa Malaysia ends lower as geopolitical tensions spark risk-off mood,The Star,2025-06-13,https://www.thestar.com.my/business/business-news/2025/06/13/bursa-malaysia-ends-lower-as-geopolitical-tensions-spark-risk-off-mood,1802,,,,,wrong_company,"Another target company's strong alias appears, but the row ticker's target alias does not.",No,wrong_company,none,No,No,No,No,Yes,wrong_company,1,0,71b1531f17fdfd67fa46d7e9800a0818922a5595bc32e4cda7d2771d2dba3a5d,"New_news_MAG_Holdings_Berhad_MAG_Holdings_Berhad_news_csv:{""row_number"": 1840}:4b36b9b34942",manual_preserve,manual_preserve_v1,New_news/MAG Holdings Berhad/MAG Holdings Berhad_news.csv,5481c1cba2d42669970e7c3c6328dd8f96f40979a34cf93dcd045da16799dc93
NEWS_CANDIDATE_053326_6321a081,NEW,,Last-minute selling pushes FBM KLCI to intraday low,The Star,2025-05-28,https://www.thestar.com.my/business/business-news/2025/05/28/last-minute-selling-pushes-fbm-klci-to-intraday-low,1704,,,,,wrong_company,"Another target company's strong alias appears, but the row ticker's target alias does not.",No,wrong_company,none,No,No,No,No,Yes,wrong_company,1,0,6146f51bb74604814b7d27c200d52b78c1ea522d7b5bb3e09fa73423a12aec93,"New_news_MAG_Holdings_Berhad_MAG_Holdings_Berhad_news_csv:{""row_number"": 1971}:411d586cd91d",manual_preserve,manual_preserve_v1,New_news/MAG Holdings Berhad/MAG Holdings Berhad_news.csv,5481c1cba2d42669970e7c3c6328dd8f96f40979a34cf93dcd045da16799dc93
NEWS_CANDIDATE_053417_5f6207ab,NEW,,"FBM KLCI rebounds, closes higher amid regional gains",The Star,2025-05-14,https://www.thestar.com.my/business/business-news/2025/05/14/fbm-klci-rebounds-closes-higher-amid-regional-gains,1488,,,,,wrong_company,"Another target company's strong alias appears, but the row ticker's target alias does not.",No,wrong_company,none,No,No,No,No,Yes,wrong_company,1,0,66e0361a0ee21ee3414669213c182d7066b643b6bc8b73c2e2733ac219d49faa,"New_news_MAG_Holdings_Berhad_MAG_Holdings_Berhad_news_csv:{""row_number"": 2062}:2a6fe8d2c3c5",manual_preserve,manual_preserve_v1,New_news/MAG Holdings Berhad/MAG Holdings Berhad_news.csv,5481c1cba2d42669970e7c3c6328dd8f96f40979a34cf93dcd045da16799dc93
NEWS_CANDIDATE_053470_f37ef61b,NEW,,"FBM KLCI snaps losing streak, ends at intraday high ahead of OPR decision",The Star,2025-05-07,https://www.thestar.com.my/business/business-news/2025/05/07/fbm-klci-snaps-losing-streak-ends-at-intraday-high-ahead-of-opr-decision,1605,,,,,wrong_company,"Another target company's strong alias appears, but the row ticker's target alias does not.",No,wrong_company,none,No,No,No,No,Yes,wrong_company,1,0,f39804dd74d2d4e00adadab361b965895a31343d142ebb7f3b6a9d45fa471e59,"New_news_MAG_Holdings_Berhad_MAG_Holdings_Berhad_news_csv:{""row_number"": 2115}:5ad15566659a",manual_preserve,manual_preserve_v1,New_news/MAG Holdings Berhad/MAG Holdings Berhad_news.csv,5481c1cba2d42669970e7c3c6328dd8f96f40979a34cf93dcd045da16799dc93
NEWS_CANDIDATE_053708_f40738d8,NEW,,FBM KLCI dips 1% as Asian markets slump amid Trump’s tariff turmoil,The Star,2025-04-04,https://www.thestar.com.my/business/business-news/2025/04/04/fbm-klci-dips-1-as-asian-markets-slump-amid-trumps-tariff-turmoil,2163,,,,,wrong_company,"Another target company's strong alias appears, but the row ticker's target alias does not.",No,wrong_company,none,No,No,No,No,Yes,wrong_company,1,0,37b1f58b0408340f51c6183ae538be406c1af91e7e442eda69d74d76bfb0f24f,"New_news_MAG_Holdings_Berhad_MAG_Holdings_Berhad_news_csv:{""row_number"": 2353}:1ed054335a71",manual_preserve,manual_preserve_v1,New_news/MAG Holdings Berhad/MAG Holdings Berhad_news.csv,5481c1cba2d42669970e7c3c6328dd8f96f40979a34cf93dcd045da16799dc93
NEWS_CANDIDATE_053768_383f68ab,NEW,,FBM KLCI tumbles 7.83% in first quarter amid market headwinds,The Star,2025-03-28,https://www.thestar.com.my/business/business-news/2025/03/28/fbm-klci-tumbles-783-in-first-quarter-amid-market-headwinds,2203,,,,,wrong_company,"Another target company's strong alias appears, but the row ticker's target alias does not.",No,wrong_company,none,No,No,No,No,Yes,wrong_company,1,0,2701fe6eb1a2b9362396a512c632da548b1b733b9e65af2035c7dc19fc0f6182,"New_news_MAG_Holdings_Berhad_MAG_Holdings_Berhad_news_csv:{""row_number"": 2413}:fbcab3473f97",manual_preserve,manual_preserve_v1,New_news/MAG Holdings Berhad/MAG Holdings Berhad_news.csv,5481c1cba2d42669970e7c3c6328dd8f96f40979a34cf93dcd045da16799dc93
NEWS_CANDIDATE_053816_ed91969b,NEW,,"MSM plans Tg Langsat as sugar export hub, eyes new markets",The Star,2025-03-20,https://www.thestar.com.my/business/business-news/2025/03/20/msm-plans-tg-langsat-as-sugar-export-hub-eyes-new-markets,2116,,,,,wrong_company,"Another target company's strong alias appears, but the row ticker's target alias does not.",No,wrong_company,none,No,No,No,No,Yes,wrong_company,1,0,20c478e1e79da3108a0e7c6a5597516233420c81d1fd517c1a467a0117dd782f,"New_news_MAG_Holdings_Berhad_MAG_Holdings_Berhad_news_csv:{""row_number"": 2461}:b97cd3ee15d3",manual_preserve,manual_preserve_v1,New_news/MAG Holdings Berhad/MAG Holdings Berhad_news.csv,5481c1cba2d42669970e7c3c6328dd8f96f40979a34cf93dcd045da16799dc93
NEWS_CANDIDATE_053895_355e2276,NEW,,FBM KLCI crashes to a one-year low as trade fears escalate,The Star,2025-03-12,https://www.thestar.com.my/business/business-news/2025/03/12/fbm-klci-crashes-to-a-one-year-low-as-trade-fears-escalate,2432,,,,,wrong_company,"Another target company's strong alias appears, but the row ticker's target alias does not.",No,wrong_company,none,No,No,No,No,Yes,wrong_company,1,0,d25f9d5f198ffc993182dae2ccb63909100b28462658e02e689d29e793fd75e1,"New_news_MAG_Holdings_Berhad_MAG_Holdings_Berhad_news_csv:{""row_number"": 2540}:1cfaf20b38fa",manual_preserve,manual_preserve_v1,New_news/MAG Holdings Berhad/MAG Holdings Berhad_news.csv,5481c1cba2d42669970e7c3c6328dd8f96f40979a34cf93dcd045da16799dc93
NEWS_CANDIDATE_053903_35a994c8,NEW,,"FBM KLCI ends higher for second day, but heads for 2.3% weekly decline",The Star,2025-03-14,https://www.thestar.com.my/business/business-news/2025/03/14/fbm-klci-ends-higher-for-second-day-but-heads-for-23-weekly-decline,1707,,,,,wrong_company,"Another target company's strong alias appears, but the row ticker's target alias does not.",No,wrong_company,none,No,No,No,No,Yes,wrong_company,1,0,f4594690b481b69e252b7e385cdb635f73b7376c11cd50edccf9ca9f8e2a2cf2,"New_news_MAG_Holdings_Berhad_MAG_Holdings_Berhad_news_csv:{""row_number"": 2548}:5304840740fe",manual_preserve,manual_preserve_v1,New_news/MAG Holdings Berhad/MAG Holdings Berhad_news.csv,5481c1cba2d42669970e7c3c6328dd8f96f40979a34cf93dcd045da16799dc93
NEWS_CANDIDATE_054018_6790b3e0,NEW,,FBM KLCI slips as investors lock in profits,The Star,2025-02-27,https://www.thestar.com.my/business/business-news/2025/02/27/fbm-klci-slips-as-investors-lock-in-profits,1539,,,,,wrong_company,"Another target company's strong alias appears, but the row ticker's target alias does not.",No,wrong_company,none,No,No,No,No,Yes,wrong_company,1,0,5d2ba0bb6e7ca4729c8971623d8550e733dd4a513190cbd16e6a4bb7900f9709,"New_news_MAG_Holdings_Berhad_MAG_Holdings_Berhad_news_csv:{""row_number"": 2663}:d5a17a00e62c",manual_preserve,manual_preserve_v1,New_news/MAG Holdings Berhad/MAG Holdings Berhad_news.csv,5481c1cba2d42669970e7c3c6328dd8f96f40979a34cf93dcd045da16799dc93
NEWS_CANDIDATE_054028_3a7479cd,NEW,,"Bargain hunting drives FBM KLCI rally, lifting index by 20.68 points",The Star,2025-02-26,https://www.thestar.com.my/business/business-news/2025/02/26/bargain-hunting-drives-fbm-klci-rally-lifting-index-by-2068-points,1997,,,,,wrong_company,"Another target company's strong alias appears, but the row ticker's target alias does not.",No,wrong_company,none,No,No,No,No,Yes,wrong_company,1,0,17f7671ec42515685121a1e4179619e14a779aabef59c5c13cffbb2b12884747,"New_news_MAG_Holdings_Berhad_MAG_Holdings_Berhad_news_csv:{""row_number"": 2673}:1109e928b736",manual_preserve,manual_preserve_v1,New_news/MAG Holdings Berhad/MAG Holdings Berhad_news.csv,5481c1cba2d42669970e7c3c6328dd8f96f40979a34cf93dcd045da16799dc93
NEWS_CANDIDATE_054102_ee14dd1b,NEW,,Rising tourism brightens consumer sector outlook,The Star,2025-02-19,https://www.thestar.com.my/business/business-news/2025/02/19/rising-tourism-brightens-consumer-sector-outlook,2632,,,,,wrong_company,"Another target company's strong alias appears, but the row ticker's target alias does not.",No,wrong_company,none,No,No,No,No,Yes,wrong_company,1,0,d801934c5f6420e5a3004c05e3b92cc44ed44bc80edf4687ab5da16d4dccdf9d,"New_news_MAG_Holdings_Berhad_MAG_Holdings_Berhad_news_csv:{""row_number"": 2747}:f3554b03397d",manual_preserve,manual_preserve_v1,New_news/MAG Holdings Berhad/MAG Holdings Berhad_news.csv,5481c1cba2d42669970e7c3c6328dd8f96f40979a34cf93dcd045da16799dc93
NEWS_CANDIDATE_054154_18295ba3,NEW,,FBM KLCI closes nearly unchanged amid mixed sentiment,The Star,2025-02-14,https://www.thestar.com.my/business/business-news/2025/02/14/fbm-klci-closes-nearly-unchanged-amid-mixed-sentiment,1344,,,,,wrong_company,"Another target company's strong alias appears, but the row ticker's target alias does not.",No,wrong_company,none,No,No,No,No,Yes,wrong_company,1,0,8d0c0ab82687ee3a1555245a5cd23f5084f5ace17a6a17ca2aec2e7abeb0a63b,"New_news_MAG_Holdings_Berhad_MAG_Holdings_Berhad_news_csv:{""row_number"": 2799}:b2a675d3e5c5",manual_preserve,manual_preserve_v1,New_news/MAG Holdings Berhad/MAG Holdings Berhad_news.csv,5481c1cba2d42669970e7c3c6328dd8f96f40979a34cf93dcd045da16799dc93
NEWS_CANDIDATE_054165_fb5106ef,NEW,,Wilmar’s latest acquisition to bolster earnings,The Star,2025-02-12,https://www.thestar.com.my/business/business-news/2025/02/12/wilmars-latest-acquisition-to-bolster-earnings,3569,,,,,wrong_company,"Another target company's strong alias appears, but the row ticker's target alias does not.",No,wrong_company,none,No,No,No,No,Yes,wrong_company,1,0,8d84f9d6bc03f60d52cd4cf9a16fa2f229daf435c3ed219b05df2e13c1f578a3,"New_news_MAG_Holdings_Berhad_MAG_Holdings_Berhad_news_csv:{""row_number"": 2810}:ac8c3f905756",manual_preserve,manual_preserve_v1,New_news/MAG Holdings Berhad/MAG Holdings Berhad_news.csv,5481c1cba2d42669970e7c3c6328dd8f96f40979a34cf93dcd045da16799dc93
NEWS_CANDIDATE_054224_cc8e4997,NEW,,"FBM KLCI continues upward trend, closing higher on Wednesday",The Star,2025-02-05,https://www.thestar.com.my/business/business-news/2025/02/05/fbm-klci-continues-upward-trend-closing-higher-on-wednesday,1444,,,,,wrong_company,"Another target company's strong alias appears, but the row ticker's target alias does not.",No,wrong_company,none,No,No,No,No,Yes,wrong_company,1,0,3b398418e1ceaab3cae1c197147c187cf11fddbfa16c9db8b5bae7f1243dea8d,"New_news_MAG_Holdings_Berhad_MAG_Holdings_Berhad_news_csv:{""row_number"": 2869}:346b43d48975",manual_preserve,manual_preserve_v1,New_news/MAG Holdings Berhad/MAG Holdings Berhad_news.csv,5481c1cba2d42669970e7c3c6328dd8f96f40979a34cf93dcd045da16799dc93
NEWS_CANDIDATE_054394_3ba5f56d,NEW,,Bursa Malaysia snaps winning streak; Oriental Kopi soars 98.86%,The Star,2025-01-23,https://www.thestar.com.my/business/business-news/2025/01/23/bursa-malaysia-snaps-winning-streak-oriental-kopi-soars-9886,1579,,,,,wrong_company,"Another target company's strong alias appears, but the row ticker's target alias does not.",No,wrong_company,none,No,No,No,No,Yes,wrong_company,1,0,28af73376c1db29c609ecde32a5130efd9373b900b89c5cafa52065b07dbb230,"New_news_MAG_Holdings_Berhad_MAG_Holdings_Berhad_news_csv:{""row_number"": 3039}:201ef8d34883",manual_preserve,manual_preserve_v1,New_news/MAG Holdings Berhad/MAG Holdings Berhad_news.csv,5481c1cba2d42669970e7c3c6328dd8f96f40979a34cf93dcd045da16799dc93
NEWS_CANDIDATE_054504_026613a2,NEW,,Bursa Malaysia tumbles as over 800 stocks end in the red,The Star,2025-01-08,https://www.thestar.com.my/business/business-news/2025/01/08/bursa-malaysia-tumbles-as-over-800-stocks-end-in-the-red,1509,,,,,wrong_company,"Another target company's strong alias appears, but the row ticker's target alias does not.",No,wrong_company,none,No,No,No,No,Yes,wrong_company,1,0,0b82dba014f2717129ba866b712542c71bbcdf80d2298e29aeb73fbe8b3901a9,"New_news_MAG_Holdings_Berhad_MAG_Holdings_Berhad_news_csv:{""row_number"": 3149}:57503dda233c",manual_preserve,manual_preserve_v1,New_news/MAG Holdings Berhad/MAG Holdings Berhad_news.csv,5481c1cba2d42669970e7c3c6328dd8f96f40979a34cf93dcd045da16799dc93
NEWS_CANDIDATE_054509_b60791eb,NEW,,Consumer product counters to benefit from higher wages,The Star,2025-01-08,https://www.thestar.com.my/business/business-news/2025/01/08/consumer-product-counters-to-benefit-from-higher-wages,2325,,,,,wrong_company,"Another target company's strong alias appears, but the row ticker's target alias does not.",No,wrong_company,none,No,No,No,No,Yes,wrong_company,1,0,eebdd1438b68a12467e9f3b95eed585c31c8173804d9a38c720289cc4e79f1dc,"New_news_MAG_Holdings_Berhad_MAG_Holdings_Berhad_news_csv:{""row_number"": 3154}:38135d9c0227",manual_preserve,manual_preserve_v1,New_news/MAG Holdings Berhad/MAG Holdings Berhad_news.csv,5481c1cba2d42669970e7c3c6328dd8f96f40979a34cf93dcd045da16799dc93
NEWS_CANDIDATE_054615_e7816036,NEW,,"FBM KLCI rises 0.9%, led by TNB in year-end window dressing",The Star,2024-12-27,https://www.thestar.com.my/business/business-news/2024/12/27/fbm-klci-rises-09-led-by-tnb-in-year-end-window-dressing,1945,,,,,wrong_company,"Another target company's strong alias appears, but the row ticker's target alias does not.",No,wrong_company,none,No,No,No,No,Yes,wrong_company,1,0,49c8d248d7220f363269d96cb0435f41a6d2cef7f145cebfd40b4b527f7465e2,"New_news_MAG_Holdings_Berhad_MAG_Holdings_Berhad_news_csv:{""row_number"": 3260}:3a178a8d480c",manual_preserve,manual_preserve_v1,New_news/MAG Holdings Berhad/MAG Holdings Berhad_news.csv,5481c1cba2d42669970e7c3c6328dd8f96f40979a34cf93dcd045da16799dc93
NEWS_CANDIDATE_054633_d7527416,NEW,,"FBM KLCI up in early trade, tracking Wall Street gains",The Star,2024-12-24,https://www.thestar.com.my/business/business-news/2024/12/24/fbm-klci-up-in-early-trade-tracking-wall-street-gains,1868,,,,,wrong_company,"Another target company's strong alias appears, but the row ticker's target alias does not.",No,wrong_company,none,No,No,No,No,Yes,wrong_company,1,0,ccb7a162dd2e7297ed6f6be21c9b3ff489d1310e777f067c5f8e3df849fad9b9,"New_news_MAG_Holdings_Berhad_MAG_Holdings_Berhad_news_csv:{""row_number"": 3278}:f031f254727f",manual_preserve,manual_preserve_v1,New_news/MAG Holdings Berhad/MAG Holdings Berhad_news.csv,5481c1cba2d42669970e7c3c6328dd8f96f40979a34cf93dcd045da16799dc93
NEWS_CANDIDATE_054640_d4a69316,NEW,,"FBM KLCI surges on year-end window dressing, led by TNB's strong gains",The Star,2024-12-27,https://www.thestar.com.my/business/business-news/2024/12/27/fbm-klci-surges-on-year-end-window-dressing-led-by-tnb039s-strong-gains,2230,,,,,wrong_company,"Another target company's strong alias appears, but the row ticker's target alias does not.",No,wrong_company,none,No,No,No,No,Yes,wrong_company,1,0,a949a7038340da4325c3a6b49ef4c33c3aac5015451f6b7e4bfcb1769659b01a,"New_news_MAG_Holdings_Berhad_MAG_Holdings_Berhad_news_csv:{""row_number"": 3285}:3bee0d5cdeda",manual_preserve,manual_preserve_v1,New_news/MAG Holdings Berhad/MAG Holdings Berhad_news.csv,5481c1cba2d42669970e7c3c6328dd8f96f40979a34cf93dcd045da16799dc93
NEWS_CANDIDATE_054645_de63aa46,NEW,,Santa Claus rally extends on Bursa Malaysia,The Star,2024-12-26,https://www.thestar.com.my/business/business-news/2024/12/26/santa-claus-rally-extends-on-bursa-malaysia,1405,,,,,wrong_company,"Another target company's strong alias appears, but the row ticker's target alias does not.",No,wrong_company,none,No,No,No,No,Yes,wrong_company,1,0,970deac6f9c49a5d632c162e573b6c96477f290d7702befdda11010cbb73673e,"New_news_MAG_Holdings_Berhad_MAG_Holdings_Berhad_news_csv:{""row_number"": 3290}:81bd1fcc79d8",manual_preserve,manual_preserve_v1,New_news/MAG Holdings Berhad/MAG Holdings Berhad_news.csv,5481c1cba2d42669970e7c3c6328dd8f96f40979a34cf93dcd045da16799dc93
NEWS_CANDIDATE_054681_c80e7814,NEW,,Bursa Malaysia remains lower at midday amid weak sentiment,The Star,2024-12-19,https://www.thestar.com.my/business/business-news/2024/12/19/bursa-malaysia-remains-lower-at-midday-amid-weak-sentiment,2128,,,,,wrong_company,"Another target company's strong alias appears, but the row ticker's target alias does not.",No,wrong_company,none,No,No,No,No,Yes,wrong_company,1,0,66414cd15780cc581fc9c1bf2ead29cfe2345b33cd1b4ff8df3ca8162d3125e8,"New_news_MAG_Holdings_Berhad_MAG_Holdings_Berhad_news_csv:{""row_number"": 3326}:d4088f28b60d",manual_preserve,manual_preserve_v1,New_news/MAG Holdings Berhad/MAG Holdings Berhad_news.csv,5481c1cba2d42669970e7c3c6328dd8f96f40979a34cf93dcd045da16799dc93
NEWS_CANDIDATE_054708_66c9a78f,NEW,,"Bursa Malaysia opens lower, tracking Wall Street’s slump",The Star,2024-12-19,https://www.thestar.com.my/business/business-news/2024/12/19/bursa-malaysia-opens-lower-tracking-wall-streets-slump,2102,,,,,wrong_company,"Another target company's strong alias appears, but the row ticker's target alias does not.",No,wrong_company,none,No,No,No,No,Yes,wrong_company,1,0,26168559522ba1b62ca77259d95f89beda7549b5918117611daf37c7504161ca,"New_news_MAG_Holdings_Berhad_MAG_Holdings_Berhad_news_csv:{""row_number"": 3353}:ce4c24dc221a",manual_preserve,manual_preserve_v1,New_news/MAG Holdings Berhad/MAG Holdings Berhad_news.csv,5481c1cba2d42669970e7c3c6328dd8f96f40979a34cf93dcd045da16799dc93
NEWS_CANDIDATE_054892_369e2300,NEW,,PPB's 3Q net profit falls to RM208.12mil,The Star,2024-11-28,https://www.thestar.com.my/business/business-news/2024/11/28/ppb039s-3q-net-profit-falls-to-rm20812mil,1516,,,,,wrong_company,"Another target company's strong alias appears, but the row ticker's target alias does not.",No,wrong_company,none,No,No,No,No,Yes,wrong_company,1,0,4050db7b4bba04a25319c8bf2bb79eaa09a754bd473cad98ca54793184749b85,"New_news_MAG_Holdings_Berhad_MAG_Holdings_Berhad_news_csv:{""row_number"": 3537}:d415919e1b77",manual_preserve,manual_preserve_v1,New_news/MAG Holdings Berhad/MAG Holdings Berhad_news.csv,5481c1cba2d42669970e7c3c6328dd8f96f40979a34cf93dcd045da16799dc93
NEWS_CANDIDATE_054919_1602f6a8,NEW,,FBM KLCI ends lower for second straight day,The Star,2024-11-29,https://www.thestar.com.my/business/business-news/2024/11/29/fbm-klci-ends-lower-for-second-straight-day,1402,,,,,wrong_company,"Another target company's strong alias appears, but the row ticker's target alias does not.",No,wrong_company,none,No,No,No,No,Yes,wrong_company,1,0,a3920172d9298f480a35342431e808498501c1e51d793ceac74a5e5d45530e0e,"New_news_MAG_Holdings_Berhad_MAG_Holdings_Berhad_news_csv:{""row_number"": 3564}:5a91a72ff465",manual_preserve,manual_preserve_v1,New_news/MAG Holdings Berhad/MAG Holdings Berhad_news.csv,5481c1cba2d42669970e7c3c6328dd8f96f40979a34cf93dcd045da16799dc93
NEWS_CANDIDATE_055038_f2be70ce,NEW,,Gamuda likely to oust Genting Malaysia from FBM KLCI,The Star,2024-11-06,https://www.thestar.com.my/business/business-news/2024/11/06/gamuda-likely-to-oust-genting-malaysia-from-fbm-klci,1723,,,,,wrong_company,"Another target company's strong alias appears, but the row ticker's target alias does not.",No,wrong_company,none,No,No,No,No,Yes,wrong_company,1,0,c59ca4ef8f2c624946d193979d2f9b1d67786eef12b6ce2ce28846ca38ce2915,"New_news_MAG_Holdings_Berhad_MAG_Holdings_Berhad_news_csv:{""row_number"": 3683}:766046ebc8ff",manual_preserve,manual_preserve_v1,New_news/MAG Holdings Berhad/MAG Holdings Berhad_news.csv,5481c1cba2d42669970e7c3c6328dd8f96f40979a34cf93dcd045da16799dc93
NEWS_CANDIDATE_055041_7b909594,NEW,,"Trading ideas: IOI, Gagasan Nadi, Xin Hwa, T7, TCS, Aneka, HE, Ann Joo, Aimflex, F&N",The Star,2024-11-06,https://www.thestar.com.my/business/business-news/2024/11/06/trading-ideas-ioi-gagasan-nadi-xin-hwa-t7-tcs-aneka-he-ann-joo-aimflex-fn,2010,,,,,wrong_company,"Another target company's strong alias appears, but the row ticker's target alias does not.",No,wrong_company,none,No,No,No,No,Yes,wrong_company,1,0,3f50266b91b4af2d79a0fdab9cbdaae5b42f566d41e161930feb0b90252e3448,"New_news_MAG_Holdings_Berhad_MAG_Holdings_Berhad_news_csv:{""row_number"": 3686}:efad23abc052",manual_preserve,manual_preserve_v1,New_news/MAG Holdings Berhad/MAG Holdings Berhad_news.csv,5481c1cba2d42669970e7c3c6328dd8f96f40979a34cf93dcd045da16799dc93
NEWS_CANDIDATE_055054_cfa51e71,NEW,,"FBM KLCI opens higher, then slides on profit-taking",The Star,2024-11-07,https://www.thestar.com.my/business/business-news/2024/11/07/fbm-klci-opens-higher-then-slides-on-profit-taking,2768,,,,,wrong_company,"Another target company's strong alias appears, but the row ticker's target alias does not.",No,wrong_company,none,No,No,No,No,Yes,wrong_company,1,0,3847e2caf56569b7eec1d294391fae0b3820141b7f8f441ac752fef1c236bb2c,"New_news_MAG_Holdings_Berhad_MAG_Holdings_Berhad_news_csv:{""row_number"": 3699}:cfa1c336a507",manual_preserve,manual_preserve_v1,New_news/MAG Holdings Berhad/MAG Holdings Berhad_news.csv,5481c1cba2d42669970e7c3c6328dd8f96f40979a34cf93dcd045da16799dc93
NEWS_CANDIDATE_055167_a298867a,NEW,,A boost for consumption from Budget 2025,The Star,2024-10-25,https://www.thestar.com.my/business/business-news/2024/10/25/a-boost-for-consumption-from-budget-2025,4811,,,,,wrong_company,"Another target company's strong alias appears, but the row ticker's target alias does not.",No,wrong_company,none,No,No,No,No,Yes,wrong_company,1,0,ebd12d9f62f0d1c43ddf6ef0d04cfa2a3bf07bf78b990aedee940f06127a05ac,"New_news_MAG_Holdings_Berhad_MAG_Holdings_Berhad_news_csv:{""row_number"": 3812}:4ec225385b7a",manual_preserve,manual_preserve_v1,New_news/MAG Holdings Berhad/MAG Holdings Berhad_news.csv,5481c1cba2d42669970e7c3c6328dd8f96f40979a34cf93dcd045da16799dc93
NEWS_CANDIDATE_055177_91c56bee,NEW,,FBM KLCI remains in the red at midday,The Star,2024-10-24,https://www.thestar.com.my/business/business-news/2024/10/24/fbm-klci-remains-in-the-red-at-midday,1954,,,,,wrong_company,"Another target company's strong alias appears, but the row ticker's target alias does not.",No,wrong_company,none,No,No,No,No,Yes,wrong_company,1,0,3844dcf85f52a5d2f08d8b99291c91f9ba3a1525907094a0864c80faee8bc598,"New_news_MAG_Holdings_Berhad_MAG_Holdings_Berhad_news_csv:{""row_number"": 3822}:35b5b0ad6d67",manual_preserve,manual_preserve_v1,New_news/MAG Holdings Berhad/MAG Holdings Berhad_news.csv,5481c1cba2d42669970e7c3c6328dd8f96f40979a34cf93dcd045da16799dc93
NEWS_CANDIDATE_055302_42d7d0d1,NEW,,Players get cracking on egg subsidy issue,The Star,2024-10-10,https://www.thestar.com.my/business/business-news/2024/10/10/players-get-cracking-on-egg-subsidy-issue,4187,,,,,wrong_company,"Another target company's strong alias appears, but the row ticker's target alias does not.",No,wrong_company,none,No,No,No,No,Yes,wrong_company,1,0,d1776c6babe9ffc76de61a04471c562bb1a99f0d9b3d3ed52448de0ebfe4667c,"New_news_MAG_Holdings_Berhad_MAG_Holdings_Berhad_news_csv:{""row_number"": 3947}:05462b86b349",manual_preserve,manual_preserve_v1,New_news/MAG Holdings Berhad/MAG Holdings Berhad_news.csv,5481c1cba2d42669970e7c3c6328dd8f96f40979a34cf93dcd045da16799dc93
NEWS_CANDIDATE_055314_a5eec900,NEW,,FBM KLCI dips 5.51 points at midday as Public Bank weighs,The Star,2024-10-11,https://www.thestar.com.my/business/business-news/2024/10/11/fbm-klci-dips-551-points-at-midday-as-public-bank-weighs,2052,,,,,wrong_company,"Another target company's strong alias appears, but the row ticker's target alias does not.",No,wrong_company,none,No,No,No,No,Yes,wrong_company,1,0,b4481549217370236e8590d9ee385d50b68294fc57e22970daf7462373fe6976,"New_news_MAG_Holdings_Berhad_MAG_Holdings_Berhad_news_csv:{""row_number"": 3959}:6e313d6711a2",manual_preserve,manual_preserve_v1,New_news/MAG Holdings Berhad/MAG Holdings Berhad_news.csv,5481c1cba2d42669970e7c3c6328dd8f96f40979a34cf93dcd045da16799dc93
NEWS_CANDIDATE_055323_10124d57,NEW,,Halloween-themed poolside cocktails just the trick at Setia Alam bar,The Star,2024-10-11,https://www.thestar.com.my/metro/metro-news/2024/10/11/halloween-themed-poolside-cocktails-just-the-trick-at-setia-alam-bar,1961,,,,,wrong_company,"Another target company's strong alias appears, but the row ticker's target alias does not.",No,wrong_company,none,No,No,No,No,Yes,wrong_company,1,0,0f4762957b36e05a6ef2beeefc5a6e2e70072492d4512b6c991cdc831ad25810,"New_news_MAG_Holdings_Berhad_MAG_Holdings_Berhad_news_csv:{""row_number"": 3968}:25233b5833d2",manual_preserve,manual_preserve_v1,New_news/MAG Holdings Berhad/MAG Holdings Berhad_news.csv,5481c1cba2d42669970e7c3c6328dd8f96f40979a34cf93dcd045da16799dc93
NEWS_CANDIDATE_055351_28768285,NEW,,Bursa Malaysia closes lower on concerns over Middle East tensions,The Star,2024-10-02,https://www.thestar.com.my/business/business-news/2024/10/02/bursa-malaysia-closes-lower-on-concerns-over-middle-east-tensions,3829,,,,,wrong_company,"Another target company's strong alias appears, but the row ticker's target alias does not.",No,wrong_company,none,No,No,No,No,Yes,wrong_company,1,0,0d6bf79e5e3a03032920a27a6ed519b38d7f098ff90906ba2e3213a713fadcf3,"New_news_MAG_Holdings_Berhad_MAG_Holdings_Berhad_news_csv:{""row_number"": 3996}:344c6873af79",manual_preserve,manual_preserve_v1,New_news/MAG Holdings Berhad/MAG Holdings Berhad_news.csv,5481c1cba2d42669970e7c3c6328dd8f96f40979a34cf93dcd045da16799dc93
NEWS_CANDIDATE_055357_67ef0045,NEW,,"FBM KLCI sinks deeper at midday, energy stocks gain amid Middle East tensions",The Star,2024-10-04,https://www.thestar.com.my/business/business-news/2024/10/04/fbm-klci-sinks-deeper-at-midday-energy-stocks-gain-amid-middle-east-tensions,2303,,,,,wrong_company,"Another target company's strong alias appears, but the row ticker's target alias does not.",No,wrong_company,none,No,No,No,No,Yes,wrong_company,1,0,65d7ead2d2ca0c15d1b75b5573a1491228a9e2a9561b211b58240d3c2ebfe7b1,"New_news_MAG_Holdings_Berhad_MAG_Holdings_Berhad_news_csv:{""row_number"": 4002}:bd01d86df8af",manual_preserve,manual_preserve_v1,New_news/MAG Holdings Berhad/MAG Holdings Berhad_news.csv,5481c1cba2d42669970e7c3c6328dd8f96f40979a34cf93dcd045da16799dc93
NEWS_CANDIDATE_055463_677109ce,NEW,,SupportLine,The Star,2024-09-20,https://www.thestar.com.my/business/business-news/2024/09/20/supportline,1726,,,,,wrong_company,"Another target company's strong alias appears, but the row ticker's target alias does not.",No,wrong_company,none,No,No,No,No,Yes,wrong_company,0,0,447a0b0d6561ad0f8f82280e0dcc4524aaf064e840b2a48ceaf9194036d91441,"New_news_MAG_Holdings_Berhad_MAG_Holdings_Berhad_news_csv:{""row_number"": 4108}:a73c0b77c6ef",manual_preserve,manual_preserve_v1,New_news/MAG Holdings Berhad/MAG Holdings Berhad_news.csv,5481c1cba2d42669970e7c3c6328dd8f96f40979a34cf93dcd045da16799dc93
NEWS_CANDIDATE_055524_feeed1fc,NEW,,"YTL Power, YTL Corp drive FBM KLCI higher at midday",The Star,2024-09-12,https://www.thestar.com.my/business/business-news/2024/09/12/ytl-power-ytl-corp-drive-fbm-klci-higher-at-midday,2101,,,,,wrong_company,"Another target company's strong alias appears, but the row ticker's target alias does not.",No,wrong_company,none,No,No,No,No,Yes,wrong_company,1,0,01c714370d7399718be457235d44edb475c328c7fbf8b584be21548ef060ebf1,"New_news_MAG_Holdings_Berhad_MAG_Holdings_Berhad_news_csv:{""row_number"": 4169}:863754803442",manual_preserve,manual_preserve_v1,New_news/MAG Holdings Berhad/MAG Holdings Berhad_news.csv,5481c1cba2d42669970e7c3c6328dd8f96f40979a34cf93dcd045da16799dc93
NEWS_CANDIDATE_055526_bdd1e513,NEW,,"Bursa Malaysia rebounds, boosted by Wall Street’s overnight gains",The Star,2024-09-12,https://www.thestar.com.my/business/business-news/2024/09/12/bursa-malaysia-rebounds-boosted-by-wall-streets-overnight-gains,1860,,,,,wrong_company,"Another target company's strong alias appears, but the row ticker's target alias does not.",No,wrong_company,none,No,No,No,No,Yes,wrong_company,0,0,80e5ad9a6720b9d20697b4cc90902266685efd4fbdcb6db572457826cd22c2e5,"New_news_MAG_Holdings_Berhad_MAG_Holdings_Berhad_news_csv:{""row_number"": 4171}:c2fc445e04e6",manual_preserve,manual_preserve_v1,New_news/MAG Holdings Berhad/MAG Holdings Berhad_news.csv,5481c1cba2d42669970e7c3c6328dd8f96f40979a34cf93dcd045da16799dc93
NEWS_CANDIDATE_055539_c5b82738,NEW,,FBM KLCI ends on a high note; Property Index surges 2.26%,The Star,2024-09-13,https://www.thestar.com.my/business/business-news/2024/09/13/fbm-klci-ends-on-a-high-note-property-index-surges-226,1857,,,,,wrong_company,"Another target company's strong alias appears, but the row ticker's target alias does not.",No,wrong_company,none,No,No,No,No,Yes,wrong_company,1,0,7e6da608c10abf94ca1f42ef8c934c462940835909b7db1ee807d0d8dd3436e9,"New_news_MAG_Holdings_Berhad_MAG_Holdings_Berhad_news_csv:{""row_number"": 4184}:6aa26981068b",manual_preserve,manual_preserve_v1,New_news/MAG Holdings Berhad/MAG Holdings Berhad_news.csv,5481c1cba2d42669970e7c3c6328dd8f96f40979a34cf93dcd045da16799dc93
NEWS_CANDIDATE_055545_954e2136,NEW,,Bursa Malaysia opens higher on Wall Street gains; Market awaits U.S. Fed rate decision,The Star,2024-09-13,https://www.thestar.com.my/business/business-news/2024/09/13/bursa-malaysia-opens-higher-on-wall-street-gains-market-awaits-us-fed-rate-decision,2185,,,,,wrong_company,"Another target company's strong alias appears, but the row ticker's target alias does not.",No,wrong_company,none,No,No,No,No,Yes,wrong_company,1,0,9d73cd9d62212af4bbf27a19871eeb552b6e882815ab416ee5c387c34ca96386,"New_news_MAG_Holdings_Berhad_MAG_Holdings_Berhad_news_csv:{""row_number"": 4190}:a8d23c51537e",manual_preserve,manual_preserve_v1,New_news/MAG Holdings Berhad/MAG Holdings Berhad_news.csv,5481c1cba2d42669970e7c3c6328dd8f96f40979a34cf93dcd045da16799dc93
NEWS_CANDIDATE_055553_28f30756,NEW,,Concoctions to liven up KL’s bar scene,The Star,2024-09-13,https://www.thestar.com.my/metro/metro-news/2024/09/13/concoctions-to-liven-up-kls-bar-scene,6617,,,,,wrong_company,"Another target company's strong alias appears, but the row ticker's target alias does not.",No,wrong_company,none,No,No,No,No,Yes,wrong_company,1,0,c26243e1d48a7b6742ba6550096cad3c003229692f25ee85af8922524681a669,"New_news_MAG_Holdings_Berhad_MAG_Holdings_Berhad_news_csv:{""row_number"": 4198}:efea2bc3959f",manual_preserve,manual_preserve_v1,New_news/MAG Holdings Berhad/MAG Holdings Berhad_news.csv,5481c1cba2d42669970e7c3c6328dd8f96f40979a34cf93dcd045da16799dc93
NEWS_CANDIDATE_055580_e2ff19b2,NEW,,Carlsberg growth intact,The Star,2024-09-06,https://www.thestar.com.my/business/business-news/2024/09/06/carlsberg-growth-intact,2118,,,,,wrong_company,"Another target company's strong alias appears, but the row ticker's target alias does not.",No,wrong_company,none,No,No,No,No,Yes,wrong_company,1,0,7fdb29405ee64534e1126d1b26b404b594f3093bd8241f5e974de7a5f2a6af16,"New_news_MAG_Holdings_Berhad_MAG_Holdings_Berhad_news_csv:{""row_number"": 4225}:f846dc596751",manual_preserve,manual_preserve_v1,New_news/MAG Holdings Berhad/MAG Holdings Berhad_news.csv,5481c1cba2d42669970e7c3c6328dd8f96f40979a34cf93dcd045da16799dc93
NEWS_CANDIDATE_055581_d9aedfa0,NEW,,PPB expects uptick in consumer product ops,The Star,2024-09-06,https://www.thestar.com.my/business/business-news/2024/09/06/ppb-expects-uptick-in-consumer-product-ops,3127,,,,,wrong_company,"Another target company's strong alias appears, but the row ticker's target alias does not.",No,wrong_company,none,No,No,No,No,Yes,wrong_company,1,0,8413a0072cd1433942b5496d857f54dc772853a8103206ca862171e13eb842ad,"New_news_MAG_Holdings_Berhad_MAG_Holdings_Berhad_news_csv:{""row_number"": 4226}:552835858323",manual_preserve,manual_preserve_v1,New_news/MAG Holdings Berhad/MAG Holdings Berhad_news.csv,5481c1cba2d42669970e7c3c6328dd8f96f40979a34cf93dcd045da16799dc93
NEWS_CANDIDATE_055584_9da4f89a,NEW,,"FBM KLCI falls for fourth straight day, down 5.42 points",The Star,2024-09-05,https://www.thestar.com.my/business/business-news/2024/09/05/fbm-klci-falls-for-fourth-straight-day-down-542-points,2220,,,,,wrong_company,"Another target company's strong alias appears, but the row ticker's target alias does not.",No,wrong_company,none,No,No,No,No,Yes,wrong_company,1,0,52bc489d3824b6909ba7c9804348f7083e196e84c0ccaac3a000e4bb07638f63,"New_news_MAG_Holdings_Berhad_MAG_Holdings_Berhad_news_csv:{""row_number"": 4229}:78f44da2d9cb",manual_preserve,manual_preserve_v1,New_news/MAG Holdings Berhad/MAG Holdings Berhad_news.csv,5481c1cba2d42669970e7c3c6328dd8f96f40979a34cf93dcd045da16799dc93
NEWS_CANDIDATE_055701_db38a68f,NEW,,MSM to strengthen domestic sales,The Star,2024-08-23,https://www.thestar.com.my/business/business-news/2024/08/23/msm-to-strengthen-domestic-sales,1716,,,,,wrong_company,"Another target company's strong alias appears, but the row ticker's target alias does not.",No,wrong_company,none,No,No,No,No,Yes,wrong_company,1,0,f842accfc7fbb78410c89c7aaaa12df0f3fa483d14372b58a934add2d1440d52,"New_news_MAG_Holdings_Berhad_MAG_Holdings_Berhad_news_csv:{""row_number"": 4346}:e7d326235747",manual_preserve,manual_preserve_v1,New_news/MAG Holdings Berhad/MAG Holdings Berhad_news.csv,5481c1cba2d42669970e7c3c6328dd8f96f40979a34cf93dcd045da16799dc93
NEWS_CANDIDATE_055705_2e8c320f,NEW,,MSM posts bigger loss in 2Q,The Star,2024-08-22,https://www.thestar.com.my/business/business-news/2024/08/22/msm-posts-bigger-loss-in-2q,1676,,,,,wrong_company,"Another target company's strong alias appears, but the row ticker's target alias does not.",No,wrong_company,none,No,No,No,No,Yes,wrong_company,1,0,27f6adc12a76c6b160957372eb8d9e7c3d0d0f217fdf98e5880e5253ccd565ba,"New_news_MAG_Holdings_Berhad_MAG_Holdings_Berhad_news_csv:{""row_number"": 4350}:7d4a3e84d572",manual_preserve,manual_preserve_v1,New_news/MAG Holdings Berhad/MAG Holdings Berhad_news.csv,5481c1cba2d42669970e7c3c6328dd8f96f40979a34cf93dcd045da16799dc93
NEWS_CANDIDATE_055721_7e65b98a,NEW,,"Bursa Malaysia rebounds, but market breadth stays negative",The Star,2024-08-22,https://www.thestar.com.my/business/business-news/2024/08/22/bursa-malaysia-rebounds-but-market-breadth-stays-negative,1605,,,,,wrong_company,"Another target company's strong alias appears, but the row ticker's target alias does not.",No,wrong_company,none,No,No,No,No,Yes,wrong_company,1,0,9dd9de7c8f2f65648851ffdb2054a98b5df6fac70a543c36c2d02b606bd598e0,"New_news_MAG_Holdings_Berhad_MAG_Holdings_Berhad_news_csv:{""row_number"": 4366}:3eb167a063f3",manual_preserve,manual_preserve_v1,New_news/MAG Holdings Berhad/MAG Holdings Berhad_news.csv,5481c1cba2d42669970e7c3c6328dd8f96f40979a34cf93dcd045da16799dc93
NEWS_CANDIDATE_055806_55abdd84,NEW,,FBM KLCI gains as ringgit strengthens,The Star,2024-08-09,https://www.thestar.com.my/business/business-news/2024/08/09/fbm-klci-gains-as-ringgit-strengthens,1580,,,,,wrong_company,"Another target company's strong alias appears, but the row ticker's target alias does not.",No,wrong_company,none,No,No,No,No,Yes,wrong_company,1,0,c080dcfc25c85ddb372251f5b863dcd8a0cb8d4b788e3f228188ce925009b4f0,"New_news_MAG_Holdings_Berhad_MAG_Holdings_Berhad_news_csv:{""row_number"": 4451}:6d0b051e40a5",manual_preserve,manual_preserve_v1,New_news/MAG Holdings Berhad/MAG Holdings Berhad_news.csv,5481c1cba2d42669970e7c3c6328dd8f96f40979a34cf93dcd045da16799dc93
NEWS_CANDIDATE_055811_886956b1,NEW,,"FBM KLCI slides on Thursday, tracking overnight Wall Street losses",The Star,2024-08-08,https://www.thestar.com.my/business/business-news/2024/08/08/fbm-klci-slides-on-thursday-tracking-overnight-wall-street-losses,2223,,,,,wrong_company,"Another target company's strong alias appears, but the row ticker's target alias does not.",No,wrong_company,none,No,No,No,No,Yes,wrong_company,1,0,e2019114a3f4420b918fe2cf7515f3e016abc93238f26ef4044f152eb41f4601,"New_news_MAG_Holdings_Berhad_MAG_Holdings_Berhad_news_csv:{""row_number"": 4456}:c58175aa1452",manual_preserve,manual_preserve_v1,New_news/MAG Holdings Berhad/MAG Holdings Berhad_news.csv,5481c1cba2d42669970e7c3c6328dd8f96f40979a34cf93dcd045da16799dc93
NEWS_CANDIDATE_055812_d7ed3ae8,NEW,,"Trading ideas: Uzma, Willowglen, Cape EMS, Heineken Malaysia, Hup Seng, Sentral REIT, Kawan Renergy",The Star,2024-08-08,https://www.thestar.com.my/business/business-news/2024/08/08/trading-ideas-uzma-willowglen-cape-ems-heineken-malaysia-hup-seng-sentral-reit-kawan-renergy,2283,,,,,wrong_company,"Another target company's strong alias appears, but the row ticker's target alias does not.",No,wrong_company,none,No,No,No,No,Yes,wrong_company,1,0,7bed670a23aed4f6a1b59e8cb328ac948df0b05754c0a894c8522584ef6e7e1c,"New_news_MAG_Holdings_Berhad_MAG_Holdings_Berhad_news_csv:{""row_number"": 4457}:a97ae31fbb13",manual_preserve,manual_preserve_v1,New_news/MAG Holdings Berhad/MAG Holdings Berhad_news.csv,5481c1cba2d42669970e7c3c6328dd8f96f40979a34cf93dcd045da16799dc93
NEWS_CANDIDATE_055888_267bd9bd,NEW,,"FBM KLCI in the red, ringgit hits one-year high",The Star,2024-08-01,https://www.thestar.com.my/business/business-news/2024/08/01/fbm-klci-in-the-red-ringgit-hits-one-year-high,1477,,,,,wrong_company,"Another target company's strong alias appears, but the row ticker's target alias does not.",No,wrong_company,none,No,No,No,No,Yes,wrong_company,1,0,2f9c23b5bc7706d0366d20eb44c52077384dd83e351abd1f8fa19f80ece510b6,"New_news_MAG_Holdings_Berhad_MAG_Holdings_Berhad_news_csv:{""row_number"": 4533}:ffc0785fc0a1",manual_preserve,manual_preserve_v1,New_news/MAG Holdings Berhad/MAG Holdings Berhad_news.csv,5481c1cba2d42669970e7c3c6328dd8f96f40979a34cf93dcd045da16799dc93
NEWS_CANDIDATE_055936_baccd81c,NEW,,FBM KLCI poised to wrap volatile week with more losses,The Star,2024-07-26,https://www.thestar.com.my/business/business-news/2024/07/26/fbm-klci-poised-to-wrap-volatile-week-with-more-losses,1486,,,,,wrong_company,"Another target company's strong alias appears, but the row ticker's target alias does not.",No,wrong_company,none,No,No,No,No,Yes,wrong_company,1,0,6f0b6cc3697ffb31c2adbd91bb2bbf72d938be36cfce089b70c7d7f5d1226227,"New_news_MAG_Holdings_Berhad_MAG_Holdings_Berhad_news_csv:{""row_number"": 4581}:3f25fdd74909",manual_preserve,manual_preserve_v1,New_news/MAG Holdings Berhad/MAG Holdings Berhad_news.csv,5481c1cba2d42669970e7c3c6328dd8f96f40979a34cf93dcd045da16799dc93
NEWS_CANDIDATE_055948_a36aa164,NEW,,Cautious market sentiment drags Bursa Malaysia lower,The Star,2024-07-24,https://www.thestar.com.my/business/business-news/2024/07/24/cautious-market-sentiment-drags-bursa-malaysia-lower,1993,,,,,wrong_company,"Another target company's strong alias appears, but the row ticker's target alias does not.",No,wrong_company,none,No,No,No,No,Yes,wrong_company,1,0,ec4983f3dbc0abcd57f0d79bfe36fb5afbd504c006d16f1861419eb8869ab8ab,"New_news_MAG_Holdings_Berhad_MAG_Holdings_Berhad_news_csv:{""row_number"": 4593}:3bb457fb1f5c",manual_preserve,manual_preserve_v1,New_news/MAG Holdings Berhad/MAG Holdings Berhad_news.csv,5481c1cba2d42669970e7c3c6328dd8f96f40979a34cf93dcd045da16799dc93
NEWS_CANDIDATE_056017_c35f51d5,NEW,,SupportLine,The Star,2024-07-18,https://www.thestar.com.my/business/business-news/2024/07/18/supportline,1756,,,,,wrong_company,"Another target company's strong alias appears, but the row ticker's target alias does not.",No,wrong_company,none,No,No,No,No,Yes,wrong_company,1,0,6be7ad3c27e427aa9ea2f9679470815a97a520ff4593e884aacd11379f8129ed,"New_news_MAG_Holdings_Berhad_MAG_Holdings_Berhad_news_csv:{""row_number"": 4662}:4ed1819599f7",manual_preserve,manual_preserve_v1,New_news/MAG Holdings Berhad/MAG Holdings Berhad_news.csv,5481c1cba2d42669970e7c3c6328dd8f96f40979a34cf93dcd045da16799dc93
NEWS_CANDIDATE_056035_b811d57a,NEW,,FBM KLCI rises on selective buying amid weak broader market,The Star,2024-07-19,https://www.thestar.com.my/business/business-news/2024/07/19/fbm-klci-rises-on-selective-buying-amid-weak-broader-market,1560,,,,,wrong_company,"Another target company's strong alias appears, but the row ticker's target alias does not.",No,wrong_company,none,No,No,No,No,Yes,wrong_company,1,0,56d739d22ff5e17ecec79e773ee67e9a0df9d92a91eb50c69ba075c97efec79a,"New_news_MAG_Holdings_Berhad_MAG_Holdings_Berhad_news_csv:{""row_number"": 4680}:a241b3238f08",manual_preserve,manual_preserve_v1,New_news/MAG Holdings Berhad/MAG Holdings Berhad_news.csv,5481c1cba2d42669970e7c3c6328dd8f96f40979a34cf93dcd045da16799dc93
NEWS_CANDIDATE_056101_096c3712,NEW,,FBM KLCI in the red; ringgit rises to 6-month high,The Star,2024-07-12,https://www.thestar.com.my/business/business-news/2024/07/12/fbm-klci-in-the-red-ringgit-rises-to-6-month-high,1662,,,,,wrong_company,"Another target company's strong alias appears, but the row ticker's target alias does not.",No,wrong_company,none,No,No,No,No,Yes,wrong_company,1,0,82b66bea9156ae3595266d0d1b0b4d97253788828a92487e51abfc69da602f34,"New_news_MAG_Holdings_Berhad_MAG_Holdings_Berhad_news_csv:{""row_number"": 4746}:c3dc01d775bf",manual_preserve,manual_preserve_v1,New_news/MAG Holdings Berhad/MAG Holdings Berhad_news.csv,5481c1cba2d42669970e7c3c6328dd8f96f40979a34cf93dcd045da16799dc93
NEWS_CANDIDATE_056163_4255de44,NEW,,FBM KLCI rebounds; Prolintas falls 3.85% amid probe,The Star,2024-06-26,https://www.thestar.com.my/business/business-news/2024/06/26/fbm-klci-rebounds-prolintas-falls-385-amid-probe,1584,,,,,wrong_company,"Another target company's strong alias appears, but the row ticker's target alias does not.",No,wrong_company,none,No,No,No,No,Yes,wrong_company,1,0,978a2e56f91df448293ebfd66c0c7725b14203029d7a1ff8ad9a27fe2d8b26ba,"New_news_MAG_Holdings_Berhad_MAG_Holdings_Berhad_news_csv:{""row_number"": 4808}:cf49ace6bcc4",manual_preserve,manual_preserve_v1,New_news/MAG Holdings Berhad/MAG Holdings Berhad_news.csv,5481c1cba2d42669970e7c3c6328dd8f96f40979a34cf93dcd045da16799dc93
NEWS_CANDIDATE_056249_6daf72e4,NEW,,Bursa Malaysia ends lower on profit-taking,The Star,2024-06-19,https://www.thestar.com.my/business/business-news/2024/06/19/bursa-malaysia-ends-lower-on-profit-taking,3564,,,,,wrong_company,"Another target company's strong alias appears, but the row ticker's target alias does not.",No,wrong_company,none,No,No,No,No,Yes,wrong_company,1,0,a7ff01f73b8448ad384a92763faa75738f61bf4f3525344f8a88f25ddc89a205,"New_news_MAG_Holdings_Berhad_MAG_Holdings_Berhad_news_csv:{""row_number"": 4894}:1719ba9ef852",manual_preserve,manual_preserve_v1,New_news/MAG Holdings Berhad/MAG Holdings Berhad_news.csv,5481c1cba2d42669970e7c3c6328dd8f96f40979a34cf93dcd045da16799dc93
NEWS_CANDIDATE_056598_219dfdbb,NEW,,"FBM KLCI steps back 0.22%, VSTECS hits record",The Star,2024-05-09,https://www.thestar.com.my/business/business-news/2024/05/09/fbm-klci-steps-back-022-vstecs-hits-record,2121,,,,,wrong_company,"Another target company's strong alias appears, but the row ticker's target alias does not.",No,wrong_company,none,No,No,No,No,Yes,wrong_company,1,0,1b96debe850877bb0ca75622733ead5a4eecbe080c00e055b84b0d4801d1dc45,"New_news_MAG_Holdings_Berhad_MAG_Holdings_Berhad_news_csv:{""row_number"": 5243}:648defa4b501",manual_preserve,manual_preserve_v1,New_news/MAG Holdings Berhad/MAG Holdings Berhad_news.csv,5481c1cba2d42669970e7c3c6328dd8f96f40979a34cf93dcd045da16799dc93
NEWS_CANDIDATE_056661_32ac9f2b,NEW,,FBM KLCI bucks regional downtrend,The Star,2024-05-02,https://www.thestar.com.my/business/business-news/2024/05/02/fbm-klci-bucks-regional-downtrend,1589,,,,,wrong_company,"Another target company's strong alias appears, but the row ticker's target alias does not.",No,wrong_company,none,No,No,No,No,Yes,wrong_company,1,0,e205c87a9c17e184a7e0a27e9ef276f9eb169b72a43176ee61953b4353b55310,"New_news_MAG_Holdings_Berhad_MAG_Holdings_Berhad_news_csv:{""row_number"": 5306}:f17c14fbedc1",manual_preserve,manual_preserve_v1,New_news/MAG Holdings Berhad/MAG Holdings Berhad_news.csv,5481c1cba2d42669970e7c3c6328dd8f96f40979a34cf93dcd045da16799dc93
NEWS_CANDIDATE_056746_d2f7e324,NEW,,FBM KLCI ends at near 2-year high,The Star,2024-04-23,https://www.thestar.com.my/business/business-news/2024/04/23/fbm-klci-ends-at-near-2-year-high,1800,,,,,wrong_company,"Another target company's strong alias appears, but the row ticker's target alias does not.",No,wrong_company,none,No,No,No,No,Yes,wrong_company,1,0,da1b60271ed349476645a30f0863144035da58875ba1e485d79edbf86e029d83,"New_news_MAG_Holdings_Berhad_MAG_Holdings_Berhad_news_csv:{""row_number"": 5391}:a94b8faa04ea",manual_preserve,manual_preserve_v1,New_news/MAG Holdings Berhad/MAG Holdings Berhad_news.csv,5481c1cba2d42669970e7c3c6328dd8f96f40979a34cf93dcd045da16799dc93
NEWS_CANDIDATE_056803_343428a2,NEW,,FBM KLCI's rebound fizzles,The Star,2024-04-17,https://www.thestar.com.my/business/business-news/2024/04/17/fbm-klci039s-rebound-fizzles,1873,,,,,wrong_company,"Another target company's strong alias appears, but the row ticker's target alias does not.",No,wrong_company,none,No,No,No,No,Yes,wrong_company,1,0,49c0f0f71f7bc3145c8366aa15883ae2827fbf741ba875cb861bf4fa7e570031,"New_news_MAG_Holdings_Berhad_MAG_Holdings_Berhad_news_csv:{""row_number"": 5448}:fc1778ef9a0f",manual_preserve,manual_preserve_v1,New_news/MAG Holdings Berhad/MAG Holdings Berhad_news.csv,5481c1cba2d42669970e7c3c6328dd8f96f40979a34cf93dcd045da16799dc93
NEWS_CANDIDATE_056807_f2b8d946,NEW,,Bursa Malaysia tracks Asian markets higher,The Star,2024-04-18,https://www.thestar.com.my/business/business-news/2024/04/18/bursa-malaysia-tracks-asian-markets-higher,1457,,,,,wrong_company,"Another target company's strong alias appears, but the row ticker's target alias does not.",No,wrong_company,none,No,No,No,No,Yes,wrong_company,0,0,973c91e834bfff3f6dafca4837789b894fd1b004e44f7fbd30e0a45f0e74cda9,"New_news_MAG_Holdings_Berhad_MAG_Holdings_Berhad_news_csv:{""row_number"": 5452}:729821fe9ce6",manual_preserve,manual_preserve_v1,New_news/MAG Holdings Berhad/MAG Holdings Berhad_news.csv,5481c1cba2d42669970e7c3c6328dd8f96f40979a34cf93dcd045da16799dc93
NEWS_CANDIDATE_056868_9045e93e,NEW,,"Trading ideas: Chin Hin, Farm Fresh, UEM Edgenta, KLCC, MMAG, TDM, Mah Sing, Haily and Fast Energy",The Star,2024-04-08,https://www.thestar.com.my/business/business-news/2024/04/08/trading-ideas-chin-hin-farm-fresh-uem-edgenta-klcc-mmag-tdm-mah-sing-haily-and-fast-energy,1709,,,,,wrong_company,"Another target company's strong alias appears, but the row ticker's target alias does not.",No,wrong_company,none,No,No,No,No,Yes,wrong_company,0,0,b9ae0b553c961c879e04e62a778c33dfc9d8458f54747db294123ae1533762ca,"New_news_MAG_Holdings_Berhad_MAG_Holdings_Berhad_news_csv:{""row_number"": 5513}:9483de0edc9c",manual_preserve,manual_preserve_v1,New_news/MAG Holdings Berhad/MAG Holdings Berhad_news.csv,5481c1cba2d42669970e7c3c6328dd8f96f40979a34cf93dcd045da16799dc93
NEWS_CANDIDATE_057171_60dab9e4,NEW,,A fun way to explore Selangor's Sepang – take the HoHo bus,The Star,2024-03-04,https://www.thestar.com.my/lifestyle/travel/2024/03/04/a-fun-way-to-explore-selangor039s-sepang---take-the-hoho-bus,6379,,,,,wrong_company,"Another target company's strong alias appears, but the row ticker's target alias does not.",No,wrong_company,none,No,No,No,No,Yes,wrong_company,1,0,b84ed923c72c99527151195bf85423bb0e72e2ca22c92de6337e9b63e5466034,"New_news_MAG_Holdings_Berhad_MAG_Holdings_Berhad_news_csv:{""row_number"": 5816}:77989d8778f3",manual_preserve,manual_preserve_v1,New_news/MAG Holdings Berhad/MAG Holdings Berhad_news.csv,5481c1cba2d42669970e7c3c6328dd8f96f40979a34cf93dcd045da16799dc93
NEWS_CANDIDATE_057200_7ea8ae33,NEW,,"Farm Fresh posts higher 3Q net profit, jump in revenue",The Star,2024-02-29,https://www.thestar.com.my/business/business-news/2024/02/29/farm-fresh-posts-higher-3q-net-profit-jump-in-revenue,1997,,,,,wrong_company,"Another target company's strong alias appears, but the row ticker's target alias does not.",No,wrong_company,none,No,No,No,No,Yes,wrong_company,1,0,d639bfec9437ff5122aa4cbace15102f1eea1d1def257851f36ebed26850ed77,"New_news_MAG_Holdings_Berhad_MAG_Holdings_Berhad_news_csv:{""row_number"": 5845}:237e7ec67c93",manual_preserve,manual_preserve_v1,New_news/MAG Holdings Berhad/MAG Holdings Berhad_news.csv,5481c1cba2d42669970e7c3c6328dd8f96f40979a34cf93dcd045da16799dc93
NEWS_CANDIDATE_057203_e376e89a,NEW,,"Farm Fresh posts higher 3Q net profit, jump in revenue",The Star,2024-02-28,https://www.thestar.com.my/business/business-news/2024/02/28/farm-fresh-posts-higher-3q-net-profit-jump-in-revenue,1947,,,,,wrong_company,"Another target company's strong alias appears, but the row ticker's target alias does not.",No,wrong_company,none,No,No,No,No,Yes,wrong_company,1,0,adc3c532b6aad8a164f60daea59e7ba13b557e623279f5023b43b9f291a56dd1,"New_news_MAG_Holdings_Berhad_MAG_Holdings_Berhad_news_csv:{""row_number"": 5848}:349184831e90",manual_preserve,manual_preserve_v1,New_news/MAG Holdings Berhad/MAG Holdings Berhad_news.csv,5481c1cba2d42669970e7c3c6328dd8f96f40979a34cf93dcd045da16799dc93
NEWS_CANDIDATE_057264_27c77aa5,NEW,,Leong Hup to gain from higher feedmill capacity,The Star,2024-02-20,https://www.thestar.com.my/business/business-news/2024/02/20/leong-hup-to-gain-from-higher-feedmill-capacity,2441,,,,,wrong_company,"Another target company's strong alias appears, but the row ticker's target alias does not.",No,wrong_company,none,No,No,No,No,Yes,wrong_company,1,0,f8e878c8ad1296aadf24f1b87dd44cd0a32ff080c24c0fc0f5992144fda8e4e1,"New_news_MAG_Holdings_Berhad_MAG_Holdings_Berhad_news_csv:{""row_number"": 5909}:bb63a00e905b",manual_preserve,manual_preserve_v1,New_news/MAG Holdings Berhad/MAG Holdings Berhad_news.csv,5481c1cba2d42669970e7c3c6328dd8f96f40979a34cf93dcd045da16799dc93
NEWS_CANDIDATE_057332_90406d89,NEW,,Bursa Malaysia enjoys post-CNY rally; KLCI at 20-month high,The Star,2024-02-13,https://www.thestar.com.my/business/business-news/2024/02/13/bursa-malaysia-enjoys-post-cny-rally-klci-at-20-month-high,1827,,,,,wrong_company,"Another target company's strong alias appears, but the row ticker's target alias does not.",No,wrong_company,none,No,No,No,No,Yes,wrong_company,1,0,933ff7b725a297fb8f98fee665c67f966f340c19d00a458dbfc0a0a5f776158c,"New_news_MAG_Holdings_Berhad_MAG_Holdings_Berhad_news_csv:{""row_number"": 5977}:c659a398861d",manual_preserve,manual_preserve_v1,New_news/MAG Holdings Berhad/MAG Holdings Berhad_news.csv,5481c1cba2d42669970e7c3c6328dd8f96f40979a34cf93dcd045da16799dc93
NEWS_CANDIDATE_057355_5cbb018e,NEW,,"Profit-taking in the market, KLCI down 0.13%",The Star,2024-02-14,https://www.thestar.com.my/business/business-news/2024/02/14/profit-taking-in-the-market-klci-down-013,1080,,,,,wrong_company,"Another target company's strong alias appears, but the row ticker's target alias does not.",No,wrong_company,none,No,No,No,No,Yes,wrong_company,1,0,d32a9d5ce24b948b88aa37cbb98d6da6773a5289a52156ccc82b769de965a9f1,"New_news_MAG_Holdings_Berhad_MAG_Holdings_Berhad_news_csv:{""row_number"": 6000}:bd1eb9d35115",manual_preserve,manual_preserve_v1,New_news/MAG Holdings Berhad/MAG Holdings Berhad_news.csv,5481c1cba2d42669970e7c3c6328dd8f96f40979a34cf93dcd045da16799dc93
NEWS_CANDIDATE_058409_90bbdaec,OBHB,,Unwind with handcrafted cocktails,The Star,2025-07-18,https://www.thestar.com.my/metro/metro-news/2025/07/18/unwind-with-handcrafted-cocktails,3913,,,,,wrong_company,"Another target company's strong alias appears, but the row ticker's target alias does not.",No,wrong_company,none,No,No,No,No,Yes,wrong_company,1,0,998169b14b297b0f4552cdd0a57867712674967e36018f1b4c09b8efa3c7d2da,"New_news_OBHB_OBHB_news_csv:{""row_number"": 32}:c59322dba22c",manual_preserve,manual_preserve_v1,New_news/OBHB/OBHB_news.csv,19e659ec7fdc7819dbb1492b41ef2f390c8996c1ba5ea4077dcfad5fcce0d249
NEWS_CANDIDATE_058431_5692fae3,OBHB,,Bargain hunting ends four-day losing streak on Bursa Malaysia,The Star,2025-03-05,https://www.thestar.com.my/business/business-news/2025/03/05/bargain-hunting-ends-four-day-losing-streak-on-bursa-malaysia,1459,,,,,wrong_company,"Another target company's strong alias appears, but the row ticker's target alias does not.",No,wrong_company,none,No,No,No,No,Yes,wrong_company,1,0,eae47b2f24a84e9d4de253bfbe2d1fe310cc6823679cc309b5d339fcb4e5eab1,"New_news_OBHB_OBHB_news_csv:{""row_number"": 54}:6bd44a09cdfd",manual_preserve,manual_preserve_v1,New_news/OBHB/OBHB_news.csv,19e659ec7fdc7819dbb1492b41ef2f390c8996c1ba5ea4077dcfad5fcce0d249
NEWS_CANDIDATE_058433_70fd1a29,OBHB,,Carlsberg Malaysia declares record dividend,The Star,2025-02-13,https://www.thestar.com.my/business/business-news/2025/02/13/carlsberg-malaysia-declares-record-dividend,3294,,,,,wrong_company,"Another target company's strong alias appears, but the row ticker's target alias does not.",No,wrong_company,none,No,No,No,No,Yes,wrong_company,1,0,be8a47cdadbbf2f55a2e7b0878409b56228baa5ec15240b9669393889ed86cdc,"New_news_OBHB_OBHB_news_csv:{""row_number"": 56}:7ad4e42527e9",manual_preserve,manual_preserve_v1,New_news/OBHB/OBHB_news.csv,19e659ec7fdc7819dbb1492b41ef2f390c8996c1ba5ea4077dcfad5fcce0d249
NEWS_CANDIDATE_058460_72da0a96,OBHB,,"Trading ideas: Axiata, KIP REIT, Binastra, AmanahRaya REIT, 99 Speed Mart, TNB, Press Metal, IHH, PPB, Genting, GenM, Velesto, Hong Leong",The Star,2024-08-30,https://www.thestar.com.my/business/business-news/2024/08/30/trading-ideas-axiata-kip-reit-binastra-amanahraya-reit-99-speed-mart-tnb-press-metal-ihh-ppb-genting-genm-velesto-hong-leong,2844,,,,,wrong_company,"Another target company's strong alias appears, but the row ticker's target alias does not.",No,wrong_company,none,No,No,No,No,Yes,wrong_company,1,0,d83851448eb4a7bda365748f205e6f8b23e9b10e6aec88e491692ab60270b916,"New_news_OBHB_OBHB_news_csv:{""row_number"": 83}:35fa30244063",manual_preserve,manual_preserve_v1,New_news/OBHB/OBHB_news.csv,19e659ec7fdc7819dbb1492b41ef2f390c8996c1ba5ea4077dcfad5fcce0d249
NEWS_CANDIDATE_058464_bb7dab8c,OBHB,,Bursa Malaysia ends in the red with 888 counters lower,The Star,2024-08-23,https://www.thestar.com.my/business/business-news/2024/08/23/bursa-malaysia-ends-in-the-red-with-888-counters-lower,1774,,,,,wrong_company,"Another target company's strong alias appears, but the row ticker's target alias does not.",No,wrong_company,none,No,No,No,No,Yes,wrong_company,1,0,db16a8ba5b6e382cb97e5d5e25a6aab0a3725bd73a500954f0ac6c4d85f6bf0d,"New_news_OBHB_OBHB_news_csv:{""row_number"": 87}:1ce2b947ae7e",manual_preserve,manual_preserve_v1,New_news/OBHB/OBHB_news.csv,19e659ec7fdc7819dbb1492b41ef2f390c8996c1ba5ea4077dcfad5fcce0d249
NEWS_CANDIDATE_058483_743cbeee,OBHB,,FBM KLCI closes at highest in 2 years,The Star,2024-04-24,https://www.thestar.com.my/business/business-news/2024/04/24/fbm-klci-closes-at-highest-in-2-years,1692,,,,,wrong_company,"Another target company's strong alias appears, but the row ticker's target alias does not.",No,wrong_company,none,No,No,No,No,Yes,wrong_company,1,0,1420f6eacf911c845b441954a3aa3cf04c4652bd3a5f160357e00aec6173f00d,"New_news_OBHB_OBHB_news_csv:{""row_number"": 106}:7783244f9957",manual_preserve,manual_preserve_v1,New_news/OBHB/OBHB_news.csv,19e659ec7fdc7819dbb1492b41ef2f390c8996c1ba5ea4077dcfad5fcce0d249
NEWS_CANDIDATE_058490_05bbe16e,OBHB,,Bursa Malaysia enjoys post-CNY rally; KLCI at 20-month high,The Star,2024-02-13,https://www.thestar.com.my/business/business-news/2024/02/13/bursa-malaysia-enjoys-post-cny-rally-klci-at-20-month-high,1827,,,,,wrong_company,"Another target company's strong alias appears, but the row ticker's target alias does not.",No,wrong_company,none,No,No,No,No,Yes,wrong_company,1,0,933ff7b725a297fb8f98fee665c67f966f340c19d00a458dbfc0a0a5f776158c,"New_news_OBHB_OBHB_news_csv:{""row_number"": 113}:85706a47d0f0",manual_preserve,manual_preserve_v1,New_news/OBHB/OBHB_news.csv,19e659ec7fdc7819dbb1492b41ef2f390c8996c1ba5ea4077dcfad5fcce0d249
NEWS_CANDIDATE_058549_02431266,OCB,OCB Berhad,FBM KLCI ends lower as banking stocks slip after OPR cut,The Star,2025-07-09,https://www.thestar.com.my/business/business-news/2025/07/09/fbm-klci-ends-lower-as-banking-stocks-slip-after-opr-cut,1901,,,,,wrong_company,"Another target company's strong alias appears, but the row ticker's target alias does not.",No,wrong_company,none,No,No,No,No,Yes,wrong_company,1,0,8c092e45347e83093441e63f22f0da963f38d99f48077c344ea6bb1a3f9f9352,"New_news_OCB_OCB_news_csv:{""row_number"": 54}:4d69badb355a",manual_preserve,manual_preserve_v1,New_news/OCB/OCB_news.csv,521fb72225c659cfdd439113c622bf26e59e8ba60ea88702afc080e84a3541d8
NEWS_CANDIDATE_058749_c20140ac,OFB,,Strong 2Q25 performance positions Spritzer for gains,The Star,2025-08-29,https://www.thestar.com.my/business/business-news/2025/08/29/strong-2q25-performance-positions-spritzer-for-gains,3333,,,,,wrong_company,"Another target company's strong alias appears, but the row ticker's target alias does not.",No,wrong_company,none,No,No,No,No,Yes,wrong_company,1,0,d56ac2330076967820ed7d4364f484419d83fbb7026208ea45be3d365627e04b,"New_news_OFB_OFB_news_csv:{""row_number"": 29}:49e432799620",manual_preserve,manual_preserve_v1,New_news/OFB/OFB_news.csv,d8d17e43eea7e70c70d10f568a4f5359e069c6b78e64bce9ce7ae5495ab2db50
NEWS_CANDIDATE_058757_b1945ae8,OFB,,"Trading ideas: MMAG, Keyfield, KAB, Rimbunan Sawit, Jentayu, AYS, Country Heights, Metronic, Nestle, ViTrox, Oriental Interest, KIP REIT, Luxchem, Betamek",The Star,2025-07-25,https://www.thestar.com.my/business/business-news/2025/07/25/trading-ideas-mmag-keyfield-kab-rimbunan-sawit-jentayu-ays-country-heights-metronic-nestle-vitrox-oriental-interest-kip-reit-luxchem-betamek,2711,,,,,wrong_company,"Another target company's strong alias appears, but the row ticker's target alias does not.",No,wrong_company,none,No,No,No,No,Yes,wrong_company,1,0,333f9a6ba0298d8db992d30e6e9855b2d8d995e806b585793717786db9e7c7fe,"New_news_OFB_OFB_news_csv:{""row_number"": 37}:a5d53873b20d",manual_preserve,manual_preserve_v1,New_news/OFB/OFB_news.csv,d8d17e43eea7e70c70d10f568a4f5359e069c6b78e64bce9ce7ae5495ab2db50
NEWS_CANDIDATE_058834_ecb67c7e,OFB,,"FBM KLCI falls for fourth straight day, down 9.30 points",The Star,2024-10-24,https://www.thestar.com.my/business/business-news/2024/10/24/fbm-klci-falls-for-fourth-straight-day-down-930-points,1850,,,,,wrong_company,"Another target company's strong alias appears, but the row ticker's target alias does not.",No,wrong_company,none,No,No,No,No,Yes,wrong_company,1,0,70ccfcac7fe9293dbc380366df58f059062fc4d00afcda7db0ffc95d902f2f0d,"New_news_OFB_OFB_news_csv:{""row_number"": 114}:4635ff4b023f",manual_preserve,manual_preserve_v1,New_news/OFB/OFB_news.csv,d8d17e43eea7e70c70d10f568a4f5359e069c6b78e64bce9ce7ae5495ab2db50
NEWS_CANDIDATE_058906_28c96530,OFI,Oriental Food Industries Holdings Berhad,SupportLine,The Star,2026-01-01,https://www.thestar.com.my/business/business-news/2026/01/01/supportline,1997,,,,,wrong_company,"Another target company's strong alias appears, but the row ticker's target alias does not.",No,wrong_company,none,No,No,No,No,Yes,wrong_company,1,0,cd96b203d23d045e926bf9124316f372faa567de34125ad0a3aff0f7118872e2,"New_news_OFI_OFI_news_csv:{""row_number"": 17}:afa49233026a",manual_preserve,manual_preserve_v1,New_news/OFI/OFI_news.csv,c266423998389ceb59ce49715045f90b1d181f07327dbdac876a7fc9df14e53c
NEWS_CANDIDATE_058914_7bb49fbc,OFI,Oriental Food Industries Holdings Berhad,Bursa Malaysia ends morning session easier,The Star,2025-12-31,https://www.thestar.com.my/business/business-news/2025/12/31/bursa-malaysia-ends-morning-session-easier,2275,,,,,wrong_company,"Another target company's strong alias appears, but the row ticker's target alias does not.",No,wrong_company,none,No,No,No,No,Yes,wrong_company,1,0,f9a6e0371256cceb824e8b290d768b696b9889ec2e96e402f46fb856a41f4153,"New_news_OFI_OFI_news_csv:{""row_number"": 25}:5e507ae7c838",manual_preserve,manual_preserve_v1,New_news/OFI/OFI_news.csv,c266423998389ceb59ce49715045f90b1d181f07327dbdac876a7fc9df14e53c
NEWS_CANDIDATE_058930_1f438be9,OFI,Oriental Food Industries Holdings Berhad,Bursa Malaysia lower at midday on subdued sentiment,The Star,2025-12-30,https://www.thestar.com.my/business/business-news/2025/12/30/bursa-malaysia-lower-at-midday-on-subdued-sentiment,2271,,,,,wrong_company,"Another target company's strong alias appears, but the row ticker's target alias does not.",No,wrong_company,none,No,No,No,No,Yes,wrong_company,1,0,e6bd449b9fb2bd36f6e1511048ac59944226933a97c857bb9aea6800a17bffb4,"New_news_OFI_OFI_news_csv:{""row_number"": 41}:cc35e4cfeb7e",manual_preserve,manual_preserve_v1,New_news/OFI/OFI_news.csv,c266423998389ceb59ce49715045f90b1d181f07327dbdac876a7fc9df14e53c
NEWS_CANDIDATE_058941_039aa8f3,OFI,Oriental Food Industries Holdings Berhad,Bursa Malaysia ends morning sessions lower,The Star,2026-01-02,https://www.thestar.com.my/business/business-news/2026/01/02/bursa-malaysia-ends-morning-sessions-lower,2243,,,,,wrong_company,"Another target company's strong alias appears, but the row ticker's target alias does not.",No,wrong_company,none,No,No,No,No,Yes,wrong_company,1,0,5682dc67001962dcfefc8c4ee0b6b0dcd901d12cd6853340dda9a2ad34a79a06,"New_news_OFI_OFI_news_csv:{""row_number"": 52}:a30524000d49",manual_preserve,manual_preserve_v1,New_news/OFI/OFI_news.csv,c266423998389ceb59ce49715045f90b1d181f07327dbdac876a7fc9df14e53c
NEWS_CANDIDATE_059020_59db8afb,OFI,Oriental Food Industries Holdings Berhad,FBM KLCI edges higher at midday amid selective buying,The Star,2025-12-24,https://www.thestar.com.my/business/business-news/2025/12/24/fbm-klci-edges-higher-at-midday-amid-selective-buying,2820,,,,,wrong_company,"Another target company's strong alias appears, but the row ticker's target alias does not.",No,wrong_company,none,No,No,No,No,Yes,wrong_company,1,0,51975a674a943734ddc2205f03a24f352f3424324bf0e6dc7d563cadb2a572e6,"New_news_OFI_OFI_news_csv:{""row_number"": 131}:a909ea95c97f",manual_preserve,manual_preserve_v1,New_news/OFI/OFI_news.csv,c266423998389ceb59ce49715045f90b1d181f07327dbdac876a7fc9df14e53c
NEWS_CANDIDATE_059036_43e5be22,OFI,Oriental Food Industries Holdings Berhad,Import-heavy sectors to gain from stronger ringgit,The Star,2025-12-24,https://www.thestar.com.my/business/business-news/2025/12/24/import-heavy-sectors-to-gain-from-stronger-ringgit,8226,,,,,wrong_company,"Another target company's strong alias appears, but the row ticker's target alias does not.",No,wrong_company,none,No,No,No,No,Yes,wrong_company,1,0,c3f2f0b6215f5e4742b121f2147ecb32fc7f0e691b6b2754a36c5d77c28986dd,"New_news_OFI_OFI_news_csv:{""row_number"": 147}:e2b8373a270a",manual_preserve,manual_preserve_v1,New_news/OFI/OFI_news.csv,c266423998389ceb59ce49715045f90b1d181f07327dbdac876a7fc9df14e53c
NEWS_CANDIDATE_059041_953bca0c,OFI,Oriental Food Industries Holdings Berhad,FBM KLCI dips amid cautious trade despite Wall Street gains,The Star,2025-12-23,https://www.thestar.com.my/business/business-news/2025/12/23/fbm-klci-dips-amid-cautious-trade-despite-wall-street-gains,2041,,,,,wrong_company,"Another target company's strong alias appears, but the row ticker's target alias does not.",No,wrong_company,none,No,No,No,No,Yes,wrong_company,1,0,a31b2ea3848490f99ef4581b772072ea734208a75b8b77f4b8ad9bbc519d60de,"New_news_OFI_OFI_news_csv:{""row_number"": 152}:7ebea871784e",manual_preserve,manual_preserve_v1,New_news/OFI/OFI_news.csv,c266423998389ceb59ce49715045f90b1d181f07327dbdac876a7fc9df14e53c
NEWS_CANDIDATE_059053_07d052dc,OFI,Oriental Food Industries Holdings Berhad,Profit-taking hits FBM KLCI on thin Boxing Day trade,The Star,2025-12-26,https://www.thestar.com.my/business/business-news/2025/12/26/profit-taking-hits-fbm-klci-on-thin-boxing-day-trade,1725,,,,,wrong_company,"Another target company's strong alias appears, but the row ticker's target alias does not.",No,wrong_company,none,No,No,No,No,Yes,wrong_company,1,0,61d6b64f4d21a566ce6eb946d39e05f16b22be057f63c1eefd3ecf02bc5309e0,"New_news_OFI_OFI_news_csv:{""row_number"": 164}:c5415117fdef",manual_preserve,manual_preserve_v1,New_news/OFI/OFI_news.csv,c266423998389ceb59ce49715045f90b1d181f07327dbdac876a7fc9df14e53c
NEWS_CANDIDATE_059067_1a5de89f,OFI,Oriental Food Industries Holdings Berhad,FBM KLCI extends rally on Christmas Eve; ringgit at five-year high,The Star,2025-12-24,https://www.thestar.com.my/business/business-news/2025/12/24/fbm-klci-extends-rally-on-christmas-eve-ringgit-at-five-year-high,3003,,,,,wrong_company,"Another target company's strong alias appears, but the row ticker's target alias does not.",No,wrong_company,none,No,No,No,No,Yes,wrong_company,1,0,6de1983f6685995cfd3da3068e5e0074544447bc6e9d7d5b33d060d751336b08,"New_news_OFI_OFI_news_csv:{""row_number"": 178}:b1f1ebc261af",manual_preserve,manual_preserve_v1,New_news/OFI/OFI_news.csv,c266423998389ceb59ce49715045f90b1d181f07327dbdac876a7fc9df14e53c
NEWS_CANDIDATE_059151_e57059f5,OFI,Oriental Food Industries Holdings Berhad,Farm Fresh profits to rise,The Star,2025-12-18,https://www.thestar.com.my/business/business-news/2025/12/18/farm-fresh-profits-to-rise,4090,,,,,wrong_company,"Another target company's strong alias appears, but the row ticker's target alias does not.",No,wrong_company,none,No,No,No,No,Yes,wrong_company,1,0,c1d3a769f90995f34e8eb25bf077c9bbb2672f0295834de0bc474f11df378e68,"New_news_OFI_OFI_news_csv:{""row_number"": 262}:3693923fe750",manual_preserve,manual_preserve_v1,New_news/OFI/OFI_news.csv,c266423998389ceb59ce49715045f90b1d181f07327dbdac876a7fc9df14e53c
NEWS_CANDIDATE_059279_6adeabda,OFI,Oriental Food Industries Holdings Berhad,Bursa Malaysia slips at midday amid subdued regional sentiment,The Star,2025-12-10,https://www.thestar.com.my/business/business-news/2025/12/10/bursa-malaysia-slips-at-midday-amid-subdued-regional-sentiment,2906,,,,,wrong_company,"Another target company's strong alias appears, but the row ticker's target alias does not.",No,wrong_company,none,No,No,No,No,Yes,wrong_company,1,0,fb28443c9389ebf056c52a894d2efa9c89c4f5e7b1837a16dd2d58c517a8d16f,"New_news_OFI_OFI_news_csv:{""row_number"": 390}:74cc15cfe28b",manual_preserve,manual_preserve_v1,New_news/OFI/OFI_news.csv,c266423998389ceb59ce49715045f90b1d181f07327dbdac876a7fc9df14e53c
NEWS_CANDIDATE_059364_05fb8e1f,OFI,Oriental Food Industries Holdings Berhad,Subdued trading on Bursa continues as traders await Fed rate decision,The Star,2025-12-05,https://www.thestar.com.my/business/business-news/2025/12/05/subdued-trading-on-bursa-continues-as-traders-await-fed-rate-decision,1768,,,,,wrong_company,"Another target company's strong alias appears, but the row ticker's target alias does not.",No,wrong_company,none,No,No,No,No,Yes,wrong_company,1,0,a2538ea60c834b13e8f56d881b0ccce4a985e1e63a6f1fd77109057601104343,"New_news_OFI_OFI_news_csv:{""row_number"": 475}:8f54b9cab1cb",manual_preserve,manual_preserve_v1,New_news/OFI/OFI_news.csv,c266423998389ceb59ce49715045f90b1d181f07327dbdac876a7fc9df14e53c
NEWS_CANDIDATE_059365_a7b36a5a,OFI,Oriental Food Industries Holdings Berhad,"Trading ideas: DRB-Hicom, Al-Aqar, Haily, Pharmaniaga, Gagasan Nadi, Paragon, Orkim, BMS, VS Industry, APB, Destini, MSC, Only World, HB Global, Jetson",The Star,2025-12-05,https://www.thestar.com.my/business/business-news/2025/12/05/trading-ideas-drb-hicom-al-aqar-haily-pharmaniaga-gagasan-nadi-paragon-orkim-bms-vs-industry-apb-destini-msc-only-world-hb-global-jetson,3132,,,,,wrong_company,"Another target company's strong alias appears, but the row ticker's target alias does not.",No,wrong_company,none,No,No,No,No,Yes,wrong_company,1,0,daf3b2b929769160def93436d8557f317dc852a5f647662514d66d20891c4f93,"New_news_OFI_OFI_news_csv:{""row_number"": 476}:d255151dfe6d",manual_preserve,manual_preserve_v1,New_news/OFI/OFI_news.csv,c266423998389ceb59ce49715045f90b1d181f07327dbdac876a7fc9df14e53c
NEWS_CANDIDATE_059376_ece18d3d,OFI,Oriental Food Industries Holdings Berhad,Opportunity for investors to profit from Spritzer,The Star,2025-12-05,https://www.thestar.com.my/business/business-news/2025/12/05/opportunity-for-investors-to-profit-from-spritzer,1951,,,,,wrong_company,"Another target company's strong alias appears, but the row ticker's target alias does not.",No,wrong_company,none,No,No,No,No,Yes,wrong_company,1,0,4dd8e6c0c00981226cb3a898f41aff1e9b3ff1659d59eb2e451e0c4e9c8ae39b,"New_news_OFI_OFI_news_csv:{""row_number"": 487}:e42b6e47df0a",manual_preserve,manual_preserve_v1,New_news/OFI/OFI_news.csv,c266423998389ceb59ce49715045f90b1d181f07327dbdac876a7fc9df14e53c
NEWS_CANDIDATE_059385_9f03fa74,OFI,Oriental Food Industries Holdings Berhad,Consumer staples lead growth in 3Q25 period,The Star,2025-12-04,https://www.thestar.com.my/business/business-news/2025/12/04/consumer-staples-lead-growth-in-3q25-period,2111,,,,,wrong_company,"Another target company's strong alias appears, but the row ticker's target alias does not.",No,wrong_company,none,No,No,No,No,Yes,wrong_company,1,0,96a528845f947f6349b884ac55fa46ecbe9ddb415ba2bf2e7040a0142c870cf1,"New_news_OFI_OFI_news_csv:{""row_number"": 496}:54abaec49a6c",manual_preserve,manual_preserve_v1,New_news/OFI/OFI_news.csv,c266423998389ceb59ce49715045f90b1d181f07327dbdac876a7fc9df14e53c
NEWS_CANDIDATE_059409_31d522cb,OFI,Oriental Food Industries Holdings Berhad,F&N’s dairy farm project on track to lift earnings,The Star,2025-12-03,https://www.thestar.com.my/business/business-news/2025/12/03/fns-dairy-farm-project-on-track-to-lift-earnings,2840,,,,,wrong_company,"Another target company's strong alias appears, but the row ticker's target alias does not.",No,wrong_company,none,No,No,No,No,Yes,wrong_company,1,0,ad4b19dcb7bc8109aaf38e9687a5119af06c4210188bad25472155c3669f6d29,"New_news_OFI_OFI_news_csv:{""row_number"": 520}:5cfb2889efba",manual_preserve,manual_preserve_v1,New_news/OFI/OFI_news.csv,c266423998389ceb59ce49715045f90b1d181f07327dbdac876a7fc9df14e53c
NEWS_CANDIDATE_059418_ceec86a3,OFI,Oriental Food Industries Holdings Berhad,Bursa Malaysia weaker at midday amid cautious trading,The Star,2025-12-04,https://www.thestar.com.my/business/business-news/2025/12/04/bursa-malaysia-weaker-at-midday-amid-cautious-trading,2021,,,,,wrong_company,"Another target company's strong alias appears, but the row ticker's target alias does not.",No,wrong_company,none,No,No,No,No,Yes,wrong_company,1,0,51d9dc812d20631dd9c002e9915d6c2619b561953a33cfc192b281bcc463092a,"New_news_OFI_OFI_news_csv:{""row_number"": 529}:1d96e80b7fa0",manual_preserve,manual_preserve_v1,New_news/OFI/OFI_news.csv,c266423998389ceb59ce49715045f90b1d181f07327dbdac876a7fc9df14e53c
NEWS_CANDIDATE_059428_e65d9cdd,OFI,Oriental Food Industries Holdings Berhad,Malaysians get first taste of exclusive lemon and honey wheat beer,The Star,2025-12-05,https://www.thestar.com.my/metro/metro-news/2025/12/05/malaysians-get-first-taste-of-exclusive-lemon-and-honey-wheat-beer,1364,,,,,wrong_company,"Another target company's strong alias appears, but the row ticker's target alias does not.",No,wrong_company,none,No,No,No,No,Yes,wrong_company,1,0,63a35cd9ac1dae36ca48b872314547a45137428260380efc9855604df09a03eb,"New_news_OFI_OFI_news_csv:{""row_number"": 539}:13f74fc2d35e",manual_preserve,manual_preserve_v1,New_news/OFI/OFI_news.csv,c266423998389ceb59ce49715045f90b1d181f07327dbdac876a7fc9df14e53c
NEWS_CANDIDATE_059477_ec5ea1c7,OFI,Oriental Food Industries Holdings Berhad,MSM Malaysia says low raw sugar prices bolster 2026 prospects,The Star,2025-11-28,https://www.thestar.com.my/business/business-news/2025/11/28/msm-malaysia-says-low-raw-sugar-prices-bolster-2026-prospects,1691,,,,,wrong_company,"Another target company's strong alias appears, but the row ticker's target alias does not.",No,wrong_company,none,No,No,No,No,Yes,wrong_company,1,0,8283122916e95a755a4c7eba6076382caf91e5e992e80f019017d740622e6945,"New_news_OFI_OFI_news_csv:{""row_number"": 588}:b0e0fd55bcfd",manual_preserve,manual_preserve_v1,New_news/OFI/OFI_news.csv,c266423998389ceb59ce49715045f90b1d181f07327dbdac876a7fc9df14e53c
NEWS_CANDIDATE_059480_47100f49,OFI,Oriental Food Industries Holdings Berhad,"Trading ideas: SkyWorld, Paramount, UEM, Nationgate, MUI Properties, Tuju Setia, HLBank, Sime Darby, Genting, IJM, Ranhill, YTL, Kossan, Inari, Axiata",The Star,2025-11-28,https://www.thestar.com.my/business/business-news/2025/11/28/trading-ideas-skyworld-paramount-uem-nationgate-mui-properties-tuju-setia-hlbank-sime-darby-genting-ijm-ranhill-ytl-kossan-inari-axiata,3908,,,,,wrong_company,"Another target company's strong alias appears, but the row ticker's target alias does not.",No,wrong_company,none,No,No,No,No,Yes,wrong_company,1,0,4606f868a0cb56216451399df8cf9df2784968e18d9f963363a54f2cc469f1f9,"New_news_OFI_OFI_news_csv:{""row_number"": 591}:bb104ca98ec4",manual_preserve,manual_preserve_v1,New_news/OFI/OFI_news.csv,c266423998389ceb59ce49715045f90b1d181f07327dbdac876a7fc9df14e53c
NEWS_CANDIDATE_059514_ef18a258,OFI,Oriental Food Industries Holdings Berhad,"PPB posts 3Q25 loss, sees better performance ahead",The Star,2025-11-27,https://www.thestar.com.my/business/business-news/2025/11/27/ppb-posts-3q25-loss-sees-better-performance-ahead,3060,,,,,wrong_company,"Another target company's strong alias appears, but the row ticker's target alias does not.",No,wrong_company,none,No,No,No,No,Yes,wrong_company,1,0,6130ef861e2a027f892a0f1d067c50cb34ddd6e79459666f98d3d90ba257e8ae,"New_news_OFI_OFI_news_csv:{""row_number"": 625}:7796168f7eaa",manual_preserve,manual_preserve_v1,New_news/OFI/OFI_news.csv,c266423998389ceb59ce49715045f90b1d181f07327dbdac876a7fc9df14e53c
NEWS_CANDIDATE_059524_c91dfbcb,OFI,Oriental Food Industries Holdings Berhad,"Trading ideas: Kerjaya, Sunview, Hibiscus, Chin Hin, Allianz, PetGas, PetDag, MBMR, Sunway, Farm Fresh, IHH, IOI, KLK, Matrix",The Star,2025-11-27,https://www.thestar.com.my/business/business-news/2025/11/27/trading-ideas-kerjaya-sunview-hibiscus-chin-hin-allianz-petgas-petdag-mbmr-sunway-farm-fresh-ihh-ioi-klk-matrix,3654,,,,,wrong_company,"Another target company's strong alias appears, but the row ticker's target alias does not.",No,wrong_company,none,No,No,No,No,Yes,wrong_company,1,0,f96acd51d7b6a3f206c42f640ce82520cd4f924b0ec0b24a446c82b66169ff50,"New_news_OFI_OFI_news_csv:{""row_number"": 635}:68d60fb0cf25",manual_preserve,manual_preserve_v1,New_news/OFI/OFI_news.csv,c266423998389ceb59ce49715045f90b1d181f07327dbdac876a7fc9df14e53c
NEWS_CANDIDATE_059528_a95ff6dc,OFI,Oriental Food Industries Holdings Berhad,Leong Hup holds steady after strong 3Q results,The Star,2025-11-27,https://www.thestar.com.my/business/business-news/2025/11/27/leong-hup-holds-steady-after-strong-3q-results,3529,,,,,wrong_company,"Another target company's strong alias appears, but the row ticker's target alias does not.",No,wrong_company,none,No,No,No,No,Yes,wrong_company,1,0,5da9d4f1d954ef060c666d0b08db77e1d3eb499b5078dc1aa2ad148345dafb72,"New_news_OFI_OFI_news_csv:{""row_number"": 639}:147be7da5831",manual_preserve,manual_preserve_v1,New_news/OFI/OFI_news.csv,c266423998389ceb59ce49715045f90b1d181f07327dbdac876a7fc9df14e53c
NEWS_CANDIDATE_059554_55524582,OFI,Oriental Food Industries Holdings Berhad,Farm Fresh achieves stronger 2Q earnings,The Star,2025-11-27,https://www.thestar.com.my/business/business-news/2025/11/27/farm-fresh-achieves-stronger-2q-earnings,2792,,,,,wrong_company,"Another target company's strong alias appears, but the row ticker's target alias does not.",No,wrong_company,none,No,No,No,No,Yes,wrong_company,1,0,422f86349652fa5baee82a5a7982ea1fcd726bf924a3e354f597ce02a6f10271,"New_news_OFI_OFI_news_csv:{""row_number"": 665}:f6d8b5a5ab4e",manual_preserve,manual_preserve_v1,New_news/OFI/OFI_news.csv,c266423998389ceb59ce49715045f90b1d181f07327dbdac876a7fc9df14e53c
NEWS_CANDIDATE_059566_6945693a,OFI,Oriental Food Industries Holdings Berhad,Farm Fresh posts 40% jump in 2Q profit,The Star,2025-11-26,https://www.thestar.com.my/business/business-news/2025/11/26/farm-fresh-posts-40-jump-in-2q-profit,2710,,,,,wrong_company,"Another target company's strong alias appears, but the row ticker's target alias does not.",No,wrong_company,none,No,No,No,No,Yes,wrong_company,1,0,2d90fef69f2a81836ac9af97a7e16407fa330b7f37d4138298bf010180b75989,"New_news_OFI_OFI_news_csv:{""row_number"": 677}:bbcb55af26a1",manual_preserve,manual_preserve_v1,New_news/OFI/OFI_news.csv,c266423998389ceb59ce49715045f90b1d181f07327dbdac876a7fc9df14e53c
NEWS_CANDIDATE_059583_91c9dfac,OFI,Oriental Food Industries Holdings Berhad,"Trading ideas: Oriental Kopi, ASM, Dengkil, Favelle, Malpac, ABMB, Southern Cable, LHI, HLI, NexG Bina, BHIC, WCT, DRB-Hicom",The Star,2025-11-26,https://www.thestar.com.my/business/business-news/2025/11/26/trading-ideas-oriental-kopi-asm-dengkil-favelle-malpac-abmb-southern-cable-lhi-hli-nexg-bina-bhic-wct-drb-hicom,2210,,,,,wrong_company,"Another target company's strong alias appears, but the row ticker's target alias does not.",No,wrong_company,none,No,No,No,No,Yes,wrong_company,1,0,01406693d503eadef6c307506b5b41de515b22b3d0bf2ef499d28ed0dbf36ddf,"New_news_OFI_OFI_news_csv:{""row_number"": 694}:366227393bf7",manual_preserve,manual_preserve_v1,New_news/OFI/OFI_news.csv,c266423998389ceb59ce49715045f90b1d181f07327dbdac876a7fc9df14e53c
NEWS_CANDIDATE_059681_a38356db,OFI,Oriental Food Industries Holdings Berhad,"Trading ideas: AWC, OCK, Bedi, HSS Engineers, Citaglobal, Steel Hawk, Foodie Media, BMS, Samaiden, SP Setia, Duopharma, Pharmaniaga, DLMK, Keyfield",The Star,2025-11-14,https://www.thestar.com.my/business/business-news/2025/11/14/trading-ideas-awc-ock-bedi-hss-engineers-citaglobal-steel-hawk-foodie-media-bms-samaiden-sp-setia-duopharma-pharmaniaga-dlmk-keyfield,3116,,,,,wrong_company,"Another target company's strong alias appears, but the row ticker's target alias does not.",No,wrong_company,none,No,No,No,No,Yes,wrong_company,1,0,3e7011f7961a35f2dcea3640246070cdf7cd86d1720a046ac631b257a31dbe35,"New_news_OFI_OFI_news_csv:{""row_number"": 792}:b44ef9659403",manual_preserve,manual_preserve_v1,New_news/OFI/OFI_news.csv,c266423998389ceb59ce49715045f90b1d181f07327dbdac876a7fc9df14e53c
NEWS_CANDIDATE_059690_358d9f48,OFI,Oriental Food Industries Holdings Berhad,Carlsberg Malaysia posts higher 3Q earnings,The Star,2025-11-14,https://www.thestar.com.my/business/business-news/2025/11/14/carlsberg-malaysia-posts-higher-3q-earnings,3588,,,,,wrong_company,"Another target company's strong alias appears, but the row ticker's target alias does not.",No,wrong_company,none,No,No,No,No,Yes,wrong_company,1,0,6428bf7baea896cbb232d171613fbc7c3e062b9580d2aee29cf0e2679aaaeb45,"New_news_OFI_OFI_news_csv:{""row_number"": 801}:ec72fe53670e",manual_preserve,manual_preserve_v1,New_news/OFI/OFI_news.csv,c266423998389ceb59ce49715045f90b1d181f07327dbdac876a7fc9df14e53c
NEWS_CANDIDATE_059691_09ae1569,OFI,Oriental Food Industries Holdings Berhad,Dutch Lady 3Q net profit up 86% to RM32mil,The Star,2025-11-14,https://www.thestar.com.my/business/business-news/2025/11/14/dutch-lady-3q-net-profit-up-86-to-rm32mil,1140,,,,,wrong_company,"Another target company's strong alias appears, but the row ticker's target alias does not.",No,wrong_company,none,No,No,No,No,Yes,wrong_company,1,0,36b94d2486d0c5441d00f2be11d217a9a7261528d009e9056a52e2fd123d65f1,"New_news_OFI_OFI_news_csv:{""row_number"": 802}:54bb25c99cd3",manual_preserve,manual_preserve_v1,New_news/OFI/OFI_news.csv,c266423998389ceb59ce49715045f90b1d181f07327dbdac876a7fc9df14e53c
NEWS_CANDIDATE_059697_9e8b7820,OFI,Oriental Food Industries Holdings Berhad,Dutch Lady’s 3Q25 net profit up 86%,The Star,2025-11-13,https://www.thestar.com.my/business/business-news/2025/11/13/dutch-ladys-3q25-net-profit-up-86,1400,,,,,wrong_company,"Another target company's strong alias appears, but the row ticker's target alias does not.",No,wrong_company,none,No,No,No,No,Yes,wrong_company,1,0,ea8d21120f3d0091f7b59d59934fcec2d958f24e8e5a8acd2bc821c1ab63b8f2,"New_news_OFI_OFI_news_csv:{""row_number"": 808}:0fc67171b1c2",manual_preserve,manual_preserve_v1,New_news/OFI/OFI_news.csv,c266423998389ceb59ce49715045f90b1d181f07327dbdac876a7fc9df14e53c
NEWS_CANDIDATE_059701_9e00dc5c,OFI,Oriental Food Industries Holdings Berhad,Carlsberg Malaysia reports higher 3Q earnings,The Star,2025-11-13,https://www.thestar.com.my/business/business-news/2025/11/13/carlsberg-malaysia-reports-higher-3q-earnings,2276,,,,,wrong_company,"Another target company's strong alias appears, but the row ticker's target alias does not.",No,wrong_company,none,No,No,No,No,Yes,wrong_company,1,0,463d41ca2bb39341048e0cc0a1f9f0f9f1469cb170bb58cb8df3a2a76de94b01,"New_news_OFI_OFI_news_csv:{""row_number"": 812}:442136af4f4b",manual_preserve,manual_preserve_v1,New_news/OFI/OFI_news.csv,c266423998389ceb59ce49715045f90b1d181f07327dbdac876a7fc9df14e53c
NEWS_CANDIDATE_059725_340fa6ee,OFI,Oriental Food Industries Holdings Berhad,"FBM KLCI dips amid profit-taking, ringgit climbs",The Star,2025-11-12,https://www.thestar.com.my/business/business-news/2025/11/12/fbm-klci-dips-amid-profit-taking-ringgit-climbs,1913,,,,,wrong_company,"Another target company's strong alias appears, but the row ticker's target alias does not.",No,wrong_company,none,No,No,No,No,Yes,wrong_company,1,0,f2e0008cde4c9e2e47e7f2e905534fd0aea1391fd5dc20a6a2a2aafd98fc74b0,"New_news_OFI_OFI_news_csv:{""row_number"": 836}:b2c5bd87bc87",manual_preserve,manual_preserve_v1,New_news/OFI/OFI_news.csv,c266423998389ceb59ce49715045f90b1d181f07327dbdac876a7fc9df14e53c
NEWS_CANDIDATE_059748_64d1efa0,OFI,Oriental Food Industries Holdings Berhad,FBM KLCI up slightly as consolidation pressures remain,The Star,2025-11-13,https://www.thestar.com.my/business/business-news/2025/11/13/fbm-klci-up-slightly-as-consolidation-pressures-remain,1869,,,,,wrong_company,"Another target company's strong alias appears, but the row ticker's target alias does not.",No,wrong_company,none,No,No,No,No,Yes,wrong_company,1,0,bb1c393545d061882155835eba97d02b885248f8ded845929c5e73d23f75206c,"New_news_OFI_OFI_news_csv:{""row_number"": 859}:1a11456a3a2d",manual_preserve,manual_preserve_v1,New_news/OFI/OFI_news.csv,c266423998389ceb59ce49715045f90b1d181f07327dbdac876a7fc9df14e53c
NEWS_CANDIDATE_059771_d5d6b599,OFI,Oriental Food Industries Holdings Berhad,"Fearful of Trump's raids, some Hispanic shoppers turn to safety of online buying",The Star,2025-11-12,https://www.thestar.com.my/tech/tech-news/2025/11/12/fearful-of-trump039s-raids-some-hispanic-shoppers-turn-to-safety-of-online-buying,7953,,,,,wrong_company,"Another target company's strong alias appears, but the row ticker's target alias does not.",No,wrong_company,none,No,No,No,No,Yes,wrong_company,1,0,c79fd5abd3ddad41cb81aaf4ce20044b974369de041e119f46dfa6b9cf703216,"New_news_OFI_OFI_news_csv:{""row_number"": 882}:8edaf2e04016",manual_preserve,manual_preserve_v1,New_news/OFI/OFI_news.csv,c266423998389ceb59ce49715045f90b1d181f07327dbdac876a7fc9df14e53c
NEWS_CANDIDATE_059833_1d031067,OFI,Oriental Food Industries Holdings Berhad,"Trading ideas: Gamuda, Mytech, KPS, IOI, KNM, Systech, Axis REIT, Khee San, AEON, Jetson, GDB, KUB, Pertama, Sentral, Heineken, Pentamaster",The Star,2025-11-07,https://www.thestar.com.my/business/business-news/2025/11/07/trading-ideas-gamuda-mytech-kps-ioi-knm-systech-axis-reit-khee-san-aeon-jetson-gdb-kub-pertama-sentral-heineken-pentamaster,3079,,,,,wrong_company,"Another target company's strong alias appears, but the row ticker's target alias does not.",No,wrong_company,none,No,No,No,No,Yes,wrong_company,1,0,255d369ebfa66993dd102a2838f8c51690ad17a7b2c986455a99f1796b8e4bc3,"New_news_OFI_OFI_news_csv:{""row_number"": 944}:2cfea43eb72d",manual_preserve,manual_preserve_v1,New_news/OFI/OFI_news.csv,c266423998389ceb59ce49715045f90b1d181f07327dbdac876a7fc9df14e53c
NEWS_CANDIDATE_059842_c9709837,OFI,Oriental Food Industries Holdings Berhad,Heineken Malaysia shows improvement in 3Q,The Star,2025-11-07,https://www.thestar.com.my/business/business-news/2025/11/07/heineken-malaysia-to-strengthen-core-business,3063,,,,,wrong_company,"Another target company's strong alias appears, but the row ticker's target alias does not.",No,wrong_company,none,No,No,No,No,Yes,wrong_company,1,0,9fa06216c699d75d936e10f54320750b9493d677accf03f47e450793145c50d3,"New_news_OFI_OFI_news_csv:{""row_number"": 953}:d89804fe8ad4",manual_preserve,manual_preserve_v1,New_news/OFI/OFI_news.csv,c266423998389ceb59ce49715045f90b1d181f07327dbdac876a7fc9df14e53c
NEWS_CANDIDATE_059845_31c9f35f,OFI,Oriental Food Industries Holdings Berhad,Heineken Malaysia shows improvement in 3Q,The Star,2025-11-06,https://www.thestar.com.my/business/business-news/2025/11/06/heineken-malaysia-3q-net-profit-inches-up-to-rm113mil,2438,,,,,wrong_company,"Another target company's strong alias appears, but the row ticker's target alias does not.",No,wrong_company,none,No,No,No,No,Yes,wrong_company,1,0,1cfbcf850eda472ecc4447d1211466857f00e0c238231342272980c9ad3f045e,"New_news_OFI_OFI_news_csv:{""row_number"": 956}:d80e7e8567e2",manual_preserve,manual_preserve_v1,New_news/OFI/OFI_news.csv,c266423998389ceb59ce49715045f90b1d181f07327dbdac876a7fc9df14e53c
NEWS_CANDIDATE_060002_218d5974,OFI,Oriental Food Industries Holdings Berhad,FBM KLCI snaps two-day slide amid cautious sentiment,The Star,2025-10-30,https://www.thestar.com.my/business/business-news/2025/10/30/fbm-klci-snaps-two-day-slide-amid-cautious-sentiment,2106,,,,,wrong_company,"Another target company's strong alias appears, but the row ticker's target alias does not.",No,wrong_company,none,No,No,No,No,Yes,wrong_company,1,0,6d10be789ddf359eac2a0adb82dcc2767211af27d535b84be378e37a56c174d4,"New_news_OFI_OFI_news_csv:{""row_number"": 1113}:eee2975b591b",manual_preserve,manual_preserve_v1,New_news/OFI/OFI_news.csv,c266423998389ceb59ce49715045f90b1d181f07327dbdac876a7fc9df14e53c
NEWS_CANDIDATE_060016_19fab4ed,OFI,Oriental Food Industries Holdings Berhad,"Improving sales, lower costs to bolster Nestle",The Star,2025-10-30,https://www.thestar.com.my/business/business-news/2025/10/30/improving-sales-lower-costs-to-bolster-nestle,2624,,,,,wrong_company,"Another target company's strong alias appears, but the row ticker's target alias does not.",No,wrong_company,none,No,No,No,No,Yes,wrong_company,1,0,8644afa900252e183ddfb6ba35a417dbb2cd616cca4ad755e439cef110c78732,"New_news_OFI_OFI_news_csv:{""row_number"": 1127}:2bae89154191",manual_preserve,manual_preserve_v1,New_news/OFI/OFI_news.csv,c266423998389ceb59ce49715045f90b1d181f07327dbdac876a7fc9df14e53c
NEWS_CANDIDATE_060021_c1ee1c96,OFI,Oriental Food Industries Holdings Berhad,Cautious optimism outlines 3Q results season,The Star,2025-10-30,https://www.thestar.com.my/business/business-news/2025/10/30/cautious-optimism-outlines-3q-results-season,6087,,,,,wrong_company,"Another target company's strong alias appears, but the row ticker's target alias does not.",No,wrong_company,none,No,No,No,No,Yes,wrong_company,1,0,ec78e0e2d26677a4b7c8cf8293354d4ce6326871a650247b2ed32c6a4f56690c,"New_news_OFI_OFI_news_csv:{""row_number"": 1132}:f8e71c68c5bf",manual_preserve,manual_preserve_v1,New_news/OFI/OFI_news.csv,c266423998389ceb59ce49715045f90b1d181f07327dbdac876a7fc9df14e53c
NEWS_CANDIDATE_060031_15119899,OFI,Oriental Food Industries Holdings Berhad,Bursa Malaysia rebounds in anticipation of US rate cut,The Star,2025-10-29,https://www.thestar.com.my/business/business-news/2025/10/29/bursa-malaysia-rebounds-in-anticipation-of-us-rate-cut,1705,,,,,wrong_company,"Another target company's strong alias appears, but the row ticker's target alias does not.",No,wrong_company,none,No,No,No,No,Yes,wrong_company,1,0,b216ba6102775498d720adb45f0a35e120324885896f1901a1a371b61eb467bb,"New_news_OFI_OFI_news_csv:{""row_number"": 1142}:5a9b2a70a07c",manual_preserve,manual_preserve_v1,New_news/OFI/OFI_news.csv,c266423998389ceb59ce49715045f90b1d181f07327dbdac876a7fc9df14e53c
NEWS_CANDIDATE_060033_7704d866,OFI,Oriental Food Industries Holdings Berhad,"Trading ideas: SP Setia, Mah Sing, SkyGate, Yinson, PeterLabs, KNM, Avillion, UEM Edgenta, UEM Sunrise, Kitacon, Nestle, Alpha IVF, Dufu",The Star,2025-10-29,https://www.thestar.com.my/business/business-news/2025/10/29/trading-ideas-sp-setia-mah-sing-skygate-yinson-peterlabs-knm-avillion-uem-edgenta-uem-sunrise-kitacon-nestle-alpha-ivf-dufu,2138,,,,,wrong_company,"Another target company's strong alias appears, but the row ticker's target alias does not.",No,wrong_company,none,No,No,No,No,Yes,wrong_company,0,0,016296c354392ead710a738bc1062d9143d6820b5d661956964ded06c746f95f,"New_news_OFI_OFI_news_csv:{""row_number"": 1144}:65f9fef15681",manual_preserve,manual_preserve_v1,New_news/OFI/OFI_news.csv,c266423998389ceb59ce49715045f90b1d181f07327dbdac876a7fc9df14e53c
NEWS_CANDIDATE_060050_cb76623b,OFI,Oriental Food Industries Holdings Berhad,Bursa Malaysia marginally lower at midday on profit-taking,The Star,2025-10-31,https://www.thestar.com.my/business/business-news/2025/10/31/bursa-malaysia-marginally-lower-at-midday-on-profit-taking,2794,,,,,wrong_company,"Another target company's strong alias appears, but the row ticker's target alias does not.",No,wrong_company,none,No,No,No,No,Yes,wrong_company,1,0,16f24eb36665927cf22cdadc3d987cb6fd8282a1d3d51a6da03964b8a7ea65ef,"New_news_OFI_OFI_news_csv:{""row_number"": 1161}:894a596e9c1d",manual_preserve,manual_preserve_v1,New_news/OFI/OFI_news.csv,c266423998389ceb59ce49715045f90b1d181f07327dbdac876a7fc9df14e53c
NEWS_CANDIDATE_060090_67857e54,OFI,Oriental Food Industries Holdings Berhad,"Global firms slash jobs amid weak sentiment, AI push",The Star,2025-10-29,https://www.thestar.com.my/tech/tech-news/2025/10/29/global-firms-slash-jobs-amid-weak-sentiment-ai-push,4358,,,,,wrong_company,"Another target company's strong alias appears, but the row ticker's target alias does not.",No,wrong_company,none,No,No,No,No,Yes,wrong_company,1,0,0137decf2ff574e4f6c9e261ca769cda811cf7647a0b45818ea86ff433312ecc,"New_news_OFI_OFI_news_csv:{""row_number"": 1201}:6ef9a608c6a9",manual_preserve,manual_preserve_v1,New_news/OFI/OFI_news.csv,c266423998389ceb59ce49715045f90b1d181f07327dbdac876a7fc9df14e53c
NEWS_CANDIDATE_060145_07f9e280,OFI,Oriental Food Industries Holdings Berhad,"Heineken lays out plan to grow beer sales, cut costs",The Star,2025-10-23,https://www.thestar.com.my/business/business-news/2025/10/23/heineken-lays-out-plan-to-grow-beer-sales-cut-costs,2153,,,,,wrong_company,"Another target company's strong alias appears, but the row ticker's target alias does not.",No,wrong_company,none,No,No,No,No,Yes,wrong_company,0,0,22f62b6b6126bc88456e207aa68a1b84205ad8acfefb5823b16511e8d6e97b88,"New_news_OFI_OFI_news_csv:{""row_number"": 1256}:1bcdeafa053a",manual_preserve,manual_preserve_v1,New_news/OFI/OFI_news.csv,c266423998389ceb59ce49715045f90b1d181f07327dbdac876a7fc9df14e53c
NEWS_CANDIDATE_060147_801a016b,OFI,Oriental Food Industries Holdings Berhad,"Trading ideas: PetGas, Zecon, Perak Transit, Heineken, BWYS, Straits Energy, Ancom Nylex, Ho Hup, IGBREIT, CLMT, Gadang",The Star,2025-10-23,https://www.thestar.com.my/business/business-news/2025/10/23/trading-ideas-petgas-zecon-perak-transit-heineken-bwys-straits-energy-ancom-nylex-ho-hup-ibgreit-clmt-gadang,2363,,,,,wrong_company,"Another target company's strong alias appears, but the row ticker's target alias does not.",No,wrong_company,none,No,No,No,No,Yes,wrong_company,1,0,2791527dc5cf1ef5a561d66f3dfd6c37f697ad0f57b9051ee1043a5f449a36a1,"New_news_OFI_OFI_news_csv:{""row_number"": 1258}:e3ec31ac9ccf",manual_preserve,manual_preserve_v1,New_news/OFI/OFI_news.csv,c266423998389ceb59ce49715045f90b1d181f07327dbdac876a7fc9df14e53c
NEWS_CANDIDATE_060152_58d97eba,OFI,Oriental Food Industries Holdings Berhad,SupportLine,The Star,2025-10-23,https://www.thestar.com.my/business/business-news/2025/10/23/supportline,1633,,,,,wrong_company,"Another target company's strong alias appears, but the row ticker's target alias does not.",No,wrong_company,none,No,No,No,No,Yes,wrong_company,0,0,f477c1c066aaf6f8ef78cc7d8d161abb24a8a53b0eb9be385ec00741a37bb140,"New_news_OFI_OFI_news_csv:{""row_number"": 1263}:a4a4365faf30",manual_preserve,manual_preserve_v1,New_news/OFI/OFI_news.csv,c266423998389ceb59ce49715045f90b1d181f07327dbdac876a7fc9df14e53c
NEWS_CANDIDATE_060177_67ab9300,OFI,Oriental Food Industries Holdings Berhad,Wilmar’s Indonesia unit charged for sugar import,The Star,2025-10-22,https://www.thestar.com.my/business/business-news/2025/10/22/wilmars-indonesia-unit-charged-for-sugar-import,2042,,,,,wrong_company,"Another target company's strong alias appears, but the row ticker's target alias does not.",No,wrong_company,none,No,No,No,No,Yes,wrong_company,1,0,c83b3b83452663ac6f23ecba72cfe37834b2b7b67277570c30d13067192bfebd,"New_news_OFI_OFI_news_csv:{""row_number"": 1288}:3c2e85eb7a8c",manual_preserve,manual_preserve_v1,New_news/OFI/OFI_news.csv,c266423998389ceb59ce49715045f90b1d181f07327dbdac876a7fc9df14e53c
NEWS_CANDIDATE_060292_2294911a,OFI,Oriental Food Industries Holdings Berhad,FBM KLCI gains ground on positive Wall Street sentiment,The Star,2025-10-16,https://www.thestar.com.my/business/business-news/2025/10/16/fbm-klci-gains-ground-on-positive-wall-street-sentiment,2010,,,,,wrong_company,"Another target company's strong alias appears, but the row ticker's target alias does not.",No,wrong_company,none,No,No,No,No,Yes,wrong_company,1,0,d79c8d9d57039904c471e8d325a9a98ed27c6ccac8521416b052db6240e985d3,"New_news_OFI_OFI_news_csv:{""row_number"": 1403}:a74779e9e1f7",manual_preserve,manual_preserve_v1,New_news/OFI/OFI_news.csv,c266423998389ceb59ce49715045f90b1d181f07327dbdac876a7fc9df14e53c
NEWS_CANDIDATE_060386_c5e51652,OFI,Oriental Food Industries Holdings Berhad,Positive outlook for F&N on attractive valuations,The Star,2025-10-10,https://www.thestar.com.my/business/business-news/2025/10/10/positive-outlook-for-fn-on-attractive-valuations,2748,,,,,wrong_company,"Another target company's strong alias appears, but the row ticker's target alias does not.",No,wrong_company,none,No,No,No,No,Yes,wrong_company,1,0,615e70b3e5284502b073fec9ef76fa561286ab2a036c531f9a48ac94aba6ebed,"New_news_OFI_OFI_news_csv:{""row_number"": 1497}:56f0a59cd726",manual_preserve,manual_preserve_v1,New_news/OFI/OFI_news.csv,c266423998389ceb59ce49715045f90b1d181f07327dbdac876a7fc9df14e53c
NEWS_CANDIDATE_060390_249cab32,OFI,Oriental Food Industries Holdings Berhad,"FBM KLCI edges higher on bargain hunting, upbeat regional sentiment",The Star,2025-10-09,https://www.thestar.com.my/business/business-news/2025/10/09/fbm-klci-edges-higher-on-bargain-hunting-upbeat-regional-sentiment,1546,,,,,wrong_company,"Another target company's strong alias appears, but the row ticker's target alias does not.",No,wrong_company,none,No,No,No,No,Yes,wrong_company,1,0,5a1abfeca98a379a716bb1ce344c558cd2b819a5b8acf619af2f4d18e412321b,"New_news_OFI_OFI_news_csv:{""row_number"": 1501}:02c249b09a9d",manual_preserve,manual_preserve_v1,New_news/OFI/OFI_news.csv,c266423998389ceb59ce49715045f90b1d181f07327dbdac876a7fc9df14e53c
NEWS_CANDIDATE_060502_d2cbd013,OFI,Oriental Food Industries Holdings Berhad,"FBM KLCI extends winning streak to fifth session, closes at 9-month high",The Star,2025-10-02,https://www.thestar.com.my/business/business-news/2025/10/02/fbm-klci-extends-winning-streak-to-fifth-session-closes-at-9-month-high,2056,,,,,wrong_company,"Another target company's strong alias appears, but the row ticker's target alias does not.",No,wrong_company,none,No,No,No,No,Yes,wrong_company,1,0,f3ffd830c825fab6355abeed3811f73910d2e1a0e8589bea148663c84b863ee8,"New_news_OFI_OFI_news_csv:{""row_number"": 1613}:ca9b6ec4f6ba",manual_preserve,manual_preserve_v1,New_news/OFI/OFI_news.csv,c266423998389ceb59ce49715045f90b1d181f07327dbdac876a7fc9df14e53c
NEWS_CANDIDATE_060519_7eb22360,OFI,Oriental Food Industries Holdings Berhad,PPB outlook brightens after Wilmar verdict,The Star,2025-10-01,https://www.thestar.com.my/business/business-news/2025/10/01/ppb-outlook-brightens-after-wilmar-verdict,3155,,,,,wrong_company,"Another target company's strong alias appears, but the row ticker's target alias does not.",No,wrong_company,none,No,No,No,No,Yes,wrong_company,1,0,7b7413c3b9db736424f6e75c9246a82e97cf53e0b62898f21b65aa43294bfb4a,"New_news_OFI_OFI_news_csv:{""row_number"": 1630}:46a423d5bbce",manual_preserve,manual_preserve_v1,New_news/OFI/OFI_news.csv,c266423998389ceb59ce49715045f90b1d181f07327dbdac876a7fc9df14e53c
NEWS_CANDIDATE_060597_59cf9646,OFI,Oriental Food Industries Holdings Berhad,"Trading ideas: Yinson, Kelington, Hiap Teck, MGB, TXCD, Astro, F&N, Ireka",The Star,2025-09-26,https://www.thestar.com.my/business/business-news/2025/09/26/trading-ideas-yinson-kelington-hiap-teck-mgb-txcd-astro-fn-ireka,2317,,,,,wrong_company,"Another target company's strong alias appears, but the row ticker's target alias does not.",No,wrong_company,none,No,No,No,No,Yes,wrong_company,1,0,8009505467fc4feca3b4972f5cfbf23dfe665b9cd59b60dcc78e5124d09e3ebf,"New_news_OFI_OFI_news_csv:{""row_number"": 1708}:7f822608c201",manual_preserve,manual_preserve_v1,New_news/OFI/OFI_news.csv,c266423998389ceb59ce49715045f90b1d181f07327dbdac876a7fc9df14e53c
NEWS_CANDIDATE_060649_8b3f3963,OFI,Oriental Food Industries Holdings Berhad,Bursa Malaysia opens lower as Fed remarks dampen rate-cut optimism,The Star,2025-09-26,https://www.thestar.com.my/business/business-news/2025/09/26/bursa-malaysia-opens-lower-as-fed-remarks-dampen-rate-cut-optimism,2389,,,,,wrong_company,"Another target company's strong alias appears, but the row ticker's target alias does not.",No,wrong_company,none,No,No,No,No,Yes,wrong_company,1,0,09e89133f158f564d86c36aa625b05e21156fd5de8a5d2ca704f51c6c9ef4037,"New_news_OFI_OFI_news_csv:{""row_number"": 1760}:577f18f654dc",manual_preserve,manual_preserve_v1,New_news/OFI/OFI_news.csv,c266423998389ceb59ce49715045f90b1d181f07327dbdac876a7fc9df14e53c
NEWS_CANDIDATE_060769_ecbd560f,OFI,Oriental Food Industries Holdings Berhad,Mango-lime drink latest in cider range,The Star,2025-09-19,https://www.thestar.com.my/metro/metro-news/2025/09/19/mango-lime-drink-latest-in-cider-range,905,,,,,wrong_company,"Another target company's strong alias appears, but the row ticker's target alias does not.",No,wrong_company,none,No,No,No,No,Yes,wrong_company,0,0,400b3cd642e9a7b641f53aab27f8cb2447dd3df29c6e5f1292cf0da539345bd6,"New_news_OFI_OFI_news_csv:{""row_number"": 1880}:b8e9cf4b137f",manual_preserve,manual_preserve_v1,New_news/OFI/OFI_news.csv,c266423998389ceb59ce49715045f90b1d181f07327dbdac876a7fc9df14e53c
NEWS_CANDIDATE_060856_c9b7b030,OFI,Oriental Food Industries Holdings Berhad,Switch to value stocks holds investor potential,The Star,2025-09-11,https://www.thestar.com.my/business/business-news/2025/09/11/switch-to-value-stocks-holds-investor-potential,3320,,,,,wrong_company,"Another target company's strong alias appears, but the row ticker's target alias does not.",No,wrong_company,none,No,No,No,No,Yes,wrong_company,1,0,9b6fcebfb0601688ff2c7e6b61a20e5b8b01121327a5b9f9aeea46db1544395d,"New_news_OFI_OFI_news_csv:{""row_number"": 1967}:db201bf05435",manual_preserve,manual_preserve_v1,New_news/OFI/OFI_news.csv,c266423998389ceb59ce49715045f90b1d181f07327dbdac876a7fc9df14e53c
NEWS_CANDIDATE_060963_3582c002,OFI,Oriental Food Industries Holdings Berhad,PPB Group confident Wilmar case will not affect dividend commitment,The Star,2025-09-03,https://www.thestar.com.my/business/business-news/2025/09/03/ppb-group-confident-wilmar-case-will-not-affect-dividend-commitment,2757,,,,,wrong_company,"Another target company's strong alias appears, but the row ticker's target alias does not.",No,wrong_company,none,No,No,No,No,Yes,wrong_company,1,0,1fc414a02e9f0dc266506a711a502efe07e13769d291216d7a9039d30ddec1d8,"New_news_OFI_OFI_news_csv:{""row_number"": 2074}:1268c50aa295",manual_preserve,manual_preserve_v1,New_news/OFI/OFI_news.csv,c266423998389ceb59ce49715045f90b1d181f07327dbdac876a7fc9df14e53c
NEWS_CANDIDATE_061021_13aadb15,OFI,Oriental Food Industries Holdings Berhad,Strong 2Q25 performance positions Spritzer for gains,The Star,2025-08-29,https://www.thestar.com.my/business/business-news/2025/08/29/strong-2q25-performance-positions-spritzer-for-gains,3333,,,,,wrong_company,"Another target company's strong alias appears, but the row ticker's target alias does not.",No,wrong_company,none,No,No,No,No,Yes,wrong_company,1,0,d56ac2330076967820ed7d4364f484419d83fbb7026208ea45be3d365627e04b,"New_news_OFI_OFI_news_csv:{""row_number"": 2132}:9a28f76aaed1",manual_preserve,manual_preserve_v1,New_news/OFI/OFI_news.csv,c266423998389ceb59ce49715045f90b1d181f07327dbdac876a7fc9df14e53c
NEWS_CANDIDATE_061068_da6d0ad6,OFI,Oriental Food Industries Holdings Berhad,PPB banks on grain for stability,The Star,2025-08-28,https://www.thestar.com.my/business/business-news/2025/08/28/ppb-banks-on-grain-for-stability,979,,,,,wrong_company,"Another target company's strong alias appears, but the row ticker's target alias does not.",No,wrong_company,none,No,No,No,No,Yes,wrong_company,1,0,6fd25d80816827ee6e30b64919afa96f82465b615540555f025555caf4ef3705,"New_news_OFI_OFI_news_csv:{""row_number"": 2179}:65728ac3f8b9",manual_preserve,manual_preserve_v1,New_news/OFI/OFI_news.csv,c266423998389ceb59ce49715045f90b1d181f07327dbdac876a7fc9df14e53c
NEWS_CANDIDATE_061070_b9854dea,OFI,Oriental Food Industries Holdings Berhad,Farm Fresh 1Q26 profit jumps on higher margins,The Star,2025-08-28,https://www.thestar.com.my/business/business-news/2025/08/28/farm-fresh-1q26-profit-jumps-on-higher-margins,2510,,,,,wrong_company,"Another target company's strong alias appears, but the row ticker's target alias does not.",No,wrong_company,none,No,No,No,No,Yes,wrong_company,1,0,fcb9fb48a23867ef5546142b73c8cd2393abb2aa813fa650b1cc519ab8a5b72f,"New_news_OFI_OFI_news_csv:{""row_number"": 2181}:c521df1c8e8a",manual_preserve,manual_preserve_v1,New_news/OFI/OFI_news.csv,c266423998389ceb59ce49715045f90b1d181f07327dbdac876a7fc9df14e53c
NEWS_CANDIDATE_061077_afbd140f,OFI,Oriental Food Industries Holdings Berhad,PPB records lower net profit in 2Q25,The Star,2025-08-27,https://www.thestar.com.my/business/business-news/2025/08/27/ppb-records-lower-net-profit-in-2q25,989,,,,,wrong_company,"Another target company's strong alias appears, but the row ticker's target alias does not.",No,wrong_company,none,No,No,No,No,Yes,wrong_company,1,0,5e36d9d7a897bec9e1d56d5538c7dbbe1d776afd08948d92f07c27b8a9d17390,"New_news_OFI_OFI_news_csv:{""row_number"": 2188}:47d0bbee6d64",manual_preserve,manual_preserve_v1,New_news/OFI/OFI_news.csv,c266423998389ceb59ce49715045f90b1d181f07327dbdac876a7fc9df14e53c
NEWS_CANDIDATE_061221_cce324e5,OFI,Oriental Food Industries Holdings Berhad,"FBM KLCI rallies to six-month high, nears key 1,600 level",The Star,2025-08-21,https://www.thestar.com.my/business/business-news/2025/08/21/fbm-klci-rallies-to-six-month-high-nears-key-1600-level,2369,,,,,wrong_company,"Another target company's strong alias appears, but the row ticker's target alias does not.",No,wrong_company,none,No,No,No,No,Yes,wrong_company,1,0,8fb6a7bbebc8d4ed50117aca57785232a64103e06187762181665cf4c8120b17,"New_news_OFI_OFI_news_csv:{""row_number"": 2332}:6b4621505d79",manual_preserve,manual_preserve_v1,New_news/OFI/OFI_news.csv,c266423998389ceb59ce49715045f90b1d181f07327dbdac876a7fc9df14e53c
NEWS_CANDIDATE_061250_828ea5ee,OFI,Oriental Food Industries Holdings Berhad,Last-minute selling ends FBM KLCI’s winning streak,The Star,2025-08-20,https://www.thestar.com.my/business/business-news/2025/08/20/last-minute-selling-ends-fbm-klcis-winning-streak,1952,,,,,wrong_company,"Another target company's strong alias appears, but the row ticker's target alias does not.",No,wrong_company,none,No,No,No,No,Yes,wrong_company,1,0,6cc322a7cb8df211858c63309c76a573e3c9805a5e4c1ac07ee9a4f478e4b71e,"New_news_OFI_OFI_news_csv:{""row_number"": 2361}:5d363024a65f",manual_preserve,manual_preserve_v1,New_news/OFI/OFI_news.csv,c266423998389ceb59ce49715045f90b1d181f07327dbdac876a7fc9df14e53c
NEWS_CANDIDATE_061256_4bf910c8,OFI,Oriental Food Industries Holdings Berhad,Bursa investors take breather as Wall St stocks fall ahead of Fed summit,The Star,2025-08-20,https://www.thestar.com.my/business/business-news/2025/08/20/bursa-investors-take-breather-as-wall-st-stocks-fall-ahead-of-fed-summit,1408,,,,,wrong_company,"Another target company's strong alias appears, but the row ticker's target alias does not.",No,wrong_company,none,No,No,No,No,Yes,wrong_company,1,0,32723b8f657facfbaf9304005b6e0a7835da2ebed43d063e14d4733bf1123327,"New_news_OFI_OFI_news_csv:{""row_number"": 2367}:b2c7ad47618e",manual_preserve,manual_preserve_v1,New_news/OFI/OFI_news.csv,c266423998389ceb59ce49715045f90b1d181f07327dbdac876a7fc9df14e53c
NEWS_CANDIDATE_061315_b9a101ac,OFI,Oriental Food Industries Holdings Berhad,"Heineken Malaysia posts weaker 1H amid moderating consumer demand, cautious sentiment",The Star,2025-08-15,https://www.thestar.com.my/business/business-news/2025/08/15/heineken-malaysia-posts-weaker-1h-amid-moderating-consumer-demand-cautious-sentiment,1772,,,,,wrong_company,"Another target company's strong alias appears, but the row ticker's target alias does not.",No,wrong_company,none,No,No,No,No,Yes,wrong_company,0,0,91751c69c8f651fd389030075a731723fd0458e27d676519305215347c457f8c,"New_news_OFI_OFI_news_csv:{""row_number"": 2426}:f58d75ca5b5b",manual_preserve,manual_preserve_v1,New_news/OFI/OFI_news.csv,c266423998389ceb59ce49715045f90b1d181f07327dbdac876a7fc9df14e53c
NEWS_CANDIDATE_061338_ff27827e,OFI,Oriental Food Industries Holdings Berhad,"Carlsberg half-year profits miss expectations, warns of tough year",The Star,2025-08-14,https://www.thestar.com.my/business/business-news/2025/08/14/carlsberg-half-year-profits-miss-expectations-warns-of-tough-year,2347,,,,,wrong_company,"Another target company's strong alias appears, but the row ticker's target alias does not.",No,wrong_company,none,No,No,No,No,Yes,wrong_company,0,0,5779a439402425e1e7e2bef358f0010c045cb58ac30de8915910dd9e97853c6e,"New_news_OFI_OFI_news_csv:{""row_number"": 2449}:0ff0ec43db28",manual_preserve,manual_preserve_v1,New_news/OFI/OFI_news.csv,c266423998389ceb59ce49715045f90b1d181f07327dbdac876a7fc9df14e53c
NEWS_CANDIDATE_061356_4ce7a335,OFI,Oriental Food Industries Holdings Berhad,Inelastic demand protects Carlsberg from price hikes,The Star,2025-08-14,https://www.thestar.com.my/business/business-news/2025/08/14/inelastic-demand-protects-carlsberg-from-price-hikes,1771,,,,,wrong_company,"Another target company's strong alias appears, but the row ticker's target alias does not.",No,wrong_company,none,No,No,No,No,Yes,wrong_company,1,0,27a207e3c84dd4afea37735fc89d7450551ef73a506aa28d5d468d829e5e8cb8,"New_news_OFI_OFI_news_csv:{""row_number"": 2467}:1560500e8cc2",manual_preserve,manual_preserve_v1,New_news/OFI/OFI_news.csv,c266423998389ceb59ce49715045f90b1d181f07327dbdac876a7fc9df14e53c
NEWS_CANDIDATE_061366_38f438db,OFI,Oriental Food Industries Holdings Berhad,"Trading ideas: MGB, YTL Power, Classita, Infomina, NationGate, Thong Guan, Carlsberg, Sunway REIT, UMS, MSC, Tex Cycle, Rhone Ma",The Star,2025-08-13,https://www.thestar.com.my/business/business-news/2025/08/13/trading-ideas-mgb-ytl-power-classita-infomina-nationgate-thong-guan-carlsberg-sunway-reit-ums-msc-tex-cycle-rhone-ma,2269,,,,,wrong_company,"Another target company's strong alias appears, but the row ticker's target alias does not.",No,wrong_company,none,No,No,No,No,Yes,wrong_company,1,0,360cc275ca8e8a72da4efa254601ba8cfaf37f892e5fe75a1cbdd47804eec534,"New_news_OFI_OFI_news_csv:{""row_number"": 2477}:b3548e93093a",manual_preserve,manual_preserve_v1,New_news/OFI/OFI_news.csv,c266423998389ceb59ce49715045f90b1d181f07327dbdac876a7fc9df14e53c
NEWS_CANDIDATE_061467_620945e2,OFI,Oriental Food Industries Holdings Berhad,Corporate earnings in 2Q likely to remain positive,The Star,2025-08-07,https://www.thestar.com.my/business/business-news/2025/08/07/corporate-earnings-in-2q-likely-to-remain-positive,3693,,,,,wrong_company,"Another target company's strong alias appears, but the row ticker's target alias does not.",No,wrong_company,none,No,No,No,No,Yes,wrong_company,1,0,3a87ba3bc52d8033f67b373ad91285c27684a0d8a6142df288335c81f91c45bc,"New_news_OFI_OFI_news_csv:{""row_number"": 2578}:15e4556d5694",manual_preserve,manual_preserve_v1,New_news/OFI/OFI_news.csv,c266423998389ceb59ce49715045f90b1d181f07327dbdac876a7fc9df14e53c
NEWS_CANDIDATE_061471_32f1236c,OFI,Oriental Food Industries Holdings Berhad,"Banks, tech and consumer stocks show continued strength in 2Q25",The Star,2025-08-06,https://www.thestar.com.my/business/business-news/2025/08/06/banks-tech-and-consumer-stocks-show-continued-strength-in-2q25,3640,,,,,wrong_company,"Another target company's strong alias appears, but the row ticker's target alias does not.",No,wrong_company,none,No,No,No,No,Yes,wrong_company,1,0,42291c073045cf3ad2e76b55a0877aefb0958b53a0130374bdbff13f2c9df7bc,"New_news_OFI_OFI_news_csv:{""row_number"": 2582}:167eb030193d",manual_preserve,manual_preserve_v1,New_news/OFI/OFI_news.csv,c266423998389ceb59ce49715045f90b1d181f07327dbdac876a7fc9df14e53c
NEWS_CANDIDATE_061477_992482f9,OFI,Oriental Food Industries Holdings Berhad,FBM KLCI remains negative at midday in post-rally pullback,The Star,2025-08-06,https://www.thestar.com.my/business/business-news/2025/08/06/fbm-klci-remains-negative-at-midday-in-post-rally-pullback,1396,,,,,wrong_company,"Another target company's strong alias appears, but the row ticker's target alias does not.",No,wrong_company,none,No,No,No,No,Yes,wrong_company,1,0,0fed4aa3c19709686fb11f780cddb3a674923db101c99d90110d24c4d9250399,"New_news_OFI_OFI_news_csv:{""row_number"": 2588}:915cff066208",manual_preserve,manual_preserve_v1,New_news/OFI/OFI_news.csv,c266423998389ceb59ce49715045f90b1d181f07327dbdac876a7fc9df14e53c
NEWS_CANDIDATE_061496_461827cc,OFI,Oriental Food Industries Holdings Berhad,KLCI edges higher at midday on selective buying in heavyweights,The Star,2025-08-08,https://www.thestar.com.my/business/business-news/2025/08/08/klci-edges-higher-at-midday-on-selective-buying-in-heavyweights,2323,,,,,wrong_company,"Another target company's strong alias appears, but the row ticker's target alias does not.",No,wrong_company,none,No,No,No,No,Yes,wrong_company,1,0,a691a5c58ab9ef67a7f93725479d5aa024fe3720183f7c587e4879be8e71d5d2,"New_news_OFI_OFI_news_csv:{""row_number"": 2607}:817b3c2cb1bf",manual_preserve,manual_preserve_v1,New_news/OFI/OFI_news.csv,c266423998389ceb59ce49715045f90b1d181f07327dbdac876a7fc9df14e53c
NEWS_CANDIDATE_061637_43628f2b,OFI,Oriental Food Industries Holdings Berhad,"Bursa sees further profit-taking ahead of US tech earnings, Fed decision",The Star,2025-07-30,https://www.thestar.com.my/business/business-news/2025/07/30/bursa-sees-further-profit-taking-ahead-of-us-tech-earnings-fed-decision,1342,,,,,wrong_company,"Another target company's strong alias appears, but the row ticker's target alias does not.",No,wrong_company,none,No,No,No,No,Yes,wrong_company,1,0,7559f6607978f51c68a4e9df18cecd2eb73efd526a7a1972c1aeb8e1e9f02d85,"New_news_OFI_OFI_news_csv:{""row_number"": 2748}:ce4b45b58855",manual_preserve,manual_preserve_v1,New_news/OFI/OFI_news.csv,c266423998389ceb59ce49715045f90b1d181f07327dbdac876a7fc9df14e53c
NEWS_CANDIDATE_061745_6473b0ee,OFI,Oriental Food Industries Holdings Berhad,"Trading ideas: MMAG, Keyfield, KAB, Rimbunan Sawit, Jentayu, AYS, Country Heights, Metronic, Nestle, ViTrox, Oriental Interest, KIP REIT, Luxchem, Betamek",The Star,2025-07-25,https://www.thestar.com.my/business/business-news/2025/07/25/trading-ideas-mmag-keyfield-kab-rimbunan-sawit-jentayu-ays-country-heights-metronic-nestle-vitrox-oriental-interest-kip-reit-luxchem-betamek,2711,,,,,wrong_company,"Another target company's strong alias appears, but the row ticker's target alias does not.",No,wrong_company,none,No,No,No,No,Yes,wrong_company,1,0,333f9a6ba0298d8db992d30e6e9855b2d8d995e806b585793717786db9e7c7fe,"New_news_OFI_OFI_news_csv:{""row_number"": 2856}:e7e867f02f2a",manual_preserve,manual_preserve_v1,New_news/OFI/OFI_news.csv,c266423998389ceb59ce49715045f90b1d181f07327dbdac876a7fc9df14e53c
NEWS_CANDIDATE_061764_6466fff9,OFI,Oriental Food Industries Holdings Berhad,Strong sales momentum underpins Nestle Malaysia's higher bottomline in 2Q,The Star,2025-07-24,https://www.thestar.com.my/business/business-news/2025/07/24/strong-sales-momentum-underpins-nestle-malaysia039s-higher-bottomline-in-2q,1936,,,,,wrong_company,"Another target company's strong alias appears, but the row ticker's target alias does not.",No,wrong_company,none,No,No,No,No,Yes,wrong_company,1,0,784de489b309fa64886d592eab1d4705fd9073ac766bdcf82d70ea36d901c054,"New_news_OFI_OFI_news_csv:{""row_number"": 2875}:06a9caf0bd3e",manual_preserve,manual_preserve_v1,New_news/OFI/OFI_news.csv,c266423998389ceb59ce49715045f90b1d181f07327dbdac876a7fc9df14e53c
NEWS_CANDIDATE_062132_c0ae7059,OFI,Oriental Food Industries Holdings Berhad,FBM KLCI snaps five-day winning streak on profit-taking,The Star,2025-07-03,https://www.thestar.com.my/business/business-news/2025/07/03/fbm-klci-snaps-five-day-winning-streak-on-profit-taking,1780,,,,,wrong_company,"Another target company's strong alias appears, but the row ticker's target alias does not.",No,wrong_company,none,No,No,No,No,Yes,wrong_company,1,0,56950cfabbbceecc437dc225a49841f532e1bd303596ff7e941f3c2e3cfee97f,"New_news_OFI_OFI_news_csv:{""row_number"": 3243}:e4d67b7c46f6",manual_preserve,manual_preserve_v1,New_news/OFI/OFI_news.csv,c266423998389ceb59ce49715045f90b1d181f07327dbdac876a7fc9df14e53c
NEWS_CANDIDATE_062136_65d93104,OFI,Oriental Food Industries Holdings Berhad,FBM KLCI slips on early profit-taking; TNB drags index after RM1.25bil tax ruling,The Star,2025-07-03,https://www.thestar.com.my/business/business-news/2025/07/03/fbm-klci-slips-on-early-profit-taking-tnb-drags-index-after-rm125bil-tax-ruling,1659,,,,,wrong_company,"Another target company's strong alias appears, but the row ticker's target alias does not.",No,wrong_company,none,No,No,No,No,Yes,wrong_company,1,0,fcc0e68256f6354a530260b6ae729626c2468788a661aa462c6c29176742c88e,"New_news_OFI_OFI_news_csv:{""row_number"": 3247}:e13620a56e3c",manual_preserve,manual_preserve_v1,New_news/OFI/OFI_news.csv,c266423998389ceb59ce49715045f90b1d181f07327dbdac876a7fc9df14e53c
NEWS_CANDIDATE_062243_304dabf6,OFI,Oriental Food Industries Holdings Berhad,"Trading ideas: TNB, Sports Toto, Cypark, Aeon Credit, HSS, Gas Malaysia, Green Ocean, UEM Sunrise, Destini, Citaglobal, ATA IMS, RHB, Sapura Energy, Ajinomoto, SNS, iCents",The Star,2025-06-26,https://www.thestar.com.my/business/business-news/2025/06/26/trading-ideas-tnb-sports-toto-cypark-aeon-credit-hss-gas-malaysia-green-ocean-uem-sunrise-destini-citaglobal-ata-ims-rhb-sapura-energy-ajinomoto-sns-icents,2653,,,,,wrong_company,"Another target company's strong alias appears, but the row ticker's target alias does not.",No,wrong_company,none,No,No,No,No,Yes,wrong_company,1,0,330a92b59689f78e42e03aaff5408c38df6bdfb124316eccd4772c6064a875ae,"New_news_OFI_OFI_news_csv:{""row_number"": 3354}:dd6e39c70b01",manual_preserve,manual_preserve_v1,New_news/OFI/OFI_news.csv,c266423998389ceb59ce49715045f90b1d181f07327dbdac876a7fc9df14e53c
NEWS_CANDIDATE_062289_91c90646,OFI,Oriental Food Industries Holdings Berhad,Driving green transition,The Star,2025-06-23,https://www.thestar.com.my/metro/metro-news/2025/06/23/driving-green-transition,3388,,,,,wrong_company,"Another target company's strong alias appears, but the row ticker's target alias does not.",No,wrong_company,none,No,No,No,No,Yes,wrong_company,0,0,e1088f992642d9ad24eff13de1866430166aff37ae428a96ede95348b95e3902,"New_news_OFI_OFI_news_csv:{""row_number"": 3400}:f02eb8fe35a7",manual_preserve,manual_preserve_v1,New_news/OFI/OFI_news.csv,c266423998389ceb59ce49715045f90b1d181f07327dbdac876a7fc9df14e53c
NEWS_CANDIDATE_062319_8f6a40f9,OFI,Oriental Food Industries Holdings Berhad,"Trading ideas: MSM, Malakoff, BFood, BCorp, Bank Islam, Oriental Kopi, Petron, Deleum, Advancecon, CTOS, Felixdynamic, Binastra, Astro, Cuckoo",The Star,2025-06-20,https://www.thestar.com.my/business/business-news/2025/06/20/trading-ideas-msm-malakoff-bfood-bcorp-bank-islam-oriental-kopi-petron-deleum-advancecon-ctos-felixdynamic-binastra-astro-cuckoo,3048,,,,,wrong_company,"Another target company's strong alias appears, but the row ticker's target alias does not.",No,wrong_company,none,No,No,No,No,Yes,wrong_company,1,0,ddcd24b7bfc0b3044c3a370eb03d0d6a914ad845b0ef80f05c558712cbdad999,"New_news_OFI_OFI_news_csv:{""row_number"": 3430}:7839f755c9bf",manual_preserve,manual_preserve_v1,New_news/OFI/OFI_news.csv,c266423998389ceb59ce49715045f90b1d181f07327dbdac876a7fc9df14e53c
NEWS_CANDIDATE_062336_6cd2804c,OFI,Oriental Food Industries Holdings Berhad,Consumer staples favourable amid expanded SST,The Star,2025-06-19,https://www.thestar.com.my/business/business-news/2025/06/19/consumer-staples-favourable-amid-expanded-sst,2696,,,,,wrong_company,"Another target company's strong alias appears, but the row ticker's target alias does not.",No,wrong_company,none,No,No,No,No,Yes,wrong_company,1,0,1042c62114a3b28997af5b857c2db022787fc66b01c1bcb66746aa9bab6a3d10,"New_news_OFI_OFI_news_csv:{""row_number"": 3447}:86aadbcf9df2",manual_preserve,manual_preserve_v1,New_news/OFI/OFI_news.csv,c266423998389ceb59ce49715045f90b1d181f07327dbdac876a7fc9df14e53c
NEWS_CANDIDATE_062341_844573b8,OFI,Oriental Food Industries Holdings Berhad,PPB risk premium higher amid legal case in Indonesia,The Star,2025-06-19,https://www.thestar.com.my/business/business-news/2025/06/19/ppb-risk-premium-higher-amid-legal-case-in-indonesia,1809,,,,,wrong_company,"Another target company's strong alias appears, but the row ticker's target alias does not.",No,wrong_company,none,No,No,No,No,Yes,wrong_company,1,0,f80a774e5c320f5308180c276a195c71a87bf26f237bd6d4866577e247c9d175,"New_news_OFI_OFI_news_csv:{""row_number"": 3452}:3c160b8ac3b4",manual_preserve,manual_preserve_v1,New_news/OFI/OFI_news.csv,c266423998389ceb59ce49715045f90b1d181f07327dbdac876a7fc9df14e53c
NEWS_CANDIDATE_062470_d755a860,OFI,Oriental Food Industries Holdings Berhad,"Bursa Malaysia opens lower, bucking Wall Street gains on weak sentiment",The Star,2025-06-13,https://www.thestar.com.my/business/business-news/2025/06/13/bursa-malaysia-opens-lower-bucking-wall-street-gains-on-weak-sentiment,1834,,,,,wrong_company,"Another target company's strong alias appears, but the row ticker's target alias does not.",No,wrong_company,none,No,No,No,No,Yes,wrong_company,1,0,bbe63a85b6e53c9707728ad49d40209957232d21a55e21be960a34e2a905ec04,"New_news_OFI_OFI_news_csv:{""row_number"": 3581}:fbfb5ae5efe9",manual_preserve,manual_preserve_v1,New_news/OFI/OFI_news.csv,c266423998389ceb59ce49715045f90b1d181f07327dbdac876a7fc9df14e53c
NEWS_CANDIDATE_062653_b31400f8,OFI,Oriental Food Industries Holdings Berhad,"Trading ideas: SunCon, Vestland, PeterLabs, TWL, UEM Edgenta, IJM, Genting, Carlsberg, KPJ, QL, Farm Fresh, IHH, LHI",The Star,2025-05-30,https://www.thestar.com.my/business/business-news/2025/05/30/trading-ideas-suncon-vestland-peterlabs-twl-uem-edgenta-ijm-genting-carlsberg-kpj-ql-farm-fresh-ihh-lhi,2262,,,,,wrong_company,"Another target company's strong alias appears, but the row ticker's target alias does not.",No,wrong_company,none,No,No,No,No,Yes,wrong_company,1,0,74c3184258f1fce76bb365632fe7897c60c5a223840212ccfb5270e358257913,"New_news_OFI_OFI_news_csv:{""row_number"": 3764}:1c0f4f4c01c3",manual_preserve,manual_preserve_v1,New_news/OFI/OFI_news.csv,c266423998389ceb59ce49715045f90b1d181f07327dbdac876a7fc9df14e53c
NEWS_CANDIDATE_062665_b69e7688,OFI,Oriental Food Industries Holdings Berhad,Farm Fresh churns RM28mil 4Q profit,The Star,2025-05-30,https://www.thestar.com.my/business/business-news/2025/05/30/farm-fresh-churns-rm28mil-4q-profit,2878,,,,,wrong_company,"Another target company's strong alias appears, but the row ticker's target alias does not.",No,wrong_company,none,No,No,No,No,Yes,wrong_company,1,0,9964ee3e33e493b8df209d647f62ab340415ad57da4d26c1c3993ccfbae51378,"New_news_OFI_OFI_news_csv:{""row_number"": 3776}:88f9cdf33b74",manual_preserve,manual_preserve_v1,New_news/OFI/OFI_news.csv,c266423998389ceb59ce49715045f90b1d181f07327dbdac876a7fc9df14e53c
NEWS_CANDIDATE_062668_30210c58,OFI,Oriental Food Industries Holdings Berhad,Leong Hup’s 1Q25 net profit jumps 80%,The Star,2025-05-30,https://www.thestar.com.my/business/business-news/2025/05/30/leong-hups-1q25-net-profit-jumps-80,960,,,,,wrong_company,"Another target company's strong alias appears, but the row ticker's target alias does not.",No,wrong_company,none,No,No,No,No,Yes,wrong_company,1,0,cc7585147418045e1b6ef9ce7173c3e5de766d9b3875c984254f4410e8b6a659,"New_news_OFI_OFI_news_csv:{""row_number"": 3779}:70547123cf7f",manual_preserve,manual_preserve_v1,New_news/OFI/OFI_news.csv,c266423998389ceb59ce49715045f90b1d181f07327dbdac876a7fc9df14e53c
NEWS_CANDIDATE_062670_cace8d48,OFI,Oriental Food Industries Holdings Berhad,Carlsberg Malaysia to enhance premium brands,The Star,2025-05-30,https://www.thestar.com.my/business/business-news/2025/05/30/carlsberg-malaysia-to-enhance-premium-brands,2730,,,,,wrong_company,"Another target company's strong alias appears, but the row ticker's target alias does not.",No,wrong_company,none,No,No,No,No,Yes,wrong_company,1,0,7417ef0b7bba864363074059b262f61928458f7f4b5fd028b3157e5fbed83c86,"New_news_OFI_OFI_news_csv:{""row_number"": 3781}:886a58644b72",manual_preserve,manual_preserve_v1,New_news/OFI/OFI_news.csv,c266423998389ceb59ce49715045f90b1d181f07327dbdac876a7fc9df14e53c
NEWS_CANDIDATE_062674_b36f1ffb,OFI,Oriental Food Industries Holdings Berhad,"Carlsberg to invest in brand premiumisation, product innovation",The Star,2025-05-29,https://www.thestar.com.my/business/business-news/2025/05/29/carlsberg-to-invest-in-brand-premiumisation-product-innovation,2828,,,,,wrong_company,"Another target company's strong alias appears, but the row ticker's target alias does not.",No,wrong_company,none,No,No,No,No,Yes,wrong_company,1,0,a279a69f4c719a85389752b5a609bbbebbc6fb535fda6b25e4b315e54c130f12,"New_news_OFI_OFI_news_csv:{""row_number"": 3785}:02c91faa7995",manual_preserve,manual_preserve_v1,New_news/OFI/OFI_news.csv,c266423998389ceb59ce49715045f90b1d181f07327dbdac876a7fc9df14e53c
NEWS_CANDIDATE_062680_5fac3eb2,OFI,Oriental Food Industries Holdings Berhad,LHI’s 1Q net profit jumps 80% to RM101.8mil,The Star,2025-05-29,https://www.thestar.com.my/business/business-news/2025/05/29/lhis-1q-net-profit-jumps-80-to-rm1018mil,2106,,,,,wrong_company,"Another target company's strong alias appears, but the row ticker's target alias does not.",No,wrong_company,none,No,No,No,No,Yes,wrong_company,0,0,b375a1ce496b7f37bcdfccf98ede6918c0f565ee9d1646c29c26651379f31873,"New_news_OFI_OFI_news_csv:{""row_number"": 3791}:f752b92e70b3",manual_preserve,manual_preserve_v1,New_news/OFI/OFI_news.csv,c266423998389ceb59ce49715045f90b1d181f07327dbdac876a7fc9df14e53c
NEWS_CANDIDATE_062682_a66ed586,OFI,Oriental Food Industries Holdings Berhad,Expansion plans to drive sustainable growth for Farm Fresh,The Star,2025-05-29,https://www.thestar.com.my/business/business-news/2025/05/29/expansion-plans-to-drive-sustainable-growth-for-farm-fresh,1642,,,,,wrong_company,"Another target company's strong alias appears, but the row ticker's target alias does not.",No,wrong_company,none,No,No,No,No,Yes,wrong_company,0,0,7789cc87dfcef1e9d40fea407e0031c3d3ca607610f462cc358ea3a308b62ff0,"New_news_OFI_OFI_news_csv:{""row_number"": 3793}:1539ea36e967",manual_preserve,manual_preserve_v1,New_news/OFI/OFI_news.csv,c266423998389ceb59ce49715045f90b1d181f07327dbdac876a7fc9df14e53c
NEWS_CANDIDATE_062691_19cd7c6a,OFI,Oriental Food Industries Holdings Berhad,PPB posts higher net profit in 1Q,The Star,2025-05-29,https://www.thestar.com.my/business/business-news/2025/05/29/ppb-posts-higher-net-profit-in-1q,714,,,,,wrong_company,"Another target company's strong alias appears, but the row ticker's target alias does not.",No,wrong_company,none,No,No,No,No,Yes,wrong_company,1,0,4dbe4dc0e679fa32b76e2c9ff69b8d22988d5c4fe5ee3d2e22e4ab2ae660ec95,"New_news_OFI_OFI_news_csv:{""row_number"": 3802}:29fba33c75d4",manual_preserve,manual_preserve_v1,New_news/OFI/OFI_news.csv,c266423998389ceb59ce49715045f90b1d181f07327dbdac876a7fc9df14e53c
NEWS_CANDIDATE_062821_9dec3361,OFI,Oriental Food Industries Holdings Berhad,"Trading ideas: Mesiniaga, Gas Malaysia, Uzma, CelcomDigi, YTL Power, KLK, UEM Sunrise, Bumi Armada, Batu Kawan, DRB-Hicom, DLMI, Prolintas, Press Metal, Cahya Mata",The Star,2025-05-23,https://www.thestar.com.my/business/business-news/2025/05/23/trading-ideas-mesiniaga-gas-malaysia-uzma-celcomdigi-ytl-power-klk-uem-sunrise-bumi-armada-batu-kawan-drb-hicom-dlmi-prolintas-press-metal-cahya-mata,2641,,,,,wrong_company,"Another target company's strong alias appears, but the row ticker's target alias does not.",No,wrong_company,none,No,No,No,No,Yes,wrong_company,1,0,6f1d7e0987cd7c2df862b3e027c4b51fb24a3b8cf7516c3da5aab7e41cc686f0,"New_news_OFI_OFI_news_csv:{""row_number"": 3932}:4cfc26ae29df",manual_preserve,manual_preserve_v1,New_news/OFI/OFI_news.csv,c266423998389ceb59ce49715045f90b1d181f07327dbdac876a7fc9df14e53c
NEWS_CANDIDATE_062980_c647c0b7,OFI,Oriental Food Industries Holdings Berhad,Profit-taking drags FBM KLCI into the red at midday,The Star,2025-05-14,https://www.thestar.com.my/business/business-news/2025/05/14/profit-taking-drags-fbm-klci-into-the-red-at-midday,2233,,,,,wrong_company,"Another target company's strong alias appears, but the row ticker's target alias does not.",No,wrong_company,none,No,No,No,No,Yes,wrong_company,1,0,2f3731472d5e4d9105b622b92945e99b5307dc56f530c7fcad63554b9dfae4bd,"New_news_OFI_OFI_news_csv:{""row_number"": 4091}:2cabc5483e0e",manual_preserve,manual_preserve_v1,New_news/OFI/OFI_news.csv,c266423998389ceb59ce49715045f90b1d181f07327dbdac876a7fc9df14e53c
NEWS_CANDIDATE_062982_bb60467e,OFI,Oriental Food Industries Holdings Berhad,FBM KLCI opens slightly higher but drifts lower on profit-taking,The Star,2025-05-14,https://www.thestar.com.my/business/business-news/2025/05/14/fbm-klci-opens-slightly-higher-but-drifts-lower-on-profit-taking,1972,,,,,wrong_company,"Another target company's strong alias appears, but the row ticker's target alias does not.",No,wrong_company,none,No,No,No,No,Yes,wrong_company,1,0,fbbaa1b91d96f9ab569b796611a9079b3f4eb55c55c2d0d529df447cdec796b1,"New_news_OFI_OFI_news_csv:{""row_number"": 4093}:eea02ca2222d",manual_preserve,manual_preserve_v1,New_news/OFI/OFI_news.csv,c266423998389ceb59ce49715045f90b1d181f07327dbdac876a7fc9df14e53c
NEWS_CANDIDATE_063063_07dc1b05,OFI,Oriental Food Industries Holdings Berhad,SupportLine,The Star,2025-05-09,https://www.thestar.com.my/business/business-news/2025/05/09/supportline,1739,,,,,wrong_company,"Another target company's strong alias appears, but the row ticker's target alias does not.",No,wrong_company,none,No,No,No,No,Yes,wrong_company,0,0,67523b62d21c51550e1848697913eae09f2fcf9435d4f162b41ab354205e4822,"New_news_OFI_OFI_news_csv:{""row_number"": 4174}:d1e4ae002815",manual_preserve,manual_preserve_v1,New_news/OFI/OFI_news.csv,c266423998389ceb59ce49715045f90b1d181f07327dbdac876a7fc9df14e53c
NEWS_CANDIDATE_063083_776c7549,OFI,Oriental Food Industries Holdings Berhad,Heineken Malaysia growth trajectory intact,The Star,2025-05-08,https://www.thestar.com.my/business/business-news/2025/05/08/heineken-malaysia-growth-trajectory-intact,3225,,,,,wrong_company,"Another target company's strong alias appears, but the row ticker's target alias does not.",No,wrong_company,none,No,No,No,No,Yes,wrong_company,1,0,d443fea1e48cb0c358412c48104b2a8ed432973b637ff9420800ed88799e0e15,"New_news_OFI_OFI_news_csv:{""row_number"": 4194}:bc6417390147",manual_preserve,manual_preserve_v1,New_news/OFI/OFI_news.csv,c266423998389ceb59ce49715045f90b1d181f07327dbdac876a7fc9df14e53c
NEWS_CANDIDATE_063094_42563b2e,OFI,Oriental Food Industries Holdings Berhad,"Trading ideas: Capital A, FGV, Malakoff, LFE, Hektar REIT, Favelle Favco, Life Water, Ivory, Masteel, Ygl, Jetson, Hartalega, Heineken, UOA REIT, Dufu",The Star,2025-05-07,https://www.thestar.com.my/business/business-news/2025/05/07/trading-ideas-capital-a-fgv-malakoff-lfe-hektar-reit-favelle-favco-life-water-ivory-masteel-ygl-jetson-hartalega-heineken-uoa-reit-dufu,2958,,,,,wrong_company,"Another target company's strong alias appears, but the row ticker's target alias does not.",No,wrong_company,none,No,No,No,No,Yes,wrong_company,1,0,8ff8dcc4f6ad2ae935b4f3c659c8b44c07e6a7c4b50e8e6b8c3b90d6856d2e45,"New_news_OFI_OFI_news_csv:{""row_number"": 4205}:6442dc0e05c2",manual_preserve,manual_preserve_v1,New_news/OFI/OFI_news.csv,c266423998389ceb59ce49715045f90b1d181f07327dbdac876a7fc9df14e53c
NEWS_CANDIDATE_063101_92b1b6b0,OFI,Oriental Food Industries Holdings Berhad,Strong ringgit – Stock winners and losers,The Star,2025-05-07,https://www.thestar.com.my/business/business-news/2025/05/07/strong-ringgit---stock-winners-and-losers,2845,,,,,wrong_company,"Another target company's strong alias appears, but the row ticker's target alias does not.",No,wrong_company,none,No,No,No,No,Yes,wrong_company,1,0,8603a9d92efb4982cd27a46c4f55ac1d97911ad37c7f1012c04634551a5c43eb,"New_news_OFI_OFI_news_csv:{""row_number"": 4212}:89172cf7286d",manual_preserve,manual_preserve_v1,New_news/OFI/OFI_news.csv,c266423998389ceb59ce49715045f90b1d181f07327dbdac876a7fc9df14e53c
NEWS_CANDIDATE_063110_0f4144b8,OFI,Oriental Food Industries Holdings Berhad,FBM KLCI slips on profit-taking; tech stocks rally,The Star,2025-05-08,https://www.thestar.com.my/business/business-news/2025/05/08/fbm-klci-slips-on-profit-taking-tech-stocks-rally,1694,,,,,wrong_company,"Another target company's strong alias appears, but the row ticker's target alias does not.",No,wrong_company,none,No,No,No,No,Yes,wrong_company,1,0,8bab87ff5fe351ffb59f3968973dc6f4984d5011d98e3b525b94a2ee94f6912f,"New_news_OFI_OFI_news_csv:{""row_number"": 4221}:75dcd94e7b4f",manual_preserve,manual_preserve_v1,New_news/OFI/OFI_news.csv,c266423998389ceb59ce49715045f90b1d181f07327dbdac876a7fc9df14e53c
NEWS_CANDIDATE_063229_d1962881,OFI,Oriental Food Industries Holdings Berhad,Strong domestic sales to bolster Nestle Malaysia,The Star,2025-04-30,https://www.thestar.com.my/business/business-news/2025/04/30/strong-domestic-sales-to-bolster-nestle-malaysia,3226,,,,,wrong_company,"Another target company's strong alias appears, but the row ticker's target alias does not.",No,wrong_company,none,No,No,No,No,Yes,wrong_company,1,0,d9b6ceea0b6a226c43f30e9aab33f55c5aee20165823b9f2458272efca6cba04,"New_news_OFI_OFI_news_csv:{""row_number"": 4340}:149135994e6d",manual_preserve,manual_preserve_v1,New_news/OFI/OFI_news.csv,c266423998389ceb59ce49715045f90b1d181f07327dbdac876a7fc9df14e53c
NEWS_CANDIDATE_063232_e5e18b14,OFI,Oriental Food Industries Holdings Berhad,F&N tax expenses spike expected to ease,The Star,2025-04-30,https://www.thestar.com.my/business/business-news/2025/04/30/fn-tax-expenses-spike-expected-to-ease,5853,,,,,wrong_company,"Another target company's strong alias appears, but the row ticker's target alias does not.",No,wrong_company,none,No,No,No,No,Yes,wrong_company,1,0,2e552b73b60fd23ba9a969e636f9c56448f7489d7f04d07b7900493a7c9bdb08,"New_news_OFI_OFI_news_csv:{""row_number"": 4343}:b484d0e97ec9",manual_preserve,manual_preserve_v1,New_news/OFI/OFI_news.csv,c266423998389ceb59ce49715045f90b1d181f07327dbdac876a7fc9df14e53c
NEWS_CANDIDATE_063272_4d2ffda8,OFI,Oriental Food Industries Holdings Berhad,Making connections through music,The Star,2025-05-02,https://www.thestar.com.my/metro/metro-news/2025/05/02/making-connections-through-music,2016,,,,,wrong_company,"Another target company's strong alias appears, but the row ticker's target alias does not.",No,wrong_company,none,No,No,No,No,Yes,wrong_company,1,0,c50dab37500c28c664112c46a270ee3dd687fbdd5b191aa6f17dab008a827a54,"New_news_OFI_OFI_news_csv:{""row_number"": 4383}:08ea08ff8ba1",manual_preserve,manual_preserve_v1,New_news/OFI/OFI_news.csv,c266423998389ceb59ce49715045f90b1d181f07327dbdac876a7fc9df14e53c
NEWS_CANDIDATE_063327_7ac40265,OFI,Oriental Food Industries Holdings Berhad,"UPS cuts 20,000 jobs, GM delays investor call as Trump's tariffs create corporate chaos",The Star,2025-04-29,https://www.thestar.com.my/news/world/2025/04/29/profit-warnings-and-uncertainty-as-trump-tariffs-send-a-chill-through-businesses,5214,,,,,wrong_company,"Another target company's strong alias appears, but the row ticker's target alias does not.",No,wrong_company,none,No,No,No,No,Yes,wrong_company,1,0,a52299c935dfbf312c059a7bdc29f6afeb336817f168b1de239d60b991493554,"New_news_OFI_OFI_news_csv:{""row_number"": 4438}:d22bc4bf6d3e",manual_preserve,manual_preserve_v1,New_news/OFI/OFI_news.csv,c266423998389ceb59ce49715045f90b1d181f07327dbdac876a7fc9df14e53c
NEWS_CANDIDATE_063390_16300864,OFI,Oriental Food Industries Holdings Berhad,Life Water targets high-capacity expansion,The Star,2025-04-16,https://www.thestar.com.my/business/business-news/2025/04/16/life-water-targets-high-capacity-expansion,2616,,,,,wrong_company,"Another target company's strong alias appears, but the row ticker's target alias does not.",No,wrong_company,none,No,No,No,No,Yes,wrong_company,1,0,23e6fe704fd4b5b2deff2f4d15bed4f5a148f056060b47038dc3bca925801f02,"New_news_OFI_OFI_news_csv:{""row_number"": 4501}:399c8d792792",manual_preserve,manual_preserve_v1,New_news/OFI/OFI_news.csv,c266423998389ceb59ce49715045f90b1d181f07327dbdac876a7fc9df14e53c
NEWS_CANDIDATE_063527_84f38a3b,OFI,Oriental Food Industries Holdings Berhad,Carlsberg Malaysia’s maiden attempt on International Financial Reporting Standards (IFRS) S2 Climate-related Disclosure,The Star,2025-04-04,https://www.thestar.com.my/news/nation/2025/04/04/carlsberg-malaysias-maiden-attempt-on-international-financial-reporting-standards-ifrs-s2-climate-related-disclosure,5019,,,,,wrong_company,"Another target company's strong alias appears, but the row ticker's target alias does not.",No,wrong_company,none,No,No,No,No,Yes,wrong_company,1,0,473a5d0cdfc13a9940a954b67f050c01f793e4b70695512ff4b4067348326fb8,"New_news_OFI_OFI_news_csv:{""row_number"": 4638}:d2e1484e3a5d",manual_preserve,manual_preserve_v1,New_news/OFI/OFI_news.csv,c266423998389ceb59ce49715045f90b1d181f07327dbdac876a7fc9df14e53c
NEWS_CANDIDATE_063758_23e1a201,OFI,Oriental Food Industries Holdings Berhad,"MSM plans Tg Langsat as sugar export hub, eyes new markets",The Star,2025-03-20,https://www.thestar.com.my/business/business-news/2025/03/20/msm-plans-tg-langsat-as-sugar-export-hub-eyes-new-markets,2116,,,,,wrong_company,"Another target company's strong alias appears, but the row ticker's target alias does not.",No,wrong_company,none,No,No,No,No,Yes,wrong_company,1,0,20c478e1e79da3108a0e7c6a5597516233420c81d1fd517c1a467a0117dd782f,"New_news_OFI_OFI_news_csv:{""row_number"": 4869}:67de739378dc",manual_preserve,manual_preserve_v1,New_news/OFI/OFI_news.csv,c266423998389ceb59ce49715045f90b1d181f07327dbdac876a7fc9df14e53c
NEWS_CANDIDATE_063780_a1214958,OFI,Oriental Food Industries Holdings Berhad,"Trading ideas: MRCB, Sapura Energy, Solarvest, Focus Point, Envitech, Rohas Tecnic, Jentayu, Catcha, HHRG, DLMI, AmREIT, Poh Huat",The Star,2025-03-19,https://www.thestar.com.my/business/business-news/2025/03/19/trading-ideas-mrcb-sapura-energy-solarvest-focus-point-envitech-rohas-tecnic-jentayu-catcha-hhrg-dlmi-amreit-poh-huat,2420,,,,,wrong_company,"Another target company's strong alias appears, but the row ticker's target alias does not.",No,wrong_company,none,No,No,No,No,Yes,wrong_company,0,0,051ae0a02426c9be70ee86daa5079a2007033f65931a17ee6353267997a9912a,"New_news_OFI_OFI_news_csv:{""row_number"": 4891}:86106107d6d5",manual_preserve,manual_preserve_v1,New_news/OFI/OFI_news.csv,c266423998389ceb59ce49715045f90b1d181f07327dbdac876a7fc9df14e53c
NEWS_CANDIDATE_063825_16894973,OFI,Oriental Food Industries Holdings Berhad,"Congo conflict shutters Heineken brewery, cripples economy",The Star,2025-03-20,https://www.thestar.com.my/news/world/2025/03/20/congo-conflict-shutters-heineken-brewery-cripples-economy,4309,,,,,wrong_company,"Another target company's strong alias appears, but the row ticker's target alias does not.",No,wrong_company,none,No,No,No,No,Yes,wrong_company,0,0,5d4225b4ce93ad219c80ca4a776993d58816e21cf52a9386bd7e84acdf2066d1,"New_news_OFI_OFI_news_csv:{""row_number"": 4936}:0b1113d58e8c",manual_preserve,manual_preserve_v1,New_news/OFI/OFI_news.csv,c266423998389ceb59ce49715045f90b1d181f07327dbdac876a7fc9df14e53c
NEWS_CANDIDATE_063857_ab96a1fd,OFI,Oriental Food Industries Holdings Berhad,SupportLine,The Star,2025-03-14,https://www.thestar.com.my/business/business-news/2025/03/14/supportline,1780,,,,,wrong_company,"Another target company's strong alias appears, but the row ticker's target alias does not.",No,wrong_company,none,No,No,No,No,Yes,wrong_company,0,0,9f13d98d0dacf1d7d46933d21c2aa7810c466ce1cd3f6fb540ad81007da4fb61,"New_news_OFI_OFI_news_csv:{""row_number"": 4968}:d8d1253cef93",manual_preserve,manual_preserve_v1,New_news/OFI/OFI_news.csv,c266423998389ceb59ce49715045f90b1d181f07327dbdac876a7fc9df14e53c
NEWS_CANDIDATE_063869_d5a6ffc4,OFI,Oriental Food Industries Holdings Berhad,Earnings for Power Root set to recover next year,The Star,2025-03-13,https://www.thestar.com.my/business/business-news/2025/03/13/earnings-for-power-root-set-to-recover-next-year,1357,,,,,wrong_company,"Another target company's strong alias appears, but the row ticker's target alias does not.",No,wrong_company,none,No,No,No,No,Yes,wrong_company,1,0,651da0f4bea42de1068589e74009a67097a1e7723142e85d44282e7942076255,"New_news_OFI_OFI_news_csv:{""row_number"": 4980}:57fe947b1ec7",manual_preserve,manual_preserve_v1,New_news/OFI/OFI_news.csv,c266423998389ceb59ce49715045f90b1d181f07327dbdac876a7fc9df14e53c
NEWS_CANDIDATE_063895_a84e4ba5,OFI,Oriental Food Industries Holdings Berhad,"FBM KLCI ends higher for second day, but heads for 2.3% weekly decline",The Star,2025-03-14,https://www.thestar.com.my/business/business-news/2025/03/14/fbm-klci-ends-higher-for-second-day-but-heads-for-23-weekly-decline,1707,,,,,wrong_company,"Another target company's strong alias appears, but the row ticker's target alias does not.",No,wrong_company,none,No,No,No,No,Yes,wrong_company,1,0,f4594690b481b69e252b7e385cdb635f73b7376c11cd50edccf9ca9f8e2a2cf2,"New_news_OFI_OFI_news_csv:{""row_number"": 5006}:d403f0275bab",manual_preserve,manual_preserve_v1,New_news/OFI/OFI_news.csv,c266423998389ceb59ce49715045f90b1d181f07327dbdac876a7fc9df14e53c
NEWS_CANDIDATE_063960_f70a9064,OFI,Oriental Food Industries Holdings Berhad,"Trading ideas: PPB, CIMB, SunCon, OB, Cape EMS, Capital A, Kerjaya Prospek Property, Hibiscus, Vizione, KJTS, Aeon, Magni-Tech",The Star,2025-03-06,https://www.thestar.com.my/business/business-news/2025/03/06/trading-ideas-ppb-cimb-suncon-ob-cape-ems-capital-a-kerjaya-prospek-property-hibiscus-vizione-kjts-aeon-magni-tech,2416,,,,,wrong_company,"Another target company's strong alias appears, but the row ticker's target alias does not.",No,wrong_company,none,No,No,No,No,Yes,wrong_company,1,0,a76854b32a9f41a2cc7260c604a99da1397141b15b1c6c93646341acf2c7111e,"New_news_OFI_OFI_news_csv:{""row_number"": 5071}:010cba1853e2",manual_preserve,manual_preserve_v1,New_news/OFI/OFI_news.csv,c266423998389ceb59ce49715045f90b1d181f07327dbdac876a7fc9df14e53c
NEWS_CANDIDATE_063971_e9abb40b,OFI,Oriental Food Industries Holdings Berhad,PPB Group expects sound performance in 2025,The Star,2025-03-06,https://www.thestar.com.my/business/business-news/2025/03/06/ppb-group-expects-sound-performance-in-2025,1850,,,,,wrong_company,"Another target company's strong alias appears, but the row ticker's target alias does not.",No,wrong_company,none,No,No,No,No,Yes,wrong_company,1,0,d9e2bf45622fdb79d1f99250dfaed299424deac5d6fb80c784684116d32785b4,"New_news_OFI_OFI_news_csv:{""row_number"": 5082}:1e0277e77027",manual_preserve,manual_preserve_v1,New_news/OFI/OFI_news.csv,c266423998389ceb59ce49715045f90b1d181f07327dbdac876a7fc9df14e53c
NEWS_CANDIDATE_063976_b7ec14ec,OFI,Oriental Food Industries Holdings Berhad,PPB Group expects core business to continue delivering satisfactory performance in 2025,The Star,2025-03-05,https://www.thestar.com.my/business/business-news/2025/03/05/ppb-group-expects-core-business-to-continue-delivering-satisfactory-performance-in-2025,2168,,,,,wrong_company,"Another target company's strong alias appears, but the row ticker's target alias does not.",No,wrong_company,none,No,No,No,No,Yes,wrong_company,1,0,4fd07dc7657ddd71533bc6aecba707e3b055af1586015d75211c112bdf98ff29,"New_news_OFI_OFI_news_csv:{""row_number"": 5087}:2f39c945a7a3",manual_preserve,manual_preserve_v1,New_news/OFI/OFI_news.csv,c266423998389ceb59ce49715045f90b1d181f07327dbdac876a7fc9df14e53c
NEWS_CANDIDATE_064057_bc5b38c4,OFI,Oriental Food Industries Holdings Berhad,Farm Fresh stays on growth path with strong sales and expansion plans,The Star,2025-02-28,https://www.thestar.com.my/business/business-news/2025/02/28/farm-fresh-stays-on-growth-path-with-strong-sales-and-expansion-plans,1937,,,,,wrong_company,"Another target company's strong alias appears, but the row ticker's target alias does not.",No,wrong_company,none,No,No,No,No,Yes,wrong_company,0,0,de5df4a61dff86914f09f2eea38e8fece472c33f35839d04491a0e504efa268f,"New_news_OFI_OFI_news_csv:{""row_number"": 5168}:544e16f05b4f",manual_preserve,manual_preserve_v1,New_news/OFI/OFI_news.csv,c266423998389ceb59ce49715045f90b1d181f07327dbdac876a7fc9df14e53c
NEWS_CANDIDATE_064088_b847c15f,OFI,Oriental Food Industries Holdings Berhad,FBM KLCI slips as investors lock in profits,The Star,2025-02-27,https://www.thestar.com.my/business/business-news/2025/02/27/fbm-klci-slips-as-investors-lock-in-profits,1539,,,,,wrong_company,"Another target company's strong alias appears, but the row ticker's target alias does not.",No,wrong_company,none,No,No,No,No,Yes,wrong_company,1,0,5d2ba0bb6e7ca4729c8971623d8550e733dd4a513190cbd16e6a4bb7900f9709,"New_news_OFI_OFI_news_csv:{""row_number"": 5199}:758a2488d291",manual_preserve,manual_preserve_v1,New_news/OFI/OFI_news.csv,c266423998389ceb59ce49715045f90b1d181f07327dbdac876a7fc9df14e53c
NEWS_CANDIDATE_064109_d177365f,OFI,Oriental Food Industries Holdings Berhad,Solid poultry demand to bolster LHI’s performance,The Star,2025-02-27,https://www.thestar.com.my/business/business-news/2025/02/27/solid-poultry-demand-to-bolster-lhis-performance,2356,,,,,wrong_company,"Another target company's strong alias appears, but the row ticker's target alias does not.",No,wrong_company,none,No,No,No,No,Yes,wrong_company,1,0,0abaeb0f0d8ecc7115418fc85575d64b48abe24268a126d591b91c705cf3f984,"New_news_OFI_OFI_news_csv:{""row_number"": 5220}:05f811985716",manual_preserve,manual_preserve_v1,New_news/OFI/OFI_news.csv,c266423998389ceb59ce49715045f90b1d181f07327dbdac876a7fc9df14e53c
NEWS_CANDIDATE_064259_c10381fb,OFI,Oriental Food Industries Holdings Berhad,Dutch Lady reports 35% profit rise in 4Q24,The Star,2025-02-20,https://www.thestar.com.my/business/business-news/2025/02/20/dutch-lady-reports-35-profit-rise-in-4q24,2434,,,,,wrong_company,"Another target company's strong alias appears, but the row ticker's target alias does not.",No,wrong_company,none,No,No,No,No,Yes,wrong_company,1,0,7f6dbd8a1961c6b14401a00c4dba7131adf226ca3902ec15ea988decf67ac95d,"New_news_OFI_OFI_news_csv:{""row_number"": 5370}:87652eb52156",manual_preserve,manual_preserve_v1,New_news/OFI/OFI_news.csv,c266423998389ceb59ce49715045f90b1d181f07327dbdac876a7fc9df14e53c
NEWS_CANDIDATE_064388_caac0dfd,OFI,Oriental Food Industries Holdings Berhad,"Disposable income, tourism a boon for Heineken",The Star,2025-02-14,https://www.thestar.com.my/business/business-news/2025/02/14/disposable-income-tourism-a-boon-for-heineken,3140,,,,,wrong_company,"Another target company's strong alias appears, but the row ticker's target alias does not.",No,wrong_company,none,No,No,No,No,Yes,wrong_company,1,0,8eb889bb6c411f5d806ae87434aeb7eddd56d74fc2fddb97640e4b4aeaf4ea7e,"New_news_OFI_OFI_news_csv:{""row_number"": 5499}:13851f6ce853",manual_preserve,manual_preserve_v1,New_news/OFI/OFI_news.csv,c266423998389ceb59ce49715045f90b1d181f07327dbdac876a7fc9df14e53c
NEWS_CANDIDATE_064394_bad54fba,OFI,Oriental Food Industries Holdings Berhad,Robust economy to boost Carlsberg sales,The Star,2025-02-14,https://www.thestar.com.my/business/business-news/2025/02/14/robust-economy-to-boost-carlsberg-sales,2824,,,,,wrong_company,"Another target company's strong alias appears, but the row ticker's target alias does not.",No,wrong_company,none,No,No,No,No,Yes,wrong_company,1,0,5e8067bb6bfec35927769b47dd5d94fd3eb1cced1b9a5f3aa17bf9568b4eeceb,"New_news_OFI_OFI_news_csv:{""row_number"": 5505}:d52a11bd803f",manual_preserve,manual_preserve_v1,New_news/OFI/OFI_news.csv,c266423998389ceb59ce49715045f90b1d181f07327dbdac876a7fc9df14e53c
NEWS_CANDIDATE_064398_6822511b,OFI,Oriental Food Industries Holdings Berhad,"Bursa Malaysia slips amid US tariff threats, inflation risk",The Star,2025-02-13,https://www.thestar.com.my/business/business-news/2025/02/13/bursa-malaysia-slips-amid-us-tariff-threats-inflation-risk,1192,,,,,wrong_company,"Another target company's strong alias appears, but the row ticker's target alias does not.",No,wrong_company,none,No,No,No,No,Yes,wrong_company,1,0,19c02868b1f89a1a208ad2d73e49b4d792b71ce0c67202e338ff7cb57f865350,"New_news_OFI_OFI_news_csv:{""row_number"": 5509}:1cff38d0da19",manual_preserve,manual_preserve_v1,New_news/OFI/OFI_news.csv,c266423998389ceb59ce49715045f90b1d181f07327dbdac876a7fc9df14e53c
NEWS_CANDIDATE_064401_1040d431,OFI,Oriental Food Industries Holdings Berhad,Blue chips rally expected to continue after short breather,The Star,2025-02-13,https://www.thestar.com.my/business/business-news/2025/02/13/blue-chips-rally-expected-to-continue-after-short-breather,1449,,,,,wrong_company,"Another target company's strong alias appears, but the row ticker's target alias does not.",No,wrong_company,none,No,No,No,No,Yes,wrong_company,1,0,068873daf4b011a4ee4958a821b521303f665d64176393112c6358732bad11ed,"New_news_OFI_OFI_news_csv:{""row_number"": 5512}:a5597903e9c5",manual_preserve,manual_preserve_v1,New_news/OFI/OFI_news.csv,c266423998389ceb59ce49715045f90b1d181f07327dbdac876a7fc9df14e53c
NEWS_CANDIDATE_064402_2c73e478,OFI,Oriental Food Industries Holdings Berhad,"Trading ideas: MAHB, Binastra, Privasia, Capital A, IJM, Mah Sing, MPI, Cape EMS, KGW, Steel Hawk, Pavilion REIT, Carlsberg, Heineken",The Star,2025-02-13,https://www.thestar.com.my/business/business-news/2025/02/13/trading-ideas-mahb-binastra-privasia-capital-a-ijm-mah-sing-mpi-cape-ems-kgw-steel-hawk-pavilion-reit-carlsberg-heineken,2289,,,,,wrong_company,"Another target company's strong alias appears, but the row ticker's target alias does not.",No,wrong_company,none,No,No,No,No,Yes,wrong_company,1,0,5355d6d431b8fec8ca3a076d81df6125022403e6e2161a25ce288b16de7b24ef,"New_news_OFI_OFI_news_csv:{""row_number"": 5513}:9feeb0782f83",manual_preserve,manual_preserve_v1,New_news/OFI/OFI_news.csv,c266423998389ceb59ce49715045f90b1d181f07327dbdac876a7fc9df14e53c
NEWS_CANDIDATE_064412_e1597cc9,OFI,Oriental Food Industries Holdings Berhad,Carlsberg Malaysia declares record dividend,The Star,2025-02-13,https://www.thestar.com.my/business/business-news/2025/02/13/carlsberg-malaysia-declares-record-dividend,3294,,,,,wrong_company,"Another target company's strong alias appears, but the row ticker's target alias does not.",No,wrong_company,none,No,No,No,No,Yes,wrong_company,1,0,be8a47cdadbbf2f55a2e7b0878409b56228baa5ec15240b9669393889ed86cdc,"New_news_OFI_OFI_news_csv:{""row_number"": 5523}:0e99d82915cd",manual_preserve,manual_preserve_v1,New_news/OFI/OFI_news.csv,c266423998389ceb59ce49715045f90b1d181f07327dbdac876a7fc9df14e53c
NEWS_CANDIDATE_064413_9ad732ea,OFI,Oriental Food Industries Holdings Berhad,Heineken Malaysia 4Q earnings at new high,The Star,2025-02-13,https://www.thestar.com.my/business/business-news/2025/02/13/heineken-malaysia-4q-earnings-at-new-high,4254,,,,,wrong_company,"Another target company's strong alias appears, but the row ticker's target alias does not.",No,wrong_company,none,No,No,No,No,Yes,wrong_company,1,0,111535b995ac4e705003cd3d2d0e0e27f731a8bad4deb44a8468fa0c77ade5a9,"New_news_OFI_OFI_news_csv:{""row_number"": 5524}:f10d8ddad9c8",manual_preserve,manual_preserve_v1,New_news/OFI/OFI_news.csv,c266423998389ceb59ce49715045f90b1d181f07327dbdac876a7fc9df14e53c
NEWS_CANDIDATE_064416_b3fe4c17,OFI,Oriental Food Industries Holdings Berhad,"Heineken’s net profit jumps 42% to RM140.8mil in 4Q, declares 115 sen dividend",The Star,2025-02-12,https://www.thestar.com.my/business/business-news/2025/02/12/heinekens-net-profit-jumps-42-to-rm1408mil-in-4q-declares-115-sen-dividend,1592,,,,,wrong_company,"Another target company's strong alias appears, but the row ticker's target alias does not.",No,wrong_company,none,No,No,No,No,Yes,wrong_company,0,0,bd3e7df0f4841db1a9dffc09a108f53df269f4b939c3f155c509f7170332d5b8,"New_news_OFI_OFI_news_csv:{""row_number"": 5527}:4cbd7348352b",manual_preserve,manual_preserve_v1,New_news/OFI/OFI_news.csv,c266423998389ceb59ce49715045f90b1d181f07327dbdac876a7fc9df14e53c
NEWS_CANDIDATE_064417_0e28ac43,OFI,Oriental Food Industries Holdings Berhad,"Carlsberg’s 4Q net profit rises to RM78.8mil, declares 35 sen dividend",The Star,2025-02-12,https://www.thestar.com.my/business/business-news/2025/02/12/carlsbergs-4q-net-profit-rises-to-rm788mil-declares-35-sen-dividend,2822,,,,,wrong_company,"Another target company's strong alias appears, but the row ticker's target alias does not.",No,wrong_company,none,No,No,No,No,Yes,wrong_company,0,0,be512341f36d90e2a5d89be43ffa838170b31a67525e812ccd00e07405402f82,"New_news_OFI_OFI_news_csv:{""row_number"": 5528}:0f36d25568f5",manual_preserve,manual_preserve_v1,New_news/OFI/OFI_news.csv,c266423998389ceb59ce49715045f90b1d181f07327dbdac876a7fc9df14e53c
NEWS_CANDIDATE_064423_d561a43f,OFI,Oriental Food Industries Holdings Berhad,Wilmar’s latest acquisition to bolster earnings,The Star,2025-02-12,https://www.thestar.com.my/business/business-news/2025/02/12/wilmars-latest-acquisition-to-bolster-earnings,3569,,,,,wrong_company,"Another target company's strong alias appears, but the row ticker's target alias does not.",No,wrong_company,none,No,No,No,No,Yes,wrong_company,1,0,8d84f9d6bc03f60d52cd4cf9a16fa2f229daf435c3ed219b05df2e13c1f578a3,"New_news_OFI_OFI_news_csv:{""row_number"": 5534}:774cd7998b61",manual_preserve,manual_preserve_v1,New_news/OFI/OFI_news.csv,c266423998389ceb59ce49715045f90b1d181f07327dbdac876a7fc9df14e53c
NEWS_CANDIDATE_064519_1b821359,OFI,Oriental Food Industries Holdings Berhad,Beer maker Carlsberg reports profit growth at top end of guided range,The Star,2025-02-06,https://www.thestar.com.my/business/business-news/2025/02/06/beer-maker-carlsberg-reports-profit-growth-at-top-end-of-guided-range,1209,,,,,wrong_company,"Another target company's strong alias appears, but the row ticker's target alias does not.",No,wrong_company,none,No,No,No,No,Yes,wrong_company,0,0,ece187f911b7de3c2fc3cf1a1a72deb1abff4519e986753112a8b77a994f831d,"New_news_OFI_OFI_news_csv:{""row_number"": 5630}:002a60948365",manual_preserve,manual_preserve_v1,New_news/OFI/OFI_news.csv,c266423998389ceb59ce49715045f90b1d181f07327dbdac876a7fc9df14e53c
NEWS_CANDIDATE_064755_aa0e226b,OFI,Oriental Food Industries Holdings Berhad,"Trading ideas: Sunway, Sime Darby Property, Jentayu, Solar, TechStore, CLMT, Sentral, AME, Gadang, Hua Yang, Aneka",The Star,2025-01-23,https://www.thestar.com.my/business/business-news/2025/01/23/trading-ideas-sunway-sime-darby-property-jentayu-solar-techstore-clmt-sentral-ame-gadang-hua-yang-aneka,2405,,,,,wrong_company,"Another target company's strong alias appears, but the row ticker's target alias does not.",No,wrong_company,none,No,No,No,No,Yes,wrong_company,1,0,5a41b67290bd87f014bd4bc52926cf9ab5127a1e697bd59f4da60f294d34bdb1,"New_news_OFI_OFI_news_csv:{""row_number"": 5866}:4d8407dcbd76",manual_preserve,manual_preserve_v1,New_news/OFI/OFI_news.csv,c266423998389ceb59ce49715045f90b1d181f07327dbdac876a7fc9df14e53c
NEWS_CANDIDATE_064763_583a8634,OFI,Oriental Food Industries Holdings Berhad,Rising inflation to hit consumer sentiment,The Star,2025-01-23,https://www.thestar.com.my/business/business-news/2025/01/23/rising-inflation-to-hit-consumer-sentiment,1895,,,,,wrong_company,"Another target company's strong alias appears, but the row ticker's target alias does not.",No,wrong_company,none,No,No,No,No,Yes,wrong_company,1,0,57041112a02d0fef02753d1f4397cdf468c755d626ba25d30619c496242ab6e6,"New_news_OFI_OFI_news_csv:{""row_number"": 5874}:14bbab83e2ac",manual_preserve,manual_preserve_v1,New_news/OFI/OFI_news.csv,c266423998389ceb59ce49715045f90b1d181f07327dbdac876a7fc9df14e53c
NEWS_CANDIDATE_064779_a9b0f31d,OFI,Oriental Food Industries Holdings Berhad,Bursa Malaysia ends week in the red despite trimming losses,The Star,2025-01-24,https://www.thestar.com.my/business/business-news/2025/01/24/bursa-malaysia-ends-week-in-the-red-despite-trimming-losses,1596,,,,,wrong_company,"Another target company's strong alias appears, but the row ticker's target alias does not.",No,wrong_company,none,No,No,No,No,Yes,wrong_company,1,0,c72791152150bec0335e340e23b778f8d7e90bf4901a539c4f6c08ba95d6bdd7,"New_news_OFI_OFI_news_csv:{""row_number"": 5890}:e70957e2a921",manual_preserve,manual_preserve_v1,New_news/OFI/OFI_news.csv,c266423998389ceb59ce49715045f90b1d181f07327dbdac876a7fc9df14e53c
NEWS_CANDIDATE_064789_188901d9,OFI,Oriental Food Industries Holdings Berhad,Bursa Malaysia snaps winning streak; Oriental Kopi soars 98.86%,The Star,2025-01-23,https://www.thestar.com.my/business/business-news/2025/01/23/bursa-malaysia-snaps-winning-streak-oriental-kopi-soars-9886,1579,,,,,wrong_company,"Another target company's strong alias appears, but the row ticker's target alias does not.",No,wrong_company,none,No,No,No,No,Yes,wrong_company,1,0,28af73376c1db29c609ecde32a5130efd9373b900b89c5cafa52065b07dbb230,"New_news_OFI_OFI_news_csv:{""row_number"": 5900}:b5a8147e893a",manual_preserve,manual_preserve_v1,New_news/OFI/OFI_news.csv,c266423998389ceb59ce49715045f90b1d181f07327dbdac876a7fc9df14e53c
NEWS_CANDIDATE_064864_79c2f05c,OFI,Oriental Food Industries Holdings Berhad,F&N well-capitalised to manage rising costs,The Star,2025-01-16,https://www.thestar.com.my/business/business-news/2025/01/16/fn-well-capitalised-to-manage-rising-costs,2410,,,,,wrong_company,"Another target company's strong alias appears, but the row ticker's target alias does not.",No,wrong_company,none,No,No,No,No,Yes,wrong_company,1,0,76e1c250be4fc22ed9eb49dba7337573043f4153cea9a881c3d1f11fd92165cc,"New_news_OFI_OFI_news_csv:{""row_number"": 5975}:11bd3e060f96",manual_preserve,manual_preserve_v1,New_news/OFI/OFI_news.csv,c266423998389ceb59ce49715045f90b1d181f07327dbdac876a7fc9df14e53c
NEWS_CANDIDATE_064873_5f4e7098,OFI,Oriental Food Industries Holdings Berhad,"F&N well-capitalised to manage rising energy and wage costs, says CEO",The Star,2025-01-15,https://www.thestar.com.my/business/business-news/2025/01/15/fn-well-capitalised-to-manage-rising-energy-and-wage-costs-says-ceo,2511,,,,,wrong_company,"Another target company's strong alias appears, but the row ticker's target alias does not.",No,wrong_company,none,No,No,No,No,Yes,wrong_company,1,0,5c8c764072fa1df282108cb228eb348bcb8bca09a80a566095298cfb141acc81,"New_news_OFI_OFI_news_csv:{""row_number"": 5984}:093b4a1dedc7",manual_preserve,manual_preserve_v1,New_news/OFI/OFI_news.csv,c266423998389ceb59ce49715045f90b1d181f07327dbdac876a7fc9df14e53c
NEWS_CANDIDATE_064877_c69efa25,OFI,Oriental Food Industries Holdings Berhad,"Trading ideas: Yinson, Mah Sing, YTL Power, Kawan, Theta, Target I, AYS, Atlan, Sunway Property, CapitaLand, Oriental Kopi",The Star,2025-01-15,https://www.thestar.com.my/business/business-news/2025/01/15/trading-ideas-yinson-mah-sing-ytl-power-kawan-theta-target-i-ays-atlan-sunway-property-capitaland-oriental-kopi,2070,,,,,wrong_company,"Another target company's strong alias appears, but the row ticker's target alias does not.",No,wrong_company,none,No,No,No,No,Yes,wrong_company,1,0,606ec9dd9ed20c63ab519b4faa182e56778a56e8a1a587c220986d36c1e7e73b,"New_news_OFI_OFI_news_csv:{""row_number"": 5988}:5faab0b190a5",manual_preserve,manual_preserve_v1,New_news/OFI/OFI_news.csv,c266423998389ceb59ce49715045f90b1d181f07327dbdac876a7fc9df14e53c
NEWS_CANDIDATE_064969_3b68e317,OFI,Oriental Food Industries Holdings Berhad,Bursa Malaysia tumbles as over 800 stocks end in the red,The Star,2025-01-08,https://www.thestar.com.my/business/business-news/2025/01/08/bursa-malaysia-tumbles-as-over-800-stocks-end-in-the-red,1509,,,,,wrong_company,"Another target company's strong alias appears, but the row ticker's target alias does not.",No,wrong_company,none,No,No,No,No,Yes,wrong_company,1,0,0b82dba014f2717129ba866b712542c71bbcdf80d2298e29aeb73fbe8b3901a9,"New_news_OFI_OFI_news_csv:{""row_number"": 6080}:df3b4279bd85",manual_preserve,manual_preserve_v1,New_news/OFI/OFI_news.csv,c266423998389ceb59ce49715045f90b1d181f07327dbdac876a7fc9df14e53c
NEWS_CANDIDATE_065140_fac98aee,OFI,Oriental Food Industries Holdings Berhad,BREWERY TRANSFORMATION A MULTI-PRONGED STRATEGY,The Star,2024-12-27,https://www.thestar.com.my/business/business-news/2024/12/27/brewery-transformation-a-multi-pronged-strategy,5682,,,,,wrong_company,"Another target company's strong alias appears, but the row ticker's target alias does not.",No,wrong_company,none,No,No,No,No,Yes,wrong_company,1,0,4e9dea13d70559b29b2891af94defa7fcb28bd503dc59a82607aae2205246837,"New_news_OFI_OFI_news_csv:{""row_number"": 6251}:82f201ca964b",manual_preserve,manual_preserve_v1,New_news/OFI/OFI_news.csv,c266423998389ceb59ce49715045f90b1d181f07327dbdac876a7fc9df14e53c
NEWS_CANDIDATE_065274_daf811dc,OFI,Oriental Food Industries Holdings Berhad,FBM KLCI opens lower; Carlo Rino debuts as most active stock,The Star,2024-12-18,https://www.thestar.com.my/business/business-news/2024/12/18/fbm-klci-opens-lower-carlo-rino-debuts-as-most-active-stock,2260,,,,,wrong_company,"Another target company's strong alias appears, but the row ticker's target alias does not.",No,wrong_company,none,No,No,No,No,Yes,wrong_company,1,0,8eb424fcb35736bcd6c9eddd7fbb227a3a236456f69ca7da07bac32c73404362,"New_news_OFI_OFI_news_csv:{""row_number"": 6385}:f5eb2095fc73",manual_preserve,manual_preserve_v1,New_news/OFI/OFI_news.csv,c266423998389ceb59ce49715045f90b1d181f07327dbdac876a7fc9df14e53c
NEWS_CANDIDATE_065278_adf3a006,OFI,Oriental Food Industries Holdings Berhad,Rising incomes to drive demand for staple goods,The Star,2024-12-18,https://www.thestar.com.my/business/business-news/2024/12/18/rising-incomes-to-drive-demand-for-staple-goods,3090,,,,,wrong_company,"Another target company's strong alias appears, but the row ticker's target alias does not.",No,wrong_company,none,No,No,No,No,Yes,wrong_company,1,0,762abbee93f546c8076a511f022766d4539a8e0aeb5c1ba3bf3398c3e1561778,"New_news_OFI_OFI_news_csv:{""row_number"": 6389}:0f56301b8ecb",manual_preserve,manual_preserve_v1,New_news/OFI/OFI_news.csv,c266423998389ceb59ce49715045f90b1d181f07327dbdac876a7fc9df14e53c
NEWS_CANDIDATE_065381_1918891b,OFI,Oriental Food Industries Holdings Berhad,"FBM KLCI slips towards 1,600 as US inflation jitters spill over",The Star,2024-12-11,https://www.thestar.com.my/business/business-news/2024/12/11/fbm-klci-slips-towards-1600-as-us-inflation-jitters-spill-over,1518,,,,,wrong_company,"Another target company's strong alias appears, but the row ticker's target alias does not.",No,wrong_company,none,No,No,No,No,Yes,wrong_company,1,0,73499e09be11df2b04994f93f5ca68c9c60516455971dbbacf2b28de61a4ceca,"New_news_OFI_OFI_news_csv:{""row_number"": 6492}:64597980dcd8",manual_preserve,manual_preserve_v1,New_news/OFI/OFI_news.csv,c266423998389ceb59ce49715045f90b1d181f07327dbdac876a7fc9df14e53c
NEWS_CANDIDATE_065384_f4b447ae,OFI,Oriental Food Industries Holdings Berhad,"Trading ideas: Gamuda, SkyWorld, PGF, FGV, Mega First, JHM, MN, OCK, Sunview, Power Root, SNS",The Star,2024-12-11,https://www.thestar.com.my/business/business-news/2024/12/11/trading-ideas-gamuda-skyworld-pgf-fgv-mega-first-jhm-mn-ock-sunview-power-root-sns,2343,,,,,wrong_company,"Another target company's strong alias appears, but the row ticker's target alias does not.",No,wrong_company,none,No,No,No,No,Yes,wrong_company,1,0,11f7996f05839defeb7e9b6ae5f08518694f4368f8c602d5d58feb11a6593073,"New_news_OFI_OFI_news_csv:{""row_number"": 6495}:16fb0939fbad",manual_preserve,manual_preserve_v1,New_news/OFI/OFI_news.csv,c266423998389ceb59ce49715045f90b1d181f07327dbdac876a7fc9df14e53c
NEWS_CANDIDATE_065501_4fa4876f,OFI,Oriental Food Industries Holdings Berhad,Higher production capacity to buoy Spritzer showing,The Star,2024-12-04,https://www.thestar.com.my/business/business-news/2024/12/04/higher-production-capacity-to-buoy-spritzer-showing,2228,,,,,wrong_company,"Another target company's strong alias appears, but the row ticker's target alias does not.",No,wrong_company,none,No,No,No,No,Yes,wrong_company,1,0,c057bd747a9e1b3194b58b921649253601de7c592c21cabe889239648917395c,"New_news_OFI_OFI_news_csv:{""row_number"": 6612}:d693532bffa7",manual_preserve,manual_preserve_v1,New_news/OFI/OFI_news.csv,c266423998389ceb59ce49715045f90b1d181f07327dbdac876a7fc9df14e53c
NEWS_CANDIDATE_065601_29fff74e,OFI,Oriental Food Industries Holdings Berhad,PPB's 3Q net profit falls to RM208.12mil,The Star,2024-11-28,https://www.thestar.com.my/business/business-news/2024/11/28/ppb039s-3q-net-profit-falls-to-rm20812mil,1516,,,,,wrong_company,"Another target company's strong alias appears, but the row ticker's target alias does not.",No,wrong_company,none,No,No,No,No,Yes,wrong_company,1,0,4050db7b4bba04a25319c8bf2bb79eaa09a754bd473cad98ca54793184749b85,"New_news_OFI_OFI_news_csv:{""row_number"": 6712}:96116b4d4372",manual_preserve,manual_preserve_v1,New_news/OFI/OFI_news.csv,c266423998389ceb59ce49715045f90b1d181f07327dbdac876a7fc9df14e53c
NEWS_CANDIDATE_065605_5251f881,OFI,Oriental Food Industries Holdings Berhad,Farm Fresh 2Q net profit surges to RM26.2mil,The Star,2024-11-28,https://www.thestar.com.my/business/business-news/2024/11/28/farm-fresh-2q-net-profit-surges-to-rm262mil,2311,,,,,wrong_company,"Another target company's strong alias appears, but the row ticker's target alias does not.",No,wrong_company,none,No,No,No,No,Yes,wrong_company,1,0,3d24e43930739ebfdcd7e5f93aff85ea9ee864192b18f511b9716038275c571a,"New_news_OFI_OFI_news_csv:{""row_number"": 6716}:08c3f88ea95a",manual_preserve,manual_preserve_v1,New_news/OFI/OFI_news.csv,c266423998389ceb59ce49715045f90b1d181f07327dbdac876a7fc9df14e53c
NEWS_CANDIDATE_065647_d591f1d0,OFI,Oriental Food Industries Holdings Berhad,"Trading ideas: IJM, Maxland, Winstar, RichTech, Maybank, Sunway, IOI, YTL, KLK, MAHB, TM, Greatech, LHI, Pharmaniaga, WCT",The Star,2024-11-27,https://www.thestar.com.my/business/business-news/2024/11/27/trading-ideas-ijm-maxland-winstar-richtech-maybank-sunway-ioi-ytl-klk-mahb-tm-greatech-lhi-pharmaniaga-wct,3028,,,,,wrong_company,"Another target company's strong alias appears, but the row ticker's target alias does not.",No,wrong_company,none,No,No,No,No,Yes,wrong_company,1,0,c7f8f51e4912a40d24374ac54641a62588c11bfaff756f86e47dfc57f6c35917,"New_news_OFI_OFI_news_csv:{""row_number"": 6758}:ef51fb277bdd",manual_preserve,manual_preserve_v1,New_news/OFI/OFI_news.csv,c266423998389ceb59ce49715045f90b1d181f07327dbdac876a7fc9df14e53c
NEWS_CANDIDATE_065744_ae971865,OFI,Oriental Food Industries Holdings Berhad,Carlsberg Malaysia accelerates growth with RM343mil brewery transformation,The Star,2024-11-14,https://www.thestar.com.my/news/nation/2024/11/14/carlsberg-malaysia-accelerates-growth-with-rm343mil-brewery-transformation,4568,,,,,wrong_company,"Another target company's strong alias appears, but the row ticker's target alias does not.",No,wrong_company,none,No,No,No,No,Yes,wrong_company,0,0,8c4bd926d49ffa69b7bf4ec6e295dccb5b7c529881abf33da98e06125c7e118e,"New_news_OFI_OFI_news_csv:{""row_number"": 6855}:2503d23cc527",manual_preserve,manual_preserve_v1,New_news/OFI/OFI_news.csv,c266423998389ceb59ce49715045f90b1d181f07327dbdac876a7fc9df14e53c
NEWS_CANDIDATE_065780_2d1054d7,OFI,Oriental Food Industries Holdings Berhad,Spritzer’s sparkling potential undervalued by market,The Star,2024-11-14,https://www.thestar.com.my/business/business-news/2024/11/14/spritzers-sparkling-potential-undervalued-by-market,2654,,,,,wrong_company,"Another target company's strong alias appears, but the row ticker's target alias does not.",No,wrong_company,none,No,No,No,No,Yes,wrong_company,1,0,feeb8c96d7376d602125bc4d7a4801de5a4195e8988cd0a85a17c436629445d5,"New_news_OFI_OFI_news_csv:{""row_number"": 6891}:dbeb81ad9851",manual_preserve,manual_preserve_v1,New_news/OFI/OFI_news.csv,c266423998389ceb59ce49715045f90b1d181f07327dbdac876a7fc9df14e53c
NEWS_CANDIDATE_065781_159a478b,OFI,Oriental Food Industries Holdings Berhad,Heineken to tap into stout consumer demand,The Star,2024-11-14,https://www.thestar.com.my/business/business-news/2024/11/14/heineken-to-tap-into-stout-consumer-demand,2593,,,,,wrong_company,"Another target company's strong alias appears, but the row ticker's target alias does not.",No,wrong_company,none,No,No,No,No,Yes,wrong_company,1,0,dfe580db48b5db764f0c9c36cd2fa40ea045b0b00555a7ea8f2ae04f90e3c865,"New_news_OFI_OFI_news_csv:{""row_number"": 6892}:a29927f6520a",manual_preserve,manual_preserve_v1,New_news/OFI/OFI_news.csv,c266423998389ceb59ce49715045f90b1d181f07327dbdac876a7fc9df14e53c
NEWS_CANDIDATE_065794_04353f89,OFI,Oriental Food Industries Holdings Berhad,"Trading ideas: Maybank, Capital A, Sapura Energy, Paragon, Atlan, Fajarbaru, Tiong Nam, T7, Carimin, Jati Tinggi, MCE, Heineken",The Star,2024-11-13,https://www.thestar.com.my/business/business-news/2024/11/13/trading-ideas-maybank-capital-a-sapura-energy-paragon-atlan-fajarbaru-tiong-nam-t7-carimin-jati-tinggi-mce-heineken,3272,,,,,wrong_company,"Another target company's strong alias appears, but the row ticker's target alias does not.",No,wrong_company,none,No,No,No,No,Yes,wrong_company,1,0,554a37a3229602e12180a07b499a5479a6c34b1eb1ba989a7a10f34f0b4f70eb,"New_news_OFI_OFI_news_csv:{""row_number"": 6905}:b907b36ef3c4",manual_preserve,manual_preserve_v1,New_news/OFI/OFI_news.csv,c266423998389ceb59ce49715045f90b1d181f07327dbdac876a7fc9df14e53c
NEWS_CANDIDATE_065881_406974e9,OFI,Oriental Food Industries Holdings Berhad,"Carlsberg posts 19.8% profit growth in 3Q, declares 23 sen dividend",The Star,2024-11-08,https://www.thestar.com.my/business/business-news/2024/11/08/carlsberg-posts-198-profit-growth-in-3q-declares-23-sen-dividend,2686,,,,,wrong_company,"Another target company's strong alias appears, but the row ticker's target alias does not.",No,wrong_company,none,No,No,No,No,Yes,wrong_company,0,0,61572c9e38ccf6d78423f5b34455cfa7b1d73ac27f10ebd815f1efe9f989ff8b,"New_news_OFI_OFI_news_csv:{""row_number"": 6992}:c4764bdb1af4",manual_preserve,manual_preserve_v1,New_news/OFI/OFI_news.csv,c266423998389ceb59ce49715045f90b1d181f07327dbdac876a7fc9df14e53c
NEWS_CANDIDATE_065921_2d4d109d,OFI,Oriental Food Industries Holdings Berhad,"Trading ideas: IOI, Gagasan Nadi, Xin Hwa, T7, TCS, Aneka, HE, Ann Joo, Aimflex, F&N",The Star,2024-11-06,https://www.thestar.com.my/business/business-news/2024/11/06/trading-ideas-ioi-gagasan-nadi-xin-hwa-t7-tcs-aneka-he-ann-joo-aimflex-fn,2010,,,,,wrong_company,"Another target company's strong alias appears, but the row ticker's target alias does not.",No,wrong_company,none,No,No,No,No,Yes,wrong_company,1,0,3f50266b91b4af2d79a0fdab9cbdaae5b42f566d41e161930feb0b90252e3448,"New_news_OFI_OFI_news_csv:{""row_number"": 7032}:58233513acb3",manual_preserve,manual_preserve_v1,New_news/OFI/OFI_news.csv,c266423998389ceb59ce49715045f90b1d181f07327dbdac876a7fc9df14e53c
NEWS_CANDIDATE_065928_f82c359c,OFI,Oriental Food Industries Holdings Berhad,"FBM KLCI gains in early trade, tracking Wall Street rally after Fed rate cut",The Star,2024-11-08,https://www.thestar.com.my/business/business-news/2024/11/08/fbm-klci-gains-in-early-trade-tracking-wall-street-rally-after-fed-rate-cut,2164,,,,,wrong_company,"Another target company's strong alias appears, but the row ticker's target alias does not.",No,wrong_company,none,No,No,No,No,Yes,wrong_company,1,0,0b5ff653fb3e55359a8efceefcb9d616109c5ab82fc42d3440435bb2e5a6acb3,"New_news_OFI_OFI_news_csv:{""row_number"": 7039}:96949cc2d4c6",manual_preserve,manual_preserve_v1,New_news/OFI/OFI_news.csv,c266423998389ceb59ce49715045f90b1d181f07327dbdac876a7fc9df14e53c
NEWS_CANDIDATE_065930_ab2b9d13,OFI,Oriental Food Industries Holdings Berhad,Bursa Malaysia snaps 4-day winning streak,The Star,2024-11-07,https://www.thestar.com.my/business/business-news/2024/11/07/bursa-malaysia-snaps-4-day-winning-streak,1376,,,,,wrong_company,"Another target company's strong alias appears, but the row ticker's target alias does not.",No,wrong_company,none,No,No,No,No,Yes,wrong_company,1,0,2cca7124bb9f2dbff1760ae40667093669331f3ac82ab5f60ee6bd96b0630b55,"New_news_OFI_OFI_news_csv:{""row_number"": 7041}:9bc5e05591bc",manual_preserve,manual_preserve_v1,New_news/OFI/OFI_news.csv,c266423998389ceb59ce49715045f90b1d181f07327dbdac876a7fc9df14e53c
NEWS_CANDIDATE_065932_9fe0851c,OFI,Oriental Food Industries Holdings Berhad,"FBM KLCI opens higher, then slides on profit-taking",The Star,2024-11-07,https://www.thestar.com.my/business/business-news/2024/11/07/fbm-klci-opens-higher-then-slides-on-profit-taking,2768,,,,,wrong_company,"Another target company's strong alias appears, but the row ticker's target alias does not.",No,wrong_company,none,No,No,No,No,Yes,wrong_company,1,0,3847e2caf56569b7eec1d294391fae0b3820141b7f8f441ac752fef1c236bb2c,"New_news_OFI_OFI_news_csv:{""row_number"": 7043}:f5d596468a3d",manual_preserve,manual_preserve_v1,New_news/OFI/OFI_news.csv,c266423998389ceb59ce49715045f90b1d181f07327dbdac876a7fc9df14e53c
NEWS_CANDIDATE_066024_20496d1f,OFI,Oriental Food Industries Holdings Berhad,Farm Fresh’s strong branding drives robust growth,The Star,2024-10-30,https://www.thestar.com.my/business/business-news/2024/10/30/farm-freshs-strong-branding-drives-robust-growth,3080,,,,,wrong_company,"Another target company's strong alias appears, but the row ticker's target alias does not.",No,wrong_company,none,No,No,No,No,Yes,wrong_company,1,0,b64f62aec86e6294e690556fa1eb66b352b6692f16cba3dc97440c9968ff744d,"New_news_OFI_OFI_news_csv:{""row_number"": 7135}:faa73feba144",manual_preserve,manual_preserve_v1,New_news/OFI/OFI_news.csv,c266423998389ceb59ce49715045f90b1d181f07327dbdac876a7fc9df14e53c
NEWS_CANDIDATE_066147_52cde6c9,OFI,Oriental Food Industries Holdings Berhad,Nestle records turnover of RM4.75bil in 9M24,The Star,2024-10-25,https://www.thestar.com.my/business/business-news/2024/10/25/nestle-records-turnover-of-rm475bil-in-9m24,1727,,,,,wrong_company,"Another target company's strong alias appears, but the row ticker's target alias does not.",No,wrong_company,none,No,No,No,No,Yes,wrong_company,1,0,8befdb7491f3770d5abe705cd6c94556276e55add34223ffa321b961a18e0202,"New_news_OFI_OFI_news_csv:{""row_number"": 7258}:3a40755bac66",manual_preserve,manual_preserve_v1,New_news/OFI/OFI_news.csv,c266423998389ceb59ce49715045f90b1d181f07327dbdac876a7fc9df14e53c
NEWS_CANDIDATE_066268_abd469c6,OFI,Oriental Food Industries Holdings Berhad,Price control removal to benefit poultry players,The Star,2024-10-18,https://www.thestar.com.my/business/business-news/2024/10/18/price-control-removal-to-benefit-poultry-players,2691,,,,,wrong_company,"Another target company's strong alias appears, but the row ticker's target alias does not.",No,wrong_company,none,No,No,No,No,Yes,wrong_company,1,0,98d9283578b4c26f48308e13ce54bcbd34c64aa27c7c3bfbcc2a1af50295cd34,"New_news_OFI_OFI_news_csv:{""row_number"": 7379}:30dc3bc8b78e",manual_preserve,manual_preserve_v1,New_news/OFI/OFI_news.csv,c266423998389ceb59ce49715045f90b1d181f07327dbdac876a7fc9df14e53c
NEWS_CANDIDATE_066499_3d24ac04,OFI,Oriental Food Industries Holdings Berhad,"Bursa Malaysia lower in early trade, tracking weak Wall Street",The Star,2024-10-04,https://www.thestar.com.my/business/business-news/2024/10/04/bursa-malaysia-lower-in-early-trade-tracking-weak-wall-street,2491,,,,,wrong_company,"Another target company's strong alias appears, but the row ticker's target alias does not.",No,wrong_company,none,No,No,No,No,Yes,wrong_company,1,0,66f36dba019831674e300c711dbd1a3ffc22c982e40d12fca0cd3a4760f3329a,"New_news_OFI_OFI_news_csv:{""row_number"": 7610}:4954cf37997e",manual_preserve,manual_preserve_v1,New_news/OFI/OFI_news.csv,c266423998389ceb59ce49715045f90b1d181f07327dbdac876a7fc9df14e53c
NEWS_CANDIDATE_066589_9527091f,OFI,Oriental Food Industries Holdings Berhad,Ringgit’s rise is good news for the FBM KLCI,The Star,2024-09-26,https://www.thestar.com.my/business/business-news/2024/09/26/ringgits-rise-is-good-news-for-the-fbm-klci,3820,,,,,wrong_company,"Another target company's strong alias appears, but the row ticker's target alias does not.",No,wrong_company,none,No,No,No,No,Yes,wrong_company,1,0,ec9009a63752960bd6b6dcf57b522f95b58faee99bed11e81f1c8d2965c81c6e,"New_news_OFI_OFI_news_csv:{""row_number"": 7700}:31fafd822628",manual_preserve,manual_preserve_v1,New_news/OFI/OFI_news.csv,c266423998389ceb59ce49715045f90b1d181f07327dbdac876a7fc9df14e53c
NEWS_CANDIDATE_066590_92743231,OFI,Oriental Food Industries Holdings Berhad,Constellation of catalysts boosting consumer stocks,The Star,2024-09-26,https://www.thestar.com.my/business/business-news/2024/09/26/constellation-of-catalysts-boosting-consumer-stocks,3092,,,,,wrong_company,"Another target company's strong alias appears, but the row ticker's target alias does not.",No,wrong_company,none,No,No,No,No,Yes,wrong_company,1,0,0019fa8c7220964fa0fb92c5c37421a4927c13bbe7f37ae27ed42efd8298bed5,"New_news_OFI_OFI_news_csv:{""row_number"": 7701}:e021234a5421",manual_preserve,manual_preserve_v1,New_news/OFI/OFI_news.csv,c266423998389ceb59ce49715045f90b1d181f07327dbdac876a7fc9df14e53c
NEWS_CANDIDATE_066602_4ce56dea,OFI,Oriental Food Industries Holdings Berhad,Stronger ringgit will lead to upsides for laggards,The Star,2024-09-25,https://www.thestar.com.my/business/business-news/2024/09/25/stronger-ringgit-will-lead-to-upsides-for-laggards,3558,,,,,wrong_company,"Another target company's strong alias appears, but the row ticker's target alias does not.",No,wrong_company,none,No,No,No,No,Yes,wrong_company,1,0,2402566001a9631c960d0fd98a6f5bb615657cffff6e55a15ba085375f68d9ee,"New_news_OFI_OFI_news_csv:{""row_number"": 7713}:6b0b5cda76a0",manual_preserve,manual_preserve_v1,New_news/OFI/OFI_news.csv,c266423998389ceb59ce49715045f90b1d181f07327dbdac876a7fc9df14e53c
NEWS_CANDIDATE_066721_0bf059db,OFI,Oriental Food Industries Holdings Berhad,Bursa Malaysia retreats as investors choose caution ahead of US rate decision,The Star,2024-09-18,https://www.thestar.com.my/business/business-news/2024/09/18/bursa-malaysia-retreats-as-investors-choose-caution-ahead-of-us-rate-decision,1356,,,,,wrong_company,"Another target company's strong alias appears, but the row ticker's target alias does not.",No,wrong_company,none,No,No,No,No,Yes,wrong_company,1,0,6905e0d2d38ede34ff56b3858ac21059ff6509f49e61a0c75677b93fe0be1896,"New_news_OFI_OFI_news_csv:{""row_number"": 7832}:af49d8d5aeb3",manual_preserve,manual_preserve_v1,New_news/OFI/OFI_news.csv,c266423998389ceb59ce49715045f90b1d181f07327dbdac876a7fc9df14e53c
NEWS_CANDIDATE_066787_8353167d,OFI,Oriental Food Industries Holdings Berhad,Transforming HR ecosystem with AI and data-driven decision-making,The Star,2024-09-13,https://www.thestar.com.my/news/nation/2024/09/13/transforming-hr-ecosystem-with-ai-and-data-driven-decision-making,2821,,,,,wrong_company,"Another target company's strong alias appears, but the row ticker's target alias does not.",No,wrong_company,none,No,No,No,No,Yes,wrong_company,1,0,fe4ba9dd17207ccc1c856b8fd84c288dac0187e54cdf1e7b907fa76f251e086e,"New_news_OFI_OFI_news_csv:{""row_number"": 7898}:38ce8a809fb0",manual_preserve,manual_preserve_v1,New_news/OFI/OFI_news.csv,c266423998389ceb59ce49715045f90b1d181f07327dbdac876a7fc9df14e53c
NEWS_CANDIDATE_066885_b07607f1,OFI,Oriental Food Industries Holdings Berhad,Carlsberg growth intact,The Star,2024-09-06,https://www.thestar.com.my/business/business-news/2024/09/06/carlsberg-growth-intact,2118,,,,,wrong_company,"Another target company's strong alias appears, but the row ticker's target alias does not.",No,wrong_company,none,No,No,No,No,Yes,wrong_company,1,0,7fdb29405ee64534e1126d1b26b404b594f3093bd8241f5e974de7a5f2a6af16,"New_news_OFI_OFI_news_csv:{""row_number"": 7996}:1768e43c0b1b",manual_preserve,manual_preserve_v1,New_news/OFI/OFI_news.csv,c266423998389ceb59ce49715045f90b1d181f07327dbdac876a7fc9df14e53c
NEWS_CANDIDATE_066887_caa6aaa6,OFI,Oriental Food Industries Holdings Berhad,Better prospects for plantation companies in 2H24,The Star,2024-09-06,https://www.thestar.com.my/business/business-news/2024/09/06/better-prospects-for-plantation-companies-in-2h24,3368,,,,,wrong_company,"Another target company's strong alias appears, but the row ticker's target alias does not.",No,wrong_company,none,No,No,No,No,Yes,wrong_company,1,0,4484a08adf750adbafa8e9db80b9a0e641977532121d8afa07f7ca6371cffc3a,"New_news_OFI_OFI_news_csv:{""row_number"": 7998}:855f722aca01",manual_preserve,manual_preserve_v1,New_news/OFI/OFI_news.csv,c266423998389ceb59ce49715045f90b1d181f07327dbdac876a7fc9df14e53c
NEWS_CANDIDATE_066889_02cdc157,OFI,Oriental Food Industries Holdings Berhad,PPB expects uptick in consumer product ops,The Star,2024-09-06,https://www.thestar.com.my/business/business-news/2024/09/06/ppb-expects-uptick-in-consumer-product-ops,3127,,,,,wrong_company,"Another target company's strong alias appears, but the row ticker's target alias does not.",No,wrong_company,none,No,No,No,No,Yes,wrong_company,1,0,8413a0072cd1433942b5496d857f54dc772853a8103206ca862171e13eb842ad,"New_news_OFI_OFI_news_csv:{""row_number"": 8000}:8caebf4f4692",manual_preserve,manual_preserve_v1,New_news/OFI/OFI_news.csv,c266423998389ceb59ce49715045f90b1d181f07327dbdac876a7fc9df14e53c
NEWS_CANDIDATE_066895_4872f1a6,OFI,Oriental Food Industries Holdings Berhad,"PPB Group expects stronger ringgit to reduce raw material cost, spur consumer spending",The Star,2024-09-05,https://www.thestar.com.my/business/business-news/2024/09/05/ppb-group-expects-stronger-ringgit-to-reduce-raw-material-cost-spur-consumer-spending,2893,,,,,wrong_company,"Another target company's strong alias appears, but the row ticker's target alias does not.",No,wrong_company,none,No,No,No,No,Yes,wrong_company,1,0,3031147ebdd32b4d98a78e5cabc63618c43cbff0da481204a3557b214b54b610,"New_news_OFI_OFI_news_csv:{""row_number"": 8006}:08b00f1c1e3c",manual_preserve,manual_preserve_v1,New_news/OFI/OFI_news.csv,c266423998389ceb59ce49715045f90b1d181f07327dbdac876a7fc9df14e53c
NEWS_CANDIDATE_066900_52df2efc,OFI,Oriental Food Industries Holdings Berhad,Higher yearly earnings for plantation companies,The Star,2024-09-05,https://www.thestar.com.my/business/business-news/2024/09/05/higher-yearly-earnings-for-plantation-companies,4384,,,,,wrong_company,"Another target company's strong alias appears, but the row ticker's target alias does not.",No,wrong_company,none,No,No,No,No,Yes,wrong_company,1,0,3e475b59ccb758eb061cfe99780bcfbf3e333432279fa3f883c84fb10556b770,"New_news_OFI_OFI_news_csv:{""row_number"": 8011}:72b78bf4568b",manual_preserve,manual_preserve_v1,New_news/OFI/OFI_news.csv,c266423998389ceb59ce49715045f90b1d181f07327dbdac876a7fc9df14e53c
NEWS_CANDIDATE_066910_79f50d6d,OFI,Oriental Food Industries Holdings Berhad,Bursa Malaysia dives sharply into the red after Wall St plunge,The Star,2024-09-04,https://www.thestar.com.my/business/business-news/2024/09/04/bursa-malaysia-dives-sharply-into-the-red-after-wall-st-plunge,1547,,,,,wrong_company,"Another target company's strong alias appears, but the row ticker's target alias does not.",No,wrong_company,none,No,No,No,No,Yes,wrong_company,1,0,b628eebb8c5d31dd5063ffcf57946721c8b7b0b4cb098ed15e57d5ea1c31c5d0,"New_news_OFI_OFI_news_csv:{""row_number"": 8021}:045aa20ba460",manual_preserve,manual_preserve_v1,New_news/OFI/OFI_news.csv,c266423998389ceb59ce49715045f90b1d181f07327dbdac876a7fc9df14e53c
NEWS_CANDIDATE_066911_d7a3782e,OFI,Oriental Food Industries Holdings Berhad,"Trading ideas: Cypark, Power Root, Solarvest, Alpha IVF, AWC, Wellcall, MMHE, Euro, Sorento, OB, Magni-Tech",The Star,2024-09-04,https://www.thestar.com.my/business/business-news/2024/09/04/trading-ideas-cypark-power-root-solarvest-alpha-ivf-awc-wellcall-mmhe-euro-sorento-ob-magni-tech,2384,,,,,wrong_company,"Another target company's strong alias appears, but the row ticker's target alias does not.",No,wrong_company,none,No,No,No,No,Yes,wrong_company,1,0,159460b2637ff77b5592f490662878532ea8de43225ab3f5780c082fb15788b6,"New_news_OFI_OFI_news_csv:{""row_number"": 8022}:46999bebcc94",manual_preserve,manual_preserve_v1,New_news/OFI/OFI_news.csv,c266423998389ceb59ce49715045f90b1d181f07327dbdac876a7fc9df14e53c
NEWS_CANDIDATE_066937_79e2cb51,OFI,Oriental Food Industries Holdings Berhad,Local grad honoured for leading green initiatives,The Star,2024-09-05,https://www.thestar.com.my/metro/metro-news/2024/09/05/local-grad-honoured-for-leading-green-initiatives,2647,,,,,wrong_company,"Another target company's strong alias appears, but the row ticker's target alias does not.",No,wrong_company,none,No,No,No,No,Yes,wrong_company,1,0,a47f91ddce6e81103ad0dda564c455538e3111b4c78a9f65feec5dc353b3ef96,"New_news_OFI_OFI_news_csv:{""row_number"": 8048}:99b7f5f4ad00",manual_preserve,manual_preserve_v1,New_news/OFI/OFI_news.csv,c266423998389ceb59ce49715045f90b1d181f07327dbdac876a7fc9df14e53c
NEWS_CANDIDATE_067004_964d65ba,OFI,Oriental Food Industries Holdings Berhad,"Trading ideas: Axiata, KIP REIT, Binastra, AmanahRaya REIT, 99 Speed Mart, TNB, Press Metal, IHH, PPB, Genting, GenM, Velesto, Hong Leong",The Star,2024-08-30,https://www.thestar.com.my/business/business-news/2024/08/30/trading-ideas-axiata-kip-reit-binastra-amanahraya-reit-99-speed-mart-tnb-press-metal-ihh-ppb-genting-genm-velesto-hong-leong,2844,,,,,wrong_company,"Another target company's strong alias appears, but the row ticker's target alias does not.",No,wrong_company,none,No,No,No,No,Yes,wrong_company,1,0,d83851448eb4a7bda365748f205e6f8b23e9b10e6aec88e491692ab60270b916,"New_news_OFI_OFI_news_csv:{""row_number"": 8115}:85a7767ce2ec",manual_preserve,manual_preserve_v1,New_news/OFI/OFI_news.csv,c266423998389ceb59ce49715045f90b1d181f07327dbdac876a7fc9df14e53c
NEWS_CANDIDATE_067015_5e012ea2,OFI,Oriental Food Industries Holdings Berhad,PPB Group quarterly earnings higher at RM309mil,The Star,2024-08-30,https://www.thestar.com.my/business/business-news/2024/08/30/ppb-group-quarterly-earnings-higher-at-rm309mil,995,,,,,wrong_company,"Another target company's strong alias appears, but the row ticker's target alias does not.",No,wrong_company,none,No,No,No,No,Yes,wrong_company,1,0,7e8ac16d7737839a05a3b5edf52ff681b623c3ec9bfac1e15ec20038f15df038,"New_news_OFI_OFI_news_csv:{""row_number"": 8126}:90fb69044816",manual_preserve,manual_preserve_v1,New_news/OFI/OFI_news.csv,c266423998389ceb59ce49715045f90b1d181f07327dbdac876a7fc9df14e53c
NEWS_CANDIDATE_067029_4a7cec15,OFI,Oriental Food Industries Holdings Berhad,PPB Group 2Q net profit higher at RM308.919mil,The Star,2024-08-29,https://www.thestar.com.my/business/business-news/2024/08/29/ppb-group-2q-net-profit-higher-at-rm308919mil,1092,,,,,wrong_company,"Another target company's strong alias appears, but the row ticker's target alias does not.",No,wrong_company,none,No,No,No,No,Yes,wrong_company,1,0,afea6a89c6be690ddbce44bb684e74c1959cf2406a3ee8acda7a10d34712ae19,"New_news_OFI_OFI_news_csv:{""row_number"": 8140}:d7e48874841e",manual_preserve,manual_preserve_v1,New_news/OFI/OFI_news.csv,c266423998389ceb59ce49715045f90b1d181f07327dbdac876a7fc9df14e53c
NEWS_CANDIDATE_067045_e62241cb,OFI,Oriental Food Industries Holdings Berhad,Growing product line-up augurs well for Farm Fresh,The Star,2024-08-29,https://www.thestar.com.my/business/business-news/2024/08/29/growing-product-line-up--augurs-well-for-farm-fresh,2813,,,,,wrong_company,"Another target company's strong alias appears, but the row ticker's target alias does not.",No,wrong_company,none,No,No,No,No,Yes,wrong_company,1,0,77d7d55a62102e315b40d3f73cbd88b92e8a7dd7129e24a5a6bee2b00a827c5f,"New_news_OFI_OFI_news_csv:{""row_number"": 8156}:208aeac51af4",manual_preserve,manual_preserve_v1,New_news/OFI/OFI_news.csv,c266423998389ceb59ce49715045f90b1d181f07327dbdac876a7fc9df14e53c
NEWS_CANDIDATE_067054_52b49129,OFI,Oriental Food Industries Holdings Berhad,FGV on track for a better 2H on rising production,The Star,2024-08-29,https://www.thestar.com.my/business/business-news/2024/08/29/fgv-on-track-for-a-better-2h-on-rising-production,2485,,,,,wrong_company,"Another target company's strong alias appears, but the row ticker's target alias does not.",No,wrong_company,none,No,No,No,No,Yes,wrong_company,1,0,5f64fe993aa4599e8924175418c1fa2fe0017baf309d017827a0981a4cd540ff,"New_news_OFI_OFI_news_csv:{""row_number"": 8165}:d929de97925e",manual_preserve,manual_preserve_v1,New_news/OFI/OFI_news.csv,c266423998389ceb59ce49715045f90b1d181f07327dbdac876a7fc9df14e53c
NEWS_CANDIDATE_067083_afd13f94,OFI,Oriental Food Industries Holdings Berhad,Farm Fresh's 1Q net profit rises fourfold to RM26mil,The Star,2024-08-28,https://www.thestar.com.my/business/business-news/2024/08/28/farm-fresh039s-1q-net-profit-rises-threefold-to-rm26mil,1409,,,,,wrong_company,"Another target company's strong alias appears, but the row ticker's target alias does not.",No,wrong_company,none,No,No,No,No,Yes,wrong_company,0,0,a86bf8b10673a56b9f984e9d8d974974c03a607c3c8f7e6187ad2aa548c9d618,"New_news_OFI_OFI_news_csv:{""row_number"": 8194}:56c95592d731",manual_preserve,manual_preserve_v1,New_news/OFI/OFI_news.csv,c266423998389ceb59ce49715045f90b1d181f07327dbdac876a7fc9df14e53c
NEWS_CANDIDATE_067186_c14e8277,OFI,Oriental Food Industries Holdings Berhad,"Trading ideas: Aeon Credit Service, Capital A, Kerjaya, PTT Synergy, Pan Malaysia, Hextar Retail, Sime Property, SunCon",The Star,2024-08-23,https://www.thestar.com.my/business/business-news/2024/08/23/trading-ideas-aeon-credit-service-capital-a-kerjaya-ptt-synergy-pan-malaysia-hextar-retail-sime-property-suncon,3234,,,,,wrong_company,"Another target company's strong alias appears, but the row ticker's target alias does not.",No,wrong_company,none,No,No,No,No,Yes,wrong_company,1,0,e2918ff8bd4168fe3d0ad20cd070f02788c6303881a3af633d7c27106932a61e,"New_news_OFI_OFI_news_csv:{""row_number"": 8297}:78789398a9f4",manual_preserve,manual_preserve_v1,New_news/OFI/OFI_news.csv,c266423998389ceb59ce49715045f90b1d181f07327dbdac876a7fc9df14e53c
NEWS_CANDIDATE_067191_f054a133,OFI,Oriental Food Industries Holdings Berhad,MSM to strengthen domestic sales,The Star,2024-08-23,https://www.thestar.com.my/business/business-news/2024/08/23/msm-to-strengthen-domestic-sales,1716,,,,,wrong_company,"Another target company's strong alias appears, but the row ticker's target alias does not.",No,wrong_company,none,No,No,No,No,Yes,wrong_company,1,0,f842accfc7fbb78410c89c7aaaa12df0f3fa483d14372b58a934add2d1440d52,"New_news_OFI_OFI_news_csv:{""row_number"": 8302}:d216fc1d7af4",manual_preserve,manual_preserve_v1,New_news/OFI/OFI_news.csv,c266423998389ceb59ce49715045f90b1d181f07327dbdac876a7fc9df14e53c
NEWS_CANDIDATE_067212_8d32df06,OFI,Oriental Food Industries Holdings Berhad,MSM posts bigger loss in 2Q,The Star,2024-08-22,https://www.thestar.com.my/business/business-news/2024/08/22/msm-posts-bigger-loss-in-2q,1676,,,,,wrong_company,"Another target company's strong alias appears, but the row ticker's target alias does not.",No,wrong_company,none,No,No,No,No,Yes,wrong_company,1,0,27f6adc12a76c6b160957372eb8d9e7c3d0d0f217fdf98e5880e5253ccd565ba,"New_news_OFI_OFI_news_csv:{""row_number"": 8323}:80bd024aa731",manual_preserve,manual_preserve_v1,New_news/OFI/OFI_news.csv,c266423998389ceb59ce49715045f90b1d181f07327dbdac876a7fc9df14e53c
NEWS_CANDIDATE_067220_efa1c7f5,OFI,Oriental Food Industries Holdings Berhad,Equities rally on as Fed minutes affirm rate cut assumptions,The Star,2024-08-22,https://www.thestar.com.my/business/business-news/2024/08/22/equities-rally-on-as-fed-minutes-affirm-rate-cut-assumptions,2039,,,,,wrong_company,"Another target company's strong alias appears, but the row ticker's target alias does not.",No,wrong_company,none,No,No,No,No,Yes,wrong_company,0,0,6d2cb87f73f3e391081c51027128d6fca061c8e91a59ac411911c3266fe1939b,"New_news_OFI_OFI_news_csv:{""row_number"": 8331}:11e6d0331b7e",manual_preserve,manual_preserve_v1,New_news/OFI/OFI_news.csv,c266423998389ceb59ce49715045f90b1d181f07327dbdac876a7fc9df14e53c
NEWS_CANDIDATE_067222_09717738,OFI,Oriental Food Industries Holdings Berhad,"Trading ideas: TNB, SD Guthrie, Tuju Setia, Glomac, Powerwell, YXPM, YTL, Maxis, YTL Power, SD Guthrie, LPI, Pos, Dutch Lady, Amway, Apex Healthcare, Pharmaniaga, MMHE",The Star,2024-08-22,https://www.thestar.com.my/business/business-news/2024/08/22/trading-ideas-tnb-sd-guthrie-tuju-setia-glomac-powerwell-yxpm-ytl-maxis-ytl-power-sd-guthrie-lpi-pos-dutch-lady-amway-apex-healthcare-pharmaniaga-mmhe,3082,,,,,wrong_company,"Another target company's strong alias appears, but the row ticker's target alias does not.",No,wrong_company,none,No,No,No,No,Yes,wrong_company,1,0,59ff778666c4f878574104d4b1d2b6b464f6642a31b0b544e298a30f523213b3,"New_news_OFI_OFI_news_csv:{""row_number"": 8333}:164774fcd105",manual_preserve,manual_preserve_v1,New_news/OFI/OFI_news.csv,c266423998389ceb59ce49715045f90b1d181f07327dbdac876a7fc9df14e53c
NEWS_CANDIDATE_067232_32343851,OFI,Oriental Food Industries Holdings Berhad,Kawan benefitting from strong foreign demand,The Star,2024-08-22,https://www.thestar.com.my/business/business-news/2024/08/22/kawan-benefitting-from-strong-foreign-demand,2311,,,,,wrong_company,"Another target company's strong alias appears, but the row ticker's target alias does not.",No,wrong_company,none,No,No,No,No,Yes,wrong_company,1,0,b84fc8774d8958e5f3d265ba3bc8648cb4e9a9f16b6d7c9705768d14802f4f89,"New_news_OFI_OFI_news_csv:{""row_number"": 8343}:60afdc0b29d4",manual_preserve,manual_preserve_v1,New_news/OFI/OFI_news.csv,c266423998389ceb59ce49715045f90b1d181f07327dbdac876a7fc9df14e53c
NEWS_CANDIDATE_067252_5f843766,OFI,Oriental Food Industries Holdings Berhad,Dutch Lady remains optimistic amid 2H24 challenges,The Star,2024-08-21,https://www.thestar.com.my/business/business-news/2024/08/21/dutch-lady-remains-optimistic-amid-2h24-challenges,1995,,,,,wrong_company,"Another target company's strong alias appears, but the row ticker's target alias does not.",No,wrong_company,none,No,No,No,No,Yes,wrong_company,0,0,d0d719daa664b00da193305f400899b5ebd91abb49910c9d5bf4a2415ff8a3dc,"New_news_OFI_OFI_news_csv:{""row_number"": 8363}:aeb9dcf06032",manual_preserve,manual_preserve_v1,New_news/OFI/OFI_news.csv,c266423998389ceb59ce49715045f90b1d181f07327dbdac876a7fc9df14e53c
NEWS_CANDIDATE_067260_a4881b40,OFI,Oriental Food Industries Holdings Berhad,Bursa Malaysia ends in the red with 888 counters lower,The Star,2024-08-23,https://www.thestar.com.my/business/business-news/2024/08/23/bursa-malaysia-ends-in-the-red-with-888-counters-lower,1774,,,,,wrong_company,"Another target company's strong alias appears, but the row ticker's target alias does not.",No,wrong_company,none,No,No,No,No,Yes,wrong_company,1,0,db16a8ba5b6e382cb97e5d5e25a6aab0a3725bd73a500954f0ac6c4d85f6bf0d,"New_news_OFI_OFI_news_csv:{""row_number"": 8371}:48afbb13e00f",manual_preserve,manual_preserve_v1,New_news/OFI/OFI_news.csv,c266423998389ceb59ce49715045f90b1d181f07327dbdac876a7fc9df14e53c
NEWS_CANDIDATE_067345_092aed80,OFI,Oriental Food Industries Holdings Berhad,Cautious sentiment prevails on local bourse,The Star,2024-08-16,https://www.thestar.com.my/business/business-news/2024/08/16/cautious-sentiment-prevails-on-local-bourse,3931,,,,,wrong_company,"Another target company's strong alias appears, but the row ticker's target alias does not.",No,wrong_company,none,No,No,No,No,Yes,wrong_company,1,0,e6274ddb5c8b9cc3349a41a6203d3f9026d5754e318f8001af8949c70d629b48,"New_news_OFI_OFI_news_csv:{""row_number"": 8456}:57b359a2b5e8",manual_preserve,manual_preserve_v1,New_news/OFI/OFI_news.csv,c266423998389ceb59ce49715045f90b1d181f07327dbdac876a7fc9df14e53c
NEWS_CANDIDATE_067373_4d3c7818,OFI,Oriental Food Industries Holdings Berhad,Softer earnings likely for PPB Group in 1H24,The Star,2024-08-15,https://www.thestar.com.my/business/business-news/2024/08/15/softer-earnings-likely-for-ppb-group-in-1h24,3306,,,,,wrong_company,"Another target company's strong alias appears, but the row ticker's target alias does not.",No,wrong_company,none,No,No,No,No,Yes,wrong_company,1,0,b1e5d68d1d5d55541cf8b85e3ac03235794fa6cc3a4699fcb36205e431117b24,"New_news_OFI_OFI_news_csv:{""row_number"": 8484}:8a1f727ccc5d",manual_preserve,manual_preserve_v1,New_news/OFI/OFI_news.csv,c266423998389ceb59ce49715045f90b1d181f07327dbdac876a7fc9df14e53c
NEWS_CANDIDATE_067474_6a99e301,OFI,Oriental Food Industries Holdings Berhad,Heineken forecast to sustain robust performance,The Star,2024-08-09,https://www.thestar.com.my/business/business-news/2024/08/09/heineken-forecast-to-sustain-robust-performance,2663,,,,,wrong_company,"Another target company's strong alias appears, but the row ticker's target alias does not.",No,wrong_company,none,No,No,No,No,Yes,wrong_company,1,0,2d50362f89142a4a6920c62d6c96a709f95a4d75ac0fa546c864cd50a58bab50,"New_news_OFI_OFI_news_csv:{""row_number"": 8585}:2bb85351e111",manual_preserve,manual_preserve_v1,New_news/OFI/OFI_news.csv,c266423998389ceb59ce49715045f90b1d181f07327dbdac876a7fc9df14e53c
NEWS_CANDIDATE_067480_158344d7,OFI,Oriental Food Industries Holdings Berhad,Heineken Malaysia's prospects remain robust,The Star,2024-08-08,https://www.thestar.com.my/business/business-news/2024/08/08/heineken-malaysia039s-prospects-remain-robust,2445,,,,,wrong_company,"Another target company's strong alias appears, but the row ticker's target alias does not.",No,wrong_company,none,No,No,No,No,Yes,wrong_company,0,0,593c588be3403fc51d0196db6157c4c85b5f55027d65faeace6c8f9396cbbb82,"New_news_OFI_OFI_news_csv:{""row_number"": 8591}:e20257df3d57",manual_preserve,manual_preserve_v1,New_news/OFI/OFI_news.csv,c266423998389ceb59ce49715045f90b1d181f07327dbdac876a7fc9df14e53c
NEWS_CANDIDATE_067481_fe81d907,OFI,Oriental Food Industries Holdings Berhad,"FBM KLCI slides on Thursday, tracking overnight Wall Street losses",The Star,2024-08-08,https://www.thestar.com.my/business/business-news/2024/08/08/fbm-klci-slides-on-thursday-tracking-overnight-wall-street-losses,2223,,,,,wrong_company,"Another target company's strong alias appears, but the row ticker's target alias does not.",No,wrong_company,none,No,No,No,No,Yes,wrong_company,1,0,e2019114a3f4420b918fe2cf7515f3e016abc93238f26ef4044f152eb41f4601,"New_news_OFI_OFI_news_csv:{""row_number"": 8592}:d105b0060d22",manual_preserve,manual_preserve_v1,New_news/OFI/OFI_news.csv,c266423998389ceb59ce49715045f90b1d181f07327dbdac876a7fc9df14e53c
NEWS_CANDIDATE_067482_38dc5292,OFI,Oriental Food Industries Holdings Berhad,"Trading ideas: Uzma, Willowglen, Cape EMS, Heineken Malaysia, Hup Seng, Sentral REIT, Kawan Renergy",The Star,2024-08-08,https://www.thestar.com.my/business/business-news/2024/08/08/trading-ideas-uzma-willowglen-cape-ems-heineken-malaysia-hup-seng-sentral-reit-kawan-renergy,2283,,,,,wrong_company,"Another target company's strong alias appears, but the row ticker's target alias does not.",No,wrong_company,none,No,No,No,No,Yes,wrong_company,1,0,7bed670a23aed4f6a1b59e8cb328ac948df0b05754c0a894c8522584ef6e7e1c,"New_news_OFI_OFI_news_csv:{""row_number"": 8593}:dcf3bb280567",manual_preserve,manual_preserve_v1,New_news/OFI/OFI_news.csv,c266423998389ceb59ce49715045f90b1d181f07327dbdac876a7fc9df14e53c
NEWS_CANDIDATE_067491_dbd93ed1,OFI,Oriental Food Industries Holdings Berhad,Strong growth for Heineken in 1H24,The Star,2024-08-08,https://www.thestar.com.my/business/business-news/2024/08/08/strong-growth-for-heineken-in-1h24,3899,,,,,wrong_company,"Another target company's strong alias appears, but the row ticker's target alias does not.",No,wrong_company,none,No,No,No,No,Yes,wrong_company,1,0,cba998dfeebf7278eb23faa68df68e486fd20d7dee1f7a5822a84b64fbff20af,"New_news_OFI_OFI_news_csv:{""row_number"": 8602}:ad51fccf20df",manual_preserve,manual_preserve_v1,New_news/OFI/OFI_news.csv,c266423998389ceb59ce49715045f90b1d181f07327dbdac876a7fc9df14e53c
NEWS_CANDIDATE_067497_c5a0396d,OFI,Oriental Food Industries Holdings Berhad,Positive growth for Heineken in 1H24,The Star,2024-08-07,https://www.thestar.com.my/business/business-news/2024/08/07/positive-growth-for-heineken-in-1h24,1651,,,,,wrong_company,"Another target company's strong alias appears, but the row ticker's target alias does not.",No,wrong_company,none,No,No,No,No,Yes,wrong_company,1,0,3399749e0b5ed66af4027411163311f622d03a2968516ce4746c1f6c20461c4c,"New_news_OFI_OFI_news_csv:{""row_number"": 8608}:434d20e8f085",manual_preserve,manual_preserve_v1,New_news/OFI/OFI_news.csv,c266423998389ceb59ce49715045f90b1d181f07327dbdac876a7fc9df14e53c
NEWS_CANDIDATE_067598_eda09369,OFI,Oriental Food Industries Holdings Berhad,"Trading ideas: Capital A, MNHB, F&N, CTOS, Pentamaster, YTL REIT, Pekat Group, Mitrajaya, Asdion, GHL Systems",The Star,2024-08-02,https://www.thestar.com.my/business/business-news/2024/08/02/trading-ideas-capital-a-mnhb-fn-ctos-pentamaster-ytl-reit-pekat-group-mitrajaya-asdion-ghl-systems,2682,,,,,wrong_company,"Another target company's strong alias appears, but the row ticker's target alias does not.",No,wrong_company,none,No,No,No,No,Yes,wrong_company,1,0,17434e2aaf06fad099ef3f21ed9c5e611321d9b3eb3c14cf927a784b9e85b759,"New_news_OFI_OFI_news_csv:{""row_number"": 8709}:55045dcbd773",manual_preserve,manual_preserve_v1,New_news/OFI/OFI_news.csv,c266423998389ceb59ce49715045f90b1d181f07327dbdac876a7fc9df14e53c
NEWS_CANDIDATE_067606_ad1c098c,OFI,Oriental Food Industries Holdings Berhad,F&N charts improved earnings in third quarter,The Star,2024-08-02,https://www.thestar.com.my/business/business-news/2024/08/02/fn-charts-improved-earnings-in-third-quarter,1878,,,,,wrong_company,"Another target company's strong alias appears, but the row ticker's target alias does not.",No,wrong_company,none,No,No,No,No,Yes,wrong_company,1,0,d55748abee158c68f4e0e00a043c2ed1fb99781acbf51538646b2423137da378,"New_news_OFI_OFI_news_csv:{""row_number"": 8717}:8a582e666552",manual_preserve,manual_preserve_v1,New_news/OFI/OFI_news.csv,c266423998389ceb59ce49715045f90b1d181f07327dbdac876a7fc9df14e53c
NEWS_CANDIDATE_067620_b95d3cef,OFI,Oriental Food Industries Holdings Berhad,Bursa Malaysia remains negative at midday amid profit-taking,The Star,2024-08-01,https://www.thestar.com.my/business/business-news/2024/08/01/bursa-malaysia-remains-negative-at-midday-amid-profit-taking,1880,,,,,wrong_company,"Another target company's strong alias appears, but the row ticker's target alias does not.",No,wrong_company,none,No,No,No,No,Yes,wrong_company,1,0,e0470eced0b188882c53a8605fdfbdc081f96d69a198f719da38f97a97c1fee2,"New_news_OFI_OFI_news_csv:{""row_number"": 8731}:90d69f84fe03",manual_preserve,manual_preserve_v1,New_news/OFI/OFI_news.csv,c266423998389ceb59ce49715045f90b1d181f07327dbdac876a7fc9df14e53c
NEWS_CANDIDATE_067621_514035ab,OFI,Oriental Food Industries Holdings Berhad,Bursa Malaysia falls in early trade as investors take profits,The Star,2024-08-01,https://www.thestar.com.my/business/business-news/2024/08/01/bursa-malaysia-falls-in-early-trade-as-investors-take-profits,2246,,,,,wrong_company,"Another target company's strong alias appears, but the row ticker's target alias does not.",No,wrong_company,none,No,No,No,No,Yes,wrong_company,1,0,c1d52e4d6b352ced637ffde9d8b22a82cd194d9ea33e627d99cff3da0b6d25b7,"New_news_OFI_OFI_news_csv:{""row_number"": 8732}:529a17ef5bd5",manual_preserve,manual_preserve_v1,New_news/OFI/OFI_news.csv,c266423998389ceb59ce49715045f90b1d181f07327dbdac876a7fc9df14e53c
NEWS_CANDIDATE_067644_eeffc120,OFI,Oriental Food Industries Holdings Berhad,"Bursa Malaysia in sea of red as 1,300 counters decline; ringgit rises for 10th straight day",The Star,2024-08-02,https://www.thestar.com.my/business/business-news/2024/08/02/bursa-malaysia-in-sea-of-red-as-1300-counters-decline-ringgit-rises-for-10th-straight-day,1776,,,,,wrong_company,"Another target company's strong alias appears, but the row ticker's target alias does not.",No,wrong_company,none,No,No,No,No,Yes,wrong_company,1,0,32519a7403f435a6591c7326b86116a475f7c3caa41d39d9d72353348dd3ed0e,"New_news_OFI_OFI_news_csv:{""row_number"": 8755}:533975725bf5",manual_preserve,manual_preserve_v1,New_news/OFI/OFI_news.csv,c266423998389ceb59ce49715045f90b1d181f07327dbdac876a7fc9df14e53c
NEWS_CANDIDATE_067650_6d087df3,OFI,Oriental Food Industries Holdings Berhad,"FBM KLCI in the red, ringgit hits one-year high",The Star,2024-08-01,https://www.thestar.com.my/business/business-news/2024/08/01/fbm-klci-in-the-red-ringgit-hits-one-year-high,1477,,,,,wrong_company,"Another target company's strong alias appears, but the row ticker's target alias does not.",No,wrong_company,none,No,No,No,No,Yes,wrong_company,1,0,2f9c23b5bc7706d0366d20eb44c52077384dd83e351abd1f8fa19f80ece510b6,"New_news_OFI_OFI_news_csv:{""row_number"": 8761}:dd0e20e96970",manual_preserve,manual_preserve_v1,New_news/OFI/OFI_news.csv,c266423998389ceb59ce49715045f90b1d181f07327dbdac876a7fc9df14e53c
NEWS_CANDIDATE_067733_6818e208,OFI,Oriental Food Industries Holdings Berhad,"Trading ideas: SCIB, JAKS, AZRB, Iqzan, Nestle, IGB REIT, IGB Commercial REIT, KIP REIT, UOA REIT, ViTrox",The Star,2024-07-26,https://www.thestar.com.my/business/business-news/2024/07/26/trading-ideas-scib-jaks-azrb-iqzan-nestle-igb-reit-igb-commercial-reit-kip-reit-uoa-reit-vitrox,1722,,,,,wrong_company,"Another target company's strong alias appears, but the row ticker's target alias does not.",No,wrong_company,none,No,No,No,No,Yes,wrong_company,1,0,234bfcdb3797607e6a65a0c8b589f4e59a433d28c5d89ebce1533febd598a60b,"New_news_OFI_OFI_news_csv:{""row_number"": 8844}:bcb6d091a8e1",manual_preserve,manual_preserve_v1,New_news/OFI/OFI_news.csv,c266423998389ceb59ce49715045f90b1d181f07327dbdac876a7fc9df14e53c
NEWS_CANDIDATE_067744_aaa06895,OFI,Oriental Food Industries Holdings Berhad,Nestle maintains strong market leadership,The Star,2024-07-26,https://www.thestar.com.my/business/business-news/2024/07/26/nestle-maintains-strong-market-leadership,2773,,,,,wrong_company,"Another target company's strong alias appears, but the row ticker's target alias does not.",No,wrong_company,none,No,No,No,No,Yes,wrong_company,1,0,dd97b2ca24dcc42c279bfea0e7a6a702d26dafff1160c035aa6d50515bd79e73,"New_news_OFI_OFI_news_csv:{""row_number"": 8855}:625f8610275c",manual_preserve,manual_preserve_v1,New_news/OFI/OFI_news.csv,c266423998389ceb59ce49715045f90b1d181f07327dbdac876a7fc9df14e53c
NEWS_CANDIDATE_067747_feef1190,OFI,Oriental Food Industries Holdings Berhad,Nestle Malaysia posts lower 1H sales on cautious consumer spending,The Star,2024-07-25,https://www.thestar.com.my/business/business-news/2024/07/25/nestle-malaysia-faces-lower-1h-sales-on-cautious-consumer-spending,1748,,,,,wrong_company,"Another target company's strong alias appears, but the row ticker's target alias does not.",No,wrong_company,none,No,No,No,No,Yes,wrong_company,1,0,7c272e7e3e4309ad4eb650cf7fcffe6f45b1c83349870069a88f7d6a08be4675,"New_news_OFI_OFI_news_csv:{""row_number"": 8858}:ae1883247e01",manual_preserve,manual_preserve_v1,New_news/OFI/OFI_news.csv,c266423998389ceb59ce49715045f90b1d181f07327dbdac876a7fc9df14e53c
NEWS_CANDIDATE_067924_dd654e79,OFI,Oriental Food Industries Holdings Berhad,SupportLine,The Star,2024-07-18,https://www.thestar.com.my/business/business-news/2024/07/18/supportline,1756,,,,,wrong_company,"Another target company's strong alias appears, but the row ticker's target alias does not.",No,wrong_company,none,No,No,No,No,Yes,wrong_company,1,0,6be7ad3c27e427aa9ea2f9679470815a97a520ff4593e884aacd11379f8129ed,"New_news_OFI_OFI_news_csv:{""row_number"": 9035}:50e041d35e0c",manual_preserve,manual_preserve_v1,New_news/OFI/OFI_news.csv,c266423998389ceb59ce49715045f90b1d181f07327dbdac876a7fc9df14e53c
NEWS_CANDIDATE_068060_b4629d03,OFI,Oriental Food Industries Holdings Berhad,FBM KLCI in the red; ringgit rises to 6-month high,The Star,2024-07-12,https://www.thestar.com.my/business/business-news/2024/07/12/fbm-klci-in-the-red-ringgit-rises-to-6-month-high,1662,,,,,wrong_company,"Another target company's strong alias appears, but the row ticker's target alias does not.",No,wrong_company,none,No,No,No,No,Yes,wrong_company,1,0,82b66bea9156ae3595266d0d1b0b4d97253788828a92487e51abfc69da602f34,"New_news_OFI_OFI_news_csv:{""row_number"": 9171}:8f118d03e931",manual_preserve,manual_preserve_v1,New_news/OFI/OFI_news.csv,c266423998389ceb59ce49715045f90b1d181f07327dbdac876a7fc9df14e53c
NEWS_CANDIDATE_068219_fcb1e761,OFI,Oriental Food Industries Holdings Berhad,Racing to raise funds for kids with Down syndrome,The Star,2024-06-20,https://www.thestar.com.my/metro/metro-news/2024/06/20/racing-to-raise-funds-for-kids-with-down-syndrome,2450,,,,,wrong_company,"Another target company's strong alias appears, but the row ticker's target alias does not.",No,wrong_company,none,No,No,No,No,Yes,wrong_company,1,0,cb45d71b4c7d9de9fb9829d10c17d25e6528a3b57a5180111a2f1af38ba7f62a,"New_news_OFI_OFI_news_csv:{""row_number"": 9330}:8e181689487e",manual_preserve,manual_preserve_v1,New_news/OFI/OFI_news.csv,c266423998389ceb59ce49715045f90b1d181f07327dbdac876a7fc9df14e53c
NEWS_CANDIDATE_068280_e0969b7e,OFI,Oriental Food Industries Holdings Berhad,Techbond in the spotlight,The Star,2024-06-19,https://www.thestar.com.my/business/business-news/2024/06/19/techbond-in-the-spotlight,2560,,,,,wrong_company,"Another target company's strong alias appears, but the row ticker's target alias does not.",No,wrong_company,none,No,No,No,No,Yes,wrong_company,1,0,07d5ca0c803c5d441e1ed4ea3e83ecf469bbd3bc4202ecfa74c1dd6f4d272dce,"New_news_OFI_OFI_news_csv:{""row_number"": 9391}:18db69f3b484",manual_preserve,manual_preserve_v1,New_news/OFI/OFI_news.csv,c266423998389ceb59ce49715045f90b1d181f07327dbdac876a7fc9df14e53c
NEWS_CANDIDATE_068293_e1810dc9,OFI,Oriental Food Industries Holdings Berhad,"Trading ideas: Hibiscus, Genting, TDM, Destini, GUH, Trive, PIE, Oriental Kopi, OSK, Tropicana, Kerjaya Prospek, PPB, Fitters and KYM",The Star,2024-06-18,https://www.thestar.com.my/business/business-news/2024/06/18/trading-ideas-hibiscus-genting-tdm-destini-guh-trive-pie-oriental-kopi-osk-tropicana-kerjaya-prospek-ppb-fitters-and-kym,2663,,,,,wrong_company,"Another target company's strong alias appears, but the row ticker's target alias does not.",No,wrong_company,none,No,No,No,No,Yes,wrong_company,1,0,6d59ddcf998c4e52dade2a7880bdd643584082cd7dfcebb0acafb7fa0899cc24,"New_news_OFI_OFI_news_csv:{""row_number"": 9404}:31a682608e88",manual_preserve,manual_preserve_v1,New_news/OFI/OFI_news.csv,c266423998389ceb59ce49715045f90b1d181f07327dbdac876a7fc9df14e53c
NEWS_CANDIDATE_068312_e9b92fd0,OFI,Oriental Food Industries Holdings Berhad,Bursa Malaysia ends lower on profit-taking,The Star,2024-06-19,https://www.thestar.com.my/business/business-news/2024/06/19/bursa-malaysia-ends-lower-on-profit-taking,3564,,,,,wrong_company,"Another target company's strong alias appears, but the row ticker's target alias does not.",No,wrong_company,none,No,No,No,No,Yes,wrong_company,1,0,a7ff01f73b8448ad384a92763faa75738f61bf4f3525344f8a88f25ddc89a205,"New_news_OFI_OFI_news_csv:{""row_number"": 9423}:30176f53b6a0",manual_preserve,manual_preserve_v1,New_news/OFI/OFI_news.csv,c266423998389ceb59ce49715045f90b1d181f07327dbdac876a7fc9df14e53c
NEWS_CANDIDATE_068394_8daaa506,OFI,Oriental Food Industries Holdings Berhad,Muted near-term downstream earnings likely for planters,The Star,2024-06-11,https://www.thestar.com.my/business/business-news/2024/06/11/muted-near-term-downstream-earnings-likely-for-planters,3311,,,,,wrong_company,"Another target company's strong alias appears, but the row ticker's target alias does not.",No,wrong_company,none,No,No,No,No,Yes,wrong_company,1,0,55250d78034157d6722f4d846dd02f15bd1093f75e003b863072e1ce87cf657a,"New_news_OFI_OFI_news_csv:{""row_number"": 9505}:10183043df16",manual_preserve,manual_preserve_v1,New_news/OFI/OFI_news.csv,c266423998389ceb59ce49715045f90b1d181f07327dbdac876a7fc9df14e53c
NEWS_CANDIDATE_068412_7ac9b8df,OFI,Oriental Food Industries Holdings Berhad,"Bursa Malaysia opens higher, boosted by strong Wall Street",The Star,2024-06-13,https://www.thestar.com.my/business/business-news/2024/06/13/bursa-malaysia-opens-higher-boosted-by-strong-wall-street,2498,,,,,wrong_company,"Another target company's strong alias appears, but the row ticker's target alias does not.",No,wrong_company,none,No,No,No,No,Yes,wrong_company,1,0,4928d61c7d8450aa039256b7cbb424bec5dd9ba6ffe368cf6ffd44ac7d79c14b,"New_news_OFI_OFI_news_csv:{""row_number"": 9523}:4a0e47ada908",manual_preserve,manual_preserve_v1,New_news/OFI/OFI_news.csv,c266423998389ceb59ce49715045f90b1d181f07327dbdac876a7fc9df14e53c
NEWS_CANDIDATE_068508_e218cdcc,OFI,Oriental Food Industries Holdings Berhad,Leong Hup to do well on demand for poultry,The Star,2024-06-05,https://www.thestar.com.my/business/business-news/2024/06/05/leong-hup-to-do-well-on-demand-for-poultry,2585,,,,,wrong_company,"Another target company's strong alias appears, but the row ticker's target alias does not.",No,wrong_company,none,No,No,No,No,Yes,wrong_company,1,0,8c30d5dfa24478a3b293a9fc0867b082286fae671a17099ece592817d26b3e36,"New_news_OFI_OFI_news_csv:{""row_number"": 9619}:dfd224859ce6",manual_preserve,manual_preserve_v1,New_news/OFI/OFI_news.csv,c266423998389ceb59ce49715045f90b1d181f07327dbdac876a7fc9df14e53c
NEWS_CANDIDATE_068512_25fe68a6,OFI,Oriental Food Industries Holdings Berhad,Leong Hup's prospects in FY24 remain intact,The Star,2024-06-04,https://www.thestar.com.my/business/business-news/2024/06/04/leong-hup039s-prospects-in-fy24-remain-intact,2155,,,,,wrong_company,"Another target company's strong alias appears, but the row ticker's target alias does not.",No,wrong_company,none,No,No,No,No,Yes,wrong_company,1,0,9c39dd6aa5c627f7cdab2fae269c91a46648439a356d18b4f6a57175c6ae21e1,"New_news_OFI_OFI_news_csv:{""row_number"": 9623}:1d82fac9d29f",manual_preserve,manual_preserve_v1,New_news/OFI/OFI_news.csv,c266423998389ceb59ce49715045f90b1d181f07327dbdac876a7fc9df14e53c
NEWS_CANDIDATE_068513_93172376,OFI,Oriental Food Industries Holdings Berhad,"Trading ideas: UEM, SD Guthrie, Feytech, Tex Cycle, Public Bank, GenM, MMAG, Nestle, SEGi, Serba Dinamik, AME Elite, DXN, MBSB, TNB, CIMB",The Star,2024-06-04,https://www.thestar.com.my/business/business-news/2024/06/04/trading-ideas-uem-sd-guthrie-feytech-tex-cycle-public-bank-genm-mmag-nestle-segi-serba-dinamik-ame-elite-dxn-mbsb-tnb-cimb,2618,,,,,wrong_company,"Another target company's strong alias appears, but the row ticker's target alias does not.",No,wrong_company,none,No,No,No,No,Yes,wrong_company,1,0,8171e1070553d74550759fdc7a9e8a2212513edf7c562298ca2881894ba060ed,"New_news_OFI_OFI_news_csv:{""row_number"": 9624}:d694f79e3731",manual_preserve,manual_preserve_v1,New_news/OFI/OFI_news.csv,c266423998389ceb59ce49715045f90b1d181f07327dbdac876a7fc9df14e53c
NEWS_CANDIDATE_068516_0f1ff716,OFI,Oriental Food Industries Holdings Berhad,Brighter prospects for PPB Group on China recovery,The Star,2024-06-04,https://www.thestar.com.my/business/business-news/2024/06/04/brighter-prospects-for-ppb-group-on-china-recovery,2121,,,,,wrong_company,"Another target company's strong alias appears, but the row ticker's target alias does not.",No,wrong_company,none,No,No,No,No,Yes,wrong_company,1,0,36ba614914405eca014215892511b00a10867432c6a7a292e7bd7fb663ae84b0,"New_news_OFI_OFI_news_csv:{""row_number"": 9627}:4e40fdaed492",manual_preserve,manual_preserve_v1,New_news/OFI/OFI_news.csv,c266423998389ceb59ce49715045f90b1d181f07327dbdac876a7fc9df14e53c
NEWS_CANDIDATE_068519_ec5d5b55,OFI,Oriental Food Industries Holdings Berhad,High expectations for corporate earnings,The Star,2024-06-04,https://www.thestar.com.my/business/business-news/2024/06/04/high-expectations--for-corporate-earnings,5292,,,,,wrong_company,"Another target company's strong alias appears, but the row ticker's target alias does not.",No,wrong_company,none,No,No,No,No,Yes,wrong_company,1,0,fe965c257d911f0583aa8128ec59e5b1cae830aad1eaef3adf4187c9e2c4f2ce,"New_news_OFI_OFI_news_csv:{""row_number"": 9630}:c620a5bedfe9",manual_preserve,manual_preserve_v1,New_news/OFI/OFI_news.csv,c266423998389ceb59ce49715045f90b1d181f07327dbdac876a7fc9df14e53c
NEWS_CANDIDATE_068609_1c10a443,OFI,Oriental Food Industries Holdings Berhad,PPB posts lower net profit of RM337.17mil in 1Q,The Star,2024-05-30,https://www.thestar.com.my/business/business-news/2024/05/30/ppb-posts-lower-net-profit-of-rm33717mil-in-1q,2097,,,,,wrong_company,"Another target company's strong alias appears, but the row ticker's target alias does not.",No,wrong_company,none,No,No,No,No,Yes,wrong_company,1,0,37422fa49bbac79c524e8d85d9f779ab07a493d4346db83c82b5a26dc77d777e,"New_news_OFI_OFI_news_csv:{""row_number"": 9720}:d8a6f83f8404",manual_preserve,manual_preserve_v1,New_news/OFI/OFI_news.csv,c266423998389ceb59ce49715045f90b1d181f07327dbdac876a7fc9df14e53c
NEWS_CANDIDATE_068621_0e1dea1c,OFI,Oriental Food Industries Holdings Berhad,"Trading ideas: Lagenda, SkyWorld, Fajarbaru, Mitrajaya, Vizione, Epicon, Sentoria, IHH, Axiata, RHB, PetGas, TIME, Hap Seng, PetChem",The Star,2024-05-30,https://www.thestar.com.my/business/business-news/2024/05/30/trading-ideas-lagenda-skyworld-fajarbaru-mitrajaya-vizione-epicon-sentoria-ihh-axiata-rhb-petgas-time-hap-seng-petchem,3289,,,,,wrong_company,"Another target company's strong alias appears, but the row ticker's target alias does not.",No,wrong_company,none,No,No,No,No,Yes,wrong_company,1,0,76399fa789e36d5f1d244009a1454f16381ea8d1e7832b0bd50eb4653ff85e14,"New_news_OFI_OFI_news_csv:{""row_number"": 9732}:fdf2a22e8052",manual_preserve,manual_preserve_v1,New_news/OFI/OFI_news.csv,c266423998389ceb59ce49715045f90b1d181f07327dbdac876a7fc9df14e53c
NEWS_CANDIDATE_068636_d564506e,OFI,Oriental Food Industries Holdings Berhad,Farm Fresh fourth-quarter net profit increases four-fold to RM24mil,The Star,2024-05-30,https://www.thestar.com.my/business/business-news/2024/05/30/farm-fresh-fourth-quarter-net-profit-increases-four-fold-to-rm24mil,2117,,,,,wrong_company,"Another target company's strong alias appears, but the row ticker's target alias does not.",No,wrong_company,none,No,No,No,No,Yes,wrong_company,1,0,9c7363fa2d491078a5dd3804b76f998f5efc945d5f54ab6c2425b1c74f4061b9,"New_news_OFI_OFI_news_csv:{""row_number"": 9747}:3e5cce5b5f80",manual_preserve,manual_preserve_v1,New_news/OFI/OFI_news.csv,c266423998389ceb59ce49715045f90b1d181f07327dbdac876a7fc9df14e53c
NEWS_CANDIDATE_068664_4766a60c,OFI,Oriental Food Industries Holdings Berhad,Farm Fresh's 4Q net profit surges to RM23.93mil,The Star,2024-05-29,https://www.thestar.com.my/business/business-news/2024/05/29/farm-fresh039s-4q-net-profit-surges-to-rm2393mil,2058,,,,,wrong_company,"Another target company's strong alias appears, but the row ticker's target alias does not.",No,wrong_company,none,No,No,No,No,Yes,wrong_company,1,0,0603bd34fd1214ca560be862d9c302de9ec75cb082dc812eac67f7bf9b9b6a5c,"New_news_OFI_OFI_news_csv:{""row_number"": 9775}:56cebc8300a2",manual_preserve,manual_preserve_v1,New_news/OFI/OFI_news.csv,c266423998389ceb59ce49715045f90b1d181f07327dbdac876a7fc9df14e53c
NEWS_CANDIDATE_068783_d6d1e87f,OFI,Oriental Food Industries Holdings Berhad,MSM Malaysia registers 1Q net profit of RM41.71mil on improved margins,The Star,2024-05-23,https://www.thestar.com.my/business/business-news/2024/05/23/msm-malaysia-registers-1q-net-profit-of-rm4171mil-on-improved-margins,2173,,,,,wrong_company,"Another target company's strong alias appears, but the row ticker's target alias does not.",No,wrong_company,none,No,No,No,No,Yes,wrong_company,1,0,06c6e14dc98e1132e9b1525992ec79d767000435bb414c497dda2b5f76072acb,"New_news_OFI_OFI_news_csv:{""row_number"": 9894}:2fdeb87dcaab",manual_preserve,manual_preserve_v1,New_news/OFI/OFI_news.csv,c266423998389ceb59ce49715045f90b1d181f07327dbdac876a7fc9df14e53c
NEWS_CANDIDATE_068787_87af1616,OFI,Oriental Food Industries Holdings Berhad,"Trading ideas: TNB, Lagenda, Apollo, George Kent, Magma, Advancecon, Hong Seng, Pos, TSR, Sunway",The Star,2024-05-23,https://www.thestar.com.my/business/business-news/2024/05/23/trading-ideas-tnb-lagenda-apollo-george-kent-magma-advancecon-hong-seng-pos-tsr-sunway,3461,,,,,wrong_company,"Another target company's strong alias appears, but the row ticker's target alias does not.",No,wrong_company,none,No,No,No,No,Yes,wrong_company,1,0,1a2208ff5e626ccf684cdfc068cb415ff98030a671d006abad8c9a6813815f00,"New_news_OFI_OFI_news_csv:{""row_number"": 9898}:0fee698fd3cb",manual_preserve,manual_preserve_v1,New_news/OFI/OFI_news.csv,c266423998389ceb59ce49715045f90b1d181f07327dbdac876a7fc9df14e53c
NEWS_CANDIDATE_068834_a0ea9048,OFI,Oriental Food Industries Holdings Berhad,FBM KLCI falls from three-year high on profit-taking,The Star,2024-05-21,https://www.thestar.com.my/business/business-news/2024/05/21/fbm-klci-falls-from-three-year-high-on-profit-taking,1857,,,,,wrong_company,"Another target company's strong alias appears, but the row ticker's target alias does not.",No,wrong_company,none,No,No,No,No,Yes,wrong_company,1,0,1a2ed7d562d00c705ecedd2d39b283eec3fa8a1ef837abf3722286d33de901c6,"New_news_OFI_OFI_news_csv:{""row_number"": 9945}:48a1df5f5e71",manual_preserve,manual_preserve_v1,New_news/OFI/OFI_news.csv,c266423998389ceb59ce49715045f90b1d181f07327dbdac876a7fc9df14e53c
NEWS_CANDIDATE_068950_f47d8955,OFI,Oriental Food Industries Holdings Berhad,Heineken Malaysia to drive efficiency after strong start,The Star,2024-05-15,https://www.thestar.com.my/business/business-news/2024/05/15/heineken-malaysia-to-drive-efficiency-after-strong-start,2464,,,,,wrong_company,"Another target company's strong alias appears, but the row ticker's target alias does not.",No,wrong_company,none,No,No,No,No,Yes,wrong_company,1,0,d170d8dae4c35798aa195415918df00c9fc1d1a61e112bb76726a62a94baafa6,"New_news_OFI_OFI_news_csv:{""row_number"": 10061}:fbf4457f43ad",manual_preserve,manual_preserve_v1,New_news/OFI/OFI_news.csv,c266423998389ceb59ce49715045f90b1d181f07327dbdac876a7fc9df14e53c
NEWS_CANDIDATE_068952_d87267b3,OFI,Oriental Food Industries Holdings Berhad,"Trading ideas: MAHB, MBSB, Jetson, Malakoff, Deleum, Tuju Setia, BCB, Uzma, Cypark",The Star,2024-05-15,https://www.thestar.com.my/business/business-news/2024/05/15/trading-ideas-mahb-mbsb-jetson-malakoff-deleum-tuju-setia-bcb-uzma-cypark,3050,,,,,wrong_company,"Another target company's strong alias appears, but the row ticker's target alias does not.",No,wrong_company,none,No,No,No,No,Yes,wrong_company,1,0,a97ef9ca4a31f7e89ad65fe0fbb5a09f97414929800aba3805ac57b2fee792ba,"New_news_OFI_OFI_news_csv:{""row_number"": 10063}:5b55f75930f0",manual_preserve,manual_preserve_v1,New_news/OFI/OFI_news.csv,c266423998389ceb59ce49715045f90b1d181f07327dbdac876a7fc9df14e53c
NEWS_CANDIDATE_068963_bbe0c0ba,OFI,Oriental Food Industries Holdings Berhad,Carlsberg to see sales recovery in 2H,The Star,2024-05-15,https://www.thestar.com.my/business/business-news/2024/05/15/carlsberg-to-see-sales-recovery-in-2h,2357,,,,,wrong_company,"Another target company's strong alias appears, but the row ticker's target alias does not.",No,wrong_company,none,No,No,No,No,Yes,wrong_company,1,0,5a8d5f498dee5493f29f2e11ab37067a68b35cb7d609c69ab2da8e8031f1d451,"New_news_OFI_OFI_news_csv:{""row_number"": 10074}:ce3268e4e4d8",manual_preserve,manual_preserve_v1,New_news/OFI/OFI_news.csv,c266423998389ceb59ce49715045f90b1d181f07327dbdac876a7fc9df14e53c
NEWS_CANDIDATE_068972_4a9a3b5f,OFI,Oriental Food Industries Holdings Berhad,Heineken posts positive 1Q24 results,The Star,2024-05-15,https://www.thestar.com.my/business/business-news/2024/05/15/heineken-posts-positive-1q24-results,2178,,,,,wrong_company,"Another target company's strong alias appears, but the row ticker's target alias does not.",No,wrong_company,none,No,No,No,No,Yes,wrong_company,1,0,f721139ebb9c47dd2c9d237db5aa02966b477c7f7b52140cfe8b079e048fd8fb,"New_news_OFI_OFI_news_csv:{""row_number"": 10083}:74d3cbdf4d4b",manual_preserve,manual_preserve_v1,New_news/OFI/OFI_news.csv,c266423998389ceb59ce49715045f90b1d181f07327dbdac876a7fc9df14e53c
NEWS_CANDIDATE_068974_45a4cc36,OFI,Oriental Food Industries Holdings Berhad,Heineken keeps its guard up after posting encouraging 1Q24,The Star,2024-05-14,https://www.thestar.com.my/business/business-news/2024/05/14/heineken-keeps-its-guard-up-after-posting-encouraging-1q24,1659,,,,,wrong_company,"Another target company's strong alias appears, but the row ticker's target alias does not.",No,wrong_company,none,No,No,No,No,Yes,wrong_company,1,0,931bc12a2f7dadaeae5b5c61345df4818f6315e92f4f40dd1c452d0032f340b5,"New_news_OFI_OFI_news_csv:{""row_number"": 10085}:0508b4cf1988",manual_preserve,manual_preserve_v1,New_news/OFI/OFI_news.csv,c266423998389ceb59ce49715045f90b1d181f07327dbdac876a7fc9df14e53c
NEWS_CANDIDATE_069066_7342359f,OFI,Oriental Food Industries Holdings Berhad,"FBM KLCI steps back 0.22%, VSTECS hits record",The Star,2024-05-09,https://www.thestar.com.my/business/business-news/2024/05/09/fbm-klci-steps-back-022-vstecs-hits-record,2121,,,,,wrong_company,"Another target company's strong alias appears, but the row ticker's target alias does not.",No,wrong_company,none,No,No,No,No,Yes,wrong_company,1,0,1b96debe850877bb0ca75622733ead5a4eecbe080c00e055b84b0d4801d1dc45,"New_news_OFI_OFI_news_csv:{""row_number"": 10177}:004578dca0a0",manual_preserve,manual_preserve_v1,New_news/OFI/OFI_news.csv,c266423998389ceb59ce49715045f90b1d181f07327dbdac876a7fc9df14e53c
NEWS_CANDIDATE_069084_8d6bd54d,OFI,Oriental Food Industries Holdings Berhad,"KLCI dips on profit taking, stays firmly above 1,600 level",The Star,2024-05-08,https://www.thestar.com.my/business/business-news/2024/05/08/klci-dips-on-profit-taking-stays-firmly-above-1600-level,1670,,,,,wrong_company,"Another target company's strong alias appears, but the row ticker's target alias does not.",No,wrong_company,none,No,No,No,No,Yes,wrong_company,1,0,19741d87f991c4a335a0d0addea94fb9d0b0fd670dbe826589d639d442874501,"New_news_OFI_OFI_news_csv:{""row_number"": 10195}:6fa10330f199",manual_preserve,manual_preserve_v1,New_news/OFI/OFI_news.csv,c266423998389ceb59ce49715045f90b1d181f07327dbdac876a7fc9df14e53c
NEWS_CANDIDATE_069090_7953d5ca,OFI,Oriental Food Industries Holdings Berhad,"Trading ideas: Sime Plantation, Sapura Energy, Power Root, OCK, Pekat, Yinson, Mobilia, Siab, Ireka",The Star,2024-05-08,https://www.thestar.com.my/business/business-news/2024/05/08/trading-ideas-sime-plantation-sapura-energy-power-root-ock-pekat-yinson-mobilia-siab-ireka,2456,,,,,wrong_company,"Another target company's strong alias appears, but the row ticker's target alias does not.",No,wrong_company,none,No,No,No,No,Yes,wrong_company,1,0,52f25f79e081508643099e3f053cc34a3563b4a2c484701b4a07a1f0c6acaee8,"New_news_OFI_OFI_news_csv:{""row_number"": 10201}:cad2eea41e25",manual_preserve,manual_preserve_v1,New_news/OFI/OFI_news.csv,c266423998389ceb59ce49715045f90b1d181f07327dbdac876a7fc9df14e53c
NEWS_CANDIDATE_069112_8de26c52,OFI,Oriental Food Industries Holdings Berhad,"FBM KLCI pushes past 1,600",The Star,2024-05-07,https://www.thestar.com.my/business/business-news/2024/05/07/fbm-klci-pushes-past-1600,1391,,,,,wrong_company,"Another target company's strong alias appears, but the row ticker's target alias does not.",No,wrong_company,none,No,No,No,No,Yes,wrong_company,1,0,91634a9130a66b3d375564ae951f6c2bb840be4fedd3d97ce2337c2490997524,"New_news_OFI_OFI_news_csv:{""row_number"": 10223}:6ae61f9be7a8",manual_preserve,manual_preserve_v1,New_news/OFI/OFI_news.csv,c266423998389ceb59ce49715045f90b1d181f07327dbdac876a7fc9df14e53c
NEWS_CANDIDATE_069124_7f7f2f09,OFI,Oriental Food Industries Holdings Berhad,FBM KLCI drifts as investors await fresh leads,The Star,2024-05-09,https://www.thestar.com.my/business/business-news/2024/05/09/fbm-klci-drifts-as-investors-await-fresh-leads,1424,,,,,wrong_company,"Another target company's strong alias appears, but the row ticker's target alias does not.",No,wrong_company,none,No,No,No,No,Yes,wrong_company,1,0,829149f63b996808a58d174d4d827fd947730fccdb471306091de5242ada003d,"New_news_OFI_OFI_news_csv:{""row_number"": 10235}:81babda47584",manual_preserve,manual_preserve_v1,New_news/OFI/OFI_news.csv,c266423998389ceb59ce49715045f90b1d181f07327dbdac876a7fc9df14e53c
NEWS_CANDIDATE_069189_7e789db0,OFI,Oriental Food Industries Holdings Berhad,F&N sees strong consumer demand,The Star,2024-05-02,https://www.thestar.com.my/business/business-news/2024/05/02/fn-sees-strong-consumer-demand,2274,,,,,wrong_company,"Another target company's strong alias appears, but the row ticker's target alias does not.",No,wrong_company,none,No,No,No,No,Yes,wrong_company,1,0,00ef847af496db83752644613128f02c3651268e6a355996d5ce7840eb2f73c6,"New_news_OFI_OFI_news_csv:{""row_number"": 10300}:8fc98d62023c",manual_preserve,manual_preserve_v1,New_news/OFI/OFI_news.csv,c266423998389ceb59ce49715045f90b1d181f07327dbdac876a7fc9df14e53c
NEWS_CANDIDATE_069191_04cc2463,OFI,Oriental Food Industries Holdings Berhad,"Trading ideas: Duopharma, Bursa Malaysia, SEGi, Capital A, Rimbunan Sawit, Tasco, Atrium REIT, KSL, GUH, Mentiga and F&N",The Star,2024-05-02,https://www.thestar.com.my/business/business-news/2024/05/02/trading-ideas-duopharma-bursa-malaysia-segi-capital-a-rimbunan-sawit-tasco-atrium-reit-ksl-guh-mentiga-and-fn,2447,,,,,wrong_company,"Another target company's strong alias appears, but the row ticker's target alias does not.",No,wrong_company,none,No,No,No,No,Yes,wrong_company,1,0,be3f6e7ff47cbbdd43e36076ce41859b720a68be2c1d0eaf6ecaddff8230d5b8,"New_news_OFI_OFI_news_csv:{""row_number"": 10302}:c8ee6b699c2b",manual_preserve,manual_preserve_v1,New_news/OFI/OFI_news.csv,c266423998389ceb59ce49715045f90b1d181f07327dbdac876a7fc9df14e53c
NEWS_CANDIDATE_069227_cdc850d6,OFI,Oriental Food Industries Holdings Berhad,F&N mindful of prospects despite a strong 1H24,The Star,2024-05-01,https://www.thestar.com.my/business/business-news/2024/05/01/fn-mindful-of-prospects-despite-a-strong-1h24,2121,,,,,wrong_company,"Another target company's strong alias appears, but the row ticker's target alias does not.",No,wrong_company,none,No,No,No,No,Yes,wrong_company,1,0,49180d6f71a64b4b086796e5b8dcaec59118f8758ea2ce80a90f9b3a38faa6e5,"New_news_OFI_OFI_news_csv:{""row_number"": 10338}:a4a7fd2692a4",manual_preserve,manual_preserve_v1,New_news/OFI/OFI_news.csv,c266423998389ceb59ce49715045f90b1d181f07327dbdac876a7fc9df14e53c
NEWS_CANDIDATE_069231_632a4b36,OFI,Oriental Food Industries Holdings Berhad,F&N profit jumps 63.5% in 2Q on the back of higher revenue,The Star,2024-04-30,https://www.thestar.com.my/business/business-news/2024/04/30/fn-profit-jumps-635-in-2q-on-the-back-of-higher-revenue,2417,,,,,wrong_company,"Another target company's strong alias appears, but the row ticker's target alias does not.",No,wrong_company,none,No,No,No,No,Yes,wrong_company,1,0,e3b5b227ff818a555c9b2811b4f0a1bc1f621b45e41203b633a1fc3f92545fa3,"New_news_OFI_OFI_news_csv:{""row_number"": 10342}:48a8ba21381a",manual_preserve,manual_preserve_v1,New_news/OFI/OFI_news.csv,c266423998389ceb59ce49715045f90b1d181f07327dbdac876a7fc9df14e53c
NEWS_CANDIDATE_069234_f65bd8e6,OFI,Oriental Food Industries Holdings Berhad,Carlsberg says price increases gave solid start to 2024,The Star,2024-04-30,https://www.thestar.com.my/business/business-news/2024/04/30/carlsberg-says-price-increases-gave-solid-start-to-2024,843,,,,,wrong_company,"Another target company's strong alias appears, but the row ticker's target alias does not.",No,wrong_company,none,No,No,No,No,Yes,wrong_company,0,0,534126687dba15f80b351942e7f3c22e26d54e34b7e1b5ed10d8012c63ebd03a,"New_news_OFI_OFI_news_csv:{""row_number"": 10345}:e749bbf92b49",manual_preserve,manual_preserve_v1,New_news/OFI/OFI_news.csv,c266423998389ceb59ce49715045f90b1d181f07327dbdac876a7fc9df14e53c
NEWS_CANDIDATE_069335_0e9d3349,OFI,Oriental Food Industries Holdings Berhad,"Trading ideas: MyEG, Axis REIT, Mah Sing, Capital A, Hibiscus, Chin Hin, Carlsberg, I-Bhd",The Star,2024-04-25,https://www.thestar.com.my/business/business-news/2024/04/25/trading-ideas-myeg-axis-reit-mah-sing-capital-a-hibiscus-chin-hin-carlsberg-i-bhd,3613,,,,,wrong_company,"Another target company's strong alias appears, but the row ticker's target alias does not.",No,wrong_company,none,No,No,No,No,Yes,wrong_company,1,0,0534dd2f980087aaae75537d8f5450b8ee9066d70d5cd78f6df8a8dca5f67444,"New_news_OFI_OFI_news_csv:{""row_number"": 10446}:c9f668fa18e1",manual_preserve,manual_preserve_v1,New_news/OFI/OFI_news.csv,c266423998389ceb59ce49715045f90b1d181f07327dbdac876a7fc9df14e53c
NEWS_CANDIDATE_069340_4d772c02,OFI,Oriental Food Industries Holdings Berhad,Carlsberg to continue reinvesting in brands,The Star,2024-04-25,https://www.thestar.com.my/business/business-news/2024/04/25/carlsberg-to-continue-reinvesting-in-brands,3058,,,,,wrong_company,"Another target company's strong alias appears, but the row ticker's target alias does not.",No,wrong_company,none,No,No,No,No,Yes,wrong_company,0,0,ca3bcd8e7fd1b3bbc3733a20b93a281d800235a70740903560e5e9195dd3bbef,"New_news_OFI_OFI_news_csv:{""row_number"": 10451}:230938221ffa",manual_preserve,manual_preserve_v1,New_news/OFI/OFI_news.csv,c266423998389ceb59ce49715045f90b1d181f07327dbdac876a7fc9df14e53c
NEWS_CANDIDATE_069356_ab76ec63,OFI,Oriental Food Industries Holdings Berhad,"Heineken sells more beer in Q1, sticks to outlook",The Star,2024-04-24,https://www.thestar.com.my/business/business-news/2024/04/24/heineken-sells-more-beer-in-q1-sticks-to-outlook,998,,,,,wrong_company,"Another target company's strong alias appears, but the row ticker's target alias does not.",No,wrong_company,none,No,No,No,No,Yes,wrong_company,0,0,2393f4a5b4d65e02368e1a9932baa7a3cfe3be53d2052421bff1b29e17f6a848,"New_news_OFI_OFI_news_csv:{""row_number"": 10467}:e0bdbd29ebc1",manual_preserve,manual_preserve_v1,New_news/OFI/OFI_news.csv,c266423998389ceb59ce49715045f90b1d181f07327dbdac876a7fc9df14e53c
NEWS_CANDIDATE_069387_050a3f8b,OFI,Oriental Food Industries Holdings Berhad,"Profit-taking in the market, KLCI down 0.14%",The Star,2024-04-25,https://www.thestar.com.my/business/business-news/2024/04/25/profit-taking-in-the-market-klci-down-014,1390,,,,,wrong_company,"Another target company's strong alias appears, but the row ticker's target alias does not.",No,wrong_company,none,No,No,No,No,Yes,wrong_company,1,0,8e6d8ae70e40cc2d66707ef07b32580c4feb737e63ff6d588b6f3e9fcda718cd,"New_news_OFI_OFI_news_csv:{""row_number"": 10498}:9a17ee8d134c",manual_preserve,manual_preserve_v1,New_news/OFI/OFI_news.csv,c266423998389ceb59ce49715045f90b1d181f07327dbdac876a7fc9df14e53c
NEWS_CANDIDATE_069404_ec7fd508,OFI,Oriental Food Industries Holdings Berhad,Home repairs for Orang Asli,The Star,2024-04-23,https://www.thestar.com.my/metro/metro-news/2024/04/23/home-repairs-for-orang-asli,3195,,,,,wrong_company,"Another target company's strong alias appears, but the row ticker's target alias does not.",No,wrong_company,none,No,No,No,No,Yes,wrong_company,1,0,547aaccad6a1e6f6fca2e516999d3b78fbe1a5708082497488f0a4446257715e,"New_news_OFI_OFI_news_csv:{""row_number"": 10515}:f4bd38332ff7",manual_preserve,manual_preserve_v1,New_news/OFI/OFI_news.csv,c266423998389ceb59ce49715045f90b1d181f07327dbdac876a7fc9df14e53c
NEWS_CANDIDATE_069479_853f73d4,OFI,Oriental Food Industries Holdings Berhad,Sea of red on Bursa amid missile attacks in Middle East,The Star,2024-04-17,https://www.thestar.com.my/business/business-news/2024/04/17/sea-of-red-on-bursa-amid-missile-attacks-in-middle-east,1627,,,,,wrong_company,"Another target company's strong alias appears, but the row ticker's target alias does not.",No,wrong_company,none,No,No,No,No,Yes,wrong_company,1,0,089400e740210ea5779d26cb918262712cf95a2f7dfb03d0f80ee65a90321e9e,"New_news_OFI_OFI_news_csv:{""row_number"": 10590}:9d12d586098a",manual_preserve,manual_preserve_v1,New_news/OFI/OFI_news.csv,c266423998389ceb59ce49715045f90b1d181f07327dbdac876a7fc9df14e53c
NEWS_CANDIDATE_069482_be913879,OFI,Oriental Food Industries Holdings Berhad,"Bursa Malaysia continues downtrend with over 1,000 counters in red",The Star,2024-04-16,https://www.thestar.com.my/business/business-news/2024/04/16/bursa-malaysia-continues-downtrend-with-over-1000-counters-in-red,1698,,,,,wrong_company,"Another target company's strong alias appears, but the row ticker's target alias does not.",No,wrong_company,none,No,No,No,No,Yes,wrong_company,1,0,588c8c33935af21bedf60c1ebcb7c2dbf5ec0031af54009bb2be9338ca60a802,"New_news_OFI_OFI_news_csv:{""row_number"": 10593}:9604c531c3f0",manual_preserve,manual_preserve_v1,New_news/OFI/OFI_news.csv,c266423998389ceb59ce49715045f90b1d181f07327dbdac876a7fc9df14e53c
NEWS_CANDIDATE_069603_bceef59f,OFI,Oriental Food Industries Holdings Berhad,FBM KLCI enters lunch break in positive territory,The Star,2024-04-08,https://www.thestar.com.my/business/business-news/2024/04/08/fbm-klci-enters-lunch-break-in-positive-territory,1201,,,,,wrong_company,"Another target company's strong alias appears, but the row ticker's target alias does not.",No,wrong_company,none,No,No,No,No,Yes,wrong_company,1,0,776e90c6c776c0a7e61d60d43b1c91e07db9d8b45dce98b5175fcabd65b60371,"New_news_OFI_OFI_news_csv:{""row_number"": 10714}:38ac3bb3f026",manual_preserve,manual_preserve_v1,New_news/OFI/OFI_news.csv,c266423998389ceb59ce49715045f90b1d181f07327dbdac876a7fc9df14e53c
NEWS_CANDIDATE_069615_15a965bb,OFI,Oriental Food Industries Holdings Berhad,Bursa Malaysia dips ahead of Raya holiday,The Star,2024-04-09,https://www.thestar.com.my/business/business-news/2024/04/09/bursa-malaysia-dips-ahead-of-raya-holiday,1917,,,,,wrong_company,"Another target company's strong alias appears, but the row ticker's target alias does not.",No,wrong_company,none,No,No,No,No,Yes,wrong_company,1,0,0e8c13643f190375ff4b4e3e76dc899905dee7112649a258f6c9380d1ab813fb,"New_news_OFI_OFI_news_csv:{""row_number"": 10726}:d246cd818c40",manual_preserve,manual_preserve_v1,New_news/OFI/OFI_news.csv,c266423998389ceb59ce49715045f90b1d181f07327dbdac876a7fc9df14e53c
NEWS_CANDIDATE_069682_1d8e3309,OFI,Oriental Food Industries Holdings Berhad,MSM on track for sweeter bottom line,The Star,2024-04-04,https://www.thestar.com.my/business/business-news/2024/04/04/msm-on-track-for-sweeter-bottom-line,3637,,,,,wrong_company,"Another target company's strong alias appears, but the row ticker's target alias does not.",No,wrong_company,none,No,No,No,No,Yes,wrong_company,1,0,6b0fd7227a06a34c0c9eba469467a64987380cae53f0845313c8bbcd830e55df,"New_news_OFI_OFI_news_csv:{""row_number"": 10793}:d844f21982ef",manual_preserve,manual_preserve_v1,New_news/OFI/OFI_news.csv,c266423998389ceb59ce49715045f90b1d181f07327dbdac876a7fc9df14e53c
NEWS_CANDIDATE_069704_08d74866,OFI,Oriental Food Industries Holdings Berhad,FBM KLCI rallies after slow start,The Star,2024-04-02,https://www.thestar.com.my/business/business-news/2024/04/02/fbm-klci-rallies-after-slow-start,1042,,,,,wrong_company,"Another target company's strong alias appears, but the row ticker's target alias does not.",No,wrong_company,none,No,No,No,No,Yes,wrong_company,1,0,d693efdbac8be1308f44c11736e650cc7b2750cdc50f180e7cb16150202aa4bf,"New_news_OFI_OFI_news_csv:{""row_number"": 10815}:0b0373406cea",manual_preserve,manual_preserve_v1,New_news/OFI/OFI_news.csv,c266423998389ceb59ce49715045f90b1d181f07327dbdac876a7fc9df14e53c
NEWS_CANDIDATE_069706_b5f58031,OFI,Oriental Food Industries Holdings Berhad,FBM KLCI sees mild pull back as upbeat sentiment takes a breather,The Star,2024-04-02,https://www.thestar.com.my/business/business-news/2024/04/02/fbm-klci-sees-mild-pull-back-as-upbeat-sentiment-takes-a-breather,2003,,,,,wrong_company,"Another target company's strong alias appears, but the row ticker's target alias does not.",No,wrong_company,none,No,No,No,No,Yes,wrong_company,1,0,de5cbfb8b494771fc5f2d7a31be510c16fa333816a1b49ccb9ceabfe0111787e,"New_news_OFI_OFI_news_csv:{""row_number"": 10817}:687765cb623b",manual_preserve,manual_preserve_v1,New_news/OFI/OFI_news.csv,c266423998389ceb59ce49715045f90b1d181f07327dbdac876a7fc9df14e53c
NEWS_CANDIDATE_069839_a22530d5,OFI,Oriental Food Industries Holdings Berhad,Subdued consumer sentiment likely to persist,The Star,2024-03-26,https://www.thestar.com.my/business/business-news/2024/03/26/subdued-consumer-sentiment-likely-to-persist,2737,,,,,wrong_company,"Another target company's strong alias appears, but the row ticker's target alias does not.",No,wrong_company,none,No,No,No,No,Yes,wrong_company,1,0,055ebe91815f07f8972bb885b5035f5a46fe42d785819d6054aa4d09006b6a5c,"New_news_OFI_OFI_news_csv:{""row_number"": 10950}:a0f37290887e",manual_preserve,manual_preserve_v1,New_news/OFI/OFI_news.csv,c266423998389ceb59ce49715045f90b1d181f07327dbdac876a7fc9df14e53c
NEWS_CANDIDATE_069912_f8b4e0e8,OFI,Oriental Food Industries Holdings Berhad,Lack of refinement in sugar policy,The Star,2024-03-21,https://www.thestar.com.my/news/nation/2024/03/21/lack-of-refinement-in-sugar-policy,3041,,,,,wrong_company,"Another target company's strong alias appears, but the row ticker's target alias does not.",No,wrong_company,none,No,No,No,No,Yes,wrong_company,1,0,ff7cd654a12ead2358c9b7329726f31b33d66c9d9b72ccb92c353ef418919de2,"New_news_OFI_OFI_news_csv:{""row_number"": 11023}:ad79ad39a0e6",manual_preserve,manual_preserve_v1,New_news/OFI/OFI_news.csv,c266423998389ceb59ce49715045f90b1d181f07327dbdac876a7fc9df14e53c
NEWS_CANDIDATE_069916_53908db0,OFI,Oriental Food Industries Holdings Berhad,Govt acknowledges providing incentives to sugar producer after stopping sugar subsidies,The Star,2024-03-20,https://www.thestar.com.my/news/nation/2024/03/20/govt-acknowledges-providing-incentives-to-sugar-producer-after-stopping-sugar-subsidies,3198,,,,,wrong_company,"Another target company's strong alias appears, but the row ticker's target alias does not.",No,wrong_company,none,No,No,No,No,Yes,wrong_company,1,0,504df7a5b2585decafa0f2b3453db806eb9ddc5d10961997c0d2d5ba95d12611,"New_news_OFI_OFI_news_csv:{""row_number"": 11027}:abb83b33f82a",manual_preserve,manual_preserve_v1,New_news/OFI/OFI_news.csv,c266423998389ceb59ce49715045f90b1d181f07327dbdac876a7fc9df14e53c
NEWS_CANDIDATE_069960_8004525d,OFI,Oriental Food Industries Holdings Berhad,"Profit-taking in the market, KLCI down 8.68 points",The Star,2024-03-19,https://www.thestar.com.my/business/business-news/2024/03/19/profit-taking-in-the-market-klci-down-868-points,1133,,,,,wrong_company,"Another target company's strong alias appears, but the row ticker's target alias does not.",No,wrong_company,none,No,No,No,No,Yes,wrong_company,1,0,a4bca0a3e6ebdc168c56a23bc6ceb6ff272e0bd92f70dc411d2720852466fa20,"New_news_OFI_OFI_news_csv:{""row_number"": 11071}:cf2ab151b5d5",manual_preserve,manual_preserve_v1,New_news/OFI/OFI_news.csv,c266423998389ceb59ce49715045f90b1d181f07327dbdac876a7fc9df14e53c
NEWS_CANDIDATE_069976_d09a3afb,OFI,Oriental Food Industries Holdings Berhad,Bursa Malaysia extends losses to close lower,The Star,2024-03-20,https://www.thestar.com.my/business/business-news/2024/03/20/bursa-malaysia-extends-losses-to-close-lower,1454,,,,,wrong_company,"Another target company's strong alias appears, but the row ticker's target alias does not.",No,wrong_company,none,No,No,No,No,Yes,wrong_company,1,0,949ab3fcb2c1f6aad667b2b57ec95d21a72ae3acc9f071a90043c02b02a565c8,"New_news_OFI_OFI_news_csv:{""row_number"": 11087}:d8f1d6c919e8",manual_preserve,manual_preserve_v1,New_news/OFI/OFI_news.csv,c266423998389ceb59ce49715045f90b1d181f07327dbdac876a7fc9df14e53c
NEWS_CANDIDATE_070055_fe00885d,OFI,Oriental Food Industries Holdings Berhad,"FOSTERING, EMPOWERING COMMUNITIES",The Star,2024-03-14,https://www.thestar.com.my/news/nation/2024/03/14/fostering-empowering-communities,8774,,,,,wrong_company,"Another target company's strong alias appears, but the row ticker's target alias does not.",No,wrong_company,none,No,No,No,No,Yes,wrong_company,1,0,07d03b514727313d54ab53c71fed15f5d979c7c825225869f60b195a906e0411,"New_news_OFI_OFI_news_csv:{""row_number"": 11166}:788f9ddb74cf",manual_preserve,manual_preserve_v1,New_news/OFI/OFI_news.csv,c266423998389ceb59ce49715045f90b1d181f07327dbdac876a7fc9df14e53c
NEWS_CANDIDATE_070185_d75678ed,OFI,Oriental Food Industries Holdings Berhad,"PPB to spend RM419mil on flour, feed milling unit",The Star,2024-03-07,https://www.thestar.com.my/business/business-news/2024/03/07/ppb-to-spend-rm419mil-on-flour-feed-milling-unit,2803,,,,,wrong_company,"Another target company's strong alias appears, but the row ticker's target alias does not.",No,wrong_company,none,No,No,No,No,Yes,wrong_company,1,0,c49181a0c6577075e56df193a81b2bc68b82cc4be3059d03a1068f45af6cf6c6,"New_news_OFI_OFI_news_csv:{""row_number"": 11296}:83ba3fed073c",manual_preserve,manual_preserve_v1,New_news/OFI/OFI_news.csv,c266423998389ceb59ce49715045f90b1d181f07327dbdac876a7fc9df14e53c
NEWS_CANDIDATE_070203_1b47a4c4,OFI,Oriental Food Industries Holdings Berhad,FBM KLCI dips on lack of buying impetus,The Star,2024-03-06,https://www.thestar.com.my/business/business-news/2024/03/06/fbm-klci-dips-on-lack-of-buying-impetus,2711,,,,,wrong_company,"Another target company's strong alias appears, but the row ticker's target alias does not.",No,wrong_company,none,No,No,No,No,Yes,wrong_company,1,0,106ff145ce38a8e8d9fe6aeb83270d25d051d2072e1e6e3ad27ad99e412a158a,"New_news_OFI_OFI_news_csv:{""row_number"": 11314}:c2f47f48965b",manual_preserve,manual_preserve_v1,New_news/OFI/OFI_news.csv,c266423998389ceb59ce49715045f90b1d181f07327dbdac876a7fc9df14e53c
NEWS_CANDIDATE_070221_7c0c675d,OFI,Oriental Food Industries Holdings Berhad,Bursa Malaysia lower on absence of fresh leads,The Star,2024-03-06,https://www.thestar.com.my/business/business-news/2024/03/06/bursa-malaysia-lower-on-absence-of-fresh-leads,2064,,,,,wrong_company,"Another target company's strong alias appears, but the row ticker's target alias does not.",No,wrong_company,none,No,No,No,No,Yes,wrong_company,1,0,468338584922c28721047638655e3c260222b2c649622775f4cac35bc6162e86,"New_news_OFI_OFI_news_csv:{""row_number"": 11332}:b69512de7a58",manual_preserve,manual_preserve_v1,New_news/OFI/OFI_news.csv,c266423998389ceb59ce49715045f90b1d181f07327dbdac876a7fc9df14e53c
NEWS_CANDIDATE_070326_2d7066e2,OFI,Oriental Food Industries Holdings Berhad,"Trading ideas: Maybank, Hong Leong Bank, HLFG, Public Bank, Farm Fresh, Hap Seng, Press Metal, Capital A, PPB, IJM, MYEG and Pecca",The Star,2024-02-29,https://www.thestar.com.my/business/business-news/2024/02/29/trading-ideas-maybank-hong-leong-bank-hlfg-public-bank-farm-fresh-hap-seng-press-metal-capital-a-ppb-ijm-myeg-and-pecca,2309,,,,,wrong_company,"Another target company's strong alias appears, but the row ticker's target alias does not.",No,wrong_company,none,No,No,No,No,Yes,wrong_company,1,0,ae534598a122cae190325122583d9b9475fe311384dcd301d2bcef878ab7b613,"New_news_OFI_OFI_news_csv:{""row_number"": 11437}:ce2459ef4936",manual_preserve,manual_preserve_v1,New_news/OFI/OFI_news.csv,c266423998389ceb59ce49715045f90b1d181f07327dbdac876a7fc9df14e53c
NEWS_CANDIDATE_070346_1e4eeb9d,OFI,Oriental Food Industries Holdings Berhad,"Farm Fresh posts higher 3Q net profit, jump in revenue",The Star,2024-02-29,https://www.thestar.com.my/business/business-news/2024/02/29/farm-fresh-posts-higher-3q-net-profit-jump-in-revenue,1997,,,,,wrong_company,"Another target company's strong alias appears, but the row ticker's target alias does not.",No,wrong_company,none,No,No,No,No,Yes,wrong_company,1,0,d639bfec9437ff5122aa4cbace15102f1eea1d1def257851f36ebed26850ed77,"New_news_OFI_OFI_news_csv:{""row_number"": 11457}:4d043e8b570b",manual_preserve,manual_preserve_v1,New_news/OFI/OFI_news.csv,c266423998389ceb59ce49715045f90b1d181f07327dbdac876a7fc9df14e53c
NEWS_CANDIDATE_070359_2035be65,OFI,Oriental Food Industries Holdings Berhad,FBM KLCI ends at intraday low,The Star,2024-02-28,https://www.thestar.com.my/business/business-news/2024/02/28/fbm-klci-ends-at-intraday-low,1326,,,,,wrong_company,"Another target company's strong alias appears, but the row ticker's target alias does not.",No,wrong_company,none,No,No,No,No,Yes,wrong_company,1,0,3e194ec3afe3e97284b9f3def97d79be8709ee4525ff9b1039ac4845b415c180,"New_news_OFI_OFI_news_csv:{""row_number"": 11470}:5a2b5814234a",manual_preserve,manual_preserve_v1,New_news/OFI/OFI_news.csv,c266423998389ceb59ce49715045f90b1d181f07327dbdac876a7fc9df14e53c
NEWS_CANDIDATE_070361_38010464,OFI,Oriental Food Industries Holdings Berhad,"Farm Fresh posts higher 3Q net profit, jump in revenue",The Star,2024-02-28,https://www.thestar.com.my/business/business-news/2024/02/28/farm-fresh-posts-higher-3q-net-profit-jump-in-revenue,1947,,,,,wrong_company,"Another target company's strong alias appears, but the row ticker's target alias does not.",No,wrong_company,none,No,No,No,No,Yes,wrong_company,1,0,adc3c532b6aad8a164f60daea59e7ba13b557e623279f5023b43b9f291a56dd1,"New_news_OFI_OFI_news_csv:{""row_number"": 11472}:4301fa47da37",manual_preserve,manual_preserve_v1,New_news/OFI/OFI_news.csv,c266423998389ceb59ce49715045f90b1d181f07327dbdac876a7fc9df14e53c
NEWS_CANDIDATE_070367_2f4b798e,OFI,Oriental Food Industries Holdings Berhad,Leong Hup shares slide following earnings announcement,The Star,2024-02-28,https://www.thestar.com.my/business/business-news/2024/02/28/leong-hup-shares-slide-following-earnings-announcement,1836,,,,,wrong_company,"Another target company's strong alias appears, but the row ticker's target alias does not.",No,wrong_company,none,No,No,No,No,Yes,wrong_company,1,0,d811294a93e2729f704fbbb037631a466c8105693e0f7d84be696cd8e87d474b,"New_news_OFI_OFI_news_csv:{""row_number"": 11478}:34d8abf55fb6",manual_preserve,manual_preserve_v1,New_news/OFI/OFI_news.csv,c266423998389ceb59ce49715045f90b1d181f07327dbdac876a7fc9df14e53c
NEWS_CANDIDATE_070370_1aa26063,OFI,Oriental Food Industries Holdings Berhad,"Trading ideas: Mah Sing, Unisem, Alliance Bank, MISC, Tenaga, PetGas, Nestle, UOA, MBSB and Heineken",The Star,2024-02-28,https://www.thestar.com.my/business/business-news/2024/02/28/trading-ideas-mah-sing-unisem-alliance-bank-misc-tenaga-petgas-nestle-uoa-mbsb-and-heineken,1620,,,,,wrong_company,"Another target company's strong alias appears, but the row ticker's target alias does not.",No,wrong_company,none,No,No,No,No,Yes,wrong_company,1,0,449fcf0afc98a7eb931d20dcbb668aeb9630d1fde8c38b9ec2759177ee0c8ea0,"New_news_OFI_OFI_news_csv:{""row_number"": 11481}:8b6d9dae0e3a",manual_preserve,manual_preserve_v1,New_news/OFI/OFI_news.csv,c266423998389ceb59ce49715045f90b1d181f07327dbdac876a7fc9df14e53c
NEWS_CANDIDATE_070395_d72e79cb,OFI,Oriental Food Industries Holdings Berhad,FBM KLCI expected to maintain uptrend,The Star,2024-02-28,https://www.thestar.com.my/business/business-news/2024/02/28/fbm-klci-expected-to-maintain-uptrend,1662,,,,,wrong_company,"Another target company's strong alias appears, but the row ticker's target alias does not.",No,wrong_company,none,No,No,No,No,Yes,wrong_company,1,0,4e49dd8d480128c26de178877d8731824ca77b525ee91a7bf26eea59bbba0455,"New_news_OFI_OFI_news_csv:{""row_number"": 11506}:cd70c7f5a9e2",manual_preserve,manual_preserve_v1,New_news/OFI/OFI_news.csv,c266423998389ceb59ce49715045f90b1d181f07327dbdac876a7fc9df14e53c
NEWS_CANDIDATE_070480_22cfaee1,OFI,Oriental Food Industries Holdings Berhad,Record US stock rally under threat from a world in turmoil,The Star,2024-02-19,https://www.thestar.com.my/business/business-news/2024/02/19/record-us-stock-rally-under-threat-from-a-world-in-turmoil,3060,,,,,wrong_company,"Another target company's strong alias appears, but the row ticker's target alias does not.",No,wrong_company,none,No,No,No,No,Yes,wrong_company,1,0,9d3c403e8cc6abfb21cdeb7e5ae9176b35544126b47f3e625c00557f09082e42,"New_news_OFI_OFI_news_csv:{""row_number"": 11591}:75be4e5eacd5",manual_preserve,manual_preserve_v1,New_news/OFI/OFI_news.csv,c266423998389ceb59ce49715045f90b1d181f07327dbdac876a7fc9df14e53c
NEWS_CANDIDATE_070631_61da8e67,OFI,Oriental Food Industries Holdings Berhad,"Profit-taking in the market, KLCI down 0.13%",The Star,2024-02-14,https://www.thestar.com.my/business/business-news/2024/02/14/profit-taking-in-the-market-klci-down-013,1080,,,,,wrong_company,"Another target company's strong alias appears, but the row ticker's target alias does not.",No,wrong_company,none,No,No,No,No,Yes,wrong_company,1,0,d32a9d5ce24b948b88aa37cbb98d6da6773a5289a52156ccc82b769de965a9f1,"New_news_OFI_OFI_news_csv:{""row_number"": 11742}:6fc1b3e323e5",manual_preserve,manual_preserve_v1,New_news/OFI/OFI_news.csv,c266423998389ceb59ce49715045f90b1d181f07327dbdac876a7fc9df14e53c
NEWS_CANDIDATE_070647_9bad41cc,OFI,Oriental Food Industries Holdings Berhad,CNY goodies galore for media members,The Star,2024-02-03,https://www.thestar.com.my/metro/metro-news/2024/02/03/cny-goodies-galore-for-media-members,1794,,,,,wrong_company,"Another target company's strong alias appears, but the row ticker's target alias does not.",No,wrong_company,none,No,No,No,No,Yes,wrong_company,1,0,f95ca299bc19faa1ac9fdc80f6f65470ae32cf8939e953a80ec4cf8dca933470,"New_news_OFI_OFI_news_csv:{""row_number"": 11758}:01730e74150d",manual_preserve,manual_preserve_v1,New_news/OFI/OFI_news.csv,c266423998389ceb59ce49715045f90b1d181f07327dbdac876a7fc9df14e53c
NEWS_CANDIDATE_070857_11c70e13,ORGABIO,Orgabio Holdings Berhad,Bursa Malaysia falls amid regional sell-off; investors await Bank Negara’s decision,The Star,2024-09-04,https://www.thestar.com.my/business/business-news/2024/09/04/bursa-malaysia-falls-amid-regional-sell-off-investors-await-bank-negaras-decision,1623,,,,,wrong_company,"Another target company's strong alias appears, but the row ticker's target alias does not.",No,wrong_company,none,No,No,No,No,Yes,wrong_company,1,0,850e559b3805eb2a7220be9a936cb35d2f0a6e58b2fe101c59014beff223bab2,"New_news_ORGABIO_ORGABIO_news_csv:{""row_number"": 139}:1719c7b99a9e",manual_preserve,manual_preserve_v1,New_news/ORGABIO/ORGABIO_news.csv,6cd0eaee2df45a0da2e5de8a70ca5ddaae300ade75605e3d81622403026a4312
NEWS_CANDIDATE_070890_b1b6c9ed,ORGABIO,Orgabio Holdings Berhad,"Trading ideas: MyEG, Axis REIT, Mah Sing, Capital A, Hibiscus, Chin Hin, Carlsberg, I-Bhd",The Star,2024-04-25,https://www.thestar.com.my/business/business-news/2024/04/25/trading-ideas-myeg-axis-reit-mah-sing-capital-a-hibiscus-chin-hin-carlsberg-i-bhd,3613,,,,,wrong_company,"Another target company's strong alias appears, but the row ticker's target alias does not.",No,wrong_company,none,No,No,No,No,Yes,wrong_company,1,0,0534dd2f980087aaae75537d8f5450b8ee9066d70d5cd78f6df8a8dca5f67444,"New_news_ORGABIO_ORGABIO_news_csv:{""row_number"": 172}:496ba36ae542",manual_preserve,manual_preserve_v1,New_news/ORGABIO/ORGABIO_news.csv,6cd0eaee2df45a0da2e5de8a70ca5ddaae300ade75605e3d81622403026a4312
NEWS_CANDIDATE_070965_61ac4cde,PPB,PPB Group Berhad,PPB secures RM12mil vessel charter contract,The Star,2025-08-01,https://www.thestar.com.my/business/business-news/2025/08/01/ppb-secures-rm12mil-vessel-charter-contract,894,PPB|PPB Group,PPB Group,,PPB,wrong_company,Known non-target company/entity appears for this ticker.,No,wrong_company,none,No,No,No,No,Yes,wrong_company,1,0,0b3e467c9f4e02d54182cddf56648dbf355ad9bfef243f092c1d1da08170c4aa,"New_news_PPB_PPB_news_csv:{""row_number"": 51}:21bf9079dfdd",manual_preserve,manual_preserve_v1,New_news/PPB/PPB_news.csv,ebffdac47db3b0ac2eb44a1b3940e1bae79ecfdd1d23d11f0d8629f713b35ff7
NEWS_CANDIDATE_070966_554cbba4,PPB,PPB Group Berhad,Perdana Petroleum secures RM11.6mil vessel charter contract,The Star,2025-07-31,https://www.thestar.com.my/business/business-news/2025/07/31/perdana-petroleum-secures-rm116mil-vessel-charter-contract,900,PPB|PPB Group,PPB Group,,PPB,wrong_company,Known non-target company/entity appears for this ticker.,No,wrong_company,none,No,No,No,No,Yes,wrong_company,0,0,f54bbbf0c7002625b9cdf5bb5fe76ac8905f49624d5e4d1884d496769b6c9b56,"New_news_PPB_PPB_news_csv:{""row_number"": 52}:99c2096e1e8f",manual_preserve,manual_preserve_v1,New_news/PPB/PPB_news.csv,ebffdac47db3b0ac2eb44a1b3940e1bae79ecfdd1d23d11f0d8629f713b35ff7
NEWS_CANDIDATE_070971_48616561,PPB,PPB Group Berhad,"Trading ideas: Gamuda, Avangaad, Avaland, Powerwell, Perdana Petroleum, Key Asic, Samaiden, Kerjaya Prospek, LFG, CCIB",The Star,2025-07-02,https://www.thestar.com.my/business/business-news/2025/07/02/trading-ideas-gamuda-avangaad-avaland-powerwell-perdana-petroleum-key-asic-samaiden-kerjaya-prospek-lfg-ccib,2207,PPB,,,PPB,wrong_company,Known non-target company/entity appears for this ticker.,No,wrong_company,none,No,No,No,No,Yes,wrong_company,1,0,0f0a4c8fd92f0aeb0145f60d1a76a03e8b46267edd02dde0a597f6e226660e08,"New_news_PPB_PPB_news_csv:{""row_number"": 57}:62adf12be720",manual_preserve,manual_preserve_v1,New_news/PPB/PPB_news.csv,ebffdac47db3b0ac2eb44a1b3940e1bae79ecfdd1d23d11f0d8629f713b35ff7
NEWS_CANDIDATE_071084_8baf893b,PPB,PPB Group Berhad,Perdana Petroleum secures RM68mil PCSB contracts,The Star,2024-03-07,https://www.thestar.com.my/business/business-news/2024/03/07/perdana-petroleum-secures-rm68mil-pcsb-contracts,1474,PPB,,,PPB,wrong_company,Known non-target company/entity appears for this ticker.,No,wrong_company,none,No,No,No,No,Yes,wrong_company,1,0,52c8c0daa85c881f406d912cc3a8f7656cf8e9bfb6e3775e32b8ac0f61367162,"New_news_PPB_PPB_news_csv:{""row_number"": 170}:81061d347e05",manual_preserve,manual_preserve_v1,New_news/PPB/PPB_news.csv,ebffdac47db3b0ac2eb44a1b3940e1bae79ecfdd1d23d11f0d8629f713b35ff7
NEWS_CANDIDATE_071089_d5d99487,PPB,PPB Group Berhad,Perdana Petroleum secures new work order,The Star,2024-02-15,https://www.thestar.com.my/business/business-news/2024/02/15/perdana-petroleum-secures-new-work-order,1844,PPB|PPB Group,PPB Group,,PPB,wrong_company,Known non-target company/entity appears for this ticker.,No,wrong_company,none,No,No,No,No,Yes,wrong_company,1,0,fd38cc5c92a2faea63dc0c4f99e1adbc3d7474b7c91529efd6c5de5dd0192a4a,"New_news_PPB_PPB_news_csv:{""row_number"": 175}:2d39d6b41ede",manual_preserve,manual_preserve_v1,New_news/PPB/PPB_news.csv,ebffdac47db3b0ac2eb44a1b3940e1bae79ecfdd1d23d11f0d8629f713b35ff7
NEWS_CANDIDATE_071165_87b15a01,PTRB,,Farm Fresh 1Q26 profit jumps on higher margins,The Star,2025-08-28,https://www.thestar.com.my/business/business-news/2025/08/28/farm-fresh-1q26-profit-jumps-on-higher-margins,2510,,,,,wrong_company,"Another target company's strong alias appears, but the row ticker's target alias does not.",No,wrong_company,none,No,No,No,No,Yes,wrong_company,1,0,fcb9fb48a23867ef5546142b73c8cd2393abb2aa813fa650b1cc519ab8a5b72f,"New_news_PTRB_PTRB_news_csv:{""row_number"": 74}:7bc84ffa7ae0",manual_preserve,manual_preserve_v1,New_news/PTRB/PTRB_news.csv,71a9ece8fe3394c50ad9f6d1f2ae7dde6ff8231326d562f0ba993e3b38326efc
NEWS_CANDIDATE_071253_96d1394b,PTRB,,"Trading ideas: MSM, Malakoff, BFood, BCorp, Bank Islam, Oriental Kopi, Petron, Deleum, Advancecon, CTOS, Felixdynamic, Binastra, Astro, Cuckoo",The Star,2025-06-20,https://www.thestar.com.my/business/business-news/2025/06/20/trading-ideas-msm-malakoff-bfood-bcorp-bank-islam-oriental-kopi-petron-deleum-advancecon-ctos-felixdynamic-binastra-astro-cuckoo,3048,,,,,wrong_company,"Another target company's strong alias appears, but the row ticker's target alias does not.",No,wrong_company,none,No,No,No,No,Yes,wrong_company,1,0,ddcd24b7bfc0b3044c3a370eb03d0d6a914ad845b0ef80f05c558712cbdad999,"New_news_PTRB_PTRB_news_csv:{""row_number"": 162}:98fab5f291ea",manual_preserve,manual_preserve_v1,New_news/PTRB/PTRB_news.csv,71a9ece8fe3394c50ad9f6d1f2ae7dde6ff8231326d562f0ba993e3b38326efc
NEWS_CANDIDATE_071301_9fae14f3,PTRB,,FBM KLCI sinks to intraday low as banks drag,The Star,2025-05-22,https://www.thestar.com.my/business/business-news/2025/05/22/fbm-klci-sinks-to-intraday-low-as-banks-drag,1481,,,,,wrong_company,"Another target company's strong alias appears, but the row ticker's target alias does not.",No,wrong_company,none,No,No,No,No,Yes,wrong_company,1,0,b416eb5a1c7238ef9def49d2335d75d46b7dfc08975806d90acca009c5318c68,"New_news_PTRB_PTRB_news_csv:{""row_number"": 210}:3ff47a50e197",manual_preserve,manual_preserve_v1,New_news/PTRB/PTRB_news.csv,71a9ece8fe3394c50ad9f6d1f2ae7dde6ff8231326d562f0ba993e3b38326efc
NEWS_CANDIDATE_071336_94a7ee42,PTRB,,"Bursa Malaysia dips as Trump’s tariffs hit sentiment, last-minute buying cushions losses",The Star,2025-04-03,https://www.thestar.com.my/business/business-news/2025/04/03/bursa-malaysia-dips-as-trumps-tariffs-hit-sentiment-last-minute-buying-cushions-losses,2127,,,,,wrong_company,"Another target company's strong alias appears, but the row ticker's target alias does not.",No,wrong_company,none,No,No,No,No,Yes,wrong_company,1,0,d17a98f4bb241b4e0aef7e38afbfc47a96de5b100ae6d741f355d33429e72404,"New_news_PTRB_PTRB_news_csv:{""row_number"": 245}:301650a7eae5",manual_preserve,manual_preserve_v1,New_news/PTRB/PTRB_news.csv,71a9ece8fe3394c50ad9f6d1f2ae7dde6ff8231326d562f0ba993e3b38326efc
NEWS_CANDIDATE_071506_3a1c3907,PTRB,,Cautious market sentiment drags Bursa Malaysia lower,The Star,2024-07-24,https://www.thestar.com.my/business/business-news/2024/07/24/cautious-market-sentiment-drags-bursa-malaysia-lower,1993,,,,,wrong_company,"Another target company's strong alias appears, but the row ticker's target alias does not.",No,wrong_company,none,No,No,No,No,Yes,wrong_company,1,0,ec4983f3dbc0abcd57f0d79bfe36fb5afbd504c006d16f1861419eb8869ab8ab,"New_news_PTRB_PTRB_news_csv:{""row_number"": 415}:cfb99882ea1c",manual_preserve,manual_preserve_v1,New_news/PTRB/PTRB_news.csv,71a9ece8fe3394c50ad9f6d1f2ae7dde6ff8231326d562f0ba993e3b38326efc
NEWS_CANDIDATE_071583_15840cd6,PTRB,,"Trading ideas: Maybank, Hong Leong Bank, HLFG, Public Bank, Farm Fresh, Hap Seng, Press Metal, Capital A, PPB, IJM, MYEG and Pecca",The Star,2024-02-29,https://www.thestar.com.my/business/business-news/2024/02/29/trading-ideas-maybank-hong-leong-bank-hlfg-public-bank-farm-fresh-hap-seng-press-metal-capital-a-ppb-ijm-myeg-and-pecca,2309,,,,,wrong_company,"Another target company's strong alias appears, but the row ticker's target alias does not.",No,wrong_company,none,No,No,No,No,Yes,wrong_company,1,0,ae534598a122cae190325122583d9b9475fe311384dcd301d2bcef878ab7b613,"New_news_PTRB_PTRB_news_csv:{""row_number"": 492}:0e6290156f4a",manual_preserve,manual_preserve_v1,New_news/PTRB/PTRB_news.csv,71a9ece8fe3394c50ad9f6d1f2ae7dde6ff8231326d562f0ba993e3b38326efc
NEWS_CANDIDATE_071594_41611cd0,POWER,,Earnings for Power Root set to recover next year,The Star,2025-03-13,https://www.thestar.com.my/business/business-news/2025/03/13/earnings-for-power-root-set-to-recover-next-year,1357,,,,,wrong_company,"Another target company's strong alias appears, but the row ticker's target alias does not.",No,wrong_company,none,No,No,No,No,Yes,wrong_company,1,0,651da0f4bea42de1068589e74009a67097a1e7723142e85d44282e7942076255,"New_news_PWROOT_Power_news_csv:{""row_number"": 1}:a623224746f0",manual_preserve,manual_preserve_v1,New_news/PWROOT/Power_news.csv,aeac4acb4504a5c3866377919a35f197304bc10ebbdbe94791e1aaa497109af5
NEWS_CANDIDATE_071595_bf479025,POWER,,"Trading ideas: Sunway, Sime Darby Property, Jentayu, Solar, TechStore, CLMT, Sentral, AME, Gadang, Hua Yang, Aneka",The Star,2025-01-23,https://www.thestar.com.my/business/business-news/2025/01/23/trading-ideas-sunway-sime-darby-property-jentayu-solar-techstore-clmt-sentral-ame-gadang-hua-yang-aneka,2405,,,,,wrong_company,"Another target company's strong alias appears, but the row ticker's target alias does not.",No,wrong_company,none,No,No,No,No,Yes,wrong_company,1,0,5a41b67290bd87f014bd4bc52926cf9ab5127a1e697bd59f4da60f294d34bdb1,"New_news_PWROOT_Power_news_csv:{""row_number"": 2}:331d49cf66a3",manual_preserve,manual_preserve_v1,New_news/PWROOT/Power_news.csv,aeac4acb4504a5c3866377919a35f197304bc10ebbdbe94791e1aaa497109af5
NEWS_CANDIDATE_071596_db1d6e98,POWER,,"Trading ideas: Gamuda, SkyWorld, PGF, FGV, Mega First, JHM, MN, OCK, Sunview, Power Root, SNS",The Star,2024-12-11,https://www.thestar.com.my/business/business-news/2024/12/11/trading-ideas-gamuda-skyworld-pgf-fgv-mega-first-jhm-mn-ock-sunview-power-root-sns,2343,,,,,wrong_company,"Another target company's strong alias appears, but the row ticker's target alias does not.",No,wrong_company,none,No,No,No,No,Yes,wrong_company,1,0,11f7996f05839defeb7e9b6ae5f08518694f4368f8c602d5d58feb11a6593073,"New_news_PWROOT_Power_news_csv:{""row_number"": 3}:6266860a8441",manual_preserve,manual_preserve_v1,New_news/PWROOT/Power_news.csv,aeac4acb4504a5c3866377919a35f197304bc10ebbdbe94791e1aaa497109af5
NEWS_CANDIDATE_071597_45c1dd8e,POWER,,Power Root buys land worth RM20mil,The Star,2024-12-11,https://www.thestar.com.my/business/business-news/2024/12/11/power-root-buys-land-worth-rm20mil,754,,,,,wrong_company,"Another target company's strong alias appears, but the row ticker's target alias does not.",No,wrong_company,none,No,No,No,No,Yes,wrong_company,1,0,a80f7647fdf29c90649f5ad6da1a7847c8f434446129a43f026e729c96ace710,"New_news_PWROOT_Power_news_csv:{""row_number"": 4}:e3f69503221d",manual_preserve,manual_preserve_v1,New_news/PWROOT/Power_news.csv,aeac4acb4504a5c3866377919a35f197304bc10ebbdbe94791e1aaa497109af5
NEWS_CANDIDATE_071598_690e347f,POWER,,"Trading ideas: Cypark, Power Root, Solarvest, Alpha IVF, AWC, Wellcall, MMHE, Euro, Sorento, OB, Magni-Tech",The Star,2024-09-04,https://www.thestar.com.my/business/business-news/2024/09/04/trading-ideas-cypark-power-root-solarvest-alpha-ivf-awc-wellcall-mmhe-euro-sorento-ob-magni-tech,2384,,,,,wrong_company,"Another target company's strong alias appears, but the row ticker's target alias does not.",No,wrong_company,none,No,No,No,No,Yes,wrong_company,1,0,159460b2637ff77b5592f490662878532ea8de43225ab3f5780c082fb15788b6,"New_news_PWROOT_Power_news_csv:{""row_number"": 5}:18cd9be7c6db",manual_preserve,manual_preserve_v1,New_news/PWROOT/Power_news.csv,aeac4acb4504a5c3866377919a35f197304bc10ebbdbe94791e1aaa497109af5
NEWS_CANDIDATE_071599_659a5c4f,POWER,,"Trading ideas: Sime Plantation, Sapura Energy, Power Root, OCK, Pekat, Yinson, Mobilia, Siab, Ireka",The Star,2024-05-08,https://www.thestar.com.my/business/business-news/2024/05/08/trading-ideas-sime-plantation-sapura-energy-power-root-ock-pekat-yinson-mobilia-siab-ireka,2456,,,,,wrong_company,"Another target company's strong alias appears, but the row ticker's target alias does not.",No,wrong_company,none,No,No,No,No,Yes,wrong_company,1,0,52f25f79e081508643099e3f053cc34a3563b4a2c484701b4a07a1f0c6acaee8,"New_news_PWROOT_Power_news_csv:{""row_number"": 6}:e704e0479faf",manual_preserve,manual_preserve_v1,New_news/PWROOT/Power_news.csv,aeac4acb4504a5c3866377919a35f197304bc10ebbdbe94791e1aaa497109af5
NEWS_CANDIDATE_071600_a3f33c97,POWER,,Paper dragons a symbol of unity,The Star,2024-02-06,https://www.thestar.com.my/metro/metro-news/2024/02/06/paper-dragons-a-symbol-of-unity,2331,,,,,wrong_company,"Another target company's strong alias appears, but the row ticker's target alias does not.",No,wrong_company,none,No,No,No,No,Yes,wrong_company,1,0,7131f717f27e95f9fe7f2ca5836dbe86e7c7ef888890f46f88d126cbeb79e1f5,"New_news_PWROOT_Power_news_csv:{""row_number"": 7}:072ae62bba3a",manual_preserve,manual_preserve_v1,New_news/PWROOT/Power_news.csv,aeac4acb4504a5c3866377919a35f197304bc10ebbdbe94791e1aaa497109af5
NEWS_CANDIDATE_071601_a01b2c97,SCB,,Bursa Malaysia ends morning sessions lower,The Star,2026-01-02,https://www.thestar.com.my/business/business-news/2026/01/02/bursa-malaysia-ends-morning-sessions-lower,2243,,,,,wrong_company,"Another target company's strong alias appears, but the row ticker's target alias does not.",No,wrong_company,none,No,No,No,No,Yes,wrong_company,1,0,5682dc67001962dcfefc8c4ee0b6b0dcd901d12cd6853340dda9a2ad34a79a06,"New_news_SCB_SCB_news_csv:{""row_number"": 1}:7d79b19f35b8",manual_preserve,manual_preserve_v1,New_news/SCB/SCB_news.csv,5573baac0f890bc9c293388b46460d169b114109267ca5372f2543b835755dc5
NEWS_CANDIDATE_071605_858ec6e6,SCB,,Bursa Malaysia closes higher for fourth consecutive session,The Star,2025-12-16,https://www.thestar.com.my/business/business-news/2025/12/16/bursa-malaysia-closes-higher-for-fourth-consecutive-session,3923,,,,,wrong_company,"Another target company's strong alias appears, but the row ticker's target alias does not.",No,wrong_company,none,No,No,No,No,Yes,wrong_company,1,0,719b375ba86c815fbcd769e663c9b9b41a29d7a065126b160c3cc67f5b55158a,"New_news_SCB_SCB_news_csv:{""row_number"": 5}:a82dafebbaf0",manual_preserve,manual_preserve_v1,New_news/SCB/SCB_news.csv,5573baac0f890bc9c293388b46460d169b114109267ca5372f2543b835755dc5
NEWS_CANDIDATE_071639_2441a7cd,SCB,,"FBM KLCI extends winning streak, hits one-month high",The Star,2025-07-02,https://www.thestar.com.my/business/business-news/2025/07/02/fbm-klci-extends-winning-streak-hits-one-month-high,1707,,,,,wrong_company,"Another target company's strong alias appears, but the row ticker's target alias does not.",No,wrong_company,none,No,No,No,No,Yes,wrong_company,1,0,51a7ae39979eff0d550ea7f6f72067c613c57c09d0203376cd93ecc20a24a2dd,"New_news_SCB_SCB_news_csv:{""row_number"": 39}:987c2277de2e",manual_preserve,manual_preserve_v1,New_news/SCB/SCB_news.csv,5573baac0f890bc9c293388b46460d169b114109267ca5372f2543b835755dc5
NEWS_CANDIDATE_071669_29ed7464,SCB,,Bargain hunting ends four-day losing streak on Bursa Malaysia,The Star,2025-03-05,https://www.thestar.com.my/business/business-news/2025/03/05/bargain-hunting-ends-four-day-losing-streak-on-bursa-malaysia,1459,,,,,wrong_company,"Another target company's strong alias appears, but the row ticker's target alias does not.",No,wrong_company,none,No,No,No,No,Yes,wrong_company,1,0,eae47b2f24a84e9d4de253bfbe2d1fe310cc6823679cc309b5d339fcb4e5eab1,"New_news_SCB_SCB_news_csv:{""row_number"": 69}:04cf900a3c3a",manual_preserve,manual_preserve_v1,New_news/SCB/SCB_news.csv,5573baac0f890bc9c293388b46460d169b114109267ca5372f2543b835755dc5
NEWS_CANDIDATE_071685_54959a8a,SCB,,"FBM KLCI rebounds, ending two-day losing streak amid regional gains",The Star,2024-12-18,https://www.thestar.com.my/business/business-news/2024/12/18/fbm-klci-rebounds-ending-two-day-losing-streak-amid-regional-gains,1701,,,,,wrong_company,"Another target company's strong alias appears, but the row ticker's target alias does not.",No,wrong_company,none,No,No,No,No,Yes,wrong_company,1,0,1b970f3cd0cb85345df77257252fdabfcbaae3934e46d846edd070ebb3a991dd,"New_news_SCB_SCB_news_csv:{""row_number"": 85}:7a4694ea1958",manual_preserve,manual_preserve_v1,New_news/SCB/SCB_news.csv,5573baac0f890bc9c293388b46460d169b114109267ca5372f2543b835755dc5
NEWS_CANDIDATE_071705_89a3eb55,SCB,,FBM KLCI slips in line with region as Public Bank leads decline,The Star,2024-10-11,https://www.thestar.com.my/business/business-news/2024/10/11/fbm-klci-slips-in-line-with-region-as-public-bank-leads-decline,1779,,,,,wrong_company,"Another target company's strong alias appears, but the row ticker's target alias does not.",No,wrong_company,none,No,No,No,No,Yes,wrong_company,1,0,cb64c86fea75fb55c9742af0b6f5074702e34b649586ead5144e92cfa55d0a2a,"New_news_SCB_SCB_news_csv:{""row_number"": 105}:9d7f123f3a26",manual_preserve,manual_preserve_v1,New_news/SCB/SCB_news.csv,5573baac0f890bc9c293388b46460d169b114109267ca5372f2543b835755dc5
NEWS_CANDIDATE_071717_6c13492e,SCB,,FBM KLCI rallies 1.53% to close at nearly fresh 4-year high,The Star,2024-08-30,https://www.thestar.com.my/business/business-news/2024/08/30/fbm-klci-rallies-153-to-close-at-nearly-fresh-4-year-high,2032,,,,,wrong_company,"Another target company's strong alias appears, but the row ticker's target alias does not.",No,wrong_company,none,No,No,No,No,Yes,wrong_company,1,0,4ddefed023f794fe9d1ab7199eda929641468fd695f2d16beac1a81225a2145b,"New_news_SCB_SCB_news_csv:{""row_number"": 117}:88d11546b58a",manual_preserve,manual_preserve_v1,New_news/SCB/SCB_news.csv,5573baac0f890bc9c293388b46460d169b114109267ca5372f2543b835755dc5
NEWS_CANDIDATE_071719_7c2f09de,SCB,,FBM KLCI tumbles 21 points on profit-taking; ringgit strengthens to 1.5-year high,The Star,2024-08-29,https://www.thestar.com.my/business/business-news/2024/08/29/fbm-klci-tumbles-21-points-on-profit-taking-ringgit-strengthens-to-15-year-high,1874,,,,,wrong_company,"Another target company's strong alias appears, but the row ticker's target alias does not.",No,wrong_company,none,No,No,No,No,Yes,wrong_company,1,0,d491f7389b4de67bb4634b75afda67b9a71e8b0215bbe3a622b272af97ef6bf3,"New_news_SCB_SCB_news_csv:{""row_number"": 119}:953c087cd25c",manual_preserve,manual_preserve_v1,New_news/SCB/SCB_news.csv,5573baac0f890bc9c293388b46460d169b114109267ca5372f2543b835755dc5
NEWS_CANDIDATE_071728_a9ca3e96,SCB,,"Bursa Malaysia in sea of red as 1,300 counters decline; ringgit rises for 10th straight day",The Star,2024-08-02,https://www.thestar.com.my/business/business-news/2024/08/02/bursa-malaysia-in-sea-of-red-as-1300-counters-decline-ringgit-rises-for-10th-straight-day,1776,,,,,wrong_company,"Another target company's strong alias appears, but the row ticker's target alias does not.",No,wrong_company,none,No,No,No,No,Yes,wrong_company,1,0,32519a7403f435a6591c7326b86116a475f7c3caa41d39d9d72353348dd3ed0e,"New_news_SCB_SCB_news_csv:{""row_number"": 128}:7d012717b1de",manual_preserve,manual_preserve_v1,New_news/SCB/SCB_news.csv,5573baac0f890bc9c293388b46460d169b114109267ca5372f2543b835755dc5
NEWS_CANDIDATE_071763_ab1ebdfe,SCB,,FGV targets submission of petition to US customs by end-June,The Star,2024-04-03,https://www.thestar.com.my/business/business-news/2024/04/03/fgv-targets-submission-of-petition-to-us-customs-by-end-june,2166,,,,,wrong_company,"Another target company's strong alias appears, but the row ticker's target alias does not.",No,wrong_company,none,No,No,No,No,Yes,wrong_company,1,0,3eef702a4f4484ed0d52d5210f4bf9b9a227fb16ac5646ace9ef6c933da865d0,"New_news_SCB_SCB_news_csv:{""row_number"": 163}:8bf5446678f7",manual_preserve,manual_preserve_v1,New_news/SCB/SCB_news.csv,5573baac0f890bc9c293388b46460d169b114109267ca5372f2543b835755dc5
NEWS_CANDIDATE_071791_20146677,SDS,SDS Group Berhad,STRATEGICALLY BUILT FOR SPEED AND SCALE,The Star,2025-12-02,https://www.thestar.com.my/metro/metro-news/2025/12/02/strategically-built-for-speed-and-scale,6313,,,,,wrong_company,"Another target company's strong alias appears, but the row ticker's target alias does not.",No,wrong_company,none,No,No,No,No,Yes,wrong_company,1,0,505a08956a5a16352945da7ddbc9f1e82de06a958a20ff2ab3bd1f4b097d9f84,"New_news_SDS_SDS_news_csv:{""row_number"": 18}:fd4c56cc9537",manual_preserve,manual_preserve_v1,New_news/SDS/SDS_news.csv,4cb1c5a72ce90fbb8933ef0c5ba7eb790426606411abd0a8b3371c4a44dd9f96
NEWS_CANDIDATE_071978_31632288,SDS,SDS Group Berhad,"YTL Power, YTL Corp drive FBM KLCI higher at midday",The Star,2024-09-12,https://www.thestar.com.my/business/business-news/2024/09/12/ytl-power-ytl-corp-drive-fbm-klci-higher-at-midday,2101,,,,,wrong_company,"Another target company's strong alias appears, but the row ticker's target alias does not.",No,wrong_company,none,No,No,No,No,Yes,wrong_company,1,0,01c714370d7399718be457235d44edb475c328c7fbf8b584be21548ef060ebf1,"New_news_SDS_SDS_news_csv:{""row_number"": 205}:5b9034085ed1",manual_preserve,manual_preserve_v1,New_news/SDS/SDS_news.csv,4cb1c5a72ce90fbb8933ef0c5ba7eb790426606411abd0a8b3371c4a44dd9f96
NEWS_CANDIDATE_072092_ab860505,SG,Saudee Group Berhad,Consumer sector posts ESG compliance gains,The Star,2025-12-25,https://www.thestar.com.my/business/business-news/2025/12/25/consumer-sector-posts-esg-compliance-gains,3444,,,,,wrong_company,"Another target company's strong alias appears, but the row ticker's target alias does not.",No,wrong_company,none,No,No,No,No,Yes,wrong_company,1,0,16291ec71c723d0447c15c1c869b9a88b5304c6a49dfe452a8564c58886d8a30,"New_news_SG_SG_news_csv:{""row_number"": 24}:d765a8568c4e",manual_preserve,manual_preserve_v1,New_news/SG/SG_news.csv,d647267f9e21d2308fb5266675133ae3c7ce3e00a198331d18e15c0bdd453255
NEWS_CANDIDATE_072140_423cb533,SG,Saudee Group Berhad,"F4GBM Index expands with 26 constituents, F4GBMS Index adds 24",The Star,2025-12-11,https://www.thestar.com.my/business/business-news/2025/12/11/f4gbm-index-expands-with-26-constituents-f4gbms-index-adds-24,1605,,,,,wrong_company,"Another target company's strong alias appears, but the row ticker's target alias does not.",No,wrong_company,none,No,No,No,No,Yes,wrong_company,1,0,8faf9536b352f9ece6c8995fa089f3f03c98fc5bd85ed0dcd70321b76fc0bea1,"New_news_SG_SG_news_csv:{""row_number"": 72}:0b82ac1c4097",manual_preserve,manual_preserve_v1,New_news/SG/SG_news.csv,d647267f9e21d2308fb5266675133ae3c7ce3e00a198331d18e15c0bdd453255
NEWS_CANDIDATE_072187_ea5c889f,SG,Saudee Group Berhad,STRATEGICALLY BUILT FOR SPEED AND SCALE,The Star,2025-12-02,https://www.thestar.com.my/metro/metro-news/2025/12/02/strategically-built-for-speed-and-scale,6313,,,,,wrong_company,"Another target company's strong alias appears, but the row ticker's target alias does not.",No,wrong_company,none,No,No,No,No,Yes,wrong_company,1,0,505a08956a5a16352945da7ddbc9f1e82de06a958a20ff2ab3bd1f4b097d9f84,"New_news_SG_SG_news_csv:{""row_number"": 119}:a56238d55c31",manual_preserve,manual_preserve_v1,New_news/SG/SG_news.csv,d647267f9e21d2308fb5266675133ae3c7ce3e00a198331d18e15c0bdd453255
NEWS_CANDIDATE_072221_a4762040,SG,Saudee Group Berhad,Farm Fresh posts 40% jump in 2Q profit,The Star,2025-11-26,https://www.thestar.com.my/business/business-news/2025/11/26/farm-fresh-posts-40-jump-in-2q-profit,2710,,,,,wrong_company,"Another target company's strong alias appears, but the row ticker's target alias does not.",No,wrong_company,none,No,No,No,No,Yes,wrong_company,1,0,2d90fef69f2a81836ac9af97a7e16407fa330b7f37d4138298bf010180b75989,"New_news_SG_SG_news_csv:{""row_number"": 153}:b339ef12af95",manual_preserve,manual_preserve_v1,New_news/SG/SG_news.csv,d647267f9e21d2308fb5266675133ae3c7ce3e00a198331d18e15c0bdd453255
NEWS_CANDIDATE_072476_b7995486,SG,Saudee Group Berhad,Farm Fresh to scale volume and expand into high-value markets,The Star,2025-09-25,https://www.thestar.com.my/business/business-news/2025/09/25/farm-fresh-to-scale-volume-and-expand-into-high-value-markets,2368,,,,,wrong_company,"Another target company's strong alias appears, but the row ticker's target alias does not.",No,wrong_company,none,No,No,No,No,Yes,wrong_company,1,0,ecda75813d479db44890f98a057db172b4456eaedaa0a56e7b7f77ba1478f790,"New_news_SG_SG_news_csv:{""row_number"": 408}:d4590a47e637",manual_preserve,manual_preserve_v1,New_news/SG/SG_news.csv,d647267f9e21d2308fb5266675133ae3c7ce3e00a198331d18e15c0bdd453255
NEWS_CANDIDATE_072830_ddba1182,SG,Saudee Group Berhad,A toast to diversity,The Star,2025-06-26,https://www.thestar.com.my/starpicks/2025/06/26/a-toast-to-diversity,3649,,,,,wrong_company,"Another target company's strong alias appears, but the row ticker's target alias does not.",No,wrong_company,none,No,No,No,No,Yes,wrong_company,1,0,1cf974e5ef2a95f172dfdded3e0053b1b2ab7fb1fbbe3fbe79b35c622b52b1ea,"New_news_SG_SG_news_csv:{""row_number"": 762}:08c0de99e972",manual_preserve,manual_preserve_v1,New_news/SG/SG_news.csv,d647267f9e21d2308fb5266675133ae3c7ce3e00a198331d18e15c0bdd453255
NEWS_CANDIDATE_072869_274b2367,SG,Saudee Group Berhad,FTSE4Good Bursa Malaysia Index adds 19 stocks,The Star,2025-06-13,https://www.thestar.com.my/business/business-news/2025/06/13/ftse4good-bursa-malaysia-index-adds-19-stocks,1202,,,,,wrong_company,"Another target company's strong alias appears, but the row ticker's target alias does not.",No,wrong_company,none,No,No,No,No,Yes,wrong_company,1,0,628d90f00314a67b77825411eb082842c034a10fc91d4d1642dba8c20ecff139,"New_news_SG_SG_news_csv:{""row_number"": 801}:74dd391cbb5a",manual_preserve,manual_preserve_v1,New_news/SG/SG_news.csv,d647267f9e21d2308fb5266675133ae3c7ce3e00a198331d18e15c0bdd453255
NEWS_CANDIDATE_072870_ef4df03c,SG,Saudee Group Berhad,FTSE4Good Bursa Malaysia Index adds 19 new stocks in June 2025 review,The Star,2025-06-12,https://www.thestar.com.my/business/business-news/2025/06/12/ftse4good-bursa-malaysia-index-adds-19-new-stocks-in-june-2025-review,1314,,,,,wrong_company,"Another target company's strong alias appears, but the row ticker's target alias does not.",No,wrong_company,none,No,No,No,No,Yes,wrong_company,1,0,17ea9dc143f491e63b06e65ca09aab072eff416286760c7c2f3fd57b82e2f8bc,"New_news_SG_SG_news_csv:{""row_number"": 802}:69790e0d7291",manual_preserve,manual_preserve_v1,New_news/SG/SG_news.csv,d647267f9e21d2308fb5266675133ae3c7ce3e00a198331d18e15c0bdd453255
NEWS_CANDIDATE_073131_300fea29,SG,Saudee Group Berhad,Carlsberg Malaysia’s maiden attempt on International Financial Reporting Standards (IFRS) S2 Climate-related Disclosure,The Star,2025-04-04,https://www.thestar.com.my/news/nation/2025/04/04/carlsberg-malaysias-maiden-attempt-on-international-financial-reporting-standards-ifrs-s2-climate-related-disclosure,5019,,,,,wrong_company,"Another target company's strong alias appears, but the row ticker's target alias does not.",No,wrong_company,none,No,No,No,No,Yes,wrong_company,1,0,473a5d0cdfc13a9940a954b67f050c01f793e4b70695512ff4b4067348326fb8,"New_news_SG_SG_news_csv:{""row_number"": 1063}:3db47e385854",manual_preserve,manual_preserve_v1,New_news/SG/SG_news.csv,d647267f9e21d2308fb5266675133ae3c7ce3e00a198331d18e15c0bdd453255
NEWS_CANDIDATE_073554_073dbbd8,SG,Saudee Group Berhad,BREWERY TRANSFORMATION A MULTI-PRONGED STRATEGY,The Star,2024-12-27,https://www.thestar.com.my/business/business-news/2024/12/27/brewery-transformation-a-multi-pronged-strategy,5682,,,,,wrong_company,"Another target company's strong alias appears, but the row ticker's target alias does not.",No,wrong_company,none,No,No,No,No,Yes,wrong_company,1,0,4e9dea13d70559b29b2891af94defa7fcb28bd503dc59a82607aae2205246837,"New_news_SG_SG_news_csv:{""row_number"": 1486}:8b251f04252b",manual_preserve,manual_preserve_v1,New_news/SG/SG_news.csv,d647267f9e21d2308fb5266675133ae3c7ce3e00a198331d18e15c0bdd453255
NEWS_CANDIDATE_073668_d384cac1,SG,Saudee Group Berhad,Bursa wraps up morning session slightly in red as decliners dominate,The Star,2024-11-28,https://www.thestar.com.my/business/business-news/2024/11/28/bursa-wraps-up-morning-session-slightly-in-red-as-decliners-dominate,2417,,,,,wrong_company,"Another target company's strong alias appears, but the row ticker's target alias does not.",No,wrong_company,none,No,No,No,No,Yes,wrong_company,1,0,35f143166b62cc106f8907311833267320d73b8805092e22d54ecc6a17a2f89e,"New_news_SG_SG_news_csv:{""row_number"": 1600}:8718b5532ef4",manual_preserve,manual_preserve_v1,New_news/SG/SG_news.csv,d647267f9e21d2308fb5266675133ae3c7ce3e00a198331d18e15c0bdd453255
NEWS_CANDIDATE_073688_2bf93ed7,SG,Saudee Group Berhad,Bursa Malaysia opens lower as selling pressure weighs on market sentiment,The Star,2024-11-29,https://www.thestar.com.my/business/business-news/2024/11/29/bursa-malaysia-opens-lower-as-selling-pressure-weighs-on-market-sentiment,1511,,,,,wrong_company,"Another target company's strong alias appears, but the row ticker's target alias does not.",No,wrong_company,none,No,No,No,No,Yes,wrong_company,1,0,844bef7b80fb293f99ed48a5bd58490253b0d24087b47badbc56a85ac0b3d085,"New_news_SG_SG_news_csv:{""row_number"": 1620}:31b75a47fea4",manual_preserve,manual_preserve_v1,New_news/SG/SG_news.csv,d647267f9e21d2308fb5266675133ae3c7ce3e00a198331d18e15c0bdd453255
NEWS_CANDIDATE_073706_6a47d486,SG,Saudee Group Berhad,Pushing together on ESG goals,The Star,2024-11-20,https://www.thestar.com.my/metro/metro-news/2024/11/20/pushing-together-on-esg-goals,3184,,,,,wrong_company,"Another target company's strong alias appears, but the row ticker's target alias does not.",No,wrong_company,none,No,No,No,No,Yes,wrong_company,0,0,9f311ff3d2c4a10e6331c88bde5ad1705e762ac41205ad61bc0c5cd1874aa3d6,"New_news_SG_SG_news_csv:{""row_number"": 1638}:1ba2c7f0003f",manual_preserve,manual_preserve_v1,New_news/SG/SG_news.csv,d647267f9e21d2308fb5266675133ae3c7ce3e00a198331d18e15c0bdd453255
NEWS_CANDIDATE_073752_18b5208c,SG,Saudee Group Berhad,Holistic approach in ESG journey,The Star,2024-11-08,https://www.thestar.com.my/news/nation/2024/11/08/holistic-approach-in-esg-journey,4822,,,,,wrong_company,"Another target company's strong alias appears, but the row ticker's target alias does not.",No,wrong_company,none,No,No,No,No,Yes,wrong_company,1,0,8bf309fcd6cc21bce5ca9ef4171353d2376157fb81d9179bbd17c31df6eff0eb,"New_news_SG_SG_news_csv:{""row_number"": 1684}:c35e9c690dbe",manual_preserve,manual_preserve_v1,New_news/SG/SG_news.csv,d647267f9e21d2308fb5266675133ae3c7ce3e00a198331d18e15c0bdd453255
NEWS_CANDIDATE_073753_8703ac1d,SG,Saudee Group Berhad,‘Help companies find ways to reduce energy consumption’,The Star,2024-11-08,https://www.thestar.com.my/news/nation/2024/11/08/help-companies-find-ways-to-reduce-energy-consumption,2912,,,,,wrong_company,"Another target company's strong alias appears, but the row ticker's target alias does not.",No,wrong_company,none,No,No,No,No,Yes,wrong_company,0,0,cc4581a2ce7c86534a38f1b19d8c2546f680659065b146da37777b74f443571f,"New_news_SG_SG_news_csv:{""row_number"": 1685}:d9abb28de25d",manual_preserve,manual_preserve_v1,New_news/SG/SG_news.csv,d647267f9e21d2308fb5266675133ae3c7ce3e00a198331d18e15c0bdd453255
NEWS_CANDIDATE_073783_5ed6cc56,SG,Saudee Group Berhad,Empowering action through insight,The Star,2024-11-01,https://www.thestar.com.my/business/business-news/2024/11/01/empowering-action-through-insight,4181,,,,,wrong_company,"Another target company's strong alias appears, but the row ticker's target alias does not.",No,wrong_company,none,No,No,No,No,Yes,wrong_company,0,0,b685f48e11212d3f73da7c696da16fc3ba81084c239c658a71a67bee2f86758a,"New_news_SG_SG_news_csv:{""row_number"": 1715}:49ae75478d62",manual_preserve,manual_preserve_v1,New_news/SG/SG_news.csv,d647267f9e21d2308fb5266675133ae3c7ce3e00a198331d18e15c0bdd453255
NEWS_CANDIDATE_073842_5bce06e2,SG,Saudee Group Berhad,"Trading ideas: AirAsia X, LFE, Crescendo, Fajarbaru, Infoline, Econpile, Aizo, Radiant, Kawan, LBS",The Star,2024-10-17,https://www.thestar.com.my/business/business-news/2024/10/17/trading-ideas-airasia-x-lfe-crescendo-fajarbaru-infoline-econpile-aizo-radiant-kawan-lbs,1910,,,,,wrong_company,"Another target company's strong alias appears, but the row ticker's target alias does not.",No,wrong_company,none,No,No,No,No,Yes,wrong_company,1,0,e134166559706ff8fcf1b7f9d4b36c9f9763d7154203506d01f29f44d19fcf49,"New_news_SG_SG_news_csv:{""row_number"": 1774}:7df119a11f06",manual_preserve,manual_preserve_v1,New_news/SG/SG_news.csv,d647267f9e21d2308fb5266675133ae3c7ce3e00a198331d18e15c0bdd453255
NEWS_CANDIDATE_074010_eb506d04,SG,Saudee Group Berhad,Heineken clinches three gold sustainability awards,The Star,2024-09-12,https://www.thestar.com.my/business/business-news/2024/09/12/heineken-clinches-three-gold-sustainability-awards,1588,,,,,wrong_company,"Another target company's strong alias appears, but the row ticker's target alias does not.",No,wrong_company,none,No,No,No,No,Yes,wrong_company,1,0,feb2c35e38c6a24d481b9560c453b0301e5c45383ee3efa5426f3437e1b7849f,"New_news_SG_SG_news_csv:{""row_number"": 1942}:c4a3d0dab597",manual_preserve,manual_preserve_v1,New_news/SG/SG_news.csv,d647267f9e21d2308fb5266675133ae3c7ce3e00a198331d18e15c0bdd453255
NEWS_CANDIDATE_074093_ede48b90,SG,Saudee Group Berhad,Kawan benefitting from strong foreign demand,The Star,2024-08-22,https://www.thestar.com.my/business/business-news/2024/08/22/kawan-benefitting-from-strong-foreign-demand,2311,,,,,wrong_company,"Another target company's strong alias appears, but the row ticker's target alias does not.",No,wrong_company,none,No,No,No,No,Yes,wrong_company,1,0,b84fc8774d8958e5f3d265ba3bc8648cb4e9a9f16b6d7c9705768d14802f4f89,"New_news_SG_SG_news_csv:{""row_number"": 2025}:7ad12d2852c2",manual_preserve,manual_preserve_v1,New_news/SG/SG_news.csv,d647267f9e21d2308fb5266675133ae3c7ce3e00a198331d18e15c0bdd453255
NEWS_CANDIDATE_074462_e81e8305,SG,Saudee Group Berhad,Beacon of pride for developers,The Star,2024-05-16,https://www.thestar.com.my/news/nation/2024/05/16/beacon-of-pride-for-developers,4866,,,,,wrong_company,"Another target company's strong alias appears, but the row ticker's target alias does not.",No,wrong_company,none,No,No,No,No,Yes,wrong_company,1,0,1e241371bf3aafcd55fe1f7d10973caf55f4777af924ef19acb6f8b06507e55d,"New_news_SG_SG_news_csv:{""row_number"": 2394}:c9d6b7236efc",manual_preserve,manual_preserve_v1,New_news/SG/SG_news.csv,d647267f9e21d2308fb5266675133ae3c7ce3e00a198331d18e15c0bdd453255
NEWS_CANDIDATE_074990_820cd6da,NEW,,Bursa Malaysia ends morning session easier,The Star,2025-12-31,https://www.thestar.com.my/business/business-news/2025/12/31/bursa-malaysia-ends-morning-session-easier,2275,,,,,wrong_company,"Another target company's strong alias appears, but the row ticker's target alias does not.",No,wrong_company,none,No,No,No,No,Yes,wrong_company,1,0,f9a6e0371256cceb824e8b290d768b696b9889ec2e96e402f46fb856a41f4153,"New_news_THREE_A_RESOURCES_BERHAD_THREE_A_RESOURCES_BERHAD_news_csv:{""row_number"": 51}:b00a0f95bb15",manual_preserve,manual_preserve_v1,New_news/THREE-A RESOURCES BERHAD/THREE-A RESOURCES BERHAD_news.csv,5fefa6dc4541a37a65230ab29450e0f61570e88b5250bd4f102e1bf171f3329e
NEWS_CANDIDATE_075006_ae46cdfd,NEW,,Bursa Malaysia lower at midday on subdued sentiment,The Star,2025-12-30,https://www.thestar.com.my/business/business-news/2025/12/30/bursa-malaysia-lower-at-midday-on-subdued-sentiment,2271,,,,,wrong_company,"Another target company's strong alias appears, but the row ticker's target alias does not.",No,wrong_company,none,No,No,No,No,Yes,wrong_company,1,0,e6bd449b9fb2bd36f6e1511048ac59944226933a97c857bb9aea6800a17bffb4,"New_news_THREE_A_RESOURCES_BERHAD_THREE_A_RESOURCES_BERHAD_news_csv:{""row_number"": 67}:18c46efee19b",manual_preserve,manual_preserve_v1,New_news/THREE-A RESOURCES BERHAD/THREE-A RESOURCES BERHAD_news.csv,5fefa6dc4541a37a65230ab29450e0f61570e88b5250bd4f102e1bf171f3329e
NEWS_CANDIDATE_075021_291f9f14,NEW,,Bursa Malaysia ends morning sessions lower,The Star,2026-01-02,https://www.thestar.com.my/business/business-news/2026/01/02/bursa-malaysia-ends-morning-sessions-lower,2243,,,,,wrong_company,"Another target company's strong alias appears, but the row ticker's target alias does not.",No,wrong_company,none,No,No,No,No,Yes,wrong_company,1,0,5682dc67001962dcfefc8c4ee0b6b0dcd901d12cd6853340dda9a2ad34a79a06,"New_news_THREE_A_RESOURCES_BERHAD_THREE_A_RESOURCES_BERHAD_news_csv:{""row_number"": 82}:14cdbccd7ae4",manual_preserve,manual_preserve_v1,New_news/THREE-A RESOURCES BERHAD/THREE-A RESOURCES BERHAD_news.csv,5fefa6dc4541a37a65230ab29450e0f61570e88b5250bd4f102e1bf171f3329e
NEWS_CANDIDATE_075217_2d4b329d,NEW,,Import-heavy sectors to gain from stronger ringgit,The Star,2025-12-24,https://www.thestar.com.my/business/business-news/2025/12/24/import-heavy-sectors-to-gain-from-stronger-ringgit,8226,,,,,wrong_company,"Another target company's strong alias appears, but the row ticker's target alias does not.",No,wrong_company,none,No,No,No,No,Yes,wrong_company,1,0,c3f2f0b6215f5e4742b121f2147ecb32fc7f0e691b6b2754a36c5d77c28986dd,"New_news_THREE_A_RESOURCES_BERHAD_THREE_A_RESOURCES_BERHAD_news_csv:{""row_number"": 278}:2c56dea190ec",manual_preserve,manual_preserve_v1,New_news/THREE-A RESOURCES BERHAD/THREE-A RESOURCES BERHAD_news.csv,5fefa6dc4541a37a65230ab29450e0f61570e88b5250bd4f102e1bf171f3329e
NEWS_CANDIDATE_075220_eb183c47,NEW,,"FBM KLCI hits 16-month peak, ringgit at five-year high",The Star,2025-12-23,https://www.thestar.com.my/business/business-news/2025/12/23/fbm-klci-hits-16-month-peak-ringgit-at-five-year-high,1933,,,,,wrong_company,"Another target company's strong alias appears, but the row ticker's target alias does not.",No,wrong_company,none,No,No,No,No,Yes,wrong_company,1,0,6492a907d54413bdf1ae3198c30201b424df487a3548daf7721491fc08e0e4f3,"New_news_THREE_A_RESOURCES_BERHAD_THREE_A_RESOURCES_BERHAD_news_csv:{""row_number"": 281}:583cd089a4aa",manual_preserve,manual_preserve_v1,New_news/THREE-A RESOURCES BERHAD/THREE-A RESOURCES BERHAD_news.csv,5fefa6dc4541a37a65230ab29450e0f61570e88b5250bd4f102e1bf171f3329e
NEWS_CANDIDATE_075226_5336e7d6,NEW,,FBM KLCI dips amid cautious trade despite Wall Street gains,The Star,2025-12-23,https://www.thestar.com.my/business/business-news/2025/12/23/fbm-klci-dips-amid-cautious-trade-despite-wall-street-gains,2041,,,,,wrong_company,"Another target company's strong alias appears, but the row ticker's target alias does not.",No,wrong_company,none,No,No,No,No,Yes,wrong_company,1,0,a31b2ea3848490f99ef4581b772072ea734208a75b8b77f4b8ad9bbc519d60de,"New_news_THREE_A_RESOURCES_BERHAD_THREE_A_RESOURCES_BERHAD_news_csv:{""row_number"": 287}:4b6c1a0b520b",manual_preserve,manual_preserve_v1,New_news/THREE-A RESOURCES BERHAD/THREE-A RESOURCES BERHAD_news.csv,5fefa6dc4541a37a65230ab29450e0f61570e88b5250bd4f102e1bf171f3329e
NEWS_CANDIDATE_075241_70eddf97,NEW,,Profit-taking hits FBM KLCI on thin Boxing Day trade,The Star,2025-12-26,https://www.thestar.com.my/business/business-news/2025/12/26/profit-taking-hits-fbm-klci-on-thin-boxing-day-trade,1725,,,,,wrong_company,"Another target company's strong alias appears, but the row ticker's target alias does not.",No,wrong_company,none,No,No,No,No,Yes,wrong_company,1,0,61d6b64f4d21a566ce6eb946d39e05f16b22be057f63c1eefd3ecf02bc5309e0,"New_news_THREE_A_RESOURCES_BERHAD_THREE_A_RESOURCES_BERHAD_news_csv:{""row_number"": 302}:49b7935d014f",manual_preserve,manual_preserve_v1,New_news/THREE-A RESOURCES BERHAD/THREE-A RESOURCES BERHAD_news.csv,5fefa6dc4541a37a65230ab29450e0f61570e88b5250bd4f102e1bf171f3329e
NEWS_CANDIDATE_075406_369721ed,NEW,,Farm Fresh profits to rise,The Star,2025-12-18,https://www.thestar.com.my/business/business-news/2025/12/18/farm-fresh-profits-to-rise,4090,,,,,wrong_company,"Another target company's strong alias appears, but the row ticker's target alias does not.",No,wrong_company,none,No,No,No,No,Yes,wrong_company,1,0,c1d3a769f90995f34e8eb25bf077c9bbb2672f0295834de0bc474f11df378e68,"New_news_THREE_A_RESOURCES_BERHAD_THREE_A_RESOURCES_BERHAD_news_csv:{""row_number"": 467}:58c6ab4f669d",manual_preserve,manual_preserve_v1,New_news/THREE-A RESOURCES BERHAD/THREE-A RESOURCES BERHAD_news.csv,5fefa6dc4541a37a65230ab29450e0f61570e88b5250bd4f102e1bf171f3329e
NEWS_CANDIDATE_075651_39f554bb,NEW,,"Bursa Malaysia's index ends lower, broader market positive, ahead of Fed decision",The Star,2025-12-10,https://www.thestar.com.my/business/business-news/2025/12/10/bursa-malaysia039s-index-ends-lower-broader-market-positive-ahead-of-fed-decision,4406,,,,,wrong_company,"Another target company's strong alias appears, but the row ticker's target alias does not.",No,wrong_company,none,No,No,No,No,Yes,wrong_company,1,0,8a590f646b5c19fc7ea94d889224156d275b0eb127731d3ffd0a2ffb98efac67,"New_news_THREE_A_RESOURCES_BERHAD_THREE_A_RESOURCES_BERHAD_news_csv:{""row_number"": 712}:341a08c48ef6",manual_preserve,manual_preserve_v1,New_news/THREE-A RESOURCES BERHAD/THREE-A RESOURCES BERHAD_news.csv,5fefa6dc4541a37a65230ab29450e0f61570e88b5250bd4f102e1bf171f3329e
NEWS_CANDIDATE_075713_edb89b1b,NEW,,"FBM KLCI rallies to intraday high, outperforming regional markets",The Star,2025-12-11,https://www.thestar.com.my/business/business-news/2025/12/11/fbm-klci-rallies-to-intraday-high-outperforming-regional-markets,1985,,,,,wrong_company,"Another target company's strong alias appears, but the row ticker's target alias does not.",No,wrong_company,none,No,No,No,No,Yes,wrong_company,1,0,333801836b46155a2f3b2a9498fa8f208d58c7ea06e342adbbb7071869537a88,"New_news_THREE_A_RESOURCES_BERHAD_THREE_A_RESOURCES_BERHAD_news_csv:{""row_number"": 774}:32bb1e64eeca",manual_preserve,manual_preserve_v1,New_news/THREE-A RESOURCES BERHAD/THREE-A RESOURCES BERHAD_news.csv,5fefa6dc4541a37a65230ab29450e0f61570e88b5250bd4f102e1bf171f3329e
NEWS_CANDIDATE_075883_c8b845c1,NEW,,Subdued trading on Bursa continues as traders await Fed rate decision,The Star,2025-12-05,https://www.thestar.com.my/business/business-news/2025/12/05/subdued-trading-on-bursa-continues-as-traders-await-fed-rate-decision,1768,,,,,wrong_company,"Another target company's strong alias appears, but the row ticker's target alias does not.",No,wrong_company,none,No,No,No,No,Yes,wrong_company,1,0,a2538ea60c834b13e8f56d881b0ccce4a985e1e63a6f1fd77109057601104343,"New_news_THREE_A_RESOURCES_BERHAD_THREE_A_RESOURCES_BERHAD_news_csv:{""row_number"": 944}:3fcb073b654c",manual_preserve,manual_preserve_v1,New_news/THREE-A RESOURCES BERHAD/THREE-A RESOURCES BERHAD_news.csv,5fefa6dc4541a37a65230ab29450e0f61570e88b5250bd4f102e1bf171f3329e
NEWS_CANDIDATE_075884_9319e33e,NEW,,"Trading ideas: DRB-Hicom, Al-Aqar, Haily, Pharmaniaga, Gagasan Nadi, Paragon, Orkim, BMS, VS Industry, APB, Destini, MSC, Only World, HB Global, Jetson",The Star,2025-12-05,https://www.thestar.com.my/business/business-news/2025/12/05/trading-ideas-drb-hicom-al-aqar-haily-pharmaniaga-gagasan-nadi-paragon-orkim-bms-vs-industry-apb-destini-msc-only-world-hb-global-jetson,3132,,,,,wrong_company,"Another target company's strong alias appears, but the row ticker's target alias does not.",No,wrong_company,none,No,No,No,No,Yes,wrong_company,1,0,daf3b2b929769160def93436d8557f317dc852a5f647662514d66d20891c4f93,"New_news_THREE_A_RESOURCES_BERHAD_THREE_A_RESOURCES_BERHAD_news_csv:{""row_number"": 945}:dd0db5fcc2ab",manual_preserve,manual_preserve_v1,New_news/THREE-A RESOURCES BERHAD/THREE-A RESOURCES BERHAD_news.csv,5fefa6dc4541a37a65230ab29450e0f61570e88b5250bd4f102e1bf171f3329e
NEWS_CANDIDATE_075896_48b0aa64,NEW,,FBM KLCI stays in the red as ringgit strengthens to RM4.10,The Star,2025-12-04,https://www.thestar.com.my/business/business-news/2025/12/04/fbm-klci-stays-in-the-red-as-ringgit-strengthens-to-rm410,1723,,,,,wrong_company,"Another target company's strong alias appears, but the row ticker's target alias does not.",No,wrong_company,none,No,No,No,No,Yes,wrong_company,1,0,62aa43c4aa2f7010a76cd7298862c130d8353e910d822250cebc613b6ccfcb69,"New_news_THREE_A_RESOURCES_BERHAD_THREE_A_RESOURCES_BERHAD_news_csv:{""row_number"": 957}:5652746f5e1e",manual_preserve,manual_preserve_v1,New_news/THREE-A RESOURCES BERHAD/THREE-A RESOURCES BERHAD_news.csv,5fefa6dc4541a37a65230ab29450e0f61570e88b5250bd4f102e1bf171f3329e
NEWS_CANDIDATE_075912_95c83d14,NEW,,FBM KLCI slips after early gains as investors remain cautious,The Star,2025-12-03,https://www.thestar.com.my/business/business-news/2025/12/03/fbm-klci-slips-after-early-gains-as-investors-remain-cautious,1817,,,,,wrong_company,"Another target company's strong alias appears, but the row ticker's target alias does not.",No,wrong_company,none,No,No,No,No,Yes,wrong_company,1,0,49091bebbcb411f28d0d665b94eee90d4b72d8fc240e883a04accf4f9c8b3121,"New_news_THREE_A_RESOURCES_BERHAD_THREE_A_RESOURCES_BERHAD_news_csv:{""row_number"": 973}:f698526984c0",manual_preserve,manual_preserve_v1,New_news/THREE-A RESOURCES BERHAD/THREE-A RESOURCES BERHAD_news.csv,5fefa6dc4541a37a65230ab29450e0f61570e88b5250bd4f102e1bf171f3329e
NEWS_CANDIDATE_075946_2becbe61,NEW,,"FBM KLCI wavers amid Wall Street gains, muted local cues",The Star,2025-12-04,https://www.thestar.com.my/business/business-news/2025/12/04/fbm-klci-wavers-amid-wall-street-gains-muted-local-cues,2368,,,,,wrong_company,"Another target company's strong alias appears, but the row ticker's target alias does not.",No,wrong_company,none,No,No,No,No,Yes,wrong_company,1,0,7fd7b1470c71f3b8452f1e57aa5e6271d54086a1714c6c847c86e9df18879b23,"New_news_THREE_A_RESOURCES_BERHAD_THREE_A_RESOURCES_BERHAD_news_csv:{""row_number"": 1007}:2186f68ee82c",manual_preserve,manual_preserve_v1,New_news/THREE-A RESOURCES BERHAD/THREE-A RESOURCES BERHAD_news.csv,5fefa6dc4541a37a65230ab29450e0f61570e88b5250bd4f102e1bf171f3329e
NEWS_CANDIDATE_076010_d4304fdb,NEW,,STRATEGICALLY BUILT FOR SPEED AND SCALE,The Star,2025-12-02,https://www.thestar.com.my/metro/metro-news/2025/12/02/strategically-built-for-speed-and-scale,6313,,,,,wrong_company,"Another target company's strong alias appears, but the row ticker's target alias does not.",No,wrong_company,none,No,No,No,No,Yes,wrong_company,1,0,505a08956a5a16352945da7ddbc9f1e82de06a958a20ff2ab3bd1f4b097d9f84,"New_news_THREE_A_RESOURCES_BERHAD_THREE_A_RESOURCES_BERHAD_news_csv:{""row_number"": 1071}:38c43d8f4da2",manual_preserve,manual_preserve_v1,New_news/THREE-A RESOURCES BERHAD/THREE-A RESOURCES BERHAD_news.csv,5fefa6dc4541a37a65230ab29450e0f61570e88b5250bd4f102e1bf171f3329e
NEWS_CANDIDATE_076120_6444a4b5,NEW,,Bursa Malaysia in a sea of red as over 800 counters tumble,The Star,2025-11-28,https://www.thestar.com.my/business/business-news/2025/11/28/bursa-malaysia-in-a-sea-of-red-as-over-800-counters-tumble,2295,,,,,wrong_company,"Another target company's strong alias appears, but the row ticker's target alias does not.",No,wrong_company,none,No,No,No,No,Yes,wrong_company,1,0,1d70dd1496ec1228424b0d9d95c3f8bbad9676e71f1f9367d8ed54b5177ea787,"New_news_THREE_A_RESOURCES_BERHAD_THREE_A_RESOURCES_BERHAD_news_csv:{""row_number"": 1181}:d353dc57126d",manual_preserve,manual_preserve_v1,New_news/THREE-A RESOURCES BERHAD/THREE-A RESOURCES BERHAD_news.csv,5fefa6dc4541a37a65230ab29450e0f61570e88b5250bd4f102e1bf171f3329e
NEWS_CANDIDATE_076126_eb7cf4c6,NEW,,"Trading ideas: SkyWorld, Paramount, UEM, Nationgate, MUI Properties, Tuju Setia, HLBank, Sime Darby, Genting, IJM, Ranhill, YTL, Kossan, Inari, Axiata",The Star,2025-11-28,https://www.thestar.com.my/business/business-news/2025/11/28/trading-ideas-skyworld-paramount-uem-nationgate-mui-properties-tuju-setia-hlbank-sime-darby-genting-ijm-ranhill-ytl-kossan-inari-axiata,3908,,,,,wrong_company,"Another target company's strong alias appears, but the row ticker's target alias does not.",No,wrong_company,none,No,No,No,No,Yes,wrong_company,1,0,4606f868a0cb56216451399df8cf9df2784968e18d9f963363a54f2cc469f1f9,"New_news_THREE_A_RESOURCES_BERHAD_THREE_A_RESOURCES_BERHAD_news_csv:{""row_number"": 1187}:d488a212b495",manual_preserve,manual_preserve_v1,New_news/THREE-A RESOURCES BERHAD/THREE-A RESOURCES BERHAD_news.csv,5fefa6dc4541a37a65230ab29450e0f61570e88b5250bd4f102e1bf171f3329e
NEWS_CANDIDATE_076137_eaf70cf2,NEW,,FBM KLCI retreats as PETRONAS-linked stocks drag,The Star,2025-11-27,https://www.thestar.com.my/business/business-news/2025/11/27/fbm-klci-retreats-as-petronas-linked-stocks-drag,1699,,,,,wrong_company,"Another target company's strong alias appears, but the row ticker's target alias does not.",No,wrong_company,none,No,No,No,No,Yes,wrong_company,1,0,2e00411b1cda6bd5ede6283854f40ba40913718c0a1c1a4710aafec11d2cb959,"New_news_THREE_A_RESOURCES_BERHAD_THREE_A_RESOURCES_BERHAD_news_csv:{""row_number"": 1198}:f26802f6cee5",manual_preserve,manual_preserve_v1,New_news/THREE-A RESOURCES BERHAD/THREE-A RESOURCES BERHAD_news.csv,5fefa6dc4541a37a65230ab29450e0f61570e88b5250bd4f102e1bf171f3329e
NEWS_CANDIDATE_076173_8dab6d89,NEW,,"Trading ideas: Oriental Kopi, ASM, Dengkil, Favelle, Malpac, ABMB, Southern Cable, LHI, HLI, NexG Bina, BHIC, WCT, DRB-Hicom",The Star,2025-11-26,https://www.thestar.com.my/business/business-news/2025/11/26/trading-ideas-oriental-kopi-asm-dengkil-favelle-malpac-abmb-southern-cable-lhi-hli-nexg-bina-bhic-wct-drb-hicom,2210,,,,,wrong_company,"Another target company's strong alias appears, but the row ticker's target alias does not.",No,wrong_company,none,No,No,No,No,Yes,wrong_company,1,0,01406693d503eadef6c307506b5b41de515b22b3d0bf2ef499d28ed0dbf36ddf,"New_news_THREE_A_RESOURCES_BERHAD_THREE_A_RESOURCES_BERHAD_news_csv:{""row_number"": 1234}:7e85407c58c8",manual_preserve,manual_preserve_v1,New_news/THREE-A RESOURCES BERHAD/THREE-A RESOURCES BERHAD_news.csv,5fefa6dc4541a37a65230ab29450e0f61570e88b5250bd4f102e1bf171f3329e
NEWS_CANDIDATE_076260_ef6cd209,NEW,,"Selangor to expand door-to-door recycling initiative to 11 of 12 local authorities by year end, says MB",The Star,2025-11-25,https://www.thestar.com.my/metro/metro-news/2025/11/25/selangor-to-expand-door-to-door-recycling-initiative-to-11-of-12-local-authorities-by-year-end-says-mb,3062,,,,,wrong_company,"Another target company's strong alias appears, but the row ticker's target alias does not.",No,wrong_company,none,No,No,No,No,Yes,wrong_company,1,0,54b14e7b9317c19a7f6d4de62d1edc6a05ff009e30cd4a86d751c8caf5440009,"New_news_THREE_A_RESOURCES_BERHAD_THREE_A_RESOURCES_BERHAD_news_csv:{""row_number"": 1321}:5529e795612e",manual_preserve,manual_preserve_v1,New_news/THREE-A RESOURCES BERHAD/THREE-A RESOURCES BERHAD_news.csv,5fefa6dc4541a37a65230ab29450e0f61570e88b5250bd4f102e1bf171f3329e
NEWS_CANDIDATE_076271_b0d61c51,NEW,,Pay-As-You-Throw policy proposed to reduce waste,The Star,2025-11-20,https://www.thestar.com.my/metro/metro-news/2025/11/20/pay-as-you-throw-policy-proposed-to-reduce-waste,2610,,,,,wrong_company,"Another target company's strong alias appears, but the row ticker's target alias does not.",No,wrong_company,none,No,No,No,No,Yes,wrong_company,1,0,c948dbef9a7e0e388edb01f997b413ba8dd4fe98949952be59a32c0814667fa7,"New_news_THREE_A_RESOURCES_BERHAD_THREE_A_RESOURCES_BERHAD_news_csv:{""row_number"": 1332}:18bd16197fce",manual_preserve,manual_preserve_v1,New_news/THREE-A RESOURCES BERHAD/THREE-A RESOURCES BERHAD_news.csv,5fefa6dc4541a37a65230ab29450e0f61570e88b5250bd4f102e1bf171f3329e
NEWS_CANDIDATE_076274_cef76891,NEW,,T’ganu pupils win national craft contest,The Star,2025-11-19,https://www.thestar.com.my/metro/metro-news/2025/11/19/tganu-pupils-win-national-craft-contest,2994,,,,,wrong_company,"Another target company's strong alias appears, but the row ticker's target alias does not.",No,wrong_company,none,No,No,No,No,Yes,wrong_company,1,0,5f214c1b3a6e375bd0f86fd8c1c759aa6d008b51a6b279b4e584eeb17bce7dfe,"New_news_THREE_A_RESOURCES_BERHAD_THREE_A_RESOURCES_BERHAD_news_csv:{""row_number"": 1335}:466212780bbf",manual_preserve,manual_preserve_v1,New_news/THREE-A RESOURCES BERHAD/THREE-A RESOURCES BERHAD_news.csv,5fefa6dc4541a37a65230ab29450e0f61570e88b5250bd4f102e1bf171f3329e
NEWS_CANDIDATE_076278_e078d390,NEW,,Race walking picks up pace,The Star,2025-11-17,https://www.thestar.com.my/metro/metro-news/2025/11/17/race-walking-picks-up-pace,3012,,,,,wrong_company,"Another target company's strong alias appears, but the row ticker's target alias does not.",No,wrong_company,none,No,No,No,No,Yes,wrong_company,1,0,23fdcc00713bc4fa88e4a87da794996e3ab25f270a539f0c96999558c8280b0d,"New_news_THREE_A_RESOURCES_BERHAD_THREE_A_RESOURCES_BERHAD_news_csv:{""row_number"": 1339}:b9e964d08c3e",manual_preserve,manual_preserve_v1,New_news/THREE-A RESOURCES BERHAD/THREE-A RESOURCES BERHAD_news.csv,5fefa6dc4541a37a65230ab29450e0f61570e88b5250bd4f102e1bf171f3329e
NEWS_CANDIDATE_076394_197efd3f,NEW,,"Trading ideas: AWC, OCK, Bedi, HSS Engineers, Citaglobal, Steel Hawk, Foodie Media, BMS, Samaiden, SP Setia, Duopharma, Pharmaniaga, DLMK, Keyfield",The Star,2025-11-14,https://www.thestar.com.my/business/business-news/2025/11/14/trading-ideas-awc-ock-bedi-hss-engineers-citaglobal-steel-hawk-foodie-media-bms-samaiden-sp-setia-duopharma-pharmaniaga-dlmk-keyfield,3116,,,,,wrong_company,"Another target company's strong alias appears, but the row ticker's target alias does not.",No,wrong_company,none,No,No,No,No,Yes,wrong_company,1,0,3e7011f7961a35f2dcea3640246070cdf7cd86d1720a046ac631b257a31dbe35,"New_news_THREE_A_RESOURCES_BERHAD_THREE_A_RESOURCES_BERHAD_news_csv:{""row_number"": 1455}:d0e55fe221cd",manual_preserve,manual_preserve_v1,New_news/THREE-A RESOURCES BERHAD/THREE-A RESOURCES BERHAD_news.csv,5fefa6dc4541a37a65230ab29450e0f61570e88b5250bd4f102e1bf171f3329e
NEWS_CANDIDATE_076428_ade278a9,NEW,,"FBM KLCI dips amid profit-taking, ringgit climbs",The Star,2025-11-12,https://www.thestar.com.my/business/business-news/2025/11/12/fbm-klci-dips-amid-profit-taking-ringgit-climbs,1913,,,,,wrong_company,"Another target company's strong alias appears, but the row ticker's target alias does not.",No,wrong_company,none,No,No,No,No,Yes,wrong_company,1,0,f2e0008cde4c9e2e47e7f2e905534fd0aea1391fd5dc20a6a2a2aafd98fc74b0,"New_news_THREE_A_RESOURCES_BERHAD_THREE_A_RESOURCES_BERHAD_news_csv:{""row_number"": 1489}:2a4734af13e8",manual_preserve,manual_preserve_v1,New_news/THREE-A RESOURCES BERHAD/THREE-A RESOURCES BERHAD_news.csv,5fefa6dc4541a37a65230ab29450e0f61570e88b5250bd4f102e1bf171f3329e
NEWS_CANDIDATE_076655_ca82c6f1,NEW,,"Trading ideas: Gamuda, Mytech, KPS, IOI, KNM, Systech, Axis REIT, Khee San, AEON, Jetson, GDB, KUB, Pertama, Sentral, Heineken, Pentamaster",The Star,2025-11-07,https://www.thestar.com.my/business/business-news/2025/11/07/trading-ideas-gamuda-mytech-kps-ioi-knm-systech-axis-reit-khee-san-aeon-jetson-gdb-kub-pertama-sentral-heineken-pentamaster,3079,,,,,wrong_company,"Another target company's strong alias appears, but the row ticker's target alias does not.",No,wrong_company,none,No,No,No,No,Yes,wrong_company,1,0,255d369ebfa66993dd102a2838f8c51690ad17a7b2c986455a99f1796b8e4bc3,"New_news_THREE_A_RESOURCES_BERHAD_THREE_A_RESOURCES_BERHAD_news_csv:{""row_number"": 1716}:1a7910621aea",manual_preserve,manual_preserve_v1,New_news/THREE-A RESOURCES BERHAD/THREE-A RESOURCES BERHAD_news.csv,5fefa6dc4541a37a65230ab29450e0f61570e88b5250bd4f102e1bf171f3329e
NEWS_CANDIDATE_076735_6e9231c9,NEW,,FBM KLCI stays in the red; ringgit climbs to one-year high,The Star,2025-11-06,https://www.thestar.com.my/business/business-news/2025/11/06/fbm-klci-stays-in-the-red-ringgit-climbs-to-one-year-high,2342,,,,,wrong_company,"Another target company's strong alias appears, but the row ticker's target alias does not.",No,wrong_company,none,No,No,No,No,Yes,wrong_company,1,0,7861dff0cb8ea91c7ae6e77c1a35db5342addd83ae869f8911d6ab5482fe8909,"New_news_THREE_A_RESOURCES_BERHAD_THREE_A_RESOURCES_BERHAD_news_csv:{""row_number"": 1796}:ea46418f4ee6",manual_preserve,manual_preserve_v1,New_news/THREE-A RESOURCES BERHAD/THREE-A RESOURCES BERHAD_news.csv,5fefa6dc4541a37a65230ab29450e0f61570e88b5250bd4f102e1bf171f3329e
NEWS_CANDIDATE_076797_0cdd88be,NEW,,Growing with the company,The Star,2025-11-04,https://www.thestar.com.my/metro/metro-news/2025/11/04/growing-with-the-company,6163,,,,,wrong_company,"Another target company's strong alias appears, but the row ticker's target alias does not.",No,wrong_company,none,No,No,No,No,Yes,wrong_company,0,0,78e3c35fff513c11b6f6cd13447369b1e1b10a2af081ba97d8524c0db57d82f1,"New_news_THREE_A_RESOURCES_BERHAD_THREE_A_RESOURCES_BERHAD_news_csv:{""row_number"": 1858}:e0856b8246b2",manual_preserve,manual_preserve_v1,New_news/THREE-A RESOURCES BERHAD/THREE-A RESOURCES BERHAD_news.csv,5fefa6dc4541a37a65230ab29450e0f61570e88b5250bd4f102e1bf171f3329e
NEWS_CANDIDATE_076859_67aeffd9,NEW,,Where careers grow and people stay,The Star,2025-10-31,https://www.thestar.com.my/news/nation/2025/10/31/where-careers-grow-and-people-stay,6395,,,,,wrong_company,"Another target company's strong alias appears, but the row ticker's target alias does not.",No,wrong_company,none,No,No,No,No,Yes,wrong_company,0,0,371ab2f93523e663044cf44dee074f3ed02688d296b1e898cbae7b368ef10e0b,"New_news_THREE_A_RESOURCES_BERHAD_THREE_A_RESOURCES_BERHAD_news_csv:{""row_number"": 1920}:34f209ee5ff0",manual_preserve,manual_preserve_v1,New_news/THREE-A RESOURCES BERHAD/THREE-A RESOURCES BERHAD_news.csv,5fefa6dc4541a37a65230ab29450e0f61570e88b5250bd4f102e1bf171f3329e
NEWS_CANDIDATE_076899_863fe57e,NEW,,"Improving sales, lower costs to bolster Nestle",The Star,2025-10-30,https://www.thestar.com.my/business/business-news/2025/10/30/improving-sales-lower-costs-to-bolster-nestle,2624,,,,,wrong_company,"Another target company's strong alias appears, but the row ticker's target alias does not.",No,wrong_company,none,No,No,No,No,Yes,wrong_company,1,0,8644afa900252e183ddfb6ba35a417dbb2cd616cca4ad755e439cef110c78732,"New_news_THREE_A_RESOURCES_BERHAD_THREE_A_RESOURCES_BERHAD_news_csv:{""row_number"": 1960}:7a25e9a4d0c6",manual_preserve,manual_preserve_v1,New_news/THREE-A RESOURCES BERHAD/THREE-A RESOURCES BERHAD_news.csv,5fefa6dc4541a37a65230ab29450e0f61570e88b5250bd4f102e1bf171f3329e
NEWS_CANDIDATE_076935_97e2ae04,NEW,,Bursa Malaysia marginally lower at midday on profit-taking,The Star,2025-10-31,https://www.thestar.com.my/business/business-news/2025/10/31/bursa-malaysia-marginally-lower-at-midday-on-profit-taking,2794,,,,,wrong_company,"Another target company's strong alias appears, but the row ticker's target alias does not.",No,wrong_company,none,No,No,No,No,Yes,wrong_company,1,0,16f24eb36665927cf22cdadc3d987cb6fd8282a1d3d51a6da03964b8a7ea65ef,"New_news_THREE_A_RESOURCES_BERHAD_THREE_A_RESOURCES_BERHAD_news_csv:{""row_number"": 1996}:279751224fe9",manual_preserve,manual_preserve_v1,New_news/THREE-A RESOURCES BERHAD/THREE-A RESOURCES BERHAD_news.csv,5fefa6dc4541a37a65230ab29450e0f61570e88b5250bd4f102e1bf171f3329e
NEWS_CANDIDATE_077110_d03154de,NEW,,FBM KLCI ends at intraday high on late bargain-hunting,The Star,2025-10-23,https://www.thestar.com.my/business/business-news/2025/10/23/fbm-klci-ends-at-intraday-high-on-large-bargain-hunting,4077,,,,,wrong_company,"Another target company's strong alias appears, but the row ticker's target alias does not.",No,wrong_company,none,No,No,No,No,Yes,wrong_company,1,0,b5ab4fd3515a4fd79afd6bbf504a15d7d153e5c5d874e1a56ebd0a2ed7f88137,"New_news_THREE_A_RESOURCES_BERHAD_THREE_A_RESOURCES_BERHAD_news_csv:{""row_number"": 2171}:da4caa7ac406",manual_preserve,manual_preserve_v1,New_news/THREE-A RESOURCES BERHAD/THREE-A RESOURCES BERHAD_news.csv,5fefa6dc4541a37a65230ab29450e0f61570e88b5250bd4f102e1bf171f3329e
NEWS_CANDIDATE_077145_666eecdd,NEW,,Bursa Malaysia settles higher at lunch break,The Star,2025-10-24,https://www.thestar.com.my/business/business-news/2025/10/24/bursa-malaysia-settles-higher-at-lunch-break,2632,,,,,wrong_company,"Another target company's strong alias appears, but the row ticker's target alias does not.",No,wrong_company,none,No,No,No,No,Yes,wrong_company,1,0,8b5f1bf07f37594b157be6c317854d6bbcccd05da9337662fa0e1d8cb2976874,"New_news_THREE_A_RESOURCES_BERHAD_THREE_A_RESOURCES_BERHAD_news_csv:{""row_number"": 2206}:5b42b4302ccc",manual_preserve,manual_preserve_v1,New_news/THREE-A RESOURCES BERHAD/THREE-A RESOURCES BERHAD_news.csv,5fefa6dc4541a37a65230ab29450e0f61570e88b5250bd4f102e1bf171f3329e
NEWS_CANDIDATE_077159_3e6f20d8,NEW,,Bursa Malaysia ends morning session flat in range-bound trade,The Star,2025-10-23,https://www.thestar.com.my/business/business-news/2025/10/23/bursa-malaysia-ends-morning-session-flat-in-range-bound-trade,2369,,,,,wrong_company,"Another target company's strong alias appears, but the row ticker's target alias does not.",No,wrong_company,none,No,No,No,No,Yes,wrong_company,1,0,4a805118bbf433f471ce7fbfc2078b128c7231624798e03747caf52c7fc4ac49,"New_news_THREE_A_RESOURCES_BERHAD_THREE_A_RESOURCES_BERHAD_news_csv:{""row_number"": 2220}:625873e3feca",manual_preserve,manual_preserve_v1,New_news/THREE-A RESOURCES BERHAD/THREE-A RESOURCES BERHAD_news.csv,5fefa6dc4541a37a65230ab29450e0f61570e88b5250bd4f102e1bf171f3329e
NEWS_CANDIDATE_077329_3616e411,NEW,,FBM KLCI almost flat amidst regional market optimism,The Star,2025-10-15,https://www.thestar.com.my/business/business-news/2025/10/15/fbm-klci-almost-flat-amidst-regional-market-optimism,1515,,,,,wrong_company,"Another target company's strong alias appears, but the row ticker's target alias does not.",No,wrong_company,none,No,No,No,No,Yes,wrong_company,1,0,73d4ae8c270fa27e6205daa585778d870d91dc349a83d5e8ad85484a876b8377,"New_news_THREE_A_RESOURCES_BERHAD_THREE_A_RESOURCES_BERHAD_news_csv:{""row_number"": 2390}:743557834b9c",manual_preserve,manual_preserve_v1,New_news/THREE-A RESOURCES BERHAD/THREE-A RESOURCES BERHAD_news.csv,5fefa6dc4541a37a65230ab29450e0f61570e88b5250bd4f102e1bf171f3329e
NEWS_CANDIDATE_077367_a9f6df4d,NEW,,FBM KLCI marginally up amid regional market gains,The Star,2025-10-16,https://www.thestar.com.my/business/business-news/2025/10/16/fbm-klci-marginally-up-amid-regional-market-gains,1577,,,,,wrong_company,"Another target company's strong alias appears, but the row ticker's target alias does not.",No,wrong_company,none,No,No,No,No,Yes,wrong_company,1,0,1965de30f5a86c9dbde57cddc018112359e769c0524a2e234ffd4c46a0418c6d,"New_news_THREE_A_RESOURCES_BERHAD_THREE_A_RESOURCES_BERHAD_news_csv:{""row_number"": 2428}:64f379130266",manual_preserve,manual_preserve_v1,New_news/THREE-A RESOURCES BERHAD/THREE-A RESOURCES BERHAD_news.csv,5fefa6dc4541a37a65230ab29450e0f61570e88b5250bd4f102e1bf171f3329e
NEWS_CANDIDATE_077524_00f7e8ec,NEW,,"FBM KLCI edges higher on bargain hunting, upbeat regional sentiment",The Star,2025-10-09,https://www.thestar.com.my/business/business-news/2025/10/09/fbm-klci-edges-higher-on-bargain-hunting-upbeat-regional-sentiment,1546,,,,,wrong_company,"Another target company's strong alias appears, but the row ticker's target alias does not.",No,wrong_company,none,No,No,No,No,Yes,wrong_company,1,0,5a1abfeca98a379a716bb1ce344c558cd2b819a5b8acf619af2f4d18e412321b,"New_news_THREE_A_RESOURCES_BERHAD_THREE_A_RESOURCES_BERHAD_news_csv:{""row_number"": 2585}:6b69cd2b076f",manual_preserve,manual_preserve_v1,New_news/THREE-A RESOURCES BERHAD/THREE-A RESOURCES BERHAD_news.csv,5fefa6dc4541a37a65230ab29450e0f61570e88b5250bd4f102e1bf171f3329e
NEWS_CANDIDATE_077735_24d0b90f,NEW,,"FBM KLCI extends winning streak to fifth session, closes at 9-month high",The Star,2025-10-02,https://www.thestar.com.my/business/business-news/2025/10/02/fbm-klci-extends-winning-streak-to-fifth-session-closes-at-9-month-high,2056,,,,,wrong_company,"Another target company's strong alias appears, but the row ticker's target alias does not.",No,wrong_company,none,No,No,No,No,Yes,wrong_company,1,0,f3ffd830c825fab6355abeed3811f73910d2e1a0e8589bea148663c84b863ee8,"New_news_THREE_A_RESOURCES_BERHAD_THREE_A_RESOURCES_BERHAD_news_csv:{""row_number"": 2796}:6eb8c26c26d3",manual_preserve,manual_preserve_v1,New_news/THREE-A RESOURCES BERHAD/THREE-A RESOURCES BERHAD_news.csv,5fefa6dc4541a37a65230ab29450e0f61570e88b5250bd4f102e1bf171f3329e
NEWS_CANDIDATE_077739_40bc9d4a,NEW,,SupportLine,The Star,2025-10-02,https://www.thestar.com.my/business/business-news/2025/10/02/supportline,1689,,,,,wrong_company,"Another target company's strong alias appears, but the row ticker's target alias does not.",No,wrong_company,none,No,No,No,No,Yes,wrong_company,1,0,e03187a6a233b5a2a838e9ca2840f35df396a18e0f9d46269dd487e6dc68c27d,"New_news_THREE_A_RESOURCES_BERHAD_THREE_A_RESOURCES_BERHAD_news_csv:{""row_number"": 2800}:57b80329f4fe",manual_preserve,manual_preserve_v1,New_news/THREE-A RESOURCES BERHAD/THREE-A RESOURCES BERHAD_news.csv,5fefa6dc4541a37a65230ab29450e0f61570e88b5250bd4f102e1bf171f3329e
NEWS_CANDIDATE_077930_ed42218f,NEW,,"Trading ideas: Yinson, Kelington, Hiap Teck, MGB, TXCD, Astro, F&N, Ireka",The Star,2025-09-26,https://www.thestar.com.my/business/business-news/2025/09/26/trading-ideas-yinson-kelington-hiap-teck-mgb-txcd-astro-fn-ireka,2317,,,,,wrong_company,"Another target company's strong alias appears, but the row ticker's target alias does not.",No,wrong_company,none,No,No,No,No,Yes,wrong_company,1,0,8009505467fc4feca3b4972f5cfbf23dfe665b9cd59b60dcc78e5124d09e3ebf,"New_news_THREE_A_RESOURCES_BERHAD_THREE_A_RESOURCES_BERHAD_news_csv:{""row_number"": 2991}:7eba586b14d5",manual_preserve,manual_preserve_v1,New_news/THREE-A RESOURCES BERHAD/THREE-A RESOURCES BERHAD_news.csv,5fefa6dc4541a37a65230ab29450e0f61570e88b5250bd4f102e1bf171f3329e
NEWS_CANDIDATE_077945_7015b7d0,NEW,,Farm Fresh to scale volume and expand into high-value markets,The Star,2025-09-25,https://www.thestar.com.my/business/business-news/2025/09/25/farm-fresh-to-scale-volume-and-expand-into-high-value-markets,2368,,,,,wrong_company,"Another target company's strong alias appears, but the row ticker's target alias does not.",No,wrong_company,none,No,No,No,No,Yes,wrong_company,1,0,ecda75813d479db44890f98a057db172b4456eaedaa0a56e7b7f77ba1478f790,"New_news_THREE_A_RESOURCES_BERHAD_THREE_A_RESOURCES_BERHAD_news_csv:{""row_number"": 3006}:5bb057ad81dc",manual_preserve,manual_preserve_v1,New_news/THREE-A RESOURCES BERHAD/THREE-A RESOURCES BERHAD_news.csv,5fefa6dc4541a37a65230ab29450e0f61570e88b5250bd4f102e1bf171f3329e
NEWS_CANDIDATE_077946_16b382af,NEW,,PPB valuations remain attractive,The Star,2025-09-25,https://www.thestar.com.my/business/business-news/2025/09/25/ppb-valuations-remain-attractive,2698,,,,,wrong_company,"Another target company's strong alias appears, but the row ticker's target alias does not.",No,wrong_company,none,No,No,No,No,Yes,wrong_company,1,0,54d855ccd38d2dfec77241420e37bc91dfe3893b3226c0f1b9420f6c3181c8fe,"New_news_THREE_A_RESOURCES_BERHAD_THREE_A_RESOURCES_BERHAD_news_csv:{""row_number"": 3007}:14fd2829d5d1",manual_preserve,manual_preserve_v1,New_news/THREE-A RESOURCES BERHAD/THREE-A RESOURCES BERHAD_news.csv,5fefa6dc4541a37a65230ab29450e0f61570e88b5250bd4f102e1bf171f3329e
NEWS_CANDIDATE_078170_e5e881dd,NEW,,Firms take action to safeguard Vietnam’s water,The Star,2025-09-18,https://www.thestar.com.my/business/business-news/2025/09/18/firms-take-action-to-safeguard-vietnams-water,3214,,,,,wrong_company,"Another target company's strong alias appears, but the row ticker's target alias does not.",No,wrong_company,none,No,No,No,No,Yes,wrong_company,1,0,90c6dd11827e747ec3294630a4a7b8644fd8c237a6865c3a0e34198fb763fd06,"New_news_THREE_A_RESOURCES_BERHAD_THREE_A_RESOURCES_BERHAD_news_csv:{""row_number"": 3231}:4da03598d77e",manual_preserve,manual_preserve_v1,New_news/THREE-A RESOURCES BERHAD/THREE-A RESOURCES BERHAD_news.csv,5fefa6dc4541a37a65230ab29450e0f61570e88b5250bd4f102e1bf171f3329e
NEWS_CANDIDATE_078455_cb05c09e,NEW,,FBM KLCI stays steady as Wall Street hits record highs,The Star,2025-09-12,https://www.thestar.com.my/business/business-news/2025/09/12/fbm-klci-stays-steady-as-wall-street-hits-record-highs,2397,,,,,wrong_company,"Another target company's strong alias appears, but the row ticker's target alias does not.",No,wrong_company,none,No,No,No,No,Yes,wrong_company,1,0,4943a3f768e9994a91075cc733766fb13a349c0af37f81c36a2dbfa7079afc4f,"New_news_THREE_A_RESOURCES_BERHAD_THREE_A_RESOURCES_BERHAD_news_csv:{""row_number"": 3516}:4e86d7003e36",manual_preserve,manual_preserve_v1,New_news/THREE-A RESOURCES BERHAD/THREE-A RESOURCES BERHAD_news.csv,5fefa6dc4541a37a65230ab29450e0f61570e88b5250bd4f102e1bf171f3329e
NEWS_CANDIDATE_078634_1380e6db,NEW,,PPB Group confident Wilmar case will not affect dividend commitment,The Star,2025-09-03,https://www.thestar.com.my/business/business-news/2025/09/03/ppb-group-confident-wilmar-case-will-not-affect-dividend-commitment,2757,,,,,wrong_company,"Another target company's strong alias appears, but the row ticker's target alias does not.",No,wrong_company,none,No,No,No,No,Yes,wrong_company,1,0,1fc414a02e9f0dc266506a711a502efe07e13769d291216d7a9039d30ddec1d8,"New_news_THREE_A_RESOURCES_BERHAD_THREE_A_RESOURCES_BERHAD_news_csv:{""row_number"": 3695}:0da7f01f2c7a",manual_preserve,manual_preserve_v1,New_news/THREE-A RESOURCES BERHAD/THREE-A RESOURCES BERHAD_news.csv,5fefa6dc4541a37a65230ab29450e0f61570e88b5250bd4f102e1bf171f3329e
NEWS_CANDIDATE_078731_f5bcc7ba,NEW,,Negeri Sembilan lifts nearly 30% of poor households out of poverty,The Star,2025-08-28,https://www.thestar.com.my/news/nation/2025/08/28/negeri-sembilan-lifts-nearly-30-of-poor-households-out-of-poverty,2199,,,,,wrong_company,"Another target company's strong alias appears, but the row ticker's target alias does not.",No,wrong_company,none,No,No,No,No,Yes,wrong_company,1,0,f419979dbaffbe1354af199334871feef305755333088528697611a0c55205c9,"New_news_THREE_A_RESOURCES_BERHAD_THREE_A_RESOURCES_BERHAD_news_csv:{""row_number"": 3792}:332c415b6882",manual_preserve,manual_preserve_v1,New_news/THREE-A RESOURCES BERHAD/THREE-A RESOURCES BERHAD_news.csv,5fefa6dc4541a37a65230ab29450e0f61570e88b5250bd4f102e1bf171f3329e
NEWS_CANDIDATE_078745_b3b4f45e,NEW,,Strong 2Q25 performance positions Spritzer for gains,The Star,2025-08-29,https://www.thestar.com.my/business/business-news/2025/08/29/strong-2q25-performance-positions-spritzer-for-gains,3333,,,,,wrong_company,"Another target company's strong alias appears, but the row ticker's target alias does not.",No,wrong_company,none,No,No,No,No,Yes,wrong_company,1,0,d56ac2330076967820ed7d4364f484419d83fbb7026208ea45be3d365627e04b,"New_news_THREE_A_RESOURCES_BERHAD_THREE_A_RESOURCES_BERHAD_news_csv:{""row_number"": 3806}:f2a7a0744a54",manual_preserve,manual_preserve_v1,New_news/THREE-A RESOURCES BERHAD/THREE-A RESOURCES BERHAD_news.csv,5fefa6dc4541a37a65230ab29450e0f61570e88b5250bd4f102e1bf171f3329e
NEWS_CANDIDATE_078771_7d4e197d,NEW,,PPB banks on grain for stability,The Star,2025-08-28,https://www.thestar.com.my/business/business-news/2025/08/28/ppb-banks-on-grain-for-stability,979,,,,,wrong_company,"Another target company's strong alias appears, but the row ticker's target alias does not.",No,wrong_company,none,No,No,No,No,Yes,wrong_company,1,0,6fd25d80816827ee6e30b64919afa96f82465b615540555f025555caf4ef3705,"New_news_THREE_A_RESOURCES_BERHAD_THREE_A_RESOURCES_BERHAD_news_csv:{""row_number"": 3832}:33d91accf6d9",manual_preserve,manual_preserve_v1,New_news/THREE-A RESOURCES BERHAD/THREE-A RESOURCES BERHAD_news.csv,5fefa6dc4541a37a65230ab29450e0f61570e88b5250bd4f102e1bf171f3329e
NEWS_CANDIDATE_078775_0020e988,NEW,,PPB records lower net profit in 2Q25,The Star,2025-08-27,https://www.thestar.com.my/business/business-news/2025/08/27/ppb-records-lower-net-profit-in-2q25,989,,,,,wrong_company,"Another target company's strong alias appears, but the row ticker's target alias does not.",No,wrong_company,none,No,No,No,No,Yes,wrong_company,1,0,5e36d9d7a897bec9e1d56d5538c7dbbe1d776afd08948d92f07c27b8a9d17390,"New_news_THREE_A_RESOURCES_BERHAD_THREE_A_RESOURCES_BERHAD_news_csv:{""row_number"": 3836}:3dd919599d38",manual_preserve,manual_preserve_v1,New_news/THREE-A RESOURCES BERHAD/THREE-A RESOURCES BERHAD_news.csv,5fefa6dc4541a37a65230ab29450e0f61570e88b5250bd4f102e1bf171f3329e
NEWS_CANDIDATE_078779_670537e9,NEW,,Bargain-hunting drives FBM KLCI higher after sharp selloff,The Star,2025-08-27,https://www.thestar.com.my/business/business-news/2025/08/27/bargain-hunting-drives-fbm-klci-higher-after-sharp-selloff,1668,,,,,wrong_company,"Another target company's strong alias appears, but the row ticker's target alias does not.",No,wrong_company,none,No,No,No,No,Yes,wrong_company,1,0,b96ad67ce2b84435db812a009aa698db9f56d36ecde25cc4449462aa4df69295,"New_news_THREE_A_RESOURCES_BERHAD_THREE_A_RESOURCES_BERHAD_news_csv:{""row_number"": 3840}:e6695829ea61",manual_preserve,manual_preserve_v1,New_news/THREE-A RESOURCES BERHAD/THREE-A RESOURCES BERHAD_news.csv,5fefa6dc4541a37a65230ab29450e0f61570e88b5250bd4f102e1bf171f3329e
NEWS_CANDIDATE_079183_de93db84,NEW,,Investors pile into stocks as US rate cut hopes soar,The Star,2025-08-13,https://www.thestar.com.my/business/business-news/2025/08/13/investors-pile-into-stocks-as-us-rate-cut-hopes-soar,1958,,,,,wrong_company,"Another target company's strong alias appears, but the row ticker's target alias does not.",No,wrong_company,none,No,No,No,No,Yes,wrong_company,1,0,d514a069e2f511083cdf851b45c9371090523374f30361f4fb621e4d0348a2e8,"New_news_THREE_A_RESOURCES_BERHAD_THREE_A_RESOURCES_BERHAD_news_csv:{""row_number"": 4244}:0a05b5a6453e",manual_preserve,manual_preserve_v1,New_news/THREE-A RESOURCES BERHAD/THREE-A RESOURCES BERHAD_news.csv,5fefa6dc4541a37a65230ab29450e0f61570e88b5250bd4f102e1bf171f3329e
NEWS_CANDIDATE_079248_fbc4c61b,NEW,,Massive turnout for Milo Hidup Bola futsal tournament,The Star,2025-08-12,https://www.thestar.com.my/sport/football/2025/08/12/massive-turnout-for-milo-hidup-bola-futsal-tournament,1433,,,,,wrong_company,"Another target company's strong alias appears, but the row ticker's target alias does not.",No,wrong_company,none,No,No,No,No,Yes,wrong_company,1,0,d8cf83d16034b58a8e379251a6d87fb46f66048395875f369099d01800863c17,"New_news_THREE_A_RESOURCES_BERHAD_THREE_A_RESOURCES_BERHAD_news_csv:{""row_number"": 4309}:31d715f8a91d",manual_preserve,manual_preserve_v1,New_news/THREE-A RESOURCES BERHAD/THREE-A RESOURCES BERHAD_news.csv,5fefa6dc4541a37a65230ab29450e0f61570e88b5250bd4f102e1bf171f3329e
NEWS_CANDIDATE_079389_cfd357b1,NEW,,Corporate earnings in 2Q likely to remain positive,The Star,2025-08-07,https://www.thestar.com.my/business/business-news/2025/08/07/corporate-earnings-in-2q-likely-to-remain-positive,3693,,,,,wrong_company,"Another target company's strong alias appears, but the row ticker's target alias does not.",No,wrong_company,none,No,No,No,No,Yes,wrong_company,1,0,3a87ba3bc52d8033f67b373ad91285c27684a0d8a6142df288335c81f91c45bc,"New_news_THREE_A_RESOURCES_BERHAD_THREE_A_RESOURCES_BERHAD_news_csv:{""row_number"": 4450}:b571d2a26c61",manual_preserve,manual_preserve_v1,New_news/THREE-A RESOURCES BERHAD/THREE-A RESOURCES BERHAD_news.csv,5fefa6dc4541a37a65230ab29450e0f61570e88b5250bd4f102e1bf171f3329e
NEWS_CANDIDATE_079390_79cf602f,NEW,,"Banks, tech and consumer stocks show continued strength in 2Q25",The Star,2025-08-06,https://www.thestar.com.my/business/business-news/2025/08/06/banks-tech-and-consumer-stocks-show-continued-strength-in-2q25,3640,,,,,wrong_company,"Another target company's strong alias appears, but the row ticker's target alias does not.",No,wrong_company,none,No,No,No,No,Yes,wrong_company,1,0,42291c073045cf3ad2e76b55a0877aefb0958b53a0130374bdbff13f2c9df7bc,"New_news_THREE_A_RESOURCES_BERHAD_THREE_A_RESOURCES_BERHAD_news_csv:{""row_number"": 4451}:652ded23b949",manual_preserve,manual_preserve_v1,New_news/THREE-A RESOURCES BERHAD/THREE-A RESOURCES BERHAD_news.csv,5fefa6dc4541a37a65230ab29450e0f61570e88b5250bd4f102e1bf171f3329e
NEWS_CANDIDATE_079397_313800e8,NEW,,FBM KLCI remains negative at midday in post-rally pullback,The Star,2025-08-06,https://www.thestar.com.my/business/business-news/2025/08/06/fbm-klci-remains-negative-at-midday-in-post-rally-pullback,1396,,,,,wrong_company,"Another target company's strong alias appears, but the row ticker's target alias does not.",No,wrong_company,none,No,No,No,No,Yes,wrong_company,1,0,0fed4aa3c19709686fb11f780cddb3a674923db101c99d90110d24c4d9250399,"New_news_THREE_A_RESOURCES_BERHAD_THREE_A_RESOURCES_BERHAD_news_csv:{""row_number"": 4458}:9f6e2bb37a02",manual_preserve,manual_preserve_v1,New_news/THREE-A RESOURCES BERHAD/THREE-A RESOURCES BERHAD_news.csv,5fefa6dc4541a37a65230ab29450e0f61570e88b5250bd4f102e1bf171f3329e
NEWS_CANDIDATE_079419_3f2a36f0,NEW,,Late buying interest pushes FBM KLCI to close at day’s high,The Star,2025-08-08,https://www.thestar.com.my/business/business-news/2025/08/08/late-buying-interest-pushes-fbm-klci-to-close-at-days-high,1465,,,,,wrong_company,"Another target company's strong alias appears, but the row ticker's target alias does not.",No,wrong_company,none,No,No,No,No,Yes,wrong_company,1,0,eacddc4cd3907d73c068b6ca508c78e5e9200c0e6b27856fc217244d99642653,"New_news_THREE_A_RESOURCES_BERHAD_THREE_A_RESOURCES_BERHAD_news_csv:{""row_number"": 4480}:47a14ad064ac",manual_preserve,manual_preserve_v1,New_news/THREE-A RESOURCES BERHAD/THREE-A RESOURCES BERHAD_news.csv,5fefa6dc4541a37a65230ab29450e0f61570e88b5250bd4f102e1bf171f3329e
NEWS_CANDIDATE_079434_52b9f701,NEW,,FBM KLCI inches higher amid cautious market optimism,The Star,2025-08-08,https://www.thestar.com.my/business/business-news/2025/08/08/fbm-klci-inches-higher-amid-cautious-market-optimism,1888,,,,,wrong_company,"Another target company's strong alias appears, but the row ticker's target alias does not.",No,wrong_company,none,No,No,No,No,Yes,wrong_company,1,0,02baf7d4ae2be96b3e7234bb80f4c3be2923639c18d3e1b1a273bd9aadfc9976,"New_news_THREE_A_RESOURCES_BERHAD_THREE_A_RESOURCES_BERHAD_news_csv:{""row_number"": 4495}:31b3e2479a67",manual_preserve,manual_preserve_v1,New_news/THREE-A RESOURCES BERHAD/THREE-A RESOURCES BERHAD_news.csv,5fefa6dc4541a37a65230ab29450e0f61570e88b5250bd4f102e1bf171f3329e
NEWS_CANDIDATE_079593_6ac729c9,NEW,,Investors on Bursa Malaysia take pause as 13MP set to be tabled,The Star,2025-07-31,https://www.thestar.com.my/business/business-news/2025/07/31/investors-on-bursa-malaysia-take-pause-as-13mp-set-to-be-tabled,1284,,,,,wrong_company,"Another target company's strong alias appears, but the row ticker's target alias does not.",No,wrong_company,none,No,No,No,No,Yes,wrong_company,1,0,8f4a442d09357b6067c4a9e67f5201a8838e6fa832528f2a9afb31bd1dced772,"New_news_THREE_A_RESOURCES_BERHAD_THREE_A_RESOURCES_BERHAD_news_csv:{""row_number"": 4654}:fc7413885666",manual_preserve,manual_preserve_v1,New_news/THREE-A RESOURCES BERHAD/THREE-A RESOURCES BERHAD_news.csv,5fefa6dc4541a37a65230ab29450e0f61570e88b5250bd4f102e1bf171f3329e
NEWS_CANDIDATE_079627_e3729a98,NEW,,"FBM KLCI leaps 1.33%, bucking regional losses after US tariff cut",The Star,2025-08-01,https://www.thestar.com.my/business/business-news/2025/08/01/fbm-klci-leaps-133-bucking-regional-losses-after-us-tariff-cut,2077,,,,,wrong_company,"Another target company's strong alias appears, but the row ticker's target alias does not.",No,wrong_company,none,No,No,No,No,Yes,wrong_company,1,0,e3aa75224701d52d26217860f48a4d297e1fa015e353f62c020a42e900eed8a5,"New_news_THREE_A_RESOURCES_BERHAD_THREE_A_RESOURCES_BERHAD_news_csv:{""row_number"": 4688}:e28dae86efd7",manual_preserve,manual_preserve_v1,New_news/THREE-A RESOURCES BERHAD/THREE-A RESOURCES BERHAD_news.csv,5fefa6dc4541a37a65230ab29450e0f61570e88b5250bd4f102e1bf171f3329e
NEWS_CANDIDATE_079637_3076eed0,NEW,,"US softens tariff on Malaysia, boosting FBM KLCI",The Star,2025-08-01,https://www.thestar.com.my/business/business-news/2025/08/01/us-softens-tariff-on-malaysia-boosting-fbm-klci,1961,,,,,wrong_company,"Another target company's strong alias appears, but the row ticker's target alias does not.",No,wrong_company,none,No,No,No,No,Yes,wrong_company,1,0,e150930ae30c6e1a4567a1b9de75f640e373b3fd5eba5b7eb2794d1b701a4615,"New_news_THREE_A_RESOURCES_BERHAD_THREE_A_RESOURCES_BERHAD_news_csv:{""row_number"": 4698}:6322663587ab",manual_preserve,manual_preserve_v1,New_news/THREE-A RESOURCES BERHAD/THREE-A RESOURCES BERHAD_news.csv,5fefa6dc4541a37a65230ab29450e0f61570e88b5250bd4f102e1bf171f3329e
NEWS_CANDIDATE_079794_7f62c17b,NEW,,"Trading ideas: MMAG, Keyfield, KAB, Rimbunan Sawit, Jentayu, AYS, Country Heights, Metronic, Nestle, ViTrox, Oriental Interest, KIP REIT, Luxchem, Betamek",The Star,2025-07-25,https://www.thestar.com.my/business/business-news/2025/07/25/trading-ideas-mmag-keyfield-kab-rimbunan-sawit-jentayu-ays-country-heights-metronic-nestle-vitrox-oriental-interest-kip-reit-luxchem-betamek,2711,,,,,wrong_company,"Another target company's strong alias appears, but the row ticker's target alias does not.",No,wrong_company,none,No,No,No,No,Yes,wrong_company,1,0,333f9a6ba0298d8db992d30e6e9855b2d8d995e806b585793717786db9e7c7fe,"New_news_THREE_A_RESOURCES_BERHAD_THREE_A_RESOURCES_BERHAD_news_csv:{""row_number"": 4855}:a83aca7d7295",manual_preserve,manual_preserve_v1,New_news/THREE-A RESOURCES BERHAD/THREE-A RESOURCES BERHAD_news.csv,5fefa6dc4541a37a65230ab29450e0f61570e88b5250bd4f102e1bf171f3329e
NEWS_CANDIDATE_079803_d55064dc,NEW,,Strong sales momentum underpins Nestle Malaysia's higher bottomline in 2Q,The Star,2025-07-24,https://www.thestar.com.my/business/business-news/2025/07/24/strong-sales-momentum-underpins-nestle-malaysia039s-higher-bottomline-in-2q,1936,,,,,wrong_company,"Another target company's strong alias appears, but the row ticker's target alias does not.",No,wrong_company,none,No,No,No,No,Yes,wrong_company,1,0,784de489b309fa64886d592eab1d4705fd9073ac766bdcf82d70ea36d901c054,"New_news_THREE_A_RESOURCES_BERHAD_THREE_A_RESOURCES_BERHAD_news_csv:{""row_number"": 4864}:0786df851a69",manual_preserve,manual_preserve_v1,New_news/THREE-A RESOURCES BERHAD/THREE-A RESOURCES BERHAD_news.csv,5fefa6dc4541a37a65230ab29450e0f61570e88b5250bd4f102e1bf171f3329e
NEWS_CANDIDATE_080007_f0f95a48,NEW,,FBM KLCI extends gains on upbeat GDP data,The Star,2025-07-18,https://www.thestar.com.my/business/business-news/2025/07/18/fbm-klci-extends-gains-on-upbeat-gdp-data,1727,,,,,wrong_company,"Another target company's strong alias appears, but the row ticker's target alias does not.",No,wrong_company,none,No,No,No,No,Yes,wrong_company,1,0,374168b3ccbba4e23513a44c89c31cb83e3a3ff7cf3e847d0fb4ea9c12b30a8d,"New_news_THREE_A_RESOURCES_BERHAD_THREE_A_RESOURCES_BERHAD_news_csv:{""row_number"": 5068}:b3cd63d37304",manual_preserve,manual_preserve_v1,New_news/THREE-A RESOURCES BERHAD/THREE-A RESOURCES BERHAD_news.csv,5fefa6dc4541a37a65230ab29450e0f61570e88b5250bd4f102e1bf171f3329e
NEWS_CANDIDATE_080196_f1c1b630,NEW,,Unwind with handcrafted cocktails,The Star,2025-07-18,https://www.thestar.com.my/metro/metro-news/2025/07/18/unwind-with-handcrafted-cocktails,3913,,,,,wrong_company,"Another target company's strong alias appears, but the row ticker's target alias does not.",No,wrong_company,none,No,No,No,No,Yes,wrong_company,1,0,998169b14b297b0f4552cdd0a57867712674967e36018f1b4c09b8efa3c7d2da,"New_news_THREE_A_RESOURCES_BERHAD_THREE_A_RESOURCES_BERHAD_news_csv:{""row_number"": 5257}:a11bc44363c9",manual_preserve,manual_preserve_v1,New_news/THREE-A RESOURCES BERHAD/THREE-A RESOURCES BERHAD_news.csv,5fefa6dc4541a37a65230ab29450e0f61570e88b5250bd4f102e1bf171f3329e
NEWS_CANDIDATE_080434_16861bc7,NEW,,FBM KLCI closes slightly higher ahead of Trump’s trade decision,The Star,2025-07-04,https://www.thestar.com.my/business/business-news/2025/07/04/fbm-klci-closes-slightly-higher-ahead-of-trumps-trade-decision,1630,,,,,wrong_company,"Another target company's strong alias appears, but the row ticker's target alias does not.",No,wrong_company,none,No,No,No,No,Yes,wrong_company,1,0,55ad71d332633198630fad1c6b5974c32f1e7e3802483e6dce43a644e47cc884,"New_news_THREE_A_RESOURCES_BERHAD_THREE_A_RESOURCES_BERHAD_news_csv:{""row_number"": 5495}:f5169b0e0142",manual_preserve,manual_preserve_v1,New_news/THREE-A RESOURCES BERHAD/THREE-A RESOURCES BERHAD_news.csv,5fefa6dc4541a37a65230ab29450e0f61570e88b5250bd4f102e1bf171f3329e
NEWS_CANDIDATE_080443_780df053,NEW,,FBM KLCI snaps five-day winning streak on profit-taking,The Star,2025-07-03,https://www.thestar.com.my/business/business-news/2025/07/03/fbm-klci-snaps-five-day-winning-streak-on-profit-taking,1780,,,,,wrong_company,"Another target company's strong alias appears, but the row ticker's target alias does not.",No,wrong_company,none,No,No,No,No,Yes,wrong_company,1,0,56950cfabbbceecc437dc225a49841f532e1bd303596ff7e941f3c2e3cfee97f,"New_news_THREE_A_RESOURCES_BERHAD_THREE_A_RESOURCES_BERHAD_news_csv:{""row_number"": 5504}:a672ae616f72",manual_preserve,manual_preserve_v1,New_news/THREE-A RESOURCES BERHAD/THREE-A RESOURCES BERHAD_news.csv,5fefa6dc4541a37a65230ab29450e0f61570e88b5250bd4f102e1bf171f3329e
NEWS_CANDIDATE_080446_71aec4d2,NEW,,FBM KLCI slips on early profit-taking; TNB drags index after RM1.25bil tax ruling,The Star,2025-07-03,https://www.thestar.com.my/business/business-news/2025/07/03/fbm-klci-slips-on-early-profit-taking-tnb-drags-index-after-rm125bil-tax-ruling,1659,,,,,wrong_company,"Another target company's strong alias appears, but the row ticker's target alias does not.",No,wrong_company,none,No,No,No,No,Yes,wrong_company,1,0,fcc0e68256f6354a530260b6ae729626c2468788a661aa462c6c29176742c88e,"New_news_THREE_A_RESOURCES_BERHAD_THREE_A_RESOURCES_BERHAD_news_csv:{""row_number"": 5507}:f75647b9fd46",manual_preserve,manual_preserve_v1,New_news/THREE-A RESOURCES BERHAD/THREE-A RESOURCES BERHAD_news.csv,5fefa6dc4541a37a65230ab29450e0f61570e88b5250bd4f102e1bf171f3329e
NEWS_CANDIDATE_080447_9b003ca6,NEW,,"Trading ideas: TNB, Amtel, Gas Malaysia, GFM Services, MSM, UEM Edgenta, Dataprep, Wawasan Dengkil",The Star,2025-07-03,https://www.thestar.com.my/business/business-news/2025/07/03/trading-ideas-tnb-amtel-gas-malaysia-gfm-services-msm-uem-edgenta-dataprep-wawasan-dengkil,1922,,,,,wrong_company,"Another target company's strong alias appears, but the row ticker's target alias does not.",No,wrong_company,none,No,No,No,No,Yes,wrong_company,1,0,6e1c3bee37baf3d240b55173248b6d1fcecf8691d7547c6cf228cce38492ca64,"New_news_THREE_A_RESOURCES_BERHAD_THREE_A_RESOURCES_BERHAD_news_csv:{""row_number"": 5508}:3a0c2dfbc8c9",manual_preserve,manual_preserve_v1,New_news/THREE-A RESOURCES BERHAD/THREE-A RESOURCES BERHAD_news.csv,5fefa6dc4541a37a65230ab29450e0f61570e88b5250bd4f102e1bf171f3329e
NEWS_CANDIDATE_080463_e9112e0e,NEW,,FBM KLCI edges up on cautious optimism despite external uncertainties,The Star,2025-07-02,https://www.thestar.com.my/business/business-news/2025/07/02/fbm-klci-edges-up-on-cautious-optimism-despite-external-uncertainties,2004,,,,,wrong_company,"Another target company's strong alias appears, but the row ticker's target alias does not.",No,wrong_company,none,No,No,No,No,Yes,wrong_company,1,0,c3745b8e9a4f35572ec4042788c690da09a46fa50c0062ea0913828a430dbe42,"New_news_THREE_A_RESOURCES_BERHAD_THREE_A_RESOURCES_BERHAD_news_csv:{""row_number"": 5524}:59123bcbb220",manual_preserve,manual_preserve_v1,New_news/THREE-A RESOURCES BERHAD/THREE-A RESOURCES BERHAD_news.csv,5fefa6dc4541a37a65230ab29450e0f61570e88b5250bd4f102e1bf171f3329e
NEWS_CANDIDATE_080478_6be2397e,NEW,,FBM KLCI edges higher at midday as market recovers from early dip,The Star,2025-07-04,https://www.thestar.com.my/business/business-news/2025/07/04/fbm-klci-edges-higher-at-midday-as-market-recovers-from-early-dip,2030,,,,,wrong_company,"Another target company's strong alias appears, but the row ticker's target alias does not.",No,wrong_company,none,No,No,No,No,Yes,wrong_company,1,0,749b6d4b874c5e6d2dae84ecaccc1aa96d7270daec1f0eec12f87c3be81d6709,"New_news_THREE_A_RESOURCES_BERHAD_THREE_A_RESOURCES_BERHAD_news_csv:{""row_number"": 5539}:971042e6cee0",manual_preserve,manual_preserve_v1,New_news/THREE-A RESOURCES BERHAD/THREE-A RESOURCES BERHAD_news.csv,5fefa6dc4541a37a65230ab29450e0f61570e88b5250bd4f102e1bf171f3329e
NEWS_CANDIDATE_080656_941487b6,NEW,,"Trading ideas: TNB, Sports Toto, Cypark, Aeon Credit, HSS, Gas Malaysia, Green Ocean, UEM Sunrise, Destini, Citaglobal, ATA IMS, RHB, Sapura Energy, Ajinomoto, SNS, iCents",The Star,2025-06-26,https://www.thestar.com.my/business/business-news/2025/06/26/trading-ideas-tnb-sports-toto-cypark-aeon-credit-hss-gas-malaysia-green-ocean-uem-sunrise-destini-citaglobal-ata-ims-rhb-sapura-energy-ajinomoto-sns-icents,2653,,,,,wrong_company,"Another target company's strong alias appears, but the row ticker's target alias does not.",No,wrong_company,none,No,No,No,No,Yes,wrong_company,1,0,330a92b59689f78e42e03aaff5408c38df6bdfb124316eccd4772c6064a875ae,"New_news_THREE_A_RESOURCES_BERHAD_THREE_A_RESOURCES_BERHAD_news_csv:{""row_number"": 5717}:4324487f394b",manual_preserve,manual_preserve_v1,New_news/THREE-A RESOURCES BERHAD/THREE-A RESOURCES BERHAD_news.csv,5fefa6dc4541a37a65230ab29450e0f61570e88b5250bd4f102e1bf171f3329e
NEWS_CANDIDATE_080816_e7f51f6d,NEW,,"Trading ideas: MSM, Malakoff, BFood, BCorp, Bank Islam, Oriental Kopi, Petron, Deleum, Advancecon, CTOS, Felixdynamic, Binastra, Astro, Cuckoo",The Star,2025-06-20,https://www.thestar.com.my/business/business-news/2025/06/20/trading-ideas-msm-malakoff-bfood-bcorp-bank-islam-oriental-kopi-petron-deleum-advancecon-ctos-felixdynamic-binastra-astro-cuckoo,3048,,,,,wrong_company,"Another target company's strong alias appears, but the row ticker's target alias does not.",No,wrong_company,none,No,No,No,No,Yes,wrong_company,1,0,ddcd24b7bfc0b3044c3a370eb03d0d6a914ad845b0ef80f05c558712cbdad999,"New_news_THREE_A_RESOURCES_BERHAD_THREE_A_RESOURCES_BERHAD_news_csv:{""row_number"": 5877}:bc745ff03894",manual_preserve,manual_preserve_v1,New_news/THREE-A RESOURCES BERHAD/THREE-A RESOURCES BERHAD_news.csv,5fefa6dc4541a37a65230ab29450e0f61570e88b5250bd4f102e1bf171f3329e
NEWS_CANDIDATE_081050_a25bcca1,NEW,,FTSE4Good Bursa Malaysia Index adds 19 stocks,The Star,2025-06-13,https://www.thestar.com.my/business/business-news/2025/06/13/ftse4good-bursa-malaysia-index-adds-19-stocks,1202,,,,,wrong_company,"Another target company's strong alias appears, but the row ticker's target alias does not.",No,wrong_company,none,No,No,No,No,Yes,wrong_company,1,0,628d90f00314a67b77825411eb082842c034a10fc91d4d1642dba8c20ecff139,"New_news_THREE_A_RESOURCES_BERHAD_THREE_A_RESOURCES_BERHAD_news_csv:{""row_number"": 6111}:495edc8109dc",manual_preserve,manual_preserve_v1,New_news/THREE-A RESOURCES BERHAD/THREE-A RESOURCES BERHAD_news.csv,5fefa6dc4541a37a65230ab29450e0f61570e88b5250bd4f102e1bf171f3329e
NEWS_CANDIDATE_081059_9b8ee0c4,NEW,,FTSE4Good Bursa Malaysia Index adds 19 new stocks in June 2025 review,The Star,2025-06-12,https://www.thestar.com.my/business/business-news/2025/06/12/ftse4good-bursa-malaysia-index-adds-19-new-stocks-in-june-2025-review,1314,,,,,wrong_company,"Another target company's strong alias appears, but the row ticker's target alias does not.",No,wrong_company,none,No,No,No,No,Yes,wrong_company,1,0,17ea9dc143f491e63b06e65ca09aab072eff416286760c7c2f3fd57b82e2f8bc,"New_news_THREE_A_RESOURCES_BERHAD_THREE_A_RESOURCES_BERHAD_news_csv:{""row_number"": 6120}:efd6d617dbf0",manual_preserve,manual_preserve_v1,New_news/THREE-A RESOURCES BERHAD/THREE-A RESOURCES BERHAD_news.csv,5fefa6dc4541a37a65230ab29450e0f61570e88b5250bd4f102e1bf171f3329e
NEWS_CANDIDATE_081060_bc5bf1d7,NEW,,FBM KLCI rises for second day amid trade uncertainty,The Star,2025-06-12,https://www.thestar.com.my/business/business-news/2025/06/12/fbm-klci-rises-for-second-day-amid-trade-uncertainty,2154,,,,,wrong_company,"Another target company's strong alias appears, but the row ticker's target alias does not.",No,wrong_company,none,No,No,No,No,Yes,wrong_company,1,0,c8051fc4e75075548de67fa541b8924fb76b273f8882c277c38e55db3a224aeb,"New_news_THREE_A_RESOURCES_BERHAD_THREE_A_RESOURCES_BERHAD_news_csv:{""row_number"": 6121}:ee91e1085ab5",manual_preserve,manual_preserve_v1,New_news/THREE-A RESOURCES BERHAD/THREE-A RESOURCES BERHAD_news.csv,5fefa6dc4541a37a65230ab29450e0f61570e88b5250bd4f102e1bf171f3329e
NEWS_CANDIDATE_081109_3946c3fa,NEW,,Geopolitical and trade uncertainties weigh on Bursa Malaysia,The Star,2025-06-13,https://www.thestar.com.my/business/business-news/2025/06/13/geopolitical-and-trade-uncertainties-weigh-on-bursa-malaysia,2078,,,,,wrong_company,"Another target company's strong alias appears, but the row ticker's target alias does not.",No,wrong_company,none,No,No,No,No,Yes,wrong_company,1,0,d88a17cd6d01a06cce724e822155e05851dfac1a95a76070f8a2b4d14bb4a040,"New_news_THREE_A_RESOURCES_BERHAD_THREE_A_RESOURCES_BERHAD_news_csv:{""row_number"": 6170}:65b30888389d",manual_preserve,manual_preserve_v1,New_news/THREE-A RESOURCES BERHAD/THREE-A RESOURCES BERHAD_news.csv,5fefa6dc4541a37a65230ab29450e0f61570e88b5250bd4f102e1bf171f3329e
NEWS_CANDIDATE_081181_3f94c5cd,NEW,,Bursa Malaysia inches up as caution reins in bulls,The Star,2025-06-12,https://www.thestar.com.my/business/business-news/2025/06/12/bursa-malaysia-inches-up-as-caution-reins-in-bulls,2377,,,,,wrong_company,"Another target company's strong alias appears, but the row ticker's target alias does not.",No,wrong_company,none,No,No,No,No,Yes,wrong_company,1,0,55b9013ee78a942b8554256a0d2068ad74f5ce327a97bd89ee02c82842b83d61,"New_news_THREE_A_RESOURCES_BERHAD_THREE_A_RESOURCES_BERHAD_news_csv:{""row_number"": 6242}:bc99520dea93",manual_preserve,manual_preserve_v1,New_news/THREE-A RESOURCES BERHAD/THREE-A RESOURCES BERHAD_news.csv,5fefa6dc4541a37a65230ab29450e0f61570e88b5250bd4f102e1bf171f3329e
NEWS_CANDIDATE_081231_4b39c692,NEW,,Campus fun for special kids,The Star,2025-06-13,https://www.thestar.com.my/metro/metro-news/2025/06/13/campus-fun-for-special-kids,2751,,,,,wrong_company,"Another target company's strong alias appears, but the row ticker's target alias does not.",No,wrong_company,none,No,No,No,No,Yes,wrong_company,1,0,2eb065dfd0ce01064142041f07d5cbf7f753fd38bdbb29c363a9f4d8cbe9e605,"New_news_THREE_A_RESOURCES_BERHAD_THREE_A_RESOURCES_BERHAD_news_csv:{""row_number"": 6292}:348370563d12",manual_preserve,manual_preserve_v1,New_news/THREE-A RESOURCES BERHAD/THREE-A RESOURCES BERHAD_news.csv,5fefa6dc4541a37a65230ab29450e0f61570e88b5250bd4f102e1bf171f3329e
NEWS_CANDIDATE_081539_60f0bb49,NEW,,Bursa Malaysia sinks amid foreign sell-off and regional weakness,The Star,2025-05-30,https://www.thestar.com.my/business/business-news/2025/05/30/bursa-malaysia-sinks-amid-foreign-sell-off-and-regional-weakness,1741,,,,,wrong_company,"Another target company's strong alias appears, but the row ticker's target alias does not.",No,wrong_company,none,No,No,No,No,Yes,wrong_company,1,0,7103daabf4d0a21a7f48ba296e9bfe13fd2dd01ed7d4d358a879a77086559469,"New_news_THREE_A_RESOURCES_BERHAD_THREE_A_RESOURCES_BERHAD_news_csv:{""row_number"": 6600}:240cf0d23e89",manual_preserve,manual_preserve_v1,New_news/THREE-A RESOURCES BERHAD/THREE-A RESOURCES BERHAD_news.csv,5fefa6dc4541a37a65230ab29450e0f61570e88b5250bd4f102e1bf171f3329e
NEWS_CANDIDATE_081542_2336eb1b,NEW,,"Trading ideas: SunCon, Vestland, PeterLabs, TWL, UEM Edgenta, IJM, Genting, Carlsberg, KPJ, QL, Farm Fresh, IHH, LHI",The Star,2025-05-30,https://www.thestar.com.my/business/business-news/2025/05/30/trading-ideas-suncon-vestland-peterlabs-twl-uem-edgenta-ijm-genting-carlsberg-kpj-ql-farm-fresh-ihh-lhi,2262,,,,,wrong_company,"Another target company's strong alias appears, but the row ticker's target alias does not.",No,wrong_company,none,No,No,No,No,Yes,wrong_company,1,0,74c3184258f1fce76bb365632fe7897c60c5a223840212ccfb5270e358257913,"New_news_THREE_A_RESOURCES_BERHAD_THREE_A_RESOURCES_BERHAD_news_csv:{""row_number"": 6603}:6b4ce6c28e62",manual_preserve,manual_preserve_v1,New_news/THREE-A RESOURCES BERHAD/THREE-A RESOURCES BERHAD_news.csv,5fefa6dc4541a37a65230ab29450e0f61570e88b5250bd4f102e1bf171f3329e
NEWS_CANDIDATE_081555_cdc05f29,NEW,,Carlsberg Malaysia to enhance premium brands,The Star,2025-05-30,https://www.thestar.com.my/business/business-news/2025/05/30/carlsberg-malaysia-to-enhance-premium-brands,2730,,,,,wrong_company,"Another target company's strong alias appears, but the row ticker's target alias does not.",No,wrong_company,none,No,No,No,No,Yes,wrong_company,1,0,7417ef0b7bba864363074059b262f61928458f7f4b5fd028b3157e5fbed83c86,"New_news_THREE_A_RESOURCES_BERHAD_THREE_A_RESOURCES_BERHAD_news_csv:{""row_number"": 6616}:6c6f4705258f",manual_preserve,manual_preserve_v1,New_news/THREE-A RESOURCES BERHAD/THREE-A RESOURCES BERHAD_news.csv,5fefa6dc4541a37a65230ab29450e0f61570e88b5250bd4f102e1bf171f3329e
NEWS_CANDIDATE_081558_15b3ff4a,NEW,,"Carlsberg to invest in brand premiumisation, product innovation",The Star,2025-05-29,https://www.thestar.com.my/business/business-news/2025/05/29/carlsberg-to-invest-in-brand-premiumisation-product-innovation,2828,,,,,wrong_company,"Another target company's strong alias appears, but the row ticker's target alias does not.",No,wrong_company,none,No,No,No,No,Yes,wrong_company,1,0,a279a69f4c719a85389752b5a609bbbebbc6fb535fda6b25e4b315e54c130f12,"New_news_THREE_A_RESOURCES_BERHAD_THREE_A_RESOURCES_BERHAD_news_csv:{""row_number"": 6619}:24b8aae99344",manual_preserve,manual_preserve_v1,New_news/THREE-A RESOURCES BERHAD/THREE-A RESOURCES BERHAD_news.csv,5fefa6dc4541a37a65230ab29450e0f61570e88b5250bd4f102e1bf171f3329e
NEWS_CANDIDATE_081573_3f477b37,NEW,,PPB posts higher net profit in 1Q,The Star,2025-05-29,https://www.thestar.com.my/business/business-news/2025/05/29/ppb-posts-higher-net-profit-in-1q,714,,,,,wrong_company,"Another target company's strong alias appears, but the row ticker's target alias does not.",No,wrong_company,none,No,No,No,No,Yes,wrong_company,1,0,4dbe4dc0e679fa32b76e2c9ff69b8d22988d5c4fe5ee3d2e22e4ab2ae660ec95,"New_news_THREE_A_RESOURCES_BERHAD_THREE_A_RESOURCES_BERHAD_news_csv:{""row_number"": 6634}:a335c3308896",manual_preserve,manual_preserve_v1,New_news/THREE-A RESOURCES BERHAD/THREE-A RESOURCES BERHAD_news.csv,5fefa6dc4541a37a65230ab29450e0f61570e88b5250bd4f102e1bf171f3329e
NEWS_CANDIDATE_081794_26890e13,NEW,,FBM KLCI snaps six-day losing streak to close higher,The Star,2025-05-23,https://www.thestar.com.my/business/business-news/2025/05/23/fbm-klci-snaps-six-day-losing-streak-to-close-higher,1751,,,,,wrong_company,"Another target company's strong alias appears, but the row ticker's target alias does not.",No,wrong_company,none,No,No,No,No,Yes,wrong_company,1,0,52cf5b6ae4db914f834f6fb5cba12cde0689fb14a4af2f62dc68c40eede5d0fa,"New_news_THREE_A_RESOURCES_BERHAD_THREE_A_RESOURCES_BERHAD_news_csv:{""row_number"": 6855}:34e8b91ee744",manual_preserve,manual_preserve_v1,New_news/THREE-A RESOURCES BERHAD/THREE-A RESOURCES BERHAD_news.csv,5fefa6dc4541a37a65230ab29450e0f61570e88b5250bd4f102e1bf171f3329e
NEWS_CANDIDATE_081926_74028600,NEW,,Move to boost housing sector,The Star,2025-05-16,https://www.thestar.com.my/news/nation/2025/05/16/move-to-boost-housing-sector,4985,,,,,wrong_company,"Another target company's strong alias appears, but the row ticker's target alias does not.",No,wrong_company,none,No,No,No,No,Yes,wrong_company,1,0,22a55fa9f8db53927c32a4bf1cfc2ff21ef9235f3e93cf617edf14907f46f172,"New_news_THREE_A_RESOURCES_BERHAD_THREE_A_RESOURCES_BERHAD_news_csv:{""row_number"": 6987}:8e5c5cb51947",manual_preserve,manual_preserve_v1,New_news/THREE-A RESOURCES BERHAD/THREE-A RESOURCES BERHAD_news.csv,5fefa6dc4541a37a65230ab29450e0f61570e88b5250bd4f102e1bf171f3329e
NEWS_CANDIDATE_081951_70d2cef6,NEW,,"FBM KLCI slips, ending three-day winning streak as banks weigh",The Star,2025-05-15,https://www.thestar.com.my/business/business-news/2025/05/15/fbm-klci-slips-ending-three-day-winning-streak-as-banks-weigh,1577,,,,,wrong_company,"Another target company's strong alias appears, but the row ticker's target alias does not.",No,wrong_company,none,No,No,No,No,Yes,wrong_company,1,0,251d76958ad48992ad8b3f46b53174ef7f5e9ff3b60734360289c80dd5aafde0,"New_news_THREE_A_RESOURCES_BERHAD_THREE_A_RESOURCES_BERHAD_news_csv:{""row_number"": 7012}:b7d1dc41d580",manual_preserve,manual_preserve_v1,New_news/THREE-A RESOURCES BERHAD/THREE-A RESOURCES BERHAD_news.csv,5fefa6dc4541a37a65230ab29450e0f61570e88b5250bd4f102e1bf171f3329e
NEWS_CANDIDATE_081954_e275e9c5,NEW,,FBM KLCI struggles for momentum amid cautious buying interest,The Star,2025-05-15,https://www.thestar.com.my/business/business-news/2025/05/15/fbm-klci-struggles-for-momentum-amid-cautious-buying-interest,1940,,,,,wrong_company,"Another target company's strong alias appears, but the row ticker's target alias does not.",No,wrong_company,none,No,No,No,No,Yes,wrong_company,1,0,516df5a7e027056004fb5fdfb92d2c7ddeb210a503c9d1a703856632d4c05338,"New_news_THREE_A_RESOURCES_BERHAD_THREE_A_RESOURCES_BERHAD_news_csv:{""row_number"": 7015}:f06ee58d4c3d",manual_preserve,manual_preserve_v1,New_news/THREE-A RESOURCES BERHAD/THREE-A RESOURCES BERHAD_news.csv,5fefa6dc4541a37a65230ab29450e0f61570e88b5250bd4f102e1bf171f3329e
NEWS_CANDIDATE_082019_9f618657,NEW,,FBM KLCI edges higher as investors await buying leads,The Star,2025-05-16,https://www.thestar.com.my/business/business-news/2025/05/16/fbm-klci-edges-higher-as-investors-await-buying-leads,1724,,,,,wrong_company,"Another target company's strong alias appears, but the row ticker's target alias does not.",No,wrong_company,none,No,No,No,No,Yes,wrong_company,1,0,9ac6e6b6dee72e8946405d3ec562fddf7579404dd7b0ad530350b843b7500b68,"New_news_THREE_A_RESOURCES_BERHAD_THREE_A_RESOURCES_BERHAD_news_csv:{""row_number"": 7080}:4490f978f6a0",manual_preserve,manual_preserve_v1,New_news/THREE-A RESOURCES BERHAD/THREE-A RESOURCES BERHAD_news.csv,5fefa6dc4541a37a65230ab29450e0f61570e88b5250bd4f102e1bf171f3329e
NEWS_CANDIDATE_082205_fd30da68,NEW,,Heineken Malaysia growth trajectory intact,The Star,2025-05-08,https://www.thestar.com.my/business/business-news/2025/05/08/heineken-malaysia-growth-trajectory-intact,3225,,,,,wrong_company,"Another target company's strong alias appears, but the row ticker's target alias does not.",No,wrong_company,none,No,No,No,No,Yes,wrong_company,1,0,d443fea1e48cb0c358412c48104b2a8ed432973b637ff9420800ed88799e0e15,"New_news_THREE_A_RESOURCES_BERHAD_THREE_A_RESOURCES_BERHAD_news_csv:{""row_number"": 7266}:7ee5ea3d5987",manual_preserve,manual_preserve_v1,New_news/THREE-A RESOURCES BERHAD/THREE-A RESOURCES BERHAD_news.csv,5fefa6dc4541a37a65230ab29450e0f61570e88b5250bd4f102e1bf171f3329e
NEWS_CANDIDATE_082218_36991a0d,NEW,,FBM KLCI drifts sideways ahead of interest rate decisions,The Star,2025-05-07,https://www.thestar.com.my/business/business-news/2025/05/07/fbm-klci-drifts-sideways-ahead-of-interest-rate-decisions,1923,,,,,wrong_company,"Another target company's strong alias appears, but the row ticker's target alias does not.",No,wrong_company,none,No,No,No,No,Yes,wrong_company,1,0,6c9769caed7088763eae7e9e41c2edc3975a3ecd46d0152f12d01a6c4ef7a6c6,"New_news_THREE_A_RESOURCES_BERHAD_THREE_A_RESOURCES_BERHAD_news_csv:{""row_number"": 7279}:27314efb04c2",manual_preserve,manual_preserve_v1,New_news/THREE-A RESOURCES BERHAD/THREE-A RESOURCES BERHAD_news.csv,5fefa6dc4541a37a65230ab29450e0f61570e88b5250bd4f102e1bf171f3329e
NEWS_CANDIDATE_082220_ef6a6894,NEW,,"Trading ideas: Capital A, FGV, Malakoff, LFE, Hektar REIT, Favelle Favco, Life Water, Ivory, Masteel, Ygl, Jetson, Hartalega, Heineken, UOA REIT, Dufu",The Star,2025-05-07,https://www.thestar.com.my/business/business-news/2025/05/07/trading-ideas-capital-a-fgv-malakoff-lfe-hektar-reit-favelle-favco-life-water-ivory-masteel-ygl-jetson-hartalega-heineken-uoa-reit-dufu,2958,,,,,wrong_company,"Another target company's strong alias appears, but the row ticker's target alias does not.",No,wrong_company,none,No,No,No,No,Yes,wrong_company,1,0,8ff8dcc4f6ad2ae935b4f3c659c8b44c07e6a7c4b50e8e6b8c3b90d6856d2e45,"New_news_THREE_A_RESOURCES_BERHAD_THREE_A_RESOURCES_BERHAD_news_csv:{""row_number"": 7281}:6a13517fb6d5",manual_preserve,manual_preserve_v1,New_news/THREE-A RESOURCES BERHAD/THREE-A RESOURCES BERHAD_news.csv,5fefa6dc4541a37a65230ab29450e0f61570e88b5250bd4f102e1bf171f3329e
NEWS_CANDIDATE_082232_e9ea5ce7,NEW,,"FBM KLCI ends higher amid global trade optimism, ringgit falls",The Star,2025-05-09,https://www.thestar.com.my/business/business-news/2025/05/09/fbm-klci-ends-higher-amid-global-trade-optimism-ringgit-falls,1573,,,,,wrong_company,"Another target company's strong alias appears, but the row ticker's target alias does not.",No,wrong_company,none,No,No,No,No,Yes,wrong_company,1,0,de0ec3093f76494f014b795f2f847ca8bb089576f5cece8f1fb0b6685d4e1b23,"New_news_THREE_A_RESOURCES_BERHAD_THREE_A_RESOURCES_BERHAD_news_csv:{""row_number"": 7293}:c61541baef75",manual_preserve,manual_preserve_v1,New_news/THREE-A RESOURCES BERHAD/THREE-A RESOURCES BERHAD_news.csv,5fefa6dc4541a37a65230ab29450e0f61570e88b5250bd4f102e1bf171f3329e
NEWS_CANDIDATE_082260_d23a6a7d,NEW,,FBM KLCI slips on profit-taking; tech stocks rally,The Star,2025-05-08,https://www.thestar.com.my/business/business-news/2025/05/08/fbm-klci-slips-on-profit-taking-tech-stocks-rally,1694,,,,,wrong_company,"Another target company's strong alias appears, but the row ticker's target alias does not.",No,wrong_company,none,No,No,No,No,Yes,wrong_company,1,0,8bab87ff5fe351ffb59f3968973dc6f4984d5011d98e3b525b94a2ee94f6912f,"New_news_THREE_A_RESOURCES_BERHAD_THREE_A_RESOURCES_BERHAD_news_csv:{""row_number"": 7321}:6208871a9c38",manual_preserve,manual_preserve_v1,New_news/THREE-A RESOURCES BERHAD/THREE-A RESOURCES BERHAD_news.csv,5fefa6dc4541a37a65230ab29450e0f61570e88b5250bd4f102e1bf171f3329e
NEWS_CANDIDATE_082480_bc1d6ea4,NEW,,Malaysia’s halal product exports up 15% to RM61.79bil in 2024,The Star,2025-05-01,https://www.thestar.com.my/business/business-news/2025/05/01/malaysias-halal-product-exports-up-15-to-rm6179bil-in-2024,3723,,,,,wrong_company,"Another target company's strong alias appears, but the row ticker's target alias does not.",No,wrong_company,none,No,No,No,No,Yes,wrong_company,1,0,93db4ae48e42d92d32c24be3e6c7b4ec0a3b498465d09d8d0a333ff4daa5e413,"New_news_THREE_A_RESOURCES_BERHAD_THREE_A_RESOURCES_BERHAD_news_csv:{""row_number"": 7541}:85b0c1194fe1",manual_preserve,manual_preserve_v1,New_news/THREE-A RESOURCES BERHAD/THREE-A RESOURCES BERHAD_news.csv,5fefa6dc4541a37a65230ab29450e0f61570e88b5250bd4f102e1bf171f3329e
NEWS_CANDIDATE_082545_cac73045,NEW,,"Recycling project expands to Subang Jaya, Sepang",The Star,2025-04-26,https://www.thestar.com.my/metro/metro-news/2025/04/26/recycling-project-expands-to-subang-jaya-sepang,3035,,,,,wrong_company,"Another target company's strong alias appears, but the row ticker's target alias does not.",No,wrong_company,none,No,No,No,No,Yes,wrong_company,1,0,556c225e50bd4d64108165d1a080b921b38af356bdf0a694a47c7eca8600ccaf,"New_news_THREE_A_RESOURCES_BERHAD_THREE_A_RESOURCES_BERHAD_news_csv:{""row_number"": 7606}:b63885fe45e1",manual_preserve,manual_preserve_v1,New_news/THREE-A RESOURCES BERHAD/THREE-A RESOURCES BERHAD_news.csv,5fefa6dc4541a37a65230ab29450e0f61570e88b5250bd4f102e1bf171f3329e
NEWS_CANDIDATE_082716_73cc7697,NEW,,Life Water targets high-capacity expansion,The Star,2025-04-16,https://www.thestar.com.my/business/business-news/2025/04/16/life-water-targets-high-capacity-expansion,2616,,,,,wrong_company,"Another target company's strong alias appears, but the row ticker's target alias does not.",No,wrong_company,none,No,No,No,No,Yes,wrong_company,1,0,23e6fe704fd4b5b2deff2f4d15bed4f5a148f056060b47038dc3bca925801f02,"New_news_THREE_A_RESOURCES_BERHAD_THREE_A_RESOURCES_BERHAD_news_csv:{""row_number"": 7777}:c7ae668c1c03",manual_preserve,manual_preserve_v1,New_news/THREE-A RESOURCES BERHAD/THREE-A RESOURCES BERHAD_news.csv,5fefa6dc4541a37a65230ab29450e0f61570e88b5250bd4f102e1bf171f3329e
NEWS_CANDIDATE_082784_6764cf42,NEW,,Empowering the public with life-saving resuscitation skills,The Star,2025-04-17,https://www.thestar.com.my/metro/metro-news/2025/04/17/empowering-the-public-with-life-saving-resuscitation-skills,2963,,,,,wrong_company,"Another target company's strong alias appears, but the row ticker's target alias does not.",No,wrong_company,none,No,No,No,No,Yes,wrong_company,1,0,f019f63f9cf48d21939dcd36897a9b090e1ec564dce47c1b6d250faab2a178f6,"New_news_THREE_A_RESOURCES_BERHAD_THREE_A_RESOURCES_BERHAD_news_csv:{""row_number"": 7845}:7ecbdf2f2069",manual_preserve,manual_preserve_v1,New_news/THREE-A RESOURCES BERHAD/THREE-A RESOURCES BERHAD_news.csv,5fefa6dc4541a37a65230ab29450e0f61570e88b5250bd4f102e1bf171f3329e
NEWS_CANDIDATE_082818_3d6abfb8,NEW,,"Moscow plans to use seized US-owned company to feed Russian army, document shows",The Star,2025-04-17,https://www.thestar.com.my/news/world/2025/04/17/exclusive-moscow-plans-to-use-seized-us-owned-company-to-feed-russian-army-document-shows,4156,,,,,wrong_company,"Another target company's strong alias appears, but the row ticker's target alias does not.",No,wrong_company,none,No,No,No,No,Yes,wrong_company,1,0,32c76265a8777b0fbaa423ba6e5184c51fa83b81121cd487d9a147cba6ce6d9d,"New_news_THREE_A_RESOURCES_BERHAD_THREE_A_RESOURCES_BERHAD_news_csv:{""row_number"": 7879}:d8707958dd21",manual_preserve,manual_preserve_v1,New_news/THREE-A RESOURCES BERHAD/THREE-A RESOURCES BERHAD_news.csv,5fefa6dc4541a37a65230ab29450e0f61570e88b5250bd4f102e1bf171f3329e
NEWS_CANDIDATE_082916_f7d3421d,NEW,,FBM KLCI surges 62.54 points on relief after Trump pauses tariffs,The Star,2025-04-10,https://www.thestar.com.my/business/business-news/2025/04/10/fbm-klci-surges-6254-points-on-relief-after-trump-pauses-tariffs,2079,,,,,wrong_company,"Another target company's strong alias appears, but the row ticker's target alias does not.",No,wrong_company,none,No,No,No,No,Yes,wrong_company,1,0,efdc0b65b954a9cccdc4fc9f6139d4f1741f7a30dfc0eb8ee51f64f22883f6fb,"New_news_THREE_A_RESOURCES_BERHAD_THREE_A_RESOURCES_BERHAD_news_csv:{""row_number"": 7977}:43331f10e6f5",manual_preserve,manual_preserve_v1,New_news/THREE-A RESOURCES BERHAD/THREE-A RESOURCES BERHAD_news.csv,5fefa6dc4541a37a65230ab29450e0f61570e88b5250bd4f102e1bf171f3329e
NEWS_CANDIDATE_082947_8debc770,NEW,,Electric trucks likely to lower costs for Swift Haulage,The Star,2025-04-09,https://www.thestar.com.my/business/business-news/2025/04/09/electric-trucks-likely-to-lower-costs-for-swift-haulage,2790,,,,,wrong_company,"Another target company's strong alias appears, but the row ticker's target alias does not.",No,wrong_company,none,No,No,No,No,Yes,wrong_company,1,0,45c7c0fa5ac5f9c668a82b2568d8a22fcbaf0005383ce76a2d4a1fd5c5a212da,"New_news_THREE_A_RESOURCES_BERHAD_THREE_A_RESOURCES_BERHAD_news_csv:{""row_number"": 8008}:b425df67de67",manual_preserve,manual_preserve_v1,New_news/THREE-A RESOURCES BERHAD/THREE-A RESOURCES BERHAD_news.csv,5fefa6dc4541a37a65230ab29450e0f61570e88b5250bd4f102e1bf171f3329e
NEWS_CANDIDATE_082956_5a81dc01,NEW,,FBM KLCI selling pressure amid escalating US-China trade tensions,The Star,2025-04-11,https://www.thestar.com.my/business/business-news/2025/04/11/fbm-klci-selling-pressure-amid-escalating-us-china-trade-tensions,2012,,,,,wrong_company,"Another target company's strong alias appears, but the row ticker's target alias does not.",No,wrong_company,none,No,No,No,No,Yes,wrong_company,1,0,408f8a7aa2f80151d414db295b14d5f02eba0778d7b37d96f3acaf91bed1de60,"New_news_THREE_A_RESOURCES_BERHAD_THREE_A_RESOURCES_BERHAD_news_csv:{""row_number"": 8017}:5c8482049940",manual_preserve,manual_preserve_v1,New_news/THREE-A RESOURCES BERHAD/THREE-A RESOURCES BERHAD_news.csv,5fefa6dc4541a37a65230ab29450e0f61570e88b5250bd4f102e1bf171f3329e
NEWS_CANDIDATE_083146_ba77f72b,NEW,,"Bursa Malaysia dips as Trump’s tariffs hit sentiment, last-minute buying cushions losses",The Star,2025-04-03,https://www.thestar.com.my/business/business-news/2025/04/03/bursa-malaysia-dips-as-trumps-tariffs-hit-sentiment-last-minute-buying-cushions-losses,2127,,,,,wrong_company,"Another target company's strong alias appears, but the row ticker's target alias does not.",No,wrong_company,none,No,No,No,No,Yes,wrong_company,1,0,d17a98f4bb241b4e0aef7e38afbfc47a96de5b100ae6d741f355d33429e72404,"New_news_THREE_A_RESOURCES_BERHAD_THREE_A_RESOURCES_BERHAD_news_csv:{""row_number"": 8207}:9d3cffcb665a",manual_preserve,manual_preserve_v1,New_news/THREE-A RESOURCES BERHAD/THREE-A RESOURCES BERHAD_news.csv,5fefa6dc4541a37a65230ab29450e0f61570e88b5250bd4f102e1bf171f3329e
NEWS_CANDIDATE_083147_614bedc1,NEW,,Bursa Malaysia slips on Trump's tariff shock,The Star,2025-04-03,https://www.thestar.com.my/business/business-news/2025/04/03/bursa-malaysia-slips-on-trump039s-tariff-shock,2575,,,,,wrong_company,"Another target company's strong alias appears, but the row ticker's target alias does not.",No,wrong_company,none,No,No,No,No,Yes,wrong_company,1,0,3da98ff690f0aa8302952cbf28c9c17de2a4b43966732e06b202850403575472,"New_news_THREE_A_RESOURCES_BERHAD_THREE_A_RESOURCES_BERHAD_news_csv:{""row_number"": 8208}:e59ae6641b66",manual_preserve,manual_preserve_v1,New_news/THREE-A RESOURCES BERHAD/THREE-A RESOURCES BERHAD_news.csv,5fefa6dc4541a37a65230ab29450e0f61570e88b5250bd4f102e1bf171f3329e
NEWS_CANDIDATE_083189_61bad4e8,NEW,,Bursa Malaysia slips at open amid global market jitters over US tariffs,The Star,2025-04-04,https://www.thestar.com.my/business/business-news/2025/04/04/bursa-malaysia-slips-at-open-amid-global-market-jitters-over-us-tariffs,2387,,,,,wrong_company,"Another target company's strong alias appears, but the row ticker's target alias does not.",No,wrong_company,none,No,No,No,No,Yes,wrong_company,1,0,d3556cc4bef673d42175fec30264083462d017e45aa392117c6e5779ac932b3a,"New_news_THREE_A_RESOURCES_BERHAD_THREE_A_RESOURCES_BERHAD_news_csv:{""row_number"": 8250}:f199c003d052",manual_preserve,manual_preserve_v1,New_news/THREE-A RESOURCES BERHAD/THREE-A RESOURCES BERHAD_news.csv,5fefa6dc4541a37a65230ab29450e0f61570e88b5250bd4f102e1bf171f3329e
NEWS_CANDIDATE_083383_ba6e49c5,NEW,,FBM KLCI extends gains for second consecutive day,The Star,2025-03-26,https://www.thestar.com.my/business/business-news/2025/03/26/fbm-klci-extends-gains-for-second-consecutive-day,1619,,,,,wrong_company,"Another target company's strong alias appears, but the row ticker's target alias does not.",No,wrong_company,none,No,No,No,No,Yes,wrong_company,1,0,55e09d34d32ea0711c57f35fcf417ac987516ade3af3f355b13c2fc9d222ad8a,"New_news_THREE_A_RESOURCES_BERHAD_THREE_A_RESOURCES_BERHAD_news_csv:{""row_number"": 8444}:9751870afb01",manual_preserve,manual_preserve_v1,New_news/THREE-A RESOURCES BERHAD/THREE-A RESOURCES BERHAD_news.csv,5fefa6dc4541a37a65230ab29450e0f61570e88b5250bd4f102e1bf171f3329e
NEWS_CANDIDATE_084051_99c5f89a,NEW,,Bursa Malaysia ends week lower amid cautious sentiment,The Star,2025-03-07,https://www.thestar.com.my/business/business-news/2025/03/07/bursa-malaysia-ends-week-lower-amid-cautious-sentiment,1773,,,,,wrong_company,"Another target company's strong alias appears, but the row ticker's target alias does not.",No,wrong_company,none,No,No,No,No,Yes,wrong_company,1,0,b1f686b98a36e8da8e130753a0066d16f2febc3398e864874d4f1161b7b1c17f,"New_news_THREE_A_RESOURCES_BERHAD_THREE_A_RESOURCES_BERHAD_news_csv:{""row_number"": 9112}:8ec3db1095f6",manual_preserve,manual_preserve_v1,New_news/THREE-A RESOURCES BERHAD/THREE-A RESOURCES BERHAD_news.csv,5fefa6dc4541a37a65230ab29450e0f61570e88b5250bd4f102e1bf171f3329e
NEWS_CANDIDATE_084274_314c812a,NEW,,Bursa Malaysia stays in the red at midday on broad-based selling,The Star,2025-02-28,https://www.thestar.com.my/business/business-news/2025/02/28/bursa-malaysia-stays-in-the-red-at-midday-on-broad-based-selling,1532,,,,,wrong_company,"Another target company's strong alias appears, but the row ticker's target alias does not.",No,wrong_company,none,No,No,No,No,Yes,wrong_company,1,0,91505bc81626e596083442a2c22c65554d15f43067aed33181bca4495784428d,"New_news_THREE_A_RESOURCES_BERHAD_THREE_A_RESOURCES_BERHAD_news_csv:{""row_number"": 9335}:d18f77faa410",manual_preserve,manual_preserve_v1,New_news/THREE-A RESOURCES BERHAD/THREE-A RESOURCES BERHAD_news.csv,5fefa6dc4541a37a65230ab29450e0f61570e88b5250bd4f102e1bf171f3329e
NEWS_CANDIDATE_084443_4c748fd0,NEW,,FBM KLCI sinks deeper into the red at midday,The Star,2025-02-20,https://www.thestar.com.my/business/business-news/2025/02/20/fbm-klci-sinks-deeper-into-the-red-at-midday,1405,,,,,wrong_company,"Another target company's strong alias appears, but the row ticker's target alias does not.",No,wrong_company,none,No,No,No,No,Yes,wrong_company,1,0,3ceae16ecb70b1cb48fb2ff198f6f7697bde53e40008576f00f78cf7d100baa9,"New_news_THREE_A_RESOURCES_BERHAD_THREE_A_RESOURCES_BERHAD_news_csv:{""row_number"": 9504}:04fb414b1229",manual_preserve,manual_preserve_v1,New_news/THREE-A RESOURCES BERHAD/THREE-A RESOURCES BERHAD_news.csv,5fefa6dc4541a37a65230ab29450e0f61570e88b5250bd4f102e1bf171f3329e
NEWS_CANDIDATE_084444_6e9de55c,NEW,,Leong Hup set to gain from stable poultry prices and lower feed costs,The Star,2025-02-20,https://www.thestar.com.my/business/business-news/2025/02/20/leong-hup-set-to-gain-from-stable-poultry-prices-and-lower-feed-costs,1895,,,,,wrong_company,"Another target company's strong alias appears, but the row ticker's target alias does not.",No,wrong_company,none,No,No,No,No,Yes,wrong_company,1,0,d456cce32f8bf6853f6e62bd7d75831f415faa290ab7d42c038af2c39475c097,"New_news_THREE_A_RESOURCES_BERHAD_THREE_A_RESOURCES_BERHAD_news_csv:{""row_number"": 9505}:55f421bcf438",manual_preserve,manual_preserve_v1,New_news/THREE-A RESOURCES BERHAD/THREE-A RESOURCES BERHAD_news.csv,5fefa6dc4541a37a65230ab29450e0f61570e88b5250bd4f102e1bf171f3329e
NEWS_CANDIDATE_084655_6feb586b,NEW,,"FBM KLCI slips below psychological 1,600 level as caution weighs on market",The Star,2025-02-13,https://www.thestar.com.my/business/business-news/2025/02/13/fbm-klci-slips-below-psychological-1600-level-as-caution-weighs-on-market,1459,,,,,wrong_company,"Another target company's strong alias appears, but the row ticker's target alias does not.",No,wrong_company,none,No,No,No,No,Yes,wrong_company,1,0,01d98a258bd4ceee135b18fd4ff2e823f9bf9784e58868cbf1d69256c4df68c0,"New_news_THREE_A_RESOURCES_BERHAD_THREE_A_RESOURCES_BERHAD_news_csv:{""row_number"": 9716}:671ee6bf68f6",manual_preserve,manual_preserve_v1,New_news/THREE-A RESOURCES BERHAD/THREE-A RESOURCES BERHAD_news.csv,5fefa6dc4541a37a65230ab29450e0f61570e88b5250bd4f102e1bf171f3329e
NEWS_CANDIDATE_084658_1d72f186,NEW,,"Bursa Malaysia slips amid US tariff threats, inflation risk",The Star,2025-02-13,https://www.thestar.com.my/business/business-news/2025/02/13/bursa-malaysia-slips-amid-us-tariff-threats-inflation-risk,1192,,,,,wrong_company,"Another target company's strong alias appears, but the row ticker's target alias does not.",No,wrong_company,none,No,No,No,No,Yes,wrong_company,1,0,19c02868b1f89a1a208ad2d73e49b4d792b71ce0c67202e338ff7cb57f865350,"New_news_THREE_A_RESOURCES_BERHAD_THREE_A_RESOURCES_BERHAD_news_csv:{""row_number"": 9719}:009acbc509c5",manual_preserve,manual_preserve_v1,New_news/THREE-A RESOURCES BERHAD/THREE-A RESOURCES BERHAD_news.csv,5fefa6dc4541a37a65230ab29450e0f61570e88b5250bd4f102e1bf171f3329e
NEWS_CANDIDATE_084659_da30f0d5,NEW,,Blue chips rally expected to continue after short breather,The Star,2025-02-13,https://www.thestar.com.my/business/business-news/2025/02/13/blue-chips-rally-expected-to-continue-after-short-breather,1449,,,,,wrong_company,"Another target company's strong alias appears, but the row ticker's target alias does not.",No,wrong_company,none,No,No,No,No,Yes,wrong_company,1,0,068873daf4b011a4ee4958a821b521303f665d64176393112c6358732bad11ed,"New_news_THREE_A_RESOURCES_BERHAD_THREE_A_RESOURCES_BERHAD_news_csv:{""row_number"": 9720}:0c4a18fc539d",manual_preserve,manual_preserve_v1,New_news/THREE-A RESOURCES BERHAD/THREE-A RESOURCES BERHAD_news.csv,5fefa6dc4541a37a65230ab29450e0f61570e88b5250bd4f102e1bf171f3329e
NEWS_CANDIDATE_084665_f40338fe,NEW,,Heineken Malaysia 4Q earnings at new high,The Star,2025-02-13,https://www.thestar.com.my/business/business-news/2025/02/13/heineken-malaysia-4q-earnings-at-new-high,4254,,,,,wrong_company,"Another target company's strong alias appears, but the row ticker's target alias does not.",No,wrong_company,none,No,No,No,No,Yes,wrong_company,1,0,111535b995ac4e705003cd3d2d0e0e27f731a8bad4deb44a8468fa0c77ade5a9,"New_news_THREE_A_RESOURCES_BERHAD_THREE_A_RESOURCES_BERHAD_news_csv:{""row_number"": 9726}:dbd455e30745",manual_preserve,manual_preserve_v1,New_news/THREE-A RESOURCES BERHAD/THREE-A RESOURCES BERHAD_news.csv,5fefa6dc4541a37a65230ab29450e0f61570e88b5250bd4f102e1bf171f3329e
NEWS_CANDIDATE_084892_8e51dd9c,NEW,,Last-minute buying drives FBM KLCI higher for third consecutive session,The Star,2025-02-06,https://www.thestar.com.my/business/business-news/2025/02/06/last-minute-buying-drives-fbm-klci-higher-for-third-consecutive-session,1867,,,,,wrong_company,"Another target company's strong alias appears, but the row ticker's target alias does not.",No,wrong_company,none,No,No,No,No,Yes,wrong_company,1,0,aac3cd4defc32c0d5dafd7a010b4b93b9fe79801d280f5966e85da89856402c7,"New_news_THREE_A_RESOURCES_BERHAD_THREE_A_RESOURCES_BERHAD_news_csv:{""row_number"": 9953}:5d03c14bc4e2",manual_preserve,manual_preserve_v1,New_news/THREE-A RESOURCES BERHAD/THREE-A RESOURCES BERHAD_news.csv,5fefa6dc4541a37a65230ab29450e0f61570e88b5250bd4f102e1bf171f3329e
NEWS_CANDIDATE_085126_656b2b0a,NEW,,Bursa Malaysia end lower on CNY Eve; FBM KLCI down 0.4%,The Star,2025-01-28,https://www.thestar.com.my/business/business-news/2025/01/28/bursa-malaysia-end-lower-on-cny-eve-fbm-klci-down-04,2274,,,,,wrong_company,"Another target company's strong alias appears, but the row ticker's target alias does not.",No,wrong_company,none,No,No,No,No,Yes,wrong_company,1,0,71c6be12fd03d5ce0605c26469a66feb49475eef7fba128dbbb52f7a531e32c8,"New_news_THREE_A_RESOURCES_BERHAD_THREE_A_RESOURCES_BERHAD_news_csv:{""row_number"": 10187}:c7fb633d83e5",manual_preserve,manual_preserve_v1,New_news/THREE-A RESOURCES BERHAD/THREE-A RESOURCES BERHAD_news.csv,5fefa6dc4541a37a65230ab29450e0f61570e88b5250bd4f102e1bf171f3329e
NEWS_CANDIDATE_085138_3c63d923,NEW,,"FBM KLCI skids as YTL Corp, YTL Power drag",The Star,2025-01-27,https://www.thestar.com.my/business/business-news/2025/01/27/fbm-klci-skids-as-ytl-corp-ytl-power-drag,2105,,,,,wrong_company,"Another target company's strong alias appears, but the row ticker's target alias does not.",No,wrong_company,none,No,No,No,No,Yes,wrong_company,1,0,726394f0ef17142e2346e4a5140e49b7c65488e45176459cbd490908c724879c,"New_news_THREE_A_RESOURCES_BERHAD_THREE_A_RESOURCES_BERHAD_news_csv:{""row_number"": 10199}:c623e7e688ba",manual_preserve,manual_preserve_v1,New_news/THREE-A RESOURCES BERHAD/THREE-A RESOURCES BERHAD_news.csv,5fefa6dc4541a37a65230ab29450e0f61570e88b5250bd4f102e1bf171f3329e
NEWS_CANDIDATE_085410_fec4849b,NEW,,Bursa Malaysia ends week in the red despite trimming losses,The Star,2025-01-24,https://www.thestar.com.my/business/business-news/2025/01/24/bursa-malaysia-ends-week-in-the-red-despite-trimming-losses,1596,,,,,wrong_company,"Another target company's strong alias appears, but the row ticker's target alias does not.",No,wrong_company,none,No,No,No,No,Yes,wrong_company,1,0,c72791152150bec0335e340e23b778f8d7e90bf4901a539c4f6c08ba95d6bdd7,"New_news_THREE_A_RESOURCES_BERHAD_THREE_A_RESOURCES_BERHAD_news_csv:{""row_number"": 10471}:083bb9305402",manual_preserve,manual_preserve_v1,New_news/THREE-A RESOURCES BERHAD/THREE-A RESOURCES BERHAD_news.csv,5fefa6dc4541a37a65230ab29450e0f61570e88b5250bd4f102e1bf171f3329e
NEWS_CANDIDATE_085793_026d06f6,NEW,,Bursa Malaysia ends in the red as 900 stocks decline,The Star,2025-01-09,https://www.thestar.com.my/business/business-news/2025/01/09/bursa-malaysia-ends-in-the-red-as-900-stocks-decline,1787,,,,,wrong_company,"Another target company's strong alias appears, but the row ticker's target alias does not.",No,wrong_company,none,No,No,No,No,Yes,wrong_company,1,0,63dfcfb0efc41a79709cfdeaf69605328c93080238d05a21fd9f0866a378f95a,"New_news_THREE_A_RESOURCES_BERHAD_THREE_A_RESOURCES_BERHAD_news_csv:{""row_number"": 10854}:ba9a7d0659e1",manual_preserve,manual_preserve_v1,New_news/THREE-A RESOURCES BERHAD/THREE-A RESOURCES BERHAD_news.csv,5fefa6dc4541a37a65230ab29450e0f61570e88b5250bd4f102e1bf171f3329e
NEWS_CANDIDATE_085832_f4788c3d,NEW,,"FBM KLCI edges up, bucks regional trend",The Star,2025-01-10,https://www.thestar.com.my/business/business-news/2025/01/10/fbm-klci-edges-up-bucks-regional-trend,1797,,,,,wrong_company,"Another target company's strong alias appears, but the row ticker's target alias does not.",No,wrong_company,none,No,No,No,No,Yes,wrong_company,1,0,232775f9c1ed3746ca06d2a27401e039da02618098efb62f6c7c5e0c3e6a0e9e,"New_news_THREE_A_RESOURCES_BERHAD_THREE_A_RESOURCES_BERHAD_news_csv:{""row_number"": 10893}:15f075e28383",manual_preserve,manual_preserve_v1,New_news/THREE-A RESOURCES BERHAD/THREE-A RESOURCES BERHAD_news.csv,5fefa6dc4541a37a65230ab29450e0f61570e88b5250bd4f102e1bf171f3329e
NEWS_CANDIDATE_085902_c43245bb,NEW,,"Unique packaging, special rewards on tap for CNY",The Star,2025-01-10,https://www.thestar.com.my/metro/metro-news/2025/01/10/unique-packaging-special-rewards-on-tap-for-cny,2285,,,,,wrong_company,"Another target company's strong alias appears, but the row ticker's target alias does not.",No,wrong_company,none,No,No,No,No,Yes,wrong_company,1,0,c8a3649006995cd7a2bfee737d02425ef3cb10e3a996f53faffb364e3ca34409,"New_news_THREE_A_RESOURCES_BERHAD_THREE_A_RESOURCES_BERHAD_news_csv:{""row_number"": 10963}:304bf9f9e404",manual_preserve,manual_preserve_v1,New_news/THREE-A RESOURCES BERHAD/THREE-A RESOURCES BERHAD_news.csv,5fefa6dc4541a37a65230ab29450e0f61570e88b5250bd4f102e1bf171f3329e
NEWS_CANDIDATE_086075_2ba189db,NEW,,FBM KLCI ends first trading day of 2025 in the red,The Star,2025-01-02,https://www.thestar.com.my/business/business-news/2025/01/02/fbm-klci-ends-first-trading-day-of-2025-in-the-red,1667,,,,,wrong_company,"Another target company's strong alias appears, but the row ticker's target alias does not.",No,wrong_company,none,No,No,No,No,Yes,wrong_company,0,0,7b7c4231dce5b6ca6833761257fd5aeac4690300617f808a1fce27133aba2a16,"New_news_THREE_A_RESOURCES_BERHAD_THREE_A_RESOURCES_BERHAD_news_csv:{""row_number"": 11136}:4717bee09273",manual_preserve,manual_preserve_v1,New_news/THREE-A RESOURCES BERHAD/THREE-A RESOURCES BERHAD_news.csv,5fefa6dc4541a37a65230ab29450e0f61570e88b5250bd4f102e1bf171f3329e
NEWS_CANDIDATE_086136_4ea08340,NEW,,Key issues that shaped Petaling Jaya in 2024,The Star,2024-12-28,https://www.thestar.com.my/metro/metro-news/2024/12/28/pj-folk-make-their-voices-heard,8537,,,,,wrong_company,"Another target company's strong alias appears, but the row ticker's target alias does not.",No,wrong_company,none,No,No,No,No,Yes,wrong_company,1,0,9cc3f59530fec84fed93dc636b7d6bf6fef5b9fd231ac0df5d1aa97a107a290f,"New_news_THREE_A_RESOURCES_BERHAD_THREE_A_RESOURCES_BERHAD_news_csv:{""row_number"": 11197}:fbd88e25cf23",manual_preserve,manual_preserve_v1,New_news/THREE-A RESOURCES BERHAD/THREE-A RESOURCES BERHAD_news.csv,5fefa6dc4541a37a65230ab29450e0f61570e88b5250bd4f102e1bf171f3329e
NEWS_CANDIDATE_086244_53b62804,NEW,,"FBM KLCI climbs back above 1,600 points on Christmas boost",The Star,2024-12-24,https://www.thestar.com.my/business/business-news/2024/12/24/fbm-klci-climbs-back-above-1600-points-on-christmas-boost,1969,,,,,wrong_company,"Another target company's strong alias appears, but the row ticker's target alias does not.",No,wrong_company,none,No,No,No,No,Yes,wrong_company,1,0,4bfe8478527fd62502b6faa8c3d9830a48c31d8d987dc6b661f9433eb54935ac,"New_news_THREE_A_RESOURCES_BERHAD_THREE_A_RESOURCES_BERHAD_news_csv:{""row_number"": 11305}:8280261fdc40",manual_preserve,manual_preserve_v1,New_news/THREE-A RESOURCES BERHAD/THREE-A RESOURCES BERHAD_news.csv,5fefa6dc4541a37a65230ab29450e0f61570e88b5250bd4f102e1bf171f3329e
NEWS_CANDIDATE_086279_7dfc3f29,NEW,,"Bursa Malaysia higher at midday, boosted by year-end window dressing",The Star,2024-12-26,https://www.thestar.com.my/business/business-news/2024/12/26/bursa-malaysia-higher-at-midday-boosted-by-year-end-window-dressing,2091,,,,,wrong_company,"Another target company's strong alias appears, but the row ticker's target alias does not.",No,wrong_company,none,No,No,No,No,Yes,wrong_company,1,0,59722412d3a8dbad64330cb4e44585b66b9edd3b1eca268257c38e5e50af21e9,"New_news_THREE_A_RESOURCES_BERHAD_THREE_A_RESOURCES_BERHAD_news_csv:{""row_number"": 11340}:4f49490e31dc",manual_preserve,manual_preserve_v1,New_news/THREE-A RESOURCES BERHAD/THREE-A RESOURCES BERHAD_news.csv,5fefa6dc4541a37a65230ab29450e0f61570e88b5250bd4f102e1bf171f3329e
NEWS_CANDIDATE_086457_835a8c84,NEW,,"FBM KLCI rebounds, ending two-day losing streak amid regional gains",The Star,2024-12-18,https://www.thestar.com.my/business/business-news/2024/12/18/fbm-klci-rebounds-ending-two-day-losing-streak-amid-regional-gains,1701,,,,,wrong_company,"Another target company's strong alias appears, but the row ticker's target alias does not.",No,wrong_company,none,No,No,No,No,Yes,wrong_company,1,0,1b970f3cd0cb85345df77257252fdabfcbaae3934e46d846edd070ebb3a991dd,"New_news_THREE_A_RESOURCES_BERHAD_THREE_A_RESOURCES_BERHAD_news_csv:{""row_number"": 11518}:d5307facb1ca",manual_preserve,manual_preserve_v1,New_news/THREE-A RESOURCES BERHAD/THREE-A RESOURCES BERHAD_news.csv,5fefa6dc4541a37a65230ab29450e0f61570e88b5250bd4f102e1bf171f3329e
NEWS_CANDIDATE_086460_fb54328c,NEW,,"FBM KLCI rebounds above 1,600-point mark at midday",The Star,2024-12-18,https://www.thestar.com.my/business/business-news/2024/12/18/fbm-klci-rebounds-above-1600-point-mark-at-midday,1548,,,,,wrong_company,"Another target company's strong alias appears, but the row ticker's target alias does not.",No,wrong_company,none,No,No,No,No,Yes,wrong_company,1,0,da016c7a2e5fc506172c95140e3c2beab99ca5d5839bfffdbf323d6ba3b38850,"New_news_THREE_A_RESOURCES_BERHAD_THREE_A_RESOURCES_BERHAD_news_csv:{""row_number"": 11521}:808e909b20af",manual_preserve,manual_preserve_v1,New_news/THREE-A RESOURCES BERHAD/THREE-A RESOURCES BERHAD_news.csv,5fefa6dc4541a37a65230ab29450e0f61570e88b5250bd4f102e1bf171f3329e
NEWS_CANDIDATE_086472_6bd44761,NEW,,"Bursa Malaysia slips deeper into the red, in line with regional downtrend",The Star,2024-12-20,https://www.thestar.com.my/business/business-news/2024/12/20/bursa-malaysia-slips-deeper-into-the-red-in-line-with-regional-downtrend,1443,,,,,wrong_company,"Another target company's strong alias appears, but the row ticker's target alias does not.",No,wrong_company,none,No,No,No,No,Yes,wrong_company,1,0,892b1b90553a9758f07ec6147a474a08d54cb32adc06fa4e8f7d7e2e64ea230c,"New_news_THREE_A_RESOURCES_BERHAD_THREE_A_RESOURCES_BERHAD_news_csv:{""row_number"": 11533}:2d5c00832760",manual_preserve,manual_preserve_v1,New_news/THREE-A RESOURCES BERHAD/THREE-A RESOURCES BERHAD_news.csv,5fefa6dc4541a37a65230ab29450e0f61570e88b5250bd4f102e1bf171f3329e
NEWS_CANDIDATE_086713_8720785f,NEW,,"FBM KLCI slips towards 1,600 as US inflation jitters spill over",The Star,2024-12-11,https://www.thestar.com.my/business/business-news/2024/12/11/fbm-klci-slips-towards-1600-as-us-inflation-jitters-spill-over,1518,,,,,wrong_company,"Another target company's strong alias appears, but the row ticker's target alias does not.",No,wrong_company,none,No,No,No,No,Yes,wrong_company,1,0,73499e09be11df2b04994f93f5ca68c9c60516455971dbbacf2b28de61a4ceca,"New_news_THREE_A_RESOURCES_BERHAD_THREE_A_RESOURCES_BERHAD_news_csv:{""row_number"": 11774}:be0ea209fe55",manual_preserve,manual_preserve_v1,New_news/THREE-A RESOURCES BERHAD/THREE-A RESOURCES BERHAD_news.csv,5fefa6dc4541a37a65230ab29450e0f61570e88b5250bd4f102e1bf171f3329e
NEWS_CANDIDATE_087000_6b6a5bd7,NEW,,"We must advance Malaysia’s venture ecosystem for sustainable growth, says Amir Hamzah",The Star,2024-12-04,https://www.thestar.com.my/aseanplus/aseanplus-news/2024/12/04/we-must-advance-malaysias-venture-ecosystem-for-sustainable-growth-says-amir-hamzah,11903,,,,,wrong_company,"Another target company's strong alias appears, but the row ticker's target alias does not.",No,wrong_company,none,No,No,No,No,Yes,wrong_company,0,0,5a6fe6a92d96e95771a10301e1fafcb61adbdadc27885aa69c1806735fd282f7,"New_news_THREE_A_RESOURCES_BERHAD_THREE_A_RESOURCES_BERHAD_news_csv:{""row_number"": 12061}:8183b3f5649a",manual_preserve,manual_preserve_v1,New_news/THREE-A RESOURCES BERHAD/THREE-A RESOURCES BERHAD_news.csv,5fefa6dc4541a37a65230ab29450e0f61570e88b5250bd4f102e1bf171f3329e
NEWS_CANDIDATE_087102_6a9a784a,NEW,,"5,000 boxes of food aid head east",The Star,2024-12-04,https://www.thestar.com.my/metro/metro-news/2024/12/04/5000-boxes-of-food-aid-head-east,2255,,,,,wrong_company,"Another target company's strong alias appears, but the row ticker's target alias does not.",No,wrong_company,none,No,No,No,No,Yes,wrong_company,1,0,1bf51b8c840e6bd9bea64e000232a496c19d9d3c2019c7d2d77736b2a93d1229,"New_news_THREE_A_RESOURCES_BERHAD_THREE_A_RESOURCES_BERHAD_news_csv:{""row_number"": 12163}:f3669e0f05fa",manual_preserve,manual_preserve_v1,New_news/THREE-A RESOURCES BERHAD/THREE-A RESOURCES BERHAD_news.csv,5fefa6dc4541a37a65230ab29450e0f61570e88b5250bd4f102e1bf171f3329e
NEWS_CANDIDATE_087106_87a6c469,NEW,,Race walking gains popularity among youths,The Star,2024-12-03,https://www.thestar.com.my/metro/metro-news/2024/12/03/race-walking-gains-popularity-among-youths,3640,,,,,wrong_company,"Another target company's strong alias appears, but the row ticker's target alias does not.",No,wrong_company,none,No,No,No,No,Yes,wrong_company,1,0,12920f2d3e56eb2c1ce513c3640107bdb2dabc70c909ed762bdd295c157da8b9,"New_news_THREE_A_RESOURCES_BERHAD_THREE_A_RESOURCES_BERHAD_news_csv:{""row_number"": 12167}:87ee353037c4",manual_preserve,manual_preserve_v1,New_news/THREE-A RESOURCES BERHAD/THREE-A RESOURCES BERHAD_news.csv,5fefa6dc4541a37a65230ab29450e0f61570e88b5250bd4f102e1bf171f3329e
NEWS_CANDIDATE_087218_80d1d6e3,NEW,,Farm Fresh 2Q net profit surges to RM26.2mil,The Star,2024-11-28,https://www.thestar.com.my/business/business-news/2024/11/28/farm-fresh-2q-net-profit-surges-to-rm262mil,2311,,,,,wrong_company,"Another target company's strong alias appears, but the row ticker's target alias does not.",No,wrong_company,none,No,No,No,No,Yes,wrong_company,1,0,3d24e43930739ebfdcd7e5f93aff85ea9ee864192b18f511b9716038275c571a,"New_news_THREE_A_RESOURCES_BERHAD_THREE_A_RESOURCES_BERHAD_news_csv:{""row_number"": 12279}:6c8bd7b727cf",manual_preserve,manual_preserve_v1,New_news/THREE-A RESOURCES BERHAD/THREE-A RESOURCES BERHAD_news.csv,5fefa6dc4541a37a65230ab29450e0f61570e88b5250bd4f102e1bf171f3329e
NEWS_CANDIDATE_087220_1368494b,NEW,,Bursa wraps up morning session slightly in red as decliners dominate,The Star,2024-11-28,https://www.thestar.com.my/business/business-news/2024/11/28/bursa-wraps-up-morning-session-slightly-in-red-as-decliners-dominate,2417,,,,,wrong_company,"Another target company's strong alias appears, but the row ticker's target alias does not.",No,wrong_company,none,No,No,No,No,Yes,wrong_company,1,0,35f143166b62cc106f8907311833267320d73b8805092e22d54ecc6a17a2f89e,"New_news_THREE_A_RESOURCES_BERHAD_THREE_A_RESOURCES_BERHAD_news_csv:{""row_number"": 12281}:0d4f4d35b951",manual_preserve,manual_preserve_v1,New_news/THREE-A RESOURCES BERHAD/THREE-A RESOURCES BERHAD_news.csv,5fefa6dc4541a37a65230ab29450e0f61570e88b5250bd4f102e1bf171f3329e
NEWS_CANDIDATE_087280_3ca5f3bf,NEW,,Bursa Malaysia opens lower as selling pressure weighs on market sentiment,The Star,2024-11-29,https://www.thestar.com.my/business/business-news/2024/11/29/bursa-malaysia-opens-lower-as-selling-pressure-weighs-on-market-sentiment,1511,,,,,wrong_company,"Another target company's strong alias appears, but the row ticker's target alias does not.",No,wrong_company,none,No,No,No,No,Yes,wrong_company,1,0,844bef7b80fb293f99ed48a5bd58490253b0d24087b47badbc56a85ac0b3d085,"New_news_THREE_A_RESOURCES_BERHAD_THREE_A_RESOURCES_BERHAD_news_csv:{""row_number"": 12341}:99b4d53cb627",manual_preserve,manual_preserve_v1,New_news/THREE-A RESOURCES BERHAD/THREE-A RESOURCES BERHAD_news.csv,5fefa6dc4541a37a65230ab29450e0f61570e88b5250bd4f102e1bf171f3329e
NEWS_CANDIDATE_087359_8e72b52d,NEW,,Brewery’s education fund pours into 12 more beneficiaries,The Star,2024-11-21,https://www.thestar.com.my/metro/metro-news/2024/11/21/brewerys-education-fund-pours-into-12-more-beneficiaries,3501,,,,,wrong_company,"Another target company's strong alias appears, but the row ticker's target alias does not.",No,wrong_company,none,No,No,No,No,Yes,wrong_company,1,0,f749aafc55ae71467e7fc2e1b3a09d38c42bd3d0e815be45d853b6b16bb06b78,"New_news_THREE_A_RESOURCES_BERHAD_THREE_A_RESOURCES_BERHAD_news_csv:{""row_number"": 12420}:c66742e63289",manual_preserve,manual_preserve_v1,New_news/THREE-A RESOURCES BERHAD/THREE-A RESOURCES BERHAD_news.csv,5fefa6dc4541a37a65230ab29450e0f61570e88b5250bd4f102e1bf171f3329e
NEWS_CANDIDATE_087509_75e3c164,NEW,,"FBM KLCI ends lower but stays above the 1,600 key level",The Star,2024-11-14,https://www.thestar.com.my/business/business-news/2024/11/14/fbm-klci-ends-lower-but-stays-above-the-1600-key-level,1562,,,,,wrong_company,"Another target company's strong alias appears, but the row ticker's target alias does not.",No,wrong_company,none,No,No,No,No,Yes,wrong_company,1,0,85b1825523fac7d5f44b74ba929ca47ed1ecf46c49b15b22b125a3264622d0d7,"New_news_THREE_A_RESOURCES_BERHAD_THREE_A_RESOURCES_BERHAD_news_csv:{""row_number"": 12570}:a0e9a6b1275d",manual_preserve,manual_preserve_v1,New_news/THREE-A RESOURCES BERHAD/THREE-A RESOURCES BERHAD_news.csv,5fefa6dc4541a37a65230ab29450e0f61570e88b5250bd4f102e1bf171f3329e
NEWS_CANDIDATE_087523_fd3965a2,NEW,,FBM KLCI edges higher amid regional downtrend; plantation stocks lead decliners,The Star,2024-11-13,https://www.thestar.com.my/business/business-news/2024/11/13/fbm-klci-edges-higher-amid-regional-downtrend-plantation-stocks-lead-decliners,1663,,,,,wrong_company,"Another target company's strong alias appears, but the row ticker's target alias does not.",No,wrong_company,none,No,No,No,No,Yes,wrong_company,0,0,06699c02eb025a361b7b0061b77b9368c170373393cc7ca7047988ed23aa8f1a,"New_news_THREE_A_RESOURCES_BERHAD_THREE_A_RESOURCES_BERHAD_news_csv:{""row_number"": 12584}:7bac2b203927",manual_preserve,manual_preserve_v1,New_news/THREE-A RESOURCES BERHAD/THREE-A RESOURCES BERHAD_news.csv,5fefa6dc4541a37a65230ab29450e0f61570e88b5250bd4f102e1bf171f3329e
NEWS_CANDIDATE_087529_9f4cee06,NEW,,Bursa Malaysia remains on a slide as US rally takes breather,The Star,2024-11-13,https://www.thestar.com.my/business/business-news/2024/11/13/bursa-malaysia-remains-on-a-slide-as-us-rally-takes-breather,1679,,,,,wrong_company,"Another target company's strong alias appears, but the row ticker's target alias does not.",No,wrong_company,none,No,No,No,No,Yes,wrong_company,0,0,1b1a6380fceedfaf74893bbd04d8665fef24b054143cb345afa36fab02531b7f,"New_news_THREE_A_RESOURCES_BERHAD_THREE_A_RESOURCES_BERHAD_news_csv:{""row_number"": 12590}:6c66b1f154ac",manual_preserve,manual_preserve_v1,New_news/THREE-A RESOURCES BERHAD/THREE-A RESOURCES BERHAD_news.csv,5fefa6dc4541a37a65230ab29450e0f61570e88b5250bd4f102e1bf171f3329e
NEWS_CANDIDATE_087530_800025f6,NEW,,"Trading ideas: Maybank, Capital A, Sapura Energy, Paragon, Atlan, Fajarbaru, Tiong Nam, T7, Carimin, Jati Tinggi, MCE, Heineken",The Star,2024-11-13,https://www.thestar.com.my/business/business-news/2024/11/13/trading-ideas-maybank-capital-a-sapura-energy-paragon-atlan-fajarbaru-tiong-nam-t7-carimin-jati-tinggi-mce-heineken,3272,,,,,wrong_company,"Another target company's strong alias appears, but the row ticker's target alias does not.",No,wrong_company,none,No,No,No,No,Yes,wrong_company,1,0,554a37a3229602e12180a07b499a5479a6c34b1eb1ba989a7a10f34f0b4f70eb,"New_news_THREE_A_RESOURCES_BERHAD_THREE_A_RESOURCES_BERHAD_news_csv:{""row_number"": 12591}:62e25e9e0e0d",manual_preserve,manual_preserve_v1,New_news/THREE-A RESOURCES BERHAD/THREE-A RESOURCES BERHAD_news.csv,5fefa6dc4541a37a65230ab29450e0f61570e88b5250bd4f102e1bf171f3329e
NEWS_CANDIDATE_087567_da8b20d8,NEW,,Bursa Malaysia set to hold firm ahead of GDP data,The Star,2024-11-15,https://www.thestar.com.my/business/business-news/2024/11/15/bursa-malaysia-set-to-hold-firm-ahead-of-gdp-data,1961,,,,,wrong_company,"Another target company's strong alias appears, but the row ticker's target alias does not.",No,wrong_company,none,No,No,No,No,Yes,wrong_company,0,0,a62170a5cc9567758f6bec34c07fc83879875e5ed7925f528b30bb7db1636f8f,"New_news_THREE_A_RESOURCES_BERHAD_THREE_A_RESOURCES_BERHAD_news_csv:{""row_number"": 12628}:62daaf06b773",manual_preserve,manual_preserve_v1,New_news/THREE-A RESOURCES BERHAD/THREE-A RESOURCES BERHAD_news.csv,5fefa6dc4541a37a65230ab29450e0f61570e88b5250bd4f102e1bf171f3329e
NEWS_CANDIDATE_087643_8d27c3ba,NEW,,Lucky duo gets salary for lifetime,The Star,2024-11-14,https://www.thestar.com.my/metro/metro-news/2024/11/14/lucky-duo-gets-salary-for-lifetime,4206,,,,,wrong_company,"Another target company's strong alias appears, but the row ticker's target alias does not.",No,wrong_company,none,No,No,No,No,Yes,wrong_company,1,0,77cef8465b6373c078c44e5a0d9fd728f877142546bec0f22d845726e546c3f7,"New_news_THREE_A_RESOURCES_BERHAD_THREE_A_RESOURCES_BERHAD_news_csv:{""row_number"": 12704}:42f65a3698fb",manual_preserve,manual_preserve_v1,New_news/THREE-A RESOURCES BERHAD/THREE-A RESOURCES BERHAD_news.csv,5fefa6dc4541a37a65230ab29450e0f61570e88b5250bd4f102e1bf171f3329e
NEWS_CANDIDATE_087761_382455f1,NEW,,FBM KLCI extends loss for second day running,The Star,2024-11-08,https://www.thestar.com.my/business/business-news/2024/11/08/fbm-klci-extends-loss-for-second-day-running,1462,,,,,wrong_company,"Another target company's strong alias appears, but the row ticker's target alias does not.",No,wrong_company,none,No,No,No,No,Yes,wrong_company,1,0,d0b0c887980ddfcda106f8a20e326c929d8c01cf59cd9ee95400274f9fbe3786,"New_news_THREE_A_RESOURCES_BERHAD_THREE_A_RESOURCES_BERHAD_news_csv:{""row_number"": 12822}:c80a52083c61",manual_preserve,manual_preserve_v1,New_news/THREE-A RESOURCES BERHAD/THREE-A RESOURCES BERHAD_news.csv,5fefa6dc4541a37a65230ab29450e0f61570e88b5250bd4f102e1bf171f3329e
NEWS_CANDIDATE_087763_ce3cceca,NEW,,FBM KLCI edges up at midday amid cautious broader market,The Star,2024-11-08,https://www.thestar.com.my/business/business-news/2024/11/08/fbm-klci-edges-up-at-midday-amid-cautious-broader-market,1871,,,,,wrong_company,"Another target company's strong alias appears, but the row ticker's target alias does not.",No,wrong_company,none,No,No,No,No,Yes,wrong_company,1,0,deb6ec803e69db206d9bc061c7e4bf3e69766a6e5a7937280eddb1ac8afd27e7,"New_news_THREE_A_RESOURCES_BERHAD_THREE_A_RESOURCES_BERHAD_news_csv:{""row_number"": 12824}:e91291b2a461",manual_preserve,manual_preserve_v1,New_news/THREE-A RESOURCES BERHAD/THREE-A RESOURCES BERHAD_news.csv,5fefa6dc4541a37a65230ab29450e0f61570e88b5250bd4f102e1bf171f3329e
NEWS_CANDIDATE_087785_6ed04316,NEW,,F&N to use other sources of cows for dairy farm,The Star,2024-11-07,https://www.thestar.com.my/business/business-news/2024/11/07/fn-to-use-other-sources-of-cows-for-dairy-farm,3602,,,,,wrong_company,"Another target company's strong alias appears, but the row ticker's target alias does not.",No,wrong_company,none,No,No,No,No,Yes,wrong_company,1,0,37307600b7e4600722e4c261a12df714083a2ab01bd86d91f3619950185d7bf3,"New_news_THREE_A_RESOURCES_BERHAD_THREE_A_RESOURCES_BERHAD_news_csv:{""row_number"": 12846}:b3bfff604ab9",manual_preserve,manual_preserve_v1,New_news/THREE-A RESOURCES BERHAD/THREE-A RESOURCES BERHAD_news.csv,5fefa6dc4541a37a65230ab29450e0f61570e88b5250bd4f102e1bf171f3329e
NEWS_CANDIDATE_087829_40778401,NEW,,Bursa Malaysia snaps 4-day winning streak,The Star,2024-11-07,https://www.thestar.com.my/business/business-news/2024/11/07/bursa-malaysia-snaps-4-day-winning-streak,1376,,,,,wrong_company,"Another target company's strong alias appears, but the row ticker's target alias does not.",No,wrong_company,none,No,No,No,No,Yes,wrong_company,1,0,2cca7124bb9f2dbff1760ae40667093669331f3ac82ab5f60ee6bd96b0630b55,"New_news_THREE_A_RESOURCES_BERHAD_THREE_A_RESOURCES_BERHAD_news_csv:{""row_number"": 12890}:bd9ebc80d56b",manual_preserve,manual_preserve_v1,New_news/THREE-A RESOURCES BERHAD/THREE-A RESOURCES BERHAD_news.csv,5fefa6dc4541a37a65230ab29450e0f61570e88b5250bd4f102e1bf171f3329e
NEWS_CANDIDATE_087891_d6ebd239,NEW,,Company pours millions into water protection,The Star,2024-11-05,https://www.thestar.com.my/metro/metro-news/2024/11/05/company-pours-millions-into-water-protection,4423,,,,,wrong_company,"Another target company's strong alias appears, but the row ticker's target alias does not.",No,wrong_company,none,No,No,No,No,Yes,wrong_company,1,0,93aa4459c4198ffb71db89efc7d51a5d45de49516e3d32c1b2132337084b01dd,"New_news_THREE_A_RESOURCES_BERHAD_THREE_A_RESOURCES_BERHAD_news_csv:{""row_number"": 12952}:0a507fbe3ad4",manual_preserve,manual_preserve_v1,New_news/THREE-A RESOURCES BERHAD/THREE-A RESOURCES BERHAD_news.csv,5fefa6dc4541a37a65230ab29450e0f61570e88b5250bd4f102e1bf171f3329e
NEWS_CANDIDATE_088217_d0b06049,NEW,,Bursa Malaysia slips for fifth session amid selling pressure,The Star,2024-10-25,https://www.thestar.com.my/business/business-news/2024/10/25/bursa-malaysia-slips-for-fifth-session-amid-selling-pressure,1627,,,,,wrong_company,"Another target company's strong alias appears, but the row ticker's target alias does not.",No,wrong_company,none,No,No,No,No,Yes,wrong_company,1,0,d3fc68f93472499acdf75a9d485e67e927f333308a99117ab8e530f2d76b5f03,"New_news_THREE_A_RESOURCES_BERHAD_THREE_A_RESOURCES_BERHAD_news_csv:{""row_number"": 13278}:a4bbcde182d8",manual_preserve,manual_preserve_v1,New_news/THREE-A RESOURCES BERHAD/THREE-A RESOURCES BERHAD_news.csv,5fefa6dc4541a37a65230ab29450e0f61570e88b5250bd4f102e1bf171f3329e
NEWS_CANDIDATE_088231_72b3d946,NEW,,"FBM KLCI falls for fourth straight day, down 9.30 points",The Star,2024-10-24,https://www.thestar.com.my/business/business-news/2024/10/24/fbm-klci-falls-for-fourth-straight-day-down-930-points,1850,,,,,wrong_company,"Another target company's strong alias appears, but the row ticker's target alias does not.",No,wrong_company,none,No,No,No,No,Yes,wrong_company,1,0,70ccfcac7fe9293dbc380366df58f059062fc4d00afcda7db0ffc95d902f2f0d,"New_news_THREE_A_RESOURCES_BERHAD_THREE_A_RESOURCES_BERHAD_news_csv:{""row_number"": 13292}:677810cf9369",manual_preserve,manual_preserve_v1,New_news/THREE-A RESOURCES BERHAD/THREE-A RESOURCES BERHAD_news.csv,5fefa6dc4541a37a65230ab29450e0f61570e88b5250bd4f102e1bf171f3329e
NEWS_CANDIDATE_088657_cdd8fcbb,NEW,,FBM KLCI slips in line with region as Public Bank leads decline,The Star,2024-10-11,https://www.thestar.com.my/business/business-news/2024/10/11/fbm-klci-slips-in-line-with-region-as-public-bank-leads-decline,1779,,,,,wrong_company,"Another target company's strong alias appears, but the row ticker's target alias does not.",No,wrong_company,none,No,No,No,No,Yes,wrong_company,1,0,cb64c86fea75fb55c9742af0b6f5074702e34b649586ead5144e92cfa55d0a2a,"New_news_THREE_A_RESOURCES_BERHAD_THREE_A_RESOURCES_BERHAD_news_csv:{""row_number"": 13718}:61c2dde9221c",manual_preserve,manual_preserve_v1,New_news/THREE-A RESOURCES BERHAD/THREE-A RESOURCES BERHAD_news.csv,5fefa6dc4541a37a65230ab29450e0f61570e88b5250bd4f102e1bf171f3329e
NEWS_CANDIDATE_088732_b2ee7743,NEW,,FBM KLCI ends higher amid regional gains; Teh family to reduce Public Bank shareholdings to 10%,The Star,2024-10-10,https://www.thestar.com.my/business/business-news/2024/10/10/fbm-klci-ends-higher-amid-regional-gains-teh-family-to-reduce-public-bank-shareholdings-to-10,3022,,,,,wrong_company,"Another target company's strong alias appears, but the row ticker's target alias does not.",No,wrong_company,none,No,No,No,No,Yes,wrong_company,1,0,cb9ffa7af143cc954c94e460979bd9ab3fa7d7e10a60a79030686b42dcf45523,"New_news_THREE_A_RESOURCES_BERHAD_THREE_A_RESOURCES_BERHAD_news_csv:{""row_number"": 13793}:230bb3668ab3",manual_preserve,manual_preserve_v1,New_news/THREE-A RESOURCES BERHAD/THREE-A RESOURCES BERHAD_news.csv,5fefa6dc4541a37a65230ab29450e0f61570e88b5250bd4f102e1bf171f3329e
NEWS_CANDIDATE_088894_3fcc5141,NEW,,FBM KLCI bucks regional trend to close lower,The Star,2024-10-04,https://www.thestar.com.my/business/business-news/2024/10/04/fbm-klci-bucks-regional-trend-to-close-lower,1506,,,,,wrong_company,"Another target company's strong alias appears, but the row ticker's target alias does not.",No,wrong_company,none,No,No,No,No,Yes,wrong_company,1,0,a6c3bf0f9944686d94f0d68257a37288f9048760e88e728f6cfbd64663474195,"New_news_THREE_A_RESOURCES_BERHAD_THREE_A_RESOURCES_BERHAD_news_csv:{""row_number"": 13955}:453ecde83c4b",manual_preserve,manual_preserve_v1,New_news/THREE-A RESOURCES BERHAD/THREE-A RESOURCES BERHAD_news.csv,5fefa6dc4541a37a65230ab29450e0f61570e88b5250bd4f102e1bf171f3329e
NEWS_CANDIDATE_088973_6e4ce2bc,NEW,,"FBM KLCI reverses early losses, climbs 2.24 points",The Star,2024-10-03,https://www.thestar.com.my/business/business-news/2024/10/03/fbm-klci-reverses-early-losses-climbs-224-points,1576,,,,,wrong_company,"Another target company's strong alias appears, but the row ticker's target alias does not.",No,wrong_company,none,No,No,No,No,Yes,wrong_company,1,0,08f191872542ce3bda57b9af546ef44c932cce569097ca5f4b129745de40418b,"New_news_THREE_A_RESOURCES_BERHAD_THREE_A_RESOURCES_BERHAD_news_csv:{""row_number"": 14034}:b94b20128aaf",manual_preserve,manual_preserve_v1,New_news/THREE-A RESOURCES BERHAD/THREE-A RESOURCES BERHAD_news.csv,5fefa6dc4541a37a65230ab29450e0f61570e88b5250bd4f102e1bf171f3329e
NEWS_CANDIDATE_089135_941b54c3,NEW,,Ringgit’s rise is good news for the FBM KLCI,The Star,2024-09-26,https://www.thestar.com.my/business/business-news/2024/09/26/ringgits-rise-is-good-news-for-the-fbm-klci,3820,,,,,wrong_company,"Another target company's strong alias appears, but the row ticker's target alias does not.",No,wrong_company,none,No,No,No,No,Yes,wrong_company,1,0,ec9009a63752960bd6b6dcf57b522f95b58faee99bed11e81f1c8d2965c81c6e,"New_news_THREE_A_RESOURCES_BERHAD_THREE_A_RESOURCES_BERHAD_news_csv:{""row_number"": 14196}:47bdff8eda32",manual_preserve,manual_preserve_v1,New_news/THREE-A RESOURCES BERHAD/THREE-A RESOURCES BERHAD_news.csv,5fefa6dc4541a37a65230ab29450e0f61570e88b5250bd4f102e1bf171f3329e
NEWS_CANDIDATE_089145_4f338436,NEW,,Stronger ringgit will lead to upsides for laggards,The Star,2024-09-25,https://www.thestar.com.my/business/business-news/2024/09/25/stronger-ringgit-will-lead-to-upsides-for-laggards,3558,,,,,wrong_company,"Another target company's strong alias appears, but the row ticker's target alias does not.",No,wrong_company,none,No,No,No,No,Yes,wrong_company,1,0,2402566001a9631c960d0fd98a6f5bb615657cffff6e55a15ba085375f68d9ee,"New_news_THREE_A_RESOURCES_BERHAD_THREE_A_RESOURCES_BERHAD_news_csv:{""row_number"": 14206}:0cd490ff35f2",manual_preserve,manual_preserve_v1,New_news/THREE-A RESOURCES BERHAD/THREE-A RESOURCES BERHAD_news.csv,5fefa6dc4541a37a65230ab29450e0f61570e88b5250bd4f102e1bf171f3329e
NEWS_CANDIDATE_089396_8286bd74,NEW,,Bursa Malaysia retreats as investors choose caution ahead of US rate decision,The Star,2024-09-18,https://www.thestar.com.my/business/business-news/2024/09/18/bursa-malaysia-retreats-as-investors-choose-caution-ahead-of-us-rate-decision,1356,,,,,wrong_company,"Another target company's strong alias appears, but the row ticker's target alias does not.",No,wrong_company,none,No,No,No,No,Yes,wrong_company,1,0,6905e0d2d38ede34ff56b3858ac21059ff6509f49e61a0c75677b93fe0be1896,"New_news_THREE_A_RESOURCES_BERHAD_THREE_A_RESOURCES_BERHAD_news_csv:{""row_number"": 14457}:4c2ba0f3b7f4",manual_preserve,manual_preserve_v1,New_news/THREE-A RESOURCES BERHAD/THREE-A RESOURCES BERHAD_news.csv,5fefa6dc4541a37a65230ab29450e0f61570e88b5250bd4f102e1bf171f3329e
NEWS_CANDIDATE_089605_d892a554,NEW,,Resorts World Genting reveals signing of MoUs worth RM12mil,The Star,2024-09-12,https://www.thestar.com.my/news/nation/2024/09/12/resorts-world-genting-reveals-signing-of-mous-worth-rm12mil,3682,,,,,wrong_company,"Another target company's strong alias appears, but the row ticker's target alias does not.",No,wrong_company,none,No,No,No,No,Yes,wrong_company,1,0,918ff791c584e24be38bd9bd0ad7794cc5f963b659f34b9fffd55028ea85479a,"New_news_THREE_A_RESOURCES_BERHAD_THREE_A_RESOURCES_BERHAD_news_csv:{""row_number"": 14666}:75f95b16c648",manual_preserve,manual_preserve_v1,New_news/THREE-A RESOURCES BERHAD/THREE-A RESOURCES BERHAD_news.csv,5fefa6dc4541a37a65230ab29450e0f61570e88b5250bd4f102e1bf171f3329e
NEWS_CANDIDATE_089645_3aa45a75,NEW,,"FBM KLCI gives up early gains, slips into the red",The Star,2024-09-12,https://www.thestar.com.my/business/business-news/2024/09/12/fbm-klci-gives-up-early-gains-slips-into-the-red,1691,,,,,wrong_company,"Another target company's strong alias appears, but the row ticker's target alias does not.",No,wrong_company,none,No,No,No,No,Yes,wrong_company,1,0,748cd35f7b9a2c3babe9a59def40fe8890fc99130aa1404fbf0a2ea23eb113d4,"New_news_THREE_A_RESOURCES_BERHAD_THREE_A_RESOURCES_BERHAD_news_csv:{""row_number"": 14706}:625bd350e113",manual_preserve,manual_preserve_v1,New_news/THREE-A RESOURCES BERHAD/THREE-A RESOURCES BERHAD_news.csv,5fefa6dc4541a37a65230ab29450e0f61570e88b5250bd4f102e1bf171f3329e
NEWS_CANDIDATE_089662_5e8ac6a8,NEW,,Minimal impact forecast from proposed sugar tax,The Star,2024-09-12,https://www.thestar.com.my/business/business-news/2024/09/12/minimal-impact-forecast-from-proposed-sugar-tax,3279,,,,,wrong_company,"Another target company's strong alias appears, but the row ticker's target alias does not.",No,wrong_company,none,No,No,No,No,Yes,wrong_company,1,0,623b57f4171c7db2927d52c8a73a8846a46e6340096ccdefac0be63b5b934505,"New_news_THREE_A_RESOURCES_BERHAD_THREE_A_RESOURCES_BERHAD_news_csv:{""row_number"": 14723}:e60b9a59c797",manual_preserve,manual_preserve_v1,New_news/THREE-A RESOURCES BERHAD/THREE-A RESOURCES BERHAD_news.csv,5fefa6dc4541a37a65230ab29450e0f61570e88b5250bd4f102e1bf171f3329e
NEWS_CANDIDATE_089711_006423ae,NEW,,FBM KLCI climbs 8 points as momentum builds,The Star,2024-09-13,https://www.thestar.com.my/business/business-news/2024/09/13/fbm-klci-climbs-8-points-as-momentum-builds,2249,,,,,wrong_company,"Another target company's strong alias appears, but the row ticker's target alias does not.",No,wrong_company,none,No,No,No,No,Yes,wrong_company,1,0,420ced87225420cac75618b8c5a04a8b6268edb3ec4eea7e1e8edc5e9ebf8d41,"New_news_THREE_A_RESOURCES_BERHAD_THREE_A_RESOURCES_BERHAD_news_csv:{""row_number"": 14772}:9ea8692cf9b1",manual_preserve,manual_preserve_v1,New_news/THREE-A RESOURCES BERHAD/THREE-A RESOURCES BERHAD_news.csv,5fefa6dc4541a37a65230ab29450e0f61570e88b5250bd4f102e1bf171f3329e
NEWS_CANDIDATE_089920_3a0722b9,NEW,,Better prospects for plantation companies in 2H24,The Star,2024-09-06,https://www.thestar.com.my/business/business-news/2024/09/06/better-prospects-for-plantation-companies-in-2h24,3368,,,,,wrong_company,"Another target company's strong alias appears, but the row ticker's target alias does not.",No,wrong_company,none,No,No,No,No,Yes,wrong_company,1,0,4484a08adf750adbafa8e9db80b9a0e641977532121d8afa07f7ca6371cffc3a,"New_news_THREE_A_RESOURCES_BERHAD_THREE_A_RESOURCES_BERHAD_news_csv:{""row_number"": 14981}:cb25e7feca4e",manual_preserve,manual_preserve_v1,New_news/THREE-A RESOURCES BERHAD/THREE-A RESOURCES BERHAD_news.csv,5fefa6dc4541a37a65230ab29450e0f61570e88b5250bd4f102e1bf171f3329e
NEWS_CANDIDATE_089940_37dcabd6,NEW,,Higher yearly earnings for plantation companies,The Star,2024-09-05,https://www.thestar.com.my/business/business-news/2024/09/05/higher-yearly-earnings-for-plantation-companies,4384,,,,,wrong_company,"Another target company's strong alias appears, but the row ticker's target alias does not.",No,wrong_company,none,No,No,No,No,Yes,wrong_company,1,0,3e475b59ccb758eb061cfe99780bcfbf3e333432279fa3f883c84fb10556b770,"New_news_THREE_A_RESOURCES_BERHAD_THREE_A_RESOURCES_BERHAD_news_csv:{""row_number"": 15001}:8c6ce774100a",manual_preserve,manual_preserve_v1,New_news/THREE-A RESOURCES BERHAD/THREE-A RESOURCES BERHAD_news.csv,5fefa6dc4541a37a65230ab29450e0f61570e88b5250bd4f102e1bf171f3329e
NEWS_CANDIDATE_089953_3b8bec50,NEW,,Bursa Malaysia dives sharply into the red after Wall St plunge,The Star,2024-09-04,https://www.thestar.com.my/business/business-news/2024/09/04/bursa-malaysia-dives-sharply-into-the-red-after-wall-st-plunge,1547,,,,,wrong_company,"Another target company's strong alias appears, but the row ticker's target alias does not.",No,wrong_company,none,No,No,No,No,Yes,wrong_company,1,0,b628eebb8c5d31dd5063ffcf57946721c8b7b0b4cb098ed15e57d5ea1c31c5d0,"New_news_THREE_A_RESOURCES_BERHAD_THREE_A_RESOURCES_BERHAD_news_csv:{""row_number"": 15014}:24bcef007bc2",manual_preserve,manual_preserve_v1,New_news/THREE-A RESOURCES BERHAD/THREE-A RESOURCES BERHAD_news.csv,5fefa6dc4541a37a65230ab29450e0f61570e88b5250bd4f102e1bf171f3329e
NEWS_CANDIDATE_090160_0ec1a80c,NEW,,FBM KLCI rallies 1.53% to close at nearly fresh 4-year high,The Star,2024-08-30,https://www.thestar.com.my/business/business-news/2024/08/30/fbm-klci-rallies-153-to-close-at-nearly-fresh-4-year-high,2032,,,,,wrong_company,"Another target company's strong alias appears, but the row ticker's target alias does not.",No,wrong_company,none,No,No,No,No,Yes,wrong_company,1,0,4ddefed023f794fe9d1ab7199eda929641468fd695f2d16beac1a81225a2145b,"New_news_THREE_A_RESOURCES_BERHAD_THREE_A_RESOURCES_BERHAD_news_csv:{""row_number"": 15221}:c9dac096b553",manual_preserve,manual_preserve_v1,New_news/THREE-A RESOURCES BERHAD/THREE-A RESOURCES BERHAD_news.csv,5fefa6dc4541a37a65230ab29450e0f61570e88b5250bd4f102e1bf171f3329e
NEWS_CANDIDATE_090177_9938e6d8,NEW,,PPB Group quarterly earnings higher at RM309mil,The Star,2024-08-30,https://www.thestar.com.my/business/business-news/2024/08/30/ppb-group-quarterly-earnings-higher-at-rm309mil,995,,,,,wrong_company,"Another target company's strong alias appears, but the row ticker's target alias does not.",No,wrong_company,none,No,No,No,No,Yes,wrong_company,1,0,7e8ac16d7737839a05a3b5edf52ff681b623c3ec9bfac1e15ec20038f15df038,"New_news_THREE_A_RESOURCES_BERHAD_THREE_A_RESOURCES_BERHAD_news_csv:{""row_number"": 15238}:a34397be2974",manual_preserve,manual_preserve_v1,New_news/THREE-A RESOURCES BERHAD/THREE-A RESOURCES BERHAD_news.csv,5fefa6dc4541a37a65230ab29450e0f61570e88b5250bd4f102e1bf171f3329e
NEWS_CANDIDATE_090185_4ed6d38e,NEW,,PPB Group 2Q net profit higher at RM308.919mil,The Star,2024-08-29,https://www.thestar.com.my/business/business-news/2024/08/29/ppb-group-2q-net-profit-higher-at-rm308919mil,1092,,,,,wrong_company,"Another target company's strong alias appears, but the row ticker's target alias does not.",No,wrong_company,none,No,No,No,No,Yes,wrong_company,1,0,afea6a89c6be690ddbce44bb684e74c1959cf2406a3ee8acda7a10d34712ae19,"New_news_THREE_A_RESOURCES_BERHAD_THREE_A_RESOURCES_BERHAD_news_csv:{""row_number"": 15246}:e528797ad680",manual_preserve,manual_preserve_v1,New_news/THREE-A RESOURCES BERHAD/THREE-A RESOURCES BERHAD_news.csv,5fefa6dc4541a37a65230ab29450e0f61570e88b5250bd4f102e1bf171f3329e
NEWS_CANDIDATE_090204_021c7bfe,NEW,,FGV on track for a better 2H on rising production,The Star,2024-08-29,https://www.thestar.com.my/business/business-news/2024/08/29/fgv-on-track-for-a-better-2h-on-rising-production,2485,,,,,wrong_company,"Another target company's strong alias appears, but the row ticker's target alias does not.",No,wrong_company,none,No,No,No,No,Yes,wrong_company,1,0,5f64fe993aa4599e8924175418c1fa2fe0017baf309d017827a0981a4cd540ff,"New_news_THREE_A_RESOURCES_BERHAD_THREE_A_RESOURCES_BERHAD_news_csv:{""row_number"": 15265}:f452f2735adc",manual_preserve,manual_preserve_v1,New_news/THREE-A RESOURCES BERHAD/THREE-A RESOURCES BERHAD_news.csv,5fefa6dc4541a37a65230ab29450e0f61570e88b5250bd4f102e1bf171f3329e
NEWS_CANDIDATE_090468_1e478a93,NEW,,Bursa Malaysia ends in the red with 888 counters lower,The Star,2024-08-23,https://www.thestar.com.my/business/business-news/2024/08/23/bursa-malaysia-ends-in-the-red-with-888-counters-lower,1774,,,,,wrong_company,"Another target company's strong alias appears, but the row ticker's target alias does not.",No,wrong_company,none,No,No,No,No,Yes,wrong_company,1,0,db16a8ba5b6e382cb97e5d5e25a6aab0a3725bd73a500954f0ac6c4d85f6bf0d,"New_news_THREE_A_RESOURCES_BERHAD_THREE_A_RESOURCES_BERHAD_news_csv:{""row_number"": 15529}:e4024df7a7e7",manual_preserve,manual_preserve_v1,New_news/THREE-A RESOURCES BERHAD/THREE-A RESOURCES BERHAD_news.csv,5fefa6dc4541a37a65230ab29450e0f61570e88b5250bd4f102e1bf171f3329e
NEWS_CANDIDATE_090660_9ebedd9f,NEW,,Strong 2Q GDP boosts sentiment on Bursa Malaysia,The Star,2024-08-16,https://www.thestar.com.my/business/business-news/2024/08/16/strong-2q-gdp-boosts-sentiment-on-bursa-malaysia,1721,,,,,wrong_company,"Another target company's strong alias appears, but the row ticker's target alias does not.",No,wrong_company,none,No,No,No,No,Yes,wrong_company,1,0,6e722cb8934e92f7fae14a1c75e0650e208e1dfd2c98a0831a26f504749f4fe9,"New_news_THREE_A_RESOURCES_BERHAD_THREE_A_RESOURCES_BERHAD_news_csv:{""row_number"": 15721}:97ec197f7b4b",manual_preserve,manual_preserve_v1,New_news/THREE-A RESOURCES BERHAD/THREE-A RESOURCES BERHAD_news.csv,5fefa6dc4541a37a65230ab29450e0f61570e88b5250bd4f102e1bf171f3329e
NEWS_CANDIDATE_090673_3f80502a,NEW,,Cautious sentiment prevails on local bourse,The Star,2024-08-16,https://www.thestar.com.my/business/business-news/2024/08/16/cautious-sentiment-prevails-on-local-bourse,3931,,,,,wrong_company,"Another target company's strong alias appears, but the row ticker's target alias does not.",No,wrong_company,none,No,No,No,No,Yes,wrong_company,1,0,e6274ddb5c8b9cc3349a41a6203d3f9026d5754e318f8001af8949c70d629b48,"New_news_THREE_A_RESOURCES_BERHAD_THREE_A_RESOURCES_BERHAD_news_csv:{""row_number"": 15734}:f1db9aaeb5c0",manual_preserve,manual_preserve_v1,New_news/THREE-A RESOURCES BERHAD/THREE-A RESOURCES BERHAD_news.csv,5fefa6dc4541a37a65230ab29450e0f61570e88b5250bd4f102e1bf171f3329e
NEWS_CANDIDATE_090698_64f8c3b3,NEW,,Bursa Malaysia bounces back into positive territory,The Star,2024-08-14,https://www.thestar.com.my/business/business-news/2024/08/14/bursa-malaysia-bounces-back-into-positive-territory,1358,,,,,wrong_company,"Another target company's strong alias appears, but the row ticker's target alias does not.",No,wrong_company,none,No,No,No,No,Yes,wrong_company,1,0,6b01debeedfc83c53f613b6613622c6ca15a90dba65bd9974b8cee8ca5228c54,"New_news_THREE_A_RESOURCES_BERHAD_THREE_A_RESOURCES_BERHAD_news_csv:{""row_number"": 15759}:dd395b8e80b2",manual_preserve,manual_preserve_v1,New_news/THREE-A RESOURCES BERHAD/THREE-A RESOURCES BERHAD_news.csv,5fefa6dc4541a37a65230ab29450e0f61570e88b5250bd4f102e1bf171f3329e
NEWS_CANDIDATE_090701_21ed7606,NEW,,Investors keep to sidelines in lead up to corporate results,The Star,2024-08-14,https://www.thestar.com.my/business/business-news/2024/08/14/investors-keep-to-sidelines-in-lead-up-to-corporate-results,1145,,,,,wrong_company,"Another target company's strong alias appears, but the row ticker's target alias does not.",No,wrong_company,none,No,No,No,No,Yes,wrong_company,1,0,db3d297066c3a19407c2514414c50d4422e107cf4e22664f4e1ee237944d5024,"New_news_THREE_A_RESOURCES_BERHAD_THREE_A_RESOURCES_BERHAD_news_csv:{""row_number"": 15762}:e39c9f9f4e95",manual_preserve,manual_preserve_v1,New_news/THREE-A RESOURCES BERHAD/THREE-A RESOURCES BERHAD_news.csv,5fefa6dc4541a37a65230ab29450e0f61570e88b5250bd4f102e1bf171f3329e
NEWS_CANDIDATE_090752_b5482b2c,NEW,,FBM KLCI ends on a flat note,The Star,2024-08-15,https://www.thestar.com.my/business/business-news/2024/08/15/fbm-klci-ends-on-a-flat-note,1367,,,,,wrong_company,"Another target company's strong alias appears, but the row ticker's target alias does not.",No,wrong_company,none,No,No,No,No,Yes,wrong_company,1,0,c94ea1b8015b86c9a66bf9648326ea678b764fbfa30dbd1c0afb193816f6e9ee,"New_news_THREE_A_RESOURCES_BERHAD_THREE_A_RESOURCES_BERHAD_news_csv:{""row_number"": 15813}:2cf6b807b9b3",manual_preserve,manual_preserve_v1,New_news/THREE-A RESOURCES BERHAD/THREE-A RESOURCES BERHAD_news.csv,5fefa6dc4541a37a65230ab29450e0f61570e88b5250bd4f102e1bf171f3329e
NEWS_CANDIDATE_090922_b20eef4b,NEW,,FBM KLCI claws back to positive zone at midday,The Star,2024-08-08,https://www.thestar.com.my/business/business-news/2024/08/08/fbm-klci-claws-back-to-positive-zone-at-midday,1969,,,,,wrong_company,"Another target company's strong alias appears, but the row ticker's target alias does not.",No,wrong_company,none,No,No,No,No,Yes,wrong_company,1,0,bc59d3e674873c525689b113b33cc20c73d1074cde0a169809c688d0d43e9b30,"New_news_THREE_A_RESOURCES_BERHAD_THREE_A_RESOURCES_BERHAD_news_csv:{""row_number"": 15983}:a12c66514570",manual_preserve,manual_preserve_v1,New_news/THREE-A RESOURCES BERHAD/THREE-A RESOURCES BERHAD_news.csv,5fefa6dc4541a37a65230ab29450e0f61570e88b5250bd4f102e1bf171f3329e
NEWS_CANDIDATE_091025_1d79600d,NEW,,"Youth futsal tourney expands to all states, draws record numbers",The Star,2024-08-07,https://www.thestar.com.my/metro/community-sports/2024/08/07/youth-futsal-tourney-expands-to-all-states-draws-record-numbers,1257,,,,,wrong_company,"Another target company's strong alias appears, but the row ticker's target alias does not.",No,wrong_company,none,No,No,No,No,Yes,wrong_company,0,0,1335c4d09c2e9e3ece8f861b5687eef08434db8f5997b2c7a230129602552e88,"New_news_THREE_A_RESOURCES_BERHAD_THREE_A_RESOURCES_BERHAD_news_csv:{""row_number"": 16086}:f5f28e0f5422",manual_preserve,manual_preserve_v1,New_news/THREE-A RESOURCES BERHAD/THREE-A RESOURCES BERHAD_news.csv,5fefa6dc4541a37a65230ab29450e0f61570e88b5250bd4f102e1bf171f3329e
NEWS_CANDIDATE_091130_78e1d963,NEW,,"Bursa Malaysia slumps as over 1,000 counters drop",The Star,2024-08-02,https://www.thestar.com.my/business/business-news/2024/08/02/bursa-malaysia-slumps-as-over-1000-counters-drop,2188,,,,,wrong_company,"Another target company's strong alias appears, but the row ticker's target alias does not.",No,wrong_company,none,No,No,No,No,Yes,wrong_company,1,0,0d8c19a681189891a2c3c1449809fb80db3f2e4b354f2894c3d96dd7b4f4bbc8,"New_news_THREE_A_RESOURCES_BERHAD_THREE_A_RESOURCES_BERHAD_news_csv:{""row_number"": 16191}:07086074c128",manual_preserve,manual_preserve_v1,New_news/THREE-A RESOURCES BERHAD/THREE-A RESOURCES BERHAD_news.csv,5fefa6dc4541a37a65230ab29450e0f61570e88b5250bd4f102e1bf171f3329e
NEWS_CANDIDATE_091137_b63650f1,NEW,,"Trading ideas: Capital A, MNHB, F&N, CTOS, Pentamaster, YTL REIT, Pekat Group, Mitrajaya, Asdion, GHL Systems",The Star,2024-08-02,https://www.thestar.com.my/business/business-news/2024/08/02/trading-ideas-capital-a-mnhb-fn-ctos-pentamaster-ytl-reit-pekat-group-mitrajaya-asdion-ghl-systems,2682,,,,,wrong_company,"Another target company's strong alias appears, but the row ticker's target alias does not.",No,wrong_company,none,No,No,No,No,Yes,wrong_company,1,0,17434e2aaf06fad099ef3f21ed9c5e611321d9b3eb3c14cf927a784b9e85b759,"New_news_THREE_A_RESOURCES_BERHAD_THREE_A_RESOURCES_BERHAD_news_csv:{""row_number"": 16198}:5fdd40b1546e",manual_preserve,manual_preserve_v1,New_news/THREE-A RESOURCES BERHAD/THREE-A RESOURCES BERHAD_news.csv,5fefa6dc4541a37a65230ab29450e0f61570e88b5250bd4f102e1bf171f3329e
NEWS_CANDIDATE_091143_8a909d74,NEW,,F&N charts improved earnings in third quarter,The Star,2024-08-02,https://www.thestar.com.my/business/business-news/2024/08/02/fn-charts-improved-earnings-in-third-quarter,1878,,,,,wrong_company,"Another target company's strong alias appears, but the row ticker's target alias does not.",No,wrong_company,none,No,No,No,No,Yes,wrong_company,1,0,d55748abee158c68f4e0e00a043c2ed1fb99781acbf51538646b2423137da378,"New_news_THREE_A_RESOURCES_BERHAD_THREE_A_RESOURCES_BERHAD_news_csv:{""row_number"": 16204}:117f7e6c236d",manual_preserve,manual_preserve_v1,New_news/THREE-A RESOURCES BERHAD/THREE-A RESOURCES BERHAD_news.csv,5fefa6dc4541a37a65230ab29450e0f61570e88b5250bd4f102e1bf171f3329e
NEWS_CANDIDATE_091174_2e42bdb9,NEW,,Bursa Malaysia stays sideways as investors await Fed decision,The Star,2024-07-31,https://www.thestar.com.my/business/business-news/2024/07/31/bursa-malaysia-stays-sideways-as-investors-await-fed-decision,1606,,,,,wrong_company,"Another target company's strong alias appears, but the row ticker's target alias does not.",No,wrong_company,none,No,No,No,No,Yes,wrong_company,1,0,30b2d3464ae7cbc86c430354d23b4fb1543968f6289c9543e13532fb7917cb0d,"New_news_THREE_A_RESOURCES_BERHAD_THREE_A_RESOURCES_BERHAD_news_csv:{""row_number"": 16235}:dffc3b17bd67",manual_preserve,manual_preserve_v1,New_news/THREE-A RESOURCES BERHAD/THREE-A RESOURCES BERHAD_news.csv,5fefa6dc4541a37a65230ab29450e0f61570e88b5250bd4f102e1bf171f3329e
NEWS_CANDIDATE_091242_c1d648f2,NEW,,Young walkers put best foot forward,The Star,2024-08-02,https://www.thestar.com.my/metro/community-sports/2024/08/02/young-walkers-put-best-foot-forward,2475,,,,,wrong_company,"Another target company's strong alias appears, but the row ticker's target alias does not.",No,wrong_company,none,No,No,No,No,Yes,wrong_company,1,0,55bb704f99390c23fe4a67c01081ac05b65c2c1725c1e3079145d598391fa024,"New_news_THREE_A_RESOURCES_BERHAD_THREE_A_RESOURCES_BERHAD_news_csv:{""row_number"": 16303}:3fab2207b259",manual_preserve,manual_preserve_v1,New_news/THREE-A RESOURCES BERHAD/THREE-A RESOURCES BERHAD_news.csv,5fefa6dc4541a37a65230ab29450e0f61570e88b5250bd4f102e1bf171f3329e
NEWS_CANDIDATE_091249_a83fa663,NEW,,"Veterans’ association raises RM50,000 in charity game",The Star,2024-07-27,https://www.thestar.com.my/metro/metro-news/2024/07/27/veterans-association-raises-rm50000-in-charity-game,1659,,,,,wrong_company,"Another target company's strong alias appears, but the row ticker's target alias does not.",No,wrong_company,none,No,No,No,No,Yes,wrong_company,0,0,9f6a1c4c47933f6ce70c12071c6dc4834af0716049a04f8660bebf54772ad7d3,"New_news_THREE_A_RESOURCES_BERHAD_THREE_A_RESOURCES_BERHAD_news_csv:{""row_number"": 16310}:fd27054304d0",manual_preserve,manual_preserve_v1,New_news/THREE-A RESOURCES BERHAD/THREE-A RESOURCES BERHAD_news.csv,5fefa6dc4541a37a65230ab29450e0f61570e88b5250bd4f102e1bf171f3329e
NEWS_CANDIDATE_091333_fa57117d,NEW,,"Bursa Malaysia extends losses, ends week lower",The Star,2024-07-26,https://www.thestar.com.my/business/business-news/2024/07/26/bursa-malaysia-extends-losses-ends-week-lower,1376,,,,,wrong_company,"Another target company's strong alias appears, but the row ticker's target alias does not.",No,wrong_company,none,No,No,No,No,Yes,wrong_company,1,0,a2196cd2425dd05333dd42be7655cfc9d0d764c5077c693847e09de4b061229b,"New_news_THREE_A_RESOURCES_BERHAD_THREE_A_RESOURCES_BERHAD_news_csv:{""row_number"": 16394}:a62329441982",manual_preserve,manual_preserve_v1,New_news/THREE-A RESOURCES BERHAD/THREE-A RESOURCES BERHAD_news.csv,5fefa6dc4541a37a65230ab29450e0f61570e88b5250bd4f102e1bf171f3329e
NEWS_CANDIDATE_091374_c526de28,NEW,,"Selling restarts on Bursa, FBM KLCI drops 7pts",The Star,2024-07-24,https://www.thestar.com.my/business/business-news/2024/07/24/selling-restarts-on-bursa-fbm-klci-drops-7pts,1811,,,,,wrong_company,"Another target company's strong alias appears, but the row ticker's target alias does not.",No,wrong_company,none,No,No,No,No,Yes,wrong_company,1,0,0ed2ee071af38e8a2bb1f0ba71e773b9687b3d2b8893c1b787fc6dc6bd625612,"New_news_THREE_A_RESOURCES_BERHAD_THREE_A_RESOURCES_BERHAD_news_csv:{""row_number"": 16435}:a2e388efff0d",manual_preserve,manual_preserve_v1,New_news/THREE-A RESOURCES BERHAD/THREE-A RESOURCES BERHAD_news.csv,5fefa6dc4541a37a65230ab29450e0f61570e88b5250bd4f102e1bf171f3329e
NEWS_CANDIDATE_091599_521e6e5c,NEW,,FBM KLCI hit fresh 3-year high on strong buying interest,The Star,2024-07-17,https://www.thestar.com.my/business/business-news/2024/07/17/fbm-klci-hit-fresh-3-year-high-on-strong-buying-interest,1864,,,,,wrong_company,"Another target company's strong alias appears, but the row ticker's target alias does not.",No,wrong_company,none,No,No,No,No,Yes,wrong_company,1,0,edd0f983b181380ecb6806dede98ecfe9d3fa59a31584c413ba4932111b4abb1,"New_news_THREE_A_RESOURCES_BERHAD_THREE_A_RESOURCES_BERHAD_news_csv:{""row_number"": 16660}:ea4ffedc345f",manual_preserve,manual_preserve_v1,New_news/THREE-A RESOURCES BERHAD/THREE-A RESOURCES BERHAD_news.csv,5fefa6dc4541a37a65230ab29450e0f61570e88b5250bd4f102e1bf171f3329e
NEWS_CANDIDATE_091853_caee9bb4,NEW,,FBM KLCI rises for second day on Fed rate cut optimism,The Star,2024-07-10,https://www.thestar.com.my/business/business-news/2024/07/10/fbm-klci-rises-for-second-day-on-fed-rate-cut-optimism,1450,,,,,wrong_company,"Another target company's strong alias appears, but the row ticker's target alias does not.",No,wrong_company,none,No,No,No,No,Yes,wrong_company,1,0,6db64d97b45f8abba54007d9cef0afc295823917d9fb985d3b7a9ba648e3bcd9,"New_news_THREE_A_RESOURCES_BERHAD_THREE_A_RESOURCES_BERHAD_news_csv:{""row_number"": 16914}:1739989370a6",manual_preserve,manual_preserve_v1,New_news/THREE-A RESOURCES BERHAD/THREE-A RESOURCES BERHAD_news.csv,5fefa6dc4541a37a65230ab29450e0f61570e88b5250bd4f102e1bf171f3329e
NEWS_CANDIDATE_091990_1bd8ffe2,NEW,,Teeing up for tourism,The Star,2024-07-09,https://www.thestar.com.my/metro/community-sports/2024/07/09/teeing-up-for-tourism,2486,,,,,wrong_company,"Another target company's strong alias appears, but the row ticker's target alias does not.",No,wrong_company,none,No,No,No,No,Yes,wrong_company,1,0,70d4fbe3faf405d4783dea97fdf46fcabb09b3bbce6a69e87bc3881c9612c28a,"New_news_THREE_A_RESOURCES_BERHAD_THREE_A_RESOURCES_BERHAD_news_csv:{""row_number"": 17051}:a60113ba9cae",manual_preserve,manual_preserve_v1,New_news/THREE-A RESOURCES BERHAD/THREE-A RESOURCES BERHAD_news.csv,5fefa6dc4541a37a65230ab29450e0f61570e88b5250bd4f102e1bf171f3329e
NEWS_CANDIDATE_091999_2d7cb799,NEW,,Tourney aims to promote Malaysia as a golf tourism destination for all seasons,The Star,2024-07-05,https://www.thestar.com.my/metro/metro-news/2024/07/05/tourney-aims-to-promote-malaysia-as-a-golf-tourism-destination-for-all-seasons,1480,,,,,wrong_company,"Another target company's strong alias appears, but the row ticker's target alias does not.",No,wrong_company,none,No,No,No,No,Yes,wrong_company,0,0,7a52f24411b2b3a4c78d5b5016ddb9e233eb6fc7816a1a7a4c25c2f8a93a7bf5,"New_news_THREE_A_RESOURCES_BERHAD_THREE_A_RESOURCES_BERHAD_news_csv:{""row_number"": 17060}:33488177c304",manual_preserve,manual_preserve_v1,New_news/THREE-A RESOURCES BERHAD/THREE-A RESOURCES BERHAD_news.csv,5fefa6dc4541a37a65230ab29450e0f61570e88b5250bd4f102e1bf171f3329e
NEWS_CANDIDATE_092005_661a0cb5,NEW,,Sustainable food initiative in Bentong to empower indigenous communities,The Star,2024-07-04,https://www.thestar.com.my/metro/metro-news/2024/07/04/sustainable-food-initiative-in-bentong-to-empower-indigenous-communities,2345,,,,,wrong_company,"Another target company's strong alias appears, but the row ticker's target alias does not.",No,wrong_company,none,No,No,No,No,Yes,wrong_company,1,0,9181fb5a87d640b24cf5b74359d65aaa444620f73a78aa41a321e8cf20ae3356,"New_news_THREE_A_RESOURCES_BERHAD_THREE_A_RESOURCES_BERHAD_news_csv:{""row_number"": 17066}:a128a348c38e",manual_preserve,manual_preserve_v1,New_news/THREE-A RESOURCES BERHAD/THREE-A RESOURCES BERHAD_news.csv,5fefa6dc4541a37a65230ab29450e0f61570e88b5250bd4f102e1bf171f3329e
NEWS_CANDIDATE_092262_34c0a627,NEW,,Racing to raise funds for kids with Down syndrome,The Star,2024-06-20,https://www.thestar.com.my/metro/metro-news/2024/06/20/racing-to-raise-funds-for-kids-with-down-syndrome,2450,,,,,wrong_company,"Another target company's strong alias appears, but the row ticker's target alias does not.",No,wrong_company,none,No,No,No,No,Yes,wrong_company,1,0,cb45d71b4c7d9de9fb9829d10c17d25e6528a3b57a5180111a2f1af38ba7f62a,"New_news_THREE_A_RESOURCES_BERHAD_THREE_A_RESOURCES_BERHAD_news_csv:{""row_number"": 17323}:73184b2065bb",manual_preserve,manual_preserve_v1,New_news/THREE-A RESOURCES BERHAD/THREE-A RESOURCES BERHAD_news.csv,5fefa6dc4541a37a65230ab29450e0f61570e88b5250bd4f102e1bf171f3329e
NEWS_CANDIDATE_092378_fd74855d,NEW,,FBM KLCI rises amid weaker broader market,The Star,2024-06-18,https://www.thestar.com.my/business/business-news/2024/06/18/fbm-klc-rises-amid-weaker-broader-market,1154,,,,,wrong_company,"Another target company's strong alias appears, but the row ticker's target alias does not.",No,wrong_company,none,No,No,No,No,Yes,wrong_company,0,0,77f65bfc15aa35baf662baf5422d578fb553469e8019f22fdfb59c3afbdaa572,"New_news_THREE_A_RESOURCES_BERHAD_THREE_A_RESOURCES_BERHAD_news_csv:{""row_number"": 17439}:a757454f72ad",manual_preserve,manual_preserve_v1,New_news/THREE-A RESOURCES BERHAD/THREE-A RESOURCES BERHAD_news.csv,5fefa6dc4541a37a65230ab29450e0f61570e88b5250bd4f102e1bf171f3329e
NEWS_CANDIDATE_092381_5f1d7498,NEW,,FBM KLCI opens higher after long weekend break,The Star,2024-06-18,https://www.thestar.com.my/business/business-news/2024/06/18/fbm-klci-opens-higher-after-long-weekend-break,2028,,,,,wrong_company,"Another target company's strong alias appears, but the row ticker's target alias does not.",No,wrong_company,none,No,No,No,No,Yes,wrong_company,1,0,844116423b21014020fb5becf675f5b567bc969cb5c3e3271e584868fc63adbe,"New_news_THREE_A_RESOURCES_BERHAD_THREE_A_RESOURCES_BERHAD_news_csv:{""row_number"": 17442}:e08d91fac462",manual_preserve,manual_preserve_v1,New_news/THREE-A RESOURCES BERHAD/THREE-A RESOURCES BERHAD_news.csv,5fefa6dc4541a37a65230ab29450e0f61570e88b5250bd4f102e1bf171f3329e
NEWS_CANDIDATE_092633_017ecaf8,NEW,,"FBM KLCI pares gains, ends marginally up",The Star,2024-06-13,https://www.thestar.com.my/business/business-news/2024/06/13/fbm-klci-pares-gains-ends-marginally-up,1044,,,,,wrong_company,"Another target company's strong alias appears, but the row ticker's target alias does not.",No,wrong_company,none,No,No,No,No,Yes,wrong_company,1,0,36058cecee1a5c1a4a6517b4e58f0f9b08a7a6e60ae834fb6180f9fd0fc3f1f8,"New_news_THREE_A_RESOURCES_BERHAD_THREE_A_RESOURCES_BERHAD_news_csv:{""row_number"": 17694}:36780be68d74",manual_preserve,manual_preserve_v1,New_news/THREE-A RESOURCES BERHAD/THREE-A RESOURCES BERHAD_news.csv,5fefa6dc4541a37a65230ab29450e0f61570e88b5250bd4f102e1bf171f3329e
NEWS_CANDIDATE_092658_418ebfa9,NEW,,"Bursa Malaysia opens higher, boosted by strong Wall Street",The Star,2024-06-13,https://www.thestar.com.my/business/business-news/2024/06/13/bursa-malaysia-opens-higher-boosted-by-strong-wall-street,2498,,,,,wrong_company,"Another target company's strong alias appears, but the row ticker's target alias does not.",No,wrong_company,none,No,No,No,No,Yes,wrong_company,1,0,4928d61c7d8450aa039256b7cbb424bec5dd9ba6ffe368cf6ffd44ac7d79c14b,"New_news_THREE_A_RESOURCES_BERHAD_THREE_A_RESOURCES_BERHAD_news_csv:{""row_number"": 17719}:934786106546",manual_preserve,manual_preserve_v1,New_news/THREE-A RESOURCES BERHAD/THREE-A RESOURCES BERHAD_news.csv,5fefa6dc4541a37a65230ab29450e0f61570e88b5250bd4f102e1bf171f3329e
NEWS_CANDIDATE_092899_569b48d9,NEW,,Leong Hup's prospects in FY24 remain intact,The Star,2024-06-04,https://www.thestar.com.my/business/business-news/2024/06/04/leong-hup039s-prospects-in-fy24-remain-intact,2155,,,,,wrong_company,"Another target company's strong alias appears, but the row ticker's target alias does not.",No,wrong_company,none,No,No,No,No,Yes,wrong_company,1,0,9c39dd6aa5c627f7cdab2fae269c91a46648439a356d18b4f6a57175c6ae21e1,"New_news_THREE_A_RESOURCES_BERHAD_THREE_A_RESOURCES_BERHAD_news_csv:{""row_number"": 17960}:05d49ae8de20",manual_preserve,manual_preserve_v1,New_news/THREE-A RESOURCES BERHAD/THREE-A RESOURCES BERHAD_news.csv,5fefa6dc4541a37a65230ab29450e0f61570e88b5250bd4f102e1bf171f3329e
NEWS_CANDIDATE_092993_6f9056bb,NEW,,2.8 million trees planted in reforestation efforts,The Star,2024-06-05,https://www.thestar.com.my/metro/metro-news/2024/06/05/28-million-trees-planted-in-reforestation-efforts,3010,,,,,wrong_company,"Another target company's strong alias appears, but the row ticker's target alias does not.",No,wrong_company,none,No,No,No,No,Yes,wrong_company,1,0,38d70cafe33f013d1d1dd6ee0f7b0d5d1d16116498150717fab0a8b9adab811f,"New_news_THREE_A_RESOURCES_BERHAD_THREE_A_RESOURCES_BERHAD_news_csv:{""row_number"": 18054}:446679541abb",manual_preserve,manual_preserve_v1,New_news/THREE-A RESOURCES BERHAD/THREE-A RESOURCES BERHAD_news.csv,5fefa6dc4541a37a65230ab29450e0f61570e88b5250bd4f102e1bf171f3329e
NEWS_CANDIDATE_093094_e2aa79eb,NEW,,Last-minute selling drags FBM KLCI down; Lagenda Properties most active,The Star,2024-05-30,https://www.thestar.com.my/business/business-news/2024/05/30/last-minute-selling-drags-fbm-klci-down-lagenda-properties-most-active,1771,,,,,wrong_company,"Another target company's strong alias appears, but the row ticker's target alias does not.",No,wrong_company,none,No,No,No,No,Yes,wrong_company,1,0,43ef58a31cab3dc247e83a21e1c38f6a3c731df17fb9854a3f816ee7b2b34cc7,"New_news_THREE_A_RESOURCES_BERHAD_THREE_A_RESOURCES_BERHAD_news_csv:{""row_number"": 18155}:6c9dc11585af",manual_preserve,manual_preserve_v1,New_news/THREE-A RESOURCES BERHAD/THREE-A RESOURCES BERHAD_news.csv,5fefa6dc4541a37a65230ab29450e0f61570e88b5250bd4f102e1bf171f3329e
NEWS_CANDIDATE_093113_d0dd3e58,NEW,,Farm Fresh fourth-quarter net profit increases four-fold to RM24mil,The Star,2024-05-30,https://www.thestar.com.my/business/business-news/2024/05/30/farm-fresh-fourth-quarter-net-profit-increases-four-fold-to-rm24mil,2117,,,,,wrong_company,"Another target company's strong alias appears, but the row ticker's target alias does not.",No,wrong_company,none,No,No,No,No,Yes,wrong_company,1,0,9c7363fa2d491078a5dd3804b76f998f5efc945d5f54ab6c2425b1c74f4061b9,"New_news_THREE_A_RESOURCES_BERHAD_THREE_A_RESOURCES_BERHAD_news_csv:{""row_number"": 18174}:10f803dc6956",manual_preserve,manual_preserve_v1,New_news/THREE-A RESOURCES BERHAD/THREE-A RESOURCES BERHAD_news.csv,5fefa6dc4541a37a65230ab29450e0f61570e88b5250bd4f102e1bf171f3329e
NEWS_CANDIDATE_093120_1c327cd6,NEW,,Farm Fresh's 4Q net profit surges to RM23.93mil,The Star,2024-05-29,https://www.thestar.com.my/business/business-news/2024/05/29/farm-fresh039s-4q-net-profit-surges-to-rm2393mil,2058,,,,,wrong_company,"Another target company's strong alias appears, but the row ticker's target alias does not.",No,wrong_company,none,No,No,No,No,Yes,wrong_company,1,0,0603bd34fd1214ca560be862d9c302de9ec75cb082dc812eac67f7bf9b9b6a5c,"New_news_THREE_A_RESOURCES_BERHAD_THREE_A_RESOURCES_BERHAD_news_csv:{""row_number"": 18181}:0793f387f73a",manual_preserve,manual_preserve_v1,New_news/THREE-A RESOURCES BERHAD/THREE-A RESOURCES BERHAD_news.csv,5fefa6dc4541a37a65230ab29450e0f61570e88b5250bd4f102e1bf171f3329e
NEWS_CANDIDATE_093151_5468c653,NEW,,FBM KLCI bucks regional trend as stocks bounce,The Star,2024-05-30,https://www.thestar.com.my/business/business-news/2024/05/30/fbm-klci-bucks-regional-trend-as-stocks-bounce,1504,,,,,wrong_company,"Another target company's strong alias appears, but the row ticker's target alias does not.",No,wrong_company,none,No,No,No,No,Yes,wrong_company,1,0,178af32e5dc24db3624743cf30238c2378c944445fccd694e904cfe271759be7,"New_news_THREE_A_RESOURCES_BERHAD_THREE_A_RESOURCES_BERHAD_news_csv:{""row_number"": 18212}:ebd475db8e87",manual_preserve,manual_preserve_v1,New_news/THREE-A RESOURCES BERHAD/THREE-A RESOURCES BERHAD_news.csv,5fefa6dc4541a37a65230ab29450e0f61570e88b5250bd4f102e1bf171f3329e
NEWS_CANDIDATE_093163_6c46dff3,NEW,,FBM KLCI hits intraday low; Lagenda Properties dives on MACC probe,The Star,2024-05-29,https://www.thestar.com.my/business/business-news/2024/05/29/fbm-klci-hits-intraday-low-lagenda-properties-dives-on-macc-probe,2053,,,,,wrong_company,"Another target company's strong alias appears, but the row ticker's target alias does not.",No,wrong_company,none,No,No,No,No,Yes,wrong_company,1,0,dc6cf48d8b0fec7e2ded4e4ea991bef6d1839f62da20510e9397f20095e1b4a3,"New_news_THREE_A_RESOURCES_BERHAD_THREE_A_RESOURCES_BERHAD_news_csv:{""row_number"": 18224}:fc398e95004c",manual_preserve,manual_preserve_v1,New_news/THREE-A RESOURCES BERHAD/THREE-A RESOURCES BERHAD_news.csv,5fefa6dc4541a37a65230ab29450e0f61570e88b5250bd4f102e1bf171f3329e
NEWS_CANDIDATE_093300_aa0e85c2,NEW,,"Trading ideas: TNB, Lagenda, Apollo, George Kent, Magma, Advancecon, Hong Seng, Pos, TSR, Sunway",The Star,2024-05-23,https://www.thestar.com.my/business/business-news/2024/05/23/trading-ideas-tnb-lagenda-apollo-george-kent-magma-advancecon-hong-seng-pos-tsr-sunway,3461,,,,,wrong_company,"Another target company's strong alias appears, but the row ticker's target alias does not.",No,wrong_company,none,No,No,No,No,Yes,wrong_company,1,0,1a2208ff5e626ccf684cdfc068cb415ff98030a671d006abad8c9a6813815f00,"New_news_THREE_A_RESOURCES_BERHAD_THREE_A_RESOURCES_BERHAD_news_csv:{""row_number"": 18361}:f83e17411a44",manual_preserve,manual_preserve_v1,New_news/THREE-A RESOURCES BERHAD/THREE-A RESOURCES BERHAD_news.csv,5fefa6dc4541a37a65230ab29450e0f61570e88b5250bd4f102e1bf171f3329e
NEWS_CANDIDATE_093330_85cceca7,NEW,,FBM KLCI falls from three-year high on profit-taking,The Star,2024-05-21,https://www.thestar.com.my/business/business-news/2024/05/21/fbm-klci-falls-from-three-year-high-on-profit-taking,1857,,,,,wrong_company,"Another target company's strong alias appears, but the row ticker's target alias does not.",No,wrong_company,none,No,No,No,No,Yes,wrong_company,1,0,1a2ed7d562d00c705ecedd2d39b283eec3fa8a1ef837abf3722286d33de901c6,"New_news_THREE_A_RESOURCES_BERHAD_THREE_A_RESOURCES_BERHAD_news_csv:{""row_number"": 18391}:9a46d119d578",manual_preserve,manual_preserve_v1,New_news/THREE-A RESOURCES BERHAD/THREE-A RESOURCES BERHAD_news.csv,5fefa6dc4541a37a65230ab29450e0f61570e88b5250bd4f102e1bf171f3329e
NEWS_CANDIDATE_093348_2981135d,NEW,,FBM KLCI closes at fresh 3-year high as rally extends,The Star,2024-05-23,https://www.thestar.com.my/business/business-news/2024/05/23/fbm-klci-closes-at-fresh-3-year-high-as-rally-extends,1628,,,,,wrong_company,"Another target company's strong alias appears, but the row ticker's target alias does not.",No,wrong_company,none,No,No,No,No,Yes,wrong_company,1,0,3d5340b1ca36168d902318397aef324100f9d51c3f4f55fbc3d9237a96be6be4,"New_news_THREE_A_RESOURCES_BERHAD_THREE_A_RESOURCES_BERHAD_news_csv:{""row_number"": 18409}:1c7ac47032ab",manual_preserve,manual_preserve_v1,New_news/THREE-A RESOURCES BERHAD/THREE-A RESOURCES BERHAD_news.csv,5fefa6dc4541a37a65230ab29450e0f61570e88b5250bd4f102e1bf171f3329e
NEWS_CANDIDATE_093532_80946ee8,NEW,,Heineken Malaysia to drive efficiency after strong start,The Star,2024-05-15,https://www.thestar.com.my/business/business-news/2024/05/15/heineken-malaysia-to-drive-efficiency-after-strong-start,2464,,,,,wrong_company,"Another target company's strong alias appears, but the row ticker's target alias does not.",No,wrong_company,none,No,No,No,No,Yes,wrong_company,1,0,d170d8dae4c35798aa195415918df00c9fc1d1a61e112bb76726a62a94baafa6,"New_news_THREE_A_RESOURCES_BERHAD_THREE_A_RESOURCES_BERHAD_news_csv:{""row_number"": 18593}:1edad7b63d53",manual_preserve,manual_preserve_v1,New_news/THREE-A RESOURCES BERHAD/THREE-A RESOURCES BERHAD_news.csv,5fefa6dc4541a37a65230ab29450e0f61570e88b5250bd4f102e1bf171f3329e
NEWS_CANDIDATE_093534_74342def,NEW,,"Trading ideas: MAHB, MBSB, Jetson, Malakoff, Deleum, Tuju Setia, BCB, Uzma, Cypark",The Star,2024-05-15,https://www.thestar.com.my/business/business-news/2024/05/15/trading-ideas-mahb-mbsb-jetson-malakoff-deleum-tuju-setia-bcb-uzma-cypark,3050,,,,,wrong_company,"Another target company's strong alias appears, but the row ticker's target alias does not.",No,wrong_company,none,No,No,No,No,Yes,wrong_company,1,0,a97ef9ca4a31f7e89ad65fe0fbb5a09f97414929800aba3805ac57b2fee792ba,"New_news_THREE_A_RESOURCES_BERHAD_THREE_A_RESOURCES_BERHAD_news_csv:{""row_number"": 18595}:ebc20aa9f41e",manual_preserve,manual_preserve_v1,New_news/THREE-A RESOURCES BERHAD/THREE-A RESOURCES BERHAD_news.csv,5fefa6dc4541a37a65230ab29450e0f61570e88b5250bd4f102e1bf171f3329e
NEWS_CANDIDATE_093539_7c326a77,NEW,,Carlsberg to see sales recovery in 2H,The Star,2024-05-15,https://www.thestar.com.my/business/business-news/2024/05/15/carlsberg-to-see-sales-recovery-in-2h,2357,,,,,wrong_company,"Another target company's strong alias appears, but the row ticker's target alias does not.",No,wrong_company,none,No,No,No,No,Yes,wrong_company,1,0,5a8d5f498dee5493f29f2e11ab37067a68b35cb7d609c69ab2da8e8031f1d451,"New_news_THREE_A_RESOURCES_BERHAD_THREE_A_RESOURCES_BERHAD_news_csv:{""row_number"": 18600}:e4e0c85c5eab",manual_preserve,manual_preserve_v1,New_news/THREE-A RESOURCES BERHAD/THREE-A RESOURCES BERHAD_news.csv,5fefa6dc4541a37a65230ab29450e0f61570e88b5250bd4f102e1bf171f3329e
NEWS_CANDIDATE_093554_cb590530,NEW,,"Trading ideas: TM, MISC, Capital A, PTT, Aurelius Tech, AME Elite, Score Builders, YNHP, Frontken and Mulpha",The Star,2024-05-14,https://www.thestar.com.my/business/business-news/2024/05/14/trading-ideas-tm-misc-capital-a-ptt-aurelius-tech-ame-elite-score-builders-ynhp-frontken-and-mulpha,3677,,,,,wrong_company,"Another target company's strong alias appears, but the row ticker's target alias does not.",No,wrong_company,none,No,No,No,No,Yes,wrong_company,1,0,7268f0f89f6482d08e1f236337b6e85114cafe111ec72df5b0dad483b3c57005,"New_news_THREE_A_RESOURCES_BERHAD_THREE_A_RESOURCES_BERHAD_news_csv:{""row_number"": 18615}:c95c28ffc2f2",manual_preserve,manual_preserve_v1,New_news/THREE-A RESOURCES BERHAD/THREE-A RESOURCES BERHAD_news.csv,5fefa6dc4541a37a65230ab29450e0f61570e88b5250bd4f102e1bf171f3329e
NEWS_CANDIDATE_093743_5f2c2d9d,NEW,,"KLCI dips on profit taking, stays firmly above 1,600 level",The Star,2024-05-08,https://www.thestar.com.my/business/business-news/2024/05/08/klci-dips-on-profit-taking-stays-firmly-above-1600-level,1670,,,,,wrong_company,"Another target company's strong alias appears, but the row ticker's target alias does not.",No,wrong_company,none,No,No,No,No,Yes,wrong_company,1,0,19741d87f991c4a335a0d0addea94fb9d0b0fd670dbe826589d639d442874501,"New_news_THREE_A_RESOURCES_BERHAD_THREE_A_RESOURCES_BERHAD_news_csv:{""row_number"": 18804}:1f3d3cfad913",manual_preserve,manual_preserve_v1,New_news/THREE-A RESOURCES BERHAD/THREE-A RESOURCES BERHAD_news.csv,5fefa6dc4541a37a65230ab29450e0f61570e88b5250bd4f102e1bf171f3329e
NEWS_CANDIDATE_093759_f56a09fa,NEW,,"FBM KLCI soars above 1,600, highest in over two years",The Star,2024-05-07,https://www.thestar.com.my/business/business-news/2024/05/07/fbm-klci-soars-above-1600-highest-in-over-two-years,1754,,,,,wrong_company,"Another target company's strong alias appears, but the row ticker's target alias does not.",No,wrong_company,none,No,No,No,No,Yes,wrong_company,1,0,f9c52cb38eddc4c5780759adcc360ca5c97083145e69e302ff858c609430f56b,"New_news_THREE_A_RESOURCES_BERHAD_THREE_A_RESOURCES_BERHAD_news_csv:{""row_number"": 18820}:4f1a58378e29",manual_preserve,manual_preserve_v1,New_news/THREE-A RESOURCES BERHAD/THREE-A RESOURCES BERHAD_news.csv,5fefa6dc4541a37a65230ab29450e0f61570e88b5250bd4f102e1bf171f3329e
NEWS_CANDIDATE_093764_4f12fa5f,NEW,,"FBM KLCI pushes past 1,600",The Star,2024-05-07,https://www.thestar.com.my/business/business-news/2024/05/07/fbm-klci-pushes-past-1600,1391,,,,,wrong_company,"Another target company's strong alias appears, but the row ticker's target alias does not.",No,wrong_company,none,No,No,No,No,Yes,wrong_company,1,0,91634a9130a66b3d375564ae951f6c2bb840be4fedd3d97ce2337c2490997524,"New_news_THREE_A_RESOURCES_BERHAD_THREE_A_RESOURCES_BERHAD_news_csv:{""row_number"": 18825}:893413615693",manual_preserve,manual_preserve_v1,New_news/THREE-A RESOURCES BERHAD/THREE-A RESOURCES BERHAD_news.csv,5fefa6dc4541a37a65230ab29450e0f61570e88b5250bd4f102e1bf171f3329e
NEWS_CANDIDATE_093766_c45a8abe,NEW,,"Renewed bets on Fed cuts boost KLCI to 1,600",The Star,2024-05-07,https://www.thestar.com.my/business/business-news/2024/05/07/renewed-bets-on-fed-cuts-boost-klci-to-1600,1387,,,,,wrong_company,"Another target company's strong alias appears, but the row ticker's target alias does not.",No,wrong_company,none,No,No,No,No,Yes,wrong_company,1,0,8b5f71f1c7ad7f16a662b43522bf49d6a4df96df56f6edca5802cfbda73b419a,"New_news_THREE_A_RESOURCES_BERHAD_THREE_A_RESOURCES_BERHAD_news_csv:{""row_number"": 18827}:fc72dd46fb82",manual_preserve,manual_preserve_v1,New_news/THREE-A RESOURCES BERHAD/THREE-A RESOURCES BERHAD_news.csv,5fefa6dc4541a37a65230ab29450e0f61570e88b5250bd4f102e1bf171f3329e
NEWS_CANDIDATE_093787_03ef6763,NEW,,FBM KLCI drifts as investors await fresh leads,The Star,2024-05-09,https://www.thestar.com.my/business/business-news/2024/05/09/fbm-klci-drifts-as-investors-await-fresh-leads,1424,,,,,wrong_company,"Another target company's strong alias appears, but the row ticker's target alias does not.",No,wrong_company,none,No,No,No,No,Yes,wrong_company,1,0,829149f63b996808a58d174d4d827fd947730fccdb471306091de5242ada003d,"New_news_THREE_A_RESOURCES_BERHAD_THREE_A_RESOURCES_BERHAD_news_csv:{""row_number"": 18848}:975f61f14081",manual_preserve,manual_preserve_v1,New_news/THREE-A RESOURCES BERHAD/THREE-A RESOURCES BERHAD_news.csv,5fefa6dc4541a37a65230ab29450e0f61570e88b5250bd4f102e1bf171f3329e
NEWS_CANDIDATE_093922_f9de44a8,NEW,,Ajinomoto declares special dividend of RM2.12 from land sale,The Star,2024-05-02,https://www.thestar.com.my/business/business-news/2024/05/02/ajinomoto-declares-special-dividend-of-rm212-from-land-sale,829,,,,,wrong_company,"Another target company's strong alias appears, but the row ticker's target alias does not.",No,wrong_company,none,No,No,No,No,Yes,wrong_company,1,0,808223e197c3e92ce42765e8257663ede2805da74e4fd9211b592842789fa682,"New_news_THREE_A_RESOURCES_BERHAD_THREE_A_RESOURCES_BERHAD_news_csv:{""row_number"": 18983}:a1fabad3a817",manual_preserve,manual_preserve_v1,New_news/THREE-A RESOURCES BERHAD/THREE-A RESOURCES BERHAD_news.csv,5fefa6dc4541a37a65230ab29450e0f61570e88b5250bd4f102e1bf171f3329e
NEWS_CANDIDATE_093928_34843510,NEW,,F&N sees strong consumer demand,The Star,2024-05-02,https://www.thestar.com.my/business/business-news/2024/05/02/fn-sees-strong-consumer-demand,2274,,,,,wrong_company,"Another target company's strong alias appears, but the row ticker's target alias does not.",No,wrong_company,none,No,No,No,No,Yes,wrong_company,1,0,00ef847af496db83752644613128f02c3651268e6a355996d5ce7840eb2f73c6,"New_news_THREE_A_RESOURCES_BERHAD_THREE_A_RESOURCES_BERHAD_news_csv:{""row_number"": 18989}:0dd88c2fd271",manual_preserve,manual_preserve_v1,New_news/THREE-A RESOURCES BERHAD/THREE-A RESOURCES BERHAD_news.csv,5fefa6dc4541a37a65230ab29450e0f61570e88b5250bd4f102e1bf171f3329e
NEWS_CANDIDATE_093930_aaceeea0,NEW,,"Trading ideas: Duopharma, Bursa Malaysia, SEGi, Capital A, Rimbunan Sawit, Tasco, Atrium REIT, KSL, GUH, Mentiga and F&N",The Star,2024-05-02,https://www.thestar.com.my/business/business-news/2024/05/02/trading-ideas-duopharma-bursa-malaysia-segi-capital-a-rimbunan-sawit-tasco-atrium-reit-ksl-guh-mentiga-and-fn,2447,,,,,wrong_company,"Another target company's strong alias appears, but the row ticker's target alias does not.",No,wrong_company,none,No,No,No,No,Yes,wrong_company,1,0,be3f6e7ff47cbbdd43e36076ce41859b720a68be2c1d0eaf6ecaddff8230d5b8,"New_news_THREE_A_RESOURCES_BERHAD_THREE_A_RESOURCES_BERHAD_news_csv:{""row_number"": 18991}:7a3ccf95de04",manual_preserve,manual_preserve_v1,New_news/THREE-A RESOURCES BERHAD/THREE-A RESOURCES BERHAD_news.csv,5fefa6dc4541a37a65230ab29450e0f61570e88b5250bd4f102e1bf171f3329e
NEWS_CANDIDATE_093959_acbc3fd6,NEW,,F&N mindful of prospects despite a strong 1H24,The Star,2024-05-01,https://www.thestar.com.my/business/business-news/2024/05/01/fn-mindful-of-prospects-despite-a-strong-1h24,2121,,,,,wrong_company,"Another target company's strong alias appears, but the row ticker's target alias does not.",No,wrong_company,none,No,No,No,No,Yes,wrong_company,1,0,49180d6f71a64b4b086796e5b8dcaec59118f8758ea2ce80a90f9b3a38faa6e5,"New_news_THREE_A_RESOURCES_BERHAD_THREE_A_RESOURCES_BERHAD_news_csv:{""row_number"": 19020}:903f76df86db",manual_preserve,manual_preserve_v1,New_news/THREE-A RESOURCES BERHAD/THREE-A RESOURCES BERHAD_news.csv,5fefa6dc4541a37a65230ab29450e0f61570e88b5250bd4f102e1bf171f3329e
NEWS_CANDIDATE_093960_51746b7c,NEW,,F&N profit jumps 63.5% in 2Q on the back of higher revenue,The Star,2024-04-30,https://www.thestar.com.my/business/business-news/2024/04/30/fn-profit-jumps-635-in-2q-on-the-back-of-higher-revenue,2417,,,,,wrong_company,"Another target company's strong alias appears, but the row ticker's target alias does not.",No,wrong_company,none,No,No,No,No,Yes,wrong_company,1,0,e3b5b227ff818a555c9b2811b4f0a1bc1f621b45e41203b633a1fc3f92545fa3,"New_news_THREE_A_RESOURCES_BERHAD_THREE_A_RESOURCES_BERHAD_news_csv:{""row_number"": 19021}:687d401f61e5",manual_preserve,manual_preserve_v1,New_news/THREE-A RESOURCES BERHAD/THREE-A RESOURCES BERHAD_news.csv,5fefa6dc4541a37a65230ab29450e0f61570e88b5250bd4f102e1bf171f3329e
NEWS_CANDIDATE_093961_ba4b17c7,NEW,,FBM KLCI steps back 0.42% as YTL Power weighs,The Star,2024-04-30,https://www.thestar.com.my/business/business-news/2024/04/30/fbm-klci-steps-back-042-as-ytl-power-weighs,1504,,,,,wrong_company,"Another target company's strong alias appears, but the row ticker's target alias does not.",No,wrong_company,none,No,No,No,No,Yes,wrong_company,1,0,a73795433c817e9d40382a857e92e621100c9aa8f146013b657a4578e25b9b53,"New_news_THREE_A_RESOURCES_BERHAD_THREE_A_RESOURCES_BERHAD_news_csv:{""row_number"": 19022}:caa5c255d1b1",manual_preserve,manual_preserve_v1,New_news/THREE-A RESOURCES BERHAD/THREE-A RESOURCES BERHAD_news.csv,5fefa6dc4541a37a65230ab29450e0f61570e88b5250bd4f102e1bf171f3329e
NEWS_CANDIDATE_094151_cecd874b,NEW,,"Trading ideas: MyEG, Axis REIT, Mah Sing, Capital A, Hibiscus, Chin Hin, Carlsberg, I-Bhd",The Star,2024-04-25,https://www.thestar.com.my/business/business-news/2024/04/25/trading-ideas-myeg-axis-reit-mah-sing-capital-a-hibiscus-chin-hin-carlsberg-i-bhd,3613,,,,,wrong_company,"Another target company's strong alias appears, but the row ticker's target alias does not.",No,wrong_company,none,No,No,No,No,Yes,wrong_company,1,0,0534dd2f980087aaae75537d8f5450b8ee9066d70d5cd78f6df8a8dca5f67444,"New_news_THREE_A_RESOURCES_BERHAD_THREE_A_RESOURCES_BERHAD_news_csv:{""row_number"": 19212}:74c4e8109492",manual_preserve,manual_preserve_v1,New_news/THREE-A RESOURCES BERHAD/THREE-A RESOURCES BERHAD_news.csv,5fefa6dc4541a37a65230ab29450e0f61570e88b5250bd4f102e1bf171f3329e
NEWS_CANDIDATE_094203_0d401ef7,NEW,,"Profit-taking in the market, KLCI down 0.14%",The Star,2024-04-25,https://www.thestar.com.my/business/business-news/2024/04/25/profit-taking-in-the-market-klci-down-014,1390,,,,,wrong_company,"Another target company's strong alias appears, but the row ticker's target alias does not.",No,wrong_company,none,No,No,No,No,Yes,wrong_company,1,0,8e6d8ae70e40cc2d66707ef07b32580c4feb737e63ff6d588b6f3e9fcda718cd,"New_news_THREE_A_RESOURCES_BERHAD_THREE_A_RESOURCES_BERHAD_news_csv:{""row_number"": 19264}:3a70689fe01d",manual_preserve,manual_preserve_v1,New_news/THREE-A RESOURCES BERHAD/THREE-A RESOURCES BERHAD_news.csv,5fefa6dc4541a37a65230ab29450e0f61570e88b5250bd4f102e1bf171f3329e
NEWS_CANDIDATE_094220_9a017968,NEW,,FBM KLCI closes at highest in 2 years,The Star,2024-04-24,https://www.thestar.com.my/business/business-news/2024/04/24/fbm-klci-closes-at-highest-in-2-years,1692,,,,,wrong_company,"Another target company's strong alias appears, but the row ticker's target alias does not.",No,wrong_company,none,No,No,No,No,Yes,wrong_company,1,0,1420f6eacf911c845b441954a3aa3cf04c4652bd3a5f160357e00aec6173f00d,"New_news_THREE_A_RESOURCES_BERHAD_THREE_A_RESOURCES_BERHAD_news_csv:{""row_number"": 19281}:bf76e7ef5874",manual_preserve,manual_preserve_v1,New_news/THREE-A RESOURCES BERHAD/THREE-A RESOURCES BERHAD_news.csv,5fefa6dc4541a37a65230ab29450e0f61570e88b5250bd4f102e1bf171f3329e
NEWS_CANDIDATE_094380_6cf25bc1,NEW,,Sea of red on Bursa amid missile attacks in Middle East,The Star,2024-04-17,https://www.thestar.com.my/business/business-news/2024/04/17/sea-of-red-on-bursa-amid-missile-attacks-in-middle-east,1627,,,,,wrong_company,"Another target company's strong alias appears, but the row ticker's target alias does not.",No,wrong_company,none,No,No,No,No,Yes,wrong_company,1,0,089400e740210ea5779d26cb918262712cf95a2f7dfb03d0f80ee65a90321e9e,"New_news_THREE_A_RESOURCES_BERHAD_THREE_A_RESOURCES_BERHAD_news_csv:{""row_number"": 19441}:4fdeca70a49c",manual_preserve,manual_preserve_v1,New_news/THREE-A RESOURCES BERHAD/THREE-A RESOURCES BERHAD_news.csv,5fefa6dc4541a37a65230ab29450e0f61570e88b5250bd4f102e1bf171f3329e
NEWS_CANDIDATE_094389_4b66cbe2,NEW,,"Bursa Malaysia continues downtrend with over 1,000 counters in red",The Star,2024-04-16,https://www.thestar.com.my/business/business-news/2024/04/16/bursa-malaysia-continues-downtrend-with-over-1000-counters-in-red,1698,,,,,wrong_company,"Another target company's strong alias appears, but the row ticker's target alias does not.",No,wrong_company,none,No,No,No,No,Yes,wrong_company,1,0,588c8c33935af21bedf60c1ebcb7c2dbf5ec0031af54009bb2be9338ca60a802,"New_news_THREE_A_RESOURCES_BERHAD_THREE_A_RESOURCES_BERHAD_news_csv:{""row_number"": 19450}:c5629f691297",manual_preserve,manual_preserve_v1,New_news/THREE-A RESOURCES BERHAD/THREE-A RESOURCES BERHAD_news.csv,5fefa6dc4541a37a65230ab29450e0f61570e88b5250bd4f102e1bf171f3329e
NEWS_CANDIDATE_094613_fbdaa5e4,NEW,,Bursa Malaysia to stay little changed as midweek festivities approach,The Star,2024-04-09,https://www.thestar.com.my/business/business-news/2024/04/09/bursa-malaysia-to-stay-little-changed-as-midweek-festivities-approach,1829,,,,,wrong_company,"Another target company's strong alias appears, but the row ticker's target alias does not.",No,wrong_company,none,No,No,No,No,Yes,wrong_company,0,0,9ddade4b25b3330e8bdecf1881a9638be6c093e2dc07e0cadbff189a8192ac57,"New_news_THREE_A_RESOURCES_BERHAD_THREE_A_RESOURCES_BERHAD_news_csv:{""row_number"": 19674}:51c4d36700d8",manual_preserve,manual_preserve_v1,New_news/THREE-A RESOURCES BERHAD/THREE-A RESOURCES BERHAD_news.csv,5fefa6dc4541a37a65230ab29450e0f61570e88b5250bd4f102e1bf171f3329e
NEWS_CANDIDATE_094635_3f5b6794,NEW,,Higher close on buying support,The Star,2024-04-08,https://www.thestar.com.my/business/business-news/2024/04/08/higher-close-on-buying-support,1245,,,,,wrong_company,"Another target company's strong alias appears, but the row ticker's target alias does not.",No,wrong_company,none,No,No,No,No,Yes,wrong_company,1,0,fb94c9317da1050e49573ca90aa4e5dc1fef561491e3dfb86130adef7be5957e,"New_news_THREE_A_RESOURCES_BERHAD_THREE_A_RESOURCES_BERHAD_news_csv:{""row_number"": 19696}:e115ae25fdde",manual_preserve,manual_preserve_v1,New_news/THREE-A RESOURCES BERHAD/THREE-A RESOURCES BERHAD_news.csv,5fefa6dc4541a37a65230ab29450e0f61570e88b5250bd4f102e1bf171f3329e
NEWS_CANDIDATE_094636_d73488ed,NEW,,FBM KLCI enters lunch break in positive territory,The Star,2024-04-08,https://www.thestar.com.my/business/business-news/2024/04/08/fbm-klci-enters-lunch-break-in-positive-territory,1201,,,,,wrong_company,"Another target company's strong alias appears, but the row ticker's target alias does not.",No,wrong_company,none,No,No,No,No,Yes,wrong_company,1,0,776e90c6c776c0a7e61d60d43b1c91e07db9d8b45dce98b5175fcabd65b60371,"New_news_THREE_A_RESOURCES_BERHAD_THREE_A_RESOURCES_BERHAD_news_csv:{""row_number"": 19697}:2dad05221390",manual_preserve,manual_preserve_v1,New_news/THREE-A RESOURCES BERHAD/THREE-A RESOURCES BERHAD_news.csv,5fefa6dc4541a37a65230ab29450e0f61570e88b5250bd4f102e1bf171f3329e
NEWS_CANDIDATE_094672_d22c3c80,NEW,,Bursa Malaysia dips ahead of Raya holiday,The Star,2024-04-09,https://www.thestar.com.my/business/business-news/2024/04/09/bursa-malaysia-dips-ahead-of-raya-holiday,1917,,,,,wrong_company,"Another target company's strong alias appears, but the row ticker's target alias does not.",No,wrong_company,none,No,No,No,No,Yes,wrong_company,1,0,0e8c13643f190375ff4b4e3e76dc899905dee7112649a258f6c9380d1ab813fb,"New_news_THREE_A_RESOURCES_BERHAD_THREE_A_RESOURCES_BERHAD_news_csv:{""row_number"": 19733}:201971f4203c",manual_preserve,manual_preserve_v1,New_news/THREE-A RESOURCES BERHAD/THREE-A RESOURCES BERHAD_news.csv,5fefa6dc4541a37a65230ab29450e0f61570e88b5250bd4f102e1bf171f3329e
NEWS_CANDIDATE_094805_1d3c898e,NEW,,MSM on track for sweeter bottom line,The Star,2024-04-04,https://www.thestar.com.my/business/business-news/2024/04/04/msm-on-track-for-sweeter-bottom-line,3637,,,,,wrong_company,"Another target company's strong alias appears, but the row ticker's target alias does not.",No,wrong_company,none,No,No,No,No,Yes,wrong_company,1,0,6b0fd7227a06a34c0c9eba469467a64987380cae53f0845313c8bbcd830e55df,"New_news_THREE_A_RESOURCES_BERHAD_THREE_A_RESOURCES_BERHAD_news_csv:{""row_number"": 19866}:0b4b00b84ae6",manual_preserve,manual_preserve_v1,New_news/THREE-A RESOURCES BERHAD/THREE-A RESOURCES BERHAD_news.csv,5fefa6dc4541a37a65230ab29450e0f61570e88b5250bd4f102e1bf171f3329e
NEWS_CANDIDATE_094812_b23910c3,NEW,,FGV targets submission of petition to US customs by end-June,The Star,2024-04-03,https://www.thestar.com.my/business/business-news/2024/04/03/fgv-targets-submission-of-petition-to-us-customs-by-end-june,2166,,,,,wrong_company,"Another target company's strong alias appears, but the row ticker's target alias does not.",No,wrong_company,none,No,No,No,No,Yes,wrong_company,1,0,3eef702a4f4484ed0d52d5210f4bf9b9a227fb16ac5646ace9ef6c933da865d0,"New_news_THREE_A_RESOURCES_BERHAD_THREE_A_RESOURCES_BERHAD_news_csv:{""row_number"": 19873}:975ddfb2a93a",manual_preserve,manual_preserve_v1,New_news/THREE-A RESOURCES BERHAD/THREE-A RESOURCES BERHAD_news.csv,5fefa6dc4541a37a65230ab29450e0f61570e88b5250bd4f102e1bf171f3329e
NEWS_CANDIDATE_094822_3faeae28,NEW,,FBM KLCI rallies after slow start,The Star,2024-04-02,https://www.thestar.com.my/business/business-news/2024/04/02/fbm-klci-rallies-after-slow-start,1042,,,,,wrong_company,"Another target company's strong alias appears, but the row ticker's target alias does not.",No,wrong_company,none,No,No,No,No,Yes,wrong_company,1,0,d693efdbac8be1308f44c11736e650cc7b2750cdc50f180e7cb16150202aa4bf,"New_news_THREE_A_RESOURCES_BERHAD_THREE_A_RESOURCES_BERHAD_news_csv:{""row_number"": 19883}:82dc1686f5bc",manual_preserve,manual_preserve_v1,New_news/THREE-A RESOURCES BERHAD/THREE-A RESOURCES BERHAD_news.csv,5fefa6dc4541a37a65230ab29450e0f61570e88b5250bd4f102e1bf171f3329e
NEWS_CANDIDATE_094843_5f99b307,NEW,,FBM KLCI jumps on improved global growth outlook,The Star,2024-04-04,https://www.thestar.com.my/business/business-news/2024/04/04/fbm-klci-jumps-on-improved-global-growth-outlook,1324,,,,,wrong_company,"Another target company's strong alias appears, but the row ticker's target alias does not.",No,wrong_company,none,No,No,No,No,Yes,wrong_company,1,0,3348054ad1eb45a78346a843956552d6fbe7c4441e1a88ec5327d958edcf940c,"New_news_THREE_A_RESOURCES_BERHAD_THREE_A_RESOURCES_BERHAD_news_csv:{""row_number"": 19904}:daaa09fbcf7a",manual_preserve,manual_preserve_v1,New_news/THREE-A RESOURCES BERHAD/THREE-A RESOURCES BERHAD_news.csv,5fefa6dc4541a37a65230ab29450e0f61570e88b5250bd4f102e1bf171f3329e
NEWS_CANDIDATE_095276_e5a6e523,NEW,,"FBM KLCI out of losing streak, up 5.62 points",The Star,2024-03-21,https://www.thestar.com.my/business/business-news/2024/03/21/fbm-klci-out-of-losing-streak-up-562-points,1484,,,,,wrong_company,"Another target company's strong alias appears, but the row ticker's target alias does not.",No,wrong_company,none,No,No,No,No,Yes,wrong_company,1,0,d584b02fad3bc5f62c4dffc802520f9921edd32d61c5c784c57598b5e9aac73a,"New_news_THREE_A_RESOURCES_BERHAD_THREE_A_RESOURCES_BERHAD_news_csv:{""row_number"": 20337}:80dd6ab11744",manual_preserve,manual_preserve_v1,New_news/THREE-A RESOURCES BERHAD/THREE-A RESOURCES BERHAD_news.csv,5fefa6dc4541a37a65230ab29450e0f61570e88b5250bd4f102e1bf171f3329e
NEWS_CANDIDATE_095293_794b4585,NEW,,Bursa Malaysia extends losses to close lower,The Star,2024-03-20,https://www.thestar.com.my/business/business-news/2024/03/20/bursa-malaysia-extends-losses-to-close-lower,1454,,,,,wrong_company,"Another target company's strong alias appears, but the row ticker's target alias does not.",No,wrong_company,none,No,No,No,No,Yes,wrong_company,1,0,949ab3fcb2c1f6aad667b2b57ec95d21a72ae3acc9f071a90043c02b02a565c8,"New_news_THREE_A_RESOURCES_BERHAD_THREE_A_RESOURCES_BERHAD_news_csv:{""row_number"": 20354}:c882cf45e9c1",manual_preserve,manual_preserve_v1,New_news/THREE-A RESOURCES BERHAD/THREE-A RESOURCES BERHAD_news.csv,5fefa6dc4541a37a65230ab29450e0f61570e88b5250bd4f102e1bf171f3329e
NEWS_CANDIDATE_095496_861d6704,NEW,,FBM KLCI rises amid broader market weakness,The Star,2024-03-12,https://www.thestar.com.my/business/business-news/2024/03/12/fbm-klci-rises-amid-broader-market-weakness,1514,,,,,wrong_company,"Another target company's strong alias appears, but the row ticker's target alias does not.",No,wrong_company,none,No,No,No,No,Yes,wrong_company,1,0,1235c47f4c4c91694937e6f4e5db2294676b94cc83237f71f73c2013fcceaf66,"New_news_THREE_A_RESOURCES_BERHAD_THREE_A_RESOURCES_BERHAD_news_csv:{""row_number"": 20557}:854239cceeb6",manual_preserve,manual_preserve_v1,New_news/THREE-A RESOURCES BERHAD/THREE-A RESOURCES BERHAD_news.csv,5fefa6dc4541a37a65230ab29450e0f61570e88b5250bd4f102e1bf171f3329e
NEWS_CANDIDATE_095727_0c0201d7,NEW,,FBM KLCI dips on lack of buying impetus,The Star,2024-03-06,https://www.thestar.com.my/business/business-news/2024/03/06/fbm-klci-dips-on-lack-of-buying-impetus,2711,,,,,wrong_company,"Another target company's strong alias appears, but the row ticker's target alias does not.",No,wrong_company,none,No,No,No,No,Yes,wrong_company,1,0,106ff145ce38a8e8d9fe6aeb83270d25d051d2072e1e6e3ad27ad99e412a158a,"New_news_THREE_A_RESOURCES_BERHAD_THREE_A_RESOURCES_BERHAD_news_csv:{""row_number"": 20788}:6722437b356a",manual_preserve,manual_preserve_v1,New_news/THREE-A RESOURCES BERHAD/THREE-A RESOURCES BERHAD_news.csv,5fefa6dc4541a37a65230ab29450e0f61570e88b5250bd4f102e1bf171f3329e
NEWS_CANDIDATE_095728_5c3746ba,NEW,,"Trading ideas: PLS Plantations, Solarvest, Crest Builder, Paramount, PPB, Nextgreen, Fajarbaru",The Star,2024-03-06,https://www.thestar.com.my/business/business-news/2024/03/06/trading-ideas-pls-plantations-solarvest-crest-builder-paramount-ppb-nextgreen-fajarbaru,2767,,,,,wrong_company,"Another target company's strong alias appears, but the row ticker's target alias does not.",No,wrong_company,none,No,No,No,No,Yes,wrong_company,1,0,35c938eed8395901d8793c8ba3dcaf2e3b433b6f16a7458f11c85932ddb8f390,"New_news_THREE_A_RESOURCES_BERHAD_THREE_A_RESOURCES_BERHAD_news_csv:{""row_number"": 20789}:f692735cd49e",manual_preserve,manual_preserve_v1,New_news/THREE-A RESOURCES BERHAD/THREE-A RESOURCES BERHAD_news.csv,5fefa6dc4541a37a65230ab29450e0f61570e88b5250bd4f102e1bf171f3329e
NEWS_CANDIDATE_095751_2fcf6b95,NEW,,Bursa Malaysia rebounds as buying interest returns,The Star,2024-03-07,https://www.thestar.com.my/business/business-news/2024/03/07/bursa-malaysia-rebounds-as-buying-interest-returns,2018,,,,,wrong_company,"Another target company's strong alias appears, but the row ticker's target alias does not.",No,wrong_company,none,No,No,No,No,Yes,wrong_company,1,0,00b9236c3fdad090a4213362e2c375231337aa165e1dd24b006f94ef7208f24f,"New_news_THREE_A_RESOURCES_BERHAD_THREE_A_RESOURCES_BERHAD_news_csv:{""row_number"": 20812}:6efc44743353",manual_preserve,manual_preserve_v1,New_news/THREE-A RESOURCES BERHAD/THREE-A RESOURCES BERHAD_news.csv,5fefa6dc4541a37a65230ab29450e0f61570e88b5250bd4f102e1bf171f3329e
NEWS_CANDIDATE_095776_1dd89193,NEW,,Bursa Malaysia lower on absence of fresh leads,The Star,2024-03-06,https://www.thestar.com.my/business/business-news/2024/03/06/bursa-malaysia-lower-on-absence-of-fresh-leads,2064,,,,,wrong_company,"Another target company's strong alias appears, but the row ticker's target alias does not.",No,wrong_company,none,No,No,No,No,Yes,wrong_company,1,0,468338584922c28721047638655e3c260222b2c649622775f4cac35bc6162e86,"New_news_THREE_A_RESOURCES_BERHAD_THREE_A_RESOURCES_BERHAD_news_csv:{""row_number"": 20837}:f70e798969b7",manual_preserve,manual_preserve_v1,New_news/THREE-A RESOURCES BERHAD/THREE-A RESOURCES BERHAD_news.csv,5fefa6dc4541a37a65230ab29450e0f61570e88b5250bd4f102e1bf171f3329e
NEWS_CANDIDATE_095939_837e6d31,NEW,,FBM KLCI ends at intraday low,The Star,2024-02-28,https://www.thestar.com.my/business/business-news/2024/02/28/fbm-klci-ends-at-intraday-low,1326,,,,,wrong_company,"Another target company's strong alias appears, but the row ticker's target alias does not.",No,wrong_company,none,No,No,No,No,Yes,wrong_company,1,0,3e194ec3afe3e97284b9f3def97d79be8709ee4525ff9b1039ac4845b415c180,"New_news_THREE_A_RESOURCES_BERHAD_THREE_A_RESOURCES_BERHAD_news_csv:{""row_number"": 21000}:42e8a780058f",manual_preserve,manual_preserve_v1,New_news/THREE-A RESOURCES BERHAD/THREE-A RESOURCES BERHAD_news.csv,5fefa6dc4541a37a65230ab29450e0f61570e88b5250bd4f102e1bf171f3329e
NEWS_CANDIDATE_095992_a38e9761,NEW,,FBM KLCI expected to maintain uptrend,The Star,2024-02-28,https://www.thestar.com.my/business/business-news/2024/02/28/fbm-klci-expected-to-maintain-uptrend,1662,,,,,wrong_company,"Another target company's strong alias appears, but the row ticker's target alias does not.",No,wrong_company,none,No,No,No,No,Yes,wrong_company,1,0,4e49dd8d480128c26de178877d8731824ca77b525ee91a7bf26eea59bbba0455,"New_news_THREE_A_RESOURCES_BERHAD_THREE_A_RESOURCES_BERHAD_news_csv:{""row_number"": 21053}:5003c2ebc4ed",manual_preserve,manual_preserve_v1,New_news/THREE-A RESOURCES BERHAD/THREE-A RESOURCES BERHAD_news.csv,5fefa6dc4541a37a65230ab29450e0f61570e88b5250bd4f102e1bf171f3329e
NEWS_CANDIDATE_096167_753b4a41,NEW,,FBM KLCI closes at highest in 20 months,The Star,2024-02-19,https://www.thestar.com.my/business/business-news/2024/02/19/fbm-klci-closes-at-highest-in-20-months,1316,,,,,wrong_company,"Another target company's strong alias appears, but the row ticker's target alias does not.",No,wrong_company,none,No,No,No,No,Yes,wrong_company,1,0,e03d399a7efeb9e7497121330662f63e0598ca01e59e09ded6fead35a9803c95,"New_news_THREE_A_RESOURCES_BERHAD_THREE_A_RESOURCES_BERHAD_news_csv:{""row_number"": 21228}:2ec568653c98",manual_preserve,manual_preserve_v1,New_news/THREE-A RESOURCES BERHAD/THREE-A RESOURCES BERHAD_news.csv,5fefa6dc4541a37a65230ab29450e0f61570e88b5250bd4f102e1bf171f3329e
NEWS_CANDIDATE_096172_15262178,NEW,,Record US stock rally under threat from a world in turmoil,The Star,2024-02-19,https://www.thestar.com.my/business/business-news/2024/02/19/record-us-stock-rally-under-threat-from-a-world-in-turmoil,3060,,,,,wrong_company,"Another target company's strong alias appears, but the row ticker's target alias does not.",No,wrong_company,none,No,No,No,No,Yes,wrong_company,1,0,9d3c403e8cc6abfb21cdeb7e5ae9176b35544126b47f3e625c00557f09082e42,"New_news_THREE_A_RESOURCES_BERHAD_THREE_A_RESOURCES_BERHAD_news_csv:{""row_number"": 21233}:d4346fa69874",manual_preserve,manual_preserve_v1,New_news/THREE-A RESOURCES BERHAD/THREE-A RESOURCES BERHAD_news.csv,5fefa6dc4541a37a65230ab29450e0f61570e88b5250bd4f102e1bf171f3329e
NEWS_CANDIDATE_096352_024ba258,NEW,,Perdana Petroleum secures new work order,The Star,2024-02-15,https://www.thestar.com.my/business/business-news/2024/02/15/perdana-petroleum-secures-new-work-order,1844,,,,,wrong_company,"Another target company's strong alias appears, but the row ticker's target alias does not.",No,wrong_company,none,No,No,No,No,Yes,wrong_company,1,0,fd38cc5c92a2faea63dc0c4f99e1adbc3d7474b7c91529efd6c5de5dd0192a4a,"New_news_THREE_A_RESOURCES_BERHAD_THREE_A_RESOURCES_BERHAD_news_csv:{""row_number"": 21413}:dcef9d0b130a",manual_preserve,manual_preserve_v1,New_news/THREE-A RESOURCES BERHAD/THREE-A RESOURCES BERHAD_news.csv,5fefa6dc4541a37a65230ab29450e0f61570e88b5250bd4f102e1bf171f3329e
NEWS_CANDIDATE_096590_77256457,NEW,,Spirits of the dragon: Limited edition spirits and drinks to celebrate CNY with,The Star,2024-02-07,https://www.thestar.com.my/lifestyle/living/tipsy-turvy/2024/02/07/spirits-of-the-dragon-limited-edition-spirits-and-drinks-to-celebrate-cny-with,9060,,,,,wrong_company,"Another target company's strong alias appears, but the row ticker's target alias does not.",No,wrong_company,none,No,No,No,No,Yes,wrong_company,1,0,18c7f568ceaf32bf024563a13dabacaafe9488b53f832e617399b270c86f7162,"New_news_THREE_A_RESOURCES_BERHAD_THREE_A_RESOURCES_BERHAD_news_csv:{""row_number"": 21651}:2b7ea29854f4",manual_preserve,manual_preserve_v1,New_news/THREE-A RESOURCES BERHAD/THREE-A RESOURCES BERHAD_news.csv,5fefa6dc4541a37a65230ab29450e0f61570e88b5250bd4f102e1bf171f3329e
NEWS_CANDIDATE_096621_eecf9353,WELLS,,Bursa Malaysia ends morning session easier,The Star,2025-12-31,https://www.thestar.com.my/business/business-news/2025/12/31/bursa-malaysia-ends-morning-session-easier,2275,,,,,wrong_company,"Another target company's strong alias appears, but the row ticker's target alias does not.",No,wrong_company,none,No,No,No,No,Yes,wrong_company,1,0,f9a6e0371256cceb824e8b290d768b696b9889ec2e96e402f46fb856a41f4153,"New_news_WELLS_WELLS_news_csv:{""row_number"": 1}:6e3588e465b7",manual_preserve,manual_preserve_v1,New_news/WELLS/WELLS_news.csv,14f85ad55cceb56ec12c22a7e60d01f67ef31be8795120ec820cf6733788c727
NEWS_CANDIDATE_096633_dcb4fe6b,WELLS,,Bursa Malaysia reverses earlier losses to close higher,The Star,2025-12-18,https://www.thestar.com.my/business/business-news/2025/12/18/bursa-malaysia-reverses-earlier-losses-to-close-higher,3940,,,,,wrong_company,"Another target company's strong alias appears, but the row ticker's target alias does not.",No,wrong_company,none,No,No,No,No,Yes,wrong_company,1,0,e88d458b8e30767857b59ee4d496a02cc85d5be03bc0baaf1d40a1bf30a65d87,"New_news_WELLS_WELLS_news_csv:{""row_number"": 13}:e50ed5eabd83",manual_preserve,manual_preserve_v1,New_news/WELLS/WELLS_news.csv,14f85ad55cceb56ec12c22a7e60d01f67ef31be8795120ec820cf6733788c727
NEWS_CANDIDATE_096841_c0c3b9ec,WELLS,,Life Water targets high-capacity expansion,The Star,2025-04-16,https://www.thestar.com.my/business/business-news/2025/04/16/life-water-targets-high-capacity-expansion,2616,,,,,wrong_company,"Another target company's strong alias appears, but the row ticker's target alias does not.",No,wrong_company,none,No,No,No,No,Yes,wrong_company,1,0,23e6fe704fd4b5b2deff2f4d15bed4f5a148f056060b47038dc3bca925801f02,"New_news_WELLS_WELLS_news_csv:{""row_number"": 221}:d41bc021c058",manual_preserve,manual_preserve_v1,New_news/WELLS/WELLS_news.csv,14f85ad55cceb56ec12c22a7e60d01f67ef31be8795120ec820cf6733788c727
NEWS_CANDIDATE_097044_e858eaa7,WELLS,,Halloween-themed poolside cocktails just the trick at Setia Alam bar,The Star,2024-10-11,https://www.thestar.com.my/metro/metro-news/2024/10/11/halloween-themed-poolside-cocktails-just-the-trick-at-setia-alam-bar,1961,,,,,wrong_company,"Another target company's strong alias appears, but the row ticker's target alias does not.",No,wrong_company,none,No,No,No,No,Yes,wrong_company,1,0,0f4762957b36e05a6ef2beeefc5a6e2e70072492d4512b6c991cdc831ad25810,"New_news_WELLS_WELLS_news_csv:{""row_number"": 424}:9e96f12cd2fd",manual_preserve,manual_preserve_v1,New_news/WELLS/WELLS_news.csv,14f85ad55cceb56ec12c22a7e60d01f67ef31be8795120ec820cf6733788c727
NEWS_CANDIDATE_097103_e21d2221,WELLS,,"Bursa Malaysia slumps as over 1,000 counters drop",The Star,2024-08-02,https://www.thestar.com.my/business/business-news/2024/08/02/bursa-malaysia-slumps-as-over-1000-counters-drop,2188,,,,,wrong_company,"Another target company's strong alias appears, but the row ticker's target alias does not.",No,wrong_company,none,No,No,No,No,Yes,wrong_company,1,0,0d8c19a681189891a2c3c1449809fb80db3f2e4b354f2894c3d96dd7b4f4bbc8,"New_news_WELLS_WELLS_news_csv:{""row_number"": 483}:580fb7176256",manual_preserve,manual_preserve_v1,New_news/WELLS/WELLS_news.csv,14f85ad55cceb56ec12c22a7e60d01f67ef31be8795120ec820cf6733788c727
