rating_id,document_id,doc_type,scoring_basis,purpose_track,review_round,reviewer_id,dimension_code,dimension_name,raw_score,scale_min,scale_max,weight_value,std_score_100,weighted_score,evidence_locator,evidence_text_short,confidence_level,comment_short,missing_type,started_at,finished_at,scorebook_version,model_name,llm_backend,temperature,seed,num_ctx,num_predict,think,stream,json_schema_mode,prompt_version,scoring_timestamp,raw_output_path,numeric_check_path,parse_status,schema_validation_status
MDA_0012_3A_2020_AR01,MDA_0012_3A_2020,mda,mda_disclosure_quality,mda_general_quality,initial,local_qwen3_8b,AR01,MD&A content completeness,2,1,5,0.15,25.0,3.75,[MDA_P001],"[MDA_P001] MANAGEMENT DISCUSSION AND ANALYSIS OUR PRODUCT PORTFOLIO • Liquid Caramel, Caramel Colour • Vinegar • Glucose Syrup, High Maltose Syrup • Soya Protein Sauce (“HVP”) • Hydrolysed Vegetable Protein (“HVP”) Powder • Maltodextrin The",medium,"Lacks discussion on margins, segments, and financial performance details",none,2026-06-20T08:56:55+00:00,2026-06-20T08:57:33+00:00,2026-06-15,qwen3:8b,ollama,0.0,42,4096,192,false,false,ollama_format_schema,mda_single_dimension_context_v2,2026-06-20T08:57:33+00:00,06_scoring/05_raw_model_outputs/mda_final_full/MDA_0012_3A_2020_AR01_attempt_1.json,06_scoring/03_numeric_checks/mda_v2/MDA_0012_3A_2020_numeric_checks.json,parsed,valid
MDA_0012_3A_2020_AR02,MDA_0012_3A_2020,mda,mda_disclosure_quality,mda_general_quality,initial,local_qwen3_8b,AR02,MD&A internal numeric consistency and traceability,3,1,5,0.25,50.0,12.5,[MDA_P003],[MDA_P003] MANAGEMENT DISCUSSION AND ANALYSIS (CONTINUED) investments on production facilities to improve capacity and efficiency. These business plans were carried out after the Group had carefully conducted comprehensive evaluation and pl,medium,"Python numeric_checker: numeric_check_summary indicates not enough numbers, but financial figures are provided without consistency checks",none,2026-06-20T08:56:55+00:00,2026-06-20T08:57:33+00:00,2026-06-15,qwen3:8b,ollama,0.0,42,4096,192,false,false,ollama_format_schema,mda_single_dimension_context_v2,2026-06-20T08:57:33+00:00,06_scoring/05_raw_model_outputs/mda_final_full/MDA_0012_3A_2020_AR02_attempt_1.json,06_scoring/03_numeric_checks/mda_v2/MDA_0012_3A_2020_numeric_checks.json,parsed,valid
MDA_0012_3A_2020_AR03,MDA_0012_3A_2020,mda,mda_disclosure_quality,mda_general_quality,initial,local_qwen3_8b,AR03,Operating analysis specificity,2,1,5,0.3,25.0,7.5,[MDA_P003],[MDA_P003] MANAGEMENT DISCUSSION AND ANALYSIS (CONTINUED) investments on production facilities to improve capacity and efficiency. These business plans were carried out after the Group had carefully conducted comprehensive evaluation and pl,medium,Lacks detailed operating analysis specificity with only general revenue and profit figures without deeper operational insights.,none,2026-06-20T08:56:55+00:00,2026-06-20T08:57:33+00:00,2026-06-15,qwen3:8b,ollama,0.0,42,4096,192,false,false,ollama_format_schema,mda_single_dimension_context_v2,2026-06-20T08:57:33+00:00,06_scoring/05_raw_model_outputs/mda_final_full/MDA_0012_3A_2020_AR03_attempt_1.json,06_scoring/03_numeric_checks/mda_v2/MDA_0012_3A_2020_numeric_checks.json,parsed,valid
MDA_0012_3A_2020_AR04,MDA_0012_3A_2020,mda,mda_disclosure_quality,mda_general_quality,initial,local_qwen3_8b,AR04,MD&A internal risk and forward-looking disclosure,2,1,5,0.2,25.0,5.0,[MDA_P001],"[MDA_P001] MANAGEMENT DISCUSSION AND ANALYSIS OUR PRODUCT PORTFOLIO • Liquid Caramel, Caramel Colour • Vinegar • Glucose Syrup, High Maltose Syrup • Soya Protein Sauce (“HVP”) • Hydrolysed Vegetable Protein (“HVP”) Powder • Maltodextrin The",medium,Lacks risk and forward-looking disclosures required for AR04,none,2026-06-20T08:56:55+00:00,2026-06-20T08:57:33+00:00,2026-06-15,qwen3:8b,ollama,0.0,42,4096,192,false,false,ollama_format_schema,mda_single_dimension_context_v2,2026-06-20T08:57:33+00:00,06_scoring/05_raw_model_outputs/mda_final_full/MDA_0012_3A_2020_AR04_attempt_1.json,06_scoring/03_numeric_checks/mda_v2/MDA_0012_3A_2020_numeric_checks.json,parsed,valid
MDA_0012_3A_2020_AR05,MDA_0012_3A_2020,mda,mda_disclosure_quality,mda_general_quality,initial,local_qwen3_8b,AR05,MD&A readability and structural clarity,2,1,5,0.1,25.0,2.5,[MDA_P001],"[MDA_P001] MANAGEMENT DISCUSSION AND ANALYSIS OUR PRODUCT PORTFOLIO • Liquid Caramel, Caramel Colour • Vinegar • Glucose Syrup, High Maltose Syrup • Soya Protein Sauce (“HVP”) • Hydrolysed Vegetable Protein (“HVP”) Powder • Maltodextrin The",medium,Lacks clear structure and readability with minimal section headings and poor paragraph organization.,none,2026-06-20T08:56:55+00:00,2026-06-20T08:57:33+00:00,2026-06-15,qwen3:8b,ollama,0.0,42,4096,192,false,false,ollama_format_schema,mda_single_dimension_context_v2,2026-06-20T08:57:33+00:00,06_scoring/05_raw_model_outputs/mda_final_full/MDA_0012_3A_2020_AR05_attempt_1.json,06_scoring/03_numeric_checks/mda_v2/MDA_0012_3A_2020_numeric_checks.json,parsed,valid
MDA_0012_3A_2021_AR01,MDA_0012_3A_2021,mda,mda_disclosure_quality,mda_general_quality,initial,local_qwen3_8b,AR01,MD&A content completeness,4,1,5,0.15,75.0,11.25,[MDA_P001],"[MDA_P001] MANAGEMENT DISCUSSION AND ANALYSIS REVENUE 10% Malaysia Singapore Other countries Revenue by Geographical Locations for FY2021 BUSINESS OVERVIEW The year 2021 was truly another extraordinary year. For one, the COVID-19 pandemic h",medium,"Discusses revenue, profit, and business strategies but lacks margin and segment analysis.",none,2026-06-20T08:57:33+00:00,2026-06-20T08:58:06+00:00,2026-06-15,qwen3:8b,ollama,0.0,42,4096,192,false,false,ollama_format_schema,mda_single_dimension_context_v2,2026-06-20T08:58:06+00:00,06_scoring/05_raw_model_outputs/mda_final_full/MDA_0012_3A_2021_AR01_attempt_1.json,06_scoring/03_numeric_checks/mda_v2/MDA_0012_3A_2021_numeric_checks.json,parsed,valid
MDA_0012_3A_2021_AR02,MDA_0012_3A_2021,mda,mda_disclosure_quality,mda_general_quality,initial,local_qwen3_8b,AR02,MD&A internal numeric consistency and traceability,4,1,5,0.25,75.0,18.75,[MDA_P002],"[MDA_P002] However, hopes are high as our country was ramping up the vaccination drive together with booster shots for all adults as well as certain groups of children now. But the emergence of new variants had dashed hope to achieving herd",medium,Python numeric_checker: Revenue and profit figures are clearly stated and consistent with numeric_check_summary.,none,2026-06-20T08:57:33+00:00,2026-06-20T08:58:06+00:00,2026-06-15,qwen3:8b,ollama,0.0,42,4096,192,false,false,ollama_format_schema,mda_single_dimension_context_v2,2026-06-20T08:58:06+00:00,06_scoring/05_raw_model_outputs/mda_final_full/MDA_0012_3A_2021_AR02_attempt_1.json,06_scoring/03_numeric_checks/mda_v2/MDA_0012_3A_2021_numeric_checks.json,parsed,valid
MDA_0012_3A_2021_AR03,MDA_0012_3A_2021,mda,mda_disclosure_quality,mda_general_quality,initial,local_qwen3_8b,AR03,Operating analysis specificity,4,1,5,0.3,75.0,22.5,[MDA_P001],"[MDA_P001] MANAGEMENT DISCUSSION AND ANALYSIS REVENUE 10% Malaysia Singapore Other countries Revenue by Geographical Locations for FY2021 BUSINESS OVERVIEW The year 2021 was truly another extraordinary year. For one, the COVID-19 pandemic h",medium,"Discusses revenue growth and factors contributing to it, showing operating analysis specificity.",none,2026-06-20T08:57:33+00:00,2026-06-20T08:58:06+00:00,2026-06-15,qwen3:8b,ollama,0.0,42,4096,192,false,false,ollama_format_schema,mda_single_dimension_context_v2,2026-06-20T08:58:06+00:00,06_scoring/05_raw_model_outputs/mda_final_full/MDA_0012_3A_2021_AR03_attempt_1.json,06_scoring/03_numeric_checks/mda_v2/MDA_0012_3A_2021_numeric_checks.json,parsed,valid
MDA_0012_3A_2021_AR04,MDA_0012_3A_2021,mda,mda_disclosure_quality,mda_general_quality,initial,local_qwen3_8b,AR04,MD&A internal risk and forward-looking disclosure,4,1,5,0.2,75.0,15.0,[MDA_P005],[MDA_P005] The Group intends to continue investing in research and development projects to increase the range and appeal of our products. The increase of revenue from our export sales to overseas markets demonstrated the wide acceptance of,medium,Discusses risks and future outlook with specific mention of pandemic and market volatility.,none,2026-06-20T08:57:33+00:00,2026-06-20T08:58:06+00:00,2026-06-15,qwen3:8b,ollama,0.0,42,4096,192,false,false,ollama_format_schema,mda_single_dimension_context_v2,2026-06-20T08:58:06+00:00,06_scoring/05_raw_model_outputs/mda_final_full/MDA_0012_3A_2021_AR04_attempt_1.json,06_scoring/03_numeric_checks/mda_v2/MDA_0012_3A_2021_numeric_checks.json,parsed,valid
MDA_0012_3A_2021_AR05,MDA_0012_3A_2021,mda,mda_disclosure_quality,mda_general_quality,initial,local_qwen3_8b,AR05,MD&A readability and structural clarity,4,1,5,0.1,75.0,7.5,[MDA_P001],"[MDA_P001] MANAGEMENT DISCUSSION AND ANALYSIS REVENUE 10% Malaysia Singapore Other countries Revenue by Geographical Locations for FY2021 BUSINESS OVERVIEW The year 2021 was truly another extraordinary year. For one, the COVID-19 pandemic h",medium,Clear structure and logical flow in discussing revenue and business performance.,none,2026-06-20T08:57:33+00:00,2026-06-20T08:58:06+00:00,2026-06-15,qwen3:8b,ollama,0.0,42,4096,192,false,false,ollama_format_schema,mda_single_dimension_context_v2,2026-06-20T08:58:06+00:00,06_scoring/05_raw_model_outputs/mda_final_full/MDA_0012_3A_2021_AR05_attempt_1.json,06_scoring/03_numeric_checks/mda_v2/MDA_0012_3A_2021_numeric_checks.json,parsed,valid
MDA_0012_3A_2022_AR01,MDA_0012_3A_2022,mda,mda_disclosure_quality,mda_general_quality,initial,local_qwen3_8b,AR01,MD&A content completeness,4,1,5,0.15,75.0,11.25,[MDA_P001],"[MDA_P001] MANAGEMENT DISCUSSION AND ANALYSIS INDUSTRY OVERVIEW As we reflected on the unparalleled pace of change from the domino impact of COVID-19, companies need to evolve to overcome challenges in order to achieve their business object",medium,"Discusses industry overview, risks, and strategic initiatives relevant to MD&A content completeness.",none,2026-06-20T08:58:06+00:00,2026-06-20T08:58:44+00:00,2026-06-15,qwen3:8b,ollama,0.0,42,4096,192,false,false,ollama_format_schema,mda_single_dimension_context_v2,2026-06-20T08:58:44+00:00,06_scoring/05_raw_model_outputs/mda_final_full/MDA_0012_3A_2022_AR01_attempt_1.json,06_scoring/03_numeric_checks/mda_v2/MDA_0012_3A_2022_numeric_checks.json,parsed,valid
MDA_0012_3A_2022_AR02,MDA_0012_3A_2022,mda,mda_disclosure_quality,mda_general_quality,initial,local_qwen3_8b,AR02,MD&A internal numeric consistency and traceability,3,1,5,0.25,50.0,12.5,[MDA_P001],"[MDA_P001] MANAGEMENT DISCUSSION AND ANALYSIS INDUSTRY OVERVIEW As we reflected on the unparalleled pace of change from the domino impact of COVID-19, companies need to evolve to overcome challenges in order to achieve their business object",medium,Python numeric_checker: Numeric checks lack explanation for revenue growth and profit decline.,none,2026-06-20T08:58:06+00:00,2026-06-20T08:58:44+00:00,2026-06-15,qwen3:8b,ollama,0.0,42,4096,192,false,false,ollama_format_schema,mda_single_dimension_context_v2,2026-06-20T08:58:44+00:00,06_scoring/05_raw_model_outputs/mda_final_full/MDA_0012_3A_2022_AR02_attempt_1.json,06_scoring/03_numeric_checks/mda_v2/MDA_0012_3A_2022_numeric_checks.json,parsed,valid
MDA_0012_3A_2022_AR03,MDA_0012_3A_2022,mda,mda_disclosure_quality,mda_general_quality,initial,local_qwen3_8b,AR03,Operating analysis specificity,2,1,5,0.3,25.0,7.5,[MDA_P001],"[MDA_P001] MANAGEMENT DISCUSSION AND ANALYSIS INDUSTRY OVERVIEW As we reflected on the unparalleled pace of change from the domino impact of COVID-19, companies need to evolve to overcome challenges in order to achieve their business object",medium,Lacks specific operating analysis details and focuses on general industry trends.,none,2026-06-20T08:58:06+00:00,2026-06-20T08:58:44+00:00,2026-06-15,qwen3:8b,ollama,0.0,42,4096,192,false,false,ollama_format_schema,mda_single_dimension_context_v2,2026-06-20T08:58:44+00:00,06_scoring/05_raw_model_outputs/mda_final_full/MDA_0012_3A_2022_AR03_attempt_1.json,06_scoring/03_numeric_checks/mda_v2/MDA_0012_3A_2022_numeric_checks.json,parsed,valid
MDA_0012_3A_2022_AR04,MDA_0012_3A_2022,mda,mda_disclosure_quality,mda_general_quality,initial,local_qwen3_8b,AR04,MD&A internal risk and forward-looking disclosure,4,1,5,0.2,75.0,15.0,[MDA_P002],"[MDA_P002] Nevertheless, the pace of economic recovery is also dependent on other factors, including the efforts in mitigating the downside risks, such as geopolitical uncertainties, global inflation as well as tightening financial conditions, as stated in the",medium,Discusses risk management processes and external factors impacting the business. Evidence locator repaired to paragraph present in the dimension context.,none,2026-06-20T08:58:06+00:00,2026-06-20T08:58:44+00:00,2026-06-15,qwen3:8b,ollama,0.0,42,4096,192,false,false,ollama_format_schema,mda_single_dimension_context_v2,2026-06-20T08:58:44+00:00,06_scoring/05_raw_model_outputs/mda_final_full/MDA_0012_3A_2022_AR04_attempt_1.json,06_scoring/03_numeric_checks/mda_v2/MDA_0012_3A_2022_numeric_checks.json,parsed,valid
MDA_0012_3A_2022_AR05,MDA_0012_3A_2022,mda,mda_disclosure_quality,mda_general_quality,initial,local_qwen3_8b,AR05,MD&A readability and structural clarity,2,1,5,0.1,25.0,2.5,[MDA_P001],"[MDA_P001] MANAGEMENT DISCUSSION AND ANALYSIS INDUSTRY OVERVIEW As we reflected on the unparalleled pace of change from the domino impact of COVID-19, companies need to evolve to overcome challenges in order to achieve their business object",medium,Lacks specific financial data and focuses on general statements.,none,2026-06-20T08:58:06+00:00,2026-06-20T08:58:44+00:00,2026-06-15,qwen3:8b,ollama,0.0,42,4096,192,false,false,ollama_format_schema,mda_single_dimension_context_v2,2026-06-20T08:58:44+00:00,06_scoring/05_raw_model_outputs/mda_final_full/MDA_0012_3A_2022_AR05_attempt_1.json,06_scoring/03_numeric_checks/mda_v2/MDA_0012_3A_2022_numeric_checks.json,parsed,valid
MDA_0012_3A_2023_AR01,MDA_0012_3A_2023,mda,mda_disclosure_quality,mda_general_quality,initial,local_qwen3_8b,AR01,MD&A content completeness,4,1,5,0.15,75.0,11.25,[MDA_P001],"[MDA_P001] MANAGEMENT DISCUSSION AND ANALYSIS Revenue RM 603.9 million Profit After Tax (PAT) RM 45.2 million 1.0 Three-A Resources Management Discussion & Analysis Business Overview Three-A Resources Berhad (""3A"" or ""the Company"") is an in",medium,"Discusses business overview, revenue, and profit, but lacks margin discussion",none,2026-06-20T08:58:44+00:00,2026-06-20T08:59:20+00:00,2026-06-15,qwen3:8b,ollama,0.0,42,4096,192,false,false,ollama_format_schema,mda_single_dimension_context_v2,2026-06-20T08:59:20+00:00,06_scoring/05_raw_model_outputs/mda_final_full/MDA_0012_3A_2023_AR01_attempt_1.json,06_scoring/03_numeric_checks/mda_v2/MDA_0012_3A_2023_numeric_checks.json,parsed,valid
MDA_0012_3A_2023_AR02,MDA_0012_3A_2023,mda,mda_disclosure_quality,mda_general_quality,initial,local_qwen3_8b,AR02,MD&A internal numeric consistency and traceability,3,1,5,0.25,50.0,12.5,[MDA_P001],"[MDA_P001] MANAGEMENT DISCUSSION AND ANALYSIS Revenue RM 603.9 million Profit After Tax (PAT) RM 45.2 million 1.0 Three-A Resources Management Discussion & Analysis Business Overview Three-A Resources Berhad (""3A"" or ""the Company"") is an in",medium,"Python numeric_checker: numeric_check_summary indicates moderate consistency, but no calculable changes or checks are present",none,2026-06-20T08:58:44+00:00,2026-06-20T08:59:20+00:00,2026-06-15,qwen3:8b,ollama,0.0,42,4096,192,false,false,ollama_format_schema,mda_single_dimension_context_v2,2026-06-20T08:59:20+00:00,06_scoring/05_raw_model_outputs/mda_final_full/MDA_0012_3A_2023_AR02_attempt_1.json,06_scoring/03_numeric_checks/mda_v2/MDA_0012_3A_2023_numeric_checks.json,parsed,valid
MDA_0012_3A_2023_AR03,MDA_0012_3A_2023,mda,mda_disclosure_quality,mda_general_quality,initial,local_qwen3_8b,AR03,Operating analysis specificity,4,1,5,0.3,75.0,22.5,[MDA_P001],"[MDA_P001] MANAGEMENT DISCUSSION AND ANALYSIS Revenue RM 603.9 million Profit After Tax (PAT) RM 45.2 million 1.0 Three-A Resources Management Discussion & Analysis Business Overview Three-A Resources Berhad (""3A"" or ""the Company"") is an in",medium,"Discusses revenue, profit, and business operations with specific figures and context.",none,2026-06-20T08:58:44+00:00,2026-06-20T08:59:20+00:00,2026-06-15,qwen3:8b,ollama,0.0,42,4096,192,false,false,ollama_format_schema,mda_single_dimension_context_v2,2026-06-20T08:59:20+00:00,06_scoring/05_raw_model_outputs/mda_final_full/MDA_0012_3A_2023_AR03_attempt_1.json,06_scoring/03_numeric_checks/mda_v2/MDA_0012_3A_2023_numeric_checks.json,parsed,valid
MDA_0012_3A_2023_AR04,MDA_0012_3A_2023,mda,mda_disclosure_quality,mda_general_quality,initial,local_qwen3_8b,AR04,MD&A internal risk and forward-looking disclosure,4,1,5,0.2,75.0,15.0,[MDA_P003],"[MDA_P003] This moderation stemmed from various external challenges, including a slowdown in global trade, the impact of the global tech downcycle, geopolitical tensions, and the implementation of tighter monetary policies. In spite of this",medium,Discusses external risks and forward-looking economic outlook with relevant data.,none,2026-06-20T08:58:44+00:00,2026-06-20T08:59:20+00:00,2026-06-15,qwen3:8b,ollama,0.0,42,4096,192,false,false,ollama_format_schema,mda_single_dimension_context_v2,2026-06-20T08:59:20+00:00,06_scoring/05_raw_model_outputs/mda_final_full/MDA_0012_3A_2023_AR04_attempt_1.json,06_scoring/03_numeric_checks/mda_v2/MDA_0012_3A_2023_numeric_checks.json,parsed,valid
MDA_0012_3A_2023_AR05,MDA_0012_3A_2023,mda,mda_disclosure_quality,mda_general_quality,initial,local_qwen3_8b,AR05,MD&A readability and structural clarity,4,1,5,0.1,75.0,7.5,[MDA_P001],"[MDA_P001] MANAGEMENT DISCUSSION AND ANALYSIS Revenue RM 603.9 million Profit After Tax (PAT) RM 45.2 million 1.0 Three-A Resources Management Discussion & Analysis Business Overview Three-A Resources Berhad (""3A"" or ""the Company"") is an in",medium,Clear structure and concise language in the business overview section.,none,2026-06-20T08:58:44+00:00,2026-06-20T08:59:20+00:00,2026-06-15,qwen3:8b,ollama,0.0,42,4096,192,false,false,ollama_format_schema,mda_single_dimension_context_v2,2026-06-20T08:59:20+00:00,06_scoring/05_raw_model_outputs/mda_final_full/MDA_0012_3A_2023_AR05_attempt_1.json,06_scoring/03_numeric_checks/mda_v2/MDA_0012_3A_2023_numeric_checks.json,parsed,valid
MDA_0012_3A_2024_AR01,MDA_0012_3A_2024,mda,mda_disclosure_quality,mda_general_quality,initial,local_qwen3_8b,AR01,MD&A content completeness,4,1,5,0.15,75.0,11.25,[MDA_P001],"[MDA_P001] MANAGEMENT DISCUSSION AND ANALYSIS Profit After Tax (PAT) (RM'000) RM43,449 Revenue (RM'000) RM557,116 Industry Overview Three-A Resources Berhad (""3A"" or ""the Group"") continues to strengthen its position as a manufacturer of hig",medium,"Discusses industry overview, strategic focus, macroeconomic factors, and operational performance.",none,2026-06-20T08:59:20+00:00,2026-06-20T08:59:55+00:00,2026-06-15,qwen3:8b,ollama,0.0,42,4096,192,false,false,ollama_format_schema,mda_single_dimension_context_v2,2026-06-20T08:59:55+00:00,06_scoring/05_raw_model_outputs/mda_final_full/MDA_0012_3A_2024_AR01_attempt_1.json,06_scoring/03_numeric_checks/mda_v2/MDA_0012_3A_2024_numeric_checks.json,parsed,valid
MDA_0012_3A_2024_AR02,MDA_0012_3A_2024,mda,mda_disclosure_quality,mda_general_quality,initial,local_qwen3_8b,AR02,MD&A internal numeric consistency and traceability,3,1,5,0.25,50.0,12.5,[MDA_P001],"[MDA_P001] MANAGEMENT DISCUSSION AND ANALYSIS Profit After Tax (PAT) (RM'000) RM43,449 Revenue (RM'000) RM557,116 Industry Overview Three-A Resources Berhad (""3A"" or ""the Group"") continues to strengthen its position as a manufacturer of hig",medium,"Python numeric_checker: numeric_check_summary indicates not enough numbers, but financial figures are present without consistency checks",none,2026-06-20T08:59:20+00:00,2026-06-20T08:59:55+00:00,2026-06-15,qwen3:8b,ollama,0.0,42,4096,192,false,false,ollama_format_schema,mda_single_dimension_context_v2,2026-06-20T08:59:55+00:00,06_scoring/05_raw_model_outputs/mda_final_full/MDA_0012_3A_2024_AR02_attempt_1.json,06_scoring/03_numeric_checks/mda_v2/MDA_0012_3A_2024_numeric_checks.json,parsed,valid
MDA_0012_3A_2024_AR03,MDA_0012_3A_2024,mda,mda_disclosure_quality,mda_general_quality,initial,local_qwen3_8b,AR03,Operating analysis specificity,2,1,5,0.3,25.0,7.5,[MDA_P001],"[MDA_P001] MANAGEMENT DISCUSSION AND ANALYSIS Profit After Tax (PAT) (RM'000) RM43,449 Revenue (RM'000) RM557,116 Industry Overview Three-A Resources Berhad (""3A"" or ""the Group"") continues to strengthen its position as a manufacturer of hig",medium,"Lacks detailed operating analysis specificity, focusing on general statements rather than specific operational metrics or analysis.",none,2026-06-20T08:59:20+00:00,2026-06-20T08:59:55+00:00,2026-06-15,qwen3:8b,ollama,0.0,42,4096,192,false,false,ollama_format_schema,mda_single_dimension_context_v2,2026-06-20T08:59:55+00:00,06_scoring/05_raw_model_outputs/mda_final_full/MDA_0012_3A_2024_AR03_attempt_1.json,06_scoring/03_numeric_checks/mda_v2/MDA_0012_3A_2024_numeric_checks.json,parsed,valid
MDA_0012_3A_2024_AR04,MDA_0012_3A_2024,mda,mda_disclosure_quality,mda_general_quality,initial,local_qwen3_8b,AR04,MD&A internal risk and forward-looking disclosure,4,1,5,0.2,75.0,15.0,[MDA_P001],"[MDA_P001] MANAGEMENT DISCUSSION AND ANALYSIS Profit After Tax (PAT) (RM'000) RM43,449 Revenue (RM'000) RM557,116 Industry Overview Three-A Resources Berhad (""3A"" or ""the Group"") continues to strengthen its position as a manufacturer of hig",medium,"Discusses risks, macroeconomic factors, and forward-looking strategies.",none,2026-06-20T08:59:20+00:00,2026-06-20T08:59:55+00:00,2026-06-15,qwen3:8b,ollama,0.0,42,4096,192,false,false,ollama_format_schema,mda_single_dimension_context_v2,2026-06-20T08:59:55+00:00,06_scoring/05_raw_model_outputs/mda_final_full/MDA_0012_3A_2024_AR04_attempt_1.json,06_scoring/03_numeric_checks/mda_v2/MDA_0012_3A_2024_numeric_checks.json,parsed,valid
MDA_0012_3A_2024_AR05,MDA_0012_3A_2024,mda,mda_disclosure_quality,mda_general_quality,initial,local_qwen3_8b,AR05,MD&A readability and structural clarity,4,1,5,0.1,75.0,7.5,[MDA_P001],"[MDA_P001] MANAGEMENT DISCUSSION AND ANALYSIS Profit After Tax (PAT) (RM'000) RM43,449 Revenue (RM'000) RM557,116 Industry Overview Three-A Resources Berhad (""3A"" or ""the Group"") continues to strengthen its position as a manufacturer of hig",medium,Clear structure with relevant sections and logical flow.,none,2026-06-20T08:59:20+00:00,2026-06-20T08:59:55+00:00,2026-06-15,qwen3:8b,ollama,0.0,42,4096,192,false,false,ollama_format_schema,mda_single_dimension_context_v2,2026-06-20T08:59:55+00:00,06_scoring/05_raw_model_outputs/mda_final_full/MDA_0012_3A_2024_AR05_attempt_1.json,06_scoring/03_numeric_checks/mda_v2/MDA_0012_3A_2024_numeric_checks.json,parsed,valid
MDA_0212_SDS_2020_AR01,MDA_0212_SDS_2020,mda,mda_disclosure_quality,mda_general_quality,initial,local_qwen3_8b,AR01,MD&A content completeness,4,1,5,0.15,75.0,11.25,[MDA_P001],"[MDA_P001] management discussion and analysis Dear valued shareholders, it is our pleasure to present the Annual Report and Audited Financial Statements of SDS Group Berhad (“SDS Group” or the “Group”) for the financial year ended 31 March",medium,"Discusses business overview, strategies, and market presence with sufficient detail.",none,2026-06-20T08:59:55+00:00,2026-06-20T09:00:32+00:00,2026-06-15,qwen3:8b,ollama,0.0,42,4096,192,false,false,ollama_format_schema,mda_single_dimension_context_v2,2026-06-20T09:00:32+00:00,06_scoring/05_raw_model_outputs/mda_final_full/MDA_0212_SDS_2020_AR01_attempt_1.json,06_scoring/03_numeric_checks/mda_v2/MDA_0212_SDS_2020_numeric_checks.json,parsed,valid
MDA_0212_SDS_2020_AR02,MDA_0212_SDS_2020,mda,mda_disclosure_quality,mda_general_quality,initial,local_qwen3_8b,AR02,MD&A internal numeric consistency and traceability,2,1,5,0.25,25.0,6.25,[MDA_P009],"[MDA_P009] Due to the outbreak of the COVID-19 pandemic, the Group has experienced lower revenue from the retail channel since February 2020 as consumers began to avoid crowded places. However, during this period, some of the fixed overhead",medium,Python numeric_checker: numeric_check_summary indicates a material discrepancy in margin calculation but lacks detailed explanation of the inconsistency.,none,2026-06-20T08:59:55+00:00,2026-06-20T09:00:32+00:00,2026-06-15,qwen3:8b,ollama,0.0,42,4096,192,false,false,ollama_format_schema,mda_single_dimension_context_v2,2026-06-20T09:00:32+00:00,06_scoring/05_raw_model_outputs/mda_final_full/MDA_0212_SDS_2020_AR02_attempt_1.json,06_scoring/03_numeric_checks/mda_v2/MDA_0212_SDS_2020_numeric_checks.json,parsed,valid
MDA_0212_SDS_2020_AR03,MDA_0212_SDS_2020,mda,mda_disclosure_quality,mda_general_quality,initial,local_qwen3_8b,AR03,Operating analysis specificity,2,1,5,0.3,25.0,7.5,[MDA_P008],"[MDA_P008] ANNUAL REPORT 2020 | SDS GROUP BERHAD management discussion and analysis YEAR ON YEAR FINANCIAL REVIEW Financial Indicators FY2020 RM’000 FY2019 RM’000 Difference (%) Revenue 191,520 187,129 2.4 Gross Profit 57,193 57,100 0.2 Gro",medium,Financial indicators are presented but lack detailed analysis of operating performance drivers.,none,2026-06-20T08:59:55+00:00,2026-06-20T09:00:32+00:00,2026-06-15,qwen3:8b,ollama,0.0,42,4096,192,false,false,ollama_format_schema,mda_single_dimension_context_v2,2026-06-20T09:00:32+00:00,06_scoring/05_raw_model_outputs/mda_final_full/MDA_0212_SDS_2020_AR03_attempt_1.json,06_scoring/03_numeric_checks/mda_v2/MDA_0212_SDS_2020_numeric_checks.json,parsed,valid
MDA_0212_SDS_2020_AR04,MDA_0212_SDS_2020,mda,mda_disclosure_quality,mda_general_quality,initial,local_qwen3_8b,AR04,MD&A internal risk and forward-looking disclosure,2,1,5,0.2,25.0,5.0,[MDA_P015],"[MDA_P015] Furthermore, the changes in customers’ spending behaviour towards online purchasing has contributed to an increase in delivery sales revenue. The global economy experienced a sharp moderation in the first quarter of 2020. The pan",medium,Discusses pandemic impact on revenue but lacks specific forward-looking financial disclosures.,none,2026-06-20T08:59:55+00:00,2026-06-20T09:00:32+00:00,2026-06-15,qwen3:8b,ollama,0.0,42,4096,192,false,false,ollama_format_schema,mda_single_dimension_context_v2,2026-06-20T09:00:32+00:00,06_scoring/05_raw_model_outputs/mda_final_full/MDA_0212_SDS_2020_AR04_attempt_1.json,06_scoring/03_numeric_checks/mda_v2/MDA_0212_SDS_2020_numeric_checks.json,parsed,valid
MDA_0212_SDS_2020_AR05,MDA_0212_SDS_2020,mda,mda_disclosure_quality,mda_general_quality,initial,local_qwen3_8b,AR05,MD&A readability and structural clarity,2,1,5,0.1,25.0,2.5,[MDA_P001],"[MDA_P001] management discussion and analysis Dear valued shareholders, it is our pleasure to present the Annual Report and Audited Financial Statements of SDS Group Berhad (“SDS Group” or the “Group”) for the financial year ended 31 March",medium,The introduction lacks clear structure and fails to provide a concise overview of the business.,none,2026-06-20T08:59:55+00:00,2026-06-20T09:00:32+00:00,2026-06-15,qwen3:8b,ollama,0.0,42,4096,192,false,false,ollama_format_schema,mda_single_dimension_context_v2,2026-06-20T09:00:32+00:00,06_scoring/05_raw_model_outputs/mda_final_full/MDA_0212_SDS_2020_AR05_attempt_1.json,06_scoring/03_numeric_checks/mda_v2/MDA_0212_SDS_2020_numeric_checks.json,parsed,valid
MDA_0212_SDS_2021_AR01,MDA_0212_SDS_2021,mda,mda_disclosure_quality,mda_general_quality,initial,local_qwen3_8b,AR01,MD&A content completeness,4,1,5,0.15,75.0,11.25,[MDA_P001],"[MDA_P001] MANAGEMENT DISCUSSION AND ANALYSIS Dear valued shareholders, it is with great pleasure that we present to you the Annual Report and Audited Financial Statements of SDS Group Berhad (“SDS Group” or the “Group”) for the financial y",medium,"Discusses business operations, strategies, and market trends comprehensively.",none,2026-06-20T09:00:32+00:00,2026-06-20T09:01:09+00:00,2026-06-15,qwen3:8b,ollama,0.0,42,4096,192,false,false,ollama_format_schema,mda_single_dimension_context_v2,2026-06-20T09:01:09+00:00,06_scoring/05_raw_model_outputs/mda_final_full/MDA_0212_SDS_2021_AR01_attempt_1.json,06_scoring/03_numeric_checks/mda_v2/MDA_0212_SDS_2021_numeric_checks.json,parsed,valid
MDA_0212_SDS_2021_AR02,MDA_0212_SDS_2021,mda,mda_disclosure_quality,mda_general_quality,initial,local_qwen3_8b,AR02,MD&A internal numeric consistency and traceability,3,1,5,0.25,50.0,12.5,[MDA_P001],"[MDA_P001] MANAGEMENT DISCUSSION AND ANALYSIS Dear valued shareholders, it is with great pleasure that we present to you the Annual Report and Audited Financial Statements of SDS Group Berhad (“SDS Group” or the “Group”) for the financial y",medium,Python numeric_checker: numeric_check_summary indicates moderate consistency with no material discrepancies,none,2026-06-20T09:00:32+00:00,2026-06-20T09:01:09+00:00,2026-06-15,qwen3:8b,ollama,0.0,42,4096,192,false,false,ollama_format_schema,mda_single_dimension_context_v2,2026-06-20T09:01:09+00:00,06_scoring/05_raw_model_outputs/mda_final_full/MDA_0212_SDS_2021_AR02_attempt_1.json,06_scoring/03_numeric_checks/mda_v2/MDA_0212_SDS_2021_numeric_checks.json,parsed,valid
MDA_0212_SDS_2021_AR03,MDA_0212_SDS_2021,mda,mda_disclosure_quality,mda_general_quality,initial,local_qwen3_8b,AR03,Operating analysis specificity,4,1,5,0.3,75.0,22.5,[MDA_P001],"[MDA_P001] MANAGEMENT DISCUSSION AND ANALYSIS Dear valued shareholders, it is with great pleasure that we present to you the Annual Report and Audited Financial Statements of SDS Group Berhad (“SDS Group” or the “Group”) for the financial y",medium,"Discusses business operations, strategies, and market expansion with specific details.",none,2026-06-20T09:00:32+00:00,2026-06-20T09:01:09+00:00,2026-06-15,qwen3:8b,ollama,0.0,42,4096,192,false,false,ollama_format_schema,mda_single_dimension_context_v2,2026-06-20T09:01:09+00:00,06_scoring/05_raw_model_outputs/mda_final_full/MDA_0212_SDS_2021_AR03_attempt_1.json,06_scoring/03_numeric_checks/mda_v2/MDA_0212_SDS_2021_numeric_checks.json,parsed,valid
MDA_0212_SDS_2021_AR04,MDA_0212_SDS_2021,mda,mda_disclosure_quality,mda_general_quality,initial,local_qwen3_8b,AR04,MD&A internal risk and forward-looking disclosure,5,1,5,0.2,100.0,20.0,[MDA_P028],[MDA_P028] MANAGEMENT DISCUSSION AND ANALYSIS KEY RISK FACTORS The Group is cognisant of the importance that the investors and shareholders need to understand the types of risks that it is exposed to and how these risks may impact the Group,medium,Comprehensive risk management framework and mitigation strategies are clearly described.,none,2026-06-20T09:00:32+00:00,2026-06-20T09:01:09+00:00,2026-06-15,qwen3:8b,ollama,0.0,42,4096,192,false,false,ollama_format_schema,mda_single_dimension_context_v2,2026-06-20T09:01:09+00:00,06_scoring/05_raw_model_outputs/mda_final_full/MDA_0212_SDS_2021_AR04_attempt_1.json,06_scoring/03_numeric_checks/mda_v2/MDA_0212_SDS_2021_numeric_checks.json,parsed,valid
MDA_0212_SDS_2021_AR05,MDA_0212_SDS_2021,mda,mda_disclosure_quality,mda_general_quality,initial,local_qwen3_8b,AR05,MD&A readability and structural clarity,4,1,5,0.1,75.0,7.5,[MDA_P001],"[MDA_P001] MANAGEMENT DISCUSSION AND ANALYSIS Dear valued shareholders, it is with great pleasure that we present to you the Annual Report and Audited Financial Statements of SDS Group Berhad (“SDS Group” or the “Group”) for the financial y",medium,Clear structure with logical flow and concise language,none,2026-06-20T09:00:32+00:00,2026-06-20T09:01:09+00:00,2026-06-15,qwen3:8b,ollama,0.0,42,4096,192,false,false,ollama_format_schema,mda_single_dimension_context_v2,2026-06-20T09:01:09+00:00,06_scoring/05_raw_model_outputs/mda_final_full/MDA_0212_SDS_2021_AR05_attempt_1.json,06_scoring/03_numeric_checks/mda_v2/MDA_0212_SDS_2021_numeric_checks.json,parsed,valid
MDA_0212_SDS_2022_AR01,MDA_0212_SDS_2022,mda,mda_disclosure_quality,mda_general_quality,initial,local_qwen3_8b,AR01,MD&A content completeness,4,1,5,0.15,75.0,11.25,[MDA_P001],"[MDA_P001] MANAGEMENT DISCUSSION AND ANALYSIS “ ” OVERVIEW & JOURNEY IN THE NEW NORMAL From an operational angle, FYE 2022 has been a challenging year as the nation went through different Movement Control Order (MCO) phases. The constant ad",medium,"Discusses operational challenges, strategic pivots, and customer adaptation under lockdown conditions.",none,2026-06-20T09:01:09+00:00,2026-06-20T09:01:45+00:00,2026-06-15,qwen3:8b,ollama,0.0,42,4096,192,false,false,ollama_format_schema,mda_single_dimension_context_v2,2026-06-20T09:01:45+00:00,06_scoring/05_raw_model_outputs/mda_final_full/MDA_0212_SDS_2022_AR01_attempt_1.json,06_scoring/03_numeric_checks/mda_v2/MDA_0212_SDS_2022_numeric_checks.json,parsed,valid
MDA_0212_SDS_2022_AR02,MDA_0212_SDS_2022,mda,mda_disclosure_quality,mda_general_quality,initial,local_qwen3_8b,AR02,MD&A internal numeric consistency and traceability,2,1,5,0.25,25.0,6.25,[MDA_P007],"[MDA_P007] Financial Indicators FY2022 RM’000 FY2021 RM’000 Difference (%) Revenue 198,283 173,778 14.1% Gross Profit 61,596 52,988 16.2% Gross Profit Margin 31.1% 30.5% 1.9% Profit Before Tax 14,103 9,589 47.1% Profit After Tax Attributabl",medium,"Python numeric_checker: Margin discrepancy not explained, calculated value conflicts with stated value.",none,2026-06-20T09:01:09+00:00,2026-06-20T09:01:45+00:00,2026-06-15,qwen3:8b,ollama,0.0,42,4096,192,false,false,ollama_format_schema,mda_single_dimension_context_v2,2026-06-20T09:01:45+00:00,06_scoring/05_raw_model_outputs/mda_final_full/MDA_0212_SDS_2022_AR02_attempt_1.json,06_scoring/03_numeric_checks/mda_v2/MDA_0212_SDS_2022_numeric_checks.json,parsed,valid
MDA_0212_SDS_2022_AR03,MDA_0212_SDS_2022,mda,mda_disclosure_quality,mda_general_quality,initial,local_qwen3_8b,AR03,Operating analysis specificity,2,1,5,0.3,25.0,7.5,[MDA_P002],[MDA_P002] Governmental SOPs to close all non- essential businesses and services impacted the Group’s operations and potential earnings from the retail channel as the retail outlets had to comply with certain SOPs including restricted dine-,medium,Lacks specific operating metrics or analysis beyond qualitative descriptions.,none,2026-06-20T09:01:09+00:00,2026-06-20T09:01:45+00:00,2026-06-15,qwen3:8b,ollama,0.0,42,4096,192,false,false,ollama_format_schema,mda_single_dimension_context_v2,2026-06-20T09:01:45+00:00,06_scoring/05_raw_model_outputs/mda_final_full/MDA_0212_SDS_2022_AR03_attempt_1.json,06_scoring/03_numeric_checks/mda_v2/MDA_0212_SDS_2022_numeric_checks.json,parsed,valid
MDA_0212_SDS_2022_AR04,MDA_0212_SDS_2022,mda,mda_disclosure_quality,mda_general_quality,initial,local_qwen3_8b,AR04,MD&A internal risk and forward-looking disclosure,2,1,5,0.2,25.0,5.0,[MDA_P001],"[MDA_P001] MANAGEMENT DISCUSSION AND ANALYSIS “ ” OVERVIEW & JOURNEY IN THE NEW NORMAL From an operational angle, FYE 2022 has been a challenging year as the nation went through different Movement Control Order (MCO) phases. The constant ad",medium,Lacks specific forward-looking financial disclosures and risk analysis.,none,2026-06-20T09:01:09+00:00,2026-06-20T09:01:45+00:00,2026-06-15,qwen3:8b,ollama,0.0,42,4096,192,false,false,ollama_format_schema,mda_single_dimension_context_v2,2026-06-20T09:01:45+00:00,06_scoring/05_raw_model_outputs/mda_final_full/MDA_0212_SDS_2022_AR04_attempt_1.json,06_scoring/03_numeric_checks/mda_v2/MDA_0212_SDS_2022_numeric_checks.json,parsed,valid
MDA_0212_SDS_2022_AR05,MDA_0212_SDS_2022,mda,mda_disclosure_quality,mda_general_quality,initial,local_qwen3_8b,AR05,MD&A readability and structural clarity,4,1,5,0.1,75.0,7.5,[MDA_P001],"[MDA_P001] MANAGEMENT DISCUSSION AND ANALYSIS “ ” OVERVIEW & JOURNEY IN THE NEW NORMAL From an operational angle, FYE 2022 has been a challenging year as the nation went through different Movement Control Order (MCO) phases. The constant ad",medium,Clear structure and logical flow in discussing operational challenges and responses.,none,2026-06-20T09:01:09+00:00,2026-06-20T09:01:45+00:00,2026-06-15,qwen3:8b,ollama,0.0,42,4096,192,false,false,ollama_format_schema,mda_single_dimension_context_v2,2026-06-20T09:01:45+00:00,06_scoring/05_raw_model_outputs/mda_final_full/MDA_0212_SDS_2022_AR05_attempt_1.json,06_scoring/03_numeric_checks/mda_v2/MDA_0212_SDS_2022_numeric_checks.json,parsed,valid
MDA_0212_SDS_2023_AR01,MDA_0212_SDS_2023,mda,mda_disclosure_quality,mda_general_quality,initial,local_qwen3_8b,AR01,MD&A content completeness,5,1,5,0.15,100.0,15.0,[MDA_P001],[MDA_P001] Management Discussion and Analysis The Group’s unique proposition of wide- ranging product offerings and options on sales channels had allowed SDS to continue to meet the demands of its customers. INDUSTRY OVERVIEW With the recen,medium,"Comprehensive discussion of business operations, industry trends, and strategic positioning.",none,2026-06-20T09:01:45+00:00,2026-06-20T09:02:20+00:00,2026-06-15,qwen3:8b,ollama,0.0,42,4096,192,false,false,ollama_format_schema,mda_single_dimension_context_v2,2026-06-20T09:02:20+00:00,06_scoring/05_raw_model_outputs/mda_final_full/MDA_0212_SDS_2023_AR01_attempt_1.json,06_scoring/03_numeric_checks/mda_v2/MDA_0212_SDS_2023_numeric_checks.json,parsed,valid
MDA_0212_SDS_2023_AR02,MDA_0212_SDS_2023,mda,mda_disclosure_quality,mda_general_quality,initial,local_qwen3_8b,AR02,MD&A internal numeric consistency and traceability,2,1,5,0.25,25.0,6.25,[MDA_P007],[MDA_P007] The driving factor for the higher sales has been the uplifting of movement controls at the country’s borders as well as the increased options for value-for-money bakery products given the economic pressure on the customers’ purch,medium,"Python numeric_checker: Margin discrepancy not explained, calculated 8157.26% vs stated 134.30%",none,2026-06-20T09:01:45+00:00,2026-06-20T09:02:20+00:00,2026-06-15,qwen3:8b,ollama,0.0,42,4096,192,false,false,ollama_format_schema,mda_single_dimension_context_v2,2026-06-20T09:02:20+00:00,06_scoring/05_raw_model_outputs/mda_final_full/MDA_0212_SDS_2023_AR02_attempt_1.json,06_scoring/03_numeric_checks/mda_v2/MDA_0212_SDS_2023_numeric_checks.json,parsed,valid
MDA_0212_SDS_2023_AR03,MDA_0212_SDS_2023,mda,mda_disclosure_quality,mda_general_quality,initial,local_qwen3_8b,AR03,Operating analysis specificity,4,1,5,0.3,75.0,22.5,[MDA_P007],[MDA_P007] The driving factor for the higher sales has been the uplifting of movement controls at the country’s borders as well as the increased options for value-for-money bakery products given the economic pressure on the customers’ purch,medium,"Discusses revenue growth, profit margins, and cost management with specific figures and explanations.",none,2026-06-20T09:01:45+00:00,2026-06-20T09:02:20+00:00,2026-06-15,qwen3:8b,ollama,0.0,42,4096,192,false,false,ollama_format_schema,mda_single_dimension_context_v2,2026-06-20T09:02:20+00:00,06_scoring/05_raw_model_outputs/mda_final_full/MDA_0212_SDS_2023_AR03_attempt_1.json,06_scoring/03_numeric_checks/mda_v2/MDA_0212_SDS_2023_numeric_checks.json,parsed,valid
MDA_0212_SDS_2023_AR04,MDA_0212_SDS_2023,mda,mda_disclosure_quality,mda_general_quality,initial,local_qwen3_8b,AR04,MD&A internal risk and forward-looking disclosure,4,1,5,0.2,75.0,15.0,[MDA_P028],"[MDA_P028] SDS GROUP BERHAD ANNUAL REPORT 2023 Management Discussion and Analysis KEY BUSINESS OPPORTUNITIES AND RISKS Embarking on expansion of its business, performance improvement of fleet and innovation of new product offerings have not",medium,Discusses risks and mitigation actions with specific examples.,none,2026-06-20T09:01:45+00:00,2026-06-20T09:02:20+00:00,2026-06-15,qwen3:8b,ollama,0.0,42,4096,192,false,false,ollama_format_schema,mda_single_dimension_context_v2,2026-06-20T09:02:20+00:00,06_scoring/05_raw_model_outputs/mda_final_full/MDA_0212_SDS_2023_AR04_attempt_1.json,06_scoring/03_numeric_checks/mda_v2/MDA_0212_SDS_2023_numeric_checks.json,parsed,valid
MDA_0212_SDS_2023_AR05,MDA_0212_SDS_2023,mda,mda_disclosure_quality,mda_general_quality,initial,local_qwen3_8b,AR05,MD&A readability and structural clarity,2,1,5,0.1,25.0,2.5,[MDA_P001],[MDA_P001] Management Discussion and Analysis The Group’s unique proposition of wide- ranging product offerings and options on sales channels had allowed SDS to continue to meet the demands of its customers. INDUSTRY OVERVIEW With the recen,medium,"Discussion lacks clear structure and logical flow, making it hard to follow.",none,2026-06-20T09:01:45+00:00,2026-06-20T09:02:20+00:00,2026-06-15,qwen3:8b,ollama,0.0,42,4096,192,false,false,ollama_format_schema,mda_single_dimension_context_v2,2026-06-20T09:02:20+00:00,06_scoring/05_raw_model_outputs/mda_final_full/MDA_0212_SDS_2023_AR05_attempt_1.json,06_scoring/03_numeric_checks/mda_v2/MDA_0212_SDS_2023_numeric_checks.json,parsed,valid
MDA_0212_SDS_2024_AR01,MDA_0212_SDS_2024,mda,mda_disclosure_quality,mda_general_quality,initial,local_qwen3_8b,AR01,MD&A content completeness,4,1,5,0.15,75.0,11.25,[MDA_P001],"[MDA_P001] Management Discussion and Analysis The Group successfully registered a revenue of RM324.1 million in FY2024, marking an increase of 14.2% over the revenue of RM283.7 million in FY2023. OVERVIEW he financial year ended 31 March 20",medium,"Discusses revenue growth, business performance, and strategic plans.",none,2026-06-20T09:02:20+00:00,2026-06-20T09:02:58+00:00,2026-06-15,qwen3:8b,ollama,0.0,42,4096,192,false,false,ollama_format_schema,mda_single_dimension_context_v2,2026-06-20T09:02:58+00:00,06_scoring/05_raw_model_outputs/mda_final_full/MDA_0212_SDS_2024_AR01_attempt_1.json,06_scoring/03_numeric_checks/mda_v2/MDA_0212_SDS_2024_numeric_checks.json,parsed,valid
MDA_0212_SDS_2024_AR02,MDA_0212_SDS_2024,mda,mda_disclosure_quality,mda_general_quality,initial,local_qwen3_8b,AR02,MD&A internal numeric consistency and traceability,2,1,5,0.25,25.0,6.25,[MDA_P007],"[MDA_P007] Financial indicators as listed below: INDICATOR FY2024 (RM ’000)* FY2023 (RM ’000)* DIFFERENCE (%) Revenue 324,063 283,667 14.2% Gross Profit 110,054 89,292 23.3% Gross Profit Margin (%) 34.0 31.5 7.9% Profit before tax 43,290 32",medium,"Python numeric_checker: Stated gross profit margin of 34.0% but calculated 713.08% from profit/revenue, inconsistent explanation.",none,2026-06-20T09:02:20+00:00,2026-06-20T09:02:58+00:00,2026-06-15,qwen3:8b,ollama,0.0,42,4096,192,false,false,ollama_format_schema,mda_single_dimension_context_v2,2026-06-20T09:02:58+00:00,06_scoring/05_raw_model_outputs/mda_final_full/MDA_0212_SDS_2024_AR02_attempt_1.json,06_scoring/03_numeric_checks/mda_v2/MDA_0212_SDS_2024_numeric_checks.json,parsed,valid
MDA_0212_SDS_2024_AR03,MDA_0212_SDS_2024,mda,mda_disclosure_quality,mda_general_quality,initial,local_qwen3_8b,AR03,Operating analysis specificity,5,1,5,0.3,100.0,30.0,[MDA_P001],"[MDA_P001] Management Discussion and Analysis The Group successfully registered a revenue of RM324.1 million in FY2024, marking an increase of 14.2% over the revenue of RM283.7 million in FY2023. OVERVIEW he financial year ended 31 March 20",medium,Revenue growth and factors are clearly stated with specific percentages and explanations.,none,2026-06-20T09:02:20+00:00,2026-06-20T09:02:58+00:00,2026-06-15,qwen3:8b,ollama,0.0,42,4096,192,false,false,ollama_format_schema,mda_single_dimension_context_v2,2026-06-20T09:02:58+00:00,06_scoring/05_raw_model_outputs/mda_final_full/MDA_0212_SDS_2024_AR03_attempt_1.json,06_scoring/03_numeric_checks/mda_v2/MDA_0212_SDS_2024_numeric_checks.json,parsed,valid
MDA_0212_SDS_2024_AR04,MDA_0212_SDS_2024,mda,mda_disclosure_quality,mda_general_quality,initial,local_qwen3_8b,AR04,MD&A internal risk and forward-looking disclosure,4,1,5,0.2,75.0,15.0,[MDA_P024],"[MDA_P024] This, and other various strategic measures employed will translate to more accurate profit realisation from its sales channels moving forward. KEY BUSINESS OPPORTUNITIES AND CHALLENGES ur 37 years of experience in this industry h",medium,"Discusses risks and mitigation strategies, showing awareness of internal risks and forward-looking planning.",none,2026-06-20T09:02:20+00:00,2026-06-20T09:02:58+00:00,2026-06-15,qwen3:8b,ollama,0.0,42,4096,192,false,false,ollama_format_schema,mda_single_dimension_context_v2,2026-06-20T09:02:58+00:00,06_scoring/05_raw_model_outputs/mda_final_full/MDA_0212_SDS_2024_AR04_attempt_1.json,06_scoring/03_numeric_checks/mda_v2/MDA_0212_SDS_2024_numeric_checks.json,parsed,valid
MDA_0212_SDS_2024_AR05,MDA_0212_SDS_2024,mda,mda_disclosure_quality,mda_general_quality,initial,local_qwen3_8b,AR05,MD&A readability and structural clarity,4,1,5,0.1,75.0,7.5,[MDA_P001],"[MDA_P001] Management Discussion and Analysis The Group successfully registered a revenue of RM324.1 million in FY2024, marking an increase of 14.2% over the revenue of RM283.7 million in FY2023. OVERVIEW he financial year ended 31 March 20",medium,Clear revenue growth and performance discussion with numerical data.,none,2026-06-20T09:02:20+00:00,2026-06-20T09:02:58+00:00,2026-06-15,qwen3:8b,ollama,0.0,42,4096,192,false,false,ollama_format_schema,mda_single_dimension_context_v2,2026-06-20T09:02:58+00:00,06_scoring/05_raw_model_outputs/mda_final_full/MDA_0212_SDS_2024_AR05_attempt_1.json,06_scoring/03_numeric_checks/mda_v2/MDA_0212_SDS_2024_numeric_checks.json,parsed,valid
MDA_2658_AJI_2020_AR01,MDA_2658_AJI_2020,mda,mda_disclosure_quality,mda_general_quality,initial,local_qwen3_8b,AR01,MD&A content completeness,2,1,5,0.15,25.0,3.75,[MDA_P001],[MDA_P001] MANAGEMENT DISCUSSION & ANALYSIS Our Business History & Milestone Ajinomoto (Malaysia) Berhad (“the CompanyȄǼȱ ȱȱę¢Ȭȱ¢ȱȱȱŗşŜŗȱ ȱȱȱȱȱȱȱ monosodium glutamate (“MSG”) under th,medium,Lacks financial discussion and focuses on business history rather than financial metrics,none,2026-06-20T09:02:58+00:00,2026-06-20T09:03:25+00:00,2026-06-15,qwen3:8b,ollama,0.0,42,4096,192,false,false,ollama_format_schema,mda_single_dimension_context_v2,2026-06-20T09:03:25+00:00,06_scoring/05_raw_model_outputs/mda_final_full/MDA_2658_AJI_2020_AR01_attempt_1.json,06_scoring/03_numeric_checks/mda_v2/MDA_2658_AJI_2020_numeric_checks.json,parsed,valid
MDA_2658_AJI_2020_AR02,MDA_2658_AJI_2020,mda,mda_disclosure_quality,mda_general_quality,initial,local_qwen3_8b,AR02,MD&A internal numeric consistency and traceability,3,1,5,0.25,50.0,12.5,[MDA_P034],[MDA_P034] AJINOMOTO (MALAYSIA) BERHAD 196101000252 (4295-W) ANNUAL REPORT 2020 Sales Branches & Overseas Market ȱ ¢ȱȱŗŖȱȱȱ ¢ȱȱŗȱȱĜȱȱ ȱ ǯ,medium,"Python numeric_checker: No financial numbers or calculations discussed, lacks numeric consistency Evidence locator repaired to paragraph present in the dimension context.",none,2026-06-20T09:02:58+00:00,2026-06-20T09:03:25+00:00,2026-06-15,qwen3:8b,ollama,0.0,42,4096,192,false,false,ollama_format_schema,mda_single_dimension_context_v2,2026-06-20T09:03:25+00:00,06_scoring/05_raw_model_outputs/mda_final_full/MDA_2658_AJI_2020_AR02_attempt_1.json,06_scoring/03_numeric_checks/mda_v2/MDA_2658_AJI_2020_numeric_checks.json,parsed,valid
MDA_2658_AJI_2020_AR03,MDA_2658_AJI_2020,mda,mda_disclosure_quality,mda_general_quality,initial,local_qwen3_8b,AR03,Operating analysis specificity,1,1,5,0.3,0.0,0.0,[MDA_P002],[MDA_P002] Inauguration of Effluent Treatment Management (SALAM) Corporate name was changed to Ajinomoto (Malaysia) Sdn Bhd Company name was changed to Ajinomoto (Malaysia) Berhad as the public company Commencement of “AJI-NO-MOTO” plant op,medium,"No operating analysis specificity, focuses on product launches and certifications",none,2026-06-20T09:02:58+00:00,2026-06-20T09:03:25+00:00,2026-06-15,qwen3:8b,ollama,0.0,42,4096,192,false,false,ollama_format_schema,mda_single_dimension_context_v2,2026-06-20T09:03:25+00:00,06_scoring/05_raw_model_outputs/mda_final_full/MDA_2658_AJI_2020_AR03_attempt_1.json,06_scoring/03_numeric_checks/mda_v2/MDA_2658_AJI_2020_numeric_checks.json,parsed,valid
MDA_2658_AJI_2020_AR04,MDA_2658_AJI_2020,mda,mda_disclosure_quality,mda_general_quality,initial,local_qwen3_8b,AR04,MD&A internal risk and forward-looking disclosure,2,1,5,0.2,25.0,5.0,[MDA_P002],[MDA_P002] Inauguration of Effluent Treatment Management (SALAM) Corporate name was changed to Ajinomoto (Malaysia) Sdn Bhd Company name was changed to Ajinomoto (Malaysia) Berhad as the public company Commencement of “AJI-NO-MOTO” plant op,medium,Lacks forward-looking statements or risk disclosures required for AR04,none,2026-06-20T09:02:58+00:00,2026-06-20T09:03:25+00:00,2026-06-15,qwen3:8b,ollama,0.0,42,4096,192,false,false,ollama_format_schema,mda_single_dimension_context_v2,2026-06-20T09:03:25+00:00,06_scoring/05_raw_model_outputs/mda_final_full/MDA_2658_AJI_2020_AR04_attempt_1.json,06_scoring/03_numeric_checks/mda_v2/MDA_2658_AJI_2020_numeric_checks.json,parsed,valid
MDA_2658_AJI_2020_AR05,MDA_2658_AJI_2020,mda,mda_disclosure_quality,mda_general_quality,initial,local_qwen3_8b,AR05,MD&A readability and structural clarity,2,1,5,0.1,25.0,2.5,[MDA_P001],[MDA_P001] MANAGEMENT DISCUSSION & ANALYSIS Our Business History & Milestone Ajinomoto (Malaysia) Berhad (“the CompanyȄǼȱ ȱȱę¢Ȭȱ¢ȱȱȱŗşŜŗȱ ȱȱȱȱȱȱȱ monosodium glutamate (“MSG”) under th,medium,Paragraph lacks clear structure and readability with excessive technical jargon and poor flow.,none,2026-06-20T09:02:58+00:00,2026-06-20T09:03:25+00:00,2026-06-15,qwen3:8b,ollama,0.0,42,4096,192,false,false,ollama_format_schema,mda_single_dimension_context_v2,2026-06-20T09:03:25+00:00,06_scoring/05_raw_model_outputs/mda_final_full/MDA_2658_AJI_2020_AR05_attempt_1.json,06_scoring/03_numeric_checks/mda_v2/MDA_2658_AJI_2020_numeric_checks.json,parsed,valid
MDA_2658_AJI_2021_AR01,MDA_2658_AJI_2021,mda,mda_disclosure_quality,mda_general_quality,initial,local_qwen3_8b,AR01,MD&A content completeness,2,1,5,0.15,25.0,3.75,[MDA_P001],"[MDA_P001] MANAGEMENT DISCUSSION & ANALYSIS Our Business History & Milestone Ajinomoto (Malaysia) Berhad (“the Company”) was incorporated sixty years ago in 1961 as a distributor of monosodium glutamate (“MSG”) under the brand, AJI-NO-MOTO®",medium,Lacks discussion of financial performance or key metrics relevant to MD&A content completeness,none,2026-06-20T09:03:25+00:00,2026-06-20T09:03:45+00:00,2026-06-15,qwen3:8b,ollama,0.0,42,4096,192,false,false,ollama_format_schema,mda_single_dimension_context_v2,2026-06-20T09:03:45+00:00,06_scoring/05_raw_model_outputs/mda_final_full/MDA_2658_AJI_2021_AR01_attempt_1.json,06_scoring/03_numeric_checks/mda_v2/MDA_2658_AJI_2021_numeric_checks.json,parsed,valid
MDA_2658_AJI_2021_AR02,MDA_2658_AJI_2021,mda,mda_disclosure_quality,mda_general_quality,initial,local_qwen3_8b,AR02,MD&A internal numeric consistency and traceability,3,1,5,0.25,50.0,12.5,[MDA_P032],"[MDA_P032] store in low temperature. MS1500:2009 1092-02/2004 PROD DATE EXP DATE LOT NO. : : : Manufactured by: AJINOMOTO (MALAYSIA) BERHAD (4295-W) Lot 5710, Jalan Kuchai Lama, Petaling, 58200 Kuala Lumpur, Malaysia. Tel: +603-7980 6958 Fa",medium,Python numeric_checker: No numeric checks or consistency analysis performed in the selected paragraphs.,none,2026-06-20T09:03:25+00:00,2026-06-20T09:03:45+00:00,2026-06-15,qwen3:8b,ollama,0.0,42,4096,192,false,false,ollama_format_schema,mda_single_dimension_context_v2,2026-06-20T09:03:45+00:00,06_scoring/05_raw_model_outputs/mda_final_full/MDA_2658_AJI_2021_AR02_attempt_1.json,06_scoring/03_numeric_checks/mda_v2/MDA_2658_AJI_2021_numeric_checks.json,parsed,valid
MDA_2658_AJI_2021_AR03,MDA_2658_AJI_2021,mda,mda_disclosure_quality,mda_general_quality,initial,local_qwen3_8b,AR03,Operating analysis specificity,2,1,5,0.3,25.0,7.5,[MDA_P002],"[MDA_P002] AJINOMOTO (MALAYSIA) BERHAD 196101000252 (4295-W) | ANNUAL REPORT 2021 Our Policy As an established and trusted food seasoning company in Malaysia, it is the Company’s policy to consistently develop and distribute high quality an",medium,Lacks specific operating analysis metrics or discussions on financial performance drivers.,none,2026-06-20T09:03:25+00:00,2026-06-20T09:03:45+00:00,2026-06-15,qwen3:8b,ollama,0.0,42,4096,192,false,false,ollama_format_schema,mda_single_dimension_context_v2,2026-06-20T09:03:45+00:00,06_scoring/05_raw_model_outputs/mda_final_full/MDA_2658_AJI_2021_AR03_attempt_1.json,06_scoring/03_numeric_checks/mda_v2/MDA_2658_AJI_2021_numeric_checks.json,parsed,valid
MDA_2658_AJI_2021_AR04,MDA_2658_AJI_2021,mda,mda_disclosure_quality,mda_general_quality,initial,local_qwen3_8b,AR04,MD&A internal risk and forward-looking disclosure,1,1,5,0.2,0.0,0.0,[MDA_P032],"[MDA_P032] store in low temperature. MS1500:2009 1092-02/2004 PROD DATE EXP DATE LOT NO. : : : Manufactured by: AJINOMOTO (MALAYSIA) BERHAD (4295-W) Lot 5710, Jalan Kuchai Lama, Petaling, 58200 Kuala Lumpur, Malaysia. Tel: +603-7980 6958 Fa",medium,No mention of internal risks or forward-looking disclosures.,none,2026-06-20T09:03:25+00:00,2026-06-20T09:03:45+00:00,2026-06-15,qwen3:8b,ollama,0.0,42,4096,192,false,false,ollama_format_schema,mda_single_dimension_context_v2,2026-06-20T09:03:45+00:00,06_scoring/05_raw_model_outputs/mda_final_full/MDA_2658_AJI_2021_AR04_attempt_1.json,06_scoring/03_numeric_checks/mda_v2/MDA_2658_AJI_2021_numeric_checks.json,parsed,valid
MDA_2658_AJI_2021_AR05,MDA_2658_AJI_2021,mda,mda_disclosure_quality,mda_general_quality,initial,local_qwen3_8b,AR05,MD&A readability and structural clarity,2,1,5,0.1,25.0,2.5,[MDA_P001],"[MDA_P001] MANAGEMENT DISCUSSION & ANALYSIS Our Business History & Milestone Ajinomoto (Malaysia) Berhad (“the Company”) was incorporated sixty years ago in 1961 as a distributor of monosodium glutamate (“MSG”) under the brand, AJI-NO-MOTO®",medium,Paragraph lacks financial discussion and focuses on business history without clarity.,none,2026-06-20T09:03:25+00:00,2026-06-20T09:03:45+00:00,2026-06-15,qwen3:8b,ollama,0.0,42,4096,192,false,false,ollama_format_schema,mda_single_dimension_context_v2,2026-06-20T09:03:45+00:00,06_scoring/05_raw_model_outputs/mda_final_full/MDA_2658_AJI_2021_AR05_attempt_1.json,06_scoring/03_numeric_checks/mda_v2/MDA_2658_AJI_2021_numeric_checks.json,parsed,valid
MDA_2658_AJI_2022_AR01,MDA_2658_AJI_2022,mda,mda_disclosure_quality,mda_general_quality,initial,local_qwen3_8b,AR01,MD&A content completeness,2,1,5,0.15,25.0,3.75,[MDA_P001],"[MDA_P001] MANAGEMENT DISCUSSION & ANALYSIS Our Business History & Milestone Ajinomoto (Malaysia) Berhad (“the Company”) was established in 1961 as distributor of AJI-NO-MOTO® monosodium glutamate (“MSG”) for Ajinomoto Co., Inc., Japan. In",medium,Lacks financial metrics and discussion on profitability or cost structure,none,2026-06-20T09:03:45+00:00,2026-06-20T09:04:10+00:00,2026-06-15,qwen3:8b,ollama,0.0,42,4096,192,false,false,ollama_format_schema,mda_single_dimension_context_v2,2026-06-20T09:04:10+00:00,06_scoring/05_raw_model_outputs/mda_final_full/MDA_2658_AJI_2022_AR01_attempt_1.json,06_scoring/03_numeric_checks/mda_v2/MDA_2658_AJI_2022_numeric_checks.json,parsed,valid
MDA_2658_AJI_2022_AR02,MDA_2658_AJI_2022,mda,mda_disclosure_quality,mda_general_quality,initial,local_qwen3_8b,AR02,MD&A internal numeric consistency and traceability,3,1,5,0.25,50.0,12.5,[MDA_P032],"[MDA_P032] store in low temperature. MS1500:2009 1092-02/2004 PROD DATE EXP DATE LOT NO. : : : Manufactured by: AJINOMOTO (MALAYSIA) BERHAD (4295-W) Lot 5710, Jalan Kuchai Lama, Petaling, 58200 Kuala Lumpur, Malaysia. Tel: +603-7980 6958 Fa",medium,"Python numeric_checker: numeric_check_summary indicates not enough numbers, but text contains no financial data",none,2026-06-20T09:03:45+00:00,2026-06-20T09:04:10+00:00,2026-06-15,qwen3:8b,ollama,0.0,42,4096,192,false,false,ollama_format_schema,mda_single_dimension_context_v2,2026-06-20T09:04:10+00:00,06_scoring/05_raw_model_outputs/mda_final_full/MDA_2658_AJI_2022_AR02_attempt_1.json,06_scoring/03_numeric_checks/mda_v2/MDA_2658_AJI_2022_numeric_checks.json,parsed,valid
MDA_2658_AJI_2022_AR03,MDA_2658_AJI_2022,mda,mda_disclosure_quality,mda_general_quality,initial,local_qwen3_8b,AR03,Operating analysis specificity,2,1,5,0.3,25.0,7.5,[MDA_P002],[MDA_P002] Inauguration of Effluent Treatment Management (SALAM) Corporate name was changed to Ajinomoto (Malaysia) Sdn Bhd Company name was changed to Ajinomoto (Malaysia) Berhad as the public company Commencement of “AJI-NO-MOTO” plant op,medium,Lacks detailed operating analysis and financial specifics.,none,2026-06-20T09:03:45+00:00,2026-06-20T09:04:10+00:00,2026-06-15,qwen3:8b,ollama,0.0,42,4096,192,false,false,ollama_format_schema,mda_single_dimension_context_v2,2026-06-20T09:04:10+00:00,06_scoring/05_raw_model_outputs/mda_final_full/MDA_2658_AJI_2022_AR03_attempt_1.json,06_scoring/03_numeric_checks/mda_v2/MDA_2658_AJI_2022_numeric_checks.json,parsed,valid
MDA_2658_AJI_2022_AR04,MDA_2658_AJI_2022,mda,mda_disclosure_quality,mda_general_quality,initial,local_qwen3_8b,AR04,MD&A internal risk and forward-looking disclosure,2,1,5,0.2,25.0,5.0,[MDA_P001],"[MDA_P001] MANAGEMENT DISCUSSION & ANALYSIS Our Business History & Milestone Ajinomoto (Malaysia) Berhad (“the Company”) was established in 1961 as distributor of AJI-NO-MOTO® monosodium glutamate (“MSG”) for Ajinomoto Co., Inc., Japan. In",medium,Lacks forward-looking statements and risk disclosures required for AR04,none,2026-06-20T09:03:45+00:00,2026-06-20T09:04:10+00:00,2026-06-15,qwen3:8b,ollama,0.0,42,4096,192,false,false,ollama_format_schema,mda_single_dimension_context_v2,2026-06-20T09:04:10+00:00,06_scoring/05_raw_model_outputs/mda_final_full/MDA_2658_AJI_2022_AR04_attempt_1.json,06_scoring/03_numeric_checks/mda_v2/MDA_2658_AJI_2022_numeric_checks.json,parsed,valid
MDA_2658_AJI_2022_AR05,MDA_2658_AJI_2022,mda,mda_disclosure_quality,mda_general_quality,initial,local_qwen3_8b,AR05,MD&A readability and structural clarity,2,1,5,0.1,25.0,2.5,[MDA_P001],"[MDA_P001] MANAGEMENT DISCUSSION & ANALYSIS Our Business History & Milestone Ajinomoto (Malaysia) Berhad (“the Company”) was established in 1961 as distributor of AJI-NO-MOTO® monosodium glutamate (“MSG”) for Ajinomoto Co., Inc., Japan. In",medium,Paragraph lacks financial discussion and focuses on business history rather than clarity or readability.,none,2026-06-20T09:03:45+00:00,2026-06-20T09:04:10+00:00,2026-06-15,qwen3:8b,ollama,0.0,42,4096,192,false,false,ollama_format_schema,mda_single_dimension_context_v2,2026-06-20T09:04:10+00:00,06_scoring/05_raw_model_outputs/mda_final_full/MDA_2658_AJI_2022_AR05_attempt_1.json,06_scoring/03_numeric_checks/mda_v2/MDA_2658_AJI_2022_numeric_checks.json,parsed,valid
MDA_2658_AJI_2023_AR01,MDA_2658_AJI_2023,mda,mda_disclosure_quality,mda_general_quality,initial,local_qwen3_8b,AR01,MD&A content completeness,2,1,5,0.15,25.0,3.75,[MDA_P001],[MDA_P001] MANAGEMENT DISCUSSION & ANALYSIS Inauguration of Effluent Treatment Management (SALAM) Corporate name was changed to Ajinomoto (Malaysia) Sdn Bhd Company name was changed to Ajinomoto (Malaysia) Berhad as the public company Comme,medium,Lacks discussion on margins and financial metrics,none,2026-06-20T09:04:10+00:00,2026-06-20T09:08:58+00:00,2026-06-15,qwen3:8b,ollama,0.0,42,4096,192,false,false,ollama_format_schema,mda_single_dimension_context_v2,2026-06-20T09:08:58+00:00,06_scoring/05_raw_model_outputs/mda_final_full/MDA_2658_AJI_2023_AR01_attempt_1.json,06_scoring/03_numeric_checks/mda_v2/MDA_2658_AJI_2023_numeric_checks.json,parsed,valid
MDA_2658_AJI_2023_AR02,MDA_2658_AJI_2023,mda,mda_disclosure_quality,mda_general_quality,initial,local_qwen3_8b,AR02,MD&A internal numeric consistency and traceability,3,1,5,0.25,50.0,12.5,[MDA_P001],[MDA_P001] MANAGEMENT DISCUSSION & ANALYSIS Inauguration of Effluent Treatment Management (SALAM) Corporate name was changed to Ajinomoto (Malaysia) Sdn Bhd Company name was changed to Ajinomoto (Malaysia) Berhad as the public company Comme,medium,"Python numeric_checker: Numeric checks are missing, and no financial figures are explained or traced.",none,2026-06-20T09:04:10+00:00,2026-06-20T09:08:58+00:00,2026-06-15,qwen3:8b,ollama,0.0,42,4096,192,false,false,ollama_format_schema,mda_single_dimension_context_v2,2026-06-20T09:08:58+00:00,06_scoring/05_raw_model_outputs/mda_final_full/MDA_2658_AJI_2023_AR02_attempt_1.json,06_scoring/03_numeric_checks/mda_v2/MDA_2658_AJI_2023_numeric_checks.json,parsed,valid
MDA_2658_AJI_2023_AR03,MDA_2658_AJI_2023,mda,mda_disclosure_quality,mda_general_quality,initial,local_qwen3_8b,AR03,Operating analysis specificity,2,1,5,0.3,25.0,7.5,[MDA_P001],[MDA_P001] MANAGEMENT DISCUSSION & ANALYSIS Inauguration of Effluent Treatment Management (SALAM) Corporate name was changed to Ajinomoto (Malaysia) Sdn Bhd Company name was changed to Ajinomoto (Malaysia) Berhad as the public company Comme,medium,Lacks detailed operating analysis specificity with no margin or segment discussion,none,2026-06-20T09:04:10+00:00,2026-06-20T09:08:58+00:00,2026-06-15,qwen3:8b,ollama,0.0,42,4096,192,false,false,ollama_format_schema,mda_single_dimension_context_v2,2026-06-20T09:08:58+00:00,06_scoring/05_raw_model_outputs/mda_final_full/MDA_2658_AJI_2023_AR03_attempt_1.json,06_scoring/03_numeric_checks/mda_v2/MDA_2658_AJI_2023_numeric_checks.json,parsed,valid
MDA_2658_AJI_2023_AR04,MDA_2658_AJI_2023,mda,mda_disclosure_quality,mda_general_quality,initial,local_qwen3_8b,AR04,MD&A internal risk and forward-looking disclosure,2,1,5,0.2,25.0,5.0,[MDA_P001],[MDA_P001] MANAGEMENT DISCUSSION & ANALYSIS Inauguration of Effluent Treatment Management (SALAM) Corporate name was changed to Ajinomoto (Malaysia) Sdn Bhd Company name was changed to Ajinomoto (Malaysia) Berhad as the public company Comme,medium,Lacks detailed risk and forward-looking disclosures required for AR04,none,2026-06-20T09:04:10+00:00,2026-06-20T09:08:58+00:00,2026-06-15,qwen3:8b,ollama,0.0,42,4096,192,false,false,ollama_format_schema,mda_single_dimension_context_v2,2026-06-20T09:08:58+00:00,06_scoring/05_raw_model_outputs/mda_final_full/MDA_2658_AJI_2023_AR04_attempt_1.json,06_scoring/03_numeric_checks/mda_v2/MDA_2658_AJI_2023_numeric_checks.json,parsed,valid
MDA_2658_AJI_2023_AR05,MDA_2658_AJI_2023,mda,mda_disclosure_quality,mda_general_quality,initial,local_qwen3_8b,AR05,MD&A readability and structural clarity,2,1,5,0.1,25.0,2.5,[MDA_P001],[MDA_P001] MANAGEMENT DISCUSSION & ANALYSIS Inauguration of Effluent Treatment Management (SALAM) Corporate name was changed to Ajinomoto (Malaysia) Sdn Bhd Company name was changed to Ajinomoto (Malaysia) Berhad as the public company Comme,medium,Lacks financial discussion and structural clarity,none,2026-06-20T09:04:10+00:00,2026-06-20T09:08:58+00:00,2026-06-15,qwen3:8b,ollama,0.0,42,4096,192,false,false,ollama_format_schema,mda_single_dimension_context_v2,2026-06-20T09:08:58+00:00,06_scoring/05_raw_model_outputs/mda_final_full/MDA_2658_AJI_2023_AR05_attempt_1.json,06_scoring/03_numeric_checks/mda_v2/MDA_2658_AJI_2023_numeric_checks.json,parsed,valid
MDA_2658_AJI_2024_AR01,MDA_2658_AJI_2024,mda,mda_disclosure_quality,mda_general_quality,initial,local_qwen3_8b,AR01,MD&A content completeness,2,1,5,0.15,25.0,3.75,[MDA_P001],[MDA_P001] MANAGEMENT DISCUSSION & ANALYSIS Inauguration of Effluent Treatment Management (SALAM) Corporate name was changed to Ajinomoto (Malaysia) Sdn Bhd Company name was changed to Ajinomoto (Malaysia) Berhad as the public company Comme,medium,"Lacks financial metrics and discussion on margins, which are critical for content completeness.",none,2026-06-20T09:04:52+00:00,2026-06-20T09:05:27+00:00,2026-06-15,qwen3:8b,ollama,0.0,42,4096,192,false,false,ollama_format_schema,mda_single_dimension_context_v2,2026-06-20T09:05:27+00:00,06_scoring/05_raw_model_outputs/mda_final_full/MDA_2658_AJI_2024_AR01_attempt_1.json,06_scoring/03_numeric_checks/mda_v2/MDA_2658_AJI_2024_numeric_checks.json,parsed,valid
MDA_2658_AJI_2024_AR02,MDA_2658_AJI_2024,mda,mda_disclosure_quality,mda_general_quality,initial,local_qwen3_8b,AR02,MD&A internal numeric consistency and traceability,3,1,5,0.25,50.0,12.5,[MDA_P037],[MDA_P037] AJINOMOTO (MALAYSIA) BERHAD 196101000252 (4295-W) Annual Report 2024 Management Discussion & Analysis (cont’d.) RM1092.8MIL TOTAL ASSETS RM636.4MIL REVENUE 660.25SEN EARNINGS PER SHARE 43.44% RETURN ON EQUITY 38.40SEN 212.00SEN O,medium,Python numeric_checker: Financial results lack numeric consistency and traceability with no calculable changes or consistent checks.,none,2026-06-20T09:04:52+00:00,2026-06-20T09:05:27+00:00,2026-06-15,qwen3:8b,ollama,0.0,42,4096,192,false,false,ollama_format_schema,mda_single_dimension_context_v2,2026-06-20T09:05:27+00:00,06_scoring/05_raw_model_outputs/mda_final_full/MDA_2658_AJI_2024_AR02_attempt_1.json,06_scoring/03_numeric_checks/mda_v2/MDA_2658_AJI_2024_numeric_checks.json,parsed,valid
MDA_2658_AJI_2024_AR03,MDA_2658_AJI_2024,mda,mda_disclosure_quality,mda_general_quality,initial,local_qwen3_8b,AR03,Operating analysis specificity,2,1,5,0.3,25.0,7.5,[MDA_P001],[MDA_P001] MANAGEMENT DISCUSSION & ANALYSIS Inauguration of Effluent Treatment Management (SALAM) Corporate name was changed to Ajinomoto (Malaysia) Sdn Bhd Company name was changed to Ajinomoto (Malaysia) Berhad as the public company Comme,medium,Lacks detailed operating analysis with no margin or cost discussion,none,2026-06-20T09:04:52+00:00,2026-06-20T09:05:27+00:00,2026-06-15,qwen3:8b,ollama,0.0,42,4096,192,false,false,ollama_format_schema,mda_single_dimension_context_v2,2026-06-20T09:05:27+00:00,06_scoring/05_raw_model_outputs/mda_final_full/MDA_2658_AJI_2024_AR03_attempt_1.json,06_scoring/03_numeric_checks/mda_v2/MDA_2658_AJI_2024_numeric_checks.json,parsed,valid
MDA_2658_AJI_2024_AR04,MDA_2658_AJI_2024,mda,mda_disclosure_quality,mda_general_quality,initial,local_qwen3_8b,AR04,MD&A internal risk and forward-looking disclosure,2,1,5,0.2,25.0,5.0,[MDA_P001],[MDA_P001] MANAGEMENT DISCUSSION & ANALYSIS Inauguration of Effluent Treatment Management (SALAM) Corporate name was changed to Ajinomoto (Malaysia) Sdn Bhd Company name was changed to Ajinomoto (Malaysia) Berhad as the public company Comme,medium,Lacks forward-looking statements and risk disclosures required for AR04,none,2026-06-20T09:04:52+00:00,2026-06-20T09:05:27+00:00,2026-06-15,qwen3:8b,ollama,0.0,42,4096,192,false,false,ollama_format_schema,mda_single_dimension_context_v2,2026-06-20T09:05:27+00:00,06_scoring/05_raw_model_outputs/mda_final_full/MDA_2658_AJI_2024_AR04_attempt_1.json,06_scoring/03_numeric_checks/mda_v2/MDA_2658_AJI_2024_numeric_checks.json,parsed,valid
MDA_2658_AJI_2024_AR05,MDA_2658_AJI_2024,mda,mda_disclosure_quality,mda_general_quality,initial,local_qwen3_8b,AR05,MD&A readability and structural clarity,2,1,5,0.1,25.0,2.5,[MDA_P001],[MDA_P001] MANAGEMENT DISCUSSION & ANALYSIS Inauguration of Effluent Treatment Management (SALAM) Corporate name was changed to Ajinomoto (Malaysia) Sdn Bhd Company name was changed to Ajinomoto (Malaysia) Berhad as the public company Comme,medium,Lacks structural clarity and readability with excessive listing of events without contextual explanation.,none,2026-06-20T09:04:52+00:00,2026-06-20T09:05:27+00:00,2026-06-15,qwen3:8b,ollama,0.0,42,4096,192,false,false,ollama_format_schema,mda_single_dimension_context_v2,2026-06-20T09:05:27+00:00,06_scoring/05_raw_model_outputs/mda_final_full/MDA_2658_AJI_2024_AR05_attempt_1.json,06_scoring/03_numeric_checks/mda_v2/MDA_2658_AJI_2024_numeric_checks.json,parsed,valid
MDA_2828_CIHLDG_2020_AR01,MDA_2828_CIHLDG_2020,mda,mda_disclosure_quality,mda_general_quality,initial,local_qwen3_8b,AR01,MD&A content completeness,5,1,5,0.15,100.0,15.0,[MDA_P001],"[MDA_P001] MANAGEMENT DISCUSSION AND ANALYSIS OVERVIEW OF GROUP’S BUSINESS AND OPERATIONS Company Profile The Group is divided into two main divisions, namely the Edible Oil Products Division and the Tap and Sanitary Ware Division. The form",medium,Comprehensive coverage of business operations and divisions with detailed descriptions,none,2026-06-20T09:05:27+00:00,2026-06-20T09:09:06+00:00,2026-06-15,qwen3:8b,ollama,0.0,42,4096,192,false,false,ollama_format_schema,mda_single_dimension_context_v2,2026-06-20T09:09:06+00:00,06_scoring/05_raw_model_outputs/mda_final_full/MDA_2828_CIHLDG_2020_AR01_attempt_1.json,06_scoring/03_numeric_checks/mda_v2/MDA_2828_CIHLDG_2020_numeric_checks.json,parsed,valid
MDA_2828_CIHLDG_2020_AR02,MDA_2828_CIHLDG_2020,mda,mda_disclosure_quality,mda_general_quality,initial,local_qwen3_8b,AR02,MD&A internal numeric consistency and traceability,4,1,5,0.25,75.0,18.75,[MDA_P001],"[MDA_P001] MANAGEMENT DISCUSSION AND ANALYSIS OVERVIEW OF GROUP’S BUSINESS AND OPERATIONS Company Profile The Group is divided into two main divisions, namely the Edible Oil Products Division and the Tap and Sanitary Ware Division. The form",medium,Python numeric_checker: numeric_check_summary indicates strong numeric consistency with no discrepancies,none,2026-06-20T09:05:27+00:00,2026-06-20T09:09:06+00:00,2026-06-15,qwen3:8b,ollama,0.0,42,4096,192,false,false,ollama_format_schema,mda_single_dimension_context_v2,2026-06-20T09:09:06+00:00,06_scoring/05_raw_model_outputs/mda_final_full/MDA_2828_CIHLDG_2020_AR02_attempt_1.json,06_scoring/03_numeric_checks/mda_v2/MDA_2828_CIHLDG_2020_numeric_checks.json,parsed,valid
MDA_2828_CIHLDG_2020_AR03,MDA_2828_CIHLDG_2020,mda,mda_disclosure_quality,mda_general_quality,initial,local_qwen3_8b,AR03,Operating analysis specificity,5,1,5,0.3,100.0,30.0,[MDA_P001],"[MDA_P001] MANAGEMENT DISCUSSION AND ANALYSIS OVERVIEW OF GROUP’S BUSINESS AND OPERATIONS Company Profile The Group is divided into two main divisions, namely the Edible Oil Products Division and the Tap and Sanitary Ware Division. The form",medium,Detailed discussion of operations and cost savings in edible oil division,none,2026-06-20T09:05:27+00:00,2026-06-20T09:09:06+00:00,2026-06-15,qwen3:8b,ollama,0.0,42,4096,192,false,false,ollama_format_schema,mda_single_dimension_context_v2,2026-06-20T09:09:06+00:00,06_scoring/05_raw_model_outputs/mda_final_full/MDA_2828_CIHLDG_2020_AR03_attempt_1.json,06_scoring/03_numeric_checks/mda_v2/MDA_2828_CIHLDG_2020_numeric_checks.json,parsed,valid
MDA_2828_CIHLDG_2020_AR04,MDA_2828_CIHLDG_2020,mda,mda_disclosure_quality,mda_general_quality,initial,local_qwen3_8b,AR04,MD&A internal risk and forward-looking disclosure,4,1,5,0.2,75.0,15.0,[MDA_P014],"[MDA_P014] MANAGEMENT DISCUSSION AND ANALYSIS (cont’d) ANTICIPATED OR KNOWN RISKS Foreign Exchange Risk The Group exports approximately 95% of its products worldwide each year, thereby increasing the risk of exposure to currency exchange. H",medium,"Discusses risks and mitigation strategies, including foreign exchange and country risk.",none,2026-06-20T09:05:27+00:00,2026-06-20T09:09:06+00:00,2026-06-15,qwen3:8b,ollama,0.0,42,4096,192,false,false,ollama_format_schema,mda_single_dimension_context_v2,2026-06-20T09:09:06+00:00,06_scoring/05_raw_model_outputs/mda_final_full/MDA_2828_CIHLDG_2020_AR04_attempt_1.json,06_scoring/03_numeric_checks/mda_v2/MDA_2828_CIHLDG_2020_numeric_checks.json,parsed,valid
MDA_2828_CIHLDG_2020_AR05,MDA_2828_CIHLDG_2020,mda,mda_disclosure_quality,mda_general_quality,initial,local_qwen3_8b,AR05,MD&A readability and structural clarity,4,1,5,0.1,75.0,7.5,[MDA_P001],"[MDA_P001] MANAGEMENT DISCUSSION AND ANALYSIS OVERVIEW OF GROUP’S BUSINESS AND OPERATIONS Company Profile The Group is divided into two main divisions, namely the Edible Oil Products Division and the Tap and Sanitary Ware Division. The form",medium,Clear structure and business overview with relevant details.,none,2026-06-20T09:05:27+00:00,2026-06-20T09:09:06+00:00,2026-06-15,qwen3:8b,ollama,0.0,42,4096,192,false,false,ollama_format_schema,mda_single_dimension_context_v2,2026-06-20T09:09:06+00:00,06_scoring/05_raw_model_outputs/mda_final_full/MDA_2828_CIHLDG_2020_AR05_attempt_1.json,06_scoring/03_numeric_checks/mda_v2/MDA_2828_CIHLDG_2020_numeric_checks.json,parsed,valid
MDA_2828_CIHLDG_2021_AR01,MDA_2828_CIHLDG_2021,mda,mda_disclosure_quality,mda_general_quality,initial,local_qwen3_8b,AR01,MD&A content completeness,5,1,5,0.15,100.0,15.0,[MDA_P001],[MDA_P001] Management Discussion And Analysis ANNUAL REPORT 2021 C.I. HOLDINGS BERHAD 197801000889 (37918-A),medium,Comprehensive financial and operational discussion with clear metrics and context,none,2026-06-20T09:09:06+00:00,2026-06-20T09:09:32+00:00,2026-06-15,qwen3:8b,ollama,0.0,42,4096,192,false,false,ollama_format_schema,mda_single_dimension_context_v2,2026-06-20T09:09:32+00:00,06_scoring/05_raw_model_outputs/mda_final_full/MDA_2828_CIHLDG_2021_AR01_attempt_1.json,06_scoring/03_numeric_checks/mda_v2/MDA_2828_CIHLDG_2021_numeric_checks.json,parsed,valid
MDA_2828_CIHLDG_2021_AR02,MDA_2828_CIHLDG_2021,mda,mda_disclosure_quality,mda_general_quality,initial,local_qwen3_8b,AR02,MD&A internal numeric consistency and traceability,4,1,5,0.25,75.0,18.75,[MDA_P001],[MDA_P001] Management Discussion And Analysis ANNUAL REPORT 2021 C.I. HOLDINGS BERHAD 197801000889 (37918-A),medium,Python numeric_checker: numeric_check_summary indicates strong numeric consistency with no discrepancies,none,2026-06-20T09:09:06+00:00,2026-06-20T09:09:32+00:00,2026-06-15,qwen3:8b,ollama,0.0,42,4096,192,false,false,ollama_format_schema,mda_single_dimension_context_v2,2026-06-20T09:09:32+00:00,06_scoring/05_raw_model_outputs/mda_final_full/MDA_2828_CIHLDG_2021_AR02_attempt_1.json,06_scoring/03_numeric_checks/mda_v2/MDA_2828_CIHLDG_2021_numeric_checks.json,parsed,valid
MDA_2828_CIHLDG_2021_AR03,MDA_2828_CIHLDG_2021,mda,mda_disclosure_quality,mda_general_quality,initial,local_qwen3_8b,AR03,Operating analysis specificity,5,1,5,0.3,100.0,30.0,[MDA_P002],"[MDA_P002] Highlights of our group’s financial information for the past 5 financial years Financial (in RM’000) Revenue 3,144,549 2,572,493 2,272,914 2,602,701 2,175,392 Profit before interest and tax 127,873 63,584 45,934 58,395 59,528 Fin",medium,Detailed revenue and profit analysis with clear explanations of factors affecting performance.,none,2026-06-20T09:09:06+00:00,2026-06-20T09:09:32+00:00,2026-06-15,qwen3:8b,ollama,0.0,42,4096,192,false,false,ollama_format_schema,mda_single_dimension_context_v2,2026-06-20T09:09:32+00:00,06_scoring/05_raw_model_outputs/mda_final_full/MDA_2828_CIHLDG_2021_AR03_attempt_1.json,06_scoring/03_numeric_checks/mda_v2/MDA_2828_CIHLDG_2021_numeric_checks.json,parsed,valid
MDA_2828_CIHLDG_2021_AR04,MDA_2828_CIHLDG_2021,mda,mda_disclosure_quality,mda_general_quality,initial,local_qwen3_8b,AR04,MD&A internal risk and forward-looking disclosure,5,1,5,0.2,100.0,20.0,[MDA_P011],"[MDA_P011] Anticipated Or Known Risks Foreign Exchange Risk The Group exports approximately 95% of its products worldwide each year, thereby increasing the risk of exposure to currency exchange. However, this risk is mitigated by way of for",medium,Discusses foreign exchange and country risks with mitigation strategies,none,2026-06-20T09:09:06+00:00,2026-06-20T09:09:32+00:00,2026-06-15,qwen3:8b,ollama,0.0,42,4096,192,false,false,ollama_format_schema,mda_single_dimension_context_v2,2026-06-20T09:09:32+00:00,06_scoring/05_raw_model_outputs/mda_final_full/MDA_2828_CIHLDG_2021_AR04_attempt_1.json,06_scoring/03_numeric_checks/mda_v2/MDA_2828_CIHLDG_2021_numeric_checks.json,parsed,valid
MDA_2828_CIHLDG_2021_AR05,MDA_2828_CIHLDG_2021,mda,mda_disclosure_quality,mda_general_quality,initial,local_qwen3_8b,AR05,MD&A readability and structural clarity,4,1,5,0.1,75.0,7.5,[MDA_P001],[MDA_P001] Management Discussion And Analysis ANNUAL REPORT 2021 C.I. HOLDINGS BERHAD 197801000889 (37918-A),medium,Clear structure with logical flow and concise explanations.,none,2026-06-20T09:09:06+00:00,2026-06-20T09:09:32+00:00,2026-06-15,qwen3:8b,ollama,0.0,42,4096,192,false,false,ollama_format_schema,mda_single_dimension_context_v2,2026-06-20T09:09:32+00:00,06_scoring/05_raw_model_outputs/mda_final_full/MDA_2828_CIHLDG_2021_AR05_attempt_1.json,06_scoring/03_numeric_checks/mda_v2/MDA_2828_CIHLDG_2021_numeric_checks.json,parsed,valid
MDA_2828_CIHLDG_2022_AR01,MDA_2828_CIHLDG_2022,mda,mda_disclosure_quality,mda_general_quality,initial,local_qwen3_8b,AR01,MD&A content completeness,5,1,5,0.15,100.0,15.0,[MDA_P001],"[MDA_P001] MANAGEMENT DISCUSSION AND ANALYSIS Overview Of Group’s Business And Operations Company Profile The Group is divided into two main divisions, being the Edible Oil Products Division and the Tap and Sanitary Ware Division. The Edibl",medium,Comprehensive overview of business operations and divisions with detailed financial context.,none,2026-06-20T09:09:32+00:00,2026-06-20T09:09:59+00:00,2026-06-15,qwen3:8b,ollama,0.0,42,4096,192,false,false,ollama_format_schema,mda_single_dimension_context_v2,2026-06-20T09:09:59+00:00,06_scoring/05_raw_model_outputs/mda_final_full/MDA_2828_CIHLDG_2022_AR01_attempt_1.json,06_scoring/03_numeric_checks/mda_v2/MDA_2828_CIHLDG_2022_numeric_checks.json,parsed,valid
MDA_2828_CIHLDG_2022_AR02,MDA_2828_CIHLDG_2022,mda,mda_disclosure_quality,mda_general_quality,initial,local_qwen3_8b,AR02,MD&A internal numeric consistency and traceability,4,1,5,0.25,75.0,18.75,[MDA_P001],"[MDA_P001] MANAGEMENT DISCUSSION AND ANALYSIS Overview Of Group’s Business And Operations Company Profile The Group is divided into two main divisions, being the Edible Oil Products Division and the Tap and Sanitary Ware Division. The Edibl",medium,Python numeric_checker: numeric_check_summary indicates strong numeric consistency with no discrepancies,none,2026-06-20T09:09:32+00:00,2026-06-20T09:09:59+00:00,2026-06-15,qwen3:8b,ollama,0.0,42,4096,192,false,false,ollama_format_schema,mda_single_dimension_context_v2,2026-06-20T09:09:59+00:00,06_scoring/05_raw_model_outputs/mda_final_full/MDA_2828_CIHLDG_2022_AR02_attempt_1.json,06_scoring/03_numeric_checks/mda_v2/MDA_2828_CIHLDG_2022_numeric_checks.json,parsed,valid
MDA_2828_CIHLDG_2022_AR03,MDA_2828_CIHLDG_2022,mda,mda_disclosure_quality,mda_general_quality,initial,local_qwen3_8b,AR03,Operating analysis specificity,5,1,5,0.3,100.0,30.0,[MDA_P001],"[MDA_P001] MANAGEMENT DISCUSSION AND ANALYSIS Overview Of Group’s Business And Operations Company Profile The Group is divided into two main divisions, being the Edible Oil Products Division and the Tap and Sanitary Ware Division. The Edibl",medium,Detailed breakdown of divisions and operations with specific financial metrics and strategic focus.,none,2026-06-20T09:09:32+00:00,2026-06-20T09:09:59+00:00,2026-06-15,qwen3:8b,ollama,0.0,42,4096,192,false,false,ollama_format_schema,mda_single_dimension_context_v2,2026-06-20T09:09:59+00:00,06_scoring/05_raw_model_outputs/mda_final_full/MDA_2828_CIHLDG_2022_AR03_attempt_1.json,06_scoring/03_numeric_checks/mda_v2/MDA_2828_CIHLDG_2022_numeric_checks.json,parsed,valid
MDA_2828_CIHLDG_2022_AR04,MDA_2828_CIHLDG_2022,mda,mda_disclosure_quality,mda_general_quality,initial,local_qwen3_8b,AR04,MD&A internal risk and forward-looking disclosure,5,1,5,0.2,100.0,20.0,[MDA_P013],[MDA_P013] ANNUAL REPORT 2022 C.I. HOLDINGS BERHAD 197801000889 (37918-A) MANAGEMENT DISCUSSION AND ANALYSIS (continued) Anticipated Or Known Risks Foreign Exchange Risk The Group exports approximately 95% of its products worldwide each yea,medium,Comprehensive risk and forward-looking disclosures with specific examples and mitigation strategies.,none,2026-06-20T09:09:32+00:00,2026-06-20T09:09:59+00:00,2026-06-15,qwen3:8b,ollama,0.0,42,4096,192,false,false,ollama_format_schema,mda_single_dimension_context_v2,2026-06-20T09:09:59+00:00,06_scoring/05_raw_model_outputs/mda_final_full/MDA_2828_CIHLDG_2022_AR04_attempt_1.json,06_scoring/03_numeric_checks/mda_v2/MDA_2828_CIHLDG_2022_numeric_checks.json,parsed,valid
MDA_2828_CIHLDG_2022_AR05,MDA_2828_CIHLDG_2022,mda,mda_disclosure_quality,mda_general_quality,initial,local_qwen3_8b,AR05,MD&A readability and structural clarity,4,1,5,0.1,75.0,7.5,[MDA_P001],"[MDA_P001] MANAGEMENT DISCUSSION AND ANALYSIS Overview Of Group’s Business And Operations Company Profile The Group is divided into two main divisions, being the Edible Oil Products Division and the Tap and Sanitary Ware Division. The Edibl",medium,Clear structure with business overview and operational details.,none,2026-06-20T09:09:32+00:00,2026-06-20T09:09:59+00:00,2026-06-15,qwen3:8b,ollama,0.0,42,4096,192,false,false,ollama_format_schema,mda_single_dimension_context_v2,2026-06-20T09:09:59+00:00,06_scoring/05_raw_model_outputs/mda_final_full/MDA_2828_CIHLDG_2022_AR05_attempt_1.json,06_scoring/03_numeric_checks/mda_v2/MDA_2828_CIHLDG_2022_numeric_checks.json,parsed,valid
MDA_2828_CIHLDG_2023_AR01,MDA_2828_CIHLDG_2023,mda,mda_disclosure_quality,mda_general_quality,initial,local_qwen3_8b,AR01,MD&A content completeness,5,1,5,0.15,100.0,15.0,[MDA_P001],[MDA_P001] MANAGEMENT DISCUSSION AND ANALYSIS (continued),medium,Comprehensive financial data and analysis provided for the past five years.,none,2026-06-20T09:09:59+00:00,2026-06-20T09:10:26+00:00,2026-06-15,qwen3:8b,ollama,0.0,42,4096,192,false,false,ollama_format_schema,mda_single_dimension_context_v2,2026-06-20T09:10:26+00:00,06_scoring/05_raw_model_outputs/mda_final_full/MDA_2828_CIHLDG_2023_AR01_attempt_1.json,06_scoring/03_numeric_checks/mda_v2/MDA_2828_CIHLDG_2023_numeric_checks.json,parsed,valid
MDA_2828_CIHLDG_2023_AR02,MDA_2828_CIHLDG_2023,mda,mda_disclosure_quality,mda_general_quality,initial,local_qwen3_8b,AR02,MD&A internal numeric consistency and traceability,4,1,5,0.25,75.0,18.75,[MDA_P002],[MDA_P002] ANNUAL REPORT 2023 C.I.,medium,Python numeric_checker: Numeric checks show strong consistency with no discrepancies.,none,2026-06-20T09:09:59+00:00,2026-06-20T09:10:26+00:00,2026-06-15,qwen3:8b,ollama,0.0,42,4096,192,false,false,ollama_format_schema,mda_single_dimension_context_v2,2026-06-20T09:10:26+00:00,06_scoring/05_raw_model_outputs/mda_final_full/MDA_2828_CIHLDG_2023_AR02_attempt_1.json,06_scoring/03_numeric_checks/mda_v2/MDA_2828_CIHLDG_2023_numeric_checks.json,parsed,valid
MDA_2828_CIHLDG_2023_AR03,MDA_2828_CIHLDG_2023,mda,mda_disclosure_quality,mda_general_quality,initial,local_qwen3_8b,AR03,Operating analysis specificity,5,1,5,0.3,100.0,30.0,[MDA_P003],"[MDA_P003] HOLDINGS BERHAD 197801000889 (37918-A) Highlights of the Group’s Financial Information for the Past 5 Financial Years Financial (in RM’000) Revenue 5,347,165 4,046,102 3,144,549 2,572,493 2,272,914 Earnings Before Interest And Ta",medium,Revenue and financial metrics are clearly presented with detailed historical data and explanations.,none,2026-06-20T09:09:59+00:00,2026-06-20T09:10:26+00:00,2026-06-15,qwen3:8b,ollama,0.0,42,4096,192,false,false,ollama_format_schema,mda_single_dimension_context_v2,2026-06-20T09:10:26+00:00,06_scoring/05_raw_model_outputs/mda_final_full/MDA_2828_CIHLDG_2023_AR03_attempt_1.json,06_scoring/03_numeric_checks/mda_v2/MDA_2828_CIHLDG_2023_numeric_checks.json,parsed,valid
MDA_2828_CIHLDG_2023_AR04,MDA_2828_CIHLDG_2023,mda,mda_disclosure_quality,mda_general_quality,initial,local_qwen3_8b,AR04,MD&A internal risk and forward-looking disclosure,4,1,5,0.2,75.0,15.0,[MDA_P009],[MDA_P009] ANNUAL REPORT 2023 C.I. HOLDINGS BERHAD 197801000889 (37918-A) ANTICIPATED OR KNOWN RISKS Foreign Exchange Risk The Group annually exports around 99% of its products worldwide. which increases exposure to currency exchange risk.,medium,Discusses foreign exchange and country risks with mitigation strategies.,none,2026-06-20T09:09:59+00:00,2026-06-20T09:10:26+00:00,2026-06-15,qwen3:8b,ollama,0.0,42,4096,192,false,false,ollama_format_schema,mda_single_dimension_context_v2,2026-06-20T09:10:26+00:00,06_scoring/05_raw_model_outputs/mda_final_full/MDA_2828_CIHLDG_2023_AR04_attempt_1.json,06_scoring/03_numeric_checks/mda_v2/MDA_2828_CIHLDG_2023_numeric_checks.json,parsed,valid
MDA_2828_CIHLDG_2023_AR05,MDA_2828_CIHLDG_2023,mda,mda_disclosure_quality,mda_general_quality,initial,local_qwen3_8b,AR05,MD&A readability and structural clarity,5,1,5,0.1,100.0,10.0,[MDA_P001],[MDA_P001] MANAGEMENT DISCUSSION AND ANALYSIS (continued),medium,"Clear explanation of PAT increase, expenses, and factors affecting financial performance.",none,2026-06-20T09:09:59+00:00,2026-06-20T09:10:26+00:00,2026-06-15,qwen3:8b,ollama,0.0,42,4096,192,false,false,ollama_format_schema,mda_single_dimension_context_v2,2026-06-20T09:10:26+00:00,06_scoring/05_raw_model_outputs/mda_final_full/MDA_2828_CIHLDG_2023_AR05_attempt_1.json,06_scoring/03_numeric_checks/mda_v2/MDA_2828_CIHLDG_2023_numeric_checks.json,parsed,valid
MDA_2828_CIHLDG_2024_AR01,MDA_2828_CIHLDG_2024,mda,mda_disclosure_quality,mda_general_quality,initial,local_qwen3_8b,AR01,MD&A content completeness,5,1,5,0.15,100.0,15.0,[MDA_P001],[MDA_P001] MANAGEMENT DISCUSSION AND ANALYSIS,medium,"Comprehensive coverage of mission, activities, markets, and strategies.",none,2026-06-20T09:10:26+00:00,2026-06-20T09:10:54+00:00,2026-06-15,qwen3:8b,ollama,0.0,42,4096,192,false,false,ollama_format_schema,mda_single_dimension_context_v2,2026-06-20T09:10:54+00:00,06_scoring/05_raw_model_outputs/mda_final_full/MDA_2828_CIHLDG_2024_AR01_attempt_1.json,06_scoring/03_numeric_checks/mda_v2/MDA_2828_CIHLDG_2024_numeric_checks.json,parsed,valid
MDA_2828_CIHLDG_2024_AR02,MDA_2828_CIHLDG_2024,mda,mda_disclosure_quality,mda_general_quality,initial,local_qwen3_8b,AR02,MD&A internal numeric consistency and traceability,2,1,5,0.25,25.0,6.25,[MDA_P006],[MDA_P006] The overall average for the year stood at RM4.70/USD. This is a 4.47% increase as against the previous financial year average of MYR 4.495 to 1 USD. The Group has successfully navigated global challenges by expanding its product,medium,Python numeric_checker: numeric_check_summary indicates a material discrepancy in margin calculation but lacks detailed explanation of the inconsistency.,none,2026-06-20T09:10:26+00:00,2026-06-20T09:10:54+00:00,2026-06-15,qwen3:8b,ollama,0.0,42,4096,192,false,false,ollama_format_schema,mda_single_dimension_context_v2,2026-06-20T09:10:54+00:00,06_scoring/05_raw_model_outputs/mda_final_full/MDA_2828_CIHLDG_2024_AR02_attempt_1.json,06_scoring/03_numeric_checks/mda_v2/MDA_2828_CIHLDG_2024_numeric_checks.json,parsed,valid
MDA_2828_CIHLDG_2024_AR03,MDA_2828_CIHLDG_2024,mda,mda_disclosure_quality,mda_general_quality,initial,local_qwen3_8b,AR03,Operating analysis specificity,4,1,5,0.3,75.0,22.5,[MDA_P005],[MDA_P005] ANNUAL REPORT 2024 C.I. HOLDINGS BERHAD 197801000889 (37918-A) REVIEW OF FINANCIAL RESULTS AND FINANCIAL CONDITION Revenue The Group recorded a decrease in revenue to RM3.90 billion for the financial year ended 30 June 2024 (“FY2,medium,Revenue analysis and factors affecting it are discussed with specific details.,none,2026-06-20T09:10:26+00:00,2026-06-20T09:10:54+00:00,2026-06-15,qwen3:8b,ollama,0.0,42,4096,192,false,false,ollama_format_schema,mda_single_dimension_context_v2,2026-06-20T09:10:54+00:00,06_scoring/05_raw_model_outputs/mda_final_full/MDA_2828_CIHLDG_2024_AR03_attempt_1.json,06_scoring/03_numeric_checks/mda_v2/MDA_2828_CIHLDG_2024_numeric_checks.json,parsed,valid
MDA_2828_CIHLDG_2024_AR04,MDA_2828_CIHLDG_2024,mda,mda_disclosure_quality,mda_general_quality,initial,local_qwen3_8b,AR04,MD&A internal risk and forward-looking disclosure,2,1,5,0.2,25.0,5.0,[MDA_P011],"[MDA_P011] ANTICIPATED OR KNOWN RISKS Foreign Exchange Risk The Group faces significant foreign exchange risks due to its extensive international operations, with approximately 95% of its products exported globally each year. This high leve",medium,Limited forward-looking disclosure on financial impacts of risks,none,2026-06-20T09:10:26+00:00,2026-06-20T09:10:54+00:00,2026-06-15,qwen3:8b,ollama,0.0,42,4096,192,false,false,ollama_format_schema,mda_single_dimension_context_v2,2026-06-20T09:10:54+00:00,06_scoring/05_raw_model_outputs/mda_final_full/MDA_2828_CIHLDG_2024_AR04_attempt_1.json,06_scoring/03_numeric_checks/mda_v2/MDA_2828_CIHLDG_2024_numeric_checks.json,parsed,valid
MDA_2828_CIHLDG_2024_AR05,MDA_2828_CIHLDG_2024,mda,mda_disclosure_quality,mda_general_quality,initial,local_qwen3_8b,AR05,MD&A readability and structural clarity,4,1,5,0.1,75.0,7.5,[MDA_P001],[MDA_P001] MANAGEMENT DISCUSSION AND ANALYSIS,medium,Clear explanation of financial changes with relevant context,none,2026-06-20T09:10:26+00:00,2026-06-20T09:10:54+00:00,2026-06-15,qwen3:8b,ollama,0.0,42,4096,192,false,false,ollama_format_schema,mda_single_dimension_context_v2,2026-06-20T09:10:54+00:00,06_scoring/05_raw_model_outputs/mda_final_full/MDA_2828_CIHLDG_2024_AR05_attempt_1.json,06_scoring/03_numeric_checks/mda_v2/MDA_2828_CIHLDG_2024_numeric_checks.json,parsed,valid
MDA_2836_CARLSBG_2020_AR01,MDA_2836_CARLSBG_2020,mda,mda_disclosure_quality,mda_general_quality,initial,local_qwen3_8b,AR01,MD&A content completeness,2,1,5,0.15,25.0,3.75,[MDA_P001],"[MDA_P001] MANAGEMENT DISCUSSION & ANALYSIS DEAR SHAREHOLDERS, HELLO EVERYONE. I HOPE THIS NOTE FINDS ALL OF YOU IN GOOD STEAD AND EXCELLENT HEALTH. STEFANO CLINI Managing Director of Carlsberg Malaysia Group The year 2020, long anticipated",medium,Lacks detailed financial analysis and focuses on operational challenges without quantitative context,none,2026-06-20T09:10:54+00:00,2026-06-20T09:11:20+00:00,2026-06-15,qwen3:8b,ollama,0.0,42,4096,192,false,false,ollama_format_schema,mda_single_dimension_context_v2,2026-06-20T09:11:20+00:00,06_scoring/05_raw_model_outputs/mda_final_full/MDA_2836_CARLSBG_2020_AR01_attempt_1.json,06_scoring/03_numeric_checks/mda_v2/MDA_2836_CARLSBG_2020_numeric_checks.json,parsed,valid
MDA_2836_CARLSBG_2020_AR02,MDA_2836_CARLSBG_2020,mda,mda_disclosure_quality,mda_general_quality,initial,local_qwen3_8b,AR02,MD&A internal numeric consistency and traceability,3,1,5,0.25,50.0,12.5,[MDA_P002],"[MDA_P002] We essentially suspended production and distribution in compliance with unprecedented restrictions, which led to business disruption. From the beginning, we began engaging with our stakeholders in earnest, communicating our effor",medium,Python numeric_checker: No numeric evidence provided for revenue or profit discussions despite mentions,none,2026-06-20T09:10:54+00:00,2026-06-20T09:11:20+00:00,2026-06-15,qwen3:8b,ollama,0.0,42,4096,192,false,false,ollama_format_schema,mda_single_dimension_context_v2,2026-06-20T09:11:20+00:00,06_scoring/05_raw_model_outputs/mda_final_full/MDA_2836_CARLSBG_2020_AR02_attempt_1.json,06_scoring/03_numeric_checks/mda_v2/MDA_2836_CARLSBG_2020_numeric_checks.json,parsed,valid
MDA_2836_CARLSBG_2020_AR03,MDA_2836_CARLSBG_2020,mda,mda_disclosure_quality,mda_general_quality,initial,local_qwen3_8b,AR03,Operating analysis specificity,2,1,5,0.3,25.0,7.5,[MDA_P001],"[MDA_P001] MANAGEMENT DISCUSSION & ANALYSIS DEAR SHAREHOLDERS, HELLO EVERYONE. I HOPE THIS NOTE FINDS ALL OF YOU IN GOOD STEAD AND EXCELLENT HEALTH. STEFANO CLINI Managing Director of Carlsberg Malaysia Group The year 2020, long anticipated",medium,"Lacks quantitative operating analysis, focuses on qualitative narrative",none,2026-06-20T09:10:54+00:00,2026-06-20T09:11:20+00:00,2026-06-15,qwen3:8b,ollama,0.0,42,4096,192,false,false,ollama_format_schema,mda_single_dimension_context_v2,2026-06-20T09:11:20+00:00,06_scoring/05_raw_model_outputs/mda_final_full/MDA_2836_CARLSBG_2020_AR03_attempt_1.json,06_scoring/03_numeric_checks/mda_v2/MDA_2836_CARLSBG_2020_numeric_checks.json,parsed,valid
MDA_2836_CARLSBG_2020_AR04,MDA_2836_CARLSBG_2020,mda,mda_disclosure_quality,mda_general_quality,initial,local_qwen3_8b,AR04,MD&A internal risk and forward-looking disclosure,2,1,5,0.2,25.0,5.0,[MDA_P002],"[MDA_P002] We essentially suspended production and distribution in compliance with unprecedented restrictions, which led to business disruption. From the beginning, we began engaging with our stakeholders in earnest, communicating our effor",medium,Limited discussion on internal risks and forward-looking disclosures.,none,2026-06-20T09:10:54+00:00,2026-06-20T09:11:20+00:00,2026-06-15,qwen3:8b,ollama,0.0,42,4096,192,false,false,ollama_format_schema,mda_single_dimension_context_v2,2026-06-20T09:11:20+00:00,06_scoring/05_raw_model_outputs/mda_final_full/MDA_2836_CARLSBG_2020_AR04_attempt_1.json,06_scoring/03_numeric_checks/mda_v2/MDA_2836_CARLSBG_2020_numeric_checks.json,parsed,valid
MDA_2836_CARLSBG_2020_AR05,MDA_2836_CARLSBG_2020,mda,mda_disclosure_quality,mda_general_quality,initial,local_qwen3_8b,AR05,MD&A readability and structural clarity,2,1,5,0.1,25.0,2.5,[MDA_P001],"[MDA_P001] MANAGEMENT DISCUSSION & ANALYSIS DEAR SHAREHOLDERS, HELLO EVERYONE. I HOPE THIS NOTE FINDS ALL OF YOU IN GOOD STEAD AND EXCELLENT HEALTH. STEFANO CLINI Managing Director of Carlsberg Malaysia Group The year 2020, long anticipated",medium,Lacks financial clarity and focuses on non-material events,none,2026-06-20T09:10:54+00:00,2026-06-20T09:11:20+00:00,2026-06-15,qwen3:8b,ollama,0.0,42,4096,192,false,false,ollama_format_schema,mda_single_dimension_context_v2,2026-06-20T09:11:20+00:00,06_scoring/05_raw_model_outputs/mda_final_full/MDA_2836_CARLSBG_2020_AR05_attempt_1.json,06_scoring/03_numeric_checks/mda_v2/MDA_2836_CARLSBG_2020_numeric_checks.json,parsed,valid
MDA_2836_CARLSBG_2021_AR01,MDA_2836_CARLSBG_2021,mda,mda_disclosure_quality,mda_general_quality,initial,local_qwen3_8b,AR01,MD&A content completeness,2,1,5,0.15,25.0,3.75,[MDA_P001],[MDA_P001] MANAGEMENT DISCUSSION & ANALYSIS CORPORATE STRATEGY: SAIL’22 OUR TWO ENABLERS OUR SEVEN STRATEGIC PRIORITIES OUR THREE STRATEGIC LEVERS DEFEND OUR LICENCE TO OPERATE CREATE A WINNING CULTURE STRENGTHEN THE CORE POSITION FOR GROWT,medium,Lacks detailed financial discussion and focuses on strategic priorities rather than comprehensive MD&A content.,none,2026-06-20T09:11:20+00:00,2026-06-20T09:11:46+00:00,2026-06-15,qwen3:8b,ollama,0.0,42,4096,192,false,false,ollama_format_schema,mda_single_dimension_context_v2,2026-06-20T09:11:46+00:00,06_scoring/05_raw_model_outputs/mda_final_full/MDA_2836_CARLSBG_2021_AR01_attempt_1.json,06_scoring/03_numeric_checks/mda_v2/MDA_2836_CARLSBG_2021_numeric_checks.json,parsed,valid
MDA_2836_CARLSBG_2021_AR02,MDA_2836_CARLSBG_2021,mda,mda_disclosure_quality,mda_general_quality,initial,local_qwen3_8b,AR02,MD&A internal numeric consistency and traceability,3,1,5,0.25,50.0,12.5,[MDA_P001],[MDA_P001] MANAGEMENT DISCUSSION & ANALYSIS CORPORATE STRATEGY: SAIL’22 OUR TWO ENABLERS OUR SEVEN STRATEGIC PRIORITIES OUR THREE STRATEGIC LEVERS DEFEND OUR LICENCE TO OPERATE CREATE A WINNING CULTURE STRENGTHEN THE CORE POSITION FOR GROWT,medium,Python numeric_checker: No numeric checks or consistency explained despite financial mentions,none,2026-06-20T09:11:20+00:00,2026-06-20T09:11:46+00:00,2026-06-15,qwen3:8b,ollama,0.0,42,4096,192,false,false,ollama_format_schema,mda_single_dimension_context_v2,2026-06-20T09:11:46+00:00,06_scoring/05_raw_model_outputs/mda_final_full/MDA_2836_CARLSBG_2021_AR02_attempt_1.json,06_scoring/03_numeric_checks/mda_v2/MDA_2836_CARLSBG_2021_numeric_checks.json,parsed,valid
MDA_2836_CARLSBG_2021_AR03,MDA_2836_CARLSBG_2021,mda,mda_disclosure_quality,mda_general_quality,initial,local_qwen3_8b,AR03,Operating analysis specificity,2,1,5,0.3,25.0,7.5,[MDA_P001],[MDA_P001] MANAGEMENT DISCUSSION & ANALYSIS CORPORATE STRATEGY: SAIL’22 OUR TWO ENABLERS OUR SEVEN STRATEGIC PRIORITIES OUR THREE STRATEGIC LEVERS DEFEND OUR LICENCE TO OPERATE CREATE A WINNING CULTURE STRENGTHEN THE CORE POSITION FOR GROWT,medium,Lacks detailed operating analysis metrics or financial performance breakdowns.,none,2026-06-20T09:11:20+00:00,2026-06-20T09:11:46+00:00,2026-06-15,qwen3:8b,ollama,0.0,42,4096,192,false,false,ollama_format_schema,mda_single_dimension_context_v2,2026-06-20T09:11:46+00:00,06_scoring/05_raw_model_outputs/mda_final_full/MDA_2836_CARLSBG_2021_AR03_attempt_1.json,06_scoring/03_numeric_checks/mda_v2/MDA_2836_CARLSBG_2021_numeric_checks.json,parsed,valid
MDA_2836_CARLSBG_2021_AR04,MDA_2836_CARLSBG_2021,mda,mda_disclosure_quality,mda_general_quality,initial,local_qwen3_8b,AR04,MD&A internal risk and forward-looking disclosure,2,1,5,0.2,25.0,5.0,[MDA_P005],[MDA_P005] Our Business Message from Our Leaders Creating Sustainable Value Delivering Strong Governance Financial Statements Other Information Commitment to Sustainability CARLSBERG BREWERY MALAYSIA BERHAD [196901000792 (9210-K)] MANAGEMEN,medium,Limited forward-looking disclosure on risks and financial impacts of pandemic restrictions.,none,2026-06-20T09:11:20+00:00,2026-06-20T09:11:46+00:00,2026-06-15,qwen3:8b,ollama,0.0,42,4096,192,false,false,ollama_format_schema,mda_single_dimension_context_v2,2026-06-20T09:11:46+00:00,06_scoring/05_raw_model_outputs/mda_final_full/MDA_2836_CARLSBG_2021_AR04_attempt_1.json,06_scoring/03_numeric_checks/mda_v2/MDA_2836_CARLSBG_2021_numeric_checks.json,parsed,valid
MDA_2836_CARLSBG_2021_AR05,MDA_2836_CARLSBG_2021,mda,mda_disclosure_quality,mda_general_quality,initial,local_qwen3_8b,AR05,MD&A readability and structural clarity,2,1,5,0.1,25.0,2.5,[MDA_P001],[MDA_P001] MANAGEMENT DISCUSSION & ANALYSIS CORPORATE STRATEGY: SAIL’22 OUR TWO ENABLERS OUR SEVEN STRATEGIC PRIORITIES OUR THREE STRATEGIC LEVERS DEFEND OUR LICENCE TO OPERATE CREATE A WINNING CULTURE STRENGTHEN THE CORE POSITION FOR GROWT,medium,Section headings are unclear and lack structure.,none,2026-06-20T09:11:20+00:00,2026-06-20T09:11:46+00:00,2026-06-15,qwen3:8b,ollama,0.0,42,4096,192,false,false,ollama_format_schema,mda_single_dimension_context_v2,2026-06-20T09:11:46+00:00,06_scoring/05_raw_model_outputs/mda_final_full/MDA_2836_CARLSBG_2021_AR05_attempt_1.json,06_scoring/03_numeric_checks/mda_v2/MDA_2836_CARLSBG_2021_numeric_checks.json,parsed,valid
MDA_2836_CARLSBG_2022_AR01,MDA_2836_CARLSBG_2022,mda,mda_disclosure_quality,mda_general_quality,initial,local_qwen3_8b,AR01,MD&A content completeness,4,1,5,0.15,75.0,11.25,[MDA_P001],[MDA_P001] MANAGEMENT DISCUSSION AND ANALYSIS CORPORATE STRATEGY: SAIL’22 OUR TWO ENABLERS OUR SEVEN STRATEGIC PRIORITIES OUR THREE STRATEGIC LEVERS CREATE A WINNING CULTURE STRENGTHEN THE CORE ‘Grow in Mainstream’ with Carlsberg Danish Pil,medium,"Discusses strategic priorities, risks, and operational goals with sufficient detail.",none,2026-06-20T09:11:46+00:00,2026-06-20T09:12:12+00:00,2026-06-15,qwen3:8b,ollama,0.0,42,4096,192,false,false,ollama_format_schema,mda_single_dimension_context_v2,2026-06-20T09:12:12+00:00,06_scoring/05_raw_model_outputs/mda_final_full/MDA_2836_CARLSBG_2022_AR01_attempt_1.json,06_scoring/03_numeric_checks/mda_v2/MDA_2836_CARLSBG_2022_numeric_checks.json,parsed,valid
MDA_2836_CARLSBG_2022_AR02,MDA_2836_CARLSBG_2022,mda,mda_disclosure_quality,mda_general_quality,initial,local_qwen3_8b,AR02,MD&A internal numeric consistency and traceability,3,1,5,0.25,50.0,12.5,[MDA_P001],[MDA_P001] MANAGEMENT DISCUSSION AND ANALYSIS CORPORATE STRATEGY: SAIL’22 OUR TWO ENABLERS OUR SEVEN STRATEGIC PRIORITIES OUR THREE STRATEGIC LEVERS CREATE A WINNING CULTURE STRENGTHEN THE CORE ‘Grow in Mainstream’ with Carlsberg Danish Pil,medium,Python numeric_checker: numeric_check_summary indicates not enough numbers for consistency checks,none,2026-06-20T09:11:46+00:00,2026-06-20T09:12:12+00:00,2026-06-15,qwen3:8b,ollama,0.0,42,4096,192,false,false,ollama_format_schema,mda_single_dimension_context_v2,2026-06-20T09:12:12+00:00,06_scoring/05_raw_model_outputs/mda_final_full/MDA_2836_CARLSBG_2022_AR02_attempt_1.json,06_scoring/03_numeric_checks/mda_v2/MDA_2836_CARLSBG_2022_numeric_checks.json,parsed,valid
MDA_2836_CARLSBG_2022_AR03,MDA_2836_CARLSBG_2022,mda,mda_disclosure_quality,mda_general_quality,initial,local_qwen3_8b,AR03,Operating analysis specificity,2,1,5,0.3,25.0,7.5,[MDA_P001],[MDA_P001] MANAGEMENT DISCUSSION AND ANALYSIS CORPORATE STRATEGY: SAIL’22 OUR TWO ENABLERS OUR SEVEN STRATEGIC PRIORITIES OUR THREE STRATEGIC LEVERS CREATE A WINNING CULTURE STRENGTHEN THE CORE ‘Grow in Mainstream’ with Carlsberg Danish Pil,medium,Lacks specific operating analysis metrics or data points.,none,2026-06-20T09:11:46+00:00,2026-06-20T09:12:12+00:00,2026-06-15,qwen3:8b,ollama,0.0,42,4096,192,false,false,ollama_format_schema,mda_single_dimension_context_v2,2026-06-20T09:12:12+00:00,06_scoring/05_raw_model_outputs/mda_final_full/MDA_2836_CARLSBG_2022_AR03_attempt_1.json,06_scoring/03_numeric_checks/mda_v2/MDA_2836_CARLSBG_2022_numeric_checks.json,parsed,valid
MDA_2836_CARLSBG_2022_AR04,MDA_2836_CARLSBG_2022,mda,mda_disclosure_quality,mda_general_quality,initial,local_qwen3_8b,AR04,MD&A internal risk and forward-looking disclosure,2,1,5,0.2,25.0,5.0,[MDA_P013],"[MDA_P013] WHO WE ARE SAILING FORWARD PRIORITIES AND COMMITMENTS FINANCIAL STATEMENTS OTHER INFORMATION CARLSBERG BREWERY MALAYSIA BERHAD [196901000792 (9210-K)] LEADERSHIP CREATING SUSTAINABLE VALUE In 2022, we started planning for the imp",medium,Limited discussion on internal risks and forward-looking strategies.,none,2026-06-20T09:11:46+00:00,2026-06-20T09:12:12+00:00,2026-06-15,qwen3:8b,ollama,0.0,42,4096,192,false,false,ollama_format_schema,mda_single_dimension_context_v2,2026-06-20T09:12:12+00:00,06_scoring/05_raw_model_outputs/mda_final_full/MDA_2836_CARLSBG_2022_AR04_attempt_1.json,06_scoring/03_numeric_checks/mda_v2/MDA_2836_CARLSBG_2022_numeric_checks.json,parsed,valid
MDA_2836_CARLSBG_2022_AR05,MDA_2836_CARLSBG_2022,mda,mda_disclosure_quality,mda_general_quality,initial,local_qwen3_8b,AR05,MD&A readability and structural clarity,2,1,5,0.1,25.0,2.5,[MDA_P001],[MDA_P001] MANAGEMENT DISCUSSION AND ANALYSIS CORPORATE STRATEGY: SAIL’22 OUR TWO ENABLERS OUR SEVEN STRATEGIC PRIORITIES OUR THREE STRATEGIC LEVERS CREATE A WINNING CULTURE STRENGTHEN THE CORE ‘Grow in Mainstream’ with Carlsberg Danish Pil,medium,Lack of clear structure and excessive use of jargon reduces readability.,none,2026-06-20T09:11:46+00:00,2026-06-20T09:12:12+00:00,2026-06-15,qwen3:8b,ollama,0.0,42,4096,192,false,false,ollama_format_schema,mda_single_dimension_context_v2,2026-06-20T09:12:12+00:00,06_scoring/05_raw_model_outputs/mda_final_full/MDA_2836_CARLSBG_2022_AR05_attempt_1.json,06_scoring/03_numeric_checks/mda_v2/MDA_2836_CARLSBG_2022_numeric_checks.json,parsed,valid
MDA_2836_CARLSBG_2023_AR01,MDA_2836_CARLSBG_2023,mda,mda_disclosure_quality,mda_general_quality,initial,local_qwen3_8b,AR01,MD&A content completeness,2,1,5,0.15,25.0,3.75,[MDA_P001],"[MDA_P001] MANAGEMENT DISCUSSION AND ANALYSIS In embarking on the transition journey of our corporate strategy from SAIL’22 to SAIL'27 in 2023, Carlsberg Malaysia Group (the Group) remains steadfast in implementing the four strategic levers",medium,Lacks financial discussion and numeric details relevant to MD&A content completeness,none,2026-06-20T09:12:12+00:00,2026-06-20T09:12:26+00:00,2026-06-15,qwen3:8b,ollama,0.0,42,4096,192,false,false,ollama_format_schema,mda_single_dimension_context_v2,2026-06-20T09:12:26+00:00,06_scoring/05_raw_model_outputs/mda_final_full/MDA_2836_CARLSBG_2023_AR01_attempt_1.json,06_scoring/03_numeric_checks/mda_v2/MDA_2836_CARLSBG_2023_numeric_checks.json,parsed,valid
MDA_2836_CARLSBG_2023_AR02,MDA_2836_CARLSBG_2023,mda,mda_disclosure_quality,mda_general_quality,initial,local_qwen3_8b,AR02,MD&A internal numeric consistency and traceability,3,1,5,0.25,50.0,12.5,[MDA_P002],"[MDA_P002] financial targets, and a commitment to sustainability, responsibility and creating long-term value. Sharpening Our Focus for Future Growth SAIL'27 encapsulates four key strategic levers, each designed to prepare the Group to be m",medium,Python numeric_checker: No numeric checks or consistency discussed in the selected paragraphs.,none,2026-06-20T09:12:12+00:00,2026-06-20T09:12:26+00:00,2026-06-15,qwen3:8b,ollama,0.0,42,4096,192,false,false,ollama_format_schema,mda_single_dimension_context_v2,2026-06-20T09:12:26+00:00,06_scoring/05_raw_model_outputs/mda_final_full/MDA_2836_CARLSBG_2023_AR02_attempt_1.json,06_scoring/03_numeric_checks/mda_v2/MDA_2836_CARLSBG_2023_numeric_checks.json,parsed,valid
MDA_2836_CARLSBG_2023_AR03,MDA_2836_CARLSBG_2023,mda,mda_disclosure_quality,mda_general_quality,initial,local_qwen3_8b,AR03,Operating analysis specificity,2,1,5,0.3,25.0,7.5,[MDA_P003],"[MDA_P003] financial dynamics. The four levers are enhancing our portfolio choices, constantly executing with excellence, driving a winning culture, and ensuring sustainable funding for our journey. Each of these levers are supported by pri",medium,Limited financial analysis with no numeric data or margin discussion,none,2026-06-20T09:12:12+00:00,2026-06-20T09:12:26+00:00,2026-06-15,qwen3:8b,ollama,0.0,42,4096,192,false,false,ollama_format_schema,mda_single_dimension_context_v2,2026-06-20T09:12:26+00:00,06_scoring/05_raw_model_outputs/mda_final_full/MDA_2836_CARLSBG_2023_AR03_attempt_1.json,06_scoring/03_numeric_checks/mda_v2/MDA_2836_CARLSBG_2023_numeric_checks.json,parsed,valid
MDA_2836_CARLSBG_2023_AR04,MDA_2836_CARLSBG_2023,mda,mda_disclosure_quality,mda_general_quality,initial,local_qwen3_8b,AR04,MD&A internal risk and forward-looking disclosure,2,1,5,0.2,25.0,5.0,[MDA_P001],"[MDA_P001] MANAGEMENT DISCUSSION AND ANALYSIS In embarking on the transition journey of our corporate strategy from SAIL’22 to SAIL'27 in 2023, Carlsberg Malaysia Group (the Group) remains steadfast in implementing the four strategic levers",medium,Lacks specific risk and forward-looking financial disclosures.,none,2026-06-20T09:12:12+00:00,2026-06-20T09:12:26+00:00,2026-06-15,qwen3:8b,ollama,0.0,42,4096,192,false,false,ollama_format_schema,mda_single_dimension_context_v2,2026-06-20T09:12:26+00:00,06_scoring/05_raw_model_outputs/mda_final_full/MDA_2836_CARLSBG_2023_AR04_attempt_1.json,06_scoring/03_numeric_checks/mda_v2/MDA_2836_CARLSBG_2023_numeric_checks.json,parsed,valid
MDA_2836_CARLSBG_2023_AR05,MDA_2836_CARLSBG_2023,mda,mda_disclosure_quality,mda_general_quality,initial,local_qwen3_8b,AR05,MD&A readability and structural clarity,2,1,5,0.1,25.0,2.5,[MDA_P001],"[MDA_P001] MANAGEMENT DISCUSSION AND ANALYSIS In embarking on the transition journey of our corporate strategy from SAIL’22 to SAIL'27 in 2023, Carlsberg Malaysia Group (the Group) remains steadfast in implementing the four strategic levers",medium,Lacks financial discussion and focuses on strategic goals without clear structural clarity,none,2026-06-20T09:12:12+00:00,2026-06-20T09:12:26+00:00,2026-06-15,qwen3:8b,ollama,0.0,42,4096,192,false,false,ollama_format_schema,mda_single_dimension_context_v2,2026-06-20T09:12:26+00:00,06_scoring/05_raw_model_outputs/mda_final_full/MDA_2836_CARLSBG_2023_AR05_attempt_1.json,06_scoring/03_numeric_checks/mda_v2/MDA_2836_CARLSBG_2023_numeric_checks.json,parsed,valid
MDA_2836_CARLSBG_2024_AR01,MDA_2836_CARLSBG_2024,mda,mda_disclosure_quality,mda_general_quality,initial,local_qwen3_8b,AR01,MD&A content completeness,2,1,5,0.15,25.0,3.75,[MDA_P001],"[MDA_P001] MANAGEMENT DISCUSSION AND ANALYSIS Through Portfolio Choices, we are sharpening our focus on premiumisation, innovation and strengthening core beer offerings. Investments in premium brands, Alcohol-Free Brews and Beyond Beer cate",medium,Lacks detailed financial discussion and quantitative analysis required for completeness,none,2026-06-20T09:12:26+00:00,2026-06-20T09:12:40+00:00,2026-06-15,qwen3:8b,ollama,0.0,42,4096,192,false,false,ollama_format_schema,mda_single_dimension_context_v2,2026-06-20T09:12:40+00:00,06_scoring/05_raw_model_outputs/mda_final_full/MDA_2836_CARLSBG_2024_AR01_attempt_1.json,06_scoring/03_numeric_checks/mda_v2/MDA_2836_CARLSBG_2024_numeric_checks.json,parsed,valid
MDA_2836_CARLSBG_2024_AR02,MDA_2836_CARLSBG_2024,mda,mda_disclosure_quality,mda_general_quality,initial,local_qwen3_8b,AR02,MD&A internal numeric consistency and traceability,3,1,5,0.25,50.0,12.5,[MDA_P001],"[MDA_P001] MANAGEMENT DISCUSSION AND ANALYSIS Through Portfolio Choices, we are sharpening our focus on premiumisation, innovation and strengthening core beer offerings. Investments in premium brands, Alcohol-Free Brews and Beyond Beer cate",medium,Python numeric_checker: No numeric checks or consistency discussed in the text.,none,2026-06-20T09:12:26+00:00,2026-06-20T09:12:40+00:00,2026-06-15,qwen3:8b,ollama,0.0,42,4096,192,false,false,ollama_format_schema,mda_single_dimension_context_v2,2026-06-20T09:12:40+00:00,06_scoring/05_raw_model_outputs/mda_final_full/MDA_2836_CARLSBG_2024_AR02_attempt_1.json,06_scoring/03_numeric_checks/mda_v2/MDA_2836_CARLSBG_2024_numeric_checks.json,parsed,valid
MDA_2836_CARLSBG_2024_AR03,MDA_2836_CARLSBG_2024,mda,mda_disclosure_quality,mda_general_quality,initial,local_qwen3_8b,AR03,Operating analysis specificity,2,1,5,0.3,25.0,7.5,[MDA_P001],"[MDA_P001] MANAGEMENT DISCUSSION AND ANALYSIS Through Portfolio Choices, we are sharpening our focus on premiumisation, innovation and strengthening core beer offerings. Investments in premium brands, Alcohol-Free Brews and Beyond Beer cate",medium,"Lacks specific operating analysis details, focusing on strategic goals rather than operational metrics or performance drivers.",none,2026-06-20T09:12:26+00:00,2026-06-20T09:12:40+00:00,2026-06-15,qwen3:8b,ollama,0.0,42,4096,192,false,false,ollama_format_schema,mda_single_dimension_context_v2,2026-06-20T09:12:40+00:00,06_scoring/05_raw_model_outputs/mda_final_full/MDA_2836_CARLSBG_2024_AR03_attempt_1.json,06_scoring/03_numeric_checks/mda_v2/MDA_2836_CARLSBG_2024_numeric_checks.json,parsed,valid
MDA_2836_CARLSBG_2024_AR04,MDA_2836_CARLSBG_2024,mda,mda_disclosure_quality,mda_general_quality,initial,local_qwen3_8b,AR04,MD&A internal risk and forward-looking disclosure,2,1,5,0.2,25.0,5.0,[MDA_P001],"[MDA_P001] MANAGEMENT DISCUSSION AND ANALYSIS Through Portfolio Choices, we are sharpening our focus on premiumisation, innovation and strengthening core beer offerings. Investments in premium brands, Alcohol-Free Brews and Beyond Beer cate",medium,Lacks specific risk and forward-looking disclosures required for AR04,none,2026-06-20T09:12:26+00:00,2026-06-20T09:12:40+00:00,2026-06-15,qwen3:8b,ollama,0.0,42,4096,192,false,false,ollama_format_schema,mda_single_dimension_context_v2,2026-06-20T09:12:40+00:00,06_scoring/05_raw_model_outputs/mda_final_full/MDA_2836_CARLSBG_2024_AR04_attempt_1.json,06_scoring/03_numeric_checks/mda_v2/MDA_2836_CARLSBG_2024_numeric_checks.json,parsed,valid
MDA_2836_CARLSBG_2024_AR05,MDA_2836_CARLSBG_2024,mda,mda_disclosure_quality,mda_general_quality,initial,local_qwen3_8b,AR05,MD&A readability and structural clarity,2,1,5,0.1,25.0,2.5,[MDA_P001],"[MDA_P001] MANAGEMENT DISCUSSION AND ANALYSIS Through Portfolio Choices, we are sharpening our focus on premiumisation, innovation and strengthening core beer offerings. Investments in premium brands, Alcohol-Free Brews and Beyond Beer cate",medium,Lacks detailed financial analysis and clarity in discussing key metrics.,none,2026-06-20T09:12:26+00:00,2026-06-20T09:12:40+00:00,2026-06-15,qwen3:8b,ollama,0.0,42,4096,192,false,false,ollama_format_schema,mda_single_dimension_context_v2,2026-06-20T09:12:40+00:00,06_scoring/05_raw_model_outputs/mda_final_full/MDA_2836_CARLSBG_2024_AR05_attempt_1.json,06_scoring/03_numeric_checks/mda_v2/MDA_2836_CARLSBG_2024_numeric_checks.json,parsed,valid
MDA_3026_DLADY_2020_AR01,MDA_3026_DLADY_2020,mda,mda_disclosure_quality,mda_general_quality,initial,local_qwen3_8b,AR01,MD&A content completeness,2,1,5,0.15,25.0,3.75,[MDA_P001],"[MDA_P001] MANAGEMENT DISCUSSION & ANALYSIS Number 1 position in Liquid Milk. In line with DLMI’s purpose to Nourish our Nation from Grass to Glass, the business successfully overcame multiple challenges throughout 2020. 66 SKUs which make",medium,Lacks financial metrics and discussion on margins,none,2026-06-20T09:12:40+00:00,2026-06-20T09:13:05+00:00,2026-06-15,qwen3:8b,ollama,0.0,42,4096,192,false,false,ollama_format_schema,mda_single_dimension_context_v2,2026-06-20T09:13:05+00:00,06_scoring/05_raw_model_outputs/mda_final_full/MDA_3026_DLADY_2020_AR01_attempt_1.json,06_scoring/03_numeric_checks/mda_v2/MDA_3026_DLADY_2020_numeric_checks.json,parsed,valid
MDA_3026_DLADY_2020_AR02,MDA_3026_DLADY_2020,mda,mda_disclosure_quality,mda_general_quality,initial,local_qwen3_8b,AR02,MD&A internal numeric consistency and traceability,3,1,5,0.25,50.0,12.5,[MDA_P001],"[MDA_P001] MANAGEMENT DISCUSSION & ANALYSIS Number 1 position in Liquid Milk. In line with DLMI’s purpose to Nourish our Nation from Grass to Glass, the business successfully overcame multiple challenges throughout 2020. 66 SKUs which make",medium,"Python numeric_checker: numeric_check_summary indicates not enough numbers, but text mentions percentages and growth rates without explanation",none,2026-06-20T09:12:40+00:00,2026-06-20T09:13:05+00:00,2026-06-15,qwen3:8b,ollama,0.0,42,4096,192,false,false,ollama_format_schema,mda_single_dimension_context_v2,2026-06-20T09:13:05+00:00,06_scoring/05_raw_model_outputs/mda_final_full/MDA_3026_DLADY_2020_AR02_attempt_1.json,06_scoring/03_numeric_checks/mda_v2/MDA_3026_DLADY_2020_numeric_checks.json,parsed,valid
MDA_3026_DLADY_2020_AR03,MDA_3026_DLADY_2020,mda,mda_disclosure_quality,mda_general_quality,initial,local_qwen3_8b,AR03,Operating analysis specificity,2,1,5,0.3,25.0,7.5,[MDA_P007],"[MDA_P007] MANAGEMENT DISCUSSION & ANALYSIS For our Specialised Nutrition portfolio, our Growing Up Milk segment had performed well ahead of the category. We continue to see growth in penetration of Growing Up Milk to 24.4% (+1.2pp vs 2019,",medium,Lacks detailed operating analysis metrics or specific financial performance breakdowns.,none,2026-06-20T09:12:40+00:00,2026-06-20T09:13:05+00:00,2026-06-15,qwen3:8b,ollama,0.0,42,4096,192,false,false,ollama_format_schema,mda_single_dimension_context_v2,2026-06-20T09:13:05+00:00,06_scoring/05_raw_model_outputs/mda_final_full/MDA_3026_DLADY_2020_AR03_attempt_1.json,06_scoring/03_numeric_checks/mda_v2/MDA_3026_DLADY_2020_numeric_checks.json,parsed,valid
MDA_3026_DLADY_2020_AR04,MDA_3026_DLADY_2020,mda,mda_disclosure_quality,mda_general_quality,initial,local_qwen3_8b,AR04,MD&A internal risk and forward-looking disclosure,2,1,5,0.2,25.0,5.0,[MDA_P002],"[MDA_P002] obesity and stunting, especially amongst children. Beyond providing innovative products to better suit the dietary needs of Malaysians, DLMI has raised the awareness of the dual burden issues via multiple platforms leveraging on",medium,Lacks specific forward-looking financial disclosures required for AR04,none,2026-06-20T09:12:40+00:00,2026-06-20T09:13:05+00:00,2026-06-15,qwen3:8b,ollama,0.0,42,4096,192,false,false,ollama_format_schema,mda_single_dimension_context_v2,2026-06-20T09:13:05+00:00,06_scoring/05_raw_model_outputs/mda_final_full/MDA_3026_DLADY_2020_AR04_attempt_1.json,06_scoring/03_numeric_checks/mda_v2/MDA_3026_DLADY_2020_numeric_checks.json,parsed,valid
MDA_3026_DLADY_2020_AR05,MDA_3026_DLADY_2020,mda,mda_disclosure_quality,mda_general_quality,initial,local_qwen3_8b,AR05,MD&A readability and structural clarity,2,1,5,0.1,25.0,2.5,[MDA_P001],"[MDA_P001] MANAGEMENT DISCUSSION & ANALYSIS Number 1 position in Liquid Milk. In line with DLMI’s purpose to Nourish our Nation from Grass to Glass, the business successfully overcame multiple challenges throughout 2020. 66 SKUs which make",medium,Lacks financial discussion and focuses on non-material operational details.,none,2026-06-20T09:12:40+00:00,2026-06-20T09:13:05+00:00,2026-06-15,qwen3:8b,ollama,0.0,42,4096,192,false,false,ollama_format_schema,mda_single_dimension_context_v2,2026-06-20T09:13:05+00:00,06_scoring/05_raw_model_outputs/mda_final_full/MDA_3026_DLADY_2020_AR05_attempt_1.json,06_scoring/03_numeric_checks/mda_v2/MDA_3026_DLADY_2020_numeric_checks.json,parsed,valid
MDA_3026_DLADY_2021_AR01,MDA_3026_DLADY_2021,mda,mda_disclosure_quality,mda_general_quality,initial,local_qwen3_8b,AR01,MD&A content completeness,2,1,5,0.15,25.0,3.75,[MDA_P001],"[MDA_P001] MANAGEMENT DISCUSSION & ANALYSIS Datin Seri Sunita Mei-Lin Rajakumar Chairperson Ramjeet Kaur Virik Executive Director Distributing over 180,000 milk packs to key frontliners and partnered various Non-Government Organisations, Ke",medium,Lacks detailed financial analysis and quantitative metrics required for completeness.,none,2026-06-20T09:13:05+00:00,2026-06-20T09:13:30+00:00,2026-06-15,qwen3:8b,ollama,0.0,42,4096,192,false,false,ollama_format_schema,mda_single_dimension_context_v2,2026-06-20T09:13:30+00:00,06_scoring/05_raw_model_outputs/mda_final_full/MDA_3026_DLADY_2021_AR01_attempt_1.json,06_scoring/03_numeric_checks/mda_v2/MDA_3026_DLADY_2021_numeric_checks.json,parsed,valid
MDA_3026_DLADY_2021_AR02,MDA_3026_DLADY_2021,mda,mda_disclosure_quality,mda_general_quality,initial,local_qwen3_8b,AR02,MD&A internal numeric consistency and traceability,3,1,5,0.25,50.0,12.5,[MDA_P006],[MDA_P006] Environmental Sustainability DLMI is constantly working to reduce our environmental footprint. Efforts to care for our environment are practiced every day across our business for example through purchasing 100% green electricity.,medium,"Python numeric_checker: numeric_check_summary indicates not enough numbers, but financial mentions are present without calculable changes or consistency checks",none,2026-06-20T09:13:05+00:00,2026-06-20T09:13:30+00:00,2026-06-15,qwen3:8b,ollama,0.0,42,4096,192,false,false,ollama_format_schema,mda_single_dimension_context_v2,2026-06-20T09:13:30+00:00,06_scoring/05_raw_model_outputs/mda_final_full/MDA_3026_DLADY_2021_AR02_attempt_1.json,06_scoring/03_numeric_checks/mda_v2/MDA_3026_DLADY_2021_numeric_checks.json,parsed,valid
MDA_3026_DLADY_2021_AR03,MDA_3026_DLADY_2021,mda,mda_disclosure_quality,mda_general_quality,initial,local_qwen3_8b,AR03,Operating analysis specificity,2,1,5,0.3,25.0,7.5,[MDA_P018],"[MDA_P018] While we have been true to our purpose in Nourishing Malaysian, 2021 has really been the year where that purpose is clearly brought to live. Movement Control Orders (MCO) has changed the way consumer consume and perceive dairy. N",medium,Discussion lacks specific operating metrics or ratios,none,2026-06-20T09:13:05+00:00,2026-06-20T09:13:30+00:00,2026-06-15,qwen3:8b,ollama,0.0,42,4096,192,false,false,ollama_format_schema,mda_single_dimension_context_v2,2026-06-20T09:13:30+00:00,06_scoring/05_raw_model_outputs/mda_final_full/MDA_3026_DLADY_2021_AR03_attempt_1.json,06_scoring/03_numeric_checks/mda_v2/MDA_3026_DLADY_2021_numeric_checks.json,parsed,valid
MDA_3026_DLADY_2021_AR04,MDA_3026_DLADY_2021,mda,mda_disclosure_quality,mda_general_quality,initial,local_qwen3_8b,AR04,MD&A internal risk and forward-looking disclosure,2,1,5,0.2,25.0,5.0,[MDA_P023],[MDA_P023] During the COVID-19 pandemic DLMI has been able to continue to drive its purpose of Nourishing the Malaysian people. Profit performance details are broken down in profit resulting from sales of products sourced from the existing,medium,Limited forward-looking risk disclosure on supply chain disruptions,none,2026-06-20T09:13:05+00:00,2026-06-20T09:13:30+00:00,2026-06-15,qwen3:8b,ollama,0.0,42,4096,192,false,false,ollama_format_schema,mda_single_dimension_context_v2,2026-06-20T09:13:30+00:00,06_scoring/05_raw_model_outputs/mda_final_full/MDA_3026_DLADY_2021_AR04_attempt_1.json,06_scoring/03_numeric_checks/mda_v2/MDA_3026_DLADY_2021_numeric_checks.json,parsed,valid
MDA_3026_DLADY_2021_AR05,MDA_3026_DLADY_2021,mda,mda_disclosure_quality,mda_general_quality,initial,local_qwen3_8b,AR05,MD&A readability and structural clarity,2,1,5,0.1,25.0,2.5,[MDA_P001],"[MDA_P001] MANAGEMENT DISCUSSION & ANALYSIS Datin Seri Sunita Mei-Lin Rajakumar Chairperson Ramjeet Kaur Virik Executive Director Distributing over 180,000 milk packs to key frontliners and partnered various Non-Government Organisations, Ke",medium,Lacks financial data and focuses on non-core activities,none,2026-06-20T09:13:05+00:00,2026-06-20T09:13:30+00:00,2026-06-15,qwen3:8b,ollama,0.0,42,4096,192,false,false,ollama_format_schema,mda_single_dimension_context_v2,2026-06-20T09:13:30+00:00,06_scoring/05_raw_model_outputs/mda_final_full/MDA_3026_DLADY_2021_AR05_attempt_1.json,06_scoring/03_numeric_checks/mda_v2/MDA_3026_DLADY_2021_numeric_checks.json,parsed,valid
MDA_3026_DLADY_2022_AR01,MDA_3026_DLADY_2022,mda,mda_disclosure_quality,mda_general_quality,initial,local_qwen3_8b,AR01,MD&A content completeness,4,1,5,0.15,75.0,11.25,[MDA_P001],[MDA_P001] Management Discussion & Analysis,medium,"Discusses inflation, cost management, and market position relevant to MD&A completeness.",none,2026-06-20T09:13:30+00:00,2026-06-20T09:13:55+00:00,2026-06-15,qwen3:8b,ollama,0.0,42,4096,192,false,false,ollama_format_schema,mda_single_dimension_context_v2,2026-06-20T09:13:55+00:00,06_scoring/05_raw_model_outputs/mda_final_full/MDA_3026_DLADY_2022_AR01_attempt_1.json,06_scoring/03_numeric_checks/mda_v2/MDA_3026_DLADY_2022_numeric_checks.json,parsed,valid
MDA_3026_DLADY_2022_AR02,MDA_3026_DLADY_2022,mda,mda_disclosure_quality,mda_general_quality,initial,local_qwen3_8b,AR02,MD&A internal numeric consistency and traceability,2,1,5,0.25,25.0,6.25,[MDA_P032],"[MDA_P032] After reconciliation, DLMI paid to its shareholders a total of RM32 million in interim dividends consisting of two standards dividends of RM0.25 each. This represents a distribution of 69% of the profits attributable to sharehold",medium,"Python numeric_checker: numeric_check_summary indicates a material discrepancy in margin calculation, but no explanation provided for the inconsistency.",none,2026-06-20T09:13:30+00:00,2026-06-20T09:13:55+00:00,2026-06-15,qwen3:8b,ollama,0.0,42,4096,192,false,false,ollama_format_schema,mda_single_dimension_context_v2,2026-06-20T09:13:55+00:00,06_scoring/05_raw_model_outputs/mda_final_full/MDA_3026_DLADY_2022_AR02_attempt_1.json,06_scoring/03_numeric_checks/mda_v2/MDA_3026_DLADY_2022_numeric_checks.json,parsed,valid
MDA_3026_DLADY_2022_AR03,MDA_3026_DLADY_2022,mda,mda_disclosure_quality,mda_general_quality,initial,local_qwen3_8b,AR03,Operating analysis specificity,2,1,5,0.3,25.0,7.5,[MDA_P011],"[MDA_P011] Management Discussion & Analysis MANAGING DIRECTOR’S REPORT With such a singular focus on purpose and people, we believe performance follows. At DLMI, performance is about ‘Winning Profitably’ in a manner that it is meaningful fo",medium,Lacks specific operating metrics or analysis beyond general performance statements.,none,2026-06-20T09:13:30+00:00,2026-06-20T09:13:55+00:00,2026-06-15,qwen3:8b,ollama,0.0,42,4096,192,false,false,ollama_format_schema,mda_single_dimension_context_v2,2026-06-20T09:13:55+00:00,06_scoring/05_raw_model_outputs/mda_final_full/MDA_3026_DLADY_2022_AR03_attempt_1.json,06_scoring/03_numeric_checks/mda_v2/MDA_3026_DLADY_2022_numeric_checks.json,parsed,valid
MDA_3026_DLADY_2022_AR04,MDA_3026_DLADY_2022,mda,mda_disclosure_quality,mda_general_quality,initial,local_qwen3_8b,AR04,MD&A internal risk and forward-looking disclosure,2,1,5,0.2,25.0,5.0,[MDA_P004],"[MDA_P004] DUTCH LADY MILK INDUSTRIES BERHAD | INTEGRATED ANNUAL REPORT 2022 MANAGING DIRECTOR’S REPORT DUAL DILEMMA & DAIRY LEADERSHIP The dynamics of business have changed over the last three years. In 2022, the market continued to perfor",medium,Lacks specific risk and forward-looking disclosures required for AR04,none,2026-06-20T09:13:30+00:00,2026-06-20T09:13:55+00:00,2026-06-15,qwen3:8b,ollama,0.0,42,4096,192,false,false,ollama_format_schema,mda_single_dimension_context_v2,2026-06-20T09:13:55+00:00,06_scoring/05_raw_model_outputs/mda_final_full/MDA_3026_DLADY_2022_AR04_attempt_1.json,06_scoring/03_numeric_checks/mda_v2/MDA_3026_DLADY_2022_numeric_checks.json,parsed,valid
MDA_3026_DLADY_2022_AR05,MDA_3026_DLADY_2022,mda,mda_disclosure_quality,mda_general_quality,initial,local_qwen3_8b,AR05,MD&A readability and structural clarity,2,1,5,0.1,25.0,2.5,[MDA_P001],[MDA_P001] Management Discussion & Analysis,medium,Poorly structured with unclear section headings and fragmented content.,none,2026-06-20T09:13:30+00:00,2026-06-20T09:13:55+00:00,2026-06-15,qwen3:8b,ollama,0.0,42,4096,192,false,false,ollama_format_schema,mda_single_dimension_context_v2,2026-06-20T09:13:55+00:00,06_scoring/05_raw_model_outputs/mda_final_full/MDA_3026_DLADY_2022_AR05_attempt_1.json,06_scoring/03_numeric_checks/mda_v2/MDA_3026_DLADY_2022_numeric_checks.json,parsed,valid
MDA_3026_DLADY_2023_AR01,MDA_3026_DLADY_2023,mda,mda_disclosure_quality,mda_general_quality,initial,local_qwen3_8b,AR01,MD&A content completeness,5,1,5,0.15,100.0,15.0,[MDA_P001],[MDA_P001] Management Discussion & Analysis – Strategic Review | 04 | 05 | 06 | 07 | P e r s p e c t i v e CHAIRPERSON’S,medium,"Comprehensive discussion of financial performance, risks, and strategic outlook.",none,2026-06-20T09:13:55+00:00,2026-06-20T09:14:19+00:00,2026-06-15,qwen3:8b,ollama,0.0,42,4096,192,false,false,ollama_format_schema,mda_single_dimension_context_v2,2026-06-20T09:14:19+00:00,06_scoring/05_raw_model_outputs/mda_final_full/MDA_3026_DLADY_2023_AR01_attempt_1.json,06_scoring/03_numeric_checks/mda_v2/MDA_3026_DLADY_2023_numeric_checks.json,parsed,valid
MDA_3026_DLADY_2023_AR02,MDA_3026_DLADY_2023,mda,mda_disclosure_quality,mda_general_quality,initial,local_qwen3_8b,AR02,MD&A internal numeric consistency and traceability,3,1,5,0.25,50.0,12.5,[MDA_P004],"[MDA_P004] Meanwhile, sustainability KPIs are part of Managing Director and Management Team’s annual targets. Our three-year journey towards transition and adoption of Integrated Reporting principles, which commenced from the reporting cycl",medium,"Python numeric_checker: numeric_check_summary indicates not enough numbers for consistency checks, but financial mentions are present",none,2026-06-20T09:13:55+00:00,2026-06-20T09:14:19+00:00,2026-06-15,qwen3:8b,ollama,0.0,42,4096,192,false,false,ollama_format_schema,mda_single_dimension_context_v2,2026-06-20T09:14:19+00:00,06_scoring/05_raw_model_outputs/mda_final_full/MDA_3026_DLADY_2023_AR02_attempt_1.json,06_scoring/03_numeric_checks/mda_v2/MDA_3026_DLADY_2023_numeric_checks.json,parsed,valid
MDA_3026_DLADY_2023_AR03,MDA_3026_DLADY_2023,mda,mda_disclosure_quality,mda_general_quality,initial,local_qwen3_8b,AR03,Operating analysis specificity,2,1,5,0.3,25.0,7.5,[MDA_P004],"[MDA_P004] Meanwhile, sustainability KPIs are part of Managing Director and Management Team’s annual targets. Our three-year journey towards transition and adoption of Integrated Reporting principles, which commenced from the reporting cycl",medium,Lacks specific operating analysis metrics or trends,none,2026-06-20T09:13:55+00:00,2026-06-20T09:14:19+00:00,2026-06-15,qwen3:8b,ollama,0.0,42,4096,192,false,false,ollama_format_schema,mda_single_dimension_context_v2,2026-06-20T09:14:19+00:00,06_scoring/05_raw_model_outputs/mda_final_full/MDA_3026_DLADY_2023_AR03_attempt_1.json,06_scoring/03_numeric_checks/mda_v2/MDA_3026_DLADY_2023_numeric_checks.json,parsed,valid
MDA_3026_DLADY_2023_AR04,MDA_3026_DLADY_2023,mda,mda_disclosure_quality,mda_general_quality,initial,local_qwen3_8b,AR04,MD&A internal risk and forward-looking disclosure,2,1,5,0.2,25.0,5.0,[MDA_P002],"[MDA_P002] Our priority during the year was on implementation of our strategic priorities, while operating with resilience” RESPONSIBLE BUSINESS DLMI is committed to strong corporate governance, robust risk management practices, and a condu",medium,Limited forward-looking disclosure on risks and financial outlook,none,2026-06-20T09:13:55+00:00,2026-06-20T09:14:19+00:00,2026-06-15,qwen3:8b,ollama,0.0,42,4096,192,false,false,ollama_format_schema,mda_single_dimension_context_v2,2026-06-20T09:14:19+00:00,06_scoring/05_raw_model_outputs/mda_final_full/MDA_3026_DLADY_2023_AR04_attempt_1.json,06_scoring/03_numeric_checks/mda_v2/MDA_3026_DLADY_2023_numeric_checks.json,parsed,valid
MDA_3026_DLADY_2023_AR05,MDA_3026_DLADY_2023,mda,mda_disclosure_quality,mda_general_quality,initial,local_qwen3_8b,AR05,MD&A readability and structural clarity,2,1,5,0.1,25.0,2.5,[MDA_P036],"[MDA_P036] This move reduced raw material but increased finished goods. In addition, we relied on stock build- up of finished goods towards a seamless market transition during the Enstek move. Receivables were managed tightly to preserve wo",medium,Discussion lacks clear structure and numerical context for key financial changes.,none,2026-06-20T09:13:55+00:00,2026-06-20T09:14:19+00:00,2026-06-15,qwen3:8b,ollama,0.0,42,4096,192,false,false,ollama_format_schema,mda_single_dimension_context_v2,2026-06-20T09:14:19+00:00,06_scoring/05_raw_model_outputs/mda_final_full/MDA_3026_DLADY_2023_AR05_attempt_1.json,06_scoring/03_numeric_checks/mda_v2/MDA_3026_DLADY_2023_numeric_checks.json,parsed,valid
MDA_3026_DLADY_2024_AR01,MDA_3026_DLADY_2024,mda,mda_disclosure_quality,mda_general_quality,initial,local_qwen3_8b,AR01,MD&A content completeness,4,1,5,0.15,75.0,11.25,[MDA_P001],"[MDA_P001] A HISTORIC MILESTONE & MASSIVE TRANSITION TOWARDS RESPONSIBLE GROWTH 2024 was history in the making for Dutch Lady Milk Industries Berhad. One notable milestone was bidding farewell to our iconic DLMI@PJ manufacturing facility, e",medium,"Discusses key milestones, transition, and strategic initiatives relevant to M&A content completeness.",none,2026-06-20T09:14:19+00:00,2026-06-20T09:14:43+00:00,2026-06-15,qwen3:8b,ollama,0.0,42,4096,192,false,false,ollama_format_schema,mda_single_dimension_context_v2,2026-06-20T09:14:43+00:00,06_scoring/05_raw_model_outputs/mda_final_full/MDA_3026_DLADY_2024_AR01_attempt_1.json,06_scoring/03_numeric_checks/mda_v2/MDA_3026_DLADY_2024_numeric_checks.json,parsed,valid
MDA_3026_DLADY_2024_AR02,MDA_3026_DLADY_2024,mda,mda_disclosure_quality,mda_general_quality,initial,local_qwen3_8b,AR02,MD&A internal numeric consistency and traceability,3,1,5,0.25,50.0,12.5,[MDA_P002],"[MDA_P002] This transition, a well- orchestrated plan over the past five years, culminated in 2024 with the critical milestone of moving to our Halal IR4.0- enabled production centre. This move will accelerate our strategy to scale operatio",medium,Python numeric_checker: Lacks numeric evidence for internal consistency checks,none,2026-06-20T09:14:19+00:00,2026-06-20T09:14:43+00:00,2026-06-15,qwen3:8b,ollama,0.0,42,4096,192,false,false,ollama_format_schema,mda_single_dimension_context_v2,2026-06-20T09:14:43+00:00,06_scoring/05_raw_model_outputs/mda_final_full/MDA_3026_DLADY_2024_AR02_attempt_1.json,06_scoring/03_numeric_checks/mda_v2/MDA_3026_DLADY_2024_numeric_checks.json,parsed,valid
MDA_3026_DLADY_2024_AR03,MDA_3026_DLADY_2024,mda,mda_disclosure_quality,mda_general_quality,initial,local_qwen3_8b,AR03,Operating analysis specificity,2,1,5,0.3,25.0,7.5,[MDA_P001],"[MDA_P001] A HISTORIC MILESTONE & MASSIVE TRANSITION TOWARDS RESPONSIBLE GROWTH 2024 was history in the making for Dutch Lady Milk Industries Berhad. One notable milestone was bidding farewell to our iconic DLMI@PJ manufacturing facility, e",medium,Lacks quantitative operating analysis; focuses on qualitative milestones and transitions.,none,2026-06-20T09:14:19+00:00,2026-06-20T09:14:43+00:00,2026-06-15,qwen3:8b,ollama,0.0,42,4096,192,false,false,ollama_format_schema,mda_single_dimension_context_v2,2026-06-20T09:14:43+00:00,06_scoring/05_raw_model_outputs/mda_final_full/MDA_3026_DLADY_2024_AR03_attempt_1.json,06_scoring/03_numeric_checks/mda_v2/MDA_3026_DLADY_2024_numeric_checks.json,parsed,valid
MDA_3026_DLADY_2024_AR04,MDA_3026_DLADY_2024,mda,mda_disclosure_quality,mda_general_quality,initial,local_qwen3_8b,AR04,MD&A internal risk and forward-looking disclosure,2,1,5,0.2,25.0,5.0,[MDA_P002],"[MDA_P002] This transition, a well- orchestrated plan over the past five years, culminated in 2024 with the critical milestone of moving to our Halal IR4.0- enabled production centre. This move will accelerate our strategy to scale operatio",medium,Lacks specific risk or forward-looking financial disclosures.,none,2026-06-20T09:14:19+00:00,2026-06-20T09:14:43+00:00,2026-06-15,qwen3:8b,ollama,0.0,42,4096,192,false,false,ollama_format_schema,mda_single_dimension_context_v2,2026-06-20T09:14:43+00:00,06_scoring/05_raw_model_outputs/mda_final_full/MDA_3026_DLADY_2024_AR04_attempt_1.json,06_scoring/03_numeric_checks/mda_v2/MDA_3026_DLADY_2024_numeric_checks.json,parsed,valid
MDA_3026_DLADY_2024_AR05,MDA_3026_DLADY_2024,mda,mda_disclosure_quality,mda_general_quality,initial,local_qwen3_8b,AR05,MD&A readability and structural clarity,2,1,5,0.1,25.0,2.5,[MDA_P001],"[MDA_P001] A HISTORIC MILESTONE & MASSIVE TRANSITION TOWARDS RESPONSIBLE GROWTH 2024 was history in the making for Dutch Lady Milk Industries Berhad. One notable milestone was bidding farewell to our iconic DLMI@PJ manufacturing facility, e",medium,Lacks financial data and focuses on non-material narrative without clear structural clarity,none,2026-06-20T09:14:19+00:00,2026-06-20T09:14:43+00:00,2026-06-15,qwen3:8b,ollama,0.0,42,4096,192,false,false,ollama_format_schema,mda_single_dimension_context_v2,2026-06-20T09:14:43+00:00,06_scoring/05_raw_model_outputs/mda_final_full/MDA_3026_DLADY_2024_AR05_attempt_1.json,06_scoring/03_numeric_checks/mda_v2/MDA_3026_DLADY_2024_numeric_checks.json,parsed,valid
MDA_3255_HEIM_2020_AR01,MDA_3255_HEIM_2020,mda,mda_disclosure_quality,mda_general_quality,initial,local_qwen3_8b,AR01,MD&A content completeness,2,1,5,0.15,25.0,3.75,[MDA_P001],"[MDA_P001] Management Discussion & Analysis “The cover of our Annual Report 2020 is symbolic of our organisation’s collective sentiment during the difficult time, it represents our team spirit to keep the lights shining in the darkness, and",medium,Lacks specific financial or operational details relevant to MD&A content completeness.,none,2026-06-20T09:14:43+00:00,2026-06-20T09:15:07+00:00,2026-06-15,qwen3:8b,ollama,0.0,42,4096,192,false,false,ollama_format_schema,mda_single_dimension_context_v2,2026-06-20T09:15:07+00:00,06_scoring/05_raw_model_outputs/mda_final_full/MDA_3255_HEIM_2020_AR01_attempt_1.json,06_scoring/03_numeric_checks/mda_v2/MDA_3255_HEIM_2020_numeric_checks.json,parsed,valid
MDA_3255_HEIM_2020_AR02,MDA_3255_HEIM_2020,mda,mda_disclosure_quality,mda_general_quality,initial,local_qwen3_8b,AR02,MD&A internal numeric consistency and traceability,3,1,5,0.25,50.0,12.5,[MDA_P002],[MDA_P002] ANNUAL REPORT 2020 | HEINEKEN MALAYSIA BERHAD Management Discussion & Analysis 2020 was a difficult year. The Covid-19 global pandemic brought the economy to a standstill. Faced with the immediate need to bring the contagion unde,medium,"Python numeric_checker: Discussion lacks numeric consistency and traceability, with no calculable changes or consistent checks.",none,2026-06-20T09:14:43+00:00,2026-06-20T09:15:07+00:00,2026-06-15,qwen3:8b,ollama,0.0,42,4096,192,false,false,ollama_format_schema,mda_single_dimension_context_v2,2026-06-20T09:15:07+00:00,06_scoring/05_raw_model_outputs/mda_final_full/MDA_3255_HEIM_2020_AR02_attempt_1.json,06_scoring/03_numeric_checks/mda_v2/MDA_3255_HEIM_2020_numeric_checks.json,parsed,valid
MDA_3255_HEIM_2020_AR03,MDA_3255_HEIM_2020,mda,mda_disclosure_quality,mda_general_quality,initial,local_qwen3_8b,AR03,Operating analysis specificity,2,1,5,0.3,25.0,7.5,[MDA_P003],"[MDA_P003] We are the leading brewer in the country, with a portfolio of iconic international and local brands that are supported by consumers who share the same Passion for Quality that is a key HEINEKEN value. In 2020, we had to respond t",medium,Lacks specific operating metrics or analysis beyond qualitative statements.,none,2026-06-20T09:14:43+00:00,2026-06-20T09:15:07+00:00,2026-06-15,qwen3:8b,ollama,0.0,42,4096,192,false,false,ollama_format_schema,mda_single_dimension_context_v2,2026-06-20T09:15:07+00:00,06_scoring/05_raw_model_outputs/mda_final_full/MDA_3255_HEIM_2020_AR03_attempt_1.json,06_scoring/03_numeric_checks/mda_v2/MDA_3255_HEIM_2020_numeric_checks.json,parsed,valid
MDA_3255_HEIM_2020_AR04,MDA_3255_HEIM_2020,mda,mda_disclosure_quality,mda_general_quality,initial,local_qwen3_8b,AR04,MD&A internal risk and forward-looking disclosure,2,1,5,0.2,25.0,5.0,[MDA_P001],"[MDA_P001] Management Discussion & Analysis “The cover of our Annual Report 2020 is symbolic of our organisation’s collective sentiment during the difficult time, it represents our team spirit to keep the lights shining in the darkness, and",medium,Lacks specific risk and forward-looking disclosures.,none,2026-06-20T09:14:43+00:00,2026-06-20T09:15:07+00:00,2026-06-15,qwen3:8b,ollama,0.0,42,4096,192,false,false,ollama_format_schema,mda_single_dimension_context_v2,2026-06-20T09:15:07+00:00,06_scoring/05_raw_model_outputs/mda_final_full/MDA_3255_HEIM_2020_AR04_attempt_1.json,06_scoring/03_numeric_checks/mda_v2/MDA_3255_HEIM_2020_numeric_checks.json,parsed,valid
MDA_3255_HEIM_2020_AR05,MDA_3255_HEIM_2020,mda,mda_disclosure_quality,mda_general_quality,initial,local_qwen3_8b,AR05,MD&A readability and structural clarity,2,1,5,0.1,25.0,2.5,[MDA_P001],"[MDA_P001] Management Discussion & Analysis “The cover of our Annual Report 2020 is symbolic of our organisation’s collective sentiment during the difficult time, it represents our team spirit to keep the lights shining in the darkness, and",medium,Lacks financial data and focuses on non-material content.,none,2026-06-20T09:14:43+00:00,2026-06-20T09:15:07+00:00,2026-06-15,qwen3:8b,ollama,0.0,42,4096,192,false,false,ollama_format_schema,mda_single_dimension_context_v2,2026-06-20T09:15:07+00:00,06_scoring/05_raw_model_outputs/mda_final_full/MDA_3255_HEIM_2020_AR05_attempt_1.json,06_scoring/03_numeric_checks/mda_v2/MDA_3255_HEIM_2020_numeric_checks.json,parsed,valid
MDA_3255_HEIM_2021_AR01,MDA_3255_HEIM_2021,mda,mda_disclosure_quality,mda_general_quality,initial,local_qwen3_8b,AR01,MD&A content completeness,2,1,5,0.15,25.0,3.75,[MDA_P001],"[MDA_P001] Management Discussion & Analysis Navigating through the storm We kept an all hands on deck approach by keeping the team connected and motivated through regular communications and updates, despite the many uncertainties in the ext",medium,Lacks detailed financial analysis and discussion of key metrics,none,2026-06-20T09:15:07+00:00,2026-06-20T09:15:32+00:00,2026-06-15,qwen3:8b,ollama,0.0,42,4096,192,false,false,ollama_format_schema,mda_single_dimension_context_v2,2026-06-20T09:15:32+00:00,06_scoring/05_raw_model_outputs/mda_final_full/MDA_3255_HEIM_2021_AR01_attempt_1.json,06_scoring/03_numeric_checks/mda_v2/MDA_3255_HEIM_2021_numeric_checks.json,parsed,valid
MDA_3255_HEIM_2021_AR02,MDA_3255_HEIM_2021,mda,mda_disclosure_quality,mda_general_quality,initial,local_qwen3_8b,AR02,MD&A internal numeric consistency and traceability,3,1,5,0.25,50.0,12.5,[MDA_P001],"[MDA_P001] Management Discussion & Analysis Navigating through the storm We kept an all hands on deck approach by keeping the team connected and motivated through regular communications and updates, despite the many uncertainties in the ext",medium,Python numeric_checker: No numeric checks or consistency explained in the text.,none,2026-06-20T09:15:07+00:00,2026-06-20T09:15:32+00:00,2026-06-15,qwen3:8b,ollama,0.0,42,4096,192,false,false,ollama_format_schema,mda_single_dimension_context_v2,2026-06-20T09:15:32+00:00,06_scoring/05_raw_model_outputs/mda_final_full/MDA_3255_HEIM_2021_AR02_attempt_1.json,06_scoring/03_numeric_checks/mda_v2/MDA_3255_HEIM_2021_numeric_checks.json,parsed,valid
MDA_3255_HEIM_2021_AR03,MDA_3255_HEIM_2021,mda,mda_disclosure_quality,mda_general_quality,initial,local_qwen3_8b,AR03,Operating analysis specificity,2,1,5,0.3,25.0,7.5,[MDA_P003],"[MDA_P003] The pause in our brewery operations was significantly longer than the seven week stoppage we faced in 2020 due to the first MCO and this impeded on the Group’s ability to conduct our normal business operations. Nevertheless, I am",medium,Discussion lacks specific operating metrics and analysis beyond revenue and profit growth.,none,2026-06-20T09:15:07+00:00,2026-06-20T09:15:32+00:00,2026-06-15,qwen3:8b,ollama,0.0,42,4096,192,false,false,ollama_format_schema,mda_single_dimension_context_v2,2026-06-20T09:15:32+00:00,06_scoring/05_raw_model_outputs/mda_final_full/MDA_3255_HEIM_2021_AR03_attempt_1.json,06_scoring/03_numeric_checks/mda_v2/MDA_3255_HEIM_2021_numeric_checks.json,parsed,valid
MDA_3255_HEIM_2021_AR04,MDA_3255_HEIM_2021,mda,mda_disclosure_quality,mda_general_quality,initial,local_qwen3_8b,AR04,MD&A internal risk and forward-looking disclosure,2,1,5,0.2,25.0,5.0,[MDA_P002],"[MDA_P002] Annual REPORT 2021 | HEINEKEN MALAYSIA BERHAD Who We Are Our Business Model Performance Review Sustainability Review How We Are Governed Our Numbers & Other Information After a difficult 2020 due to the COVID-19 pandemic, we went",medium,Limited risk and forward-looking disclosure despite significant operational disruptions.,none,2026-06-20T09:15:07+00:00,2026-06-20T09:15:32+00:00,2026-06-15,qwen3:8b,ollama,0.0,42,4096,192,false,false,ollama_format_schema,mda_single_dimension_context_v2,2026-06-20T09:15:32+00:00,06_scoring/05_raw_model_outputs/mda_final_full/MDA_3255_HEIM_2021_AR04_attempt_1.json,06_scoring/03_numeric_checks/mda_v2/MDA_3255_HEIM_2021_numeric_checks.json,parsed,valid
MDA_3255_HEIM_2021_AR05,MDA_3255_HEIM_2021,mda,mda_disclosure_quality,mda_general_quality,initial,local_qwen3_8b,AR05,MD&A readability and structural clarity,2,1,5,0.1,25.0,2.5,[MDA_P001],"[MDA_P001] Management Discussion & Analysis Navigating through the storm We kept an all hands on deck approach by keeping the team connected and motivated through regular communications and updates, despite the many uncertainties in the ext",medium,Discussion lacks financial clarity and focuses on non-material topics.,none,2026-06-20T09:15:07+00:00,2026-06-20T09:15:32+00:00,2026-06-15,qwen3:8b,ollama,0.0,42,4096,192,false,false,ollama_format_schema,mda_single_dimension_context_v2,2026-06-20T09:15:32+00:00,06_scoring/05_raw_model_outputs/mda_final_full/MDA_3255_HEIM_2021_AR05_attempt_1.json,06_scoring/03_numeric_checks/mda_v2/MDA_3255_HEIM_2021_numeric_checks.json,parsed,valid
MDA_3255_HEIM_2022_AR01,MDA_3255_HEIM_2022,mda,mda_disclosure_quality,mda_general_quality,initial,local_qwen3_8b,AR01,MD&A content completeness,2,1,5,0.15,25.0,3.75,[MDA_P001],"[MDA_P001] Management Discussion & Analysis Emerging Stronger from the Crisis 2022 was a new dawn as we stepped out from the global pandemic. Businesses reopened, social restrictions relaxed, international tourism resumed, and we pushed ahe",medium,Lacks detailed financial analysis and discussion of key metrics,none,2026-06-20T09:15:32+00:00,2026-06-20T09:15:57+00:00,2026-06-15,qwen3:8b,ollama,0.0,42,4096,192,false,false,ollama_format_schema,mda_single_dimension_context_v2,2026-06-20T09:15:57+00:00,06_scoring/05_raw_model_outputs/mda_final_full/MDA_3255_HEIM_2022_AR01_attempt_1.json,06_scoring/03_numeric_checks/mda_v2/MDA_3255_HEIM_2022_numeric_checks.json,parsed,valid
MDA_3255_HEIM_2022_AR02,MDA_3255_HEIM_2022,mda,mda_disclosure_quality,mda_general_quality,initial,local_qwen3_8b,AR02,MD&A internal numeric consistency and traceability,3,1,5,0.25,50.0,12.5,[MDA_P004],"[MDA_P004] The following is a review of our business and financial performance, the highlights of our commercial campaigns, the progress of our sustainability commitments, as well as the outlook for 2023. OUR PERFORMANCE Compared to 2021, G",medium,Python numeric_checker: Numeric checks lack explanation for revenue and PBT growth rates.,none,2026-06-20T09:15:32+00:00,2026-06-20T09:15:57+00:00,2026-06-15,qwen3:8b,ollama,0.0,42,4096,192,false,false,ollama_format_schema,mda_single_dimension_context_v2,2026-06-20T09:15:57+00:00,06_scoring/05_raw_model_outputs/mda_final_full/MDA_3255_HEIM_2022_AR02_attempt_1.json,06_scoring/03_numeric_checks/mda_v2/MDA_3255_HEIM_2022_numeric_checks.json,parsed,valid
MDA_3255_HEIM_2022_AR03,MDA_3255_HEIM_2022,mda,mda_disclosure_quality,mda_general_quality,initial,local_qwen3_8b,AR03,Operating analysis specificity,2,1,5,0.3,25.0,7.5,[MDA_P001],"[MDA_P001] Management Discussion & Analysis Emerging Stronger from the Crisis 2022 was a new dawn as we stepped out from the global pandemic. Businesses reopened, social restrictions relaxed, international tourism resumed, and we pushed ahe",medium,"Lacks specific operating analysis details, focusing more on pandemic recovery than operational metrics.",none,2026-06-20T09:15:32+00:00,2026-06-20T09:15:57+00:00,2026-06-15,qwen3:8b,ollama,0.0,42,4096,192,false,false,ollama_format_schema,mda_single_dimension_context_v2,2026-06-20T09:15:57+00:00,06_scoring/05_raw_model_outputs/mda_final_full/MDA_3255_HEIM_2022_AR03_attempt_1.json,06_scoring/03_numeric_checks/mda_v2/MDA_3255_HEIM_2022_numeric_checks.json,parsed,valid
MDA_3255_HEIM_2022_AR04,MDA_3255_HEIM_2022,mda,mda_disclosure_quality,mda_general_quality,initial,local_qwen3_8b,AR04,MD&A internal risk and forward-looking disclosure,4,1,5,0.2,75.0,15.0,[MDA_P004],"[MDA_P004] The following is a review of our business and financial performance, the highlights of our commercial campaigns, the progress of our sustainability commitments, as well as the outlook for 2023. OUR PERFORMANCE Compared to 2021, G",medium,"Discusses financial performance, revenue growth, and cost management with specific metrics.",none,2026-06-20T09:15:32+00:00,2026-06-20T09:15:57+00:00,2026-06-15,qwen3:8b,ollama,0.0,42,4096,192,false,false,ollama_format_schema,mda_single_dimension_context_v2,2026-06-20T09:15:57+00:00,06_scoring/05_raw_model_outputs/mda_final_full/MDA_3255_HEIM_2022_AR04_attempt_1.json,06_scoring/03_numeric_checks/mda_v2/MDA_3255_HEIM_2022_numeric_checks.json,parsed,valid
MDA_3255_HEIM_2022_AR05,MDA_3255_HEIM_2022,mda,mda_disclosure_quality,mda_general_quality,initial,local_qwen3_8b,AR05,MD&A readability and structural clarity,2,1,5,0.1,25.0,2.5,[MDA_P001],"[MDA_P001] Management Discussion & Analysis Emerging Stronger from the Crisis 2022 was a new dawn as we stepped out from the global pandemic. Businesses reopened, social restrictions relaxed, international tourism resumed, and we pushed ahe",medium,Lacks clear structure and financial discussion,none,2026-06-20T09:15:32+00:00,2026-06-20T09:15:57+00:00,2026-06-15,qwen3:8b,ollama,0.0,42,4096,192,false,false,ollama_format_schema,mda_single_dimension_context_v2,2026-06-20T09:15:57+00:00,06_scoring/05_raw_model_outputs/mda_final_full/MDA_3255_HEIM_2022_AR05_attempt_1.json,06_scoring/03_numeric_checks/mda_v2/MDA_3255_HEIM_2022_numeric_checks.json,parsed,valid
MDA_3255_HEIM_2023_AR01,MDA_3255_HEIM_2023,mda,mda_disclosure_quality,mda_general_quality,initial,local_qwen3_8b,AR01,MD&A content completeness,2,1,5,0.15,25.0,3.75,[MDA_P001],"[MDA_P001] Management Discussion & Analysis Roland Bala Managing Director Creating Good Times, Celebrating the Joy of True Togetherness In 2023, we celebrated the 150th anniversary of the Heineken® brand, the world’s no. 1 international pre",medium,Lacks financial discussion and focuses on brand celebration rather than business performance,none,2026-06-20T09:15:57+00:00,2026-06-20T09:16:23+00:00,2026-06-15,qwen3:8b,ollama,0.0,42,4096,192,false,false,ollama_format_schema,mda_single_dimension_context_v2,2026-06-20T09:16:23+00:00,06_scoring/05_raw_model_outputs/mda_final_full/MDA_3255_HEIM_2023_AR01_attempt_1.json,06_scoring/03_numeric_checks/mda_v2/MDA_3255_HEIM_2023_numeric_checks.json,parsed,valid
MDA_3255_HEIM_2023_AR02,MDA_3255_HEIM_2023,mda,mda_disclosure_quality,mda_general_quality,initial,local_qwen3_8b,AR02,MD&A internal numeric consistency and traceability,3,1,5,0.25,50.0,12.5,[MDA_P004],"[MDA_P004] The following is a review of our business and financial performance, the highlights of our commercial campaigns, the progress of our sustainability goals, as well as the outlook for 2024. OUR PERFORMANCE Compared with our 2022 pe",medium,"Python numeric_checker: numeric_check_summary indicates not enough numbers, but financial figures are provided without explanation of consistency or traceability.",none,2026-06-20T09:15:57+00:00,2026-06-20T09:16:23+00:00,2026-06-15,qwen3:8b,ollama,0.0,42,4096,192,false,false,ollama_format_schema,mda_single_dimension_context_v2,2026-06-20T09:16:23+00:00,06_scoring/05_raw_model_outputs/mda_final_full/MDA_3255_HEIM_2023_AR02_attempt_1.json,06_scoring/03_numeric_checks/mda_v2/MDA_3255_HEIM_2023_numeric_checks.json,parsed,valid
MDA_3255_HEIM_2023_AR03,MDA_3255_HEIM_2023,mda,mda_disclosure_quality,mda_general_quality,initial,local_qwen3_8b,AR03,Operating analysis specificity,2,1,5,0.3,25.0,7.5,[MDA_P004],"[MDA_P004] The following is a review of our business and financial performance, the highlights of our commercial campaigns, the progress of our sustainability goals, as well as the outlook for 2024. OUR PERFORMANCE Compared with our 2022 pe",medium,Lacks detailed operating analysis with specific metrics or trends beyond revenue and profit figures.,none,2026-06-20T09:15:57+00:00,2026-06-20T09:16:23+00:00,2026-06-15,qwen3:8b,ollama,0.0,42,4096,192,false,false,ollama_format_schema,mda_single_dimension_context_v2,2026-06-20T09:16:23+00:00,06_scoring/05_raw_model_outputs/mda_final_full/MDA_3255_HEIM_2023_AR03_attempt_1.json,06_scoring/03_numeric_checks/mda_v2/MDA_3255_HEIM_2023_numeric_checks.json,parsed,valid
MDA_3255_HEIM_2023_AR04,MDA_3255_HEIM_2023,mda,mda_disclosure_quality,mda_general_quality,initial,local_qwen3_8b,AR04,MD&A internal risk and forward-looking disclosure,2,1,5,0.2,25.0,5.0,[MDA_P004],"[MDA_P004] The following is a review of our business and financial performance, the highlights of our commercial campaigns, the progress of our sustainability goals, as well as the outlook for 2024. OUR PERFORMANCE Compared with our 2022 pe",medium,Discusses financial performance and risks but lacks detailed forward-looking disclosures and internal risk analysis.,none,2026-06-20T09:15:57+00:00,2026-06-20T09:16:23+00:00,2026-06-15,qwen3:8b,ollama,0.0,42,4096,192,false,false,ollama_format_schema,mda_single_dimension_context_v2,2026-06-20T09:16:23+00:00,06_scoring/05_raw_model_outputs/mda_final_full/MDA_3255_HEIM_2023_AR04_attempt_1.json,06_scoring/03_numeric_checks/mda_v2/MDA_3255_HEIM_2023_numeric_checks.json,parsed,valid
MDA_3255_HEIM_2023_AR05,MDA_3255_HEIM_2023,mda,mda_disclosure_quality,mda_general_quality,initial,local_qwen3_8b,AR05,MD&A readability and structural clarity,1,1,5,0.1,0.0,0.0,[MDA_P001],"[MDA_P001] Management Discussion & Analysis Roland Bala Managing Director Creating Good Times, Celebrating the Joy of True Togetherness In 2023, we celebrated the 150th anniversary of the Heineken® brand, the world’s no. 1 international pre",medium,"Lacks financial analysis, focuses on branding and marketing",none,2026-06-20T09:15:57+00:00,2026-06-20T09:16:23+00:00,2026-06-15,qwen3:8b,ollama,0.0,42,4096,192,false,false,ollama_format_schema,mda_single_dimension_context_v2,2026-06-20T09:16:23+00:00,06_scoring/05_raw_model_outputs/mda_final_full/MDA_3255_HEIM_2023_AR05_attempt_1.json,06_scoring/03_numeric_checks/mda_v2/MDA_3255_HEIM_2023_numeric_checks.json,parsed,valid
MDA_3255_HEIM_2024_AR01,MDA_3255_HEIM_2024,mda,mda_disclosure_quality,mda_general_quality,initial,local_qwen3_8b,AR01,MD&A content completeness,4,1,5,0.15,75.0,11.25,[MDA_P001],"[MDA_P001] Management Discussion & Analysis HEINEKEN Malaysia delivered strong financial results in 2024, showing significant progress from the previous year, fueled by strategic marketing efforts and the successful launch of innovation pro",medium,"Discusses financial performance, operations, and strategic initiatives.",none,2026-06-20T09:16:23+00:00,2026-06-20T09:16:47+00:00,2026-06-15,qwen3:8b,ollama,0.0,42,4096,192,false,false,ollama_format_schema,mda_single_dimension_context_v2,2026-06-20T09:16:47+00:00,06_scoring/05_raw_model_outputs/mda_final_full/MDA_3255_HEIM_2024_AR01_attempt_1.json,06_scoring/03_numeric_checks/mda_v2/MDA_3255_HEIM_2024_numeric_checks.json,parsed,valid
MDA_3255_HEIM_2024_AR02,MDA_3255_HEIM_2024,mda,mda_disclosure_quality,mda_general_quality,initial,local_qwen3_8b,AR02,MD&A internal numeric consistency and traceability,3,1,5,0.25,50.0,12.5,[MDA_P001],"[MDA_P001] Management Discussion & Analysis HEINEKEN Malaysia delivered strong financial results in 2024, showing significant progress from the previous year, fueled by strategic marketing efforts and the successful launch of innovation pro",medium,Python numeric_checker: The text mentions revenue and profit growth but lacks numeric consistency checks or explanations for discrepancies.,none,2026-06-20T09:16:23+00:00,2026-06-20T09:16:47+00:00,2026-06-15,qwen3:8b,ollama,0.0,42,4096,192,false,false,ollama_format_schema,mda_single_dimension_context_v2,2026-06-20T09:16:47+00:00,06_scoring/05_raw_model_outputs/mda_final_full/MDA_3255_HEIM_2024_AR02_attempt_1.json,06_scoring/03_numeric_checks/mda_v2/MDA_3255_HEIM_2024_numeric_checks.json,parsed,valid
MDA_3255_HEIM_2024_AR03,MDA_3255_HEIM_2024,mda,mda_disclosure_quality,mda_general_quality,initial,local_qwen3_8b,AR03,Operating analysis specificity,2,1,5,0.3,25.0,7.5,[MDA_P001],"[MDA_P001] Management Discussion & Analysis HEINEKEN Malaysia delivered strong financial results in 2024, showing significant progress from the previous year, fueled by strategic marketing efforts and the successful launch of innovation pro",medium,Lacks detailed operating analysis beyond high-level financial results and strategic initiatives.,none,2026-06-20T09:16:23+00:00,2026-06-20T09:16:47+00:00,2026-06-15,qwen3:8b,ollama,0.0,42,4096,192,false,false,ollama_format_schema,mda_single_dimension_context_v2,2026-06-20T09:16:47+00:00,06_scoring/05_raw_model_outputs/mda_final_full/MDA_3255_HEIM_2024_AR03_attempt_1.json,06_scoring/03_numeric_checks/mda_v2/MDA_3255_HEIM_2024_numeric_checks.json,parsed,valid
MDA_3255_HEIM_2024_AR04,MDA_3255_HEIM_2024,mda,mda_disclosure_quality,mda_general_quality,initial,local_qwen3_8b,AR04,MD&A internal risk and forward-looking disclosure,4,1,5,0.2,75.0,15.0,[MDA_P001],"[MDA_P001] Management Discussion & Analysis HEINEKEN Malaysia delivered strong financial results in 2024, showing significant progress from the previous year, fueled by strategic marketing efforts and the successful launch of innovation pro",medium,"Discusses strategic initiatives, risk management and forward-looking goals aligned with the dimension.",none,2026-06-20T09:16:23+00:00,2026-06-20T09:16:47+00:00,2026-06-15,qwen3:8b,ollama,0.0,42,4096,192,false,false,ollama_format_schema,mda_single_dimension_context_v2,2026-06-20T09:16:47+00:00,06_scoring/05_raw_model_outputs/mda_final_full/MDA_3255_HEIM_2024_AR04_attempt_1.json,06_scoring/03_numeric_checks/mda_v2/MDA_3255_HEIM_2024_numeric_checks.json,parsed,valid
MDA_3255_HEIM_2024_AR05,MDA_3255_HEIM_2024,mda,mda_disclosure_quality,mda_general_quality,initial,local_qwen3_8b,AR05,MD&A readability and structural clarity,2,1,5,0.1,25.0,2.5,[MDA_P001],"[MDA_P001] Management Discussion & Analysis HEINEKEN Malaysia delivered strong financial results in 2024, showing significant progress from the previous year, fueled by strategic marketing efforts and the successful launch of innovation pro",medium,Lacks detailed financial analysis and focuses more on marketing and brand initiatives.,none,2026-06-20T09:16:23+00:00,2026-06-20T09:16:47+00:00,2026-06-15,qwen3:8b,ollama,0.0,42,4096,192,false,false,ollama_format_schema,mda_single_dimension_context_v2,2026-06-20T09:16:47+00:00,06_scoring/05_raw_model_outputs/mda_final_full/MDA_3255_HEIM_2024_AR05_attempt_1.json,06_scoring/03_numeric_checks/mda_v2/MDA_3255_HEIM_2024_numeric_checks.json,parsed,valid
MDA_3662_MFLOUR_2020_AR01,MDA_3662_MFLOUR_2020,mda,mda_disclosure_quality,mda_general_quality,initial,local_qwen3_8b,AR01,MD&A content completeness,5,1,5,0.15,100.0,15.0,[MDA_P001],[MDA_P001] MANAGEMENT DISCUSSION AND ANALYSIS,medium,Comprehensive discussion of financial performance and operational factors.,none,2026-06-20T09:16:47+00:00,2026-06-20T09:17:12+00:00,2026-06-15,qwen3:8b,ollama,0.0,42,4096,192,false,false,ollama_format_schema,mda_single_dimension_context_v2,2026-06-20T09:17:12+00:00,06_scoring/05_raw_model_outputs/mda_final_full/MDA_3662_MFLOUR_2020_AR01_attempt_1.json,06_scoring/03_numeric_checks/mda_v2/MDA_3662_MFLOUR_2020_numeric_checks.json,parsed,valid
MDA_3662_MFLOUR_2020_AR02,MDA_3662_MFLOUR_2020,mda,mda_disclosure_quality,mda_general_quality,initial,local_qwen3_8b,AR02,MD&A internal numeric consistency and traceability,3,1,5,0.25,50.0,12.5,[MDA_P001],[MDA_P001] MANAGEMENT DISCUSSION AND ANALYSIS,medium,"Python numeric_checker: numeric_check_summary indicates moderate consistency, but no specific numeric checks are explained in the text.",none,2026-06-20T09:16:47+00:00,2026-06-20T09:17:12+00:00,2026-06-15,qwen3:8b,ollama,0.0,42,4096,192,false,false,ollama_format_schema,mda_single_dimension_context_v2,2026-06-20T09:17:12+00:00,06_scoring/05_raw_model_outputs/mda_final_full/MDA_3662_MFLOUR_2020_AR02_attempt_1.json,06_scoring/03_numeric_checks/mda_v2/MDA_3662_MFLOUR_2020_numeric_checks.json,parsed,valid
MDA_3662_MFLOUR_2020_AR03,MDA_3662_MFLOUR_2020,mda,mda_disclosure_quality,mda_general_quality,initial,local_qwen3_8b,AR03,Operating analysis specificity,4,1,5,0.3,75.0,22.5,[MDA_P002],[MDA_P002] ANNUAL REPORT 2020 - Malayan Flour Mills Berhad The net interest expenses reduced by RM1.1 million to RM17.3 million in 2020 as compared to the previous year primarily due to the lower interest rate environment throughout the yea,medium,"Discusses revenue, profit, and cost factors with specific figures and context.",none,2026-06-20T09:16:47+00:00,2026-06-20T09:17:12+00:00,2026-06-15,qwen3:8b,ollama,0.0,42,4096,192,false,false,ollama_format_schema,mda_single_dimension_context_v2,2026-06-20T09:17:12+00:00,06_scoring/05_raw_model_outputs/mda_final_full/MDA_3662_MFLOUR_2020_AR03_attempt_1.json,06_scoring/03_numeric_checks/mda_v2/MDA_3662_MFLOUR_2020_numeric_checks.json,parsed,valid
MDA_3662_MFLOUR_2020_AR04,MDA_3662_MFLOUR_2020,mda,mda_disclosure_quality,mda_general_quality,initial,local_qwen3_8b,AR04,MD&A internal risk and forward-looking disclosure,4,1,5,0.2,75.0,15.0,[MDA_P006],[MDA_P006] ANNUAL REPORT 2020 - Malayan Flour Mills Berhad Anticipated or Known Risks Food safety and compliance to standards are top priorities for us as a food manufacturer as usage of fl our and poultry is very wide and diverse and it cu,medium,"Discusses food safety, compliance, and bio-security measures relevant to risks and forward-looking disclosures.",none,2026-06-20T09:16:47+00:00,2026-06-20T09:17:12+00:00,2026-06-15,qwen3:8b,ollama,0.0,42,4096,192,false,false,ollama_format_schema,mda_single_dimension_context_v2,2026-06-20T09:17:12+00:00,06_scoring/05_raw_model_outputs/mda_final_full/MDA_3662_MFLOUR_2020_AR04_attempt_1.json,06_scoring/03_numeric_checks/mda_v2/MDA_3662_MFLOUR_2020_numeric_checks.json,parsed,valid
MDA_3662_MFLOUR_2020_AR05,MDA_3662_MFLOUR_2020,mda,mda_disclosure_quality,mda_general_quality,initial,local_qwen3_8b,AR05,MD&A readability and structural clarity,4,1,5,0.1,75.0,7.5,[MDA_P001],[MDA_P001] MANAGEMENT DISCUSSION AND ANALYSIS,medium,Clear structure with logical flow and concise financial discussion.,none,2026-06-20T09:16:47+00:00,2026-06-20T09:17:12+00:00,2026-06-15,qwen3:8b,ollama,0.0,42,4096,192,false,false,ollama_format_schema,mda_single_dimension_context_v2,2026-06-20T09:17:12+00:00,06_scoring/05_raw_model_outputs/mda_final_full/MDA_3662_MFLOUR_2020_AR05_attempt_1.json,06_scoring/03_numeric_checks/mda_v2/MDA_3662_MFLOUR_2020_numeric_checks.json,parsed,valid
MDA_3662_MFLOUR_2021_AR01,MDA_3662_MFLOUR_2021,mda,mda_disclosure_quality,mda_general_quality,initial,local_qwen3_8b,AR01,MD&A content completeness,5,1,5,0.15,100.0,15.0,[MDA_P001],[MDA_P001] MANAGEMENT DISCUSSION AND ANALYSIS,medium,Comprehensive discussion of financial performance and operational results.,none,2026-06-20T09:17:12+00:00,2026-06-20T09:17:35+00:00,2026-06-15,qwen3:8b,ollama,0.0,42,4096,192,false,false,ollama_format_schema,mda_single_dimension_context_v2,2026-06-20T09:17:35+00:00,06_scoring/05_raw_model_outputs/mda_final_full/MDA_3662_MFLOUR_2021_AR01_attempt_1.json,06_scoring/03_numeric_checks/mda_v2/MDA_3662_MFLOUR_2021_numeric_checks.json,parsed,valid
MDA_3662_MFLOUR_2021_AR02,MDA_3662_MFLOUR_2021,mda,mda_disclosure_quality,mda_general_quality,initial,local_qwen3_8b,AR02,MD&A internal numeric consistency and traceability,3,1,5,0.25,50.0,12.5,[MDA_P001],[MDA_P001] MANAGEMENT DISCUSSION AND ANALYSIS,medium,"Python numeric_checker: numeric_check_summary indicates moderate consistency, but no calculable changes or consistent checks are mentioned",none,2026-06-20T09:17:12+00:00,2026-06-20T09:17:35+00:00,2026-06-15,qwen3:8b,ollama,0.0,42,4096,192,false,false,ollama_format_schema,mda_single_dimension_context_v2,2026-06-20T09:17:35+00:00,06_scoring/05_raw_model_outputs/mda_final_full/MDA_3662_MFLOUR_2021_AR02_attempt_1.json,06_scoring/03_numeric_checks/mda_v2/MDA_3662_MFLOUR_2021_numeric_checks.json,parsed,valid
MDA_3662_MFLOUR_2021_AR03,MDA_3662_MFLOUR_2021,mda,mda_disclosure_quality,mda_general_quality,initial,local_qwen3_8b,AR03,Operating analysis specificity,4,1,5,0.3,75.0,22.5,[MDA_P002],"[MDA_P002] ANNUAL REPORT 2021 - Malayan Flour Mills Berhad to favourable margin arising from higher sales volume of fl our and increased selling prices in 2021. On the contrary, grains trading business recorded an operating loss for fi nanc",medium,Discusses operating performance with specific financial metrics and segment analysis.,none,2026-06-20T09:17:12+00:00,2026-06-20T09:17:35+00:00,2026-06-15,qwen3:8b,ollama,0.0,42,4096,192,false,false,ollama_format_schema,mda_single_dimension_context_v2,2026-06-20T09:17:35+00:00,06_scoring/05_raw_model_outputs/mda_final_full/MDA_3662_MFLOUR_2021_AR03_attempt_1.json,06_scoring/03_numeric_checks/mda_v2/MDA_3662_MFLOUR_2021_numeric_checks.json,parsed,valid
MDA_3662_MFLOUR_2021_AR04,MDA_3662_MFLOUR_2021,mda,mda_disclosure_quality,mda_general_quality,initial,local_qwen3_8b,AR04,MD&A internal risk and forward-looking disclosure,4,1,5,0.2,75.0,15.0,[MDA_P003],"[MDA_P003] Our Group’s Earnings before interest, taxes, depreciation and amortisation (“EBITDA”) from continuing operations after fair value loss arising from remeasurement of contingent consideration receivable and provision for profi t gu",medium,"Discusses revenue growth, cost factors, and segment performance with forward-looking statements.",none,2026-06-20T09:17:12+00:00,2026-06-20T09:17:35+00:00,2026-06-15,qwen3:8b,ollama,0.0,42,4096,192,false,false,ollama_format_schema,mda_single_dimension_context_v2,2026-06-20T09:17:35+00:00,06_scoring/05_raw_model_outputs/mda_final_full/MDA_3662_MFLOUR_2021_AR04_attempt_1.json,06_scoring/03_numeric_checks/mda_v2/MDA_3662_MFLOUR_2021_numeric_checks.json,parsed,valid
MDA_3662_MFLOUR_2021_AR05,MDA_3662_MFLOUR_2021,mda,mda_disclosure_quality,mda_general_quality,initial,local_qwen3_8b,AR05,MD&A readability and structural clarity,4,1,5,0.1,75.0,7.5,[MDA_P001],[MDA_P001] MANAGEMENT DISCUSSION AND ANALYSIS,medium,Clear structure and logical flow in discussing financial performance and operational challenges.,none,2026-06-20T09:17:12+00:00,2026-06-20T09:17:35+00:00,2026-06-15,qwen3:8b,ollama,0.0,42,4096,192,false,false,ollama_format_schema,mda_single_dimension_context_v2,2026-06-20T09:17:35+00:00,06_scoring/05_raw_model_outputs/mda_final_full/MDA_3662_MFLOUR_2021_AR05_attempt_1.json,06_scoring/03_numeric_checks/mda_v2/MDA_3662_MFLOUR_2021_numeric_checks.json,parsed,valid
MDA_3662_MFLOUR_2022_AR01,MDA_3662_MFLOUR_2022,mda,mda_disclosure_quality,mda_general_quality,initial,local_qwen3_8b,AR01,MD&A content completeness,5,1,5,0.15,100.0,15.0,[MDA_P001],[MDA_P001] MANAGEMENT DISCUSSION AND ANALYSIS,medium,Comprehensive discussion of factors affecting business performance and financial results.,none,2026-06-20T09:17:35+00:00,2026-06-20T09:17:59+00:00,2026-06-15,qwen3:8b,ollama,0.0,42,4096,192,false,false,ollama_format_schema,mda_single_dimension_context_v2,2026-06-20T09:17:59+00:00,06_scoring/05_raw_model_outputs/mda_final_full/MDA_3662_MFLOUR_2022_AR01_attempt_1.json,06_scoring/03_numeric_checks/mda_v2/MDA_3662_MFLOUR_2022_numeric_checks.json,parsed,valid
MDA_3662_MFLOUR_2022_AR02,MDA_3662_MFLOUR_2022,mda,mda_disclosure_quality,mda_general_quality,initial,local_qwen3_8b,AR02,MD&A internal numeric consistency and traceability,3,1,5,0.25,50.0,12.5,[MDA_P001],[MDA_P001] MANAGEMENT DISCUSSION AND ANALYSIS,medium,"Python numeric_checker: numeric_check_summary indicates not enough numbers for consistency checks, but financial discussions are present",none,2026-06-20T09:17:35+00:00,2026-06-20T09:17:59+00:00,2026-06-15,qwen3:8b,ollama,0.0,42,4096,192,false,false,ollama_format_schema,mda_single_dimension_context_v2,2026-06-20T09:17:59+00:00,06_scoring/05_raw_model_outputs/mda_final_full/MDA_3662_MFLOUR_2022_AR02_attempt_1.json,06_scoring/03_numeric_checks/mda_v2/MDA_3662_MFLOUR_2022_numeric_checks.json,parsed,valid
MDA_3662_MFLOUR_2022_AR03,MDA_3662_MFLOUR_2022,mda,mda_disclosure_quality,mda_general_quality,initial,local_qwen3_8b,AR03,Operating analysis specificity,2,1,5,0.3,25.0,7.5,[MDA_P002],"[MDA_P002] Annual Report 2022 - Malayan Flour Mills Berhad MANAGEMENT DISCUSSION AND ANALYSIS (CONT’D) Financial Performance Highlights In the financial year ended 31 December 2022 (“FY2022”), MFM performed commendably, delivering a set of",medium,Discussion lacks specific operating metrics and analysis depth.,none,2026-06-20T09:17:35+00:00,2026-06-20T09:17:59+00:00,2026-06-15,qwen3:8b,ollama,0.0,42,4096,192,false,false,ollama_format_schema,mda_single_dimension_context_v2,2026-06-20T09:17:59+00:00,06_scoring/05_raw_model_outputs/mda_final_full/MDA_3662_MFLOUR_2022_AR03_attempt_1.json,06_scoring/03_numeric_checks/mda_v2/MDA_3662_MFLOUR_2022_numeric_checks.json,parsed,valid
MDA_3662_MFLOUR_2022_AR04,MDA_3662_MFLOUR_2022,mda,mda_disclosure_quality,mda_general_quality,initial,local_qwen3_8b,AR04,MD&A internal risk and forward-looking disclosure,4,1,5,0.2,75.0,15.0,[MDA_P003],"[MDA_P003] MFM saw a confluence of factors affecting our FGT business, namely the geopolitical conflict in Europe, the economic impact from inflationary pressure which ultimately drove up commodity prices along with interest rates, as well",medium,Discusses internal risks and forward-looking outlook with specific factors and financial impacts.,none,2026-06-20T09:17:35+00:00,2026-06-20T09:17:59+00:00,2026-06-15,qwen3:8b,ollama,0.0,42,4096,192,false,false,ollama_format_schema,mda_single_dimension_context_v2,2026-06-20T09:17:59+00:00,06_scoring/05_raw_model_outputs/mda_final_full/MDA_3662_MFLOUR_2022_AR04_attempt_1.json,06_scoring/03_numeric_checks/mda_v2/MDA_3662_MFLOUR_2022_numeric_checks.json,parsed,valid
MDA_3662_MFLOUR_2022_AR05,MDA_3662_MFLOUR_2022,mda,mda_disclosure_quality,mda_general_quality,initial,local_qwen3_8b,AR05,MD&A readability and structural clarity,2,1,5,0.1,25.0,2.5,[MDA_P001],[MDA_P001] MANAGEMENT DISCUSSION AND ANALYSIS,medium,"Paragraph lacks clear structure and flow, with abrupt transitions between topics.",none,2026-06-20T09:17:35+00:00,2026-06-20T09:17:59+00:00,2026-06-15,qwen3:8b,ollama,0.0,42,4096,192,false,false,ollama_format_schema,mda_single_dimension_context_v2,2026-06-20T09:17:59+00:00,06_scoring/05_raw_model_outputs/mda_final_full/MDA_3662_MFLOUR_2022_AR05_attempt_1.json,06_scoring/03_numeric_checks/mda_v2/MDA_3662_MFLOUR_2022_numeric_checks.json,parsed,valid
MDA_3662_MFLOUR_2023_AR01,MDA_3662_MFLOUR_2023,mda,mda_disclosure_quality,mda_general_quality,initial,local_qwen3_8b,AR01,MD&A content completeness,4,1,5,0.15,75.0,11.25,[MDA_P001],[MDA_P001] MANAGEMENT DISCUSSION AND ANALYSIS,medium,"Discusses revenue, profit, and operational factors affecting financial performance.",none,2026-06-20T09:17:59+00:00,2026-06-20T09:18:24+00:00,2026-06-15,qwen3:8b,ollama,0.0,42,4096,192,false,false,ollama_format_schema,mda_single_dimension_context_v2,2026-06-20T09:18:24+00:00,06_scoring/05_raw_model_outputs/mda_final_full/MDA_3662_MFLOUR_2023_AR01_attempt_1.json,06_scoring/03_numeric_checks/mda_v2/MDA_3662_MFLOUR_2023_numeric_checks.json,parsed,valid
MDA_3662_MFLOUR_2023_AR02,MDA_3662_MFLOUR_2023,mda,mda_disclosure_quality,mda_general_quality,initial,local_qwen3_8b,AR02,MD&A internal numeric consistency and traceability,3,1,5,0.25,50.0,12.5,[MDA_P001],[MDA_P001] MANAGEMENT DISCUSSION AND ANALYSIS,medium,Python numeric_checker: numeric_check_summary indicates not enough numbers for consistency checks,none,2026-06-20T09:17:59+00:00,2026-06-20T09:18:24+00:00,2026-06-15,qwen3:8b,ollama,0.0,42,4096,192,false,false,ollama_format_schema,mda_single_dimension_context_v2,2026-06-20T09:18:24+00:00,06_scoring/05_raw_model_outputs/mda_final_full/MDA_3662_MFLOUR_2023_AR02_attempt_1.json,06_scoring/03_numeric_checks/mda_v2/MDA_3662_MFLOUR_2023_numeric_checks.json,parsed,valid
MDA_3662_MFLOUR_2023_AR03,MDA_3662_MFLOUR_2023,mda,mda_disclosure_quality,mda_general_quality,initial,local_qwen3_8b,AR03,Operating analysis specificity,4,1,5,0.3,75.0,22.5,[MDA_P002],"[MDA_P002] Annual Report 2023 | Malayan Flour Mills Berhad 23 Financial Performance Highlights To begin with, the operating activities that contribute to MFM’s consolidated revenue are from the Flour and Grain Trading (“FGT”) and aquafeed b",medium,"Discusses revenue growth, cost volatility, and margin improvements with specific figures.",none,2026-06-20T09:17:59+00:00,2026-06-20T09:18:24+00:00,2026-06-15,qwen3:8b,ollama,0.0,42,4096,192,false,false,ollama_format_schema,mda_single_dimension_context_v2,2026-06-20T09:18:24+00:00,06_scoring/05_raw_model_outputs/mda_final_full/MDA_3662_MFLOUR_2023_AR03_attempt_1.json,06_scoring/03_numeric_checks/mda_v2/MDA_3662_MFLOUR_2023_numeric_checks.json,parsed,valid
MDA_3662_MFLOUR_2023_AR04,MDA_3662_MFLOUR_2023,mda,mda_disclosure_quality,mda_general_quality,initial,local_qwen3_8b,AR04,MD&A internal risk and forward-looking disclosure,2,1,5,0.2,25.0,5.0,[MDA_P002],"[MDA_P002] Annual Report 2023 | Malayan Flour Mills Berhad 23 Financial Performance Highlights To begin with, the operating activities that contribute to MFM’s consolidated revenue are from the Flour and Grain Trading (“FGT”) and aquafeed b",medium,Limited forward-looking disclosure on risks and financial performance,none,2026-06-20T09:17:59+00:00,2026-06-20T09:18:24+00:00,2026-06-15,qwen3:8b,ollama,0.0,42,4096,192,false,false,ollama_format_schema,mda_single_dimension_context_v2,2026-06-20T09:18:24+00:00,06_scoring/05_raw_model_outputs/mda_final_full/MDA_3662_MFLOUR_2023_AR04_attempt_1.json,06_scoring/03_numeric_checks/mda_v2/MDA_3662_MFLOUR_2023_numeric_checks.json,parsed,valid
MDA_3662_MFLOUR_2023_AR05,MDA_3662_MFLOUR_2023,mda,mda_disclosure_quality,mda_general_quality,initial,local_qwen3_8b,AR05,MD&A readability and structural clarity,4,1,5,0.1,75.0,7.5,[MDA_P001],[MDA_P001] MANAGEMENT DISCUSSION AND ANALYSIS,medium,Clear financial figures and comparisons provided with minimal ambiguity.,none,2026-06-20T09:17:59+00:00,2026-06-20T09:18:24+00:00,2026-06-15,qwen3:8b,ollama,0.0,42,4096,192,false,false,ollama_format_schema,mda_single_dimension_context_v2,2026-06-20T09:18:24+00:00,06_scoring/05_raw_model_outputs/mda_final_full/MDA_3662_MFLOUR_2023_AR05_attempt_1.json,06_scoring/03_numeric_checks/mda_v2/MDA_3662_MFLOUR_2023_numeric_checks.json,parsed,valid
MDA_3662_MFLOUR_2024_AR01,MDA_3662_MFLOUR_2024,mda,mda_disclosure_quality,mda_general_quality,initial,local_qwen3_8b,AR01,MD&A content completeness,4,1,5,0.15,75.0,11.25,[MDA_P001],[MDA_P001] Management Discussion and Analysis,medium,"Discusses financial performance, drivers, and risks but lacks detailed margin or segment analysis.",none,2026-06-20T09:18:24+00:00,2026-06-20T09:18:49+00:00,2026-06-15,qwen3:8b,ollama,0.0,42,4096,192,false,false,ollama_format_schema,mda_single_dimension_context_v2,2026-06-20T09:18:49+00:00,06_scoring/05_raw_model_outputs/mda_final_full/MDA_3662_MFLOUR_2024_AR01_attempt_1.json,06_scoring/03_numeric_checks/mda_v2/MDA_3662_MFLOUR_2024_numeric_checks.json,parsed,valid
MDA_3662_MFLOUR_2024_AR02,MDA_3662_MFLOUR_2024,mda,mda_disclosure_quality,mda_general_quality,initial,local_qwen3_8b,AR02,MD&A internal numeric consistency and traceability,3,1,5,0.25,50.0,12.5,[MDA_P001],[MDA_P001] Management Discussion and Analysis,medium,"Python numeric_checker: numeric_check_summary indicates not enough numbers for consistency checks, but financial mentions are present",none,2026-06-20T09:18:24+00:00,2026-06-20T09:18:49+00:00,2026-06-15,qwen3:8b,ollama,0.0,42,4096,192,false,false,ollama_format_schema,mda_single_dimension_context_v2,2026-06-20T09:18:49+00:00,06_scoring/05_raw_model_outputs/mda_final_full/MDA_3662_MFLOUR_2024_AR02_attempt_1.json,06_scoring/03_numeric_checks/mda_v2/MDA_3662_MFLOUR_2024_numeric_checks.json,parsed,valid
MDA_3662_MFLOUR_2024_AR03,MDA_3662_MFLOUR_2024,mda,mda_disclosure_quality,mda_general_quality,initial,local_qwen3_8b,AR03,Operating analysis specificity,4,1,5,0.3,75.0,22.5,[MDA_P002],"[MDA_P002] ANNUAL REPORT 2024 | Malayan Flour Mills Berhad 25 Similarly, in aquaculture, we are committed to continuous innovation and refi nement of our products to enhance the quality of our aqua feeds and better meet client specifi catio",medium,"Discusses revenue, profit, and cost drivers with specific financial figures.",none,2026-06-20T09:18:24+00:00,2026-06-20T09:18:49+00:00,2026-06-15,qwen3:8b,ollama,0.0,42,4096,192,false,false,ollama_format_schema,mda_single_dimension_context_v2,2026-06-20T09:18:49+00:00,06_scoring/05_raw_model_outputs/mda_final_full/MDA_3662_MFLOUR_2024_AR03_attempt_1.json,06_scoring/03_numeric_checks/mda_v2/MDA_3662_MFLOUR_2024_numeric_checks.json,parsed,valid
MDA_3662_MFLOUR_2024_AR04,MDA_3662_MFLOUR_2024,mda,mda_disclosure_quality,mda_general_quality,initial,local_qwen3_8b,AR04,MD&A internal risk and forward-looking disclosure,4,1,5,0.2,75.0,15.0,[MDA_P002],"[MDA_P002] ANNUAL REPORT 2024 | Malayan Flour Mills Berhad 25 Similarly, in aquaculture, we are committed to continuous innovation and refi nement of our products to enhance the quality of our aqua feeds and better meet client specifi catio",medium,"Discusses financial performance, risks, and forward-looking statements about segments and market conditions.",none,2026-06-20T09:18:24+00:00,2026-06-20T09:18:49+00:00,2026-06-15,qwen3:8b,ollama,0.0,42,4096,192,false,false,ollama_format_schema,mda_single_dimension_context_v2,2026-06-20T09:18:49+00:00,06_scoring/05_raw_model_outputs/mda_final_full/MDA_3662_MFLOUR_2024_AR04_attempt_1.json,06_scoring/03_numeric_checks/mda_v2/MDA_3662_MFLOUR_2024_numeric_checks.json,parsed,valid
MDA_3662_MFLOUR_2024_AR05,MDA_3662_MFLOUR_2024,mda,mda_disclosure_quality,mda_general_quality,initial,local_qwen3_8b,AR05,MD&A readability and structural clarity,4,1,5,0.1,75.0,7.5,[MDA_P001],[MDA_P001] Management Discussion and Analysis,medium,Clear financial results and metrics with contextual explanation,none,2026-06-20T09:18:24+00:00,2026-06-20T09:18:49+00:00,2026-06-15,qwen3:8b,ollama,0.0,42,4096,192,false,false,ollama_format_schema,mda_single_dimension_context_v2,2026-06-20T09:18:49+00:00,06_scoring/05_raw_model_outputs/mda_final_full/MDA_3662_MFLOUR_2024_AR05_attempt_1.json,06_scoring/03_numeric_checks/mda_v2/MDA_3662_MFLOUR_2024_numeric_checks.json,parsed,valid
MDA_3689_FN_2020_AR01,MDA_3689_FN_2020,mda,mda_disclosure_quality,mda_general_quality,initial,local_qwen3_8b,AR01,MD&A content completeness,4,1,5,0.15,75.0,11.25,[MDA_P001],"[MDA_P001] BUSINESS REVIEW: Food and Beverages Malaysia Managing Director, Domestic Commercial Operations (Peninsular Malaysia) Bryan Lee Chee Kong Director, Domestic Commercial Operations (East Malaysia & Brunei) Bart Lim Siang Chin",medium,"Discusses market challenges, innovations, and strategic responses relevant to MD&A completeness.",none,2026-06-20T09:18:49+00:00,2026-06-20T09:19:12+00:00,2026-06-15,qwen3:8b,ollama,0.0,42,4096,192,false,false,ollama_format_schema,mda_single_dimension_context_v2,2026-06-20T09:19:12+00:00,06_scoring/05_raw_model_outputs/mda_final_full/MDA_3689_FN_2020_AR01_attempt_1.json,06_scoring/03_numeric_checks/mda_v2/MDA_3689_FN_2020_numeric_checks.json,parsed,valid
MDA_3689_FN_2020_AR02,MDA_3689_FN_2020,mda,mda_disclosure_quality,mda_general_quality,initial,local_qwen3_8b,AR02,MD&A internal numeric consistency and traceability,4,1,5,0.25,75.0,18.75,[MDA_P001],"[MDA_P001] BUSINESS REVIEW: Food and Beverages Malaysia Managing Director, Domestic Commercial Operations (Peninsular Malaysia) Bryan Lee Chee Kong Director, Domestic Commercial Operations (East Malaysia & Brunei) Bart Lim Siang Chin",medium,Python numeric_checker: numeric_check_summary indicates strong consistency with no discrepancies,none,2026-06-20T09:18:49+00:00,2026-06-20T09:19:12+00:00,2026-06-15,qwen3:8b,ollama,0.0,42,4096,192,false,false,ollama_format_schema,mda_single_dimension_context_v2,2026-06-20T09:19:12+00:00,06_scoring/05_raw_model_outputs/mda_final_full/MDA_3689_FN_2020_AR02_attempt_1.json,06_scoring/03_numeric_checks/mda_v2/MDA_3689_FN_2020_numeric_checks.json,parsed,valid
MDA_3689_FN_2020_AR03,MDA_3689_FN_2020,mda,mda_disclosure_quality,mda_general_quality,initial,local_qwen3_8b,AR03,Operating analysis specificity,2,1,5,0.3,25.0,7.5,[MDA_P002],"[MDA_P002] ANNUAL REPORT 2020 md&a Complementing online sales, we strengthened our route to market by partnering other merchants as well as F&B outlets with whom we bundled our products. We also penetrated deeper into previously unserved ar",medium,Lacks discussion on operating margins or cost structure.,none,2026-06-20T09:18:49+00:00,2026-06-20T09:19:12+00:00,2026-06-15,qwen3:8b,ollama,0.0,42,4096,192,false,false,ollama_format_schema,mda_single_dimension_context_v2,2026-06-20T09:19:12+00:00,06_scoring/05_raw_model_outputs/mda_final_full/MDA_3689_FN_2020_AR03_attempt_1.json,06_scoring/03_numeric_checks/mda_v2/MDA_3689_FN_2020_numeric_checks.json,parsed,valid
MDA_3689_FN_2020_AR04,MDA_3689_FN_2020,mda,mda_disclosure_quality,mda_general_quality,initial,local_qwen3_8b,AR04,MD&A internal risk and forward-looking disclosure,2,1,5,0.2,25.0,5.0,[MDA_P007],"[MDA_P007] BUSINESS REVIEW: Food and Beverages Malaysia (Cont’d.) OUTLOOK The immediate future is wrought with the ongoing pandemic as well as local and global uncertainties. Despite the volatile landscape, we have been able to discern emer",medium,Outlook section lacks specific forward-looking financial disclosures required for AR04.,none,2026-06-20T09:18:49+00:00,2026-06-20T09:19:12+00:00,2026-06-15,qwen3:8b,ollama,0.0,42,4096,192,false,false,ollama_format_schema,mda_single_dimension_context_v2,2026-06-20T09:19:12+00:00,06_scoring/05_raw_model_outputs/mda_final_full/MDA_3689_FN_2020_AR04_attempt_1.json,06_scoring/03_numeric_checks/mda_v2/MDA_3689_FN_2020_numeric_checks.json,parsed,valid
MDA_3689_FN_2020_AR05,MDA_3689_FN_2020,mda,mda_disclosure_quality,mda_general_quality,initial,local_qwen3_8b,AR05,MD&A readability and structural clarity,5,1,5,0.1,100.0,10.0,[MDA_P001],"[MDA_P001] BUSINESS REVIEW: Food and Beverages Malaysia Managing Director, Domestic Commercial Operations (Peninsular Malaysia) Bryan Lee Chee Kong Director, Domestic Commercial Operations (East Malaysia & Brunei) Bart Lim Siang Chin",medium,Clear structure and concise explanation of business activities and initiatives.,none,2026-06-20T09:18:49+00:00,2026-06-20T09:19:12+00:00,2026-06-15,qwen3:8b,ollama,0.0,42,4096,192,false,false,ollama_format_schema,mda_single_dimension_context_v2,2026-06-20T09:19:12+00:00,06_scoring/05_raw_model_outputs/mda_final_full/MDA_3689_FN_2020_AR05_attempt_1.json,06_scoring/03_numeric_checks/mda_v2/MDA_3689_FN_2020_numeric_checks.json,parsed,valid
MDA_3689_FN_2021_AR01,MDA_3689_FN_2021,mda,mda_disclosure_quality,mda_general_quality,initial,local_qwen3_8b,AR01,MD&A content completeness,4,1,5,0.15,75.0,11.25,[MDA_P001],[MDA_P001] Management Discussion & Analysis,medium,"Discusses market challenges, economic impacts, and operational risks relevant to MD&A content completeness.",none,2026-06-20T09:19:12+00:00,2026-06-20T09:19:37+00:00,2026-06-15,qwen3:8b,ollama,0.0,42,4096,192,false,false,ollama_format_schema,mda_single_dimension_context_v2,2026-06-20T09:19:37+00:00,06_scoring/05_raw_model_outputs/mda_final_full/MDA_3689_FN_2021_AR01_attempt_1.json,06_scoring/03_numeric_checks/mda_v2/MDA_3689_FN_2021_numeric_checks.json,parsed,valid
MDA_3689_FN_2021_AR02,MDA_3689_FN_2021,mda,mda_disclosure_quality,mda_general_quality,initial,local_qwen3_8b,AR02,MD&A internal numeric consistency and traceability,3,1,5,0.25,50.0,12.5,[MDA_P002],"[MDA_P002] Market Review FY2021 has been signiﬁcantly more challenging than FY2020 for our Malaysian, Thai and Export operations for three main reasons: Covid-19, the increase in price of commodities, as well as that of freight charges. In",medium,"Python numeric_checker: numeric_check_summary indicates moderate consistency, but no calculable changes or checks are mentioned.",none,2026-06-20T09:19:12+00:00,2026-06-20T09:19:37+00:00,2026-06-15,qwen3:8b,ollama,0.0,42,4096,192,false,false,ollama_format_schema,mda_single_dimension_context_v2,2026-06-20T09:19:37+00:00,06_scoring/05_raw_model_outputs/mda_final_full/MDA_3689_FN_2021_AR02_attempt_1.json,06_scoring/03_numeric_checks/mda_v2/MDA_3689_FN_2021_numeric_checks.json,parsed,valid
MDA_3689_FN_2021_AR03,MDA_3689_FN_2021,mda,mda_disclosure_quality,mda_general_quality,initial,local_qwen3_8b,AR03,Operating analysis specificity,2,1,5,0.3,25.0,7.5,[MDA_P002],"[MDA_P002] Market Review FY2021 has been signiﬁcantly more challenging than FY2020 for our Malaysian, Thai and Export operations for three main reasons: Covid-19, the increase in price of commodities, as well as that of freight charges. In",medium,Lacks specific operating analysis metrics or financial data,none,2026-06-20T09:19:12+00:00,2026-06-20T09:19:37+00:00,2026-06-15,qwen3:8b,ollama,0.0,42,4096,192,false,false,ollama_format_schema,mda_single_dimension_context_v2,2026-06-20T09:19:37+00:00,06_scoring/05_raw_model_outputs/mda_final_full/MDA_3689_FN_2021_AR03_attempt_1.json,06_scoring/03_numeric_checks/mda_v2/MDA_3689_FN_2021_numeric_checks.json,parsed,valid
MDA_3689_FN_2021_AR04,MDA_3689_FN_2021,mda,mda_disclosure_quality,mda_general_quality,initial,local_qwen3_8b,AR04,MD&A internal risk and forward-looking disclosure,4,1,5,0.2,75.0,15.0,[MDA_P002],"[MDA_P002] Market Review FY2021 has been signiﬁcantly more challenging than FY2020 for our Malaysian, Thai and Export operations for three main reasons: Covid-19, the increase in price of commodities, as well as that of freight charges. In",medium,"Discusses risks from pandemic, commodity prices, and freight costs with contextual references.",none,2026-06-20T09:19:12+00:00,2026-06-20T09:19:37+00:00,2026-06-15,qwen3:8b,ollama,0.0,42,4096,192,false,false,ollama_format_schema,mda_single_dimension_context_v2,2026-06-20T09:19:37+00:00,06_scoring/05_raw_model_outputs/mda_final_full/MDA_3689_FN_2021_AR04_attempt_1.json,06_scoring/03_numeric_checks/mda_v2/MDA_3689_FN_2021_numeric_checks.json,parsed,valid
MDA_3689_FN_2021_AR05,MDA_3689_FN_2021,mda,mda_disclosure_quality,mda_general_quality,initial,local_qwen3_8b,AR05,MD&A readability and structural clarity,4,1,5,0.1,75.0,7.5,[MDA_P001],[MDA_P001] Management Discussion & Analysis,medium,Clear structure with concise sections and logical flow.,none,2026-06-20T09:19:12+00:00,2026-06-20T09:19:37+00:00,2026-06-15,qwen3:8b,ollama,0.0,42,4096,192,false,false,ollama_format_schema,mda_single_dimension_context_v2,2026-06-20T09:19:37+00:00,06_scoring/05_raw_model_outputs/mda_final_full/MDA_3689_FN_2021_AR05_attempt_1.json,06_scoring/03_numeric_checks/mda_v2/MDA_3689_FN_2021_numeric_checks.json,parsed,valid
MDA_3689_FN_2022_AR01,MDA_3689_FN_2022,mda,mda_disclosure_quality,mda_general_quality,initial,local_qwen3_8b,AR01,MD&A content completeness,2,1,5,0.15,25.0,3.75,[MDA_P001],"[MDA_P001] Management Discussion & Analysis Strategic Review Market Review OUR OPERATING LANDSCAPE The year 2022 has been marked by two key and opposing factors. Positively, it has seen the gradual unravelling of movement and social restric",medium,Lacks detailed discussion on margins and segment performance.,none,2026-06-20T09:19:37+00:00,2026-06-20T09:20:03+00:00,2026-06-15,qwen3:8b,ollama,0.0,42,4096,192,false,false,ollama_format_schema,mda_single_dimension_context_v2,2026-06-20T09:20:03+00:00,06_scoring/05_raw_model_outputs/mda_final_full/MDA_3689_FN_2022_AR01_attempt_1.json,06_scoring/03_numeric_checks/mda_v2/MDA_3689_FN_2022_numeric_checks.json,parsed,valid
MDA_3689_FN_2022_AR02,MDA_3689_FN_2022,mda,mda_disclosure_quality,mda_general_quality,initial,local_qwen3_8b,AR02,MD&A internal numeric consistency and traceability,2,1,5,0.25,25.0,6.25,[MDA_P001],"[MDA_P001] Management Discussion & Analysis Strategic Review Market Review OUR OPERATING LANDSCAPE The year 2022 has been marked by two key and opposing factors. Positively, it has seen the gradual unravelling of movement and social restric",medium,Python numeric_checker: numeric_check_summary indicates weak numeric consistency with 1 material discrepancy in segment revenue,none,2026-06-20T09:19:37+00:00,2026-06-20T09:20:03+00:00,2026-06-15,qwen3:8b,ollama,0.0,42,4096,192,false,false,ollama_format_schema,mda_single_dimension_context_v2,2026-06-20T09:20:03+00:00,06_scoring/05_raw_model_outputs/mda_final_full/MDA_3689_FN_2022_AR02_attempt_1.json,06_scoring/03_numeric_checks/mda_v2/MDA_3689_FN_2022_numeric_checks.json,parsed,valid
MDA_3689_FN_2022_AR03,MDA_3689_FN_2022,mda,mda_disclosure_quality,mda_general_quality,initial,local_qwen3_8b,AR03,Operating analysis specificity,2,1,5,0.3,25.0,7.5,[MDA_P001],"[MDA_P001] Management Discussion & Analysis Strategic Review Market Review OUR OPERATING LANDSCAPE The year 2022 has been marked by two key and opposing factors. Positively, it has seen the gradual unravelling of movement and social restric",medium,Lacks specific operating analysis metrics or data points.,none,2026-06-20T09:19:37+00:00,2026-06-20T09:20:03+00:00,2026-06-15,qwen3:8b,ollama,0.0,42,4096,192,false,false,ollama_format_schema,mda_single_dimension_context_v2,2026-06-20T09:20:03+00:00,06_scoring/05_raw_model_outputs/mda_final_full/MDA_3689_FN_2022_AR03_attempt_1.json,06_scoring/03_numeric_checks/mda_v2/MDA_3689_FN_2022_numeric_checks.json,parsed,valid
MDA_3689_FN_2022_AR04,MDA_3689_FN_2022,mda,mda_disclosure_quality,mda_general_quality,initial,local_qwen3_8b,AR04,MD&A internal risk and forward-looking disclosure,2,1,5,0.2,25.0,5.0,[MDA_P002],"[MDA_P002] Key factors reigning in a fuller recovery are high inflation and muted trade with China, which has enforced several lockdowns in attempts to maintain zero-COVID. Economic growth discrepancy aside, both countries continue to be af",medium,Limited discussion on internal risk factors and forward-looking statements.,none,2026-06-20T09:19:37+00:00,2026-06-20T09:20:03+00:00,2026-06-15,qwen3:8b,ollama,0.0,42,4096,192,false,false,ollama_format_schema,mda_single_dimension_context_v2,2026-06-20T09:20:03+00:00,06_scoring/05_raw_model_outputs/mda_final_full/MDA_3689_FN_2022_AR04_attempt_1.json,06_scoring/03_numeric_checks/mda_v2/MDA_3689_FN_2022_numeric_checks.json,parsed,valid
MDA_3689_FN_2022_AR05,MDA_3689_FN_2022,mda,mda_disclosure_quality,mda_general_quality,initial,local_qwen3_8b,AR05,MD&A readability and structural clarity,2,1,5,0.1,25.0,2.5,[MDA_P001],"[MDA_P001] Management Discussion & Analysis Strategic Review Market Review OUR OPERATING LANDSCAPE The year 2022 has been marked by two key and opposing factors. Positively, it has seen the gradual unravelling of movement and social restric",medium,"Lacks clear structure and logical flow, with disjointed paragraphs and minimal use of headings.",none,2026-06-20T09:19:37+00:00,2026-06-20T09:20:03+00:00,2026-06-15,qwen3:8b,ollama,0.0,42,4096,192,false,false,ollama_format_schema,mda_single_dimension_context_v2,2026-06-20T09:20:03+00:00,06_scoring/05_raw_model_outputs/mda_final_full/MDA_3689_FN_2022_AR05_attempt_1.json,06_scoring/03_numeric_checks/mda_v2/MDA_3689_FN_2022_numeric_checks.json,parsed,valid
MDA_3689_FN_2023_AR01,MDA_3689_FN_2023,mda,mda_disclosure_quality,mda_general_quality,initial,local_qwen3_8b,AR01,MD&A content completeness,2,1,5,0.15,25.0,3.75,[MDA_P001],"[MDA_P001] MANAGEMENT DISCUSSION & ANALYSIS Annual Report 2023 MARKET REVIEW A. Strategic Review In May 2023, the World Health Organization (WHO) declared that COVID-19 “no longer constitutes a public health emergency of international conce",medium,Lacks detailed financial metrics and margin analysis required for completeness,none,2026-06-20T09:20:03+00:00,2026-06-20T09:20:28+00:00,2026-06-15,qwen3:8b,ollama,0.0,42,4096,192,false,false,ollama_format_schema,mda_single_dimension_context_v2,2026-06-20T09:20:28+00:00,06_scoring/05_raw_model_outputs/mda_final_full/MDA_3689_FN_2023_AR01_attempt_1.json,06_scoring/03_numeric_checks/mda_v2/MDA_3689_FN_2023_numeric_checks.json,parsed,valid
MDA_3689_FN_2023_AR02,MDA_3689_FN_2023,mda,mda_disclosure_quality,mda_general_quality,initial,local_qwen3_8b,AR02,MD&A internal numeric consistency and traceability,3,1,5,0.25,50.0,12.5,[MDA_P001],"[MDA_P001] MANAGEMENT DISCUSSION & ANALYSIS Annual Report 2023 MARKET REVIEW A. Strategic Review In May 2023, the World Health Organization (WHO) declared that COVID-19 “no longer constitutes a public health emergency of international conce",medium,Python numeric_checker: numeric_check_summary indicates insufficient numbers for consistency checks,none,2026-06-20T09:20:03+00:00,2026-06-20T09:20:28+00:00,2026-06-15,qwen3:8b,ollama,0.0,42,4096,192,false,false,ollama_format_schema,mda_single_dimension_context_v2,2026-06-20T09:20:28+00:00,06_scoring/05_raw_model_outputs/mda_final_full/MDA_3689_FN_2023_AR02_attempt_1.json,06_scoring/03_numeric_checks/mda_v2/MDA_3689_FN_2023_numeric_checks.json,parsed,valid
MDA_3689_FN_2023_AR03,MDA_3689_FN_2023,mda,mda_disclosure_quality,mda_general_quality,initial,local_qwen3_8b,AR03,Operating analysis specificity,2,1,5,0.3,25.0,7.5,[MDA_P002],"[MDA_P002] In Malaysia, Bank Negara forecasts that the economy will benefit from robust domestic demand, the implementation of major infrastructure projects as well as recovering tourism to expand between 4.0% and 5.0%. Nevertheless, this i",medium,Lacks specific operating analysis metrics or trends,none,2026-06-20T09:20:03+00:00,2026-06-20T09:20:28+00:00,2026-06-15,qwen3:8b,ollama,0.0,42,4096,192,false,false,ollama_format_schema,mda_single_dimension_context_v2,2026-06-20T09:20:28+00:00,06_scoring/05_raw_model_outputs/mda_final_full/MDA_3689_FN_2023_AR03_attempt_1.json,06_scoring/03_numeric_checks/mda_v2/MDA_3689_FN_2023_numeric_checks.json,parsed,valid
MDA_3689_FN_2023_AR04,MDA_3689_FN_2023,mda,mda_disclosure_quality,mda_general_quality,initial,local_qwen3_8b,AR04,MD&A internal risk and forward-looking disclosure,2,1,5,0.2,25.0,5.0,[MDA_P001],"[MDA_P001] MANAGEMENT DISCUSSION & ANALYSIS Annual Report 2023 MARKET REVIEW A. Strategic Review In May 2023, the World Health Organization (WHO) declared that COVID-19 “no longer constitutes a public health emergency of international conce",medium,Lacks specific risk and forward-looking financial disclosures required for AR04,none,2026-06-20T09:20:03+00:00,2026-06-20T09:20:28+00:00,2026-06-15,qwen3:8b,ollama,0.0,42,4096,192,false,false,ollama_format_schema,mda_single_dimension_context_v2,2026-06-20T09:20:28+00:00,06_scoring/05_raw_model_outputs/mda_final_full/MDA_3689_FN_2023_AR04_attempt_1.json,06_scoring/03_numeric_checks/mda_v2/MDA_3689_FN_2023_numeric_checks.json,parsed,valid
MDA_3689_FN_2023_AR05,MDA_3689_FN_2023,mda,mda_disclosure_quality,mda_general_quality,initial,local_qwen3_8b,AR05,MD&A readability and structural clarity,2,1,5,0.1,25.0,2.5,[MDA_P001],"[MDA_P001] MANAGEMENT DISCUSSION & ANALYSIS Annual Report 2023 MARKET REVIEW A. Strategic Review In May 2023, the World Health Organization (WHO) declared that COVID-19 “no longer constitutes a public health emergency of international conce",medium,Paragraph lacks clear structure and fails to provide concise insights on market trends,none,2026-06-20T09:20:03+00:00,2026-06-20T09:20:28+00:00,2026-06-15,qwen3:8b,ollama,0.0,42,4096,192,false,false,ollama_format_schema,mda_single_dimension_context_v2,2026-06-20T09:20:28+00:00,06_scoring/05_raw_model_outputs/mda_final_full/MDA_3689_FN_2023_AR05_attempt_1.json,06_scoring/03_numeric_checks/mda_v2/MDA_3689_FN_2023_numeric_checks.json,parsed,valid
MDA_4065_PPB_2020_AR01,MDA_4065_PPB_2020,mda,mda_disclosure_quality,mda_general_quality,initial,local_qwen3_8b,AR01,MD&A content completeness,4,1,5,0.15,75.0,11.25,[MDA_P001],"[MDA_P001] Financial Review 4,190,690 1,420,933 4,683,776 1,271,628 The Group achieved total revenue of RM4.19 billion, 11% lower than FY2019. This was mainly attributable to lower revenue from the Film exhibition and distribution segment.",medium,"Discusses revenue, profit, segments, and financial position with clear metrics.",none,2026-06-20T09:20:28+00:00,2026-06-20T09:20:57+00:00,2026-06-15,qwen3:8b,ollama,0.0,42,4096,192,false,false,ollama_format_schema,mda_single_dimension_context_v2,2026-06-20T09:20:57+00:00,06_scoring/05_raw_model_outputs/mda_final_full/MDA_4065_PPB_2020_AR01_attempt_1.json,06_scoring/03_numeric_checks/mda_v2/MDA_4065_PPB_2020_numeric_checks.json,parsed,valid
MDA_4065_PPB_2020_AR02,MDA_4065_PPB_2020,mda,mda_disclosure_quality,mda_general_quality,initial,local_qwen3_8b,AR02,MD&A internal numeric consistency and traceability,3,1,5,0.25,50.0,12.5,[MDA_P001],"[MDA_P001] Financial Review 4,190,690 1,420,933 4,683,776 1,271,628 The Group achieved total revenue of RM4.19 billion, 11% lower than FY2019. This was mainly attributable to lower revenue from the Film exhibition and distribution segment.",medium,"Python numeric_checker: numeric_check_summary indicates moderate consistency, but no calculable changes or consistent checks are present.",none,2026-06-20T09:20:28+00:00,2026-06-20T09:20:57+00:00,2026-06-15,qwen3:8b,ollama,0.0,42,4096,192,false,false,ollama_format_schema,mda_single_dimension_context_v2,2026-06-20T09:20:57+00:00,06_scoring/05_raw_model_outputs/mda_final_full/MDA_4065_PPB_2020_AR02_attempt_1.json,06_scoring/03_numeric_checks/mda_v2/MDA_4065_PPB_2020_numeric_checks.json,parsed,valid
MDA_4065_PPB_2020_AR03,MDA_4065_PPB_2020,mda,mda_disclosure_quality,mda_general_quality,initial,local_qwen3_8b,AR03,Operating analysis specificity,2,1,5,0.3,25.0,7.5,[MDA_P001],"[MDA_P001] Financial Review 4,190,690 1,420,933 4,683,776 1,271,628 The Group achieved total revenue of RM4.19 billion, 11% lower than FY2019. This was mainly attributable to lower revenue from the Film exhibition and distribution segment.",medium,Lacks detailed margin and segment analysis despite mentioning segments,none,2026-06-20T09:20:28+00:00,2026-06-20T09:20:57+00:00,2026-06-15,qwen3:8b,ollama,0.0,42,4096,192,false,false,ollama_format_schema,mda_single_dimension_context_v2,2026-06-20T09:20:57+00:00,06_scoring/05_raw_model_outputs/mda_final_full/MDA_4065_PPB_2020_AR03_attempt_1.json,06_scoring/03_numeric_checks/mda_v2/MDA_4065_PPB_2020_numeric_checks.json,parsed,valid
MDA_4065_PPB_2020_AR04,MDA_4065_PPB_2020,mda,mda_disclosure_quality,mda_general_quality,initial,local_qwen3_8b,AR04,MD&A internal risk and forward-looking disclosure,4,1,5,0.2,75.0,15.0,[MDA_P001],"[MDA_P001] Financial Review 4,190,690 1,420,933 4,683,776 1,271,628 The Group achieved total revenue of RM4.19 billion, 11% lower than FY2019. This was mainly attributable to lower revenue from the Film exhibition and distribution segment.",medium,"Discusses revenue, profit, and segment performance with clear financial metrics.",none,2026-06-20T09:20:28+00:00,2026-06-20T09:20:57+00:00,2026-06-15,qwen3:8b,ollama,0.0,42,4096,192,false,false,ollama_format_schema,mda_single_dimension_context_v2,2026-06-20T09:20:57+00:00,06_scoring/05_raw_model_outputs/mda_final_full/MDA_4065_PPB_2020_AR04_attempt_1.json,06_scoring/03_numeric_checks/mda_v2/MDA_4065_PPB_2020_numeric_checks.json,parsed,valid
MDA_4065_PPB_2020_AR05,MDA_4065_PPB_2020,mda,mda_disclosure_quality,mda_general_quality,initial,local_qwen3_8b,AR05,MD&A readability and structural clarity,4,1,5,0.1,75.0,7.5,[MDA_P001],"[MDA_P001] Financial Review 4,190,690 1,420,933 4,683,776 1,271,628 The Group achieved total revenue of RM4.19 billion, 11% lower than FY2019. This was mainly attributable to lower revenue from the Film exhibition and distribution segment.",medium,Clear structure with concise financial data and logical flow.,none,2026-06-20T09:20:28+00:00,2026-06-20T09:20:57+00:00,2026-06-15,qwen3:8b,ollama,0.0,42,4096,192,false,false,ollama_format_schema,mda_single_dimension_context_v2,2026-06-20T09:20:57+00:00,06_scoring/05_raw_model_outputs/mda_final_full/MDA_4065_PPB_2020_AR05_attempt_1.json,06_scoring/03_numeric_checks/mda_v2/MDA_4065_PPB_2020_numeric_checks.json,parsed,valid
MDA_4065_PPB_2021_AR01,MDA_4065_PPB_2021,mda,mda_disclosure_quality,mda_general_quality,initial,local_qwen3_8b,AR01,MD&A content completeness,4,1,5,0.15,75.0,11.25,[MDA_P001],[MDA_P001] Annual Report for a more detailed management discussion and analysis of our business operations and performance in FY2021. COVID-19 Initiatives PPB Group continued to undertake various initiatives to support the community during,medium,"Discusses business operations, performance, and pandemic initiatives.",none,2026-06-20T09:20:57+00:00,2026-06-20T09:21:22+00:00,2026-06-15,qwen3:8b,ollama,0.0,42,4096,192,false,false,ollama_format_schema,mda_single_dimension_context_v2,2026-06-20T09:21:22+00:00,06_scoring/05_raw_model_outputs/mda_final_full/MDA_4065_PPB_2021_AR01_attempt_1.json,06_scoring/03_numeric_checks/mda_v2/MDA_4065_PPB_2021_numeric_checks.json,parsed,valid
MDA_4065_PPB_2021_AR02,MDA_4065_PPB_2021,mda,mda_disclosure_quality,mda_general_quality,initial,local_qwen3_8b,AR02,MD&A internal numeric consistency and traceability,2,1,5,0.25,25.0,6.25,[MDA_P004],"[MDA_P004] GRAINS AND AGRIBUSINESS SEGMENT The Grains and Agribusiness segment is the largest contributor to Group revenue. This segment comprises Flour Milling, Feed Milling, Corn Trading and Livestock Farming, contributing 78% of the Grou",medium,"Python numeric_checker: Segment revenue components sum to 28511.00 but stated total is 67200.00, discrepancy not explained.",none,2026-06-20T09:20:57+00:00,2026-06-20T09:21:22+00:00,2026-06-15,qwen3:8b,ollama,0.0,42,4096,192,false,false,ollama_format_schema,mda_single_dimension_context_v2,2026-06-20T09:21:22+00:00,06_scoring/05_raw_model_outputs/mda_final_full/MDA_4065_PPB_2021_AR02_attempt_1.json,06_scoring/03_numeric_checks/mda_v2/MDA_4065_PPB_2021_numeric_checks.json,parsed,valid
MDA_4065_PPB_2021_AR03,MDA_4065_PPB_2021,mda,mda_disclosure_quality,mda_general_quality,initial,local_qwen3_8b,AR03,Operating analysis specificity,2,1,5,0.3,25.0,7.5,[MDA_P002],"[MDA_P002] MANAGING DIRECTOR’S REVIEW Dear Shareholders, The PPB Group performed satisfactorily in 2021 despite the continuing COVID-19 pandemic. Notwithstanding the difficulties faced by our businesses, the Group results remained stable, d",medium,Lacks detailed operating analysis beyond revenue and profit figures.,none,2026-06-20T09:20:57+00:00,2026-06-20T09:21:22+00:00,2026-06-15,qwen3:8b,ollama,0.0,42,4096,192,false,false,ollama_format_schema,mda_single_dimension_context_v2,2026-06-20T09:21:22+00:00,06_scoring/05_raw_model_outputs/mda_final_full/MDA_4065_PPB_2021_AR03_attempt_1.json,06_scoring/03_numeric_checks/mda_v2/MDA_4065_PPB_2021_numeric_checks.json,parsed,valid
MDA_4065_PPB_2021_AR04,MDA_4065_PPB_2021,mda,mda_disclosure_quality,mda_general_quality,initial,local_qwen3_8b,AR04,MD&A internal risk and forward-looking disclosure,4,1,5,0.2,75.0,15.0,[MDA_P005],[MDA_P005] Flour Milling Animal Feed Milling Navigating the Pandemic FFM Group’s increased revenue for 2021 was due to the higher selling prices and sales volume in both Indonesia and Vietnam. The rise in raw materials cost contributed to t,medium,Discusses risk factors and mitigation strategies related to supply chain and market volatility.,none,2026-06-20T09:20:57+00:00,2026-06-20T09:21:22+00:00,2026-06-15,qwen3:8b,ollama,0.0,42,4096,192,false,false,ollama_format_schema,mda_single_dimension_context_v2,2026-06-20T09:21:22+00:00,06_scoring/05_raw_model_outputs/mda_final_full/MDA_4065_PPB_2021_AR04_attempt_1.json,06_scoring/03_numeric_checks/mda_v2/MDA_4065_PPB_2021_numeric_checks.json,parsed,valid
MDA_4065_PPB_2021_AR05,MDA_4065_PPB_2021,mda,mda_disclosure_quality,mda_general_quality,initial,local_qwen3_8b,AR05,MD&A readability and structural clarity,2,1,5,0.1,25.0,2.5,[MDA_P001],[MDA_P001] Annual Report for a more detailed management discussion and analysis of our business operations and performance in FY2021. COVID-19 Initiatives PPB Group continued to undertake various initiatives to support the community during,medium,Readability is poor with long sentences and lack of clear structure.,none,2026-06-20T09:20:57+00:00,2026-06-20T09:21:22+00:00,2026-06-15,qwen3:8b,ollama,0.0,42,4096,192,false,false,ollama_format_schema,mda_single_dimension_context_v2,2026-06-20T09:21:22+00:00,06_scoring/05_raw_model_outputs/mda_final_full/MDA_4065_PPB_2021_AR05_attempt_1.json,06_scoring/03_numeric_checks/mda_v2/MDA_4065_PPB_2021_numeric_checks.json,parsed,valid
MDA_4065_PPB_2022_AR01,MDA_4065_PPB_2022,mda,mda_disclosure_quality,mda_general_quality,initial,local_qwen3_8b,AR01,MD&A content completeness,4,1,5,0.15,75.0,11.25,[MDA_P001],"[MDA_P001] PPB Group Berhad | Annual Report 2022 PPB Group Berhad | Annual Report 2022 MESSAGES FROM OUR LEADERS Managing director’s review Dear Shareholders, In 2022, Malaysia’s economy strengthened with the reopening of international bord",medium,"Discusses economic environment, revenue, and challenges with sufficient detail.",none,2026-06-20T09:21:22+00:00,2026-06-20T09:21:48+00:00,2026-06-15,qwen3:8b,ollama,0.0,42,4096,192,false,false,ollama_format_schema,mda_single_dimension_context_v2,2026-06-20T09:21:48+00:00,06_scoring/05_raw_model_outputs/mda_final_full/MDA_4065_PPB_2022_AR01_attempt_1.json,06_scoring/03_numeric_checks/mda_v2/MDA_4065_PPB_2022_numeric_checks.json,parsed,valid
MDA_4065_PPB_2022_AR02,MDA_4065_PPB_2022,mda,mda_disclosure_quality,mda_general_quality,initial,local_qwen3_8b,AR02,MD&A internal numeric consistency and traceability,3,1,5,0.25,50.0,12.5,[MDA_P001],"[MDA_P001] PPB Group Berhad | Annual Report 2022 PPB Group Berhad | Annual Report 2022 MESSAGES FROM OUR LEADERS Managing director’s review Dear Shareholders, In 2022, Malaysia’s economy strengthened with the reopening of international bord",medium,"Python numeric_checker: numeric_check_summary indicates moderate consistency, but no specific numeric checks or discrepancies are explained in the selected paragraphs.",none,2026-06-20T09:21:22+00:00,2026-06-20T09:21:48+00:00,2026-06-15,qwen3:8b,ollama,0.0,42,4096,192,false,false,ollama_format_schema,mda_single_dimension_context_v2,2026-06-20T09:21:48+00:00,06_scoring/05_raw_model_outputs/mda_final_full/MDA_4065_PPB_2022_AR02_attempt_1.json,06_scoring/03_numeric_checks/mda_v2/MDA_4065_PPB_2022_numeric_checks.json,parsed,valid
MDA_4065_PPB_2022_AR03,MDA_4065_PPB_2022,mda,mda_disclosure_quality,mda_general_quality,initial,local_qwen3_8b,AR03,Operating analysis specificity,4,1,5,0.3,75.0,22.5,[MDA_P001],"[MDA_P001] PPB Group Berhad | Annual Report 2022 PPB Group Berhad | Annual Report 2022 MESSAGES FROM OUR LEADERS Managing director’s review Dear Shareholders, In 2022, Malaysia’s economy strengthened with the reopening of international bord",medium,"Discusses operating environment, revenue drivers, and segment performance with specificity.",none,2026-06-20T09:21:22+00:00,2026-06-20T09:21:48+00:00,2026-06-15,qwen3:8b,ollama,0.0,42,4096,192,false,false,ollama_format_schema,mda_single_dimension_context_v2,2026-06-20T09:21:48+00:00,06_scoring/05_raw_model_outputs/mda_final_full/MDA_4065_PPB_2022_AR03_attempt_1.json,06_scoring/03_numeric_checks/mda_v2/MDA_4065_PPB_2022_numeric_checks.json,parsed,valid
MDA_4065_PPB_2022_AR04,MDA_4065_PPB_2022,mda,mda_disclosure_quality,mda_general_quality,initial,local_qwen3_8b,AR04,MD&A internal risk and forward-looking disclosure,4,1,5,0.2,75.0,15.0,[MDA_P001],"[MDA_P001] PPB Group Berhad | Annual Report 2022 PPB Group Berhad | Annual Report 2022 MESSAGES FROM OUR LEADERS Managing director’s review Dear Shareholders, In 2022, Malaysia’s economy strengthened with the reopening of international bord",medium,"Discusses economic environment, risks, and forward-looking strategies with sufficient detail.",none,2026-06-20T09:21:22+00:00,2026-06-20T09:21:48+00:00,2026-06-15,qwen3:8b,ollama,0.0,42,4096,192,false,false,ollama_format_schema,mda_single_dimension_context_v2,2026-06-20T09:21:48+00:00,06_scoring/05_raw_model_outputs/mda_final_full/MDA_4065_PPB_2022_AR04_attempt_1.json,06_scoring/03_numeric_checks/mda_v2/MDA_4065_PPB_2022_numeric_checks.json,parsed,valid
MDA_4065_PPB_2022_AR05,MDA_4065_PPB_2022,mda,mda_disclosure_quality,mda_general_quality,initial,local_qwen3_8b,AR05,MD&A readability and structural clarity,4,1,5,0.1,75.0,7.5,[MDA_P001],"[MDA_P001] PPB Group Berhad | Annual Report 2022 PPB Group Berhad | Annual Report 2022 MESSAGES FROM OUR LEADERS Managing director’s review Dear Shareholders, In 2022, Malaysia’s economy strengthened with the reopening of international bord",medium,Clear structure with concise paragraphs and logical flow.,none,2026-06-20T09:21:22+00:00,2026-06-20T09:21:48+00:00,2026-06-15,qwen3:8b,ollama,0.0,42,4096,192,false,false,ollama_format_schema,mda_single_dimension_context_v2,2026-06-20T09:21:48+00:00,06_scoring/05_raw_model_outputs/mda_final_full/MDA_4065_PPB_2022_AR05_attempt_1.json,06_scoring/03_numeric_checks/mda_v2/MDA_4065_PPB_2022_numeric_checks.json,parsed,valid
MDA_4065_PPB_2023_AR01,MDA_4065_PPB_2023,mda,mda_disclosure_quality,mda_general_quality,initial,local_qwen3_8b,AR01,MD&A content completeness,5,1,5,0.15,100.0,15.0,[MDA_P001],[MDA_P001] Managing director’s review Managing director’s review NAVIGATING THE YEAR AND BEYOND PPB Group Berhad remained resilient and committed to sustainable growth to navigate the challenging year. As a conglomerate engaged in diverse b,medium,Comprehensive overview of challenges and strategic responses,none,2026-06-20T09:21:48+00:00,2026-06-20T09:22:13+00:00,2026-06-15,qwen3:8b,ollama,0.0,42,4096,192,false,false,ollama_format_schema,mda_single_dimension_context_v2,2026-06-20T09:22:13+00:00,06_scoring/05_raw_model_outputs/mda_final_full/MDA_4065_PPB_2023_AR01_attempt_1.json,06_scoring/03_numeric_checks/mda_v2/MDA_4065_PPB_2023_numeric_checks.json,parsed,valid
MDA_4065_PPB_2023_AR02,MDA_4065_PPB_2023,mda,mda_disclosure_quality,mda_general_quality,initial,local_qwen3_8b,AR02,MD&A internal numeric consistency and traceability,3,1,5,0.25,50.0,12.5,[MDA_P001],[MDA_P001] Managing director’s review Managing director’s review NAVIGATING THE YEAR AND BEYOND PPB Group Berhad remained resilient and committed to sustainable growth to navigate the challenging year. As a conglomerate engaged in diverse b,medium,Python numeric_checker: Revenue and profit figures are mentioned but no numeric checks or consistency explanations are provided.,none,2026-06-20T09:21:48+00:00,2026-06-20T09:22:13+00:00,2026-06-15,qwen3:8b,ollama,0.0,42,4096,192,false,false,ollama_format_schema,mda_single_dimension_context_v2,2026-06-20T09:22:13+00:00,06_scoring/05_raw_model_outputs/mda_final_full/MDA_4065_PPB_2023_AR02_attempt_1.json,06_scoring/03_numeric_checks/mda_v2/MDA_4065_PPB_2023_numeric_checks.json,parsed,valid
MDA_4065_PPB_2023_AR03,MDA_4065_PPB_2023,mda,mda_disclosure_quality,mda_general_quality,initial,local_qwen3_8b,AR03,Operating analysis specificity,4,1,5,0.3,75.0,22.5,[MDA_P001],[MDA_P001] Managing director’s review Managing director’s review NAVIGATING THE YEAR AND BEYOND PPB Group Berhad remained resilient and committed to sustainable growth to navigate the challenging year. As a conglomerate engaged in diverse b,medium,"Discusses revenue, profit, and market challenges with specific figures and context.",none,2026-06-20T09:21:48+00:00,2026-06-20T09:22:13+00:00,2026-06-15,qwen3:8b,ollama,0.0,42,4096,192,false,false,ollama_format_schema,mda_single_dimension_context_v2,2026-06-20T09:22:13+00:00,06_scoring/05_raw_model_outputs/mda_final_full/MDA_4065_PPB_2023_AR03_attempt_1.json,06_scoring/03_numeric_checks/mda_v2/MDA_4065_PPB_2023_numeric_checks.json,parsed,valid
MDA_4065_PPB_2023_AR04,MDA_4065_PPB_2023,mda,mda_disclosure_quality,mda_general_quality,initial,local_qwen3_8b,AR04,MD&A internal risk and forward-looking disclosure,4,1,5,0.2,75.0,15.0,[MDA_P001],[MDA_P001] Managing director’s review Managing director’s review NAVIGATING THE YEAR AND BEYOND PPB Group Berhad remained resilient and committed to sustainable growth to navigate the challenging year. As a conglomerate engaged in diverse b,medium,"Discusses market challenges, risks, and forward-looking strategies.",none,2026-06-20T09:21:48+00:00,2026-06-20T09:22:13+00:00,2026-06-15,qwen3:8b,ollama,0.0,42,4096,192,false,false,ollama_format_schema,mda_single_dimension_context_v2,2026-06-20T09:22:13+00:00,06_scoring/05_raw_model_outputs/mda_final_full/MDA_4065_PPB_2023_AR04_attempt_1.json,06_scoring/03_numeric_checks/mda_v2/MDA_4065_PPB_2023_numeric_checks.json,parsed,valid
MDA_4065_PPB_2023_AR05,MDA_4065_PPB_2023,mda,mda_disclosure_quality,mda_general_quality,initial,local_qwen3_8b,AR05,MD&A readability and structural clarity,4,1,5,0.1,75.0,7.5,[MDA_P001],[MDA_P001] Managing director’s review Managing director’s review NAVIGATING THE YEAR AND BEYOND PPB Group Berhad remained resilient and committed to sustainable growth to navigate the challenging year. As a conglomerate engaged in diverse b,medium,Clear structure and concise language enhance readability.,none,2026-06-20T09:21:48+00:00,2026-06-20T09:22:13+00:00,2026-06-15,qwen3:8b,ollama,0.0,42,4096,192,false,false,ollama_format_schema,mda_single_dimension_context_v2,2026-06-20T09:22:13+00:00,06_scoring/05_raw_model_outputs/mda_final_full/MDA_4065_PPB_2023_AR05_attempt_1.json,06_scoring/03_numeric_checks/mda_v2/MDA_4065_PPB_2023_numeric_checks.json,parsed,valid
MDA_4065_PPB_2024_AR01,MDA_4065_PPB_2024,mda,mda_disclosure_quality,mda_general_quality,initial,local_qwen3_8b,AR01,MD&A content completeness,2,1,5,0.15,25.0,3.75,[MDA_P001],[MDA_P001] PERFORMANCE REVIEW PPB Group Berhad Annual Report 2024,medium,Lacks detailed discussion on margins and segment performance metrics,none,2026-06-20T09:22:13+00:00,2026-06-20T09:22:29+00:00,2026-06-15,qwen3:8b,ollama,0.0,42,4096,192,false,false,ollama_format_schema,mda_single_dimension_context_v2,2026-06-20T09:22:29+00:00,06_scoring/05_raw_model_outputs/mda_final_full/MDA_4065_PPB_2024_AR01_attempt_1.json,06_scoring/03_numeric_checks/mda_v2/MDA_4065_PPB_2024_numeric_checks.json,parsed,valid
MDA_4065_PPB_2024_AR02,MDA_4065_PPB_2024,mda,mda_disclosure_quality,mda_general_quality,initial,local_qwen3_8b,AR02,MD&A internal numeric consistency and traceability,3,1,5,0.25,50.0,12.5,[MDA_P016],"[MDA_P016] Revenue 5,386 5,721 (5.9) Profit before taxation 1,333 1,488 (10.4) Profit after taxation 1,242 1,421 (12.6) Profit attributable to owners of the parent 1,219 1,394 (12.6)",medium,"Python numeric_checker: numeric_check_summary indicates not enough numbers for consistency checks, but financial data is present without explanation",none,2026-06-20T09:22:13+00:00,2026-06-20T09:22:29+00:00,2026-06-15,qwen3:8b,ollama,0.0,42,4096,192,false,false,ollama_format_schema,mda_single_dimension_context_v2,2026-06-20T09:22:29+00:00,06_scoring/05_raw_model_outputs/mda_final_full/MDA_4065_PPB_2024_AR02_attempt_1.json,06_scoring/03_numeric_checks/mda_v2/MDA_4065_PPB_2024_numeric_checks.json,parsed,valid
MDA_4065_PPB_2024_AR03,MDA_4065_PPB_2024,mda,mda_disclosure_quality,mda_general_quality,initial,local_qwen3_8b,AR03,Operating analysis specificity,2,1,5,0.3,25.0,7.5,[MDA_P016],"[MDA_P016] Revenue 5,386 5,721 (5.9) Profit before taxation 1,333 1,488 (10.4) Profit after taxation 1,242 1,421 (12.6) Profit attributable to owners of the parent 1,219 1,394 (12.6)",medium,Financial data presented but lacks analysis of trends or drivers,none,2026-06-20T09:22:13+00:00,2026-06-20T09:22:29+00:00,2026-06-15,qwen3:8b,ollama,0.0,42,4096,192,false,false,ollama_format_schema,mda_single_dimension_context_v2,2026-06-20T09:22:29+00:00,06_scoring/05_raw_model_outputs/mda_final_full/MDA_4065_PPB_2024_AR03_attempt_1.json,06_scoring/03_numeric_checks/mda_v2/MDA_4065_PPB_2024_numeric_checks.json,parsed,valid
MDA_4065_PPB_2024_AR04,MDA_4065_PPB_2024,mda,mda_disclosure_quality,mda_general_quality,initial,local_qwen3_8b,AR04,MD&A internal risk and forward-looking disclosure,4,1,5,0.2,75.0,15.0,[MDA_P004],[MDA_P004] 6. Supply chain disruption risk Disruptive worldwide events such as climate change and geopolitical tensions expose the Group to supply chain,medium,Discusses supply chain risks and mitigation strategies.,none,2026-06-20T09:22:13+00:00,2026-06-20T09:22:29+00:00,2026-06-15,qwen3:8b,ollama,0.0,42,4096,192,false,false,ollama_format_schema,mda_single_dimension_context_v2,2026-06-20T09:22:29+00:00,06_scoring/05_raw_model_outputs/mda_final_full/MDA_4065_PPB_2024_AR04_attempt_1.json,06_scoring/03_numeric_checks/mda_v2/MDA_4065_PPB_2024_numeric_checks.json,parsed,valid
MDA_4065_PPB_2024_AR05,MDA_4065_PPB_2024,mda,mda_disclosure_quality,mda_general_quality,initial,local_qwen3_8b,AR05,MD&A readability and structural clarity,2,1,5,0.1,25.0,2.5,[MDA_P001],[MDA_P001] PERFORMANCE REVIEW PPB Group Berhad Annual Report 2024,medium,Paragraph lacks clear structure and readability,none,2026-06-20T09:22:13+00:00,2026-06-20T09:22:29+00:00,2026-06-15,qwen3:8b,ollama,0.0,42,4096,192,false,false,ollama_format_schema,mda_single_dimension_context_v2,2026-06-20T09:22:29+00:00,06_scoring/05_raw_model_outputs/mda_final_full/MDA_4065_PPB_2024_AR05_attempt_1.json,06_scoring/03_numeric_checks/mda_v2/MDA_4065_PPB_2024_numeric_checks.json,parsed,valid
MDA_4707_NESTLE_2020_AR01,MDA_4707_NESTLE_2020,mda,mda_disclosure_quality,mda_general_quality,initial,local_qwen3_8b,AR01,MD&A content completeness,4,1,5,0.15,75.0,11.25,[MDA_P001],"[MDA_P001] Management Discussion & Analysis FINANCIAL REVIEW At the very onset of the pandemic, we quickly realigned our priorities significantly to ramp up safety, health and preventive measures for our people and to preserve operational c",medium,"Discusses financial performance, revenue, profit, and cash flow with clear metrics.",none,2026-06-20T09:22:29+00:00,2026-06-20T09:22:53+00:00,2026-06-15,qwen3:8b,ollama,0.0,42,4096,192,false,false,ollama_format_schema,mda_single_dimension_context_v2,2026-06-20T09:22:53+00:00,06_scoring/05_raw_model_outputs/mda_final_full/MDA_4707_NESTLE_2020_AR01_attempt_1.json,06_scoring/03_numeric_checks/mda_v2/MDA_4707_NESTLE_2020_numeric_checks.json,parsed,valid
MDA_4707_NESTLE_2020_AR02,MDA_4707_NESTLE_2020,mda,mda_disclosure_quality,mda_general_quality,initial,local_qwen3_8b,AR02,MD&A internal numeric consistency and traceability,3,1,5,0.25,50.0,12.5,[MDA_P001],"[MDA_P001] Management Discussion & Analysis FINANCIAL REVIEW At the very onset of the pandemic, we quickly realigned our priorities significantly to ramp up safety, health and preventive measures for our people and to preserve operational c",medium,"Python numeric_checker: numeric_check_summary indicates not enough numbers for consistency checks, but financial figures are present",none,2026-06-20T09:22:29+00:00,2026-06-20T09:22:53+00:00,2026-06-15,qwen3:8b,ollama,0.0,42,4096,192,false,false,ollama_format_schema,mda_single_dimension_context_v2,2026-06-20T09:22:53+00:00,06_scoring/05_raw_model_outputs/mda_final_full/MDA_4707_NESTLE_2020_AR02_attempt_1.json,06_scoring/03_numeric_checks/mda_v2/MDA_4707_NESTLE_2020_numeric_checks.json,parsed,valid
MDA_4707_NESTLE_2020_AR03,MDA_4707_NESTLE_2020,mda,mda_disclosure_quality,mda_general_quality,initial,local_qwen3_8b,AR03,Operating analysis specificity,2,1,5,0.3,25.0,7.5,[MDA_P001],"[MDA_P001] Management Discussion & Analysis FINANCIAL REVIEW At the very onset of the pandemic, we quickly realigned our priorities significantly to ramp up safety, health and preventive measures for our people and to preserve operational c",medium,Lacks detailed operating analysis metrics and segment discussion,none,2026-06-20T09:22:29+00:00,2026-06-20T09:22:53+00:00,2026-06-15,qwen3:8b,ollama,0.0,42,4096,192,false,false,ollama_format_schema,mda_single_dimension_context_v2,2026-06-20T09:22:53+00:00,06_scoring/05_raw_model_outputs/mda_final_full/MDA_4707_NESTLE_2020_AR03_attempt_1.json,06_scoring/03_numeric_checks/mda_v2/MDA_4707_NESTLE_2020_numeric_checks.json,parsed,valid
MDA_4707_NESTLE_2020_AR04,MDA_4707_NESTLE_2020,mda,mda_disclosure_quality,mda_general_quality,initial,local_qwen3_8b,AR04,MD&A internal risk and forward-looking disclosure,2,1,5,0.2,25.0,5.0,[MDA_P002],"[MDA_P002] OPERATIONAL & BUSINESS REVIEW Every challenge also brings new opportunities, and our teams remained focused, proactive and entrepreneurial to tap into each potential opportunity. Nestlé Malaysia continued to demonstrate resilienc",medium,Lacks specific risk or forward-looking financial details,none,2026-06-20T09:22:29+00:00,2026-06-20T09:22:53+00:00,2026-06-15,qwen3:8b,ollama,0.0,42,4096,192,false,false,ollama_format_schema,mda_single_dimension_context_v2,2026-06-20T09:22:53+00:00,06_scoring/05_raw_model_outputs/mda_final_full/MDA_4707_NESTLE_2020_AR04_attempt_1.json,06_scoring/03_numeric_checks/mda_v2/MDA_4707_NESTLE_2020_numeric_checks.json,parsed,valid
MDA_4707_NESTLE_2020_AR05,MDA_4707_NESTLE_2020,mda,mda_disclosure_quality,mda_general_quality,initial,local_qwen3_8b,AR05,MD&A readability and structural clarity,4,1,5,0.1,75.0,7.5,[MDA_P001],"[MDA_P001] Management Discussion & Analysis FINANCIAL REVIEW At the very onset of the pandemic, we quickly realigned our priorities significantly to ramp up safety, health and preventive measures for our people and to preserve operational c",medium,Clear structure and concise financial discussion with relevant metrics,none,2026-06-20T09:22:29+00:00,2026-06-20T09:22:53+00:00,2026-06-15,qwen3:8b,ollama,0.0,42,4096,192,false,false,ollama_format_schema,mda_single_dimension_context_v2,2026-06-20T09:22:53+00:00,06_scoring/05_raw_model_outputs/mda_final_full/MDA_4707_NESTLE_2020_AR05_attempt_1.json,06_scoring/03_numeric_checks/mda_v2/MDA_4707_NESTLE_2020_numeric_checks.json,parsed,valid
MDA_4707_NESTLE_2021_AR01,MDA_4707_NESTLE_2021,mda,mda_disclosure_quality,mda_general_quality,initial,local_qwen3_8b,AR01,MD&A content completeness,4,1,5,0.15,75.0,11.25,[MDA_P001],"[MDA_P001] Management Discussion and Analysis “By staying focused on what mattered, Nestlé Malaysia has been able to manage the ongoing challenges of the pandemic in 2021, accelerating growth and improving year-on-year profitability, while",medium,"Discusses pandemic management, growth, profitability, and sustainability efforts.",none,2026-06-20T09:22:53+00:00,2026-06-20T09:23:17+00:00,2026-06-15,qwen3:8b,ollama,0.0,42,4096,192,false,false,ollama_format_schema,mda_single_dimension_context_v2,2026-06-20T09:23:17+00:00,06_scoring/05_raw_model_outputs/mda_final_full/MDA_4707_NESTLE_2021_AR01_attempt_1.json,06_scoring/03_numeric_checks/mda_v2/MDA_4707_NESTLE_2021_numeric_checks.json,parsed,valid
MDA_4707_NESTLE_2021_AR02,MDA_4707_NESTLE_2021,mda,mda_disclosure_quality,mda_general_quality,initial,local_qwen3_8b,AR02,MD&A internal numeric consistency and traceability,3,1,5,0.25,50.0,12.5,[MDA_P001],"[MDA_P001] Management Discussion and Analysis “By staying focused on what mattered, Nestlé Malaysia has been able to manage the ongoing challenges of the pandemic in 2021, accelerating growth and improving year-on-year profitability, while",medium,"Python numeric_checker: numeric_check_summary indicates not enough numbers for consistency checks, but financial mentions are present",none,2026-06-20T09:22:53+00:00,2026-06-20T09:23:17+00:00,2026-06-15,qwen3:8b,ollama,0.0,42,4096,192,false,false,ollama_format_schema,mda_single_dimension_context_v2,2026-06-20T09:23:17+00:00,06_scoring/05_raw_model_outputs/mda_final_full/MDA_4707_NESTLE_2021_AR02_attempt_1.json,06_scoring/03_numeric_checks/mda_v2/MDA_4707_NESTLE_2021_numeric_checks.json,parsed,valid
MDA_4707_NESTLE_2021_AR03,MDA_4707_NESTLE_2021,mda,mda_disclosure_quality,mda_general_quality,initial,local_qwen3_8b,AR03,Operating analysis specificity,2,1,5,0.3,25.0,7.5,[MDA_P001],"[MDA_P001] Management Discussion and Analysis “By staying focused on what mattered, Nestlé Malaysia has been able to manage the ongoing challenges of the pandemic in 2021, accelerating growth and improving year-on-year profitability, while",medium,Lacks specific financial metrics or analysis for operating performance.,none,2026-06-20T09:22:53+00:00,2026-06-20T09:23:17+00:00,2026-06-15,qwen3:8b,ollama,0.0,42,4096,192,false,false,ollama_format_schema,mda_single_dimension_context_v2,2026-06-20T09:23:17+00:00,06_scoring/05_raw_model_outputs/mda_final_full/MDA_4707_NESTLE_2021_AR03_attempt_1.json,06_scoring/03_numeric_checks/mda_v2/MDA_4707_NESTLE_2021_numeric_checks.json,parsed,valid
MDA_4707_NESTLE_2021_AR04,MDA_4707_NESTLE_2021,mda,mda_disclosure_quality,mda_general_quality,initial,local_qwen3_8b,AR04,MD&A internal risk and forward-looking disclosure,4,1,5,0.2,75.0,15.0,[MDA_P002],"[MDA_P002] Overall, solid growth in combination with our disciplined approach to cost management and the partial mitigation of the impact from commodity headwinds allowed us to record a recovery in profit after tax of RM569.8 million for th",medium,"Discusses profit growth, cost management, and risk mitigation related to pandemic impacts.",none,2026-06-20T09:22:53+00:00,2026-06-20T09:23:17+00:00,2026-06-15,qwen3:8b,ollama,0.0,42,4096,192,false,false,ollama_format_schema,mda_single_dimension_context_v2,2026-06-20T09:23:17+00:00,06_scoring/05_raw_model_outputs/mda_final_full/MDA_4707_NESTLE_2021_AR04_attempt_1.json,06_scoring/03_numeric_checks/mda_v2/MDA_4707_NESTLE_2021_numeric_checks.json,parsed,valid
MDA_4707_NESTLE_2021_AR05,MDA_4707_NESTLE_2021,mda,mda_disclosure_quality,mda_general_quality,initial,local_qwen3_8b,AR05,MD&A readability and structural clarity,2,1,5,0.1,25.0,2.5,[MDA_P001],"[MDA_P001] Management Discussion and Analysis “By staying focused on what mattered, Nestlé Malaysia has been able to manage the ongoing challenges of the pandemic in 2021, accelerating growth and improving year-on-year profitability, while",medium,"Lacks specific financial data or metrics, focusing more on qualitative statements.",none,2026-06-20T09:22:53+00:00,2026-06-20T09:23:17+00:00,2026-06-15,qwen3:8b,ollama,0.0,42,4096,192,false,false,ollama_format_schema,mda_single_dimension_context_v2,2026-06-20T09:23:17+00:00,06_scoring/05_raw_model_outputs/mda_final_full/MDA_4707_NESTLE_2021_AR05_attempt_1.json,06_scoring/03_numeric_checks/mda_v2/MDA_4707_NESTLE_2021_numeric_checks.json,parsed,valid
MDA_4707_NESTLE_2022_AR01,MDA_4707_NESTLE_2022,mda,mda_disclosure_quality,mda_general_quality,initial,local_qwen3_8b,AR01,MD&A content completeness,4,1,5,0.15,75.0,11.25,[MDA_P001],"[MDA_P001] Management Discussion and Analysis FINANCIAL REVIEW The year shaped up to be one of solid recovery post-COVID lockdowns, amidst global volatile conditions and commodities inflation. We sharpened our focus to keep upholding the tr",medium,"Discusses financial performance, growth, and cost management.",none,2026-06-20T09:23:17+00:00,2026-06-20T09:23:41+00:00,2026-06-15,qwen3:8b,ollama,0.0,42,4096,192,false,false,ollama_format_schema,mda_single_dimension_context_v2,2026-06-20T09:23:41+00:00,06_scoring/05_raw_model_outputs/mda_final_full/MDA_4707_NESTLE_2022_AR01_attempt_1.json,06_scoring/03_numeric_checks/mda_v2/MDA_4707_NESTLE_2022_numeric_checks.json,parsed,valid
MDA_4707_NESTLE_2022_AR02,MDA_4707_NESTLE_2022,mda,mda_disclosure_quality,mda_general_quality,initial,local_qwen3_8b,AR02,MD&A internal numeric consistency and traceability,3,1,5,0.25,50.0,12.5,[MDA_P001],"[MDA_P001] Management Discussion and Analysis FINANCIAL REVIEW The year shaped up to be one of solid recovery post-COVID lockdowns, amidst global volatile conditions and commodities inflation. We sharpened our focus to keep upholding the tr",medium,Python numeric_checker: numeric_check_summary indicates not enough numbers for consistency checks,none,2026-06-20T09:23:17+00:00,2026-06-20T09:23:41+00:00,2026-06-15,qwen3:8b,ollama,0.0,42,4096,192,false,false,ollama_format_schema,mda_single_dimension_context_v2,2026-06-20T09:23:41+00:00,06_scoring/05_raw_model_outputs/mda_final_full/MDA_4707_NESTLE_2022_AR02_attempt_1.json,06_scoring/03_numeric_checks/mda_v2/MDA_4707_NESTLE_2022_numeric_checks.json,parsed,valid
MDA_4707_NESTLE_2022_AR03,MDA_4707_NESTLE_2022,mda,mda_disclosure_quality,mda_general_quality,initial,local_qwen3_8b,AR03,Operating analysis specificity,2,1,5,0.3,25.0,7.5,[MDA_P001],"[MDA_P001] Management Discussion and Analysis FINANCIAL REVIEW The year shaped up to be one of solid recovery post-COVID lockdowns, amidst global volatile conditions and commodities inflation. We sharpened our focus to keep upholding the tr",medium,"Lacks detailed operating analysis specificity, focusing more on outcomes than underlying factors.",none,2026-06-20T09:23:17+00:00,2026-06-20T09:23:41+00:00,2026-06-15,qwen3:8b,ollama,0.0,42,4096,192,false,false,ollama_format_schema,mda_single_dimension_context_v2,2026-06-20T09:23:41+00:00,06_scoring/05_raw_model_outputs/mda_final_full/MDA_4707_NESTLE_2022_AR03_attempt_1.json,06_scoring/03_numeric_checks/mda_v2/MDA_4707_NESTLE_2022_numeric_checks.json,parsed,valid
MDA_4707_NESTLE_2022_AR04,MDA_4707_NESTLE_2022,mda,mda_disclosure_quality,mda_general_quality,initial,local_qwen3_8b,AR04,MD&A internal risk and forward-looking disclosure,4,1,5,0.2,75.0,15.0,[MDA_P001],"[MDA_P001] Management Discussion and Analysis FINANCIAL REVIEW The year shaped up to be one of solid recovery post-COVID lockdowns, amidst global volatile conditions and commodities inflation. We sharpened our focus to keep upholding the tr",medium,"Discusses financial performance, recovery, and strategic actions to mitigate risks.",none,2026-06-20T09:23:17+00:00,2026-06-20T09:23:41+00:00,2026-06-15,qwen3:8b,ollama,0.0,42,4096,192,false,false,ollama_format_schema,mda_single_dimension_context_v2,2026-06-20T09:23:41+00:00,06_scoring/05_raw_model_outputs/mda_final_full/MDA_4707_NESTLE_2022_AR04_attempt_1.json,06_scoring/03_numeric_checks/mda_v2/MDA_4707_NESTLE_2022_numeric_checks.json,parsed,valid
MDA_4707_NESTLE_2022_AR05,MDA_4707_NESTLE_2022,mda,mda_disclosure_quality,mda_general_quality,initial,local_qwen3_8b,AR05,MD&A readability and structural clarity,4,1,5,0.1,75.0,7.5,[MDA_P001],"[MDA_P001] Management Discussion and Analysis FINANCIAL REVIEW The year shaped up to be one of solid recovery post-COVID lockdowns, amidst global volatile conditions and commodities inflation. We sharpened our focus to keep upholding the tr",medium,Clear structure and logical flow in discussing financial performance and strategic initiatives.,none,2026-06-20T09:23:17+00:00,2026-06-20T09:23:41+00:00,2026-06-15,qwen3:8b,ollama,0.0,42,4096,192,false,false,ollama_format_schema,mda_single_dimension_context_v2,2026-06-20T09:23:41+00:00,06_scoring/05_raw_model_outputs/mda_final_full/MDA_4707_NESTLE_2022_AR05_attempt_1.json,06_scoring/03_numeric_checks/mda_v2/MDA_4707_NESTLE_2022_numeric_checks.json,parsed,valid
MDA_4707_NESTLE_2023_AR01,MDA_4707_NESTLE_2023,mda,mda_disclosure_quality,mda_general_quality,initial,local_qwen3_8b,AR01,MD&A content completeness,2,1,5,0.15,25.0,3.75,[MDA_P001],"[MDA_P001] Management Discussion and Analysis “In the face of global headwinds and uncertainties, Nestlé Malaysia demonstrated continued resilience in 2023, always guided by our commitment to fulfil the diverse expectations of Malaysians an",medium,Lacks detailed financial discussion and quantitative analysis,none,2026-06-20T09:23:41+00:00,2026-06-20T09:24:04+00:00,2026-06-15,qwen3:8b,ollama,0.0,42,4096,192,false,false,ollama_format_schema,mda_single_dimension_context_v2,2026-06-20T09:24:04+00:00,06_scoring/05_raw_model_outputs/mda_final_full/MDA_4707_NESTLE_2023_AR01_attempt_1.json,06_scoring/03_numeric_checks/mda_v2/MDA_4707_NESTLE_2023_numeric_checks.json,parsed,valid
MDA_4707_NESTLE_2023_AR02,MDA_4707_NESTLE_2023,mda,mda_disclosure_quality,mda_general_quality,initial,local_qwen3_8b,AR02,MD&A internal numeric consistency and traceability,3,1,5,0.25,50.0,12.5,[MDA_P001],"[MDA_P001] Management Discussion and Analysis “In the face of global headwinds and uncertainties, Nestlé Malaysia demonstrated continued resilience in 2023, always guided by our commitment to fulfil the diverse expectations of Malaysians an",medium,Python numeric_checker: No numeric checks or consistency verification performed in the text.,none,2026-06-20T09:23:41+00:00,2026-06-20T09:24:04+00:00,2026-06-15,qwen3:8b,ollama,0.0,42,4096,192,false,false,ollama_format_schema,mda_single_dimension_context_v2,2026-06-20T09:24:04+00:00,06_scoring/05_raw_model_outputs/mda_final_full/MDA_4707_NESTLE_2023_AR02_attempt_1.json,06_scoring/03_numeric_checks/mda_v2/MDA_4707_NESTLE_2023_numeric_checks.json,parsed,valid
MDA_4707_NESTLE_2023_AR03,MDA_4707_NESTLE_2023,mda,mda_disclosure_quality,mda_general_quality,initial,local_qwen3_8b,AR03,Operating analysis specificity,2,1,5,0.3,25.0,7.5,[MDA_P001],"[MDA_P001] Management Discussion and Analysis “In the face of global headwinds and uncertainties, Nestlé Malaysia demonstrated continued resilience in 2023, always guided by our commitment to fulfil the diverse expectations of Malaysians an",medium,Lacks specific financial metrics or analysis for operating performance.,none,2026-06-20T09:23:41+00:00,2026-06-20T09:24:04+00:00,2026-06-15,qwen3:8b,ollama,0.0,42,4096,192,false,false,ollama_format_schema,mda_single_dimension_context_v2,2026-06-20T09:24:04+00:00,06_scoring/05_raw_model_outputs/mda_final_full/MDA_4707_NESTLE_2023_AR03_attempt_1.json,06_scoring/03_numeric_checks/mda_v2/MDA_4707_NESTLE_2023_numeric_checks.json,parsed,valid
MDA_4707_NESTLE_2023_AR04,MDA_4707_NESTLE_2023,mda,mda_disclosure_quality,mda_general_quality,initial,local_qwen3_8b,AR04,MD&A internal risk and forward-looking disclosure,2,1,5,0.2,25.0,5.0,[MDA_P001],"[MDA_P001] Management Discussion and Analysis “In the face of global headwinds and uncertainties, Nestlé Malaysia demonstrated continued resilience in 2023, always guided by our commitment to fulfil the diverse expectations of Malaysians an",medium,Lacks specific financial risk or forward-looking disclosures required for AR04,none,2026-06-20T09:23:41+00:00,2026-06-20T09:24:04+00:00,2026-06-15,qwen3:8b,ollama,0.0,42,4096,192,false,false,ollama_format_schema,mda_single_dimension_context_v2,2026-06-20T09:24:04+00:00,06_scoring/05_raw_model_outputs/mda_final_full/MDA_4707_NESTLE_2023_AR04_attempt_1.json,06_scoring/03_numeric_checks/mda_v2/MDA_4707_NESTLE_2023_numeric_checks.json,parsed,valid
MDA_4707_NESTLE_2023_AR05,MDA_4707_NESTLE_2023,mda,mda_disclosure_quality,mda_general_quality,initial,local_qwen3_8b,AR05,MD&A readability and structural clarity,2,1,5,0.1,25.0,2.5,[MDA_P001],"[MDA_P001] Management Discussion and Analysis “In the face of global headwinds and uncertainties, Nestlé Malaysia demonstrated continued resilience in 2023, always guided by our commitment to fulfil the diverse expectations of Malaysians an",medium,Lacks financial details and focuses on qualitative statements,none,2026-06-20T09:23:41+00:00,2026-06-20T09:24:04+00:00,2026-06-15,qwen3:8b,ollama,0.0,42,4096,192,false,false,ollama_format_schema,mda_single_dimension_context_v2,2026-06-20T09:24:04+00:00,06_scoring/05_raw_model_outputs/mda_final_full/MDA_4707_NESTLE_2023_AR05_attempt_1.json,06_scoring/03_numeric_checks/mda_v2/MDA_4707_NESTLE_2023_numeric_checks.json,parsed,valid
MDA_4707_NESTLE_2024_AR01,MDA_4707_NESTLE_2024,mda,mda_disclosure_quality,mda_general_quality,initial,local_qwen3_8b,AR01,MD&A content completeness,4,1,5,0.15,75.0,11.25,[MDA_P001],"[MDA_P001] Management Discussion and Analysis “Through the significant external challenges confronted in 2024, Nestlé Malaysia remained focused on consistently delivering on our mission to provide high-quality nutrition, foods and beverages",medium,"Discusses business, financial, and operational performance with clear context.",none,2026-06-20T09:24:04+00:00,2026-06-20T09:24:27+00:00,2026-06-15,qwen3:8b,ollama,0.0,42,4096,192,false,false,ollama_format_schema,mda_single_dimension_context_v2,2026-06-20T09:24:27+00:00,06_scoring/05_raw_model_outputs/mda_final_full/MDA_4707_NESTLE_2024_AR01_attempt_1.json,06_scoring/03_numeric_checks/mda_v2/MDA_4707_NESTLE_2024_numeric_checks.json,parsed,valid
MDA_4707_NESTLE_2024_AR02,MDA_4707_NESTLE_2024,mda,mda_disclosure_quality,mda_general_quality,initial,local_qwen3_8b,AR02,MD&A internal numeric consistency and traceability,3,1,5,0.25,50.0,12.5,[MDA_P001],"[MDA_P001] Management Discussion and Analysis “Through the significant external challenges confronted in 2024, Nestlé Malaysia remained focused on consistently delivering on our mission to provide high-quality nutrition, foods and beverages",medium,Python numeric_checker: No numeric checks or consistency explained in the text.,none,2026-06-20T09:24:04+00:00,2026-06-20T09:24:27+00:00,2026-06-15,qwen3:8b,ollama,0.0,42,4096,192,false,false,ollama_format_schema,mda_single_dimension_context_v2,2026-06-20T09:24:27+00:00,06_scoring/05_raw_model_outputs/mda_final_full/MDA_4707_NESTLE_2024_AR02_attempt_1.json,06_scoring/03_numeric_checks/mda_v2/MDA_4707_NESTLE_2024_numeric_checks.json,parsed,valid
MDA_4707_NESTLE_2024_AR03,MDA_4707_NESTLE_2024,mda,mda_disclosure_quality,mda_general_quality,initial,local_qwen3_8b,AR03,Operating analysis specificity,2,1,5,0.3,25.0,7.5,[MDA_P001],"[MDA_P001] Management Discussion and Analysis “Through the significant external challenges confronted in 2024, Nestlé Malaysia remained focused on consistently delivering on our mission to provide high-quality nutrition, foods and beverages",medium,Lacks specific operating analysis metrics or data points.,none,2026-06-20T09:24:04+00:00,2026-06-20T09:24:27+00:00,2026-06-15,qwen3:8b,ollama,0.0,42,4096,192,false,false,ollama_format_schema,mda_single_dimension_context_v2,2026-06-20T09:24:27+00:00,06_scoring/05_raw_model_outputs/mda_final_full/MDA_4707_NESTLE_2024_AR03_attempt_1.json,06_scoring/03_numeric_checks/mda_v2/MDA_4707_NESTLE_2024_numeric_checks.json,parsed,valid
MDA_4707_NESTLE_2024_AR04,MDA_4707_NESTLE_2024,mda,mda_disclosure_quality,mda_general_quality,initial,local_qwen3_8b,AR04,MD&A internal risk and forward-looking disclosure,4,1,5,0.2,75.0,15.0,[MDA_P001],"[MDA_P001] Management Discussion and Analysis “Through the significant external challenges confronted in 2024, Nestlé Malaysia remained focused on consistently delivering on our mission to provide high-quality nutrition, foods and beverages",medium,Discusses risks and forward-looking strategies with specific examples.,none,2026-06-20T09:24:04+00:00,2026-06-20T09:24:27+00:00,2026-06-15,qwen3:8b,ollama,0.0,42,4096,192,false,false,ollama_format_schema,mda_single_dimension_context_v2,2026-06-20T09:24:27+00:00,06_scoring/05_raw_model_outputs/mda_final_full/MDA_4707_NESTLE_2024_AR04_attempt_1.json,06_scoring/03_numeric_checks/mda_v2/MDA_4707_NESTLE_2024_numeric_checks.json,parsed,valid
MDA_4707_NESTLE_2024_AR05,MDA_4707_NESTLE_2024,mda,mda_disclosure_quality,mda_general_quality,initial,local_qwen3_8b,AR05,MD&A readability and structural clarity,2,1,5,0.1,25.0,2.5,[MDA_P001],"[MDA_P001] Management Discussion and Analysis “Through the significant external challenges confronted in 2024, Nestlé Malaysia remained focused on consistently delivering on our mission to provide high-quality nutrition, foods and beverages",medium,Lacks clear financial metrics and focuses on qualitative statements.,none,2026-06-20T09:24:04+00:00,2026-06-20T09:24:27+00:00,2026-06-15,qwen3:8b,ollama,0.0,42,4096,192,false,false,ollama_format_schema,mda_single_dimension_context_v2,2026-06-20T09:24:27+00:00,06_scoring/05_raw_model_outputs/mda_final_full/MDA_4707_NESTLE_2024_AR05_attempt_1.json,06_scoring/03_numeric_checks/mda_v2/MDA_4707_NESTLE_2024_numeric_checks.json,parsed,valid
MDA_5008_HARISON_2021_AR01,MDA_5008_HARISON_2021,mda,mda_disclosure_quality,mda_general_quality,initial,local_qwen3_8b,AR01,MD&A content completeness,2,1,5,0.15,25.0,3.75,[MDA_P001],[MDA_P001] Performance Review -Staff Annual Dinner -Employee Events -Knowledge Sharing Sessions -Management Meetings -Satisfaction Survey -Conventions -Roadshows -Marketing Materials -Store Openings -Events and Seminars -Meetings -Briefings,medium,Lacks financial and business discussion relevant to MD&A content completeness,none,2026-06-20T09:24:27+00:00,2026-06-20T09:24:44+00:00,2026-06-15,qwen3:8b,ollama,0.0,42,4096,192,false,false,ollama_format_schema,mda_single_dimension_context_v2,2026-06-20T09:24:44+00:00,06_scoring/05_raw_model_outputs/mda_final_full/MDA_5008_HARISON_2021_AR01_attempt_1.json,06_scoring/03_numeric_checks/mda_v2/MDA_5008_HARISON_2021_numeric_checks.json,parsed,valid
MDA_5008_HARISON_2021_AR02,MDA_5008_HARISON_2021,mda,mda_disclosure_quality,mda_general_quality,initial,local_qwen3_8b,AR02,MD&A internal numeric consistency and traceability,3,1,5,0.25,50.0,12.5,[MDA_P005],"[MDA_P005] As such, knowing exactly what principals expect from us improves our bottom line and strengthens our reputation in the long term. Engaging with our principals regularly enable us to understand their needs and expectations, identi",medium,Python numeric_checker: No numeric checks or consistency discussed in the selected paragraph.,none,2026-06-20T09:24:27+00:00,2026-06-20T09:24:44+00:00,2026-06-15,qwen3:8b,ollama,0.0,42,4096,192,false,false,ollama_format_schema,mda_single_dimension_context_v2,2026-06-20T09:24:44+00:00,06_scoring/05_raw_model_outputs/mda_final_full/MDA_5008_HARISON_2021_AR02_attempt_1.json,06_scoring/03_numeric_checks/mda_v2/MDA_5008_HARISON_2021_numeric_checks.json,parsed,valid
MDA_5008_HARISON_2021_AR03,MDA_5008_HARISON_2021,mda,mda_disclosure_quality,mda_general_quality,initial,local_qwen3_8b,AR03,Operating analysis specificity,2,1,5,0.3,25.0,7.5,[MDA_P004],[MDA_P004] 6) Managing Sustainability ECONOMIC Financial Performance We are committed to achieving economic sustainability growth for our shareholders. We conduct our business in compliance with applicable laws and regulations and in accord,medium,Limited discussion on operating metrics or financial performance specifics.,none,2026-06-20T09:24:27+00:00,2026-06-20T09:24:44+00:00,2026-06-15,qwen3:8b,ollama,0.0,42,4096,192,false,false,ollama_format_schema,mda_single_dimension_context_v2,2026-06-20T09:24:44+00:00,06_scoring/05_raw_model_outputs/mda_final_full/MDA_5008_HARISON_2021_AR03_attempt_1.json,06_scoring/03_numeric_checks/mda_v2/MDA_5008_HARISON_2021_numeric_checks.json,parsed,valid
MDA_5008_HARISON_2021_AR04,MDA_5008_HARISON_2021,mda,mda_disclosure_quality,mda_general_quality,initial,local_qwen3_8b,AR04,MD&A internal risk and forward-looking disclosure,2,1,5,0.2,25.0,5.0,[MDA_P004],[MDA_P004] 6) Managing Sustainability ECONOMIC Financial Performance We are committed to achieving economic sustainability growth for our shareholders. We conduct our business in compliance with applicable laws and regulations and in accord,medium,Limited discussion on internal risks and forward-looking disclosures.,none,2026-06-20T09:24:27+00:00,2026-06-20T09:24:44+00:00,2026-06-15,qwen3:8b,ollama,0.0,42,4096,192,false,false,ollama_format_schema,mda_single_dimension_context_v2,2026-06-20T09:24:44+00:00,06_scoring/05_raw_model_outputs/mda_final_full/MDA_5008_HARISON_2021_AR04_attempt_1.json,06_scoring/03_numeric_checks/mda_v2/MDA_5008_HARISON_2021_numeric_checks.json,parsed,valid
MDA_5008_HARISON_2021_AR05,MDA_5008_HARISON_2021,mda,mda_disclosure_quality,mda_general_quality,initial,local_qwen3_8b,AR05,MD&A readability and structural clarity,2,1,5,0.1,25.0,2.5,[MDA_P001],[MDA_P001] Performance Review -Staff Annual Dinner -Employee Events -Knowledge Sharing Sessions -Management Meetings -Satisfaction Survey -Conventions -Roadshows -Marketing Materials -Store Openings -Events and Seminars -Meetings -Briefings,medium,Content lacks financial discussion and focuses on non-material activities.,none,2026-06-20T09:24:27+00:00,2026-06-20T09:24:44+00:00,2026-06-15,qwen3:8b,ollama,0.0,42,4096,192,false,false,ollama_format_schema,mda_single_dimension_context_v2,2026-06-20T09:24:44+00:00,06_scoring/05_raw_model_outputs/mda_final_full/MDA_5008_HARISON_2021_AR05_attempt_1.json,06_scoring/03_numeric_checks/mda_v2/MDA_5008_HARISON_2021_numeric_checks.json,parsed,valid
MDA_5008_HARISON_2022_AR01,MDA_5008_HARISON_2022,mda,mda_disclosure_quality,mda_general_quality,initial,local_qwen3_8b,AR01,MD&A content completeness,4,1,5,0.15,75.0,11.25,[MDA_P001],[MDA_P001] MANAGEMENT DISCUSSION AND ANALYSIS,medium,Discusses gross profit and margin changes with specific reasons,none,2026-06-20T09:24:44+00:00,2026-06-20T09:25:05+00:00,2026-06-15,qwen3:8b,ollama,0.0,42,4096,192,false,false,ollama_format_schema,mda_single_dimension_context_v2,2026-06-20T09:25:05+00:00,06_scoring/05_raw_model_outputs/mda_final_full/MDA_5008_HARISON_2022_AR01_attempt_1.json,06_scoring/03_numeric_checks/mda_v2/MDA_5008_HARISON_2022_numeric_checks.json,parsed,valid
MDA_5008_HARISON_2022_AR02,MDA_5008_HARISON_2022,mda,mda_disclosure_quality,mda_general_quality,initial,local_qwen3_8b,AR02,MD&A internal numeric consistency and traceability,3,1,5,0.25,50.0,12.5,[MDA_P001],[MDA_P001] MANAGEMENT DISCUSSION AND ANALYSIS,medium,"Python numeric_checker: numeric_check_summary indicates not enough numbers for consistency checks, but paragraphs discuss financial figures without explicit numeric verification.",none,2026-06-20T09:24:44+00:00,2026-06-20T09:25:05+00:00,2026-06-15,qwen3:8b,ollama,0.0,42,4096,192,false,false,ollama_format_schema,mda_single_dimension_context_v2,2026-06-20T09:25:05+00:00,06_scoring/05_raw_model_outputs/mda_final_full/MDA_5008_HARISON_2022_AR02_attempt_1.json,06_scoring/03_numeric_checks/mda_v2/MDA_5008_HARISON_2022_numeric_checks.json,parsed,valid
MDA_5008_HARISON_2022_AR03,MDA_5008_HARISON_2022,mda,mda_disclosure_quality,mda_general_quality,initial,local_qwen3_8b,AR03,Operating analysis specificity,2,1,5,0.3,25.0,7.5,[MDA_P003],[MDA_P003] Gross Profit increased from RM216.78 million in financial year 2021 to RM254.15 million in financial year 2022. Gross Margin was higher in financial year 2022 due to lower cost of sales arising from higher incentives from princip,medium,Gross margin explanation lacks specific analysis of cost drivers and operational factors.,none,2026-06-20T09:24:44+00:00,2026-06-20T09:25:05+00:00,2026-06-15,qwen3:8b,ollama,0.0,42,4096,192,false,false,ollama_format_schema,mda_single_dimension_context_v2,2026-06-20T09:25:05+00:00,06_scoring/05_raw_model_outputs/mda_final_full/MDA_5008_HARISON_2022_AR03_attempt_1.json,06_scoring/03_numeric_checks/mda_v2/MDA_5008_HARISON_2022_numeric_checks.json,parsed,valid
MDA_5008_HARISON_2022_AR04,MDA_5008_HARISON_2022,mda,mda_disclosure_quality,mda_general_quality,initial,local_qwen3_8b,AR04,MD&A internal risk and forward-looking disclosure,2,1,5,0.2,25.0,5.0,[MDA_P035],"[MDA_P035] On the global front, we expect global geopolitical tensions, slow global growth, increase food prices and affordability to impact the domestic economy 2023. However, 85% of our business is in the FMCG sector and it has been prove",medium,Global outlook lacks specific risk mitigation strategies,none,2026-06-20T09:24:44+00:00,2026-06-20T09:25:05+00:00,2026-06-15,qwen3:8b,ollama,0.0,42,4096,192,false,false,ollama_format_schema,mda_single_dimension_context_v2,2026-06-20T09:25:05+00:00,06_scoring/05_raw_model_outputs/mda_final_full/MDA_5008_HARISON_2022_AR04_attempt_1.json,06_scoring/03_numeric_checks/mda_v2/MDA_5008_HARISON_2022_numeric_checks.json,parsed,valid
MDA_5008_HARISON_2022_AR05,MDA_5008_HARISON_2022,mda,mda_disclosure_quality,mda_general_quality,initial,local_qwen3_8b,AR05,MD&A readability and structural clarity,2,1,5,0.1,25.0,2.5,[MDA_P001],[MDA_P001] MANAGEMENT DISCUSSION AND ANALYSIS,medium,Poor structural clarity with missing section headings and inconsistent formatting,none,2026-06-20T09:24:44+00:00,2026-06-20T09:25:05+00:00,2026-06-15,qwen3:8b,ollama,0.0,42,4096,192,false,false,ollama_format_schema,mda_single_dimension_context_v2,2026-06-20T09:25:05+00:00,06_scoring/05_raw_model_outputs/mda_final_full/MDA_5008_HARISON_2022_AR05_attempt_1.json,06_scoring/03_numeric_checks/mda_v2/MDA_5008_HARISON_2022_numeric_checks.json,parsed,valid
MDA_5008_HARISON_2023_AR01,MDA_5008_HARISON_2023,mda,mda_disclosure_quality,mda_general_quality,initial,local_qwen3_8b,AR01,MD&A content completeness,5,1,5,0.15,100.0,15.0,[MDA_P001],[MDA_P001] MANAGEMENT DISCUSSION AND ANALYSIS,medium,Comprehensive coverage of business operations and financial performance.,none,2026-06-20T09:25:05+00:00,2026-06-20T09:25:26+00:00,2026-06-15,qwen3:8b,ollama,0.0,42,4096,192,false,false,ollama_format_schema,mda_single_dimension_context_v2,2026-06-20T09:25:26+00:00,06_scoring/05_raw_model_outputs/mda_final_full/MDA_5008_HARISON_2023_AR01_attempt_1.json,06_scoring/03_numeric_checks/mda_v2/MDA_5008_HARISON_2023_numeric_checks.json,parsed,valid
MDA_5008_HARISON_2023_AR02,MDA_5008_HARISON_2023,mda,mda_disclosure_quality,mda_general_quality,initial,local_qwen3_8b,AR02,MD&A internal numeric consistency and traceability,3,1,5,0.25,50.0,12.5,[MDA_P002],[MDA_P002] Overview of Business Activities,medium,Python numeric_checker: Revenue and profit figures are discussed but no explicit numeric checks or consistency verification are provided.,none,2026-06-20T09:25:05+00:00,2026-06-20T09:25:26+00:00,2026-06-15,qwen3:8b,ollama,0.0,42,4096,192,false,false,ollama_format_schema,mda_single_dimension_context_v2,2026-06-20T09:25:26+00:00,06_scoring/05_raw_model_outputs/mda_final_full/MDA_5008_HARISON_2023_AR02_attempt_1.json,06_scoring/03_numeric_checks/mda_v2/MDA_5008_HARISON_2023_numeric_checks.json,parsed,valid
MDA_5008_HARISON_2023_AR03,MDA_5008_HARISON_2023,mda,mda_disclosure_quality,mda_general_quality,initial,local_qwen3_8b,AR03,Operating analysis specificity,4,1,5,0.3,75.0,22.5,[MDA_P023],[MDA_P023] Revenue increased from RM2.17 billion in FY2022 to RM2.26 billion in FY2023. The increase is mainly due to increase in cement sales in the Building Materials and Engineering Products Division. Cement sales was driven by tight sup,medium,Revenue increase explained by specific factors related to cement sales.,none,2026-06-20T09:25:05+00:00,2026-06-20T09:25:26+00:00,2026-06-15,qwen3:8b,ollama,0.0,42,4096,192,false,false,ollama_format_schema,mda_single_dimension_context_v2,2026-06-20T09:25:26+00:00,06_scoring/05_raw_model_outputs/mda_final_full/MDA_5008_HARISON_2023_AR03_attempt_1.json,06_scoring/03_numeric_checks/mda_v2/MDA_5008_HARISON_2023_numeric_checks.json,parsed,valid
MDA_5008_HARISON_2023_AR04,MDA_5008_HARISON_2023,mda,mda_disclosure_quality,mda_general_quality,initial,local_qwen3_8b,AR04,MD&A internal risk and forward-looking disclosure,4,1,5,0.2,75.0,15.0,[MDA_P052],[MDA_P052] Strategies and Future Profit Growth The distribution business of our Fast-Moving Consumer Goods becomes more challenging in days ahead as more distribution players emerge to compete in the East Malaysia market. We will continue t,medium,"Discusses future growth, risks, and strategic initiatives relevant to AR04.",none,2026-06-20T09:25:05+00:00,2026-06-20T09:25:26+00:00,2026-06-15,qwen3:8b,ollama,0.0,42,4096,192,false,false,ollama_format_schema,mda_single_dimension_context_v2,2026-06-20T09:25:26+00:00,06_scoring/05_raw_model_outputs/mda_final_full/MDA_5008_HARISON_2023_AR04_attempt_1.json,06_scoring/03_numeric_checks/mda_v2/MDA_5008_HARISON_2023_numeric_checks.json,parsed,valid
MDA_5008_HARISON_2023_AR05,MDA_5008_HARISON_2023,mda,mda_disclosure_quality,mda_general_quality,initial,local_qwen3_8b,AR05,MD&A readability and structural clarity,4,1,5,0.1,75.0,7.5,[MDA_P001],[MDA_P001] MANAGEMENT DISCUSSION AND ANALYSIS,medium,Clear structure and concise language in the MD&A section.,none,2026-06-20T09:25:05+00:00,2026-06-20T09:25:26+00:00,2026-06-15,qwen3:8b,ollama,0.0,42,4096,192,false,false,ollama_format_schema,mda_single_dimension_context_v2,2026-06-20T09:25:26+00:00,06_scoring/05_raw_model_outputs/mda_final_full/MDA_5008_HARISON_2023_AR05_attempt_1.json,06_scoring/03_numeric_checks/mda_v2/MDA_5008_HARISON_2023_numeric_checks.json,parsed,valid
MDA_5008_HARISON_2024_AR01,MDA_5008_HARISON_2024,mda,mda_disclosure_quality,mda_general_quality,initial,local_qwen3_8b,AR01,MD&A content completeness,4,1,5,0.15,75.0,11.25,[MDA_P001],"[MDA_P001] MANAGEMENT DISCUSSION AND ANALYSIS Overview of Business Activities Harrisons' income is mainly derived from the marketing, sales, warehousing and distribution of Fast- Moving Consumer Goods, Building Materials and Engineering Pro",medium,Business activities and operations are clearly described.,none,2026-06-20T09:25:26+00:00,2026-06-20T09:25:49+00:00,2026-06-15,qwen3:8b,ollama,0.0,42,4096,192,false,false,ollama_format_schema,mda_single_dimension_context_v2,2026-06-20T09:25:49+00:00,06_scoring/05_raw_model_outputs/mda_final_full/MDA_5008_HARISON_2024_AR01_attempt_1.json,06_scoring/03_numeric_checks/mda_v2/MDA_5008_HARISON_2024_numeric_checks.json,parsed,valid
MDA_5008_HARISON_2024_AR02,MDA_5008_HARISON_2024,mda,mda_disclosure_quality,mda_general_quality,initial,local_qwen3_8b,AR02,MD&A internal numeric consistency and traceability,2,1,5,0.25,25.0,6.25,[MDA_P030],[MDA_P030] The Trade and Distribution Segment (“T&D Segment”) comprise mainly of the Fast-Moving Consumer Products businesses in Sabah and Sarawak. Sales of Building Materials and Engineering Products are mainly in Peninsular. This segment,medium,"Python numeric_checker: Segment revenue components sum to 4233.30 but total is stated as 2024.00, discrepancy not explained.",none,2026-06-20T09:25:26+00:00,2026-06-20T09:25:49+00:00,2026-06-15,qwen3:8b,ollama,0.0,42,4096,192,false,false,ollama_format_schema,mda_single_dimension_context_v2,2026-06-20T09:25:49+00:00,06_scoring/05_raw_model_outputs/mda_final_full/MDA_5008_HARISON_2024_AR02_attempt_1.json,06_scoring/03_numeric_checks/mda_v2/MDA_5008_HARISON_2024_numeric_checks.json,parsed,valid
MDA_5008_HARISON_2024_AR03,MDA_5008_HARISON_2024,mda,mda_disclosure_quality,mda_general_quality,initial,local_qwen3_8b,AR03,Operating analysis specificity,4,1,5,0.3,75.0,22.5,[MDA_P001],"[MDA_P001] MANAGEMENT DISCUSSION AND ANALYSIS Overview of Business Activities Harrisons' income is mainly derived from the marketing, sales, warehousing and distribution of Fast- Moving Consumer Goods, Building Materials and Engineering Pro",medium,Business activities are clearly described with specific segments and operations.,none,2026-06-20T09:25:26+00:00,2026-06-20T09:25:49+00:00,2026-06-15,qwen3:8b,ollama,0.0,42,4096,192,false,false,ollama_format_schema,mda_single_dimension_context_v2,2026-06-20T09:25:49+00:00,06_scoring/05_raw_model_outputs/mda_final_full/MDA_5008_HARISON_2024_AR03_attempt_1.json,06_scoring/03_numeric_checks/mda_v2/MDA_5008_HARISON_2024_numeric_checks.json,parsed,valid
MDA_5008_HARISON_2024_AR04,MDA_5008_HARISON_2024,mda,mda_disclosure_quality,mda_general_quality,initial,local_qwen3_8b,AR04,MD&A internal risk and forward-looking disclosure,2,1,5,0.2,25.0,5.0,[MDA_P037],[MDA_P037] Strategies and Future Profit Growth,medium,Lacks specific risk and forward-looking disclosures required for AR04,none,2026-06-20T09:25:26+00:00,2026-06-20T09:25:49+00:00,2026-06-15,qwen3:8b,ollama,0.0,42,4096,192,false,false,ollama_format_schema,mda_single_dimension_context_v2,2026-06-20T09:25:49+00:00,06_scoring/05_raw_model_outputs/mda_final_full/MDA_5008_HARISON_2024_AR04_attempt_1.json,06_scoring/03_numeric_checks/mda_v2/MDA_5008_HARISON_2024_numeric_checks.json,parsed,valid
MDA_5008_HARISON_2024_AR05,MDA_5008_HARISON_2024,mda,mda_disclosure_quality,mda_general_quality,initial,local_qwen3_8b,AR05,MD&A readability and structural clarity,2,1,5,0.1,25.0,2.5,[MDA_P001],"[MDA_P001] MANAGEMENT DISCUSSION AND ANALYSIS Overview of Business Activities Harrisons' income is mainly derived from the marketing, sales, warehousing and distribution of Fast- Moving Consumer Goods, Building Materials and Engineering Pro",medium,"Section heading is missing, affecting structural clarity",none,2026-06-20T09:25:26+00:00,2026-06-20T09:25:49+00:00,2026-06-15,qwen3:8b,ollama,0.0,42,4096,192,false,false,ollama_format_schema,mda_single_dimension_context_v2,2026-06-20T09:25:49+00:00,06_scoring/05_raw_model_outputs/mda_final_full/MDA_5008_HARISON_2024_AR05_attempt_1.json,06_scoring/03_numeric_checks/mda_v2/MDA_5008_HARISON_2024_numeric_checks.json,parsed,valid
MDA_5102_GCB_2020_AR01,MDA_5102_GCB_2020,mda,mda_disclosure_quality,mda_general_quality,initial,local_qwen3_8b,AR01,MD&A content completeness,4,1,5,0.15,75.0,11.25,[MDA_P001],"[MDA_P001] Management Discussion & Analysis Dear Shareholders, Despite a tumultuous year amidst the prolonged effects of the COVID19 pandemic, Guan Chong Berhad (GCB or the Group) posted commendable results for the financial year ended 31 D",medium,"Discusses operational performance, challenges, and strategic adjustments during the pandemic.",none,2026-06-20T09:25:49+00:00,2026-06-20T09:26:16+00:00,2026-06-15,qwen3:8b,ollama,0.0,42,4096,192,false,false,ollama_format_schema,mda_single_dimension_context_v2,2026-06-20T09:26:16+00:00,06_scoring/05_raw_model_outputs/mda_final_full/MDA_5102_GCB_2020_AR01_attempt_1.json,06_scoring/03_numeric_checks/mda_v2/MDA_5102_GCB_2020_numeric_checks.json,parsed,valid
MDA_5102_GCB_2020_AR02,MDA_5102_GCB_2020,mda,mda_disclosure_quality,mda_general_quality,initial,local_qwen3_8b,AR02,MD&A internal numeric consistency and traceability,3,1,5,0.25,50.0,12.5,[MDA_P001],"[MDA_P001] Management Discussion & Analysis Dear Shareholders, Despite a tumultuous year amidst the prolonged effects of the COVID19 pandemic, Guan Chong Berhad (GCB or the Group) posted commendable results for the financial year ended 31 D",medium,"Python numeric_checker: numeric_check_summary indicates not enough numbers for consistency checks, but financial mentions are present",none,2026-06-20T09:25:49+00:00,2026-06-20T09:26:16+00:00,2026-06-15,qwen3:8b,ollama,0.0,42,4096,192,false,false,ollama_format_schema,mda_single_dimension_context_v2,2026-06-20T09:26:16+00:00,06_scoring/05_raw_model_outputs/mda_final_full/MDA_5102_GCB_2020_AR02_attempt_1.json,06_scoring/03_numeric_checks/mda_v2/MDA_5102_GCB_2020_numeric_checks.json,parsed,valid
MDA_5102_GCB_2020_AR03,MDA_5102_GCB_2020,mda,mda_disclosure_quality,mda_general_quality,initial,local_qwen3_8b,AR03,Operating analysis specificity,2,1,5,0.3,25.0,7.5,[MDA_P001],"[MDA_P001] Management Discussion & Analysis Dear Shareholders, Despite a tumultuous year amidst the prolonged effects of the COVID19 pandemic, Guan Chong Berhad (GCB or the Group) posted commendable results for the financial year ended 31 D",medium,"Lacks detailed operating analysis specificity, focusing more on results than operational drivers.",none,2026-06-20T09:25:49+00:00,2026-06-20T09:26:16+00:00,2026-06-15,qwen3:8b,ollama,0.0,42,4096,192,false,false,ollama_format_schema,mda_single_dimension_context_v2,2026-06-20T09:26:16+00:00,06_scoring/05_raw_model_outputs/mda_final_full/MDA_5102_GCB_2020_AR03_attempt_1.json,06_scoring/03_numeric_checks/mda_v2/MDA_5102_GCB_2020_numeric_checks.json,parsed,valid
MDA_5102_GCB_2020_AR04,MDA_5102_GCB_2020,mda,mda_disclosure_quality,mda_general_quality,initial,local_qwen3_8b,AR04,MD&A internal risk and forward-looking disclosure,4,1,5,0.2,75.0,15.0,[MDA_P009],"[MDA_P009] Of total borrowings, Shariah-compliant loans made up RM354.7 million from RM237.3 million prior, as the Group looks to maintain its Shariah-compliant status. Due to the higher borrowings, the Group’s net gearing increased to 0.9",medium,Discusses risk and forward-looking plans with specific details on borrowings and gearing.,none,2026-06-20T09:25:49+00:00,2026-06-20T09:26:16+00:00,2026-06-15,qwen3:8b,ollama,0.0,42,4096,192,false,false,ollama_format_schema,mda_single_dimension_context_v2,2026-06-20T09:26:16+00:00,06_scoring/05_raw_model_outputs/mda_final_full/MDA_5102_GCB_2020_AR04_attempt_1.json,06_scoring/03_numeric_checks/mda_v2/MDA_5102_GCB_2020_numeric_checks.json,parsed,valid
MDA_5102_GCB_2020_AR05,MDA_5102_GCB_2020,mda,mda_disclosure_quality,mda_general_quality,initial,local_qwen3_8b,AR05,MD&A readability and structural clarity,2,1,5,0.1,25.0,2.5,[MDA_P001],"[MDA_P001] Management Discussion & Analysis Dear Shareholders, Despite a tumultuous year amidst the prolonged effects of the COVID19 pandemic, Guan Chong Berhad (GCB or the Group) posted commendable results for the financial year ended 31 D",medium,"Intro lacks clear structure and flow, confusing narrative with facility list",none,2026-06-20T09:25:49+00:00,2026-06-20T09:26:16+00:00,2026-06-15,qwen3:8b,ollama,0.0,42,4096,192,false,false,ollama_format_schema,mda_single_dimension_context_v2,2026-06-20T09:26:16+00:00,06_scoring/05_raw_model_outputs/mda_final_full/MDA_5102_GCB_2020_AR05_attempt_1.json,06_scoring/03_numeric_checks/mda_v2/MDA_5102_GCB_2020_numeric_checks.json,parsed,valid
MDA_5102_GCB_2021_AR01,MDA_5102_GCB_2021,mda,mda_disclosure_quality,mda_general_quality,initial,local_qwen3_8b,AR01,MD&A content completeness,4,1,5,0.15,75.0,11.25,[MDA_P001],"[MDA_P001] Management Discussion & Analysis 6 | GUAN CHONG BERHAD Our Financial Performance Continuing our trend of steady year-on-year growth, Group-wide revenue rose by 6.5% in FY2021. However, our net profit decreased by 30.5% mainly due",medium,"Discusses financial performance, non-financial performance, and key metrics with sufficient detail.",none,2026-06-20T09:26:16+00:00,2026-06-20T09:26:42+00:00,2026-06-15,qwen3:8b,ollama,0.0,42,4096,192,false,false,ollama_format_schema,mda_single_dimension_context_v2,2026-06-20T09:26:42+00:00,06_scoring/05_raw_model_outputs/mda_final_full/MDA_5102_GCB_2021_AR01_attempt_1.json,06_scoring/03_numeric_checks/mda_v2/MDA_5102_GCB_2021_numeric_checks.json,parsed,valid
MDA_5102_GCB_2021_AR02,MDA_5102_GCB_2021,mda,mda_disclosure_quality,mda_general_quality,initial,local_qwen3_8b,AR02,MD&A internal numeric consistency and traceability,3,1,5,0.25,50.0,12.5,[MDA_P001],"[MDA_P001] Management Discussion & Analysis 6 | GUAN CHONG BERHAD Our Financial Performance Continuing our trend of steady year-on-year growth, Group-wide revenue rose by 6.5% in FY2021. However, our net profit decreased by 30.5% mainly due",medium,"Python numeric_checker: numeric_check_summary indicates not enough numbers for consistency checks, but financial mentions are present",none,2026-06-20T09:26:16+00:00,2026-06-20T09:26:42+00:00,2026-06-15,qwen3:8b,ollama,0.0,42,4096,192,false,false,ollama_format_schema,mda_single_dimension_context_v2,2026-06-20T09:26:42+00:00,06_scoring/05_raw_model_outputs/mda_final_full/MDA_5102_GCB_2021_AR02_attempt_1.json,06_scoring/03_numeric_checks/mda_v2/MDA_5102_GCB_2021_numeric_checks.json,parsed,valid
MDA_5102_GCB_2021_AR03,MDA_5102_GCB_2021,mda,mda_disclosure_quality,mda_general_quality,initial,local_qwen3_8b,AR03,Operating analysis specificity,2,1,5,0.3,25.0,7.5,[MDA_P001],"[MDA_P001] Management Discussion & Analysis 6 | GUAN CHONG BERHAD Our Financial Performance Continuing our trend of steady year-on-year growth, Group-wide revenue rose by 6.5% in FY2021. However, our net profit decreased by 30.5% mainly due",medium,Limited analysis of operating performance with minimal quantitative details.,none,2026-06-20T09:26:16+00:00,2026-06-20T09:26:42+00:00,2026-06-15,qwen3:8b,ollama,0.0,42,4096,192,false,false,ollama_format_schema,mda_single_dimension_context_v2,2026-06-20T09:26:42+00:00,06_scoring/05_raw_model_outputs/mda_final_full/MDA_5102_GCB_2021_AR03_attempt_1.json,06_scoring/03_numeric_checks/mda_v2/MDA_5102_GCB_2021_numeric_checks.json,parsed,valid
MDA_5102_GCB_2021_AR04,MDA_5102_GCB_2021,mda,mda_disclosure_quality,mda_general_quality,initial,local_qwen3_8b,AR04,MD&A internal risk and forward-looking disclosure,4,1,5,0.2,75.0,15.0,[MDA_P010],"[MDA_P010] Sustainability report Corporate Governance & Compliance Financial STATEMENTS Others Integrated ANNUAL REPORT 2021 | 11 Corporate Principal Activities, Market Environment, Competitive Landscape and Market Positioning Corporate Pri",medium,"Discusses market environment, competitive landscape, and supply chain risks with forward-looking outlook.",none,2026-06-20T09:26:16+00:00,2026-06-20T09:26:42+00:00,2026-06-15,qwen3:8b,ollama,0.0,42,4096,192,false,false,ollama_format_schema,mda_single_dimension_context_v2,2026-06-20T09:26:42+00:00,06_scoring/05_raw_model_outputs/mda_final_full/MDA_5102_GCB_2021_AR04_attempt_1.json,06_scoring/03_numeric_checks/mda_v2/MDA_5102_GCB_2021_numeric_checks.json,parsed,valid
MDA_5102_GCB_2021_AR05,MDA_5102_GCB_2021,mda,mda_disclosure_quality,mda_general_quality,initial,local_qwen3_8b,AR05,MD&A readability and structural clarity,2,1,5,0.1,25.0,2.5,[MDA_P001],"[MDA_P001] Management Discussion & Analysis 6 | GUAN CHONG BERHAD Our Financial Performance Continuing our trend of steady year-on-year growth, Group-wide revenue rose by 6.5% in FY2021. However, our net profit decreased by 30.5% mainly due",medium,Readability is poor with complex sentences and lack of clear structure.,none,2026-06-20T09:26:16+00:00,2026-06-20T09:26:42+00:00,2026-06-15,qwen3:8b,ollama,0.0,42,4096,192,false,false,ollama_format_schema,mda_single_dimension_context_v2,2026-06-20T09:26:42+00:00,06_scoring/05_raw_model_outputs/mda_final_full/MDA_5102_GCB_2021_AR05_attempt_1.json,06_scoring/03_numeric_checks/mda_v2/MDA_5102_GCB_2021_numeric_checks.json,parsed,valid
MDA_5102_GCB_2022_AR01,MDA_5102_GCB_2022,mda,mda_disclosure_quality,mda_general_quality,initial,local_qwen3_8b,AR01,MD&A content completeness,4,1,5,0.15,75.0,11.25,[MDA_P001],"[MDA_P001] Management Discussion & Analysis MARKET OVERVIEW Despite global concerns about the economic impact of the Russia-Ukraine conflict, the global demand for chocolate remained strong, as demonstrated by the increase in grinding world",medium,"Discusses market overview, risks, and macroeconomic factors relevant to AR01.",none,2026-06-20T09:26:42+00:00,2026-06-20T09:27:06+00:00,2026-06-15,qwen3:8b,ollama,0.0,42,4096,192,false,false,ollama_format_schema,mda_single_dimension_context_v2,2026-06-20T09:27:06+00:00,06_scoring/05_raw_model_outputs/mda_final_full/MDA_5102_GCB_2022_AR01_attempt_1.json,06_scoring/03_numeric_checks/mda_v2/MDA_5102_GCB_2022_numeric_checks.json,parsed,valid
MDA_5102_GCB_2022_AR02,MDA_5102_GCB_2022,mda,mda_disclosure_quality,mda_general_quality,initial,local_qwen3_8b,AR02,MD&A internal numeric consistency and traceability,3,1,5,0.25,50.0,12.5,[MDA_P001],"[MDA_P001] Management Discussion & Analysis MARKET OVERVIEW Despite global concerns about the economic impact of the Russia-Ukraine conflict, the global demand for chocolate remained strong, as demonstrated by the increase in grinding world",medium,Python numeric_checker: numeric_check_summary indicates not enough numbers for consistency checks,none,2026-06-20T09:26:42+00:00,2026-06-20T09:27:06+00:00,2026-06-15,qwen3:8b,ollama,0.0,42,4096,192,false,false,ollama_format_schema,mda_single_dimension_context_v2,2026-06-20T09:27:06+00:00,06_scoring/05_raw_model_outputs/mda_final_full/MDA_5102_GCB_2022_AR02_attempt_1.json,06_scoring/03_numeric_checks/mda_v2/MDA_5102_GCB_2022_numeric_checks.json,parsed,valid
MDA_5102_GCB_2022_AR03,MDA_5102_GCB_2022,mda,mda_disclosure_quality,mda_general_quality,initial,local_qwen3_8b,AR03,Operating analysis specificity,2,1,5,0.3,25.0,7.5,[MDA_P001],"[MDA_P001] Management Discussion & Analysis MARKET OVERVIEW Despite global concerns about the economic impact of the Russia-Ukraine conflict, the global demand for chocolate remained strong, as demonstrated by the increase in grinding world",medium,Lacks specific operating metrics or analysis beyond general market trends,none,2026-06-20T09:26:42+00:00,2026-06-20T09:27:06+00:00,2026-06-15,qwen3:8b,ollama,0.0,42,4096,192,false,false,ollama_format_schema,mda_single_dimension_context_v2,2026-06-20T09:27:06+00:00,06_scoring/05_raw_model_outputs/mda_final_full/MDA_5102_GCB_2022_AR03_attempt_1.json,06_scoring/03_numeric_checks/mda_v2/MDA_5102_GCB_2022_numeric_checks.json,parsed,valid
MDA_5102_GCB_2022_AR04,MDA_5102_GCB_2022,mda,mda_disclosure_quality,mda_general_quality,initial,local_qwen3_8b,AR04,MD&A internal risk and forward-looking disclosure,4,1,5,0.2,75.0,15.0,[MDA_P001],"[MDA_P001] Management Discussion & Analysis MARKET OVERVIEW Despite global concerns about the economic impact of the Russia-Ukraine conflict, the global demand for chocolate remained strong, as demonstrated by the increase in grinding world",medium,"Discusses market trends, risks, and forward-looking statements relevant to AR04.",none,2026-06-20T09:26:42+00:00,2026-06-20T09:27:06+00:00,2026-06-15,qwen3:8b,ollama,0.0,42,4096,192,false,false,ollama_format_schema,mda_single_dimension_context_v2,2026-06-20T09:27:06+00:00,06_scoring/05_raw_model_outputs/mda_final_full/MDA_5102_GCB_2022_AR04_attempt_1.json,06_scoring/03_numeric_checks/mda_v2/MDA_5102_GCB_2022_numeric_checks.json,parsed,valid
MDA_5102_GCB_2022_AR05,MDA_5102_GCB_2022,mda,mda_disclosure_quality,mda_general_quality,initial,local_qwen3_8b,AR05,MD&A readability and structural clarity,4,1,5,0.1,75.0,7.5,[MDA_P001],"[MDA_P001] Management Discussion & Analysis MARKET OVERVIEW Despite global concerns about the economic impact of the Russia-Ukraine conflict, the global demand for chocolate remained strong, as demonstrated by the increase in grinding world",medium,Clear structure and logical flow in discussing market trends and risks.,none,2026-06-20T09:26:42+00:00,2026-06-20T09:27:06+00:00,2026-06-15,qwen3:8b,ollama,0.0,42,4096,192,false,false,ollama_format_schema,mda_single_dimension_context_v2,2026-06-20T09:27:06+00:00,06_scoring/05_raw_model_outputs/mda_final_full/MDA_5102_GCB_2022_AR05_attempt_1.json,06_scoring/03_numeric_checks/mda_v2/MDA_5102_GCB_2022_numeric_checks.json,parsed,valid
MDA_5102_GCB_2023_AR01,MDA_5102_GCB_2023,mda,mda_disclosure_quality,mda_general_quality,initial,local_qwen3_8b,AR01,MD&A content completeness,5,1,5,0.15,100.0,15.0,[MDA_P001],[MDA_P001] MANAGEMENT DISCUSSION & ANALYSIS Strategic Review Market Overview Outlook Our Value Creation Story Value Creation Business Model Key Stakeholder Engagement Material Matters Key Risks & Mitigation Actions Growth Strategies Financi,medium,"Comprehensive discussion of market dynamics, economic challenges, and strategic outlook.",none,2026-06-20T09:27:06+00:00,2026-06-20T09:27:30+00:00,2026-06-15,qwen3:8b,ollama,0.0,42,4096,192,false,false,ollama_format_schema,mda_single_dimension_context_v2,2026-06-20T09:27:30+00:00,06_scoring/05_raw_model_outputs/mda_final_full/MDA_5102_GCB_2023_AR01_attempt_1.json,06_scoring/03_numeric_checks/mda_v2/MDA_5102_GCB_2023_numeric_checks.json,parsed,valid
MDA_5102_GCB_2023_AR02,MDA_5102_GCB_2023,mda,mda_disclosure_quality,mda_general_quality,initial,local_qwen3_8b,AR02,MD&A internal numeric consistency and traceability,3,1,5,0.25,50.0,12.5,[MDA_P001],[MDA_P001] MANAGEMENT DISCUSSION & ANALYSIS Strategic Review Market Overview Outlook Our Value Creation Story Value Creation Business Model Key Stakeholder Engagement Material Matters Key Risks & Mitigation Actions Growth Strategies Financi,medium,Python numeric_checker: numeric_check_summary indicates moderate consistency with no material discrepancies,none,2026-06-20T09:27:06+00:00,2026-06-20T09:27:30+00:00,2026-06-15,qwen3:8b,ollama,0.0,42,4096,192,false,false,ollama_format_schema,mda_single_dimension_context_v2,2026-06-20T09:27:30+00:00,06_scoring/05_raw_model_outputs/mda_final_full/MDA_5102_GCB_2023_AR02_attempt_1.json,06_scoring/03_numeric_checks/mda_v2/MDA_5102_GCB_2023_numeric_checks.json,parsed,valid
MDA_5102_GCB_2023_AR03,MDA_5102_GCB_2023,mda,mda_disclosure_quality,mda_general_quality,initial,local_qwen3_8b,AR03,Operating analysis specificity,4,1,5,0.3,75.0,22.5,[MDA_P002],"[MDA_P002] GUAN CHONG BERHAD MANAGEMENT DISCUSSION & ANALYSIS Operational Performance Review Financial Review Strategic Review Supply & Demand Dynamics The cocoa industry grappled with a persistent supply deficit in the 2022/23 crop year, f",medium,"Discusses supply and demand dynamics, price volatility, and economic challenges relevant to operating analysis.",none,2026-06-20T09:27:06+00:00,2026-06-20T09:27:30+00:00,2026-06-15,qwen3:8b,ollama,0.0,42,4096,192,false,false,ollama_format_schema,mda_single_dimension_context_v2,2026-06-20T09:27:30+00:00,06_scoring/05_raw_model_outputs/mda_final_full/MDA_5102_GCB_2023_AR03_attempt_1.json,06_scoring/03_numeric_checks/mda_v2/MDA_5102_GCB_2023_numeric_checks.json,parsed,valid
MDA_5102_GCB_2023_AR04,MDA_5102_GCB_2023,mda,mda_disclosure_quality,mda_general_quality,initial,local_qwen3_8b,AR04,MD&A internal risk and forward-looking disclosure,5,1,5,0.2,100.0,20.0,[MDA_P001],[MDA_P001] MANAGEMENT DISCUSSION & ANALYSIS Strategic Review Market Overview Outlook Our Value Creation Story Value Creation Business Model Key Stakeholder Engagement Material Matters Key Risks & Mitigation Actions Growth Strategies Financi,medium,Comprehensive risk and forward-looking discussion on market dynamics and price volatility.,none,2026-06-20T09:27:06+00:00,2026-06-20T09:27:30+00:00,2026-06-15,qwen3:8b,ollama,0.0,42,4096,192,false,false,ollama_format_schema,mda_single_dimension_context_v2,2026-06-20T09:27:30+00:00,06_scoring/05_raw_model_outputs/mda_final_full/MDA_5102_GCB_2023_AR04_attempt_1.json,06_scoring/03_numeric_checks/mda_v2/MDA_5102_GCB_2023_numeric_checks.json,parsed,valid
MDA_5102_GCB_2023_AR05,MDA_5102_GCB_2023,mda,mda_disclosure_quality,mda_general_quality,initial,local_qwen3_8b,AR05,MD&A readability and structural clarity,5,1,5,0.1,100.0,10.0,[MDA_P001],[MDA_P001] MANAGEMENT DISCUSSION & ANALYSIS Strategic Review Market Overview Outlook Our Value Creation Story Value Creation Business Model Key Stakeholder Engagement Material Matters Key Risks & Mitigation Actions Growth Strategies Financi,medium,Clear structure with logical flow and well-defined sections.,none,2026-06-20T09:27:06+00:00,2026-06-20T09:27:30+00:00,2026-06-15,qwen3:8b,ollama,0.0,42,4096,192,false,false,ollama_format_schema,mda_single_dimension_context_v2,2026-06-20T09:27:30+00:00,06_scoring/05_raw_model_outputs/mda_final_full/MDA_5102_GCB_2023_AR05_attempt_1.json,06_scoring/03_numeric_checks/mda_v2/MDA_5102_GCB_2023_numeric_checks.json,parsed,valid
MDA_5102_GCB_2024_AR01,MDA_5102_GCB_2024,mda,mda_disclosure_quality,mda_general_quality,initial,local_qwen3_8b,AR01,MD&A content completeness,4,1,5,0.15,75.0,11.25,[MDA_P001],"[MDA_P001] MANAGEMENT DISCUSSION & ANALYSIS MARKET OVERVIEW OUTLOOK As we navigate the strategic landscape of our operations, it is essential to gain a comprehensive understanding of the prevailing conditions in the cocoa market. This inclu",medium,"Discusses market dynamics, supply and demand, and strategic approach.",none,2026-06-20T09:27:30+00:00,2026-06-20T09:27:53+00:00,2026-06-15,qwen3:8b,ollama,0.0,42,4096,192,false,false,ollama_format_schema,mda_single_dimension_context_v2,2026-06-20T09:27:53+00:00,06_scoring/05_raw_model_outputs/mda_final_full/MDA_5102_GCB_2024_AR01_attempt_1.json,06_scoring/03_numeric_checks/mda_v2/MDA_5102_GCB_2024_numeric_checks.json,parsed,valid
MDA_5102_GCB_2024_AR02,MDA_5102_GCB_2024,mda,mda_disclosure_quality,mda_general_quality,initial,local_qwen3_8b,AR02,MD&A internal numeric consistency and traceability,3,1,5,0.25,50.0,12.5,[MDA_P001],"[MDA_P001] MANAGEMENT DISCUSSION & ANALYSIS MARKET OVERVIEW OUTLOOK As we navigate the strategic landscape of our operations, it is essential to gain a comprehensive understanding of the prevailing conditions in the cocoa market. This inclu",medium,Python numeric_checker: numeric_check_summary indicates not enough numbers for consistency checks,none,2026-06-20T09:27:30+00:00,2026-06-20T09:27:53+00:00,2026-06-15,qwen3:8b,ollama,0.0,42,4096,192,false,false,ollama_format_schema,mda_single_dimension_context_v2,2026-06-20T09:27:53+00:00,06_scoring/05_raw_model_outputs/mda_final_full/MDA_5102_GCB_2024_AR02_attempt_1.json,06_scoring/03_numeric_checks/mda_v2/MDA_5102_GCB_2024_numeric_checks.json,parsed,valid
MDA_5102_GCB_2024_AR03,MDA_5102_GCB_2024,mda,mda_disclosure_quality,mda_general_quality,initial,local_qwen3_8b,AR03,Operating analysis specificity,2,1,5,0.3,25.0,7.5,[MDA_P001],"[MDA_P001] MANAGEMENT DISCUSSION & ANALYSIS MARKET OVERVIEW OUTLOOK As we navigate the strategic landscape of our operations, it is essential to gain a comprehensive understanding of the prevailing conditions in the cocoa market. This inclu",medium,Lacks specific operating analysis metrics or data points.,none,2026-06-20T09:27:30+00:00,2026-06-20T09:27:53+00:00,2026-06-15,qwen3:8b,ollama,0.0,42,4096,192,false,false,ollama_format_schema,mda_single_dimension_context_v2,2026-06-20T09:27:53+00:00,06_scoring/05_raw_model_outputs/mda_final_full/MDA_5102_GCB_2024_AR03_attempt_1.json,06_scoring/03_numeric_checks/mda_v2/MDA_5102_GCB_2024_numeric_checks.json,parsed,valid
MDA_5102_GCB_2024_AR04,MDA_5102_GCB_2024,mda,mda_disclosure_quality,mda_general_quality,initial,local_qwen3_8b,AR04,MD&A internal risk and forward-looking disclosure,4,1,5,0.2,75.0,15.0,[MDA_P001],"[MDA_P001] MANAGEMENT DISCUSSION & ANALYSIS MARKET OVERVIEW OUTLOOK As we navigate the strategic landscape of our operations, it is essential to gain a comprehensive understanding of the prevailing conditions in the cocoa market. This inclu",medium,"Discusses supply and demand dynamics, price volatility, and economic challenges relevant to risk and forward-looking disclosures.",none,2026-06-20T09:27:30+00:00,2026-06-20T09:27:53+00:00,2026-06-15,qwen3:8b,ollama,0.0,42,4096,192,false,false,ollama_format_schema,mda_single_dimension_context_v2,2026-06-20T09:27:53+00:00,06_scoring/05_raw_model_outputs/mda_final_full/MDA_5102_GCB_2024_AR04_attempt_1.json,06_scoring/03_numeric_checks/mda_v2/MDA_5102_GCB_2024_numeric_checks.json,parsed,valid
MDA_5102_GCB_2024_AR05,MDA_5102_GCB_2024,mda,mda_disclosure_quality,mda_general_quality,initial,local_qwen3_8b,AR05,MD&A readability and structural clarity,4,1,5,0.1,75.0,7.5,[MDA_P001],"[MDA_P001] MANAGEMENT DISCUSSION & ANALYSIS MARKET OVERVIEW OUTLOOK As we navigate the strategic landscape of our operations, it is essential to gain a comprehensive understanding of the prevailing conditions in the cocoa market. This inclu",medium,Clear structure with logical flow and concise explanations.,none,2026-06-20T09:27:30+00:00,2026-06-20T09:27:53+00:00,2026-06-15,qwen3:8b,ollama,0.0,42,4096,192,false,false,ollama_format_schema,mda_single_dimension_context_v2,2026-06-20T09:27:53+00:00,06_scoring/05_raw_model_outputs/mda_final_full/MDA_5102_GCB_2024_AR05_attempt_1.json,06_scoring/03_numeric_checks/mda_v2/MDA_5102_GCB_2024_numeric_checks.json,parsed,valid
MDA_5157_SG_2020_AR01,MDA_5157_SG_2020,mda,mda_disclosure_quality,mda_general_quality,initial,local_qwen3_8b,AR01,MD&A content completeness,4,1,5,0.15,75.0,11.25,[MDA_P001],[MDA_P001] MANAGEMENT DISCUSSION & ANALYSIS SAUDEE GROUP BERHAD 200801036832 (838172-P),medium,"Discusses revenue, profit, cost, and risk factors with relevant context.",none,2026-06-20T09:27:53+00:00,2026-06-20T09:28:21+00:00,2026-06-15,qwen3:8b,ollama,0.0,42,4096,192,false,false,ollama_format_schema,mda_single_dimension_context_v2,2026-06-20T09:28:21+00:00,06_scoring/05_raw_model_outputs/mda_final_full/MDA_5157_SG_2020_AR01_attempt_1.json,06_scoring/03_numeric_checks/mda_v2/MDA_5157_SG_2020_numeric_checks.json,parsed,valid
MDA_5157_SG_2020_AR02,MDA_5157_SG_2020,mda,mda_disclosure_quality,mda_general_quality,initial,local_qwen3_8b,AR02,MD&A internal numeric consistency and traceability,3,1,5,0.25,50.0,12.5,[MDA_P001],[MDA_P001] MANAGEMENT DISCUSSION & ANALYSIS SAUDEE GROUP BERHAD 200801036832 (838172-P),medium,"Python numeric_checker: numeric_check_summary indicates not enough numbers for consistency checks, but financial mentions are present",none,2026-06-20T09:27:53+00:00,2026-06-20T09:28:21+00:00,2026-06-15,qwen3:8b,ollama,0.0,42,4096,192,false,false,ollama_format_schema,mda_single_dimension_context_v2,2026-06-20T09:28:21+00:00,06_scoring/05_raw_model_outputs/mda_final_full/MDA_5157_SG_2020_AR02_attempt_1.json,06_scoring/03_numeric_checks/mda_v2/MDA_5157_SG_2020_numeric_checks.json,parsed,valid
MDA_5157_SG_2020_AR03,MDA_5157_SG_2020,mda,mda_disclosure_quality,mda_general_quality,initial,local_qwen3_8b,AR03,Operating analysis specificity,2,1,5,0.3,25.0,7.5,[MDA_P003],"[MDA_P003] Analysis of Profit/(Loss) FYE 2020 FYE 2019 01.08.2020 to 31.07.2019 01.08.2018 to 31.07.2019 Analysis of Profit and expenses : Profit/(Loss) Loss before tax (RM’000) (28,007) (2,410) (Loss)/Profit after tax (RM’000) (30,611) (Lo",medium,LBITDA and COGS figures are presented but lack detailed analysis of operating performance.,none,2026-06-20T09:27:53+00:00,2026-06-20T09:28:21+00:00,2026-06-15,qwen3:8b,ollama,0.0,42,4096,192,false,false,ollama_format_schema,mda_single_dimension_context_v2,2026-06-20T09:28:21+00:00,06_scoring/05_raw_model_outputs/mda_final_full/MDA_5157_SG_2020_AR03_attempt_1.json,06_scoring/03_numeric_checks/mda_v2/MDA_5157_SG_2020_numeric_checks.json,parsed,valid
MDA_5157_SG_2020_AR04,MDA_5157_SG_2020,mda,mda_disclosure_quality,mda_general_quality,initial,local_qwen3_8b,AR04,MD&A internal risk and forward-looking disclosure,2,1,5,0.2,25.0,5.0,[MDA_P002],"[MDA_P002] MANAGEMENT DISCUSSION & ANALYSIS (CONT’D) Analysis of Revenue (Cont'd) The Management will continue to monitor the prospect of secondary Covid-19 outbreak leading the re-imposition of containment measures. Therefore, the Manageme",medium,Discusses risks and mitigation but lacks specific forward-looking statements or detailed risk analysis.,none,2026-06-20T09:27:53+00:00,2026-06-20T09:28:21+00:00,2026-06-15,qwen3:8b,ollama,0.0,42,4096,192,false,false,ollama_format_schema,mda_single_dimension_context_v2,2026-06-20T09:28:21+00:00,06_scoring/05_raw_model_outputs/mda_final_full/MDA_5157_SG_2020_AR04_attempt_1.json,06_scoring/03_numeric_checks/mda_v2/MDA_5157_SG_2020_numeric_checks.json,parsed,valid
MDA_5157_SG_2020_AR05,MDA_5157_SG_2020,mda,mda_disclosure_quality,mda_general_quality,initial,local_qwen3_8b,AR05,MD&A readability and structural clarity,4,1,5,0.1,75.0,7.5,[MDA_P001],[MDA_P001] MANAGEMENT DISCUSSION & ANALYSIS SAUDEE GROUP BERHAD 200801036832 (838172-P),medium,Clear explanation of cost increases and financial impacts with structured analysis.,none,2026-06-20T09:27:53+00:00,2026-06-20T09:28:21+00:00,2026-06-15,qwen3:8b,ollama,0.0,42,4096,192,false,false,ollama_format_schema,mda_single_dimension_context_v2,2026-06-20T09:28:21+00:00,06_scoring/05_raw_model_outputs/mda_final_full/MDA_5157_SG_2020_AR05_attempt_1.json,06_scoring/03_numeric_checks/mda_v2/MDA_5157_SG_2020_numeric_checks.json,parsed,valid
MDA_5157_SG_2021_AR01,MDA_5157_SG_2021,mda,mda_disclosure_quality,mda_general_quality,initial,local_qwen3_8b,AR01,MD&A content completeness,4,1,5,0.15,75.0,11.25,[MDA_P001],[MDA_P001] MANAGEMENT DISCUSSION & ANALYSIS SAUDEE GROUP BERHAD 200801036832 (838172-P),medium,"Discusses revenue, cost, and risk factors with relevant context.",none,2026-06-20T09:28:21+00:00,2026-06-20T09:28:47+00:00,2026-06-15,qwen3:8b,ollama,0.0,42,4096,192,false,false,ollama_format_schema,mda_single_dimension_context_v2,2026-06-20T09:28:47+00:00,06_scoring/05_raw_model_outputs/mda_final_full/MDA_5157_SG_2021_AR01_attempt_1.json,06_scoring/03_numeric_checks/mda_v2/MDA_5157_SG_2021_numeric_checks.json,parsed,valid
MDA_5157_SG_2021_AR02,MDA_5157_SG_2021,mda,mda_disclosure_quality,mda_general_quality,initial,local_qwen3_8b,AR02,MD&A internal numeric consistency and traceability,3,1,5,0.25,50.0,12.5,[MDA_P001],[MDA_P001] MANAGEMENT DISCUSSION & ANALYSIS SAUDEE GROUP BERHAD 200801036832 (838172-P),medium,"Python numeric_checker: The numeric_check_summary indicates insufficient numbers for consistency checks, but the text discusses financial figures without explicit numeric verification.",none,2026-06-20T09:28:21+00:00,2026-06-20T09:28:47+00:00,2026-06-15,qwen3:8b,ollama,0.0,42,4096,192,false,false,ollama_format_schema,mda_single_dimension_context_v2,2026-06-20T09:28:47+00:00,06_scoring/05_raw_model_outputs/mda_final_full/MDA_5157_SG_2021_AR02_attempt_1.json,06_scoring/03_numeric_checks/mda_v2/MDA_5157_SG_2021_numeric_checks.json,parsed,valid
MDA_5157_SG_2021_AR03,MDA_5157_SG_2021,mda,mda_disclosure_quality,mda_general_quality,initial,local_qwen3_8b,AR03,Operating analysis specificity,2,1,5,0.3,25.0,7.5,[MDA_P003],"[MDA_P003] Analysis of Profit/(Loss) FYE 2021 FYE 2020 01.08.2020 to 31.07.2021 01.08.2019 to 31.07.2020 Analysis of Profit and expenses : Profit/(Loss) Loss before tax (RM’000) (4,465) (28,007) Loss after tax (RM’000) (4,373) (30,611) Earn",medium,Discussion lacks specific operating analysis metrics and contextual depth.,none,2026-06-20T09:28:21+00:00,2026-06-20T09:28:47+00:00,2026-06-15,qwen3:8b,ollama,0.0,42,4096,192,false,false,ollama_format_schema,mda_single_dimension_context_v2,2026-06-20T09:28:47+00:00,06_scoring/05_raw_model_outputs/mda_final_full/MDA_5157_SG_2021_AR03_attempt_1.json,06_scoring/03_numeric_checks/mda_v2/MDA_5157_SG_2021_numeric_checks.json,parsed,valid
MDA_5157_SG_2021_AR04,MDA_5157_SG_2021,mda,mda_disclosure_quality,mda_general_quality,initial,local_qwen3_8b,AR04,MD&A internal risk and forward-looking disclosure,2,1,5,0.2,25.0,5.0,[MDA_P002],"[MDA_P002] MANAGEMENT DISCUSSION & ANALYSIS (CONT’D) Analysis of Revenue (Cont'd) The Management will continue to monitor the prospect of secondary Covid-19 outbreak leading to the re-imposition of containment measures. Therefore, the Manag",medium,Limited forward-looking disclosure on risks and mitigation strategies,none,2026-06-20T09:28:21+00:00,2026-06-20T09:28:47+00:00,2026-06-15,qwen3:8b,ollama,0.0,42,4096,192,false,false,ollama_format_schema,mda_single_dimension_context_v2,2026-06-20T09:28:47+00:00,06_scoring/05_raw_model_outputs/mda_final_full/MDA_5157_SG_2021_AR04_attempt_1.json,06_scoring/03_numeric_checks/mda_v2/MDA_5157_SG_2021_numeric_checks.json,parsed,valid
MDA_5157_SG_2021_AR05,MDA_5157_SG_2021,mda,mda_disclosure_quality,mda_general_quality,initial,local_qwen3_8b,AR05,MD&A readability and structural clarity,2,1,5,0.1,25.0,2.5,[MDA_P001],[MDA_P001] MANAGEMENT DISCUSSION & ANALYSIS SAUDEE GROUP BERHAD 200801036832 (838172-P),medium,"Paragraph lacks clear structure and flow, making it difficult to follow the discussion.",none,2026-06-20T09:28:21+00:00,2026-06-20T09:28:47+00:00,2026-06-15,qwen3:8b,ollama,0.0,42,4096,192,false,false,ollama_format_schema,mda_single_dimension_context_v2,2026-06-20T09:28:47+00:00,06_scoring/05_raw_model_outputs/mda_final_full/MDA_5157_SG_2021_AR05_attempt_1.json,06_scoring/03_numeric_checks/mda_v2/MDA_5157_SG_2021_numeric_checks.json,parsed,valid
MDA_5157_SG_2022_AR01,MDA_5157_SG_2022,mda,mda_disclosure_quality,mda_general_quality,initial,local_qwen3_8b,AR01,MD&A content completeness,4,1,5,0.15,75.0,11.25,[MDA_P001],[MDA_P001] MANAGEMENT DISCUSSION & ANALYSIS Introduction The summary of the results of SAUDEE and its subsidiaries (“Group”) for the past two (2) financial years ended 31 July 2021 (“FYE 2021”) to FYE 2022 as summarised below:- FYE 2022 FYE,medium,Provides key financial results and comparisons but lacks detailed analysis of drivers and risks.,none,2026-06-20T09:28:47+00:00,2026-06-20T09:29:18+00:00,2026-06-15,qwen3:8b,ollama,0.0,42,4096,192,false,false,ollama_format_schema,mda_single_dimension_context_v2,2026-06-20T09:29:18+00:00,06_scoring/05_raw_model_outputs/mda_final_full/MDA_5157_SG_2022_AR01_attempt_1.json,06_scoring/03_numeric_checks/mda_v2/MDA_5157_SG_2022_numeric_checks.json,parsed,valid
MDA_5157_SG_2022_AR02,MDA_5157_SG_2022,mda,mda_disclosure_quality,mda_general_quality,initial,local_qwen3_8b,AR02,MD&A internal numeric consistency and traceability,3,1,5,0.25,50.0,12.5,[MDA_P001],[MDA_P001] MANAGEMENT DISCUSSION & ANALYSIS Introduction The summary of the results of SAUDEE and its subsidiaries (“Group”) for the past two (2) financial years ended 31 July 2021 (“FYE 2021”) to FYE 2022 as summarised below:- FYE 2022 FYE,medium,"Python numeric_checker: numeric_check_summary indicates moderate consistency with 1 minor discrepancy, but no clear explanation for the discrepancy",none,2026-06-20T09:28:47+00:00,2026-06-20T09:29:18+00:00,2026-06-15,qwen3:8b,ollama,0.0,42,4096,192,false,false,ollama_format_schema,mda_single_dimension_context_v2,2026-06-20T09:29:18+00:00,06_scoring/05_raw_model_outputs/mda_final_full/MDA_5157_SG_2022_AR02_attempt_1.json,06_scoring/03_numeric_checks/mda_v2/MDA_5157_SG_2022_numeric_checks.json,parsed,valid
MDA_5157_SG_2022_AR03,MDA_5157_SG_2022,mda,mda_disclosure_quality,mda_general_quality,initial,local_qwen3_8b,AR03,Operating analysis specificity,4,1,5,0.3,75.0,22.5,[MDA_P001],[MDA_P001] MANAGEMENT DISCUSSION & ANALYSIS Introduction The summary of the results of SAUDEE and its subsidiaries (“Group”) for the past two (2) financial years ended 31 July 2021 (“FYE 2021”) to FYE 2022 as summarised below:- FYE 2022 FYE,medium,Revenue and financial metrics are presented with clear context and explanations.,none,2026-06-20T09:28:47+00:00,2026-06-20T09:29:18+00:00,2026-06-15,qwen3:8b,ollama,0.0,42,4096,192,false,false,ollama_format_schema,mda_single_dimension_context_v2,2026-06-20T09:29:18+00:00,06_scoring/05_raw_model_outputs/mda_final_full/MDA_5157_SG_2022_AR03_attempt_1.json,06_scoring/03_numeric_checks/mda_v2/MDA_5157_SG_2022_numeric_checks.json,parsed,valid
MDA_5157_SG_2022_AR04,MDA_5157_SG_2022,mda,mda_disclosure_quality,mda_general_quality,initial,local_qwen3_8b,AR04,MD&A internal risk and forward-looking disclosure,4,1,5,0.2,75.0,15.0,[MDA_P002],"[MDA_P002] Analysis of Revenue FYE 2022 FYE 2021 (RM’000) (RM’000) Manufacturing-further process products (“FPP”) 64,219 49,432 Food Service (HORECA and OEM) 16,709 13,013 Trading products 15,952 18,334 96,880 80,779 96,880 80,779 Our Group",medium,"Discusses revenue drivers, risks, and forward-looking strategies with clear context.",none,2026-06-20T09:28:47+00:00,2026-06-20T09:29:18+00:00,2026-06-15,qwen3:8b,ollama,0.0,42,4096,192,false,false,ollama_format_schema,mda_single_dimension_context_v2,2026-06-20T09:29:18+00:00,06_scoring/05_raw_model_outputs/mda_final_full/MDA_5157_SG_2022_AR04_attempt_1.json,06_scoring/03_numeric_checks/mda_v2/MDA_5157_SG_2022_numeric_checks.json,parsed,valid
MDA_5157_SG_2022_AR05,MDA_5157_SG_2022,mda,mda_disclosure_quality,mda_general_quality,initial,local_qwen3_8b,AR05,MD&A readability and structural clarity,4,1,5,0.1,75.0,7.5,[MDA_P001],[MDA_P001] MANAGEMENT DISCUSSION & ANALYSIS Introduction The summary of the results of SAUDEE and its subsidiaries (“Group”) for the past two (2) financial years ended 31 July 2021 (“FYE 2021”) to FYE 2022 as summarised below:- FYE 2022 FYE,medium,Clear financial summary with key metrics and comparison,none,2026-06-20T09:28:47+00:00,2026-06-20T09:29:18+00:00,2026-06-15,qwen3:8b,ollama,0.0,42,4096,192,false,false,ollama_format_schema,mda_single_dimension_context_v2,2026-06-20T09:29:18+00:00,06_scoring/05_raw_model_outputs/mda_final_full/MDA_5157_SG_2022_AR05_attempt_1.json,06_scoring/03_numeric_checks/mda_v2/MDA_5157_SG_2022_numeric_checks.json,parsed,valid
MDA_5157_SG_2023_AR01,MDA_5157_SG_2023,mda,mda_disclosure_quality,mda_general_quality,initial,local_qwen3_8b,AR01,MD&A content completeness,4,1,5,0.15,75.0,11.25,[MDA_P001],[MDA_P001] MANAGEMENT DISCUSSION & ANALYSIS Introduction The summary of the results of SAUDEE and its subsidiaries (“Group”) for the past two (2) financial years ended 31 July 2022 (“FYE 2022”) to FYE 2023 summarised below:- FYE 2023 FYE 20,medium,Provides key financial results and comparison between FYE 2023 and FYE 2022.,none,2026-06-20T09:29:18+00:00,2026-06-20T09:29:50+00:00,2026-06-15,qwen3:8b,ollama,0.0,42,4096,192,false,false,ollama_format_schema,mda_single_dimension_context_v2,2026-06-20T09:29:50+00:00,06_scoring/05_raw_model_outputs/mda_final_full/MDA_5157_SG_2023_AR01_attempt_1.json,06_scoring/03_numeric_checks/mda_v2/MDA_5157_SG_2023_numeric_checks.json,parsed,valid
MDA_5157_SG_2023_AR02,MDA_5157_SG_2023,mda,mda_disclosure_quality,mda_general_quality,initial,local_qwen3_8b,AR02,MD&A internal numeric consistency and traceability,3,1,5,0.25,50.0,12.5,[MDA_P001],[MDA_P001] MANAGEMENT DISCUSSION & ANALYSIS Introduction The summary of the results of SAUDEE and its subsidiaries (“Group”) for the past two (2) financial years ended 31 July 2022 (“FYE 2022”) to FYE 2023 summarised below:- FYE 2023 FYE 20,medium,"Python numeric_checker: numeric_check_summary indicates moderate consistency, but no specific numeric checks or explanations are provided in the selected paragraphs.",none,2026-06-20T09:29:18+00:00,2026-06-20T09:29:50+00:00,2026-06-15,qwen3:8b,ollama,0.0,42,4096,192,false,false,ollama_format_schema,mda_single_dimension_context_v2,2026-06-20T09:29:50+00:00,06_scoring/05_raw_model_outputs/mda_final_full/MDA_5157_SG_2023_AR02_attempt_1.json,06_scoring/03_numeric_checks/mda_v2/MDA_5157_SG_2023_numeric_checks.json,parsed,valid
MDA_5157_SG_2023_AR03,MDA_5157_SG_2023,mda,mda_disclosure_quality,mda_general_quality,initial,local_qwen3_8b,AR03,Operating analysis specificity,4,1,5,0.3,75.0,22.5,[MDA_P001],[MDA_P001] MANAGEMENT DISCUSSION & ANALYSIS Introduction The summary of the results of SAUDEE and its subsidiaries (“Group”) for the past two (2) financial years ended 31 July 2022 (“FYE 2022”) to FYE 2023 summarised below:- FYE 2023 FYE 20,medium,Provides clear revenue figures and comparisons between FYE 2023 and FYE 2022.,none,2026-06-20T09:29:18+00:00,2026-06-20T09:29:50+00:00,2026-06-15,qwen3:8b,ollama,0.0,42,4096,192,false,false,ollama_format_schema,mda_single_dimension_context_v2,2026-06-20T09:29:50+00:00,06_scoring/05_raw_model_outputs/mda_final_full/MDA_5157_SG_2023_AR03_attempt_1.json,06_scoring/03_numeric_checks/mda_v2/MDA_5157_SG_2023_numeric_checks.json,parsed,valid
MDA_5157_SG_2023_AR04,MDA_5157_SG_2023,mda,mda_disclosure_quality,mda_general_quality,initial,local_qwen3_8b,AR04,MD&A internal risk and forward-looking disclosure,4,1,5,0.2,75.0,15.0,[MDA_P008],"[MDA_P008] Even facing the uncertainty on post Covid-19 pandemic challenge on global and local in material price and forex, the Group was still able to improved its cash inflow from operation and still maintained its current ratio at 3.74 t",medium,"Discusses financial metrics, cash flow, and expansion plans with clear forward-looking statements.",none,2026-06-20T09:29:18+00:00,2026-06-20T09:29:50+00:00,2026-06-15,qwen3:8b,ollama,0.0,42,4096,192,false,false,ollama_format_schema,mda_single_dimension_context_v2,2026-06-20T09:29:50+00:00,06_scoring/05_raw_model_outputs/mda_final_full/MDA_5157_SG_2023_AR04_attempt_1.json,06_scoring/03_numeric_checks/mda_v2/MDA_5157_SG_2023_numeric_checks.json,parsed,valid
MDA_5157_SG_2023_AR05,MDA_5157_SG_2023,mda,mda_disclosure_quality,mda_general_quality,initial,local_qwen3_8b,AR05,MD&A readability and structural clarity,4,1,5,0.1,75.0,7.5,[MDA_P001],[MDA_P001] MANAGEMENT DISCUSSION & ANALYSIS Introduction The summary of the results of SAUDEE and its subsidiaries (“Group”) for the past two (2) financial years ended 31 July 2022 (“FYE 2022”) to FYE 2023 summarised below:- FYE 2023 FYE 20,medium,Clear financial summary with key metrics and comparisons,none,2026-06-20T09:29:18+00:00,2026-06-20T09:29:50+00:00,2026-06-15,qwen3:8b,ollama,0.0,42,4096,192,false,false,ollama_format_schema,mda_single_dimension_context_v2,2026-06-20T09:29:50+00:00,06_scoring/05_raw_model_outputs/mda_final_full/MDA_5157_SG_2023_AR05_attempt_1.json,06_scoring/03_numeric_checks/mda_v2/MDA_5157_SG_2023_numeric_checks.json,parsed,valid
MDA_5157_SG_2024_AR01,MDA_5157_SG_2024,mda,mda_disclosure_quality,mda_general_quality,initial,local_qwen3_8b,AR01,MD&A content completeness,4,1,5,0.15,75.0,11.25,[MDA_P001],[MDA_P001] MANAGEMENT DISCUSSION & ANALYSIS,medium,"Discusses EBITDA, cost reduction, and financial performance with clear explanations.",none,2026-06-20T09:29:50+00:00,2026-06-20T09:30:19+00:00,2026-06-15,qwen3:8b,ollama,0.0,42,4096,192,false,false,ollama_format_schema,mda_single_dimension_context_v2,2026-06-20T09:30:19+00:00,06_scoring/05_raw_model_outputs/mda_final_full/MDA_5157_SG_2024_AR01_attempt_1.json,06_scoring/03_numeric_checks/mda_v2/MDA_5157_SG_2024_numeric_checks.json,parsed,valid
MDA_5157_SG_2024_AR02,MDA_5157_SG_2024,mda,mda_disclosure_quality,mda_general_quality,initial,local_qwen3_8b,AR02,MD&A internal numeric consistency and traceability,3,1,5,0.25,50.0,12.5,[MDA_P001],[MDA_P001] MANAGEMENT DISCUSSION & ANALYSIS,medium,"Python numeric_checker: numeric_check_summary indicates not enough numbers, but some financial figures are mentioned without clear consistency or traceability.",none,2026-06-20T09:29:50+00:00,2026-06-20T09:30:19+00:00,2026-06-15,qwen3:8b,ollama,0.0,42,4096,192,false,false,ollama_format_schema,mda_single_dimension_context_v2,2026-06-20T09:30:19+00:00,06_scoring/05_raw_model_outputs/mda_final_full/MDA_5157_SG_2024_AR02_attempt_1.json,06_scoring/03_numeric_checks/mda_v2/MDA_5157_SG_2024_numeric_checks.json,parsed,valid
MDA_5157_SG_2024_AR03,MDA_5157_SG_2024,mda,mda_disclosure_quality,mda_general_quality,initial,local_qwen3_8b,AR03,Operating analysis specificity,4,1,5,0.3,75.0,22.5,[MDA_P002],"[MDA_P002] SAUDIGOLD GROUP BERHAD 200801036832 (838172-P) Analysis of profit/(Loss) FYE 2024 FYE 2023 01.08.2023 to 31.07.2024 01.08.2022 to 31.07.2023 Analysis of Profit and expenses : Profit/(Loss) Loss before tax (RM’000) (5,706) (7,290)",medium,"Discusses EBITDA, cost reduction, and margin changes with specific figures.",none,2026-06-20T09:29:50+00:00,2026-06-20T09:30:19+00:00,2026-06-15,qwen3:8b,ollama,0.0,42,4096,192,false,false,ollama_format_schema,mda_single_dimension_context_v2,2026-06-20T09:30:19+00:00,06_scoring/05_raw_model_outputs/mda_final_full/MDA_5157_SG_2024_AR03_attempt_1.json,06_scoring/03_numeric_checks/mda_v2/MDA_5157_SG_2024_numeric_checks.json,parsed,valid
MDA_5157_SG_2024_AR04,MDA_5157_SG_2024,mda,mda_disclosure_quality,mda_general_quality,initial,local_qwen3_8b,AR04,MD&A internal risk and forward-looking disclosure,4,1,5,0.2,75.0,15.0,[MDA_P006],"[MDA_P006] Even facing the uncertainty on post Covid-19 pandemic challenge on global and local in material price and forex, the Group was still able to generated positive cash inflow from operation and still maintained its current ratio at",medium,"Discusses financial position, risk management and future expansion plans.",none,2026-06-20T09:29:50+00:00,2026-06-20T09:30:19+00:00,2026-06-15,qwen3:8b,ollama,0.0,42,4096,192,false,false,ollama_format_schema,mda_single_dimension_context_v2,2026-06-20T09:30:19+00:00,06_scoring/05_raw_model_outputs/mda_final_full/MDA_5157_SG_2024_AR04_attempt_1.json,06_scoring/03_numeric_checks/mda_v2/MDA_5157_SG_2024_numeric_checks.json,parsed,valid
MDA_5157_SG_2024_AR05,MDA_5157_SG_2024,mda,mda_disclosure_quality,mda_general_quality,initial,local_qwen3_8b,AR05,MD&A readability and structural clarity,4,1,5,0.1,75.0,7.5,[MDA_P001],[MDA_P001] MANAGEMENT DISCUSSION & ANALYSIS,medium,Clear discussion of cost reduction and financial performance with specific figures.,none,2026-06-20T09:29:50+00:00,2026-06-20T09:30:19+00:00,2026-06-15,qwen3:8b,ollama,0.0,42,4096,192,false,false,ollama_format_schema,mda_single_dimension_context_v2,2026-06-20T09:30:19+00:00,06_scoring/05_raw_model_outputs/mda_final_full/MDA_5157_SG_2024_AR05_attempt_1.json,06_scoring/03_numeric_checks/mda_v2/MDA_5157_SG_2024_numeric_checks.json,parsed,valid
MDA_5187_HBGLOB_2020_AR01,MDA_5187_HBGLOB_2020,mda,mda_disclosure_quality,mda_general_quality,initial,local_qwen3_8b,AR01,MD&A content completeness,4,1,5,0.15,75.0,11.25,[MDA_P001],[MDA_P001] MANAGEMENT DISCUSSION AND ANALYSIS,medium,"Discusses revenue, profit, cost, margin, and segment performance with clear financial context.",none,2026-06-20T09:30:19+00:00,2026-06-20T09:30:42+00:00,2026-06-15,qwen3:8b,ollama,0.0,42,4096,192,false,false,ollama_format_schema,mda_single_dimension_context_v2,2026-06-20T09:30:42+00:00,06_scoring/05_raw_model_outputs/mda_final_full/MDA_5187_HBGLOB_2020_AR01_attempt_1.json,06_scoring/03_numeric_checks/mda_v2/MDA_5187_HBGLOB_2020_numeric_checks.json,parsed,valid
MDA_5187_HBGLOB_2020_AR02,MDA_5187_HBGLOB_2020,mda,mda_disclosure_quality,mda_general_quality,initial,local_qwen3_8b,AR02,MD&A internal numeric consistency and traceability,2,1,5,0.25,25.0,6.25,[MDA_P002],[MDA_P002] HB GLOBAL LIMITED Annual Report 2020 Financial Review Our revenue decreased by RMB59.6 million or approximately 37.8% from RMB157.5 million in financial year ended 31 December 2019 (“FYE2019”) to RMB97.9 million in financial year,medium,"Python numeric_checker: Margin discrepancy not explained, calculation from profit/revenue inconsistent with stated margin.",none,2026-06-20T09:30:19+00:00,2026-06-20T09:30:42+00:00,2026-06-15,qwen3:8b,ollama,0.0,42,4096,192,false,false,ollama_format_schema,mda_single_dimension_context_v2,2026-06-20T09:30:42+00:00,06_scoring/05_raw_model_outputs/mda_final_full/MDA_5187_HBGLOB_2020_AR02_attempt_1.json,06_scoring/03_numeric_checks/mda_v2/MDA_5187_HBGLOB_2020_numeric_checks.json,parsed,valid
MDA_5187_HBGLOB_2020_AR03,MDA_5187_HBGLOB_2020,mda,mda_disclosure_quality,mda_general_quality,initial,local_qwen3_8b,AR03,Operating analysis specificity,2,1,5,0.3,25.0,7.5,[MDA_P002],[MDA_P002] HB GLOBAL LIMITED Annual Report 2020 Financial Review Our revenue decreased by RMB59.6 million or approximately 37.8% from RMB157.5 million in financial year ended 31 December 2019 (“FYE2019”) to RMB97.9 million in financial year,medium,Revenue and profit figures are mentioned but lack detailed analysis of operating performance.,none,2026-06-20T09:30:19+00:00,2026-06-20T09:30:42+00:00,2026-06-15,qwen3:8b,ollama,0.0,42,4096,192,false,false,ollama_format_schema,mda_single_dimension_context_v2,2026-06-20T09:30:42+00:00,06_scoring/05_raw_model_outputs/mda_final_full/MDA_5187_HBGLOB_2020_AR03_attempt_1.json,06_scoring/03_numeric_checks/mda_v2/MDA_5187_HBGLOB_2020_numeric_checks.json,parsed,valid
MDA_5187_HBGLOB_2020_AR04,MDA_5187_HBGLOB_2020,mda,mda_disclosure_quality,mda_general_quality,initial,local_qwen3_8b,AR04,MD&A internal risk and forward-looking disclosure,2,1,5,0.2,25.0,5.0,[MDA_P002],[MDA_P002] HB GLOBAL LIMITED Annual Report 2020 Financial Review Our revenue decreased by RMB59.6 million or approximately 37.8% from RMB157.5 million in financial year ended 31 December 2019 (“FYE2019”) to RMB97.9 million in financial year,medium,Discusses revenue and GP decline due to Covid-19 but lacks detailed risk mitigation strategies.,none,2026-06-20T09:30:19+00:00,2026-06-20T09:30:42+00:00,2026-06-15,qwen3:8b,ollama,0.0,42,4096,192,false,false,ollama_format_schema,mda_single_dimension_context_v2,2026-06-20T09:30:42+00:00,06_scoring/05_raw_model_outputs/mda_final_full/MDA_5187_HBGLOB_2020_AR04_attempt_1.json,06_scoring/03_numeric_checks/mda_v2/MDA_5187_HBGLOB_2020_numeric_checks.json,parsed,valid
MDA_5187_HBGLOB_2020_AR05,MDA_5187_HBGLOB_2020,mda,mda_disclosure_quality,mda_general_quality,initial,local_qwen3_8b,AR05,MD&A readability and structural clarity,2,1,5,0.1,25.0,2.5,[MDA_P001],[MDA_P001] MANAGEMENT DISCUSSION AND ANALYSIS,medium,Paragraph lacks clear structure and has inconsistent financial data presentation.,none,2026-06-20T09:30:19+00:00,2026-06-20T09:30:42+00:00,2026-06-15,qwen3:8b,ollama,0.0,42,4096,192,false,false,ollama_format_schema,mda_single_dimension_context_v2,2026-06-20T09:30:42+00:00,06_scoring/05_raw_model_outputs/mda_final_full/MDA_5187_HBGLOB_2020_AR05_attempt_1.json,06_scoring/03_numeric_checks/mda_v2/MDA_5187_HBGLOB_2020_numeric_checks.json,parsed,valid
MDA_5187_HBGLOB_2021_AR01,MDA_5187_HBGLOB_2021,mda,mda_disclosure_quality,mda_general_quality,initial,local_qwen3_8b,AR01,MD&A content completeness,2,1,5,0.15,25.0,3.75,[MDA_P001],[MDA_P001] HB GLOBAL LIMITED I Annual Report 2021 MANAGEMENT DISCUSSION AND ANALYSIS Dear Valued Shareholders On behalf of the Board of Directors ´the Boardµ of HB Global Limited ´HBGLµ the Audited Financial Statements of the Company and it,medium,Lacks detailed financial analysis and quantitative data on performance drivers.,none,2026-06-20T09:30:42+00:00,2026-06-20T09:31:02+00:00,2026-06-15,qwen3:8b,ollama,0.0,42,4096,192,false,false,ollama_format_schema,mda_single_dimension_context_v2,2026-06-20T09:31:02+00:00,06_scoring/05_raw_model_outputs/mda_final_full/MDA_5187_HBGLOB_2021_AR01_attempt_1.json,06_scoring/03_numeric_checks/mda_v2/MDA_5187_HBGLOB_2021_numeric_checks.json,parsed,valid
MDA_5187_HBGLOB_2021_AR02,MDA_5187_HBGLOB_2021,mda,mda_disclosure_quality,mda_general_quality,initial,local_qwen3_8b,AR02,MD&A internal numeric consistency and traceability,3,1,5,0.25,50.0,12.5,[MDA_P016],[MDA_P016] million in financial year ended December ´FYE µ to RMB million in financial year ended December,medium,Python numeric_checker: numeric_check_summary indicates not enough numbers for consistency checks,none,2026-06-20T09:30:42+00:00,2026-06-20T09:31:02+00:00,2026-06-15,qwen3:8b,ollama,0.0,42,4096,192,false,false,ollama_format_schema,mda_single_dimension_context_v2,2026-06-20T09:31:02+00:00,06_scoring/05_raw_model_outputs/mda_final_full/MDA_5187_HBGLOB_2021_AR02_attempt_1.json,06_scoring/03_numeric_checks/mda_v2/MDA_5187_HBGLOB_2021_numeric_checks.json,parsed,valid
MDA_5187_HBGLOB_2021_AR03,MDA_5187_HBGLOB_2021,mda,mda_disclosure_quality,mda_general_quality,initial,local_qwen3_8b,AR03,Operating analysis specificity,2,1,5,0.3,25.0,7.5,[MDA_P015],[MDA_P015] Forward Resources construction Sdn Bhd ´FRCµ ² the main operating situated in Malaysia by SLH infra Sdn Bhd As the main subsidiary SHF is principally involved in the design research development of RTS products and marketing activ,medium,Lacks specific operating analysis metrics or financial data,none,2026-06-20T09:30:42+00:00,2026-06-20T09:31:02+00:00,2026-06-15,qwen3:8b,ollama,0.0,42,4096,192,false,false,ollama_format_schema,mda_single_dimension_context_v2,2026-06-20T09:31:02+00:00,06_scoring/05_raw_model_outputs/mda_final_full/MDA_5187_HBGLOB_2021_AR03_attempt_1.json,06_scoring/03_numeric_checks/mda_v2/MDA_5187_HBGLOB_2021_numeric_checks.json,parsed,valid
MDA_5187_HBGLOB_2021_AR04,MDA_5187_HBGLOB_2021,mda,mda_disclosure_quality,mda_general_quality,initial,local_qwen3_8b,AR04,MD&A internal risk and forward-looking disclosure,2,1,5,0.2,25.0,5.0,[MDA_P017],[MDA_P017] ´FYE µ The increase was mainly due to increase in demand on products after the Covid outbreak since early The Group achieved a net loss before taxation of RMB million in FYE as compared to net loss before taxation of RMB million,medium,Lacks clear forward-looking statements and risk disclosures,none,2026-06-20T09:30:42+00:00,2026-06-20T09:31:02+00:00,2026-06-15,qwen3:8b,ollama,0.0,42,4096,192,false,false,ollama_format_schema,mda_single_dimension_context_v2,2026-06-20T09:31:02+00:00,06_scoring/05_raw_model_outputs/mda_final_full/MDA_5187_HBGLOB_2021_AR04_attempt_1.json,06_scoring/03_numeric_checks/mda_v2/MDA_5187_HBGLOB_2021_numeric_checks.json,parsed,valid
MDA_5187_HBGLOB_2021_AR05,MDA_5187_HBGLOB_2021,mda,mda_disclosure_quality,mda_general_quality,initial,local_qwen3_8b,AR05,MD&A readability and structural clarity,2,1,5,0.1,25.0,2.5,[MDA_P001],[MDA_P001] HB GLOBAL LIMITED I Annual Report 2021 MANAGEMENT DISCUSSION AND ANALYSIS Dear Valued Shareholders On behalf of the Board of Directors ´the Boardµ of HB Global Limited ´HBGLµ the Audited Financial Statements of the Company and it,medium,Poorly structured with unclear section headings and excessive text,none,2026-06-20T09:30:42+00:00,2026-06-20T09:31:02+00:00,2026-06-15,qwen3:8b,ollama,0.0,42,4096,192,false,false,ollama_format_schema,mda_single_dimension_context_v2,2026-06-20T09:31:02+00:00,06_scoring/05_raw_model_outputs/mda_final_full/MDA_5187_HBGLOB_2021_AR05_attempt_1.json,06_scoring/03_numeric_checks/mda_v2/MDA_5187_HBGLOB_2021_numeric_checks.json,parsed,valid
MDA_5187_HBGLOB_2022_AR01,MDA_5187_HBGLOB_2022,mda,mda_disclosure_quality,mda_general_quality,initial,local_qwen3_8b,AR01,MD&A content completeness,4,1,5,0.15,75.0,11.25,[MDA_P001],[MDA_P001] MANAGEMENT DISCUSSION AND ANALYSIS The following MD&A of the operating performance and financial condition of the Group for the twelve (12) months ended 31 December 2022 should be read in conjunction with the Audited Financial St,medium,"Discusses business operations, risks, and financial performance adequately.",none,2026-06-20T09:31:02+00:00,2026-06-20T09:31:26+00:00,2026-06-15,qwen3:8b,ollama,0.0,42,4096,192,false,false,ollama_format_schema,mda_single_dimension_context_v2,2026-06-20T09:31:26+00:00,06_scoring/05_raw_model_outputs/mda_final_full/MDA_5187_HBGLOB_2022_AR01_attempt_1.json,06_scoring/03_numeric_checks/mda_v2/MDA_5187_HBGLOB_2022_numeric_checks.json,parsed,valid
MDA_5187_HBGLOB_2022_AR02,MDA_5187_HBGLOB_2022,mda,mda_disclosure_quality,mda_general_quality,initial,local_qwen3_8b,AR02,MD&A internal numeric consistency and traceability,3,1,5,0.25,50.0,12.5,[MDA_P001],[MDA_P001] MANAGEMENT DISCUSSION AND ANALYSIS The following MD&A of the operating performance and financial condition of the Group for the twelve (12) months ended 31 December 2022 should be read in conjunction with the Audited Financial St,medium,"Python numeric_checker: numeric_check_summary indicates not enough numbers for consistency checks, but financial discussions are present",none,2026-06-20T09:31:02+00:00,2026-06-20T09:31:26+00:00,2026-06-15,qwen3:8b,ollama,0.0,42,4096,192,false,false,ollama_format_schema,mda_single_dimension_context_v2,2026-06-20T09:31:26+00:00,06_scoring/05_raw_model_outputs/mda_final_full/MDA_5187_HBGLOB_2022_AR02_attempt_1.json,06_scoring/03_numeric_checks/mda_v2/MDA_5187_HBGLOB_2022_numeric_checks.json,parsed,valid
MDA_5187_HBGLOB_2022_AR03,MDA_5187_HBGLOB_2022,mda,mda_disclosure_quality,mda_general_quality,initial,local_qwen3_8b,AR03,Operating analysis specificity,2,1,5,0.3,25.0,7.5,[MDA_P004],[MDA_P004] ANNUAL REPORT 2022 HB GLOBAL LIMITED MANAGEMENT DISCUSSION AND ANALYSIS (cont’d) Operation Overview HBGL Group’s revenue had decreased by RMB55.4 million or approximately 42% from RMB131.5 million in financial year ended 31 Decem,medium,Lacks specific operating analysis metrics or trends,none,2026-06-20T09:31:02+00:00,2026-06-20T09:31:26+00:00,2026-06-15,qwen3:8b,ollama,0.0,42,4096,192,false,false,ollama_format_schema,mda_single_dimension_context_v2,2026-06-20T09:31:26+00:00,06_scoring/05_raw_model_outputs/mda_final_full/MDA_5187_HBGLOB_2022_AR03_attempt_1.json,06_scoring/03_numeric_checks/mda_v2/MDA_5187_HBGLOB_2022_numeric_checks.json,parsed,valid
MDA_5187_HBGLOB_2022_AR04,MDA_5187_HBGLOB_2022,mda,mda_disclosure_quality,mda_general_quality,initial,local_qwen3_8b,AR04,MD&A internal risk and forward-looking disclosure,4,1,5,0.2,75.0,15.0,[MDA_P004],[MDA_P004] ANNUAL REPORT 2022 HB GLOBAL LIMITED MANAGEMENT DISCUSSION AND ANALYSIS (cont’d) Operation Overview HBGL Group’s revenue had decreased by RMB55.4 million or approximately 42% from RMB131.5 million in financial year ended 31 Decem,medium,"Discusses revenue decline, causes, and mitigation strategies for risks.",none,2026-06-20T09:31:02+00:00,2026-06-20T09:31:26+00:00,2026-06-15,qwen3:8b,ollama,0.0,42,4096,192,false,false,ollama_format_schema,mda_single_dimension_context_v2,2026-06-20T09:31:26+00:00,06_scoring/05_raw_model_outputs/mda_final_full/MDA_5187_HBGLOB_2022_AR04_attempt_1.json,06_scoring/03_numeric_checks/mda_v2/MDA_5187_HBGLOB_2022_numeric_checks.json,parsed,valid
MDA_5187_HBGLOB_2022_AR05,MDA_5187_HBGLOB_2022,mda,mda_disclosure_quality,mda_general_quality,initial,local_qwen3_8b,AR05,MD&A readability and structural clarity,2,1,5,0.1,25.0,2.5,[MDA_P001],[MDA_P001] MANAGEMENT DISCUSSION AND ANALYSIS The following MD&A of the operating performance and financial condition of the Group for the twelve (12) months ended 31 December 2022 should be read in conjunction with the Audited Financial St,medium,"Section heading is missing, leading to structural clarity issues",none,2026-06-20T09:31:02+00:00,2026-06-20T09:31:26+00:00,2026-06-15,qwen3:8b,ollama,0.0,42,4096,192,false,false,ollama_format_schema,mda_single_dimension_context_v2,2026-06-20T09:31:26+00:00,06_scoring/05_raw_model_outputs/mda_final_full/MDA_5187_HBGLOB_2022_AR05_attempt_1.json,06_scoring/03_numeric_checks/mda_v2/MDA_5187_HBGLOB_2022_numeric_checks.json,parsed,valid
MDA_5187_HBGLOB_2023_AR01,MDA_5187_HBGLOB_2023,mda,mda_disclosure_quality,mda_general_quality,initial,local_qwen3_8b,AR01,MD&A content completeness,4,1,5,0.15,75.0,11.25,[MDA_P001],[MDA_P001] MANAGEMENT DISCUSSION AND ANALYSIS Overview of Business and Objectives HB Global Limited (“HBGL”) is principally an investment holding company and currently the Group has one active wholly owned subsidiary as below: 100% owned Su,medium,"Discusses business operations, products, and quality standards but lacks detailed financial analysis.",none,2026-06-20T09:31:26+00:00,2026-06-20T09:31:51+00:00,2026-06-15,qwen3:8b,ollama,0.0,42,4096,192,false,false,ollama_format_schema,mda_single_dimension_context_v2,2026-06-20T09:31:51+00:00,06_scoring/05_raw_model_outputs/mda_final_full/MDA_5187_HBGLOB_2023_AR01_attempt_1.json,06_scoring/03_numeric_checks/mda_v2/MDA_5187_HBGLOB_2023_numeric_checks.json,parsed,valid
MDA_5187_HBGLOB_2023_AR02,MDA_5187_HBGLOB_2023,mda,mda_disclosure_quality,mda_general_quality,initial,local_qwen3_8b,AR02,MD&A internal numeric consistency and traceability,3,1,5,0.25,50.0,12.5,[MDA_P001],[MDA_P001] MANAGEMENT DISCUSSION AND ANALYSIS Overview of Business and Objectives HB Global Limited (“HBGL”) is principally an investment holding company and currently the Group has one active wholly owned subsidiary as below: 100% owned Su,medium,Python numeric_checker: Revenue growth and net loss figures are mentioned but no numeric checks or consistency are provided.,none,2026-06-20T09:31:26+00:00,2026-06-20T09:31:51+00:00,2026-06-15,qwen3:8b,ollama,0.0,42,4096,192,false,false,ollama_format_schema,mda_single_dimension_context_v2,2026-06-20T09:31:51+00:00,06_scoring/05_raw_model_outputs/mda_final_full/MDA_5187_HBGLOB_2023_AR02_attempt_1.json,06_scoring/03_numeric_checks/mda_v2/MDA_5187_HBGLOB_2023_numeric_checks.json,parsed,valid
MDA_5187_HBGLOB_2023_AR03,MDA_5187_HBGLOB_2023,mda,mda_disclosure_quality,mda_general_quality,initial,local_qwen3_8b,AR03,Operating analysis specificity,2,1,5,0.3,25.0,7.5,[MDA_P003],"[MDA_P003] Recognizing that customer preferences evolve, we continuously strive to monitor and refine our offerings to meet their changing needs. By prioritizing quality, the Group aims to fortify its market position and cultivate enduring",medium,Limited discussion on operating metrics and trends beyond revenue and net loss.,none,2026-06-20T09:31:26+00:00,2026-06-20T09:31:51+00:00,2026-06-15,qwen3:8b,ollama,0.0,42,4096,192,false,false,ollama_format_schema,mda_single_dimension_context_v2,2026-06-20T09:31:51+00:00,06_scoring/05_raw_model_outputs/mda_final_full/MDA_5187_HBGLOB_2023_AR03_attempt_1.json,06_scoring/03_numeric_checks/mda_v2/MDA_5187_HBGLOB_2023_numeric_checks.json,parsed,valid
MDA_5187_HBGLOB_2023_AR04,MDA_5187_HBGLOB_2023,mda,mda_disclosure_quality,mda_general_quality,initial,local_qwen3_8b,AR04,MD&A internal risk and forward-looking disclosure,4,1,5,0.2,75.0,15.0,[MDA_P009],"[MDA_P009] ANNUAL REPORT 2023 HB GLOBAL LIMITED MANAGEMENT DISCUSSION AND ANALYSIS (cont’d) Given our role in the food industry, we are acutely aware of the risks associated with product quality and safety. To mitigate these risks, we have",medium,"Discusses product quality, safety, and risk mitigation with specific measures",none,2026-06-20T09:31:26+00:00,2026-06-20T09:31:51+00:00,2026-06-15,qwen3:8b,ollama,0.0,42,4096,192,false,false,ollama_format_schema,mda_single_dimension_context_v2,2026-06-20T09:31:51+00:00,06_scoring/05_raw_model_outputs/mda_final_full/MDA_5187_HBGLOB_2023_AR04_attempt_1.json,06_scoring/03_numeric_checks/mda_v2/MDA_5187_HBGLOB_2023_numeric_checks.json,parsed,valid
MDA_5187_HBGLOB_2023_AR05,MDA_5187_HBGLOB_2023,mda,mda_disclosure_quality,mda_general_quality,initial,local_qwen3_8b,AR05,MD&A readability and structural clarity,4,1,5,0.1,75.0,7.5,[MDA_P001],[MDA_P001] MANAGEMENT DISCUSSION AND ANALYSIS Overview of Business and Objectives HB Global Limited (“HBGL”) is principally an investment holding company and currently the Group has one active wholly owned subsidiary as below: 100% owned Su,medium,Clear structure with logical flow and sufficient detail on business operations and objectives.,none,2026-06-20T09:31:26+00:00,2026-06-20T09:31:51+00:00,2026-06-15,qwen3:8b,ollama,0.0,42,4096,192,false,false,ollama_format_schema,mda_single_dimension_context_v2,2026-06-20T09:31:51+00:00,06_scoring/05_raw_model_outputs/mda_final_full/MDA_5187_HBGLOB_2023_AR05_attempt_1.json,06_scoring/03_numeric_checks/mda_v2/MDA_5187_HBGLOB_2023_numeric_checks.json,parsed,valid
MDA_5187_HBGLOB_2024_AR01,MDA_5187_HBGLOB_2024,mda,mda_disclosure_quality,mda_general_quality,initial,local_qwen3_8b,AR01,MD&A content completeness,4,1,5,0.15,75.0,11.25,[MDA_P001],"[MDA_P001] MANAGEMENT DISCUSSION AND ANALYSIS OVERVIEW OF BUSINESS AND OPERATIONS HBGL specialises in the food industry, focusing on the processing, packaging, and production of ready-to- serve foods, frozen vegetables, and other culinary p",medium,"Discusses business operations, certifications, and market presence but lacks detailed financial analysis.",none,2026-06-20T09:31:51+00:00,2026-06-20T09:32:19+00:00,2026-06-15,qwen3:8b,ollama,0.0,42,4096,192,false,false,ollama_format_schema,mda_single_dimension_context_v2,2026-06-20T09:32:19+00:00,06_scoring/05_raw_model_outputs/mda_final_full/MDA_5187_HBGLOB_2024_AR01_attempt_1.json,06_scoring/03_numeric_checks/mda_v2/MDA_5187_HBGLOB_2024_numeric_checks.json,parsed,valid
MDA_5187_HBGLOB_2024_AR02,MDA_5187_HBGLOB_2024,mda,mda_disclosure_quality,mda_general_quality,initial,local_qwen3_8b,AR02,MD&A internal numeric consistency and traceability,2,1,5,0.25,25.0,6.25,[MDA_P008],[MDA_P008] ANNUAL REPORT 2024 HB GLOBAL LIMITED MANAGEMENT DISCUSSION AND ANALYSIS (cont’d) Gross Margin FYE 2024 FYE 2023 Changes RMB’ million RMB’ million % Revenue 80.726 80.049 0.8 Cost of Sales (65.420) (78.995) -17.18 Gross Profit 15.,medium,"Python numeric_checker: Stated gross margin 19%, but calculated from profit/revenue as 2508.05%, inconsistent and unexplained.",none,2026-06-20T09:31:51+00:00,2026-06-20T09:32:19+00:00,2026-06-15,qwen3:8b,ollama,0.0,42,4096,192,false,false,ollama_format_schema,mda_single_dimension_context_v2,2026-06-20T09:32:19+00:00,06_scoring/05_raw_model_outputs/mda_final_full/MDA_5187_HBGLOB_2024_AR02_attempt_1.json,06_scoring/03_numeric_checks/mda_v2/MDA_5187_HBGLOB_2024_numeric_checks.json,parsed,valid
MDA_5187_HBGLOB_2024_AR03,MDA_5187_HBGLOB_2024,mda,mda_disclosure_quality,mda_general_quality,initial,local_qwen3_8b,AR03,Operating analysis specificity,2,1,5,0.3,25.0,7.5,[MDA_P006],"[MDA_P006] The Group has entered into partnerships with regional and international retailers, distributors, and institutional buyers, strengthening its market position across key territories. By aligning its offerings with evolving consumer",medium,Financial metrics are presented but lack detailed analysis of operating performance drivers.,none,2026-06-20T09:31:51+00:00,2026-06-20T09:32:19+00:00,2026-06-15,qwen3:8b,ollama,0.0,42,4096,192,false,false,ollama_format_schema,mda_single_dimension_context_v2,2026-06-20T09:32:19+00:00,06_scoring/05_raw_model_outputs/mda_final_full/MDA_5187_HBGLOB_2024_AR03_attempt_1.json,06_scoring/03_numeric_checks/mda_v2/MDA_5187_HBGLOB_2024_numeric_checks.json,parsed,valid
MDA_5187_HBGLOB_2024_AR04,MDA_5187_HBGLOB_2024,mda,mda_disclosure_quality,mda_general_quality,initial,local_qwen3_8b,AR04,MD&A internal risk and forward-looking disclosure,2,1,5,0.2,25.0,5.0,[MDA_P005],[MDA_P005] ANNUAL REPORT 2024 HB GLOBAL LIMITED MANAGEMENT DISCUSSION AND ANALYSIS (cont’d) Expansion into High-Growth Sectors HBGL has broadened its portfolio by venturing into large-scale agriculture and aquaculture. These initiatives sup,medium,Lacks specific forward-looking disclosures and risk factors related to the dimension,none,2026-06-20T09:31:51+00:00,2026-06-20T09:32:19+00:00,2026-06-15,qwen3:8b,ollama,0.0,42,4096,192,false,false,ollama_format_schema,mda_single_dimension_context_v2,2026-06-20T09:32:19+00:00,06_scoring/05_raw_model_outputs/mda_final_full/MDA_5187_HBGLOB_2024_AR04_attempt_1.json,06_scoring/03_numeric_checks/mda_v2/MDA_5187_HBGLOB_2024_numeric_checks.json,parsed,valid
MDA_5187_HBGLOB_2024_AR05,MDA_5187_HBGLOB_2024,mda,mda_disclosure_quality,mda_general_quality,initial,local_qwen3_8b,AR05,MD&A readability and structural clarity,4,1,5,0.1,75.0,7.5,[MDA_P001],"[MDA_P001] MANAGEMENT DISCUSSION AND ANALYSIS OVERVIEW OF BUSINESS AND OPERATIONS HBGL specialises in the food industry, focusing on the processing, packaging, and production of ready-to- serve foods, frozen vegetables, and other culinary p",medium,Clear structure with concise business overview and risk factors,none,2026-06-20T09:31:51+00:00,2026-06-20T09:32:19+00:00,2026-06-15,qwen3:8b,ollama,0.0,42,4096,192,false,false,ollama_format_schema,mda_single_dimension_context_v2,2026-06-20T09:32:19+00:00,06_scoring/05_raw_model_outputs/mda_final_full/MDA_5187_HBGLOB_2024_AR05_attempt_1.json,06_scoring/03_numeric_checks/mda_v2/MDA_5187_HBGLOB_2024_numeric_checks.json,parsed,valid
MDA_5188_CNOUHUA_2020_AR01,MDA_5188_CNOUHUA_2020,mda,mda_disclosure_quality,mda_general_quality,initial,local_qwen3_8b,AR01,MD&A content completeness,4,1,5,0.15,75.0,11.25,[MDA_P001],[MDA_P001] Management Discussion and Analysis CHINA OUHUA WINERY HOLDINGS LIMITED Overview of Performance Prospects,medium,"Discusses revenue, profit, and liquidity with numerical data but lacks outlook section",none,2026-06-20T09:32:19+00:00,2026-06-20T09:32:35+00:00,2026-06-15,qwen3:8b,ollama,0.0,42,4096,192,false,false,ollama_format_schema,mda_single_dimension_context_v2,2026-06-20T09:32:35+00:00,06_scoring/05_raw_model_outputs/mda_final_full/MDA_5188_CNOUHUA_2020_AR01_attempt_1.json,06_scoring/03_numeric_checks/mda_v2/MDA_5188_CNOUHUA_2020_numeric_checks.json,parsed,valid
MDA_5188_CNOUHUA_2020_AR02,MDA_5188_CNOUHUA_2020,mda,mda_disclosure_quality,mda_general_quality,initial,local_qwen3_8b,AR02,MD&A internal numeric consistency and traceability,3,1,5,0.25,50.0,12.5,[MDA_P002],[MDA_P002] Annual Report 2020,medium,"Python numeric_checker: numeric_check_summary indicates not enough numbers, but revenue and profit figures are provided without explanation of consistency",none,2026-06-20T09:32:19+00:00,2026-06-20T09:32:35+00:00,2026-06-15,qwen3:8b,ollama,0.0,42,4096,192,false,false,ollama_format_schema,mda_single_dimension_context_v2,2026-06-20T09:32:35+00:00,06_scoring/05_raw_model_outputs/mda_final_full/MDA_5188_CNOUHUA_2020_AR02_attempt_1.json,06_scoring/03_numeric_checks/mda_v2/MDA_5188_CNOUHUA_2020_numeric_checks.json,parsed,valid
MDA_5188_CNOUHUA_2020_AR03,MDA_5188_CNOUHUA_2020,mda,mda_disclosure_quality,mda_general_quality,initial,local_qwen3_8b,AR03,Operating analysis specificity,2,1,5,0.3,25.0,7.5,[MDA_P003],"[MDA_P003] a) Revenue For FY 2020, China Ouhua, which is principally involved in importing and sales of grape wines with its sole manufacturing plant which is located in Yantai City, Shandong Province, China recorded a revenue decline of 6.",medium,Revenue and profit discussion lacks detail on operating drivers and cost structure.,none,2026-06-20T09:32:19+00:00,2026-06-20T09:32:35+00:00,2026-06-15,qwen3:8b,ollama,0.0,42,4096,192,false,false,ollama_format_schema,mda_single_dimension_context_v2,2026-06-20T09:32:35+00:00,06_scoring/05_raw_model_outputs/mda_final_full/MDA_5188_CNOUHUA_2020_AR03_attempt_1.json,06_scoring/03_numeric_checks/mda_v2/MDA_5188_CNOUHUA_2020_numeric_checks.json,parsed,valid
MDA_5188_CNOUHUA_2020_AR04,MDA_5188_CNOUHUA_2020,mda,mda_disclosure_quality,mda_general_quality,initial,local_qwen3_8b,AR04,MD&A internal risk and forward-looking disclosure,2,1,5,0.2,25.0,5.0,[MDA_P003],"[MDA_P003] a) Revenue For FY 2020, China Ouhua, which is principally involved in importing and sales of grape wines with its sole manufacturing plant which is located in Yantai City, Shandong Province, China recorded a revenue decline of 6.",medium,Limited forward-looking disclosure and risk discussion.,none,2026-06-20T09:32:19+00:00,2026-06-20T09:32:35+00:00,2026-06-15,qwen3:8b,ollama,0.0,42,4096,192,false,false,ollama_format_schema,mda_single_dimension_context_v2,2026-06-20T09:32:35+00:00,06_scoring/05_raw_model_outputs/mda_final_full/MDA_5188_CNOUHUA_2020_AR04_attempt_1.json,06_scoring/03_numeric_checks/mda_v2/MDA_5188_CNOUHUA_2020_numeric_checks.json,parsed,valid
MDA_5188_CNOUHUA_2020_AR05,MDA_5188_CNOUHUA_2020,mda,mda_disclosure_quality,mda_general_quality,initial,local_qwen3_8b,AR05,MD&A readability and structural clarity,4,1,5,0.1,75.0,7.5,[MDA_P001],[MDA_P001] Management Discussion and Analysis CHINA OUHUA WINERY HOLDINGS LIMITED Overview of Performance Prospects,medium,Clear structure with concise paragraphs and relevant financial data.,none,2026-06-20T09:32:19+00:00,2026-06-20T09:32:35+00:00,2026-06-15,qwen3:8b,ollama,0.0,42,4096,192,false,false,ollama_format_schema,mda_single_dimension_context_v2,2026-06-20T09:32:35+00:00,06_scoring/05_raw_model_outputs/mda_final_full/MDA_5188_CNOUHUA_2020_AR05_attempt_1.json,06_scoring/03_numeric_checks/mda_v2/MDA_5188_CNOUHUA_2020_numeric_checks.json,parsed,valid
MDA_5188_CNOUHUA_2021_AR01,MDA_5188_CNOUHUA_2021,mda,mda_disclosure_quality,mda_general_quality,initial,local_qwen3_8b,AR01,MD&A content completeness,4,1,5,0.15,75.0,11.25,[MDA_P001],[MDA_P001] Management Discussion and Analysis CHINA OUHUA WINERY HOLDINGS LIMITED Overview of Performance Prospects,medium,"Discusses revenue, profit, and liquidity with quantitative data but lacks outlook and risk sections.",none,2026-06-20T09:32:35+00:00,2026-06-20T09:32:50+00:00,2026-06-15,qwen3:8b,ollama,0.0,42,4096,192,false,false,ollama_format_schema,mda_single_dimension_context_v2,2026-06-20T09:32:50+00:00,06_scoring/05_raw_model_outputs/mda_final_full/MDA_5188_CNOUHUA_2021_AR01_attempt_1.json,06_scoring/03_numeric_checks/mda_v2/MDA_5188_CNOUHUA_2021_numeric_checks.json,parsed,valid
MDA_5188_CNOUHUA_2021_AR02,MDA_5188_CNOUHUA_2021,mda,mda_disclosure_quality,mda_general_quality,initial,local_qwen3_8b,AR02,MD&A internal numeric consistency and traceability,3,1,5,0.25,50.0,12.5,[MDA_P002],[MDA_P002] Annual Report 2021,medium,Python numeric_checker: Revenue and profit figures are presented but no numeric consistency checks are performed.,none,2026-06-20T09:32:35+00:00,2026-06-20T09:32:50+00:00,2026-06-15,qwen3:8b,ollama,0.0,42,4096,192,false,false,ollama_format_schema,mda_single_dimension_context_v2,2026-06-20T09:32:50+00:00,06_scoring/05_raw_model_outputs/mda_final_full/MDA_5188_CNOUHUA_2021_AR02_attempt_1.json,06_scoring/03_numeric_checks/mda_v2/MDA_5188_CNOUHUA_2021_numeric_checks.json,parsed,valid
MDA_5188_CNOUHUA_2021_AR03,MDA_5188_CNOUHUA_2021,mda,mda_disclosure_quality,mda_general_quality,initial,local_qwen3_8b,AR03,Operating analysis specificity,2,1,5,0.3,25.0,7.5,[MDA_P003],"[MDA_P003] a) Revenue For FY 2021, China Ouhua, which is principally involved in importing and sales of grape wines with its sole manufacturing plant located in Yantai City, Shandong Province, China recorded a revenue decline of 23.31% or R",medium,Revenue and profit discussion lacks specific operational analysis,none,2026-06-20T09:32:35+00:00,2026-06-20T09:32:50+00:00,2026-06-15,qwen3:8b,ollama,0.0,42,4096,192,false,false,ollama_format_schema,mda_single_dimension_context_v2,2026-06-20T09:32:50+00:00,06_scoring/05_raw_model_outputs/mda_final_full/MDA_5188_CNOUHUA_2021_AR03_attempt_1.json,06_scoring/03_numeric_checks/mda_v2/MDA_5188_CNOUHUA_2021_numeric_checks.json,parsed,valid
MDA_5188_CNOUHUA_2021_AR04,MDA_5188_CNOUHUA_2021,mda,mda_disclosure_quality,mda_general_quality,initial,local_qwen3_8b,AR04,MD&A internal risk and forward-looking disclosure,2,1,5,0.2,25.0,5.0,[MDA_P001],[MDA_P001] Management Discussion and Analysis CHINA OUHUA WINERY HOLDINGS LIMITED Overview of Performance Prospects,medium,Lacks detailed risk and forward-looking disclosures required for AR04,none,2026-06-20T09:32:35+00:00,2026-06-20T09:32:50+00:00,2026-06-15,qwen3:8b,ollama,0.0,42,4096,192,false,false,ollama_format_schema,mda_single_dimension_context_v2,2026-06-20T09:32:50+00:00,06_scoring/05_raw_model_outputs/mda_final_full/MDA_5188_CNOUHUA_2021_AR04_attempt_1.json,06_scoring/03_numeric_checks/mda_v2/MDA_5188_CNOUHUA_2021_numeric_checks.json,parsed,valid
MDA_5188_CNOUHUA_2021_AR05,MDA_5188_CNOUHUA_2021,mda,mda_disclosure_quality,mda_general_quality,initial,local_qwen3_8b,AR05,MD&A readability and structural clarity,4,1,5,0.1,75.0,7.5,[MDA_P001],[MDA_P001] Management Discussion and Analysis CHINA OUHUA WINERY HOLDINGS LIMITED Overview of Performance Prospects,medium,Clear structure with concise paragraphs and relevant financial data.,none,2026-06-20T09:32:35+00:00,2026-06-20T09:32:50+00:00,2026-06-15,qwen3:8b,ollama,0.0,42,4096,192,false,false,ollama_format_schema,mda_single_dimension_context_v2,2026-06-20T09:32:50+00:00,06_scoring/05_raw_model_outputs/mda_final_full/MDA_5188_CNOUHUA_2021_AR05_attempt_1.json,06_scoring/03_numeric_checks/mda_v2/MDA_5188_CNOUHUA_2021_numeric_checks.json,parsed,valid
MDA_5188_CNOUHUA_2022_AR01,MDA_5188_CNOUHUA_2022,mda,mda_disclosure_quality,mda_general_quality,initial,local_qwen3_8b,AR01,MD&A content completeness,2,1,5,0.15,25.0,3.75,[MDA_P001],[MDA_P001] Management Discussion and Analysis CHINA OUHUA WINERY HOLDINGS LIMITED Overview of Performance Prospects,medium,Discussion lacks depth on key financial drivers and risk factors.,none,2026-06-20T09:32:50+00:00,2026-06-20T09:33:06+00:00,2026-06-15,qwen3:8b,ollama,0.0,42,4096,192,false,false,ollama_format_schema,mda_single_dimension_context_v2,2026-06-20T09:33:06+00:00,06_scoring/05_raw_model_outputs/mda_final_full/MDA_5188_CNOUHUA_2022_AR01_attempt_1.json,06_scoring/03_numeric_checks/mda_v2/MDA_5188_CNOUHUA_2022_numeric_checks.json,parsed,valid
MDA_5188_CNOUHUA_2022_AR02,MDA_5188_CNOUHUA_2022,mda,mda_disclosure_quality,mda_general_quality,initial,local_qwen3_8b,AR02,MD&A internal numeric consistency and traceability,3,1,5,0.25,50.0,12.5,[MDA_P002],[MDA_P002] Annual Report 2022,medium,"Python numeric_checker: numeric_check_summary indicates not enough numbers, but revenue and profit figures are provided without consistency checks",none,2026-06-20T09:32:50+00:00,2026-06-20T09:33:06+00:00,2026-06-15,qwen3:8b,ollama,0.0,42,4096,192,false,false,ollama_format_schema,mda_single_dimension_context_v2,2026-06-20T09:33:06+00:00,06_scoring/05_raw_model_outputs/mda_final_full/MDA_5188_CNOUHUA_2022_AR02_attempt_1.json,06_scoring/03_numeric_checks/mda_v2/MDA_5188_CNOUHUA_2022_numeric_checks.json,parsed,valid
MDA_5188_CNOUHUA_2022_AR03,MDA_5188_CNOUHUA_2022,mda,mda_disclosure_quality,mda_general_quality,initial,local_qwen3_8b,AR03,Operating analysis specificity,2,1,5,0.3,25.0,7.5,[MDA_P003],"[MDA_P003] b) Profit(Loss) after Taxation Loss for FY 2022 was RMB 25.940 million as compared with FY 2021's loss of RMB 4.263 million.The higher loss figure in FY 2022 was mainly due to Inventories written down, which amount to RMB15.396 m",medium,Limited analysis of operating performance with minimal discussion on drivers or financial metrics.,none,2026-06-20T09:32:50+00:00,2026-06-20T09:33:06+00:00,2026-06-15,qwen3:8b,ollama,0.0,42,4096,192,false,false,ollama_format_schema,mda_single_dimension_context_v2,2026-06-20T09:33:06+00:00,06_scoring/05_raw_model_outputs/mda_final_full/MDA_5188_CNOUHUA_2022_AR03_attempt_1.json,06_scoring/03_numeric_checks/mda_v2/MDA_5188_CNOUHUA_2022_numeric_checks.json,parsed,valid
MDA_5188_CNOUHUA_2022_AR04,MDA_5188_CNOUHUA_2022,mda,mda_disclosure_quality,mda_general_quality,initial,local_qwen3_8b,AR04,MD&A internal risk and forward-looking disclosure,2,1,5,0.2,25.0,5.0,[MDA_P001],[MDA_P001] Management Discussion and Analysis CHINA OUHUA WINERY HOLDINGS LIMITED Overview of Performance Prospects,medium,Lacks detailed risk and forward-looking disclosures required for AR04,none,2026-06-20T09:32:50+00:00,2026-06-20T09:33:06+00:00,2026-06-15,qwen3:8b,ollama,0.0,42,4096,192,false,false,ollama_format_schema,mda_single_dimension_context_v2,2026-06-20T09:33:06+00:00,06_scoring/05_raw_model_outputs/mda_final_full/MDA_5188_CNOUHUA_2022_AR04_attempt_1.json,06_scoring/03_numeric_checks/mda_v2/MDA_5188_CNOUHUA_2022_numeric_checks.json,parsed,valid
MDA_5188_CNOUHUA_2022_AR05,MDA_5188_CNOUHUA_2022,mda,mda_disclosure_quality,mda_general_quality,initial,local_qwen3_8b,AR05,MD&A readability and structural clarity,2,1,5,0.1,25.0,2.5,[MDA_P001],[MDA_P001] Management Discussion and Analysis CHINA OUHUA WINERY HOLDINGS LIMITED Overview of Performance Prospects,medium,Section heading is unclear and lacks structure,none,2026-06-20T09:32:50+00:00,2026-06-20T09:33:06+00:00,2026-06-15,qwen3:8b,ollama,0.0,42,4096,192,false,false,ollama_format_schema,mda_single_dimension_context_v2,2026-06-20T09:33:06+00:00,06_scoring/05_raw_model_outputs/mda_final_full/MDA_5188_CNOUHUA_2022_AR05_attempt_1.json,06_scoring/03_numeric_checks/mda_v2/MDA_5188_CNOUHUA_2022_numeric_checks.json,parsed,valid
MDA_5188_CNOUHUA_2023_AR01,MDA_5188_CNOUHUA_2023,mda,mda_disclosure_quality,mda_general_quality,initial,local_qwen3_8b,AR01,MD&A content completeness,2,1,5,0.15,25.0,3.75,[MDA_P001],[MDA_P001] Management Discussion and Analysis CHINA OUHUA WINERY HOLDINGS LIMITED Overview of Performance Prospects,medium,MD&A section lacks detailed discussion on key financial metrics and strategic outlook.,none,2026-06-20T09:33:06+00:00,2026-06-20T09:33:22+00:00,2026-06-15,qwen3:8b,ollama,0.0,42,4096,192,false,false,ollama_format_schema,mda_single_dimension_context_v2,2026-06-20T09:33:22+00:00,06_scoring/05_raw_model_outputs/mda_final_full/MDA_5188_CNOUHUA_2023_AR01_attempt_1.json,06_scoring/03_numeric_checks/mda_v2/MDA_5188_CNOUHUA_2023_numeric_checks.json,parsed,valid
MDA_5188_CNOUHUA_2023_AR02,MDA_5188_CNOUHUA_2023,mda,mda_disclosure_quality,mda_general_quality,initial,local_qwen3_8b,AR02,MD&A internal numeric consistency and traceability,3,1,5,0.25,50.0,12.5,[MDA_P002],[MDA_P002] Annual Report 2023,medium,"Python numeric_checker: numeric_check_summary indicates not enough numbers, but revenue and profit figures are provided without consistency checks",none,2026-06-20T09:33:06+00:00,2026-06-20T09:33:22+00:00,2026-06-15,qwen3:8b,ollama,0.0,42,4096,192,false,false,ollama_format_schema,mda_single_dimension_context_v2,2026-06-20T09:33:22+00:00,06_scoring/05_raw_model_outputs/mda_final_full/MDA_5188_CNOUHUA_2023_AR02_attempt_1.json,06_scoring/03_numeric_checks/mda_v2/MDA_5188_CNOUHUA_2023_numeric_checks.json,parsed,valid
MDA_5188_CNOUHUA_2023_AR03,MDA_5188_CNOUHUA_2023,mda,mda_disclosure_quality,mda_general_quality,initial,local_qwen3_8b,AR03,Operating analysis specificity,2,1,5,0.3,25.0,7.5,[MDA_P003],"[MDA_P003] b) Profit(Loss) after Taxation Loss for FY 2023 was RMB 7.403 million as compared with FY 2022's loss of RMB 25.940 million.The higher loss figure in FY 2022 was mainly due to Inventories written down, which amount to RMB15.396 m",medium,Limited analysis of operating performance with minimal discussion on cost drivers or margin changes.,none,2026-06-20T09:33:06+00:00,2026-06-20T09:33:22+00:00,2026-06-15,qwen3:8b,ollama,0.0,42,4096,192,false,false,ollama_format_schema,mda_single_dimension_context_v2,2026-06-20T09:33:22+00:00,06_scoring/05_raw_model_outputs/mda_final_full/MDA_5188_CNOUHUA_2023_AR03_attempt_1.json,06_scoring/03_numeric_checks/mda_v2/MDA_5188_CNOUHUA_2023_numeric_checks.json,parsed,valid
MDA_5188_CNOUHUA_2023_AR04,MDA_5188_CNOUHUA_2023,mda,mda_disclosure_quality,mda_general_quality,initial,local_qwen3_8b,AR04,MD&A internal risk and forward-looking disclosure,2,1,5,0.2,25.0,5.0,[MDA_P003],"[MDA_P003] b) Profit(Loss) after Taxation Loss for FY 2023 was RMB 7.403 million as compared with FY 2022's loss of RMB 25.940 million.The higher loss figure in FY 2022 was mainly due to Inventories written down, which amount to RMB15.396 m",medium,Limited forward-looking disclosure and risk discussion,none,2026-06-20T09:33:06+00:00,2026-06-20T09:33:22+00:00,2026-06-15,qwen3:8b,ollama,0.0,42,4096,192,false,false,ollama_format_schema,mda_single_dimension_context_v2,2026-06-20T09:33:22+00:00,06_scoring/05_raw_model_outputs/mda_final_full/MDA_5188_CNOUHUA_2023_AR04_attempt_1.json,06_scoring/03_numeric_checks/mda_v2/MDA_5188_CNOUHUA_2023_numeric_checks.json,parsed,valid
MDA_5188_CNOUHUA_2023_AR05,MDA_5188_CNOUHUA_2023,mda,mda_disclosure_quality,mda_general_quality,initial,local_qwen3_8b,AR05,MD&A readability and structural clarity,2,1,5,0.1,25.0,2.5,[MDA_P001],[MDA_P001] Management Discussion and Analysis CHINA OUHUA WINERY HOLDINGS LIMITED Overview of Performance Prospects,medium,Section heading is missing and content lacks clear structure,none,2026-06-20T09:33:06+00:00,2026-06-20T09:33:22+00:00,2026-06-15,qwen3:8b,ollama,0.0,42,4096,192,false,false,ollama_format_schema,mda_single_dimension_context_v2,2026-06-20T09:33:22+00:00,06_scoring/05_raw_model_outputs/mda_final_full/MDA_5188_CNOUHUA_2023_AR05_attempt_1.json,06_scoring/03_numeric_checks/mda_v2/MDA_5188_CNOUHUA_2023_numeric_checks.json,parsed,valid
MDA_5188_CNOUHUA_2024_AR01,MDA_5188_CNOUHUA_2024,mda,mda_disclosure_quality,mda_general_quality,initial,local_qwen3_8b,AR01,MD&A content completeness,2,1,5,0.15,25.0,3.75,[MDA_P001],[MDA_P001] Management Discussion and Analysis CHINA OUHUA WINERY HOLDINGS LIMITED Overview of Performance Prospects,medium,MD&A section lacks detailed discussion on key financial metrics and risk factors.,none,2026-06-20T09:33:22+00:00,2026-06-20T09:33:38+00:00,2026-06-15,qwen3:8b,ollama,0.0,42,4096,192,false,false,ollama_format_schema,mda_single_dimension_context_v2,2026-06-20T09:33:38+00:00,06_scoring/05_raw_model_outputs/mda_final_full/MDA_5188_CNOUHUA_2024_AR01_attempt_1.json,06_scoring/03_numeric_checks/mda_v2/MDA_5188_CNOUHUA_2024_numeric_checks.json,parsed,valid
MDA_5188_CNOUHUA_2024_AR02,MDA_5188_CNOUHUA_2024,mda,mda_disclosure_quality,mda_general_quality,initial,local_qwen3_8b,AR02,MD&A internal numeric consistency and traceability,3,1,5,0.25,50.0,12.5,[MDA_P002],[MDA_P002] Annual Report 2024,medium,Python numeric_checker: Revenue decrease and loss figures are mentioned but no numeric checks or consistency explanations provided.,none,2026-06-20T09:33:22+00:00,2026-06-20T09:33:38+00:00,2026-06-15,qwen3:8b,ollama,0.0,42,4096,192,false,false,ollama_format_schema,mda_single_dimension_context_v2,2026-06-20T09:33:38+00:00,06_scoring/05_raw_model_outputs/mda_final_full/MDA_5188_CNOUHUA_2024_AR02_attempt_1.json,06_scoring/03_numeric_checks/mda_v2/MDA_5188_CNOUHUA_2024_numeric_checks.json,parsed,valid
MDA_5188_CNOUHUA_2024_AR03,MDA_5188_CNOUHUA_2024,mda,mda_disclosure_quality,mda_general_quality,initial,local_qwen3_8b,AR03,Operating analysis specificity,2,1,5,0.3,25.0,7.5,[MDA_P003],"[MDA_P003] a) Revenue For FY 2024, China Ouhua, which is principally involved in importing and sales of grape wines with its sole manufacturing plant located in Yantai City, Shandong Province, China recorded a decrease in revenue of 8.40% o",medium,Revenue discussion lacks specific operational analysis and metrics.,none,2026-06-20T09:33:22+00:00,2026-06-20T09:33:38+00:00,2026-06-15,qwen3:8b,ollama,0.0,42,4096,192,false,false,ollama_format_schema,mda_single_dimension_context_v2,2026-06-20T09:33:38+00:00,06_scoring/05_raw_model_outputs/mda_final_full/MDA_5188_CNOUHUA_2024_AR03_attempt_1.json,06_scoring/03_numeric_checks/mda_v2/MDA_5188_CNOUHUA_2024_numeric_checks.json,parsed,valid
MDA_5188_CNOUHUA_2024_AR04,MDA_5188_CNOUHUA_2024,mda,mda_disclosure_quality,mda_general_quality,initial,local_qwen3_8b,AR04,MD&A internal risk and forward-looking disclosure,2,1,5,0.2,25.0,5.0,[MDA_P001],[MDA_P001] Management Discussion and Analysis CHINA OUHUA WINERY HOLDINGS LIMITED Overview of Performance Prospects,medium,Lacks detailed risk and forward-looking disclosures required for AR04,none,2026-06-20T09:33:22+00:00,2026-06-20T09:33:38+00:00,2026-06-15,qwen3:8b,ollama,0.0,42,4096,192,false,false,ollama_format_schema,mda_single_dimension_context_v2,2026-06-20T09:33:38+00:00,06_scoring/05_raw_model_outputs/mda_final_full/MDA_5188_CNOUHUA_2024_AR04_attempt_1.json,06_scoring/03_numeric_checks/mda_v2/MDA_5188_CNOUHUA_2024_numeric_checks.json,parsed,valid
MDA_5188_CNOUHUA_2024_AR05,MDA_5188_CNOUHUA_2024,mda,mda_disclosure_quality,mda_general_quality,initial,local_qwen3_8b,AR05,MD&A readability and structural clarity,2,1,5,0.1,25.0,2.5,[MDA_P001],[MDA_P001] Management Discussion and Analysis CHINA OUHUA WINERY HOLDINGS LIMITED Overview of Performance Prospects,medium,"Section heading is missing, affecting structural clarity",none,2026-06-20T09:33:22+00:00,2026-06-20T09:33:38+00:00,2026-06-15,qwen3:8b,ollama,0.0,42,4096,192,false,false,ollama_format_schema,mda_single_dimension_context_v2,2026-06-20T09:33:38+00:00,06_scoring/05_raw_model_outputs/mda_final_full/MDA_5188_CNOUHUA_2024_AR05_attempt_1.json,06_scoring/03_numeric_checks/mda_v2/MDA_5188_CNOUHUA_2024_numeric_checks.json,parsed,valid
MDA_5202_MSM_2020_AR01,MDA_5202_MSM_2020,mda,mda_disclosure_quality,mda_general_quality,initial,local_qwen3_8b,AR01,MD&A content completeness,4,1,5,0.15,75.0,11.25,[MDA_P001],"[MDA_P001] GROUP CHIEF EXECUTIVE OFFICER REVIEW Generally, the business community in Malaysia is experiencing tighter cash flow due to enforced business closures as part of the government’s movement control order (MCO) from March to May 202",medium,"Discusses business environment, revenue impact, and operational challenges relevant to AR01",none,2026-06-20T09:33:38+00:00,2026-06-20T09:34:03+00:00,2026-06-15,qwen3:8b,ollama,0.0,42,4096,192,false,false,ollama_format_schema,mda_single_dimension_context_v2,2026-06-20T09:34:03+00:00,06_scoring/05_raw_model_outputs/mda_final_full/MDA_5202_MSM_2020_AR01_attempt_1.json,06_scoring/03_numeric_checks/mda_v2/MDA_5202_MSM_2020_numeric_checks.json,parsed,valid
MDA_5202_MSM_2020_AR02,MDA_5202_MSM_2020,mda,mda_disclosure_quality,mda_general_quality,initial,local_qwen3_8b,AR02,MD&A internal numeric consistency and traceability,3,1,5,0.25,50.0,12.5,[MDA_P001],"[MDA_P001] GROUP CHIEF EXECUTIVE OFFICER REVIEW Generally, the business community in Malaysia is experiencing tighter cash flow due to enforced business closures as part of the government’s movement control order (MCO) from March to May 202",medium,"Python numeric_checker: numeric_check_summary indicates not enough numbers for consistency checks, but text mentions specific figures like 110,000 tonnes and RM118 million",none,2026-06-20T09:33:38+00:00,2026-06-20T09:34:03+00:00,2026-06-15,qwen3:8b,ollama,0.0,42,4096,192,false,false,ollama_format_schema,mda_single_dimension_context_v2,2026-06-20T09:34:03+00:00,06_scoring/05_raw_model_outputs/mda_final_full/MDA_5202_MSM_2020_AR02_attempt_1.json,06_scoring/03_numeric_checks/mda_v2/MDA_5202_MSM_2020_numeric_checks.json,parsed,valid
MDA_5202_MSM_2020_AR03,MDA_5202_MSM_2020,mda,mda_disclosure_quality,mda_general_quality,initial,local_qwen3_8b,AR03,Operating analysis specificity,2,1,5,0.3,25.0,7.5,[MDA_P001],"[MDA_P001] GROUP CHIEF EXECUTIVE OFFICER REVIEW Generally, the business community in Malaysia is experiencing tighter cash flow due to enforced business closures as part of the government’s movement control order (MCO) from March to May 202",medium,Limited quantitative analysis of operating performance,none,2026-06-20T09:33:38+00:00,2026-06-20T09:34:03+00:00,2026-06-15,qwen3:8b,ollama,0.0,42,4096,192,false,false,ollama_format_schema,mda_single_dimension_context_v2,2026-06-20T09:34:03+00:00,06_scoring/05_raw_model_outputs/mda_final_full/MDA_5202_MSM_2020_AR03_attempt_1.json,06_scoring/03_numeric_checks/mda_v2/MDA_5202_MSM_2020_numeric_checks.json,parsed,valid
MDA_5202_MSM_2020_AR04,MDA_5202_MSM_2020,mda,mda_disclosure_quality,mda_general_quality,initial,local_qwen3_8b,AR04,MD&A internal risk and forward-looking disclosure,2,1,5,0.2,25.0,5.0,[MDA_P002],"[MDA_P002] During the initial phase of MCO, most of the domestic customers suspended their operations whilst During the initial phase of MCO, most of the domestic customers suspended their operations whilst the Industry customers were facin",medium,Limited forward-looking disclosure and risk discussion,none,2026-06-20T09:33:38+00:00,2026-06-20T09:34:03+00:00,2026-06-15,qwen3:8b,ollama,0.0,42,4096,192,false,false,ollama_format_schema,mda_single_dimension_context_v2,2026-06-20T09:34:03+00:00,06_scoring/05_raw_model_outputs/mda_final_full/MDA_5202_MSM_2020_AR04_attempt_1.json,06_scoring/03_numeric_checks/mda_v2/MDA_5202_MSM_2020_numeric_checks.json,parsed,valid
MDA_5202_MSM_2020_AR05,MDA_5202_MSM_2020,mda,mda_disclosure_quality,mda_general_quality,initial,local_qwen3_8b,AR05,MD&A readability and structural clarity,2,1,5,0.1,25.0,2.5,[MDA_P001],"[MDA_P001] GROUP CHIEF EXECUTIVE OFFICER REVIEW Generally, the business community in Malaysia is experiencing tighter cash flow due to enforced business closures as part of the government’s movement control order (MCO) from March to May 202",medium,Paragraph lacks clear structure and readability with complex sentences and no clear topic progression.,none,2026-06-20T09:33:38+00:00,2026-06-20T09:34:03+00:00,2026-06-15,qwen3:8b,ollama,0.0,42,4096,192,false,false,ollama_format_schema,mda_single_dimension_context_v2,2026-06-20T09:34:03+00:00,06_scoring/05_raw_model_outputs/mda_final_full/MDA_5202_MSM_2020_AR05_attempt_1.json,06_scoring/03_numeric_checks/mda_v2/MDA_5202_MSM_2020_numeric_checks.json,parsed,valid
MDA_5202_MSM_2021_AR01,MDA_5202_MSM_2021,mda,mda_disclosure_quality,mda_general_quality,initial,local_qwen3_8b,AR01,MD&A content completeness,2,1,5,0.15,25.0,3.75,[MDA_P001],[MDA_P001] GROUP FINANCIAL,medium,"Lacks discussion of margins, which is a key component of MD&A content completeness.",none,2026-06-20T09:34:03+00:00,2026-06-20T09:34:23+00:00,2026-06-15,qwen3:8b,ollama,0.0,42,4096,192,false,false,ollama_format_schema,mda_single_dimension_context_v2,2026-06-20T09:34:23+00:00,06_scoring/05_raw_model_outputs/mda_final_full/MDA_5202_MSM_2021_AR01_attempt_1.json,06_scoring/03_numeric_checks/mda_v2/MDA_5202_MSM_2021_numeric_checks.json,parsed,valid
MDA_5202_MSM_2021_AR02,MDA_5202_MSM_2021,mda,mda_disclosure_quality,mda_general_quality,initial,local_qwen3_8b,AR02,MD&A internal numeric consistency and traceability,3,1,5,0.25,50.0,12.5,[MDA_P002],[MDA_P002] REVIEW,medium,"Python numeric_checker: numeric_check_summary indicates not enough numbers for consistency checks, but financial mentions are present",none,2026-06-20T09:34:03+00:00,2026-06-20T09:34:23+00:00,2026-06-15,qwen3:8b,ollama,0.0,42,4096,192,false,false,ollama_format_schema,mda_single_dimension_context_v2,2026-06-20T09:34:23+00:00,06_scoring/05_raw_model_outputs/mda_final_full/MDA_5202_MSM_2021_AR02_attempt_1.json,06_scoring/03_numeric_checks/mda_v2/MDA_5202_MSM_2021_numeric_checks.json,parsed,valid
MDA_5202_MSM_2021_AR03,MDA_5202_MSM_2021,mda,mda_disclosure_quality,mda_general_quality,initial,local_qwen3_8b,AR03,Operating analysis specificity,2,1,5,0.3,25.0,7.5,[MDA_P003],"[MDA_P003] Key Financial Performance Indicators MSM uses several key financial indicators to measure its financial performance. These key financial indicators are: Revenue, Profit Before Tax (PBT), Return on Capital Employed (ROCE), Net Deb",medium,Lacks detailed analysis of operating metrics beyond listing indicators,none,2026-06-20T09:34:03+00:00,2026-06-20T09:34:23+00:00,2026-06-15,qwen3:8b,ollama,0.0,42,4096,192,false,false,ollama_format_schema,mda_single_dimension_context_v2,2026-06-20T09:34:23+00:00,06_scoring/05_raw_model_outputs/mda_final_full/MDA_5202_MSM_2021_AR03_attempt_1.json,06_scoring/03_numeric_checks/mda_v2/MDA_5202_MSM_2021_numeric_checks.json,parsed,valid
MDA_5202_MSM_2021_AR04,MDA_5202_MSM_2021,mda,mda_disclosure_quality,mda_general_quality,initial,local_qwen3_8b,AR04,MD&A internal risk and forward-looking disclosure,4,1,5,0.2,75.0,15.0,[MDA_P021],"[MDA_P021] Outlook The Group performed well in the financial year ended 31 December 2021, buoyed by good raw sugar hedging. We expect the level of sugar consumption to improve in FY2022 as travel restrictions ease domestically. While raw su",medium,"Discusses future performance, risks, and uncertainties related to the pandemic and trade tensions.",none,2026-06-20T09:34:03+00:00,2026-06-20T09:34:23+00:00,2026-06-15,qwen3:8b,ollama,0.0,42,4096,192,false,false,ollama_format_schema,mda_single_dimension_context_v2,2026-06-20T09:34:23+00:00,06_scoring/05_raw_model_outputs/mda_final_full/MDA_5202_MSM_2021_AR04_attempt_1.json,06_scoring/03_numeric_checks/mda_v2/MDA_5202_MSM_2021_numeric_checks.json,parsed,valid
MDA_5202_MSM_2021_AR05,MDA_5202_MSM_2021,mda,mda_disclosure_quality,mda_general_quality,initial,local_qwen3_8b,AR05,MD&A readability and structural clarity,2,1,5,0.1,25.0,2.5,[MDA_P001],[MDA_P001] GROUP FINANCIAL,medium,Lacks clear structure and contextual flow,none,2026-06-20T09:34:03+00:00,2026-06-20T09:34:23+00:00,2026-06-15,qwen3:8b,ollama,0.0,42,4096,192,false,false,ollama_format_schema,mda_single_dimension_context_v2,2026-06-20T09:34:23+00:00,06_scoring/05_raw_model_outputs/mda_final_full/MDA_5202_MSM_2021_AR05_attempt_1.json,06_scoring/03_numeric_checks/mda_v2/MDA_5202_MSM_2021_numeric_checks.json,parsed,valid
MDA_5202_MSM_2022_AR01,MDA_5202_MSM_2022,mda,mda_disclosure_quality,mda_general_quality,initial,local_qwen3_8b,AR01,MD&A content completeness,2,1,5,0.15,25.0,3.75,[MDA_P001],"[MDA_P001] Business Review NY11 RAW SUGAR PRICE PROCUREMENT OF RAW SUGAR 1,008,959 tonnes 968,646 tonnes 1,092,869 tonnes NY11 RAW SUGAR PRICE",medium,Lacks detailed financial metrics and analysis beyond raw sugar procurement and pricing strategies.,none,2026-06-20T09:34:23+00:00,2026-06-20T09:34:48+00:00,2026-06-15,qwen3:8b,ollama,0.0,42,4096,192,false,false,ollama_format_schema,mda_single_dimension_context_v2,2026-06-20T09:34:48+00:00,06_scoring/05_raw_model_outputs/mda_final_full/MDA_5202_MSM_2022_AR01_attempt_1.json,06_scoring/03_numeric_checks/mda_v2/MDA_5202_MSM_2022_numeric_checks.json,parsed,valid
MDA_5202_MSM_2022_AR02,MDA_5202_MSM_2022,mda,mda_disclosure_quality,mda_general_quality,initial,local_qwen3_8b,AR02,MD&A internal numeric consistency and traceability,3,1,5,0.25,50.0,12.5,[MDA_P001],"[MDA_P001] Business Review NY11 RAW SUGAR PRICE PROCUREMENT OF RAW SUGAR 1,008,959 tonnes 968,646 tonnes 1,092,869 tonnes NY11 RAW SUGAR PRICE",medium,"Python numeric_checker: Numeric values are presented without explanation or context, lacking consistency checks.",none,2026-06-20T09:34:23+00:00,2026-06-20T09:34:48+00:00,2026-06-15,qwen3:8b,ollama,0.0,42,4096,192,false,false,ollama_format_schema,mda_single_dimension_context_v2,2026-06-20T09:34:48+00:00,06_scoring/05_raw_model_outputs/mda_final_full/MDA_5202_MSM_2022_AR02_attempt_1.json,06_scoring/03_numeric_checks/mda_v2/MDA_5202_MSM_2022_numeric_checks.json,parsed,valid
MDA_5202_MSM_2022_AR03,MDA_5202_MSM_2022,mda,mda_disclosure_quality,mda_general_quality,initial,local_qwen3_8b,AR03,Operating analysis specificity,2,1,5,0.3,25.0,7.5,[MDA_P001],"[MDA_P001] Business Review NY11 RAW SUGAR PRICE PROCUREMENT OF RAW SUGAR 1,008,959 tonnes 968,646 tonnes 1,092,869 tonnes NY11 RAW SUGAR PRICE",medium,Lacks detailed operating analysis with specific metrics or explanations,none,2026-06-20T09:34:23+00:00,2026-06-20T09:34:48+00:00,2026-06-15,qwen3:8b,ollama,0.0,42,4096,192,false,false,ollama_format_schema,mda_single_dimension_context_v2,2026-06-20T09:34:48+00:00,06_scoring/05_raw_model_outputs/mda_final_full/MDA_5202_MSM_2022_AR03_attempt_1.json,06_scoring/03_numeric_checks/mda_v2/MDA_5202_MSM_2022_numeric_checks.json,parsed,valid
MDA_5202_MSM_2022_AR04,MDA_5202_MSM_2022,mda,mda_disclosure_quality,mda_general_quality,initial,local_qwen3_8b,AR04,MD&A internal risk and forward-looking disclosure,4,1,5,0.2,75.0,15.0,[MDA_P003],"[MDA_P003] NAVIGATING THE HIGH-COST ENVIRONMENT Despite the generally higher prices, MSM remained more committed than ever to its strategy of always procuring raw sugar at the lowest possible price. MSM have also explored various pricing me",medium,"Discusses pricing strategies, hedging, and risk management in a clear manner.",none,2026-06-20T09:34:23+00:00,2026-06-20T09:34:48+00:00,2026-06-15,qwen3:8b,ollama,0.0,42,4096,192,false,false,ollama_format_schema,mda_single_dimension_context_v2,2026-06-20T09:34:48+00:00,06_scoring/05_raw_model_outputs/mda_final_full/MDA_5202_MSM_2022_AR04_attempt_1.json,06_scoring/03_numeric_checks/mda_v2/MDA_5202_MSM_2022_numeric_checks.json,parsed,valid
MDA_5202_MSM_2022_AR05,MDA_5202_MSM_2022,mda,mda_disclosure_quality,mda_general_quality,initial,local_qwen3_8b,AR05,MD&A readability and structural clarity,2,1,5,0.1,25.0,2.5,[MDA_P001],"[MDA_P001] Business Review NY11 RAW SUGAR PRICE PROCUREMENT OF RAW SUGAR 1,008,959 tonnes 968,646 tonnes 1,092,869 tonnes NY11 RAW SUGAR PRICE",medium,Paragraph contains non-numeric data and lacks clear structure for readability,none,2026-06-20T09:34:23+00:00,2026-06-20T09:34:48+00:00,2026-06-15,qwen3:8b,ollama,0.0,42,4096,192,false,false,ollama_format_schema,mda_single_dimension_context_v2,2026-06-20T09:34:48+00:00,06_scoring/05_raw_model_outputs/mda_final_full/MDA_5202_MSM_2022_AR05_attempt_1.json,06_scoring/03_numeric_checks/mda_v2/MDA_5202_MSM_2022_numeric_checks.json,parsed,valid
MDA_5202_MSM_2023_AR01,MDA_5202_MSM_2023,mda,mda_disclosure_quality,mda_general_quality,initial,local_qwen3_8b,AR01,MD&A content completeness,4,1,5,0.15,75.0,11.25,[MDA_P001],[MDA_P001] MSM AT A GLANCE A PERSPECTIVE FROM OUR LEADERSHIP OUR APPROACH TO VALUE CREATION OUR GROUP BUSINESS REVIEW MSM Malaysia Holdings Berhad Sustainable Excellence Through Integration GROUP FINANCIAL REVIEW DR MAZATUL 'AINI SHAHAR ABD,medium,"Discusses financial performance, challenges, and strategic initiatives.",none,2026-06-20T09:34:48+00:00,2026-06-20T09:35:12+00:00,2026-06-15,qwen3:8b,ollama,0.0,42,4096,192,false,false,ollama_format_schema,mda_single_dimension_context_v2,2026-06-20T09:35:12+00:00,06_scoring/05_raw_model_outputs/mda_final_full/MDA_5202_MSM_2023_AR01_attempt_1.json,06_scoring/03_numeric_checks/mda_v2/MDA_5202_MSM_2023_numeric_checks.json,parsed,valid
MDA_5202_MSM_2023_AR02,MDA_5202_MSM_2023,mda,mda_disclosure_quality,mda_general_quality,initial,local_qwen3_8b,AR02,MD&A internal numeric consistency and traceability,2,1,5,0.25,25.0,6.25,[MDA_P001],[MDA_P001] MSM AT A GLANCE A PERSPECTIVE FROM OUR LEADERSHIP OUR APPROACH TO VALUE CREATION OUR GROUP BUSINESS REVIEW MSM Malaysia Holdings Berhad Sustainable Excellence Through Integration GROUP FINANCIAL REVIEW DR MAZATUL 'AINI SHAHAR ABD,medium,Python numeric_checker: numeric_check_summary indicates material discrepancy but no explanation provided for margin calculation inconsistency,none,2026-06-20T09:34:48+00:00,2026-06-20T09:35:12+00:00,2026-06-15,qwen3:8b,ollama,0.0,42,4096,192,false,false,ollama_format_schema,mda_single_dimension_context_v2,2026-06-20T09:35:12+00:00,06_scoring/05_raw_model_outputs/mda_final_full/MDA_5202_MSM_2023_AR02_attempt_1.json,06_scoring/03_numeric_checks/mda_v2/MDA_5202_MSM_2023_numeric_checks.json,parsed,valid
MDA_5202_MSM_2023_AR03,MDA_5202_MSM_2023,mda,mda_disclosure_quality,mda_general_quality,initial,local_qwen3_8b,AR03,Operating analysis specificity,4,1,5,0.3,75.0,22.5,[MDA_P001],[MDA_P001] MSM AT A GLANCE A PERSPECTIVE FROM OUR LEADERSHIP OUR APPROACH TO VALUE CREATION OUR GROUP BUSINESS REVIEW MSM Malaysia Holdings Berhad Sustainable Excellence Through Integration GROUP FINANCIAL REVIEW DR MAZATUL 'AINI SHAHAR ABD,medium,"Discusses operating performance, challenges, and strategic initiatives with specific financial context.",none,2026-06-20T09:34:48+00:00,2026-06-20T09:35:12+00:00,2026-06-15,qwen3:8b,ollama,0.0,42,4096,192,false,false,ollama_format_schema,mda_single_dimension_context_v2,2026-06-20T09:35:12+00:00,06_scoring/05_raw_model_outputs/mda_final_full/MDA_5202_MSM_2023_AR03_attempt_1.json,06_scoring/03_numeric_checks/mda_v2/MDA_5202_MSM_2023_numeric_checks.json,parsed,valid
MDA_5202_MSM_2023_AR04,MDA_5202_MSM_2023,mda,mda_disclosure_quality,mda_general_quality,initial,local_qwen3_8b,AR04,MD&A internal risk and forward-looking disclosure,2,1,5,0.2,25.0,5.0,[MDA_P001],[MDA_P001] MSM AT A GLANCE A PERSPECTIVE FROM OUR LEADERSHIP OUR APPROACH TO VALUE CREATION OUR GROUP BUSINESS REVIEW MSM Malaysia Holdings Berhad Sustainable Excellence Through Integration GROUP FINANCIAL REVIEW DR MAZATUL 'AINI SHAHAR ABD,medium,Limited forward-looking disclosure and risk discussion,none,2026-06-20T09:34:48+00:00,2026-06-20T09:35:12+00:00,2026-06-15,qwen3:8b,ollama,0.0,42,4096,192,false,false,ollama_format_schema,mda_single_dimension_context_v2,2026-06-20T09:35:12+00:00,06_scoring/05_raw_model_outputs/mda_final_full/MDA_5202_MSM_2023_AR04_attempt_1.json,06_scoring/03_numeric_checks/mda_v2/MDA_5202_MSM_2023_numeric_checks.json,parsed,valid
MDA_5202_MSM_2023_AR05,MDA_5202_MSM_2023,mda,mda_disclosure_quality,mda_general_quality,initial,local_qwen3_8b,AR05,MD&A readability and structural clarity,2,1,5,0.1,25.0,2.5,[MDA_P001],[MDA_P001] MSM AT A GLANCE A PERSPECTIVE FROM OUR LEADERSHIP OUR APPROACH TO VALUE CREATION OUR GROUP BUSINESS REVIEW MSM Malaysia Holdings Berhad Sustainable Excellence Through Integration GROUP FINANCIAL REVIEW DR MAZATUL 'AINI SHAHAR ABD,medium,"Lacks clear structure and logical flow, with vague statements about performance improvements without supporting details.",none,2026-06-20T09:34:48+00:00,2026-06-20T09:35:12+00:00,2026-06-15,qwen3:8b,ollama,0.0,42,4096,192,false,false,ollama_format_schema,mda_single_dimension_context_v2,2026-06-20T09:35:12+00:00,06_scoring/05_raw_model_outputs/mda_final_full/MDA_5202_MSM_2023_AR05_attempt_1.json,06_scoring/03_numeric_checks/mda_v2/MDA_5202_MSM_2023_numeric_checks.json,parsed,valid
MDA_5202_MSM_2024_AR01,MDA_5202_MSM_2024,mda,mda_disclosure_quality,mda_general_quality,initial,local_qwen3_8b,AR01,MD&A content completeness,2,1,5,0.15,25.0,3.75,[MDA_P001],"[MDA_P001] Discussion and Analysis (MD&A). In addition, corporate announcements are made to keep shareholders informed of significant developments affecting the Company, in full compliance with the Listing Requirements. The Board also ensur",medium,"Lacks discussion of financial performance, revenue, profit, or cost metrics required for content completeness.",none,2026-06-20T09:35:12+00:00,2026-06-20T09:35:25+00:00,2026-06-15,qwen3:8b,ollama,0.0,42,4096,192,false,false,ollama_format_schema,mda_single_dimension_context_v2,2026-06-20T09:35:25+00:00,06_scoring/05_raw_model_outputs/mda_final_full/MDA_5202_MSM_2024_AR01_attempt_1.json,06_scoring/03_numeric_checks/mda_v2/MDA_5202_MSM_2024_numeric_checks.json,parsed,valid
MDA_5202_MSM_2024_AR02,MDA_5202_MSM_2024,mda,mda_disclosure_quality,mda_general_quality,initial,local_qwen3_8b,AR02,MD&A internal numeric consistency and traceability,3,1,5,0.25,50.0,12.5,[MDA_P001],"[MDA_P001] Discussion and Analysis (MD&A). In addition, corporate announcements are made to keep shareholders informed of significant developments affecting the Company, in full compliance with the Listing Requirements. The Board also ensur",medium,"Python numeric_checker: No financial numbers or discussions are present, leading to insufficient numeric consistency checks.",none,2026-06-20T09:35:12+00:00,2026-06-20T09:35:25+00:00,2026-06-15,qwen3:8b,ollama,0.0,42,4096,192,false,false,ollama_format_schema,mda_single_dimension_context_v2,2026-06-20T09:35:25+00:00,06_scoring/05_raw_model_outputs/mda_final_full/MDA_5202_MSM_2024_AR02_attempt_1.json,06_scoring/03_numeric_checks/mda_v2/MDA_5202_MSM_2024_numeric_checks.json,parsed,valid
MDA_5202_MSM_2024_AR03,MDA_5202_MSM_2024,mda,mda_disclosure_quality,mda_general_quality,initial,local_qwen3_8b,AR03,Operating analysis specificity,1,1,5,0.3,0.0,0.0,[MDA_P001],"[MDA_P001] Discussion and Analysis (MD&A). In addition, corporate announcements are made to keep shareholders informed of significant developments affecting the Company, in full compliance with the Listing Requirements. The Board also ensur",medium,No operating analysis or financial discussion present,none,2026-06-20T09:35:12+00:00,2026-06-20T09:35:25+00:00,2026-06-15,qwen3:8b,ollama,0.0,42,4096,192,false,false,ollama_format_schema,mda_single_dimension_context_v2,2026-06-20T09:35:25+00:00,06_scoring/05_raw_model_outputs/mda_final_full/MDA_5202_MSM_2024_AR03_attempt_1.json,06_scoring/03_numeric_checks/mda_v2/MDA_5202_MSM_2024_numeric_checks.json,parsed,valid
MDA_5202_MSM_2024_AR04,MDA_5202_MSM_2024,mda,mda_disclosure_quality,mda_general_quality,initial,local_qwen3_8b,AR04,MD&A internal risk and forward-looking disclosure,2,1,5,0.2,25.0,5.0,[MDA_P002],"[MDA_P002] RISK MANAGEMENT AND INTERNAL CONTROLS The Board remains committed to maintaining and continually enhancing MSM Group’s and its subsidiaries’ risk management and internal control systems, with the support of the AGRC. The Group’s",medium,Discusses risk management and internal controls but lacks specific forward-looking disclosures or internal risk details.,none,2026-06-20T09:35:12+00:00,2026-06-20T09:35:25+00:00,2026-06-15,qwen3:8b,ollama,0.0,42,4096,192,false,false,ollama_format_schema,mda_single_dimension_context_v2,2026-06-20T09:35:25+00:00,06_scoring/05_raw_model_outputs/mda_final_full/MDA_5202_MSM_2024_AR04_attempt_1.json,06_scoring/03_numeric_checks/mda_v2/MDA_5202_MSM_2024_numeric_checks.json,parsed,valid
MDA_5202_MSM_2024_AR05,MDA_5202_MSM_2024,mda,mda_disclosure_quality,mda_general_quality,initial,local_qwen3_8b,AR05,MD&A readability and structural clarity,2,1,5,0.1,25.0,2.5,[MDA_P001],"[MDA_P001] Discussion and Analysis (MD&A). In addition, corporate announcements are made to keep shareholders informed of significant developments affecting the Company, in full compliance with the Listing Requirements. The Board also ensur",medium,Lacks specific financial discussion and readability issues,none,2026-06-20T09:35:12+00:00,2026-06-20T09:35:25+00:00,2026-06-15,qwen3:8b,ollama,0.0,42,4096,192,false,false,ollama_format_schema,mda_single_dimension_context_v2,2026-06-20T09:35:25+00:00,06_scoring/05_raw_model_outputs/mda_final_full/MDA_5202_MSM_2024_AR05_attempt_1.json,06_scoring/03_numeric_checks/mda_v2/MDA_5202_MSM_2024_numeric_checks.json,parsed,valid
MDA_5306_FFB_2022_AR01,MDA_5306_FFB_2022,mda,mda_disclosure_quality,mda_general_quality,initial,local_qwen3_8b,AR01,MD&A content completeness,2,1,5,0.15,25.0,3.75,[MDA_P001],[MDA_P001] MANAGEMENT DISCUSSION AND ANALYSIS OUR VALUE CREATING BUSINESS MODEL,medium,Lacks specific financial metrics and analysis beyond basic figures,none,2026-06-20T09:35:25+00:00,2026-06-20T09:35:50+00:00,2026-06-15,qwen3:8b,ollama,0.0,42,4096,192,false,false,ollama_format_schema,mda_single_dimension_context_v2,2026-06-20T09:35:50+00:00,06_scoring/05_raw_model_outputs/mda_final_full/MDA_5306_FFB_2022_AR01_attempt_1.json,06_scoring/03_numeric_checks/mda_v2/MDA_5306_FFB_2022_numeric_checks.json,parsed,valid
MDA_5306_FFB_2022_AR02,MDA_5306_FFB_2022,mda,mda_disclosure_quality,mda_general_quality,initial,local_qwen3_8b,AR02,MD&A internal numeric consistency and traceability,3,1,5,0.25,50.0,12.5,[MDA_P001],[MDA_P001] MANAGEMENT DISCUSSION AND ANALYSIS OUR VALUE CREATING BUSINESS MODEL,medium,Python numeric_checker: Numeric checks lack sufficient data for consistency verification.,none,2026-06-20T09:35:25+00:00,2026-06-20T09:35:50+00:00,2026-06-15,qwen3:8b,ollama,0.0,42,4096,192,false,false,ollama_format_schema,mda_single_dimension_context_v2,2026-06-20T09:35:50+00:00,06_scoring/05_raw_model_outputs/mda_final_full/MDA_5306_FFB_2022_AR02_attempt_1.json,06_scoring/03_numeric_checks/mda_v2/MDA_5306_FFB_2022_numeric_checks.json,parsed,valid
MDA_5306_FFB_2022_AR03,MDA_5306_FFB_2022,mda,mda_disclosure_quality,mda_general_quality,initial,local_qwen3_8b,AR03,Operating analysis specificity,2,1,5,0.3,25.0,7.5,[MDA_P002],[MDA_P002] OUTCOMES FINANCIAL CAPITAL ·· Revenue: RM501.9 million ·· Profit Before Tax: RM65.7 million ·· Earnings Per Share: 4.87 sen ·· Shareholders' Equity: RM611.0 million ·· Cash and cash equivalents: RM28.1 million MANUFACTURED CAPITA,medium,Limited financial analysis with no quantitative trends or comparisons,none,2026-06-20T09:35:25+00:00,2026-06-20T09:35:50+00:00,2026-06-15,qwen3:8b,ollama,0.0,42,4096,192,false,false,ollama_format_schema,mda_single_dimension_context_v2,2026-06-20T09:35:50+00:00,06_scoring/05_raw_model_outputs/mda_final_full/MDA_5306_FFB_2022_AR03_attempt_1.json,06_scoring/03_numeric_checks/mda_v2/MDA_5306_FFB_2022_numeric_checks.json,parsed,valid
MDA_5306_FFB_2022_AR04,MDA_5306_FFB_2022,mda,mda_disclosure_quality,mda_general_quality,initial,local_qwen3_8b,AR04,MD&A internal risk and forward-looking disclosure,4,1,5,0.2,75.0,15.0,[MDA_P004],"[MDA_P004] While demand for our products has remained stable during this period, we have been adversely affected due to the increasing price of inputs, placing pressure on our margins, and have witnessed a sharp rise in logistics costs in i",medium,"Discusses input price increases, logistics costs, and mitigation strategies.",none,2026-06-20T09:35:25+00:00,2026-06-20T09:35:50+00:00,2026-06-15,qwen3:8b,ollama,0.0,42,4096,192,false,false,ollama_format_schema,mda_single_dimension_context_v2,2026-06-20T09:35:50+00:00,06_scoring/05_raw_model_outputs/mda_final_full/MDA_5306_FFB_2022_AR04_attempt_1.json,06_scoring/03_numeric_checks/mda_v2/MDA_5306_FFB_2022_numeric_checks.json,parsed,valid
MDA_5306_FFB_2022_AR05,MDA_5306_FFB_2022,mda,mda_disclosure_quality,mda_general_quality,initial,local_qwen3_8b,AR05,MD&A readability and structural clarity,2,1,5,0.1,25.0,2.5,[MDA_P001],[MDA_P001] MANAGEMENT DISCUSSION AND ANALYSIS OUR VALUE CREATING BUSINESS MODEL,medium,"Paragraph lacks clear structure and logical flow, making it hard to follow.",none,2026-06-20T09:35:25+00:00,2026-06-20T09:35:50+00:00,2026-06-15,qwen3:8b,ollama,0.0,42,4096,192,false,false,ollama_format_schema,mda_single_dimension_context_v2,2026-06-20T09:35:50+00:00,06_scoring/05_raw_model_outputs/mda_final_full/MDA_5306_FFB_2022_AR05_attempt_1.json,06_scoring/03_numeric_checks/mda_v2/MDA_5306_FFB_2022_numeric_checks.json,parsed,valid
MDA_5306_FFB_2023_AR01,MDA_5306_FFB_2023,mda,mda_disclosure_quality,mda_general_quality,initial,local_qwen3_8b,AR01,MD&A content completeness,4,1,5,0.15,75.0,11.25,[MDA_P001],[MDA_P001] Management Discussion and Analysis A. Strategic Review 62 Market Landscape – Key Market Trends 66 Key Risks and Mitigation 69 Material Matters 74 Our Strategic Priorities B. Financial Review 76 Group Financial Review 78 5-Year Gr,medium,"Discusses market trends, risks, and strategic responses with sufficient detail.",none,2026-06-20T09:35:50+00:00,2026-06-20T09:36:15+00:00,2026-06-15,qwen3:8b,ollama,0.0,42,4096,192,false,false,ollama_format_schema,mda_single_dimension_context_v2,2026-06-20T09:36:15+00:00,06_scoring/05_raw_model_outputs/mda_final_full/MDA_5306_FFB_2023_AR01_attempt_1.json,06_scoring/03_numeric_checks/mda_v2/MDA_5306_FFB_2023_numeric_checks.json,parsed,valid
MDA_5306_FFB_2023_AR02,MDA_5306_FFB_2023,mda,mda_disclosure_quality,mda_general_quality,initial,local_qwen3_8b,AR02,MD&A internal numeric consistency and traceability,2,1,5,0.25,25.0,6.25,[MDA_P047],"[MDA_P047] The Group faced a variety of macroeconomic challenges during the year, Despite recording commendable topline growth, the unprecedented rising costs have resulted in our margins compressing, resulting in lower profitability of the",medium,Python numeric_checker: numeric_check_summary indicates a material discrepancy in margin calculation but lacks detailed explanation of the inconsistency,none,2026-06-20T09:35:50+00:00,2026-06-20T09:36:15+00:00,2026-06-15,qwen3:8b,ollama,0.0,42,4096,192,false,false,ollama_format_schema,mda_single_dimension_context_v2,2026-06-20T09:36:15+00:00,06_scoring/05_raw_model_outputs/mda_final_full/MDA_5306_FFB_2023_AR02_attempt_1.json,06_scoring/03_numeric_checks/mda_v2/MDA_5306_FFB_2023_numeric_checks.json,parsed,valid
MDA_5306_FFB_2023_AR03,MDA_5306_FFB_2023,mda,mda_disclosure_quality,mda_general_quality,initial,local_qwen3_8b,AR03,Operating analysis specificity,2,1,5,0.3,25.0,7.5,[MDA_P003],"[MDA_P003] In our commitment to drive sustained value creation, we thoroughly analyse and evaluate all market factors and developments that hold the potential to shape our operations. The strategies we craft to address these global megatren",medium,Lacks specific operating analysis metrics or data,none,2026-06-20T09:35:50+00:00,2026-06-20T09:36:15+00:00,2026-06-15,qwen3:8b,ollama,0.0,42,4096,192,false,false,ollama_format_schema,mda_single_dimension_context_v2,2026-06-20T09:36:15+00:00,06_scoring/05_raw_model_outputs/mda_final_full/MDA_5306_FFB_2023_AR03_attempt_1.json,06_scoring/03_numeric_checks/mda_v2/MDA_5306_FFB_2023_numeric_checks.json,parsed,valid
MDA_5306_FFB_2023_AR04,MDA_5306_FFB_2023,mda,mda_disclosure_quality,mda_general_quality,initial,local_qwen3_8b,AR04,MD&A internal risk and forward-looking disclosure,4,1,5,0.2,75.0,15.0,[MDA_P001],[MDA_P001] Management Discussion and Analysis A. Strategic Review 62 Market Landscape – Key Market Trends 66 Key Risks and Mitigation 69 Material Matters 74 Our Strategic Priorities B. Financial Review 76 Group Financial Review 78 5-Year Gr,medium,Discusses key risks and mitigation strategies related to macroeconomic factors and supply chain volatility.,none,2026-06-20T09:35:50+00:00,2026-06-20T09:36:15+00:00,2026-06-15,qwen3:8b,ollama,0.0,42,4096,192,false,false,ollama_format_schema,mda_single_dimension_context_v2,2026-06-20T09:36:15+00:00,06_scoring/05_raw_model_outputs/mda_final_full/MDA_5306_FFB_2023_AR04_attempt_1.json,06_scoring/03_numeric_checks/mda_v2/MDA_5306_FFB_2023_numeric_checks.json,parsed,valid
MDA_5306_FFB_2023_AR05,MDA_5306_FFB_2023,mda,mda_disclosure_quality,mda_general_quality,initial,local_qwen3_8b,AR05,MD&A readability and structural clarity,4,1,5,0.1,75.0,7.5,[MDA_P001],[MDA_P001] Management Discussion and Analysis A. Strategic Review 62 Market Landscape – Key Market Trends 66 Key Risks and Mitigation 69 Material Matters 74 Our Strategic Priorities B. Financial Review 76 Group Financial Review 78 5-Year Gr,medium,Clear structure with logical flow and sufficient detail on strategic and operational aspects.,none,2026-06-20T09:35:50+00:00,2026-06-20T09:36:15+00:00,2026-06-15,qwen3:8b,ollama,0.0,42,4096,192,false,false,ollama_format_schema,mda_single_dimension_context_v2,2026-06-20T09:36:15+00:00,06_scoring/05_raw_model_outputs/mda_final_full/MDA_5306_FFB_2023_AR05_attempt_1.json,06_scoring/03_numeric_checks/mda_v2/MDA_5306_FFB_2023_numeric_checks.json,parsed,valid
MDA_5306_FFB_2024_AR01,MDA_5306_FFB_2024,mda,mda_disclosure_quality,mda_general_quality,initial,local_qwen3_8b,AR01,MD&A content completeness,4,1,5,0.15,75.0,11.25,[MDA_P001],"[MDA_P001] IN A CONSTANTLY CHANGING BUSINESS LANDSCAPE, CHARACTERISED BY EVOLVING CONSUMER PREFERENCES, REGULATORY SHIFTS AND GLOBAL CHALLENGES, WE REMAIN COMMITTED TO MANAGING THE COMPLEXITIES OF OPERATING FROM GRASS TO GLASS IN THE DAIRY",medium,"Discusses business landscape, strategic initiatives and operational challenges",none,2026-06-20T09:36:15+00:00,2026-06-20T09:36:40+00:00,2026-06-15,qwen3:8b,ollama,0.0,42,4096,192,false,false,ollama_format_schema,mda_single_dimension_context_v2,2026-06-20T09:36:40+00:00,06_scoring/05_raw_model_outputs/mda_final_full/MDA_5306_FFB_2024_AR01_attempt_1.json,06_scoring/03_numeric_checks/mda_v2/MDA_5306_FFB_2024_numeric_checks.json,parsed,valid
MDA_5306_FFB_2024_AR02,MDA_5306_FFB_2024,mda,mda_disclosure_quality,mda_general_quality,initial,local_qwen3_8b,AR02,MD&A internal numeric consistency and traceability,3,1,5,0.25,50.0,12.5,[MDA_P004],"[MDA_P004] Since 2014, we have adopted regenerative agricultural practices to minimise waste and responsibly use natural resources. Building on these efforts, we have identified biogas facilities as a promising sustainability initiative. Th",medium,Python numeric_checker: The text mentions a 17% growth in dairy herd capacity but lacks numeric checks or explanations for the growth rate.,none,2026-06-20T09:36:15+00:00,2026-06-20T09:36:40+00:00,2026-06-15,qwen3:8b,ollama,0.0,42,4096,192,false,false,ollama_format_schema,mda_single_dimension_context_v2,2026-06-20T09:36:40+00:00,06_scoring/05_raw_model_outputs/mda_final_full/MDA_5306_FFB_2024_AR02_attempt_1.json,06_scoring/03_numeric_checks/mda_v2/MDA_5306_FFB_2024_numeric_checks.json,parsed,valid
MDA_5306_FFB_2024_AR03,MDA_5306_FFB_2024,mda,mda_disclosure_quality,mda_general_quality,initial,local_qwen3_8b,AR03,Operating analysis specificity,4,1,5,0.3,75.0,22.5,[MDA_P003],"[MDA_P003] With increasing demand for our milk products, we have proactively expanded our capacity across all six of our farms. Notably, we completed construction of new barns at our Taiping farm, boosting its herd capacity by 1,500 cows, m",medium,Discusses farm expansion and capacity growth with specific numbers and strategic rationale.,none,2026-06-20T09:36:15+00:00,2026-06-20T09:36:40+00:00,2026-06-15,qwen3:8b,ollama,0.0,42,4096,192,false,false,ollama_format_schema,mda_single_dimension_context_v2,2026-06-20T09:36:40+00:00,06_scoring/05_raw_model_outputs/mda_final_full/MDA_5306_FFB_2024_AR03_attempt_1.json,06_scoring/03_numeric_checks/mda_v2/MDA_5306_FFB_2024_numeric_checks.json,parsed,valid
MDA_5306_FFB_2024_AR04,MDA_5306_FFB_2024,mda,mda_disclosure_quality,mda_general_quality,initial,local_qwen3_8b,AR04,MD&A internal risk and forward-looking disclosure,4,1,5,0.2,75.0,15.0,[MDA_P002],"[MDA_P002] THIS OPERATIONAL REVIEW OUTLINES THE KEY ACHIEVEMENTS OF OUR FARMING, MANUFACTURING AND DISTRIBUTION SEGMENTS OVER THE PAST YEAR, REVEALING THEIR CURRENT AND FUTURE IMPACT ON OUR BUSINESS OPERATIONS AND GROWTH PROSPECTS. Integrat",medium,Discusses current and future impact on business operations and growth prospects.,none,2026-06-20T09:36:15+00:00,2026-06-20T09:36:40+00:00,2026-06-15,qwen3:8b,ollama,0.0,42,4096,192,false,false,ollama_format_schema,mda_single_dimension_context_v2,2026-06-20T09:36:40+00:00,06_scoring/05_raw_model_outputs/mda_final_full/MDA_5306_FFB_2024_AR04_attempt_1.json,06_scoring/03_numeric_checks/mda_v2/MDA_5306_FFB_2024_numeric_checks.json,parsed,valid
MDA_5306_FFB_2024_AR05,MDA_5306_FFB_2024,mda,mda_disclosure_quality,mda_general_quality,initial,local_qwen3_8b,AR05,MD&A readability and structural clarity,4,1,5,0.1,75.0,7.5,[MDA_P001],"[MDA_P001] IN A CONSTANTLY CHANGING BUSINESS LANDSCAPE, CHARACTERISED BY EVOLVING CONSUMER PREFERENCES, REGULATORY SHIFTS AND GLOBAL CHALLENGES, WE REMAIN COMMITTED TO MANAGING THE COMPLEXITIES OF OPERATING FROM GRASS TO GLASS IN THE DAIRY",medium,Clear structure with logical flow and concise language.,none,2026-06-20T09:36:15+00:00,2026-06-20T09:36:40+00:00,2026-06-15,qwen3:8b,ollama,0.0,42,4096,192,false,false,ollama_format_schema,mda_single_dimension_context_v2,2026-06-20T09:36:40+00:00,06_scoring/05_raw_model_outputs/mda_final_full/MDA_5306_FFB_2024_AR05_attempt_1.json,06_scoring/03_numeric_checks/mda_v2/MDA_5306_FFB_2024_numeric_checks.json,parsed,valid
MDA_5533_OCB_2020_AR01,MDA_5533_OCB_2020,mda,mda_disclosure_quality,mda_general_quality,initial,local_qwen3_8b,AR01,MD&A content completeness,2,1,5,0.15,25.0,3.75,[MDA_P001],[MDA_P001] MANAGEMENT DISCUSSION AND ANALYSIS,medium,Lacks discussion on margins and insufficient financial metrics,none,2026-06-20T09:36:40+00:00,2026-06-20T09:37:06+00:00,2026-06-15,qwen3:8b,ollama,0.0,42,4096,192,false,false,ollama_format_schema,mda_single_dimension_context_v2,2026-06-20T09:37:06+00:00,06_scoring/05_raw_model_outputs/mda_final_full/MDA_5533_OCB_2020_AR01_attempt_1.json,06_scoring/03_numeric_checks/mda_v2/MDA_5533_OCB_2020_numeric_checks.json,parsed,valid
MDA_5533_OCB_2020_AR02,MDA_5533_OCB_2020,mda,mda_disclosure_quality,mda_general_quality,initial,local_qwen3_8b,AR02,MD&A internal numeric consistency and traceability,3,1,5,0.25,50.0,12.5,[MDA_P001],[MDA_P001] MANAGEMENT DISCUSSION AND ANALYSIS,medium,"Python numeric_checker: numeric_check_summary indicates not enough numbers, but the paragraph contains specific financial figures.",none,2026-06-20T09:36:40+00:00,2026-06-20T09:37:06+00:00,2026-06-15,qwen3:8b,ollama,0.0,42,4096,192,false,false,ollama_format_schema,mda_single_dimension_context_v2,2026-06-20T09:37:06+00:00,06_scoring/05_raw_model_outputs/mda_final_full/MDA_5533_OCB_2020_AR02_attempt_1.json,06_scoring/03_numeric_checks/mda_v2/MDA_5533_OCB_2020_numeric_checks.json,parsed,valid
MDA_5533_OCB_2020_AR03,MDA_5533_OCB_2020,mda,mda_disclosure_quality,mda_general_quality,initial,local_qwen3_8b,AR03,Operating analysis specificity,2,1,5,0.3,25.0,7.5,[MDA_P002],[MDA_P002] ANNUAL REPORT 2020 REVIEW OF THE FINANCIAL RESULTS AND FINANCIAL CONDITIONS (cont’d) Bedding Products Division Bedding Products Division registered a higher revenue of RM77.0 million with a profit before taxation of RM2.8 million,medium,Lacks margin discussion and specific financial metrics for operating analysis,none,2026-06-20T09:36:40+00:00,2026-06-20T09:37:06+00:00,2026-06-15,qwen3:8b,ollama,0.0,42,4096,192,false,false,ollama_format_schema,mda_single_dimension_context_v2,2026-06-20T09:37:06+00:00,06_scoring/05_raw_model_outputs/mda_final_full/MDA_5533_OCB_2020_AR03_attempt_1.json,06_scoring/03_numeric_checks/mda_v2/MDA_5533_OCB_2020_numeric_checks.json,parsed,valid
MDA_5533_OCB_2020_AR04,MDA_5533_OCB_2020,mda,mda_disclosure_quality,mda_general_quality,initial,local_qwen3_8b,AR04,MD&A internal risk and forward-looking disclosure,4,1,5,0.2,75.0,15.0,[MDA_P006],"[MDA_P006] Sofiya Residensi, Desa ParkCity, Kuala Lumpur The retail distribution business remains active but dealers are buying with lesser volume. The Division will spare more efforts to promote AKRON and SOX (in-house brands) for year 202",medium,"Discusses risks, uncertainties, and forward-looking outlook with specific examples.",none,2026-06-20T09:36:40+00:00,2026-06-20T09:37:06+00:00,2026-06-15,qwen3:8b,ollama,0.0,42,4096,192,false,false,ollama_format_schema,mda_single_dimension_context_v2,2026-06-20T09:37:06+00:00,06_scoring/05_raw_model_outputs/mda_final_full/MDA_5533_OCB_2020_AR04_attempt_1.json,06_scoring/03_numeric_checks/mda_v2/MDA_5533_OCB_2020_numeric_checks.json,parsed,valid
MDA_5533_OCB_2020_AR05,MDA_5533_OCB_2020,mda,mda_disclosure_quality,mda_general_quality,initial,local_qwen3_8b,AR05,MD&A readability and structural clarity,4,1,5,0.1,75.0,7.5,[MDA_P001],[MDA_P001] MANAGEMENT DISCUSSION AND ANALYSIS,medium,Clear structure with logical flow and relevant financial details,none,2026-06-20T09:36:40+00:00,2026-06-20T09:37:06+00:00,2026-06-15,qwen3:8b,ollama,0.0,42,4096,192,false,false,ollama_format_schema,mda_single_dimension_context_v2,2026-06-20T09:37:06+00:00,06_scoring/05_raw_model_outputs/mda_final_full/MDA_5533_OCB_2020_AR05_attempt_1.json,06_scoring/03_numeric_checks/mda_v2/MDA_5533_OCB_2020_numeric_checks.json,parsed,valid
MDA_5533_OCB_2021_AR01,MDA_5533_OCB_2021,mda,mda_disclosure_quality,mda_general_quality,initial,local_qwen3_8b,AR01,MD&A content completeness,4,1,5,0.15,75.0,11.25,[MDA_P001],[MDA_P001] Management Discussion and Analysis,medium,"Discusses operational efficiency, challenges, and future strategies but lacks detailed financial metrics.",none,2026-06-20T09:37:06+00:00,2026-06-20T09:37:31+00:00,2026-06-15,qwen3:8b,ollama,0.0,42,4096,192,false,false,ollama_format_schema,mda_single_dimension_context_v2,2026-06-20T09:37:31+00:00,06_scoring/05_raw_model_outputs/mda_final_full/MDA_5533_OCB_2021_AR01_attempt_1.json,06_scoring/03_numeric_checks/mda_v2/MDA_5533_OCB_2021_numeric_checks.json,parsed,valid
MDA_5533_OCB_2021_AR02,MDA_5533_OCB_2021,mda,mda_disclosure_quality,mda_general_quality,initial,local_qwen3_8b,AR02,MD&A internal numeric consistency and traceability,3,1,5,0.25,50.0,12.5,[MDA_P001],[MDA_P001] Management Discussion and Analysis,medium,"Python numeric_checker: numeric_check_summary indicates moderate consistency, but no calculable changes or checks are mentioned",none,2026-06-20T09:37:06+00:00,2026-06-20T09:37:31+00:00,2026-06-15,qwen3:8b,ollama,0.0,42,4096,192,false,false,ollama_format_schema,mda_single_dimension_context_v2,2026-06-20T09:37:31+00:00,06_scoring/05_raw_model_outputs/mda_final_full/MDA_5533_OCB_2021_AR02_attempt_1.json,06_scoring/03_numeric_checks/mda_v2/MDA_5533_OCB_2021_numeric_checks.json,parsed,valid
MDA_5533_OCB_2021_AR03,MDA_5533_OCB_2021,mda,mda_disclosure_quality,mda_general_quality,initial,local_qwen3_8b,AR03,Operating analysis specificity,2,1,5,0.3,25.0,7.5,[MDA_P002],[MDA_P002] Registration No. 195901000114 (3465-H) REVIEW OF THE OPERATING ACTIVITIES (cont’d) Consumer Foods Division (cont’d) Spices & Seasonings Specialities Sdn. Bhd. received the FSSC 22000 certification in August 2021. With this certif,medium,Limited discussion on operating margins or profitability metrics.,none,2026-06-20T09:37:06+00:00,2026-06-20T09:37:31+00:00,2026-06-15,qwen3:8b,ollama,0.0,42,4096,192,false,false,ollama_format_schema,mda_single_dimension_context_v2,2026-06-20T09:37:31+00:00,06_scoring/05_raw_model_outputs/mda_final_full/MDA_5533_OCB_2021_AR03_attempt_1.json,06_scoring/03_numeric_checks/mda_v2/MDA_5533_OCB_2021_numeric_checks.json,parsed,valid
MDA_5533_OCB_2021_AR04,MDA_5533_OCB_2021,mda,mda_disclosure_quality,mda_general_quality,initial,local_qwen3_8b,AR04,MD&A internal risk and forward-looking disclosure,4,1,5,0.2,75.0,15.0,[MDA_P002],[MDA_P002] Registration No. 195901000114 (3465-H) REVIEW OF THE OPERATING ACTIVITIES (cont’d) Consumer Foods Division (cont’d) Spices & Seasonings Specialities Sdn. Bhd. received the FSSC 22000 certification in August 2021. With this certif,medium,"Discusses risks like raw material costs and supply chain issues, and forward-looking challenges for 2022.",none,2026-06-20T09:37:06+00:00,2026-06-20T09:37:31+00:00,2026-06-15,qwen3:8b,ollama,0.0,42,4096,192,false,false,ollama_format_schema,mda_single_dimension_context_v2,2026-06-20T09:37:31+00:00,06_scoring/05_raw_model_outputs/mda_final_full/MDA_5533_OCB_2021_AR04_attempt_1.json,06_scoring/03_numeric_checks/mda_v2/MDA_5533_OCB_2021_numeric_checks.json,parsed,valid
MDA_5533_OCB_2021_AR05,MDA_5533_OCB_2021,mda,mda_disclosure_quality,mda_general_quality,initial,local_qwen3_8b,AR05,MD&A readability and structural clarity,4,1,5,0.1,75.0,7.5,[MDA_P001],[MDA_P001] Management Discussion and Analysis,medium,Clear structure with logical flow and concise explanations.,none,2026-06-20T09:37:06+00:00,2026-06-20T09:37:31+00:00,2026-06-15,qwen3:8b,ollama,0.0,42,4096,192,false,false,ollama_format_schema,mda_single_dimension_context_v2,2026-06-20T09:37:31+00:00,06_scoring/05_raw_model_outputs/mda_final_full/MDA_5533_OCB_2021_AR05_attempt_1.json,06_scoring/03_numeric_checks/mda_v2/MDA_5533_OCB_2021_numeric_checks.json,parsed,valid
MDA_5533_OCB_2022_AR01,MDA_5533_OCB_2022,mda,mda_disclosure_quality,mda_general_quality,initial,local_qwen3_8b,AR01,MD&A content completeness,5,1,5,0.15,100.0,15.0,[MDA_P001],[MDA_P001] Management Discussion and Analysis The Board of Directors of OCB Berhad (“OCB” or “the Company”) (“Board”) and the Management are pleased to present material non-financial information on OCB and its group of companies (“OCB Group,medium,Comprehensive overview of business operations and divisions,none,2026-06-20T09:37:31+00:00,2026-06-20T09:37:58+00:00,2026-06-15,qwen3:8b,ollama,0.0,42,4096,192,false,false,ollama_format_schema,mda_single_dimension_context_v2,2026-06-20T09:37:58+00:00,06_scoring/05_raw_model_outputs/mda_final_full/MDA_5533_OCB_2022_AR01_attempt_1.json,06_scoring/03_numeric_checks/mda_v2/MDA_5533_OCB_2022_numeric_checks.json,parsed,valid
MDA_5533_OCB_2022_AR02,MDA_5533_OCB_2022,mda,mda_disclosure_quality,mda_general_quality,initial,local_qwen3_8b,AR02,MD&A internal numeric consistency and traceability,3,1,5,0.25,50.0,12.5,[MDA_P001],[MDA_P001] Management Discussion and Analysis The Board of Directors of OCB Berhad (“OCB” or “the Company”) (“Board”) and the Management are pleased to present material non-financial information on OCB and its group of companies (“OCB Group,medium,"Python numeric_checker: numeric_check_summary indicates moderate consistency with no discrepancies, but no calculable changes or checks performed.",none,2026-06-20T09:37:31+00:00,2026-06-20T09:37:58+00:00,2026-06-15,qwen3:8b,ollama,0.0,42,4096,192,false,false,ollama_format_schema,mda_single_dimension_context_v2,2026-06-20T09:37:58+00:00,06_scoring/05_raw_model_outputs/mda_final_full/MDA_5533_OCB_2022_AR02_attempt_1.json,06_scoring/03_numeric_checks/mda_v2/MDA_5533_OCB_2022_numeric_checks.json,parsed,valid
MDA_5533_OCB_2022_AR03,MDA_5533_OCB_2022,mda,mda_disclosure_quality,mda_general_quality,initial,local_qwen3_8b,AR03,Operating analysis specificity,4,1,5,0.3,75.0,22.5,[MDA_P006],"[MDA_P006] REVIEW OF THE FINANCIAL RESULTS AND FINANCIAL CONDITIONS The Group’s financial performance for FYE 2022 as compared to FYE 2021 is as follows: FYE 2022 RM’000 FYE 2021 RM’000 Increase/ (Decrease) RM’000 % Revenue 254,904 238,893",medium,Detailed financial metrics and comparisons provided for operating analysis.,none,2026-06-20T09:37:31+00:00,2026-06-20T09:37:58+00:00,2026-06-15,qwen3:8b,ollama,0.0,42,4096,192,false,false,ollama_format_schema,mda_single_dimension_context_v2,2026-06-20T09:37:58+00:00,06_scoring/05_raw_model_outputs/mda_final_full/MDA_5533_OCB_2022_AR03_attempt_1.json,06_scoring/03_numeric_checks/mda_v2/MDA_5533_OCB_2022_numeric_checks.json,parsed,valid
MDA_5533_OCB_2022_AR04,MDA_5533_OCB_2022,mda,mda_disclosure_quality,mda_general_quality,initial,local_qwen3_8b,AR04,MD&A internal risk and forward-looking disclosure,4,1,5,0.2,75.0,15.0,[MDA_P009],[MDA_P009] The Consumer Foods Division posted a loss before taxation of RM2.2 million for FYE 2022 as compared to a profit before taxation of RM0.8 million in FYE 2021 due to rising raw materials cost and higher operating expenses ratio. Ma,medium,"Discusses internal risks like raw material costs and operating expenses, with specific financial figures.",none,2026-06-20T09:37:31+00:00,2026-06-20T09:37:58+00:00,2026-06-15,qwen3:8b,ollama,0.0,42,4096,192,false,false,ollama_format_schema,mda_single_dimension_context_v2,2026-06-20T09:37:58+00:00,06_scoring/05_raw_model_outputs/mda_final_full/MDA_5533_OCB_2022_AR04_attempt_1.json,06_scoring/03_numeric_checks/mda_v2/MDA_5533_OCB_2022_numeric_checks.json,parsed,valid
MDA_5533_OCB_2022_AR05,MDA_5533_OCB_2022,mda,mda_disclosure_quality,mda_general_quality,initial,local_qwen3_8b,AR05,MD&A readability and structural clarity,4,1,5,0.1,75.0,7.5,[MDA_P001],[MDA_P001] Management Discussion and Analysis The Board of Directors of OCB Berhad (“OCB” or “the Company”) (“Board”) and the Management are pleased to present material non-financial information on OCB and its group of companies (“OCB Group,medium,Clear structure with defined sections and concise language.,none,2026-06-20T09:37:31+00:00,2026-06-20T09:37:58+00:00,2026-06-15,qwen3:8b,ollama,0.0,42,4096,192,false,false,ollama_format_schema,mda_single_dimension_context_v2,2026-06-20T09:37:58+00:00,06_scoring/05_raw_model_outputs/mda_final_full/MDA_5533_OCB_2022_AR05_attempt_1.json,06_scoring/03_numeric_checks/mda_v2/MDA_5533_OCB_2022_numeric_checks.json,parsed,valid
MDA_5533_OCB_2023_AR01,MDA_5533_OCB_2023,mda,mda_disclosure_quality,mda_general_quality,initial,local_qwen3_8b,AR01,MD&A content completeness,4,1,5,0.15,75.0,11.25,[MDA_P001],[MDA_P001] MANAGEMENT DISCUSSION AND ANALYSIS The Board of Directors of OCB Berhad (“OCB” or “the Company”) and the Management are pleased to present material non-financial information on OCB and its group of companies (“OCB Group” or “the,medium,"Discusses business operations, revenue, and financial performance with relevant details.",none,2026-06-20T09:37:58+00:00,2026-06-20T09:38:26+00:00,2026-06-15,qwen3:8b,ollama,0.0,42,4096,192,false,false,ollama_format_schema,mda_single_dimension_context_v2,2026-06-20T09:38:26+00:00,06_scoring/05_raw_model_outputs/mda_final_full/MDA_5533_OCB_2023_AR01_attempt_1.json,06_scoring/03_numeric_checks/mda_v2/MDA_5533_OCB_2023_numeric_checks.json,parsed,valid
MDA_5533_OCB_2023_AR02,MDA_5533_OCB_2023,mda,mda_disclosure_quality,mda_general_quality,initial,local_qwen3_8b,AR02,MD&A internal numeric consistency and traceability,3,1,5,0.25,50.0,12.5,[MDA_P001],[MDA_P001] MANAGEMENT DISCUSSION AND ANALYSIS The Board of Directors of OCB Berhad (“OCB” or “the Company”) and the Management are pleased to present material non-financial information on OCB and its group of companies (“OCB Group” or “the,medium,"Python numeric_checker: numeric_check_summary indicates not enough numbers for consistency checks, but financial discussions are present",none,2026-06-20T09:37:58+00:00,2026-06-20T09:38:26+00:00,2026-06-15,qwen3:8b,ollama,0.0,42,4096,192,false,false,ollama_format_schema,mda_single_dimension_context_v2,2026-06-20T09:38:26+00:00,06_scoring/05_raw_model_outputs/mda_final_full/MDA_5533_OCB_2023_AR02_attempt_1.json,06_scoring/03_numeric_checks/mda_v2/MDA_5533_OCB_2023_numeric_checks.json,parsed,valid
MDA_5533_OCB_2023_AR03,MDA_5533_OCB_2023,mda,mda_disclosure_quality,mda_general_quality,initial,local_qwen3_8b,AR03,Operating analysis specificity,4,1,5,0.3,75.0,22.5,[MDA_P006],"[MDA_P006] REVIEW OF THE FINANCIAL RESULTS AND FINANCIAL CONDITIONS The Group’s financial performance for the FYE 2023 as compared to FYE 2022 is as follows: FYE 2023 RM’000 FYE 2022 RM’000 Increase/ (Decrease) RM’000 % Revenue 298,600 254,",medium,Detailed financial performance metrics and comparisons provided.,none,2026-06-20T09:37:58+00:00,2026-06-20T09:38:26+00:00,2026-06-15,qwen3:8b,ollama,0.0,42,4096,192,false,false,ollama_format_schema,mda_single_dimension_context_v2,2026-06-20T09:38:26+00:00,06_scoring/05_raw_model_outputs/mda_final_full/MDA_5533_OCB_2023_AR03_attempt_1.json,06_scoring/03_numeric_checks/mda_v2/MDA_5533_OCB_2023_numeric_checks.json,parsed,valid
MDA_5533_OCB_2023_AR04,MDA_5533_OCB_2023,mda,mda_disclosure_quality,mda_general_quality,initial,local_qwen3_8b,AR04,MD&A internal risk and forward-looking disclosure,4,1,5,0.2,75.0,15.0,[MDA_P030],"[MDA_P030] Registration No. 195901000114 (3465-H) BUSINESS OUTLOOK 2024 Malaysia’s Gross Domestic Product (“GDP”) is expected to grow strongly at 4.5 percent to 5.0 percent in 2024, primarily on the back of a recovery in the manufacturing s",medium,Business outlook includes GDP growth projections and economic factors impacting the company.,none,2026-06-20T09:37:58+00:00,2026-06-20T09:38:26+00:00,2026-06-15,qwen3:8b,ollama,0.0,42,4096,192,false,false,ollama_format_schema,mda_single_dimension_context_v2,2026-06-20T09:38:26+00:00,06_scoring/05_raw_model_outputs/mda_final_full/MDA_5533_OCB_2023_AR04_attempt_1.json,06_scoring/03_numeric_checks/mda_v2/MDA_5533_OCB_2023_numeric_checks.json,parsed,valid
MDA_5533_OCB_2023_AR05,MDA_5533_OCB_2023,mda,mda_disclosure_quality,mda_general_quality,initial,local_qwen3_8b,AR05,MD&A readability and structural clarity,4,1,5,0.1,75.0,7.5,[MDA_P001],[MDA_P001] MANAGEMENT DISCUSSION AND ANALYSIS The Board of Directors of OCB Berhad (“OCB” or “the Company”) and the Management are pleased to present material non-financial information on OCB and its group of companies (“OCB Group” or “the,medium,Clear structure with defined sections and logical flow.,none,2026-06-20T09:37:58+00:00,2026-06-20T09:38:26+00:00,2026-06-15,qwen3:8b,ollama,0.0,42,4096,192,false,false,ollama_format_schema,mda_single_dimension_context_v2,2026-06-20T09:38:26+00:00,06_scoring/05_raw_model_outputs/mda_final_full/MDA_5533_OCB_2023_AR05_attempt_1.json,06_scoring/03_numeric_checks/mda_v2/MDA_5533_OCB_2023_numeric_checks.json,parsed,valid
MDA_5533_OCB_2024_AR01,MDA_5533_OCB_2024,mda,mda_disclosure_quality,mda_general_quality,initial,local_qwen3_8b,AR01,MD&A content completeness,2,1,5,0.15,25.0,3.75,[MDA_P001],[MDA_P001] MANAGEMENT DISCUSSION AND ANALYSIS,medium,Lacks discussion on margins and segment performance,none,2026-06-20T09:38:26+00:00,2026-06-20T09:38:48+00:00,2026-06-15,qwen3:8b,ollama,0.0,42,4096,192,false,false,ollama_format_schema,mda_single_dimension_context_v2,2026-06-20T09:38:48+00:00,06_scoring/05_raw_model_outputs/mda_final_full/MDA_5533_OCB_2024_AR01_attempt_1.json,06_scoring/03_numeric_checks/mda_v2/MDA_5533_OCB_2024_numeric_checks.json,parsed,valid
MDA_5533_OCB_2024_AR02,MDA_5533_OCB_2024,mda,mda_disclosure_quality,mda_general_quality,initial,local_qwen3_8b,AR02,MD&A internal numeric consistency and traceability,3,1,5,0.25,50.0,12.5,[MDA_P001],[MDA_P001] MANAGEMENT DISCUSSION AND ANALYSIS,medium,Python numeric_checker: numeric_check_summary indicates not enough numbers for consistency checks,none,2026-06-20T09:38:26+00:00,2026-06-20T09:38:48+00:00,2026-06-15,qwen3:8b,ollama,0.0,42,4096,192,false,false,ollama_format_schema,mda_single_dimension_context_v2,2026-06-20T09:38:48+00:00,06_scoring/05_raw_model_outputs/mda_final_full/MDA_5533_OCB_2024_AR02_attempt_1.json,06_scoring/03_numeric_checks/mda_v2/MDA_5533_OCB_2024_numeric_checks.json,parsed,valid
MDA_5533_OCB_2024_AR03,MDA_5533_OCB_2024,mda,mda_disclosure_quality,mda_general_quality,initial,local_qwen3_8b,AR03,Operating analysis specificity,4,1,5,0.3,75.0,22.5,[MDA_P002],[MDA_P002] Registration No. 195901000114 (3465-H) REVIEW OF THE OPERATING ACTIVITIES Consumer Foods Division The Semenyih and Sibu noodle plants have a current combined capacity of 12.0 million pieces of noodles per shift per month. For the,medium,"Discusses capacity utilization, sales growth, and product innovation relevant to operating analysis.",none,2026-06-20T09:38:26+00:00,2026-06-20T09:38:48+00:00,2026-06-15,qwen3:8b,ollama,0.0,42,4096,192,false,false,ollama_format_schema,mda_single_dimension_context_v2,2026-06-20T09:38:48+00:00,06_scoring/05_raw_model_outputs/mda_final_full/MDA_5533_OCB_2024_AR03_attempt_1.json,06_scoring/03_numeric_checks/mda_v2/MDA_5533_OCB_2024_numeric_checks.json,parsed,valid
MDA_5533_OCB_2024_AR04,MDA_5533_OCB_2024,mda,mda_disclosure_quality,mda_general_quality,initial,local_qwen3_8b,AR04,MD&A internal risk and forward-looking disclosure,4,1,5,0.2,75.0,15.0,[MDA_P014],"[MDA_P014] ANNUAL REPORT 2024 BUSINESS OUTLOOK 2025 In 2025, Malaysia’s business landscape is expected to be characterized by steady economic growth, strategic policy initiatives, and a strong focus on technological advancement. The Malaysi",medium,Business outlook includes growth projections and strategic trends,none,2026-06-20T09:38:26+00:00,2026-06-20T09:38:48+00:00,2026-06-15,qwen3:8b,ollama,0.0,42,4096,192,false,false,ollama_format_schema,mda_single_dimension_context_v2,2026-06-20T09:38:48+00:00,06_scoring/05_raw_model_outputs/mda_final_full/MDA_5533_OCB_2024_AR04_attempt_1.json,06_scoring/03_numeric_checks/mda_v2/MDA_5533_OCB_2024_numeric_checks.json,parsed,valid
MDA_5533_OCB_2024_AR05,MDA_5533_OCB_2024,mda,mda_disclosure_quality,mda_general_quality,initial,local_qwen3_8b,AR05,MD&A readability and structural clarity,4,1,5,0.1,75.0,7.5,[MDA_P001],[MDA_P001] MANAGEMENT DISCUSSION AND ANALYSIS,medium,Clear structure with focused discussion on key operational and strategic priorities.,none,2026-06-20T09:38:26+00:00,2026-06-20T09:38:48+00:00,2026-06-15,qwen3:8b,ollama,0.0,42,4096,192,false,false,ollama_format_schema,mda_single_dimension_context_v2,2026-06-20T09:38:48+00:00,06_scoring/05_raw_model_outputs/mda_final_full/MDA_5533_OCB_2024_AR05_attempt_1.json,06_scoring/03_numeric_checks/mda_v2/MDA_5533_OCB_2024_numeric_checks.json,parsed,valid
MDA_6203_KHEESAN_2021_AR01,MDA_6203_KHEESAN_2021,mda,mda_disclosure_quality,mda_general_quality,initial,local_qwen3_8b,AR01,MD&A content completeness,4,1,5,0.15,75.0,11.25,[MDA_P001],[MDA_P001] MANAGEMENT DISCUSSION & ANALYSIS (cont’d) Khee San Berhad Annual Report Registration No.: 199401018697 (304376-A),medium,"Discusses business segments, revenue, and market conditions but lacks margin analysis",none,2026-06-20T09:38:48+00:00,2026-06-20T09:39:11+00:00,2026-06-15,qwen3:8b,ollama,0.0,42,4096,192,false,false,ollama_format_schema,mda_single_dimension_context_v2,2026-06-20T09:39:11+00:00,06_scoring/05_raw_model_outputs/mda_final_full/MDA_6203_KHEESAN_2021_AR01_attempt_1.json,06_scoring/03_numeric_checks/mda_v2/MDA_6203_KHEESAN_2021_numeric_checks.json,parsed,valid
MDA_6203_KHEESAN_2021_AR02,MDA_6203_KHEESAN_2021,mda,mda_disclosure_quality,mda_general_quality,initial,local_qwen3_8b,AR02,MD&A internal numeric consistency and traceability,3,1,5,0.25,50.0,12.5,[MDA_P001],[MDA_P001] MANAGEMENT DISCUSSION & ANALYSIS (cont’d) Khee San Berhad Annual Report Registration No.: 199401018697 (304376-A),medium,Python numeric_checker: No numeric checks or consistency verification performed in the text.,none,2026-06-20T09:38:48+00:00,2026-06-20T09:39:11+00:00,2026-06-15,qwen3:8b,ollama,0.0,42,4096,192,false,false,ollama_format_schema,mda_single_dimension_context_v2,2026-06-20T09:39:11+00:00,06_scoring/05_raw_model_outputs/mda_final_full/MDA_6203_KHEESAN_2021_AR02_attempt_1.json,06_scoring/03_numeric_checks/mda_v2/MDA_6203_KHEESAN_2021_numeric_checks.json,parsed,valid
MDA_6203_KHEESAN_2021_AR03,MDA_6203_KHEESAN_2021,mda,mda_disclosure_quality,mda_general_quality,initial,local_qwen3_8b,AR03,Operating analysis specificity,2,1,5,0.3,25.0,7.5,[MDA_P002],"[MDA_P002] Candy The Candies segment is subdivided into various categories as follows: Categories Brands Chewy Fruitplus, Mintplus, Choco Plus and Milk Plus, Victory, Snackie and Sochews Deposited Victory Brand and S’creams Hard Torrone, Sn",medium,Lacks specific operating analysis metrics or financial data,none,2026-06-20T09:38:48+00:00,2026-06-20T09:39:11+00:00,2026-06-15,qwen3:8b,ollama,0.0,42,4096,192,false,false,ollama_format_schema,mda_single_dimension_context_v2,2026-06-20T09:39:11+00:00,06_scoring/05_raw_model_outputs/mda_final_full/MDA_6203_KHEESAN_2021_AR03_attempt_1.json,06_scoring/03_numeric_checks/mda_v2/MDA_6203_KHEESAN_2021_numeric_checks.json,parsed,valid
MDA_6203_KHEESAN_2021_AR04,MDA_6203_KHEESAN_2021,mda,mda_disclosure_quality,mda_general_quality,initial,local_qwen3_8b,AR04,MD&A internal risk and forward-looking disclosure,4,1,5,0.2,75.0,15.0,[MDA_P006],"[MDA_P006] Distribution Channels The Group sells its products via two distribution channels, through wholesale and modern distribution channels. In an effort to achieve higher sales volume, the Group distributes its products via both the wh",medium,Discusses business risks and mitigation strategies,none,2026-06-20T09:38:48+00:00,2026-06-20T09:39:11+00:00,2026-06-15,qwen3:8b,ollama,0.0,42,4096,192,false,false,ollama_format_schema,mda_single_dimension_context_v2,2026-06-20T09:39:11+00:00,06_scoring/05_raw_model_outputs/mda_final_full/MDA_6203_KHEESAN_2021_AR04_attempt_1.json,06_scoring/03_numeric_checks/mda_v2/MDA_6203_KHEESAN_2021_numeric_checks.json,parsed,valid
MDA_6203_KHEESAN_2021_AR05,MDA_6203_KHEESAN_2021,mda,mda_disclosure_quality,mda_general_quality,initial,local_qwen3_8b,AR05,MD&A readability and structural clarity,2,1,5,0.1,25.0,2.5,[MDA_P001],[MDA_P001] MANAGEMENT DISCUSSION & ANALYSIS (cont’d) Khee San Berhad Annual Report Registration No.: 199401018697 (304376-A),medium,"Section heading is missing, affecting structural clarity",none,2026-06-20T09:38:48+00:00,2026-06-20T09:39:11+00:00,2026-06-15,qwen3:8b,ollama,0.0,42,4096,192,false,false,ollama_format_schema,mda_single_dimension_context_v2,2026-06-20T09:39:11+00:00,06_scoring/05_raw_model_outputs/mda_final_full/MDA_6203_KHEESAN_2021_AR05_attempt_1.json,06_scoring/03_numeric_checks/mda_v2/MDA_6203_KHEESAN_2021_numeric_checks.json,parsed,valid
MDA_6203_KHEESAN_2022_AR01,MDA_6203_KHEESAN_2022,mda,mda_disclosure_quality,mda_general_quality,initial,local_qwen3_8b,AR01,MD&A content completeness,2,1,5,0.15,25.0,3.75,[MDA_P001],[MDA_P001] MANAGEMENT DISCUSSION & ANALYSIS (cont’d),medium,Lacks detailed financial analysis and discussion of key metrics,none,2026-06-20T09:39:11+00:00,2026-06-20T09:39:31+00:00,2026-06-15,qwen3:8b,ollama,0.0,42,4096,192,false,false,ollama_format_schema,mda_single_dimension_context_v2,2026-06-20T09:39:31+00:00,06_scoring/05_raw_model_outputs/mda_final_full/MDA_6203_KHEESAN_2022_AR01_attempt_1.json,06_scoring/03_numeric_checks/mda_v2/MDA_6203_KHEESAN_2022_numeric_checks.json,parsed,valid
MDA_6203_KHEESAN_2022_AR02,MDA_6203_KHEESAN_2022,mda,mda_disclosure_quality,mda_general_quality,initial,local_qwen3_8b,AR02,MD&A internal numeric consistency and traceability,3,1,5,0.25,50.0,12.5,[MDA_P003],"[MDA_P003] In FYE 2022, the Group recorded total sales revenue of RM33.0 million of which domestic sales accounted for 57.6% which export sales accounted for the balance of 42.4%. The main product category of the Group is Candy.",medium,"Python numeric_checker: numeric_check_summary indicates not enough numbers for consistency checks, but revenue figures are provided without verification.",none,2026-06-20T09:39:11+00:00,2026-06-20T09:39:31+00:00,2026-06-15,qwen3:8b,ollama,0.0,42,4096,192,false,false,ollama_format_schema,mda_single_dimension_context_v2,2026-06-20T09:39:31+00:00,06_scoring/05_raw_model_outputs/mda_final_full/MDA_6203_KHEESAN_2022_AR02_attempt_1.json,06_scoring/03_numeric_checks/mda_v2/MDA_6203_KHEESAN_2022_numeric_checks.json,parsed,valid
MDA_6203_KHEESAN_2022_AR03,MDA_6203_KHEESAN_2022,mda,mda_disclosure_quality,mda_general_quality,initial,local_qwen3_8b,AR03,Operating analysis specificity,2,1,5,0.3,25.0,7.5,[MDA_P003],"[MDA_P003] In FYE 2022, the Group recorded total sales revenue of RM33.0 million of which domestic sales accounted for 57.6% which export sales accounted for the balance of 42.4%. The main product category of the Group is Candy.",medium,Lacks detailed operating analysis specificity with only revenue figures and product categories mentioned.,none,2026-06-20T09:39:11+00:00,2026-06-20T09:39:31+00:00,2026-06-15,qwen3:8b,ollama,0.0,42,4096,192,false,false,ollama_format_schema,mda_single_dimension_context_v2,2026-06-20T09:39:31+00:00,06_scoring/05_raw_model_outputs/mda_final_full/MDA_6203_KHEESAN_2022_AR03_attempt_1.json,06_scoring/03_numeric_checks/mda_v2/MDA_6203_KHEESAN_2022_numeric_checks.json,parsed,valid
MDA_6203_KHEESAN_2022_AR04,MDA_6203_KHEESAN_2022,mda,mda_disclosure_quality,mda_general_quality,initial,local_qwen3_8b,AR04,MD&A internal risk and forward-looking disclosure,4,1,5,0.2,75.0,15.0,[MDA_P016],"[MDA_P016] In an effort to achieve higher sales volume, the Group distributes its products via both the wholesale and modern distribution channels in Malaysia. However, for export sales, the distribution channels vary from country to countr",medium,"Discusses distribution channels and export variations, showing risk awareness.",none,2026-06-20T09:39:11+00:00,2026-06-20T09:39:31+00:00,2026-06-15,qwen3:8b,ollama,0.0,42,4096,192,false,false,ollama_format_schema,mda_single_dimension_context_v2,2026-06-20T09:39:31+00:00,06_scoring/05_raw_model_outputs/mda_final_full/MDA_6203_KHEESAN_2022_AR04_attempt_1.json,06_scoring/03_numeric_checks/mda_v2/MDA_6203_KHEESAN_2022_numeric_checks.json,parsed,valid
MDA_6203_KHEESAN_2022_AR05,MDA_6203_KHEESAN_2022,mda,mda_disclosure_quality,mda_general_quality,initial,local_qwen3_8b,AR05,MD&A readability and structural clarity,2,1,5,0.1,25.0,2.5,[MDA_P001],[MDA_P001] MANAGEMENT DISCUSSION & ANALYSIS (cont’d),medium,Paragraph lacks clear structure and detailed analysis of financial performance.,none,2026-06-20T09:39:11+00:00,2026-06-20T09:39:31+00:00,2026-06-15,qwen3:8b,ollama,0.0,42,4096,192,false,false,ollama_format_schema,mda_single_dimension_context_v2,2026-06-20T09:39:31+00:00,06_scoring/05_raw_model_outputs/mda_final_full/MDA_6203_KHEESAN_2022_AR05_attempt_1.json,06_scoring/03_numeric_checks/mda_v2/MDA_6203_KHEESAN_2022_numeric_checks.json,parsed,valid
MDA_6203_KHEESAN_2023_AR01,MDA_6203_KHEESAN_2023,mda,mda_disclosure_quality,mda_general_quality,initial,local_qwen3_8b,AR01,MD&A content completeness,5,1,5,0.15,100.0,15.0,[MDA_P001],"[MDA_P001] MANAGEMENT DISCUSSION & ANALYSIS Khee San Berhad (“KSB”) and its three (3) subsidiaries Khee San Food Industries Sdn Bhd (“KSFI”), Khee San Marketing Sdn Bhd and Mega Global Confectionary Sdn Bhd (collectively known as “the Group",medium,Comprehensive revenue and profit discussion with numerical data and context,none,2026-06-20T09:39:31+00:00,2026-06-20T09:39:55+00:00,2026-06-15,qwen3:8b,ollama,0.0,42,4096,192,false,false,ollama_format_schema,mda_single_dimension_context_v2,2026-06-20T09:39:55+00:00,06_scoring/05_raw_model_outputs/mda_final_full/MDA_6203_KHEESAN_2023_AR01_attempt_1.json,06_scoring/03_numeric_checks/mda_v2/MDA_6203_KHEESAN_2023_numeric_checks.json,parsed,valid
MDA_6203_KHEESAN_2023_AR02,MDA_6203_KHEESAN_2023,mda,mda_disclosure_quality,mda_general_quality,initial,local_qwen3_8b,AR02,MD&A internal numeric consistency and traceability,3,1,5,0.25,50.0,12.5,[MDA_P001],"[MDA_P001] MANAGEMENT DISCUSSION & ANALYSIS Khee San Berhad (“KSB”) and its three (3) subsidiaries Khee San Food Industries Sdn Bhd (“KSFI”), Khee San Marketing Sdn Bhd and Mega Global Confectionary Sdn Bhd (collectively known as “the Group",medium,"Python numeric_checker: numeric_check_summary indicates moderate consistency, but no calculable changes or checks are present.",none,2026-06-20T09:39:31+00:00,2026-06-20T09:39:55+00:00,2026-06-15,qwen3:8b,ollama,0.0,42,4096,192,false,false,ollama_format_schema,mda_single_dimension_context_v2,2026-06-20T09:39:55+00:00,06_scoring/05_raw_model_outputs/mda_final_full/MDA_6203_KHEESAN_2023_AR02_attempt_1.json,06_scoring/03_numeric_checks/mda_v2/MDA_6203_KHEESAN_2023_numeric_checks.json,parsed,valid
MDA_6203_KHEESAN_2023_AR03,MDA_6203_KHEESAN_2023,mda,mda_disclosure_quality,mda_general_quality,initial,local_qwen3_8b,AR03,Operating analysis specificity,5,1,5,0.3,100.0,30.0,[MDA_P001],"[MDA_P001] MANAGEMENT DISCUSSION & ANALYSIS Khee San Berhad (“KSB”) and its three (3) subsidiaries Khee San Food Industries Sdn Bhd (“KSFI”), Khee San Marketing Sdn Bhd and Mega Global Confectionary Sdn Bhd (collectively known as “the Group",medium,Clear revenue and profit figures with percentage changes and explanations for performance,none,2026-06-20T09:39:31+00:00,2026-06-20T09:39:55+00:00,2026-06-15,qwen3:8b,ollama,0.0,42,4096,192,false,false,ollama_format_schema,mda_single_dimension_context_v2,2026-06-20T09:39:55+00:00,06_scoring/05_raw_model_outputs/mda_final_full/MDA_6203_KHEESAN_2023_AR03_attempt_1.json,06_scoring/03_numeric_checks/mda_v2/MDA_6203_KHEESAN_2023_numeric_checks.json,parsed,valid
MDA_6203_KHEESAN_2023_AR04,MDA_6203_KHEESAN_2023,mda,mda_disclosure_quality,mda_general_quality,initial,local_qwen3_8b,AR04,MD&A internal risk and forward-looking disclosure,4,1,5,0.2,75.0,15.0,[MDA_P028],"[MDA_P028] MANAGEMENT DISCUSSION & ANALYSIS The Group sells its products via two distribution channels, through wholesale and modern distribution channels. In an effort to achieve higher sales volume, the Group distributes its products via",medium,"Discusses labor shortages, wage fluctuations, and mitigation strategies.",none,2026-06-20T09:39:31+00:00,2026-06-20T09:39:55+00:00,2026-06-15,qwen3:8b,ollama,0.0,42,4096,192,false,false,ollama_format_schema,mda_single_dimension_context_v2,2026-06-20T09:39:55+00:00,06_scoring/05_raw_model_outputs/mda_final_full/MDA_6203_KHEESAN_2023_AR04_attempt_1.json,06_scoring/03_numeric_checks/mda_v2/MDA_6203_KHEESAN_2023_numeric_checks.json,parsed,valid
MDA_6203_KHEESAN_2023_AR05,MDA_6203_KHEESAN_2023,mda,mda_disclosure_quality,mda_general_quality,initial,local_qwen3_8b,AR05,MD&A readability and structural clarity,4,1,5,0.1,75.0,7.5,[MDA_P001],"[MDA_P001] MANAGEMENT DISCUSSION & ANALYSIS Khee San Berhad (“KSB”) and its three (3) subsidiaries Khee San Food Industries Sdn Bhd (“KSFI”), Khee San Marketing Sdn Bhd and Mega Global Confectionary Sdn Bhd (collectively known as “the Group",medium,Clear revenue and profit figures with logical explanation of growth factors.,none,2026-06-20T09:39:31+00:00,2026-06-20T09:39:55+00:00,2026-06-15,qwen3:8b,ollama,0.0,42,4096,192,false,false,ollama_format_schema,mda_single_dimension_context_v2,2026-06-20T09:39:55+00:00,06_scoring/05_raw_model_outputs/mda_final_full/MDA_6203_KHEESAN_2023_AR05_attempt_1.json,06_scoring/03_numeric_checks/mda_v2/MDA_6203_KHEESAN_2023_numeric_checks.json,parsed,valid
MDA_6203_KHEESAN_2024_AR01,MDA_6203_KHEESAN_2024,mda,mda_disclosure_quality,mda_general_quality,initial,local_qwen3_8b,AR01,MD&A content completeness,5,1,5,0.15,100.0,15.0,[MDA_P001],[MDA_P001] MANAGEMENT DISCUSSION AND ANALYSIS ANNUAL REPORT 2024,medium,Comprehensive revenue and profit discussion with numerical data and context,none,2026-06-20T09:39:55+00:00,2026-06-20T09:40:19+00:00,2026-06-15,qwen3:8b,ollama,0.0,42,4096,192,false,false,ollama_format_schema,mda_single_dimension_context_v2,2026-06-20T09:40:19+00:00,06_scoring/05_raw_model_outputs/mda_final_full/MDA_6203_KHEESAN_2024_AR01_attempt_1.json,06_scoring/03_numeric_checks/mda_v2/MDA_6203_KHEESAN_2024_numeric_checks.json,parsed,valid
MDA_6203_KHEESAN_2024_AR02,MDA_6203_KHEESAN_2024,mda,mda_disclosure_quality,mda_general_quality,initial,local_qwen3_8b,AR02,MD&A internal numeric consistency and traceability,3,1,5,0.25,50.0,12.5,[MDA_P001],[MDA_P001] MANAGEMENT DISCUSSION AND ANALYSIS ANNUAL REPORT 2024,medium,Python numeric_checker: numeric_check_summary indicates moderate consistency with no material discrepancies,none,2026-06-20T09:39:55+00:00,2026-06-20T09:40:19+00:00,2026-06-15,qwen3:8b,ollama,0.0,42,4096,192,false,false,ollama_format_schema,mda_single_dimension_context_v2,2026-06-20T09:40:19+00:00,06_scoring/05_raw_model_outputs/mda_final_full/MDA_6203_KHEESAN_2024_AR02_attempt_1.json,06_scoring/03_numeric_checks/mda_v2/MDA_6203_KHEESAN_2024_numeric_checks.json,parsed,valid
MDA_6203_KHEESAN_2024_AR03,MDA_6203_KHEESAN_2024,mda,mda_disclosure_quality,mda_general_quality,initial,local_qwen3_8b,AR03,Operating analysis specificity,4,1,5,0.3,75.0,22.5,[MDA_P002],"[MDA_P002] The Group reported revenue of RM52.3 million for the current financial year, marking a decline of RM3.3 million, or 6%, as compared to the previous financial year. This decrease is primarily attributed to a reduction in sales ord",medium,"Discusses revenue, profit, cost, and margin with specific figures and explanations.",none,2026-06-20T09:39:55+00:00,2026-06-20T09:40:19+00:00,2026-06-15,qwen3:8b,ollama,0.0,42,4096,192,false,false,ollama_format_schema,mda_single_dimension_context_v2,2026-06-20T09:40:19+00:00,06_scoring/05_raw_model_outputs/mda_final_full/MDA_6203_KHEESAN_2024_AR03_attempt_1.json,06_scoring/03_numeric_checks/mda_v2/MDA_6203_KHEESAN_2024_numeric_checks.json,parsed,valid
MDA_6203_KHEESAN_2024_AR04,MDA_6203_KHEESAN_2024,mda,mda_disclosure_quality,mda_general_quality,initial,local_qwen3_8b,AR04,MD&A internal risk and forward-looking disclosure,4,1,5,0.2,75.0,15.0,[MDA_P009],"[MDA_P009] By the same, it is also subject to wage fluctuations as the increase in minimum wage level in peninsular Malaysia. In an effort to reduce the over-reliance to the labour issues, the Group will continue to invest in automating the",medium,Discusses risk factors and mitigation strategies related to raw materials and wage fluctuations.,none,2026-06-20T09:39:55+00:00,2026-06-20T09:40:19+00:00,2026-06-15,qwen3:8b,ollama,0.0,42,4096,192,false,false,ollama_format_schema,mda_single_dimension_context_v2,2026-06-20T09:40:19+00:00,06_scoring/05_raw_model_outputs/mda_final_full/MDA_6203_KHEESAN_2024_AR04_attempt_1.json,06_scoring/03_numeric_checks/mda_v2/MDA_6203_KHEESAN_2024_numeric_checks.json,parsed,valid
MDA_6203_KHEESAN_2024_AR05,MDA_6203_KHEESAN_2024,mda,mda_disclosure_quality,mda_general_quality,initial,local_qwen3_8b,AR05,MD&A readability and structural clarity,4,1,5,0.1,75.0,7.5,[MDA_P001],[MDA_P001] MANAGEMENT DISCUSSION AND ANALYSIS ANNUAL REPORT 2024,medium,Clear explanation of asset changes and financial performance with minimal jargon.,none,2026-06-20T09:39:55+00:00,2026-06-20T09:40:19+00:00,2026-06-15,qwen3:8b,ollama,0.0,42,4096,192,false,false,ollama_format_schema,mda_single_dimension_context_v2,2026-06-20T09:40:19+00:00,06_scoring/05_raw_model_outputs/mda_final_full/MDA_6203_KHEESAN_2024_AR05_attempt_1.json,06_scoring/03_numeric_checks/mda_v2/MDA_6203_KHEESAN_2024_numeric_checks.json,parsed,valid
MDA_6432_APOLLO_2020_AR01,MDA_6432_APOLLO_2020,mda,mda_disclosure_quality,mda_general_quality,initial,local_qwen3_8b,AR01,MD&A content completeness,3,1,5,0.15,50.0,7.5,[MDA_P001],[MDA_P001] MANAGEMENT DISCUSSION AND ANALYSIS,medium,MD&A section lacks detailed analysis of financial performance and risk factors.,none,2026-06-20T09:40:19+00:00,2026-06-20T09:40:37+00:00,2026-06-15,qwen3:8b,ollama,0.0,42,4096,192,false,false,ollama_format_schema,mda_single_dimension_context_v2,2026-06-20T09:40:37+00:00,06_scoring/05_raw_model_outputs/mda_final_full/MDA_6432_APOLLO_2020_AR01_attempt_1.json,06_scoring/03_numeric_checks/mda_v2/MDA_6432_APOLLO_2020_numeric_checks.json,parsed,valid
MDA_6432_APOLLO_2020_AR02,MDA_6432_APOLLO_2020,mda,mda_disclosure_quality,mda_general_quality,initial,local_qwen3_8b,AR02,MD&A internal numeric consistency and traceability,2,1,5,0.25,25.0,6.25,[MDA_P014],[MDA_P014] The profit after taxation had decreased by 18.26% to RM14.24 million from RM17.43 million as recorded in the previous financial year. The current financial year’s profit margin was improved by 1.46% from 24.77% to 26.23%. The low,medium,"Python numeric_checker: Profit margin discrepancy not explained, lacks logical consistency.",none,2026-06-20T09:40:19+00:00,2026-06-20T09:40:37+00:00,2026-06-15,qwen3:8b,ollama,0.0,42,4096,192,false,false,ollama_format_schema,mda_single_dimension_context_v2,2026-06-20T09:40:37+00:00,06_scoring/05_raw_model_outputs/mda_final_full/MDA_6432_APOLLO_2020_AR02_attempt_1.json,06_scoring/03_numeric_checks/mda_v2/MDA_6432_APOLLO_2020_numeric_checks.json,parsed,valid
MDA_6432_APOLLO_2020_AR03,MDA_6432_APOLLO_2020,mda,mda_disclosure_quality,mda_general_quality,initial,local_qwen3_8b,AR03,Operating analysis specificity,2,1,5,0.3,25.0,7.5,[MDA_P012],"[MDA_P012] The Group registered a turnover of RM174.93 million for the financial year ended 30 April 2020, a decrease of 7.37% as compared to RM188.84 million in previous financial year ended 30 April 2019. 72% of the turnover was contribut",medium,Revenue decrease and margin improvement discussed but no detailed operating analysis,none,2026-06-20T09:40:19+00:00,2026-06-20T09:40:37+00:00,2026-06-15,qwen3:8b,ollama,0.0,42,4096,192,false,false,ollama_format_schema,mda_single_dimension_context_v2,2026-06-20T09:40:37+00:00,06_scoring/05_raw_model_outputs/mda_final_full/MDA_6432_APOLLO_2020_AR03_attempt_1.json,06_scoring/03_numeric_checks/mda_v2/MDA_6432_APOLLO_2020_numeric_checks.json,parsed,valid
MDA_6432_APOLLO_2020_AR04,MDA_6432_APOLLO_2020,mda,mda_disclosure_quality,mda_general_quality,initial,local_qwen3_8b,AR04,MD&A internal risk and forward-looking disclosure,2,1,5,0.2,25.0,5.0,[MDA_P024],[MDA_P024] The fluctuation of raw materials’ prices will have an impact on the Group’s profitability. The Group has taken steps in reducing the risk of price fluctuation by negotiating better terms with suppliers. Under the supervision of t,medium,Discusses risk factors but lacks specific forward-looking disclosures,none,2026-06-20T09:40:19+00:00,2026-06-20T09:40:37+00:00,2026-06-15,qwen3:8b,ollama,0.0,42,4096,192,false,false,ollama_format_schema,mda_single_dimension_context_v2,2026-06-20T09:40:37+00:00,06_scoring/05_raw_model_outputs/mda_final_full/MDA_6432_APOLLO_2020_AR04_attempt_1.json,06_scoring/03_numeric_checks/mda_v2/MDA_6432_APOLLO_2020_numeric_checks.json,parsed,valid
MDA_6432_APOLLO_2020_AR05,MDA_6432_APOLLO_2020,mda,mda_disclosure_quality,mda_general_quality,initial,local_qwen3_8b,AR05,MD&A readability and structural clarity,2,1,5,0.1,25.0,2.5,[MDA_P001],[MDA_P001] MANAGEMENT DISCUSSION AND ANALYSIS,medium,Paragraph lacks clear structure and contextual flow.,none,2026-06-20T09:40:19+00:00,2026-06-20T09:40:37+00:00,2026-06-15,qwen3:8b,ollama,0.0,42,4096,192,false,false,ollama_format_schema,mda_single_dimension_context_v2,2026-06-20T09:40:37+00:00,06_scoring/05_raw_model_outputs/mda_final_full/MDA_6432_APOLLO_2020_AR05_attempt_1.json,06_scoring/03_numeric_checks/mda_v2/MDA_6432_APOLLO_2020_numeric_checks.json,parsed,valid
MDA_6432_APOLLO_2021_AR01,MDA_6432_APOLLO_2021,mda,mda_disclosure_quality,mda_general_quality,initial,local_qwen3_8b,AR01,MD&A content completeness,3,1,5,0.15,50.0,7.5,[MDA_P001],[MDA_P001] MANAGEMENT DISCUSSION AND ANALYSIS,medium,MD&A section lacks detailed analysis of financial performance and strategic initiatives.,none,2026-06-20T09:40:37+00:00,2026-06-20T09:40:54+00:00,2026-06-15,qwen3:8b,ollama,0.0,42,4096,192,false,false,ollama_format_schema,mda_single_dimension_context_v2,2026-06-20T09:40:54+00:00,06_scoring/05_raw_model_outputs/mda_final_full/MDA_6432_APOLLO_2021_AR01_attempt_1.json,06_scoring/03_numeric_checks/mda_v2/MDA_6432_APOLLO_2021_numeric_checks.json,parsed,valid
MDA_6432_APOLLO_2021_AR02,MDA_6432_APOLLO_2021,mda,mda_disclosure_quality,mda_general_quality,initial,local_qwen3_8b,AR02,MD&A internal numeric consistency and traceability,3,1,5,0.25,50.0,12.5,[MDA_P012],"[MDA_P012] The Group registered a turnover of RM190.39 million for the financial year ended 30 April 2021, an increase of 8.84% as compared to RM174.93 million in previous financial year ended 30 April 2020. 75.96% of the turnover was contr",medium,Python numeric_checker: Revenue growth and profit increase are mentioned but no numeric checks or consistency are provided.,none,2026-06-20T09:40:37+00:00,2026-06-20T09:40:54+00:00,2026-06-15,qwen3:8b,ollama,0.0,42,4096,192,false,false,ollama_format_schema,mda_single_dimension_context_v2,2026-06-20T09:40:54+00:00,06_scoring/05_raw_model_outputs/mda_final_full/MDA_6432_APOLLO_2021_AR02_attempt_1.json,06_scoring/03_numeric_checks/mda_v2/MDA_6432_APOLLO_2021_numeric_checks.json,parsed,valid
MDA_6432_APOLLO_2021_AR03,MDA_6432_APOLLO_2021,mda,mda_disclosure_quality,mda_general_quality,initial,local_qwen3_8b,AR03,Operating analysis specificity,2,1,5,0.3,25.0,7.5,[MDA_P012],"[MDA_P012] The Group registered a turnover of RM190.39 million for the financial year ended 30 April 2021, an increase of 8.84% as compared to RM174.93 million in previous financial year ended 30 April 2020. 75.96% of the turnover was contr",medium,"Revenue growth and contribution by local market are discussed, but no detailed operating analysis is provided.",none,2026-06-20T09:40:37+00:00,2026-06-20T09:40:54+00:00,2026-06-15,qwen3:8b,ollama,0.0,42,4096,192,false,false,ollama_format_schema,mda_single_dimension_context_v2,2026-06-20T09:40:54+00:00,06_scoring/05_raw_model_outputs/mda_final_full/MDA_6432_APOLLO_2021_AR03_attempt_1.json,06_scoring/03_numeric_checks/mda_v2/MDA_6432_APOLLO_2021_numeric_checks.json,parsed,valid
MDA_6432_APOLLO_2021_AR04,MDA_6432_APOLLO_2021,mda,mda_disclosure_quality,mda_general_quality,initial,local_qwen3_8b,AR04,MD&A internal risk and forward-looking disclosure,2,1,5,0.2,25.0,5.0,[MDA_P024],[MDA_P024] (i) Fluctuation of Raw Material Prices,medium,Discusses risk factors but lacks forward-looking disclosure,none,2026-06-20T09:40:37+00:00,2026-06-20T09:40:54+00:00,2026-06-15,qwen3:8b,ollama,0.0,42,4096,192,false,false,ollama_format_schema,mda_single_dimension_context_v2,2026-06-20T09:40:54+00:00,06_scoring/05_raw_model_outputs/mda_final_full/MDA_6432_APOLLO_2021_AR04_attempt_1.json,06_scoring/03_numeric_checks/mda_v2/MDA_6432_APOLLO_2021_numeric_checks.json,parsed,valid
MDA_6432_APOLLO_2021_AR05,MDA_6432_APOLLO_2021,mda,mda_disclosure_quality,mda_general_quality,initial,local_qwen3_8b,AR05,MD&A readability and structural clarity,2,1,5,0.1,25.0,2.5,[MDA_P001],[MDA_P001] MANAGEMENT DISCUSSION AND ANALYSIS,medium,Section heading is unclear and lacks structural clarity.,none,2026-06-20T09:40:37+00:00,2026-06-20T09:40:54+00:00,2026-06-15,qwen3:8b,ollama,0.0,42,4096,192,false,false,ollama_format_schema,mda_single_dimension_context_v2,2026-06-20T09:40:54+00:00,06_scoring/05_raw_model_outputs/mda_final_full/MDA_6432_APOLLO_2021_AR05_attempt_1.json,06_scoring/03_numeric_checks/mda_v2/MDA_6432_APOLLO_2021_numeric_checks.json,parsed,valid
MDA_6432_APOLLO_2022_AR01,MDA_6432_APOLLO_2022,mda,mda_disclosure_quality,mda_general_quality,initial,local_qwen3_8b,AR01,MD&A content completeness,2,1,5,0.15,25.0,3.75,[MDA_P001],[MDA_P001] MANAGEMENT DISCUSSION AND ANALYSIS,medium,Lacks detailed analysis of financial performance and key drivers,none,2026-06-20T09:40:54+00:00,2026-06-20T09:41:10+00:00,2026-06-15,qwen3:8b,ollama,0.0,42,4096,192,false,false,ollama_format_schema,mda_single_dimension_context_v2,2026-06-20T09:41:10+00:00,06_scoring/05_raw_model_outputs/mda_final_full/MDA_6432_APOLLO_2022_AR01_attempt_1.json,06_scoring/03_numeric_checks/mda_v2/MDA_6432_APOLLO_2022_numeric_checks.json,parsed,valid
MDA_6432_APOLLO_2022_AR02,MDA_6432_APOLLO_2022,mda,mda_disclosure_quality,mda_general_quality,initial,local_qwen3_8b,AR02,MD&A internal numeric consistency and traceability,3,1,5,0.25,50.0,12.5,[MDA_P012],"[MDA_P012] The Group registered a turnover of RM188.27 million for the financial year ended 30 April 2022, a decrease of 1.11% as compared to RM190.39 million in previous financial year ended 30 April 2021. 73.88% of the turnover was contri",medium,"Python numeric_checker: numeric_check_summary indicates not enough numbers, but specific numeric details are provided in the text.",none,2026-06-20T09:40:54+00:00,2026-06-20T09:41:10+00:00,2026-06-15,qwen3:8b,ollama,0.0,42,4096,192,false,false,ollama_format_schema,mda_single_dimension_context_v2,2026-06-20T09:41:10+00:00,06_scoring/05_raw_model_outputs/mda_final_full/MDA_6432_APOLLO_2022_AR02_attempt_1.json,06_scoring/03_numeric_checks/mda_v2/MDA_6432_APOLLO_2022_numeric_checks.json,parsed,valid
MDA_6432_APOLLO_2022_AR03,MDA_6432_APOLLO_2022,mda,mda_disclosure_quality,mda_general_quality,initial,local_qwen3_8b,AR03,Operating analysis specificity,2,1,5,0.3,25.0,7.5,[MDA_P012],"[MDA_P012] The Group registered a turnover of RM188.27 million for the financial year ended 30 April 2022, a decrease of 1.11% as compared to RM190.39 million in previous financial year ended 30 April 2021. 73.88% of the turnover was contri",medium,Revenue and profit changes are mentioned but lack detailed analysis of operating drivers.,none,2026-06-20T09:40:54+00:00,2026-06-20T09:41:10+00:00,2026-06-15,qwen3:8b,ollama,0.0,42,4096,192,false,false,ollama_format_schema,mda_single_dimension_context_v2,2026-06-20T09:41:10+00:00,06_scoring/05_raw_model_outputs/mda_final_full/MDA_6432_APOLLO_2022_AR03_attempt_1.json,06_scoring/03_numeric_checks/mda_v2/MDA_6432_APOLLO_2022_numeric_checks.json,parsed,valid
MDA_6432_APOLLO_2022_AR04,MDA_6432_APOLLO_2022,mda,mda_disclosure_quality,mda_general_quality,initial,local_qwen3_8b,AR04,MD&A internal risk and forward-looking disclosure,4,1,5,0.2,75.0,15.0,[MDA_P014],[MDA_P014] The profit after taxation had decreased by 42.50% to RM9.97 million from RM17.34 million as recorded in the previous financial year. The decrease in profit after taxation during the financial year was mainly due to lower gross pr,medium,"Discusses profit decline and raw material cost impact, showing risk and forward-looking disclosure.",none,2026-06-20T09:40:54+00:00,2026-06-20T09:41:10+00:00,2026-06-15,qwen3:8b,ollama,0.0,42,4096,192,false,false,ollama_format_schema,mda_single_dimension_context_v2,2026-06-20T09:41:10+00:00,06_scoring/05_raw_model_outputs/mda_final_full/MDA_6432_APOLLO_2022_AR04_attempt_1.json,06_scoring/03_numeric_checks/mda_v2/MDA_6432_APOLLO_2022_numeric_checks.json,parsed,valid
MDA_6432_APOLLO_2022_AR05,MDA_6432_APOLLO_2022,mda,mda_disclosure_quality,mda_general_quality,initial,local_qwen3_8b,AR05,MD&A readability and structural clarity,2,1,5,0.1,25.0,2.5,[MDA_P001],[MDA_P001] MANAGEMENT DISCUSSION AND ANALYSIS,medium,"Section heading is missing, affecting structural clarity",none,2026-06-20T09:40:54+00:00,2026-06-20T09:41:10+00:00,2026-06-15,qwen3:8b,ollama,0.0,42,4096,192,false,false,ollama_format_schema,mda_single_dimension_context_v2,2026-06-20T09:41:10+00:00,06_scoring/05_raw_model_outputs/mda_final_full/MDA_6432_APOLLO_2022_AR05_attempt_1.json,06_scoring/03_numeric_checks/mda_v2/MDA_6432_APOLLO_2022_numeric_checks.json,parsed,valid
MDA_6432_APOLLO_2023_AR01,MDA_6432_APOLLO_2023,mda,mda_disclosure_quality,mda_general_quality,initial,local_qwen3_8b,AR01,MD&A content completeness,3,1,5,0.15,50.0,7.5,[MDA_P001],[MDA_P001] MANAGEMENT DISCUSSION AND ANALYSIS,medium,Discusses business operations but lacks detailed analysis on financial performance and risks.,none,2026-06-20T09:41:10+00:00,2026-06-20T09:41:27+00:00,2026-06-15,qwen3:8b,ollama,0.0,42,4096,192,false,false,ollama_format_schema,mda_single_dimension_context_v2,2026-06-20T09:41:27+00:00,06_scoring/05_raw_model_outputs/mda_final_full/MDA_6432_APOLLO_2023_AR01_attempt_1.json,06_scoring/03_numeric_checks/mda_v2/MDA_6432_APOLLO_2023_numeric_checks.json,parsed,valid
MDA_6432_APOLLO_2023_AR02,MDA_6432_APOLLO_2023,mda,mda_disclosure_quality,mda_general_quality,initial,local_qwen3_8b,AR02,MD&A internal numeric consistency and traceability,3,1,5,0.25,50.0,12.5,[MDA_P012],"[MDA_P012] The Group recorded revenue of RM257.11 million for the financial year ended 30 April 2023, an increase of 36.56% as compared to RM188.27 million in the previous financial year ended 30 April 2022. The reopening of Malaysia’s bord",medium,Python numeric_checker: Revenue growth and profit increase are not cross-referenced with financial metrics.,none,2026-06-20T09:41:10+00:00,2026-06-20T09:41:27+00:00,2026-06-15,qwen3:8b,ollama,0.0,42,4096,192,false,false,ollama_format_schema,mda_single_dimension_context_v2,2026-06-20T09:41:27+00:00,06_scoring/05_raw_model_outputs/mda_final_full/MDA_6432_APOLLO_2023_AR02_attempt_1.json,06_scoring/03_numeric_checks/mda_v2/MDA_6432_APOLLO_2023_numeric_checks.json,parsed,valid
MDA_6432_APOLLO_2023_AR03,MDA_6432_APOLLO_2023,mda,mda_disclosure_quality,mda_general_quality,initial,local_qwen3_8b,AR03,Operating analysis specificity,4,1,5,0.3,75.0,22.5,[MDA_P012],"[MDA_P012] The Group recorded revenue of RM257.11 million for the financial year ended 30 April 2023, an increase of 36.56% as compared to RM188.27 million in the previous financial year ended 30 April 2022. The reopening of Malaysia’s bord",medium,Revenue growth and contributing factors are discussed with specific percentages and reasons.,none,2026-06-20T09:41:10+00:00,2026-06-20T09:41:27+00:00,2026-06-15,qwen3:8b,ollama,0.0,42,4096,192,false,false,ollama_format_schema,mda_single_dimension_context_v2,2026-06-20T09:41:27+00:00,06_scoring/05_raw_model_outputs/mda_final_full/MDA_6432_APOLLO_2023_AR03_attempt_1.json,06_scoring/03_numeric_checks/mda_v2/MDA_6432_APOLLO_2023_numeric_checks.json,parsed,valid
MDA_6432_APOLLO_2023_AR04,MDA_6432_APOLLO_2023,mda,mda_disclosure_quality,mda_general_quality,initial,local_qwen3_8b,AR04,MD&A internal risk and forward-looking disclosure,4,1,5,0.2,75.0,15.0,[MDA_P025],[MDA_P025] Any fluctuation of raw materials’ prices will have a direct impact on the Group’s gross profit margin. The Group has taken measures to reduce the risk of price fluctuation by working closely with suppliers to get reasonable price,medium,Discusses raw material price fluctuations and mitigation strategies relevant to risk and forward-looking disclosure.,none,2026-06-20T09:41:10+00:00,2026-06-20T09:41:27+00:00,2026-06-15,qwen3:8b,ollama,0.0,42,4096,192,false,false,ollama_format_schema,mda_single_dimension_context_v2,2026-06-20T09:41:27+00:00,06_scoring/05_raw_model_outputs/mda_final_full/MDA_6432_APOLLO_2023_AR04_attempt_1.json,06_scoring/03_numeric_checks/mda_v2/MDA_6432_APOLLO_2023_numeric_checks.json,parsed,valid
MDA_6432_APOLLO_2023_AR05,MDA_6432_APOLLO_2023,mda,mda_disclosure_quality,mda_general_quality,initial,local_qwen3_8b,AR05,MD&A readability and structural clarity,2,1,5,0.1,25.0,2.5,[MDA_P001],[MDA_P001] MANAGEMENT DISCUSSION AND ANALYSIS,medium,Section heading is missing and content lacks clear structure.,none,2026-06-20T09:41:10+00:00,2026-06-20T09:41:27+00:00,2026-06-15,qwen3:8b,ollama,0.0,42,4096,192,false,false,ollama_format_schema,mda_single_dimension_context_v2,2026-06-20T09:41:27+00:00,06_scoring/05_raw_model_outputs/mda_final_full/MDA_6432_APOLLO_2023_AR05_attempt_1.json,06_scoring/03_numeric_checks/mda_v2/MDA_6432_APOLLO_2023_numeric_checks.json,parsed,valid
MDA_6432_APOLLO_2024_AR01,MDA_6432_APOLLO_2024,mda,mda_disclosure_quality,mda_general_quality,initial,local_qwen3_8b,AR01,MD&A content completeness,4,1,5,0.15,75.0,11.25,[MDA_P001],[MDA_P001] MANAGEMENT DISCUSSION AND ANALYSIS,medium,"Revenue and profit discussion present, but lacks detailed numerical analysis",none,2026-06-20T09:41:27+00:00,2026-06-20T09:41:46+00:00,2026-06-15,qwen3:8b,ollama,0.0,42,4096,192,false,false,ollama_format_schema,mda_single_dimension_context_v2,2026-06-20T09:41:46+00:00,06_scoring/05_raw_model_outputs/mda_final_full/MDA_6432_APOLLO_2024_AR01_attempt_1.json,06_scoring/03_numeric_checks/mda_v2/MDA_6432_APOLLO_2024_numeric_checks.json,parsed,valid
MDA_6432_APOLLO_2024_AR02,MDA_6432_APOLLO_2024,mda,mda_disclosure_quality,mda_general_quality,initial,local_qwen3_8b,AR02,MD&A internal numeric consistency and traceability,3,1,5,0.25,50.0,12.5,[MDA_P010],[MDA_P010] FINANCIAL PERFORMANCE,medium,Python numeric_checker: Revenue and profit figures are mentioned but no numeric checks or consistency are provided.,none,2026-06-20T09:41:27+00:00,2026-06-20T09:41:46+00:00,2026-06-15,qwen3:8b,ollama,0.0,42,4096,192,false,false,ollama_format_schema,mda_single_dimension_context_v2,2026-06-20T09:41:46+00:00,06_scoring/05_raw_model_outputs/mda_final_full/MDA_6432_APOLLO_2024_AR02_attempt_1.json,06_scoring/03_numeric_checks/mda_v2/MDA_6432_APOLLO_2024_numeric_checks.json,parsed,valid
MDA_6432_APOLLO_2024_AR03,MDA_6432_APOLLO_2024,mda,mda_disclosure_quality,mda_general_quality,initial,local_qwen3_8b,AR03,Operating analysis specificity,2,1,5,0.3,25.0,7.5,[MDA_P012],"[MDA_P012] The Group recorded revenue of RM255.27 million for the financial year ended 30 April 2024, a decrease of 0.67% as compared to RM257.00 million in the previous financial year ended 30 April 2023. A large proportion of revenue was",medium,Revenue decrease mentioned but no detailed analysis of operating drivers,none,2026-06-20T09:41:27+00:00,2026-06-20T09:41:46+00:00,2026-06-15,qwen3:8b,ollama,0.0,42,4096,192,false,false,ollama_format_schema,mda_single_dimension_context_v2,2026-06-20T09:41:46+00:00,06_scoring/05_raw_model_outputs/mda_final_full/MDA_6432_APOLLO_2024_AR03_attempt_1.json,06_scoring/03_numeric_checks/mda_v2/MDA_6432_APOLLO_2024_numeric_checks.json,parsed,valid
MDA_6432_APOLLO_2024_AR04,MDA_6432_APOLLO_2024,mda,mda_disclosure_quality,mda_general_quality,initial,local_qwen3_8b,AR04,MD&A internal risk and forward-looking disclosure,2,1,5,0.2,25.0,5.0,[MDA_P024],[MDA_P024] (i) Fluctuation of Raw Material Prices,medium,Discusses risk factors but lacks specific forward-looking disclosures or internal risk mitigation strategies.,none,2026-06-20T09:41:27+00:00,2026-06-20T09:41:46+00:00,2026-06-15,qwen3:8b,ollama,0.0,42,4096,192,false,false,ollama_format_schema,mda_single_dimension_context_v2,2026-06-20T09:41:46+00:00,06_scoring/05_raw_model_outputs/mda_final_full/MDA_6432_APOLLO_2024_AR04_attempt_1.json,06_scoring/03_numeric_checks/mda_v2/MDA_6432_APOLLO_2024_numeric_checks.json,parsed,valid
MDA_6432_APOLLO_2024_AR05,MDA_6432_APOLLO_2024,mda,mda_disclosure_quality,mda_general_quality,initial,local_qwen3_8b,AR05,MD&A readability and structural clarity,2,1,5,0.1,25.0,2.5,[MDA_P001],[MDA_P001] MANAGEMENT DISCUSSION AND ANALYSIS,medium,Paragraph lacks detailed analysis and clarity on financial performance.,none,2026-06-20T09:41:27+00:00,2026-06-20T09:41:46+00:00,2026-06-15,qwen3:8b,ollama,0.0,42,4096,192,false,false,ollama_format_schema,mda_single_dimension_context_v2,2026-06-20T09:41:46+00:00,06_scoring/05_raw_model_outputs/mda_final_full/MDA_6432_APOLLO_2024_AR05_attempt_1.json,06_scoring/03_numeric_checks/mda_v2/MDA_6432_APOLLO_2024_numeric_checks.json,parsed,valid
MDA_7035_CCK_2020_AR01,MDA_7035_CCK_2020,mda,mda_disclosure_quality,mda_general_quality,initial,local_qwen3_8b,AR01,MD&A content completeness,2,1,5,0.15,25.0,3.75,[MDA_P001],[MDA_P001] MANAGEMENT DISCUSSION & ANALYSIS (CONT’D),medium,Lacks discussion on margins and segment performance metrics.,none,2026-06-20T09:41:46+00:00,2026-06-20T09:42:10+00:00,2026-06-15,qwen3:8b,ollama,0.0,42,4096,192,false,false,ollama_format_schema,mda_single_dimension_context_v2,2026-06-20T09:42:10+00:00,06_scoring/05_raw_model_outputs/mda_final_full/MDA_7035_CCK_2020_AR01_attempt_1.json,06_scoring/03_numeric_checks/mda_v2/MDA_7035_CCK_2020_numeric_checks.json,parsed,valid
MDA_7035_CCK_2020_AR02,MDA_7035_CCK_2020,mda,mda_disclosure_quality,mda_general_quality,initial,local_qwen3_8b,AR02,MD&A internal numeric consistency and traceability,3,1,5,0.25,50.0,12.5,[MDA_P002],"[MDA_P002] CCK CONSOLIDATED HOLDINGS BERHAD FINANCIAL REVIEW (cont’d) OPERATIONS REVIEW - MALAYSIA Categorised as essential services, CCK’s farms (chicken and prawns), factories (chicken abattoirs and prawn processing) and retail stores wer",medium,"Python numeric_checker: The text mentions a 88.1% increase in deposits and 27.5% increase in cash and bank balances, but does not explain how these figures relate to revenue or provide context for the percentages.",none,2026-06-20T09:41:46+00:00,2026-06-20T09:42:10+00:00,2026-06-15,qwen3:8b,ollama,0.0,42,4096,192,false,false,ollama_format_schema,mda_single_dimension_context_v2,2026-06-20T09:42:10+00:00,06_scoring/05_raw_model_outputs/mda_final_full/MDA_7035_CCK_2020_AR02_attempt_1.json,06_scoring/03_numeric_checks/mda_v2/MDA_7035_CCK_2020_numeric_checks.json,parsed,valid
MDA_7035_CCK_2020_AR03,MDA_7035_CCK_2020,mda,mda_disclosure_quality,mda_general_quality,initial,local_qwen3_8b,AR03,Operating analysis specificity,2,1,5,0.3,25.0,7.5,[MDA_P003],"[MDA_P003] - 1 CCK Fresh Mart retail store in Sabah in Kota Marudu; 3 CCK Fresh Mart retail stores in Sarawak in Simunjan, Asajaya and Song; 1 CCKLocal supermarket in Kuching, Sarawak; and 1 CCKLocal supermarket in Kota Kinabalu, Sabah. The",medium,Lacks detailed operating analysis and specificity in financial performance discussion.,none,2026-06-20T09:41:46+00:00,2026-06-20T09:42:10+00:00,2026-06-15,qwen3:8b,ollama,0.0,42,4096,192,false,false,ollama_format_schema,mda_single_dimension_context_v2,2026-06-20T09:42:10+00:00,06_scoring/05_raw_model_outputs/mda_final_full/MDA_7035_CCK_2020_AR03_attempt_1.json,06_scoring/03_numeric_checks/mda_v2/MDA_7035_CCK_2020_numeric_checks.json,parsed,valid
MDA_7035_CCK_2020_AR04,MDA_7035_CCK_2020,mda,mda_disclosure_quality,mda_general_quality,initial,local_qwen3_8b,AR04,MD&A internal risk and forward-looking disclosure,4,1,5,0.2,75.0,15.0,[MDA_P004],"[MDA_P004] ANNUAL REPORT FINANCIAL & OPERATIONS REVIEW – INDONESIA Our operations in Indonesia were not affected by the pandemic as, unlike Malaysia, no nationwide lockdowns were declared by the Indonesian authorities in response to the pan",medium,Discusses risks and forward-looking statements with specific examples.,none,2026-06-20T09:41:46+00:00,2026-06-20T09:42:10+00:00,2026-06-15,qwen3:8b,ollama,0.0,42,4096,192,false,false,ollama_format_schema,mda_single_dimension_context_v2,2026-06-20T09:42:10+00:00,06_scoring/05_raw_model_outputs/mda_final_full/MDA_7035_CCK_2020_AR04_attempt_1.json,06_scoring/03_numeric_checks/mda_v2/MDA_7035_CCK_2020_numeric_checks.json,parsed,valid
MDA_7035_CCK_2020_AR05,MDA_7035_CCK_2020,mda,mda_disclosure_quality,mda_general_quality,initial,local_qwen3_8b,AR05,MD&A readability and structural clarity,2,1,5,0.1,25.0,2.5,[MDA_P001],[MDA_P001] MANAGEMENT DISCUSSION & ANALYSIS (CONT’D),medium,"Lacks clear structure and logical flow, with disjointed information and minimal analysis.",none,2026-06-20T09:41:46+00:00,2026-06-20T09:42:10+00:00,2026-06-15,qwen3:8b,ollama,0.0,42,4096,192,false,false,ollama_format_schema,mda_single_dimension_context_v2,2026-06-20T09:42:10+00:00,06_scoring/05_raw_model_outputs/mda_final_full/MDA_7035_CCK_2020_AR05_attempt_1.json,06_scoring/03_numeric_checks/mda_v2/MDA_7035_CCK_2020_numeric_checks.json,parsed,valid
MDA_7035_CCK_2021_AR01,MDA_7035_CCK_2021,mda,mda_disclosure_quality,mda_general_quality,initial,local_qwen3_8b,AR01,MD&A content completeness,4,1,5,0.15,75.0,11.25,[MDA_P001],"[MDA_P001] MANAGEMENT DISCUSSION & ANALYSIS (Cont’d) FINANCIAL REVIEW (CONT’D) Revenue for the financial year ended 31 December 2021 (“FY2021”) increased by 4.5% to RM685.5 million against the corresponding period last year (“FY2020”), a re",medium,"Discusses revenue growth, drivers, and segment performance.",none,2026-06-20T09:42:10+00:00,2026-06-20T09:42:35+00:00,2026-06-15,qwen3:8b,ollama,0.0,42,4096,192,false,false,ollama_format_schema,mda_single_dimension_context_v2,2026-06-20T09:42:35+00:00,06_scoring/05_raw_model_outputs/mda_final_full/MDA_7035_CCK_2021_AR01_attempt_1.json,06_scoring/03_numeric_checks/mda_v2/MDA_7035_CCK_2021_numeric_checks.json,parsed,valid
MDA_7035_CCK_2021_AR02,MDA_7035_CCK_2021,mda,mda_disclosure_quality,mda_general_quality,initial,local_qwen3_8b,AR02,MD&A internal numeric consistency and traceability,2,1,5,0.25,25.0,6.25,[MDA_P003],"[MDA_P003] The poultry segment was affected by overall lower volumes and declined to RM83.7 million in FY2021. Poultry sales via our own retail stores (intersegment sales) remained robust, tracking the performance of the retail segment. The",medium,"Python numeric_checker: Margin discrepancy not explained, calculated 99.95% vs stated 34.90%.",none,2026-06-20T09:42:10+00:00,2026-06-20T09:42:35+00:00,2026-06-15,qwen3:8b,ollama,0.0,42,4096,192,false,false,ollama_format_schema,mda_single_dimension_context_v2,2026-06-20T09:42:35+00:00,06_scoring/05_raw_model_outputs/mda_final_full/MDA_7035_CCK_2021_AR02_attempt_1.json,06_scoring/03_numeric_checks/mda_v2/MDA_7035_CCK_2021_numeric_checks.json,parsed,valid
MDA_7035_CCK_2021_AR03,MDA_7035_CCK_2021,mda,mda_disclosure_quality,mda_general_quality,initial,local_qwen3_8b,AR03,Operating analysis specificity,4,1,5,0.3,75.0,22.5,[MDA_P001],"[MDA_P001] MANAGEMENT DISCUSSION & ANALYSIS (Cont’d) FINANCIAL REVIEW (CONT’D) Revenue for the financial year ended 31 December 2021 (“FY2021”) increased by 4.5% to RM685.5 million against the corresponding period last year (“FY2020”), a re",medium,Revenue growth and segment analysis provided with specific figures and drivers.,none,2026-06-20T09:42:10+00:00,2026-06-20T09:42:35+00:00,2026-06-15,qwen3:8b,ollama,0.0,42,4096,192,false,false,ollama_format_schema,mda_single_dimension_context_v2,2026-06-20T09:42:35+00:00,06_scoring/05_raw_model_outputs/mda_final_full/MDA_7035_CCK_2021_AR03_attempt_1.json,06_scoring/03_numeric_checks/mda_v2/MDA_7035_CCK_2021_numeric_checks.json,parsed,valid
MDA_7035_CCK_2021_AR04,MDA_7035_CCK_2021,mda,mda_disclosure_quality,mda_general_quality,initial,local_qwen3_8b,AR04,MD&A internal risk and forward-looking disclosure,4,1,5,0.2,75.0,15.0,[MDA_P004],"[MDA_P004] The hike in feed prices resulting from the increase in prices of soy and corn had a direct negative impact on the poultry segment, which reported a loss of RM6.0 million in FY2021. Other operating expenses increased by 9.0% due t",medium,Discusses internal risks and forward-looking statements about feed prices and financial impacts.,none,2026-06-20T09:42:10+00:00,2026-06-20T09:42:35+00:00,2026-06-15,qwen3:8b,ollama,0.0,42,4096,192,false,false,ollama_format_schema,mda_single_dimension_context_v2,2026-06-20T09:42:35+00:00,06_scoring/05_raw_model_outputs/mda_final_full/MDA_7035_CCK_2021_AR04_attempt_1.json,06_scoring/03_numeric_checks/mda_v2/MDA_7035_CCK_2021_numeric_checks.json,parsed,valid
MDA_7035_CCK_2021_AR05,MDA_7035_CCK_2021,mda,mda_disclosure_quality,mda_general_quality,initial,local_qwen3_8b,AR05,MD&A readability and structural clarity,2,1,5,0.1,25.0,2.5,[MDA_P001],"[MDA_P001] MANAGEMENT DISCUSSION & ANALYSIS (Cont’d) FINANCIAL REVIEW (CONT’D) Revenue for the financial year ended 31 December 2021 (“FY2021”) increased by 4.5% to RM685.5 million against the corresponding period last year (“FY2020”), a re",medium,Revenue increase is mentioned but lacks contextual explanation and clarity.,none,2026-06-20T09:42:10+00:00,2026-06-20T09:42:35+00:00,2026-06-15,qwen3:8b,ollama,0.0,42,4096,192,false,false,ollama_format_schema,mda_single_dimension_context_v2,2026-06-20T09:42:35+00:00,06_scoring/05_raw_model_outputs/mda_final_full/MDA_7035_CCK_2021_AR05_attempt_1.json,06_scoring/03_numeric_checks/mda_v2/MDA_7035_CCK_2021_numeric_checks.json,parsed,valid
MDA_7035_CCK_2022_AR01,MDA_7035_CCK_2022,mda,mda_disclosure_quality,mda_general_quality,initial,local_qwen3_8b,AR01,MD&A content completeness,5,1,5,0.15,100.0,15.0,[MDA_P001],[MDA_P001] MANAGEMENT DISCUSSION & ANALYSIS Revenue RM885.7 million Profit After Tax RM63.1 million Profit Before Tax RM81.4 million Total Assets RM505.3 million Total Liabilities RM143.1 million Earnings Per Share 10.12 sen Current Ratio 2,medium,Comprehensive financial metrics and key performance indicators are clearly presented.,none,2026-06-20T09:42:35+00:00,2026-06-20T09:43:00+00:00,2026-06-15,qwen3:8b,ollama,0.0,42,4096,192,false,false,ollama_format_schema,mda_single_dimension_context_v2,2026-06-20T09:43:00+00:00,06_scoring/05_raw_model_outputs/mda_final_full/MDA_7035_CCK_2022_AR01_attempt_1.json,06_scoring/03_numeric_checks/mda_v2/MDA_7035_CCK_2022_numeric_checks.json,parsed,valid
MDA_7035_CCK_2022_AR02,MDA_7035_CCK_2022,mda,mda_disclosure_quality,mda_general_quality,initial,local_qwen3_8b,AR02,MD&A internal numeric consistency and traceability,3,1,5,0.25,50.0,12.5,[MDA_P001],[MDA_P001] MANAGEMENT DISCUSSION & ANALYSIS Revenue RM885.7 million Profit After Tax RM63.1 million Profit Before Tax RM81.4 million Total Assets RM505.3 million Total Liabilities RM143.1 million Earnings Per Share 10.12 sen Current Ratio 2,medium,"Python numeric_checker: numeric_check_summary indicates moderate consistency, with no discrepancies or conflicts noted.",none,2026-06-20T09:42:35+00:00,2026-06-20T09:43:00+00:00,2026-06-15,qwen3:8b,ollama,0.0,42,4096,192,false,false,ollama_format_schema,mda_single_dimension_context_v2,2026-06-20T09:43:00+00:00,06_scoring/05_raw_model_outputs/mda_final_full/MDA_7035_CCK_2022_AR02_attempt_1.json,06_scoring/03_numeric_checks/mda_v2/MDA_7035_CCK_2022_numeric_checks.json,parsed,valid
MDA_7035_CCK_2022_AR03,MDA_7035_CCK_2022,mda,mda_disclosure_quality,mda_general_quality,initial,local_qwen3_8b,AR03,Operating analysis specificity,5,1,5,0.3,100.0,30.0,[MDA_P001],[MDA_P001] MANAGEMENT DISCUSSION & ANALYSIS Revenue RM885.7 million Profit After Tax RM63.1 million Profit Before Tax RM81.4 million Total Assets RM505.3 million Total Liabilities RM143.1 million Earnings Per Share 10.12 sen Current Ratio 2,medium,"Provides clear financial metrics with specific figures for revenue, profit, and ratios.",none,2026-06-20T09:42:35+00:00,2026-06-20T09:43:00+00:00,2026-06-15,qwen3:8b,ollama,0.0,42,4096,192,false,false,ollama_format_schema,mda_single_dimension_context_v2,2026-06-20T09:43:00+00:00,06_scoring/05_raw_model_outputs/mda_final_full/MDA_7035_CCK_2022_AR03_attempt_1.json,06_scoring/03_numeric_checks/mda_v2/MDA_7035_CCK_2022_numeric_checks.json,parsed,valid
MDA_7035_CCK_2022_AR04,MDA_7035_CCK_2022,mda,mda_disclosure_quality,mda_general_quality,initial,local_qwen3_8b,AR04,MD&A internal risk and forward-looking disclosure,4,1,5,0.2,75.0,15.0,[MDA_P017],[MDA_P017] ANNUAL REPORT 9 MANAGEMENT DISCUSSION & ANALYSIS (Cont’d) ANTICIPATED OR KNOWN RISKS a. Credit Risk,medium,"Discusses credit, foreign currency, liquidity, competition, and biosecurity risks with clear examples.",none,2026-06-20T09:42:35+00:00,2026-06-20T09:43:00+00:00,2026-06-15,qwen3:8b,ollama,0.0,42,4096,192,false,false,ollama_format_schema,mda_single_dimension_context_v2,2026-06-20T09:43:00+00:00,06_scoring/05_raw_model_outputs/mda_final_full/MDA_7035_CCK_2022_AR04_attempt_1.json,06_scoring/03_numeric_checks/mda_v2/MDA_7035_CCK_2022_numeric_checks.json,parsed,valid
MDA_7035_CCK_2022_AR05,MDA_7035_CCK_2022,mda,mda_disclosure_quality,mda_general_quality,initial,local_qwen3_8b,AR05,MD&A readability and structural clarity,5,1,5,0.1,100.0,10.0,[MDA_P001],[MDA_P001] MANAGEMENT DISCUSSION & ANALYSIS Revenue RM885.7 million Profit After Tax RM63.1 million Profit Before Tax RM81.4 million Total Assets RM505.3 million Total Liabilities RM143.1 million Earnings Per Share 10.12 sen Current Ratio 2,medium,Clear presentation of key financial metrics with no ambiguity,none,2026-06-20T09:42:35+00:00,2026-06-20T09:43:00+00:00,2026-06-15,qwen3:8b,ollama,0.0,42,4096,192,false,false,ollama_format_schema,mda_single_dimension_context_v2,2026-06-20T09:43:00+00:00,06_scoring/05_raw_model_outputs/mda_final_full/MDA_7035_CCK_2022_AR05_attempt_1.json,06_scoring/03_numeric_checks/mda_v2/MDA_7035_CCK_2022_numeric_checks.json,parsed,valid
MDA_7035_CCK_2023_AR01,MDA_7035_CCK_2023,mda,mda_disclosure_quality,mda_general_quality,initial,local_qwen3_8b,AR01,MD&A content completeness,2,1,5,0.15,25.0,3.75,[MDA_P001],[MDA_P001] MANAGEMENT DISCUSSION & ANALYSIS Profit Before Tax RM107.44 million Total Liabilities RM144.69 million Revenue RM980.75 million Total Assets RM576.25 million Profit After Tax RM83.36 million Current Ratio 2.68 times Earnings Per,medium,Lacks discussion on key financial metrics and business drivers.,none,2026-06-20T09:43:00+00:00,2026-06-20T09:43:25+00:00,2026-06-15,qwen3:8b,ollama,0.0,42,4096,192,false,false,ollama_format_schema,mda_single_dimension_context_v2,2026-06-20T09:43:25+00:00,06_scoring/05_raw_model_outputs/mda_final_full/MDA_7035_CCK_2023_AR01_attempt_1.json,06_scoring/03_numeric_checks/mda_v2/MDA_7035_CCK_2023_numeric_checks.json,parsed,valid
MDA_7035_CCK_2023_AR02,MDA_7035_CCK_2023,mda,mda_disclosure_quality,mda_general_quality,initial,local_qwen3_8b,AR02,MD&A internal numeric consistency and traceability,2,1,5,0.25,25.0,6.25,[MDA_P009],"[MDA_P009] The poultry segment reported a total segment revenue of RM336.6 million for FY2023, a 2.7% improvement from the same period last year. This was driven by improved demand for poultry products to institutional clients and consumer",medium,"Python numeric_checker: Margin discrepancy not explained, lacks logical consistency with profit/revenue figures",none,2026-06-20T09:43:00+00:00,2026-06-20T09:43:25+00:00,2026-06-15,qwen3:8b,ollama,0.0,42,4096,192,false,false,ollama_format_schema,mda_single_dimension_context_v2,2026-06-20T09:43:25+00:00,06_scoring/05_raw_model_outputs/mda_final_full/MDA_7035_CCK_2023_AR02_attempt_1.json,06_scoring/03_numeric_checks/mda_v2/MDA_7035_CCK_2023_numeric_checks.json,parsed,valid
MDA_7035_CCK_2023_AR03,MDA_7035_CCK_2023,mda,mda_disclosure_quality,mda_general_quality,initial,local_qwen3_8b,AR03,Operating analysis specificity,2,1,5,0.3,25.0,7.5,[MDA_P001],[MDA_P001] MANAGEMENT DISCUSSION & ANALYSIS Profit Before Tax RM107.44 million Total Liabilities RM144.69 million Revenue RM980.75 million Total Assets RM576.25 million Profit After Tax RM83.36 million Current Ratio 2.68 times Earnings Per,medium,"Lacks analysis of operating performance, only presents financial figures without context",none,2026-06-20T09:43:00+00:00,2026-06-20T09:43:25+00:00,2026-06-15,qwen3:8b,ollama,0.0,42,4096,192,false,false,ollama_format_schema,mda_single_dimension_context_v2,2026-06-20T09:43:25+00:00,06_scoring/05_raw_model_outputs/mda_final_full/MDA_7035_CCK_2023_AR03_attempt_1.json,06_scoring/03_numeric_checks/mda_v2/MDA_7035_CCK_2023_numeric_checks.json,parsed,valid
MDA_7035_CCK_2023_AR04,MDA_7035_CCK_2023,mda,mda_disclosure_quality,mda_general_quality,initial,local_qwen3_8b,AR04,MD&A internal risk and forward-looking disclosure,4,1,5,0.2,75.0,15.0,[MDA_P015],"[MDA_P015] This additional production capacity supported the higher sales volumes of our own in-house brands of sausages, nuggets and other processed products. Sausages continue to be the CCK’s best seller in Indonesia whilst the sales of n",medium,"Discusses production capacity, sales volumes, and product performance.",none,2026-06-20T09:43:00+00:00,2026-06-20T09:43:25+00:00,2026-06-15,qwen3:8b,ollama,0.0,42,4096,192,false,false,ollama_format_schema,mda_single_dimension_context_v2,2026-06-20T09:43:25+00:00,06_scoring/05_raw_model_outputs/mda_final_full/MDA_7035_CCK_2023_AR04_attempt_1.json,06_scoring/03_numeric_checks/mda_v2/MDA_7035_CCK_2023_numeric_checks.json,parsed,valid
MDA_7035_CCK_2023_AR05,MDA_7035_CCK_2023,mda,mda_disclosure_quality,mda_general_quality,initial,local_qwen3_8b,AR05,MD&A readability and structural clarity,2,1,5,0.1,25.0,2.5,[MDA_P001],[MDA_P001] MANAGEMENT DISCUSSION & ANALYSIS Profit Before Tax RM107.44 million Total Liabilities RM144.69 million Revenue RM980.75 million Total Assets RM576.25 million Profit After Tax RM83.36 million Current Ratio 2.68 times Earnings Per,medium,Data presentation lacks contextual explanation and clarity,none,2026-06-20T09:43:00+00:00,2026-06-20T09:43:25+00:00,2026-06-15,qwen3:8b,ollama,0.0,42,4096,192,false,false,ollama_format_schema,mda_single_dimension_context_v2,2026-06-20T09:43:25+00:00,06_scoring/05_raw_model_outputs/mda_final_full/MDA_7035_CCK_2023_AR05_attempt_1.json,06_scoring/03_numeric_checks/mda_v2/MDA_7035_CCK_2023_numeric_checks.json,parsed,valid
MDA_7035_CCK_2024_AR01,MDA_7035_CCK_2024,mda,mda_disclosure_quality,mda_general_quality,initial,local_qwen3_8b,AR01,MD&A content completeness,4,1,5,0.15,75.0,11.25,[MDA_P001],"[MDA_P001] MANAGEMENT DISCUSSION AND ANALYSIS Profit Before Tax RM 112.03 million Current Ratio 3.91 times Earnings Per Share 11.51 sen Revenue RM 1,057.65 million Profit After Tax RM 71.58 million Total Assets RM 767.96 million Total Liabi",medium,Provides key financial metrics but lacks contextual analysis,none,2026-06-20T09:43:25+00:00,2026-06-20T09:43:51+00:00,2026-06-15,qwen3:8b,ollama,0.0,42,4096,192,false,false,ollama_format_schema,mda_single_dimension_context_v2,2026-06-20T09:43:51+00:00,06_scoring/05_raw_model_outputs/mda_final_full/MDA_7035_CCK_2024_AR01_attempt_1.json,06_scoring/03_numeric_checks/mda_v2/MDA_7035_CCK_2024_numeric_checks.json,parsed,valid
MDA_7035_CCK_2024_AR02,MDA_7035_CCK_2024,mda,mda_disclosure_quality,mda_general_quality,initial,local_qwen3_8b,AR02,MD&A internal numeric consistency and traceability,2,1,5,0.25,25.0,6.25,[MDA_P003],[MDA_P003] CCK CONSOLIDATED HOLDINGS BERHAD 6 | The Management Discussion and Analysis (“MD&A”) is intended to provide the stakeholder with operational and financial highlights of CCK Consolidated Holdings Berhad (“CCK” or “the Group”) for,medium,Python numeric_checker: numeric checks missing for segment revenue components sum vs stated total,none,2026-06-20T09:43:25+00:00,2026-06-20T09:43:51+00:00,2026-06-15,qwen3:8b,ollama,0.0,42,4096,192,false,false,ollama_format_schema,mda_single_dimension_context_v2,2026-06-20T09:43:51+00:00,06_scoring/05_raw_model_outputs/mda_final_full/MDA_7035_CCK_2024_AR02_attempt_1.json,06_scoring/03_numeric_checks/mda_v2/MDA_7035_CCK_2024_numeric_checks.json,parsed,valid
MDA_7035_CCK_2024_AR03,MDA_7035_CCK_2024,mda,mda_disclosure_quality,mda_general_quality,initial,local_qwen3_8b,AR03,Operating analysis specificity,2,1,5,0.3,25.0,7.5,[MDA_P001],"[MDA_P001] MANAGEMENT DISCUSSION AND ANALYSIS Profit Before Tax RM 112.03 million Current Ratio 3.91 times Earnings Per Share 11.51 sen Revenue RM 1,057.65 million Profit After Tax RM 71.58 million Total Assets RM 767.96 million Total Liabi",medium,Lacks detailed operating analysis beyond basic financial metrics,none,2026-06-20T09:43:25+00:00,2026-06-20T09:43:51+00:00,2026-06-15,qwen3:8b,ollama,0.0,42,4096,192,false,false,ollama_format_schema,mda_single_dimension_context_v2,2026-06-20T09:43:51+00:00,06_scoring/05_raw_model_outputs/mda_final_full/MDA_7035_CCK_2024_AR03_attempt_1.json,06_scoring/03_numeric_checks/mda_v2/MDA_7035_CCK_2024_numeric_checks.json,parsed,valid
MDA_7035_CCK_2024_AR04,MDA_7035_CCK_2024,mda,mda_disclosure_quality,mda_general_quality,initial,local_qwen3_8b,AR04,MD&A internal risk and forward-looking disclosure,2,1,5,0.2,25.0,5.0,[MDA_P013],"[MDA_P013] This additional production capacity supported the higher sales volumes of our own in-house brands of sausages, nuggets and other processed products. Sausages continue to be the CCK’s best seller in Indonesia whilst the sales of n",medium,Discusses production capacity and sales but lacks forward-looking statements or risk disclosures.,none,2026-06-20T09:43:25+00:00,2026-06-20T09:43:51+00:00,2026-06-15,qwen3:8b,ollama,0.0,42,4096,192,false,false,ollama_format_schema,mda_single_dimension_context_v2,2026-06-20T09:43:51+00:00,06_scoring/05_raw_model_outputs/mda_final_full/MDA_7035_CCK_2024_AR04_attempt_1.json,06_scoring/03_numeric_checks/mda_v2/MDA_7035_CCK_2024_numeric_checks.json,parsed,valid
MDA_7035_CCK_2024_AR05,MDA_7035_CCK_2024,mda,mda_disclosure_quality,mda_general_quality,initial,local_qwen3_8b,AR05,MD&A readability and structural clarity,2,1,5,0.1,25.0,2.5,[MDA_P001],"[MDA_P001] MANAGEMENT DISCUSSION AND ANALYSIS Profit Before Tax RM 112.03 million Current Ratio 3.91 times Earnings Per Share 11.51 sen Revenue RM 1,057.65 million Profit After Tax RM 71.58 million Total Assets RM 767.96 million Total Liabi",medium,Lack of narrative flow and excessive use of bullet points reduces readability.,none,2026-06-20T09:43:25+00:00,2026-06-20T09:43:51+00:00,2026-06-15,qwen3:8b,ollama,0.0,42,4096,192,false,false,ollama_format_schema,mda_single_dimension_context_v2,2026-06-20T09:43:51+00:00,06_scoring/05_raw_model_outputs/mda_final_full/MDA_7035_CCK_2024_AR05_attempt_1.json,06_scoring/03_numeric_checks/mda_v2/MDA_7035_CCK_2024_numeric_checks.json,parsed,valid
MDA_7103_SPRITZER_2020_AR01,MDA_7103_SPRITZER_2020,mda,mda_disclosure_quality,mda_general_quality,initial,local_qwen3_8b,AR01,MD&A content completeness,2,1,5,0.15,25.0,3.75,[MDA_P001],[MDA_P001] Management Discussion and Analysis,medium,Discussion lacks specific financial metrics or performance indicators relevant to AR01.,none,2026-06-20T09:43:51+00:00,2026-06-20T09:44:08+00:00,2026-06-15,qwen3:8b,ollama,0.0,42,4096,192,false,false,ollama_format_schema,mda_single_dimension_context_v2,2026-06-20T09:44:08+00:00,06_scoring/05_raw_model_outputs/mda_final_full/MDA_7103_SPRITZER_2020_AR01_attempt_1.json,06_scoring/03_numeric_checks/mda_v2/MDA_7103_SPRITZER_2020_numeric_checks.json,parsed,valid
MDA_7103_SPRITZER_2020_AR02,MDA_7103_SPRITZER_2020,mda,mda_disclosure_quality,mda_general_quality,initial,local_qwen3_8b,AR02,MD&A internal numeric consistency and traceability,3,1,5,0.25,50.0,12.5,[MDA_P002],"[MDA_P002] For Financial Year Ended December 31, 2020",medium,Python numeric_checker: numeric_check_summary indicates not enough numbers for consistency checks,none,2026-06-20T09:43:51+00:00,2026-06-20T09:44:08+00:00,2026-06-15,qwen3:8b,ollama,0.0,42,4096,192,false,false,ollama_format_schema,mda_single_dimension_context_v2,2026-06-20T09:44:08+00:00,06_scoring/05_raw_model_outputs/mda_final_full/MDA_7103_SPRITZER_2020_AR02_attempt_1.json,06_scoring/03_numeric_checks/mda_v2/MDA_7103_SPRITZER_2020_numeric_checks.json,parsed,valid
MDA_7103_SPRITZER_2020_AR03,MDA_7103_SPRITZER_2020,mda,mda_disclosure_quality,mda_general_quality,initial,local_qwen3_8b,AR03,Operating analysis specificity,2,1,5,0.3,25.0,7.5,[MDA_P003],[MDA_P003] ECONOMIC OVERVIEW Malaysia’s full year gross domestic product (“GDP”) declined by 5.6% year-over-year in 2020 amidst the pandemic-induced adverse global and domestic economic environment. The unprecedented and severe health crisi,medium,Lacks specific operating analysis details,none,2026-06-20T09:43:51+00:00,2026-06-20T09:44:08+00:00,2026-06-15,qwen3:8b,ollama,0.0,42,4096,192,false,false,ollama_format_schema,mda_single_dimension_context_v2,2026-06-20T09:44:08+00:00,06_scoring/05_raw_model_outputs/mda_final_full/MDA_7103_SPRITZER_2020_AR03_attempt_1.json,06_scoring/03_numeric_checks/mda_v2/MDA_7103_SPRITZER_2020_numeric_checks.json,parsed,valid
MDA_7103_SPRITZER_2020_AR04,MDA_7103_SPRITZER_2020,mda,mda_disclosure_quality,mda_general_quality,initial,local_qwen3_8b,AR04,MD&A internal risk and forward-looking disclosure,2,1,5,0.2,25.0,5.0,[MDA_P005],[MDA_P005] respective market segments in the Malaysian bottled water industry. Our Group has three bottled water plants and one plastic packaging manufacturing plant in Malaysia. Our main mineral water plant is located on a 330-acre site in,medium,Limited discussion on internal risks and forward-looking disclosures.,none,2026-06-20T09:43:51+00:00,2026-06-20T09:44:08+00:00,2026-06-15,qwen3:8b,ollama,0.0,42,4096,192,false,false,ollama_format_schema,mda_single_dimension_context_v2,2026-06-20T09:44:08+00:00,06_scoring/05_raw_model_outputs/mda_final_full/MDA_7103_SPRITZER_2020_AR04_attempt_1.json,06_scoring/03_numeric_checks/mda_v2/MDA_7103_SPRITZER_2020_numeric_checks.json,parsed,valid
MDA_7103_SPRITZER_2020_AR05,MDA_7103_SPRITZER_2020,mda,mda_disclosure_quality,mda_general_quality,initial,local_qwen3_8b,AR05,MD&A readability and structural clarity,2,1,5,0.1,25.0,2.5,[MDA_P001],[MDA_P001] Management Discussion and Analysis,medium,Discussion lacks clear structure and fails to provide concise insights on key financial or operational aspects.,none,2026-06-20T09:43:51+00:00,2026-06-20T09:44:08+00:00,2026-06-15,qwen3:8b,ollama,0.0,42,4096,192,false,false,ollama_format_schema,mda_single_dimension_context_v2,2026-06-20T09:44:08+00:00,06_scoring/05_raw_model_outputs/mda_final_full/MDA_7103_SPRITZER_2020_AR05_attempt_1.json,06_scoring/03_numeric_checks/mda_v2/MDA_7103_SPRITZER_2020_numeric_checks.json,parsed,valid
MDA_7103_SPRITZER_2021_AR01,MDA_7103_SPRITZER_2021,mda,mda_disclosure_quality,mda_general_quality,initial,local_qwen3_8b,AR01,MD&A content completeness,2,1,5,0.15,25.0,3.75,[MDA_P001],[MDA_P001] MANAGEMENT DISCUSSION AND ANALYSIS,medium,Lacks detailed financial discussion and quantitative analysis required for completeness,none,2026-06-20T09:44:08+00:00,2026-06-20T09:44:25+00:00,2026-06-15,qwen3:8b,ollama,0.0,42,4096,192,false,false,ollama_format_schema,mda_single_dimension_context_v2,2026-06-20T09:44:25+00:00,06_scoring/05_raw_model_outputs/mda_final_full/MDA_7103_SPRITZER_2021_AR01_attempt_1.json,06_scoring/03_numeric_checks/mda_v2/MDA_7103_SPRITZER_2021_numeric_checks.json,parsed,valid
MDA_7103_SPRITZER_2021_AR02,MDA_7103_SPRITZER_2021,mda,mda_disclosure_quality,mda_general_quality,initial,local_qwen3_8b,AR02,MD&A internal numeric consistency and traceability,3,1,5,0.25,50.0,12.5,[MDA_P003],"[MDA_P003] ECONOMIC OVERVIEW The ongoing COVID-19 pandemic continued to impact the global and domestic economic activities in 2021. The world was slowly adjusting to the new normal and vaccinations became available, the global economy gradu",medium,"Python numeric_checker: Numeric check summary indicates not enough numbers for consistency, but revenue discussion is present.",none,2026-06-20T09:44:08+00:00,2026-06-20T09:44:25+00:00,2026-06-15,qwen3:8b,ollama,0.0,42,4096,192,false,false,ollama_format_schema,mda_single_dimension_context_v2,2026-06-20T09:44:25+00:00,06_scoring/05_raw_model_outputs/mda_final_full/MDA_7103_SPRITZER_2021_AR02_attempt_1.json,06_scoring/03_numeric_checks/mda_v2/MDA_7103_SPRITZER_2021_numeric_checks.json,parsed,valid
MDA_7103_SPRITZER_2021_AR03,MDA_7103_SPRITZER_2021,mda,mda_disclosure_quality,mda_general_quality,initial,local_qwen3_8b,AR03,Operating analysis specificity,2,1,5,0.3,25.0,7.5,[MDA_P003],"[MDA_P003] ECONOMIC OVERVIEW The ongoing COVID-19 pandemic continued to impact the global and domestic economic activities in 2021. The world was slowly adjusting to the new normal and vaccinations became available, the global economy gradu",medium,Lacks specific operating analysis details,none,2026-06-20T09:44:08+00:00,2026-06-20T09:44:25+00:00,2026-06-15,qwen3:8b,ollama,0.0,42,4096,192,false,false,ollama_format_schema,mda_single_dimension_context_v2,2026-06-20T09:44:25+00:00,06_scoring/05_raw_model_outputs/mda_final_full/MDA_7103_SPRITZER_2021_AR03_attempt_1.json,06_scoring/03_numeric_checks/mda_v2/MDA_7103_SPRITZER_2021_numeric_checks.json,parsed,valid
MDA_7103_SPRITZER_2021_AR04,MDA_7103_SPRITZER_2021,mda,mda_disclosure_quality,mda_general_quality,initial,local_qwen3_8b,AR04,MD&A internal risk and forward-looking disclosure,2,1,5,0.2,25.0,5.0,[MDA_P006],"[MDA_P006] Tinge, Cactus, Cactus Sparkling, Desa and Summer which are also the leading brands in their respective market segments in the Malaysian bottled water industry. Our Group has three bottled water plants and one plastic packaging ma",medium,Lacks forward-looking statements or risk disclosures required for AR04,none,2026-06-20T09:44:08+00:00,2026-06-20T09:44:25+00:00,2026-06-15,qwen3:8b,ollama,0.0,42,4096,192,false,false,ollama_format_schema,mda_single_dimension_context_v2,2026-06-20T09:44:25+00:00,06_scoring/05_raw_model_outputs/mda_final_full/MDA_7103_SPRITZER_2021_AR04_attempt_1.json,06_scoring/03_numeric_checks/mda_v2/MDA_7103_SPRITZER_2021_numeric_checks.json,parsed,valid
MDA_7103_SPRITZER_2021_AR05,MDA_7103_SPRITZER_2021,mda,mda_disclosure_quality,mda_general_quality,initial,local_qwen3_8b,AR05,MD&A readability and structural clarity,2,1,5,0.1,25.0,2.5,[MDA_P001],[MDA_P001] MANAGEMENT DISCUSSION AND ANALYSIS,medium,Lacks clear structure and contextual flow in discussing financial performance and risks.,none,2026-06-20T09:44:08+00:00,2026-06-20T09:44:25+00:00,2026-06-15,qwen3:8b,ollama,0.0,42,4096,192,false,false,ollama_format_schema,mda_single_dimension_context_v2,2026-06-20T09:44:25+00:00,06_scoring/05_raw_model_outputs/mda_final_full/MDA_7103_SPRITZER_2021_AR05_attempt_1.json,06_scoring/03_numeric_checks/mda_v2/MDA_7103_SPRITZER_2021_numeric_checks.json,parsed,valid
MDA_7103_SPRITZER_2022_AR01,MDA_7103_SPRITZER_2022,mda,mda_disclosure_quality,mda_general_quality,initial,local_qwen3_8b,AR01,MD&A content completeness,4,1,5,0.15,75.0,11.25,[MDA_P001],"[MDA_P001] Management Discussion and Analysis For Financial Year Ended December 31, 2022",medium,"Discusses revenue, profit, margins, and earnings per share with quantitative details.",none,2026-06-20T09:44:25+00:00,2026-06-20T09:44:51+00:00,2026-06-15,qwen3:8b,ollama,0.0,42,4096,192,false,false,ollama_format_schema,mda_single_dimension_context_v2,2026-06-20T09:44:51+00:00,06_scoring/05_raw_model_outputs/mda_final_full/MDA_7103_SPRITZER_2022_AR01_attempt_1.json,06_scoring/03_numeric_checks/mda_v2/MDA_7103_SPRITZER_2022_numeric_checks.json,parsed,valid
MDA_7103_SPRITZER_2022_AR02,MDA_7103_SPRITZER_2022,mda,mda_disclosure_quality,mda_general_quality,initial,local_qwen3_8b,AR02,MD&A internal numeric consistency and traceability,3,1,5,0.25,50.0,12.5,[MDA_P001],"[MDA_P001] Management Discussion and Analysis For Financial Year Ended December 31, 2022",medium,Python numeric_checker: numeric_check_summary indicates moderate consistency with no material discrepancies,none,2026-06-20T09:44:25+00:00,2026-06-20T09:44:51+00:00,2026-06-15,qwen3:8b,ollama,0.0,42,4096,192,false,false,ollama_format_schema,mda_single_dimension_context_v2,2026-06-20T09:44:51+00:00,06_scoring/05_raw_model_outputs/mda_final_full/MDA_7103_SPRITZER_2022_AR02_attempt_1.json,06_scoring/03_numeric_checks/mda_v2/MDA_7103_SPRITZER_2022_numeric_checks.json,parsed,valid
MDA_7103_SPRITZER_2022_AR03,MDA_7103_SPRITZER_2022,mda,mda_disclosure_quality,mda_general_quality,initial,local_qwen3_8b,AR03,Operating analysis specificity,4,1,5,0.3,75.0,22.5,[MDA_P002],"[MDA_P002] Annual Report 2022 Spritzer Bhd 199301010611 (265348-V) FINANCIAL REVIEW Financial Highlights Financial year ended Change 31.12.2022 31.12.2021 Amount % Revenue (RM’000) 433,300 331,026 102,274 Profit before taxation (RM’000) 45,",medium,"Discusses revenue growth, profit changes, and margin improvements with specific figures.",none,2026-06-20T09:44:25+00:00,2026-06-20T09:44:51+00:00,2026-06-15,qwen3:8b,ollama,0.0,42,4096,192,false,false,ollama_format_schema,mda_single_dimension_context_v2,2026-06-20T09:44:51+00:00,06_scoring/05_raw_model_outputs/mda_final_full/MDA_7103_SPRITZER_2022_AR03_attempt_1.json,06_scoring/03_numeric_checks/mda_v2/MDA_7103_SPRITZER_2022_numeric_checks.json,parsed,valid
MDA_7103_SPRITZER_2022_AR04,MDA_7103_SPRITZER_2022,mda,mda_disclosure_quality,mda_general_quality,initial,local_qwen3_8b,AR04,MD&A internal risk and forward-looking disclosure,5,1,5,0.2,100.0,20.0,[MDA_P009],"[MDA_P009] Annual Report 2022 Spritzer Bhd 199301010611 (265348-V) RISKS The Group is sensitive to various risks such as pandemic risk, macroeconomic risk, regulatory risk, reputation risk, business and operations risk and financial risk. T",medium,Comprehensive risk disclosure with specific examples and mitigation strategies.,none,2026-06-20T09:44:25+00:00,2026-06-20T09:44:51+00:00,2026-06-15,qwen3:8b,ollama,0.0,42,4096,192,false,false,ollama_format_schema,mda_single_dimension_context_v2,2026-06-20T09:44:51+00:00,06_scoring/05_raw_model_outputs/mda_final_full/MDA_7103_SPRITZER_2022_AR04_attempt_1.json,06_scoring/03_numeric_checks/mda_v2/MDA_7103_SPRITZER_2022_numeric_checks.json,parsed,valid
MDA_7103_SPRITZER_2022_AR05,MDA_7103_SPRITZER_2022,mda,mda_disclosure_quality,mda_general_quality,initial,local_qwen3_8b,AR05,MD&A readability and structural clarity,4,1,5,0.1,75.0,7.5,[MDA_P001],"[MDA_P001] Management Discussion and Analysis For Financial Year Ended December 31, 2022",medium,Clear explanation of dividend policy and payout ratio with relevant financial context.,none,2026-06-20T09:44:25+00:00,2026-06-20T09:44:51+00:00,2026-06-15,qwen3:8b,ollama,0.0,42,4096,192,false,false,ollama_format_schema,mda_single_dimension_context_v2,2026-06-20T09:44:51+00:00,06_scoring/05_raw_model_outputs/mda_final_full/MDA_7103_SPRITZER_2022_AR05_attempt_1.json,06_scoring/03_numeric_checks/mda_v2/MDA_7103_SPRITZER_2022_numeric_checks.json,parsed,valid
MDA_7103_SPRITZER_2023_AR01,MDA_7103_SPRITZER_2023,mda,mda_disclosure_quality,mda_general_quality,initial,local_qwen3_8b,AR01,MD&A content completeness,5,1,5,0.15,100.0,15.0,[MDA_P001],"[MDA_P001] MANAGEMENT DISCUSSION AND ANALYSIS ECONOMIC OVERVIEW The Malaysian economy grew moderately by 3.7% in 2023, following a robust expansion of 8.7% recorded in the previous year. The slower growth in 2023 is attributed to the weakne",medium,"Comprehensive discussion of economic factors, revenue growth, and strategic initiatives.",none,2026-06-20T09:44:51+00:00,2026-06-20T09:45:19+00:00,2026-06-15,qwen3:8b,ollama,0.0,42,4096,192,false,false,ollama_format_schema,mda_single_dimension_context_v2,2026-06-20T09:45:19+00:00,06_scoring/05_raw_model_outputs/mda_final_full/MDA_7103_SPRITZER_2023_AR01_attempt_1.json,06_scoring/03_numeric_checks/mda_v2/MDA_7103_SPRITZER_2023_numeric_checks.json,parsed,valid
MDA_7103_SPRITZER_2023_AR02,MDA_7103_SPRITZER_2023,mda,mda_disclosure_quality,mda_general_quality,initial,local_qwen3_8b,AR02,MD&A internal numeric consistency and traceability,2,1,5,0.25,25.0,6.25,[MDA_P006],"[MDA_P006] Revenue, Results and Dividend The Group recorded a new high in annual revenue of RM490.7 million in the financial year ended December 31, 2023, a significant increase of 13% from the previous year’s revenue of RM433.3 million, ma",medium,Python numeric_checker: numeric_check_summary indicates a material discrepancy in margin calculation but lacks detailed explanation of the inconsistency,none,2026-06-20T09:44:51+00:00,2026-06-20T09:45:19+00:00,2026-06-15,qwen3:8b,ollama,0.0,42,4096,192,false,false,ollama_format_schema,mda_single_dimension_context_v2,2026-06-20T09:45:19+00:00,06_scoring/05_raw_model_outputs/mda_final_full/MDA_7103_SPRITZER_2023_AR02_attempt_1.json,06_scoring/03_numeric_checks/mda_v2/MDA_7103_SPRITZER_2023_numeric_checks.json,parsed,valid
MDA_7103_SPRITZER_2023_AR03,MDA_7103_SPRITZER_2023,mda,mda_disclosure_quality,mda_general_quality,initial,local_qwen3_8b,AR03,Operating analysis specificity,5,1,5,0.3,100.0,30.0,[MDA_P001],"[MDA_P001] MANAGEMENT DISCUSSION AND ANALYSIS ECONOMIC OVERVIEW The Malaysian economy grew moderately by 3.7% in 2023, following a robust expansion of 8.7% recorded in the previous year. The slower growth in 2023 is attributed to the weakne",medium,Strong operating analysis with clear revenue growth and market factors discussed,none,2026-06-20T09:44:51+00:00,2026-06-20T09:45:19+00:00,2026-06-15,qwen3:8b,ollama,0.0,42,4096,192,false,false,ollama_format_schema,mda_single_dimension_context_v2,2026-06-20T09:45:19+00:00,06_scoring/05_raw_model_outputs/mda_final_full/MDA_7103_SPRITZER_2023_AR03_attempt_1.json,06_scoring/03_numeric_checks/mda_v2/MDA_7103_SPRITZER_2023_numeric_checks.json,parsed,valid
MDA_7103_SPRITZER_2023_AR04,MDA_7103_SPRITZER_2023,mda,mda_disclosure_quality,mda_general_quality,initial,local_qwen3_8b,AR04,MD&A internal risk and forward-looking disclosure,2,1,5,0.2,25.0,5.0,[MDA_P004],"[MDA_P004] For Financial Year Ended December 31, 2023 STRATEGIC DIRECTION Being the largest, most integrated and the leading bottled water company in Malaysia, we are committed to delivering to all our consumers of our high quality bottled",medium,Lacks specific forward-looking disclosures and risk analysis required for AR04,none,2026-06-20T09:44:51+00:00,2026-06-20T09:45:19+00:00,2026-06-15,qwen3:8b,ollama,0.0,42,4096,192,false,false,ollama_format_schema,mda_single_dimension_context_v2,2026-06-20T09:45:19+00:00,06_scoring/05_raw_model_outputs/mda_final_full/MDA_7103_SPRITZER_2023_AR04_attempt_1.json,06_scoring/03_numeric_checks/mda_v2/MDA_7103_SPRITZER_2023_numeric_checks.json,parsed,valid
MDA_7103_SPRITZER_2023_AR05,MDA_7103_SPRITZER_2023,mda,mda_disclosure_quality,mda_general_quality,initial,local_qwen3_8b,AR05,MD&A readability and structural clarity,4,1,5,0.1,75.0,7.5,[MDA_P001],"[MDA_P001] MANAGEMENT DISCUSSION AND ANALYSIS ECONOMIC OVERVIEW The Malaysian economy grew moderately by 3.7% in 2023, following a robust expansion of 8.7% recorded in the previous year. The slower growth in 2023 is attributed to the weakne",medium,Clear structure and logical flow in discussing economic factors and financial performance.,none,2026-06-20T09:44:51+00:00,2026-06-20T09:45:19+00:00,2026-06-15,qwen3:8b,ollama,0.0,42,4096,192,false,false,ollama_format_schema,mda_single_dimension_context_v2,2026-06-20T09:45:19+00:00,06_scoring/05_raw_model_outputs/mda_final_full/MDA_7103_SPRITZER_2023_AR05_attempt_1.json,06_scoring/03_numeric_checks/mda_v2/MDA_7103_SPRITZER_2023_numeric_checks.json,parsed,valid
MDA_7103_SPRITZER_2024_AR01,MDA_7103_SPRITZER_2024,mda,mda_disclosure_quality,mda_general_quality,initial,local_qwen3_8b,AR01,MD&A content completeness,5,1,5,0.15,100.0,15.0,[MDA_P001],"[MDA_P001] Management Discussion and Analysis BUSINESS AND OPERATIONS OVERVIEW The Malaysian economy grew by 5.0% in the fourth quarter of 2024. This performance was supported by strong expansion in investment activities, growth in export o",medium,"Comprehensive discussion of business performance, economic context, and financial outcomes.",none,2026-06-20T09:45:19+00:00,2026-06-20T09:45:45+00:00,2026-06-15,qwen3:8b,ollama,0.0,42,4096,192,false,false,ollama_format_schema,mda_single_dimension_context_v2,2026-06-20T09:45:45+00:00,06_scoring/05_raw_model_outputs/mda_final_full/MDA_7103_SPRITZER_2024_AR01_attempt_1.json,06_scoring/03_numeric_checks/mda_v2/MDA_7103_SPRITZER_2024_numeric_checks.json,parsed,valid
MDA_7103_SPRITZER_2024_AR02,MDA_7103_SPRITZER_2024,mda,mda_disclosure_quality,mda_general_quality,initial,local_qwen3_8b,AR02,MD&A internal numeric consistency and traceability,3,1,5,0.25,50.0,12.5,[MDA_P001],"[MDA_P001] Management Discussion and Analysis BUSINESS AND OPERATIONS OVERVIEW The Malaysian economy grew by 5.0% in the fourth quarter of 2024. This performance was supported by strong expansion in investment activities, growth in export o",medium,Python numeric_checker: Revenue growth percentages are mentioned without supporting numeric checks or explanations.,none,2026-06-20T09:45:19+00:00,2026-06-20T09:45:45+00:00,2026-06-15,qwen3:8b,ollama,0.0,42,4096,192,false,false,ollama_format_schema,mda_single_dimension_context_v2,2026-06-20T09:45:45+00:00,06_scoring/05_raw_model_outputs/mda_final_full/MDA_7103_SPRITZER_2024_AR02_attempt_1.json,06_scoring/03_numeric_checks/mda_v2/MDA_7103_SPRITZER_2024_numeric_checks.json,parsed,valid
MDA_7103_SPRITZER_2024_AR03,MDA_7103_SPRITZER_2024,mda,mda_disclosure_quality,mda_general_quality,initial,local_qwen3_8b,AR03,Operating analysis specificity,4,1,5,0.3,75.0,22.5,[MDA_P001],"[MDA_P001] Management Discussion and Analysis BUSINESS AND OPERATIONS OVERVIEW The Malaysian economy grew by 5.0% in the fourth quarter of 2024. This performance was supported by strong expansion in investment activities, growth in export o",medium,"Discusses economic growth, domestic demand, and revenue growth with clear context.",none,2026-06-20T09:45:19+00:00,2026-06-20T09:45:45+00:00,2026-06-15,qwen3:8b,ollama,0.0,42,4096,192,false,false,ollama_format_schema,mda_single_dimension_context_v2,2026-06-20T09:45:45+00:00,06_scoring/05_raw_model_outputs/mda_final_full/MDA_7103_SPRITZER_2024_AR03_attempt_1.json,06_scoring/03_numeric_checks/mda_v2/MDA_7103_SPRITZER_2024_numeric_checks.json,parsed,valid
MDA_7103_SPRITZER_2024_AR04,MDA_7103_SPRITZER_2024,mda,mda_disclosure_quality,mda_general_quality,initial,local_qwen3_8b,AR04,MD&A internal risk and forward-looking disclosure,5,1,5,0.2,100.0,20.0,[MDA_P001],"[MDA_P001] Management Discussion and Analysis BUSINESS AND OPERATIONS OVERVIEW The Malaysian economy grew by 5.0% in the fourth quarter of 2024. This performance was supported by strong expansion in investment activities, growth in export o",medium,"Discusses economic growth, domestic demand, and revenue growth with clear forward-looking statements.",none,2026-06-20T09:45:19+00:00,2026-06-20T09:45:45+00:00,2026-06-15,qwen3:8b,ollama,0.0,42,4096,192,false,false,ollama_format_schema,mda_single_dimension_context_v2,2026-06-20T09:45:45+00:00,06_scoring/05_raw_model_outputs/mda_final_full/MDA_7103_SPRITZER_2024_AR04_attempt_1.json,06_scoring/03_numeric_checks/mda_v2/MDA_7103_SPRITZER_2024_numeric_checks.json,parsed,valid
MDA_7103_SPRITZER_2024_AR05,MDA_7103_SPRITZER_2024,mda,mda_disclosure_quality,mda_general_quality,initial,local_qwen3_8b,AR05,MD&A readability and structural clarity,4,1,5,0.1,75.0,7.5,[MDA_P001],"[MDA_P001] Management Discussion and Analysis BUSINESS AND OPERATIONS OVERVIEW The Malaysian economy grew by 5.0% in the fourth quarter of 2024. This performance was supported by strong expansion in investment activities, growth in export o",medium,Clear structure and concise explanation of economic factors impacting the company's performance.,none,2026-06-20T09:45:19+00:00,2026-06-20T09:45:45+00:00,2026-06-15,qwen3:8b,ollama,0.0,42,4096,192,false,false,ollama_format_schema,mda_single_dimension_context_v2,2026-06-20T09:45:45+00:00,06_scoring/05_raw_model_outputs/mda_final_full/MDA_7103_SPRITZER_2024_AR05_attempt_1.json,06_scoring/03_numeric_checks/mda_v2/MDA_7103_SPRITZER_2024_numeric_checks.json,parsed,valid
MDA_7107_OFI_2020_AR01,MDA_7107_OFI_2020,mda,mda_disclosure_quality,mda_general_quality,initial,local_qwen3_8b,AR01,MD&A content completeness,2,1,5,0.15,25.0,3.75,[MDA_P001],"[MDA_P001] MANAGEMENT DISCUSSION AND ANALYSIS OVERVIEW OF THE GROUPS’ BUSINESS AND OPERATIONS Oriental Food Industries Holdings Berhad (""the Company” or “the Group”) has made its mark in the snack food and confectionery manufacturing indust",medium,Lacks discussion on margins and segment performance.,none,2026-06-20T09:45:45+00:00,2026-06-20T09:46:05+00:00,2026-06-15,qwen3:8b,ollama,0.0,42,4096,192,false,false,ollama_format_schema,mda_single_dimension_context_v2,2026-06-20T09:46:05+00:00,06_scoring/05_raw_model_outputs/mda_final_full/MDA_7107_OFI_2020_AR01_attempt_1.json,06_scoring/03_numeric_checks/mda_v2/MDA_7107_OFI_2020_numeric_checks.json,parsed,valid
MDA_7107_OFI_2020_AR02,MDA_7107_OFI_2020,mda,mda_disclosure_quality,mda_general_quality,initial,local_qwen3_8b,AR02,MD&A internal numeric consistency and traceability,3,1,5,0.25,50.0,12.5,[MDA_P001],"[MDA_P001] MANAGEMENT DISCUSSION AND ANALYSIS OVERVIEW OF THE GROUPS’ BUSINESS AND OPERATIONS Oriental Food Industries Holdings Berhad (""the Company” or “the Group”) has made its mark in the snack food and confectionery manufacturing indust",medium,"Python numeric_checker: numeric_check_summary indicates not enough numbers for consistency checks, but financial discussions are present",none,2026-06-20T09:45:45+00:00,2026-06-20T09:46:05+00:00,2026-06-15,qwen3:8b,ollama,0.0,42,4096,192,false,false,ollama_format_schema,mda_single_dimension_context_v2,2026-06-20T09:46:05+00:00,06_scoring/05_raw_model_outputs/mda_final_full/MDA_7107_OFI_2020_AR02_attempt_1.json,06_scoring/03_numeric_checks/mda_v2/MDA_7107_OFI_2020_numeric_checks.json,parsed,valid
MDA_7107_OFI_2020_AR03,MDA_7107_OFI_2020,mda,mda_disclosure_quality,mda_general_quality,initial,local_qwen3_8b,AR03,Operating analysis specificity,2,1,5,0.3,25.0,7.5,[MDA_P001],"[MDA_P001] MANAGEMENT DISCUSSION AND ANALYSIS OVERVIEW OF THE GROUPS’ BUSINESS AND OPERATIONS Oriental Food Industries Holdings Berhad (""the Company” or “the Group”) has made its mark in the snack food and confectionery manufacturing indust",medium,Lacks detailed operating analysis specificity with no margin or segment discussion,none,2026-06-20T09:45:45+00:00,2026-06-20T09:46:05+00:00,2026-06-15,qwen3:8b,ollama,0.0,42,4096,192,false,false,ollama_format_schema,mda_single_dimension_context_v2,2026-06-20T09:46:05+00:00,06_scoring/05_raw_model_outputs/mda_final_full/MDA_7107_OFI_2020_AR03_attempt_1.json,06_scoring/03_numeric_checks/mda_v2/MDA_7107_OFI_2020_numeric_checks.json,parsed,valid
MDA_7107_OFI_2020_AR04,MDA_7107_OFI_2020,mda,mda_disclosure_quality,mda_general_quality,initial,local_qwen3_8b,AR04,MD&A internal risk and forward-looking disclosure,2,1,5,0.2,25.0,5.0,[MDA_P001],"[MDA_P001] MANAGEMENT DISCUSSION AND ANALYSIS OVERVIEW OF THE GROUPS’ BUSINESS AND OPERATIONS Oriental Food Industries Holdings Berhad (""the Company” or “the Group”) has made its mark in the snack food and confectionery manufacturing indust",medium,Lacks detailed risk and forward-looking disclosures required for AR04,none,2026-06-20T09:45:45+00:00,2026-06-20T09:46:05+00:00,2026-06-15,qwen3:8b,ollama,0.0,42,4096,192,false,false,ollama_format_schema,mda_single_dimension_context_v2,2026-06-20T09:46:05+00:00,06_scoring/05_raw_model_outputs/mda_final_full/MDA_7107_OFI_2020_AR04_attempt_1.json,06_scoring/03_numeric_checks/mda_v2/MDA_7107_OFI_2020_numeric_checks.json,parsed,valid
MDA_7107_OFI_2020_AR05,MDA_7107_OFI_2020,mda,mda_disclosure_quality,mda_general_quality,initial,local_qwen3_8b,AR05,MD&A readability and structural clarity,2,1,5,0.1,25.0,2.5,[MDA_P001],"[MDA_P001] MANAGEMENT DISCUSSION AND ANALYSIS OVERVIEW OF THE GROUPS’ BUSINESS AND OPERATIONS Oriental Food Industries Holdings Berhad (""the Company” or “the Group”) has made its mark in the snack food and confectionery manufacturing indust",medium,Paragraph lacks clear structure and detailed analysis of financial performance.,none,2026-06-20T09:45:45+00:00,2026-06-20T09:46:05+00:00,2026-06-15,qwen3:8b,ollama,0.0,42,4096,192,false,false,ollama_format_schema,mda_single_dimension_context_v2,2026-06-20T09:46:05+00:00,06_scoring/05_raw_model_outputs/mda_final_full/MDA_7107_OFI_2020_AR05_attempt_1.json,06_scoring/03_numeric_checks/mda_v2/MDA_7107_OFI_2020_numeric_checks.json,parsed,valid
MDA_7107_OFI_2021_AR01,MDA_7107_OFI_2021,mda,mda_disclosure_quality,mda_general_quality,initial,local_qwen3_8b,AR01,MD&A content completeness,4,1,5,0.15,75.0,11.25,[MDA_P001],[MDA_P001] MANAGEMENT DISCUSSION AND ANALYSIS OVERVIEW OF THE GROUPS’ BUSINESS AND OPERATIONS Oriental Food Industries Holdings Berhad (“the Company” or “the Group”) has made its mark in the snack food and confectionery manufacturing indust,medium,"Discusses business operations, product categories, and customer focus.",none,2026-06-20T09:46:05+00:00,2026-06-20T09:46:25+00:00,2026-06-15,qwen3:8b,ollama,0.0,42,4096,192,false,false,ollama_format_schema,mda_single_dimension_context_v2,2026-06-20T09:46:25+00:00,06_scoring/05_raw_model_outputs/mda_final_full/MDA_7107_OFI_2021_AR01_attempt_1.json,06_scoring/03_numeric_checks/mda_v2/MDA_7107_OFI_2021_numeric_checks.json,parsed,valid
MDA_7107_OFI_2021_AR02,MDA_7107_OFI_2021,mda,mda_disclosure_quality,mda_general_quality,initial,local_qwen3_8b,AR02,MD&A internal numeric consistency and traceability,3,1,5,0.25,50.0,12.5,[MDA_P001],[MDA_P001] MANAGEMENT DISCUSSION AND ANALYSIS OVERVIEW OF THE GROUPS’ BUSINESS AND OPERATIONS Oriental Food Industries Holdings Berhad (“the Company” or “the Group”) has made its mark in the snack food and confectionery manufacturing indust,medium,"Python numeric_checker: numeric_check_summary indicates not enough numbers for consistency checks, but financial data is present.",none,2026-06-20T09:46:05+00:00,2026-06-20T09:46:25+00:00,2026-06-15,qwen3:8b,ollama,0.0,42,4096,192,false,false,ollama_format_schema,mda_single_dimension_context_v2,2026-06-20T09:46:25+00:00,06_scoring/05_raw_model_outputs/mda_final_full/MDA_7107_OFI_2021_AR02_attempt_1.json,06_scoring/03_numeric_checks/mda_v2/MDA_7107_OFI_2021_numeric_checks.json,parsed,valid
MDA_7107_OFI_2021_AR03,MDA_7107_OFI_2021,mda,mda_disclosure_quality,mda_general_quality,initial,local_qwen3_8b,AR03,Operating analysis specificity,2,1,5,0.3,25.0,7.5,[MDA_P001],[MDA_P001] MANAGEMENT DISCUSSION AND ANALYSIS OVERVIEW OF THE GROUPS’ BUSINESS AND OPERATIONS Oriental Food Industries Holdings Berhad (“the Company” or “the Group”) has made its mark in the snack food and confectionery manufacturing indust,medium,Lacks detailed operating analysis specificity with no margin or segment discussion,none,2026-06-20T09:46:05+00:00,2026-06-20T09:46:25+00:00,2026-06-15,qwen3:8b,ollama,0.0,42,4096,192,false,false,ollama_format_schema,mda_single_dimension_context_v2,2026-06-20T09:46:25+00:00,06_scoring/05_raw_model_outputs/mda_final_full/MDA_7107_OFI_2021_AR03_attempt_1.json,06_scoring/03_numeric_checks/mda_v2/MDA_7107_OFI_2021_numeric_checks.json,parsed,valid
MDA_7107_OFI_2021_AR04,MDA_7107_OFI_2021,mda,mda_disclosure_quality,mda_general_quality,initial,local_qwen3_8b,AR04,MD&A internal risk and forward-looking disclosure,2,1,5,0.2,25.0,5.0,[MDA_P001],[MDA_P001] MANAGEMENT DISCUSSION AND ANALYSIS OVERVIEW OF THE GROUPS’ BUSINESS AND OPERATIONS Oriental Food Industries Holdings Berhad (“the Company” or “the Group”) has made its mark in the snack food and confectionery manufacturing indust,medium,Lacks detailed risk and forward-looking disclosures required for AR04,none,2026-06-20T09:46:05+00:00,2026-06-20T09:46:25+00:00,2026-06-15,qwen3:8b,ollama,0.0,42,4096,192,false,false,ollama_format_schema,mda_single_dimension_context_v2,2026-06-20T09:46:25+00:00,06_scoring/05_raw_model_outputs/mda_final_full/MDA_7107_OFI_2021_AR04_attempt_1.json,06_scoring/03_numeric_checks/mda_v2/MDA_7107_OFI_2021_numeric_checks.json,parsed,valid
MDA_7107_OFI_2021_AR05,MDA_7107_OFI_2021,mda,mda_disclosure_quality,mda_general_quality,initial,local_qwen3_8b,AR05,MD&A readability and structural clarity,2,1,5,0.1,25.0,2.5,[MDA_P001],[MDA_P001] MANAGEMENT DISCUSSION AND ANALYSIS OVERVIEW OF THE GROUPS’ BUSINESS AND OPERATIONS Oriental Food Industries Holdings Berhad (“the Company” or “the Group”) has made its mark in the snack food and confectionery manufacturing indust,medium,Paragraph lacks detailed analysis and clarity on business operations,none,2026-06-20T09:46:05+00:00,2026-06-20T09:46:25+00:00,2026-06-15,qwen3:8b,ollama,0.0,42,4096,192,false,false,ollama_format_schema,mda_single_dimension_context_v2,2026-06-20T09:46:25+00:00,06_scoring/05_raw_model_outputs/mda_final_full/MDA_7107_OFI_2021_AR05_attempt_1.json,06_scoring/03_numeric_checks/mda_v2/MDA_7107_OFI_2021_numeric_checks.json,parsed,valid
MDA_7107_OFI_2022_AR01,MDA_7107_OFI_2022,mda,mda_disclosure_quality,mda_general_quality,initial,local_qwen3_8b,AR01,MD&A content completeness,3,1,5,0.15,50.0,7.5,[MDA_P001],[MDA_P001] MANAGEMENT DISCUSSION AND ANALYSIS OVERVIEW OF THE GROUPS’ BUSINESS AND OPERATIONS Oriental Food Industries Holdings Berhad (“the Company” or “the Group”) has made its mark in the snack food and confectionery manufacturing indust,medium,Discussion covers business operations and financial results but lacks detailed margin and segment analysis.,none,2026-06-20T09:46:25+00:00,2026-06-20T09:46:45+00:00,2026-06-15,qwen3:8b,ollama,0.0,42,4096,192,false,false,ollama_format_schema,mda_single_dimension_context_v2,2026-06-20T09:46:45+00:00,06_scoring/05_raw_model_outputs/mda_final_full/MDA_7107_OFI_2022_AR01_attempt_1.json,06_scoring/03_numeric_checks/mda_v2/MDA_7107_OFI_2022_numeric_checks.json,parsed,valid
MDA_7107_OFI_2022_AR02,MDA_7107_OFI_2022,mda,mda_disclosure_quality,mda_general_quality,initial,local_qwen3_8b,AR02,MD&A internal numeric consistency and traceability,3,1,5,0.25,50.0,12.5,[MDA_P001],[MDA_P001] MANAGEMENT DISCUSSION AND ANALYSIS OVERVIEW OF THE GROUPS’ BUSINESS AND OPERATIONS Oriental Food Industries Holdings Berhad (“the Company” or “the Group”) has made its mark in the snack food and confectionery manufacturing indust,medium,"Python numeric_checker: numeric_check_summary indicates not enough numbers for consistency checks, but financial discussions are present",none,2026-06-20T09:46:25+00:00,2026-06-20T09:46:45+00:00,2026-06-15,qwen3:8b,ollama,0.0,42,4096,192,false,false,ollama_format_schema,mda_single_dimension_context_v2,2026-06-20T09:46:45+00:00,06_scoring/05_raw_model_outputs/mda_final_full/MDA_7107_OFI_2022_AR02_attempt_1.json,06_scoring/03_numeric_checks/mda_v2/MDA_7107_OFI_2022_numeric_checks.json,parsed,valid
MDA_7107_OFI_2022_AR03,MDA_7107_OFI_2022,mda,mda_disclosure_quality,mda_general_quality,initial,local_qwen3_8b,AR03,Operating analysis specificity,2,1,5,0.3,25.0,7.5,[MDA_P001],[MDA_P001] MANAGEMENT DISCUSSION AND ANALYSIS OVERVIEW OF THE GROUPS’ BUSINESS AND OPERATIONS Oriental Food Industries Holdings Berhad (“the Company” or “the Group”) has made its mark in the snack food and confectionery manufacturing indust,medium,Lacks detailed operating analysis with no margin or segment discussion,none,2026-06-20T09:46:25+00:00,2026-06-20T09:46:45+00:00,2026-06-15,qwen3:8b,ollama,0.0,42,4096,192,false,false,ollama_format_schema,mda_single_dimension_context_v2,2026-06-20T09:46:45+00:00,06_scoring/05_raw_model_outputs/mda_final_full/MDA_7107_OFI_2022_AR03_attempt_1.json,06_scoring/03_numeric_checks/mda_v2/MDA_7107_OFI_2022_numeric_checks.json,parsed,valid
MDA_7107_OFI_2022_AR04,MDA_7107_OFI_2022,mda,mda_disclosure_quality,mda_general_quality,initial,local_qwen3_8b,AR04,MD&A internal risk and forward-looking disclosure,2,1,5,0.2,25.0,5.0,[MDA_P001],[MDA_P001] MANAGEMENT DISCUSSION AND ANALYSIS OVERVIEW OF THE GROUPS’ BUSINESS AND OPERATIONS Oriental Food Industries Holdings Berhad (“the Company” or “the Group”) has made its mark in the snack food and confectionery manufacturing indust,medium,Lacks detailed risk and forward-looking disclosures required for AR04,none,2026-06-20T09:46:25+00:00,2026-06-20T09:46:45+00:00,2026-06-15,qwen3:8b,ollama,0.0,42,4096,192,false,false,ollama_format_schema,mda_single_dimension_context_v2,2026-06-20T09:46:45+00:00,06_scoring/05_raw_model_outputs/mda_final_full/MDA_7107_OFI_2022_AR04_attempt_1.json,06_scoring/03_numeric_checks/mda_v2/MDA_7107_OFI_2022_numeric_checks.json,parsed,valid
MDA_7107_OFI_2022_AR05,MDA_7107_OFI_2022,mda,mda_disclosure_quality,mda_general_quality,initial,local_qwen3_8b,AR05,MD&A readability and structural clarity,2,1,5,0.1,25.0,2.5,[MDA_P001],[MDA_P001] MANAGEMENT DISCUSSION AND ANALYSIS OVERVIEW OF THE GROUPS’ BUSINESS AND OPERATIONS Oriental Food Industries Holdings Berhad (“the Company” or “the Group”) has made its mark in the snack food and confectionery manufacturing indust,medium,The paragraph lacks clear structure and fails to provide detailed insights into business operations or financial performance.,none,2026-06-20T09:46:25+00:00,2026-06-20T09:46:45+00:00,2026-06-15,qwen3:8b,ollama,0.0,42,4096,192,false,false,ollama_format_schema,mda_single_dimension_context_v2,2026-06-20T09:46:45+00:00,06_scoring/05_raw_model_outputs/mda_final_full/MDA_7107_OFI_2022_AR05_attempt_1.json,06_scoring/03_numeric_checks/mda_v2/MDA_7107_OFI_2022_numeric_checks.json,parsed,valid
MDA_7107_OFI_2023_AR01,MDA_7107_OFI_2023,mda,mda_disclosure_quality,mda_general_quality,initial,local_qwen3_8b,AR01,MD&A content completeness,2,1,5,0.15,25.0,3.75,[MDA_P001],[MDA_P001] MANAGEMENT DISCUSSION AND ANALYSIS OVERVIEW OF THE GROUPS’ BUSINESS AND OPERATIONS Oriental Food Industries Holdings Berhad (“the Company” or “the Group”) has made its mark in the snack food and confectionery manufacturing indust,medium,Lacks discussion on margins and segment performance,none,2026-06-20T09:46:45+00:00,2026-06-20T09:47:04+00:00,2026-06-15,qwen3:8b,ollama,0.0,42,4096,192,false,false,ollama_format_schema,mda_single_dimension_context_v2,2026-06-20T09:47:04+00:00,06_scoring/05_raw_model_outputs/mda_final_full/MDA_7107_OFI_2023_AR01_attempt_1.json,06_scoring/03_numeric_checks/mda_v2/MDA_7107_OFI_2023_numeric_checks.json,parsed,valid
MDA_7107_OFI_2023_AR02,MDA_7107_OFI_2023,mda,mda_disclosure_quality,mda_general_quality,initial,local_qwen3_8b,AR02,MD&A internal numeric consistency and traceability,3,1,5,0.25,50.0,12.5,[MDA_P001],[MDA_P001] MANAGEMENT DISCUSSION AND ANALYSIS OVERVIEW OF THE GROUPS’ BUSINESS AND OPERATIONS Oriental Food Industries Holdings Berhad (“the Company” or “the Group”) has made its mark in the snack food and confectionery manufacturing indust,medium,"Python numeric_checker: numeric_check_summary indicates not enough numbers for consistency checks, but financial discussions are present",none,2026-06-20T09:46:45+00:00,2026-06-20T09:47:04+00:00,2026-06-15,qwen3:8b,ollama,0.0,42,4096,192,false,false,ollama_format_schema,mda_single_dimension_context_v2,2026-06-20T09:47:04+00:00,06_scoring/05_raw_model_outputs/mda_final_full/MDA_7107_OFI_2023_AR02_attempt_1.json,06_scoring/03_numeric_checks/mda_v2/MDA_7107_OFI_2023_numeric_checks.json,parsed,valid
MDA_7107_OFI_2023_AR03,MDA_7107_OFI_2023,mda,mda_disclosure_quality,mda_general_quality,initial,local_qwen3_8b,AR03,Operating analysis specificity,2,1,5,0.3,25.0,7.5,[MDA_P001],[MDA_P001] MANAGEMENT DISCUSSION AND ANALYSIS OVERVIEW OF THE GROUPS’ BUSINESS AND OPERATIONS Oriental Food Industries Holdings Berhad (“the Company” or “the Group”) has made its mark in the snack food and confectionery manufacturing indust,medium,"Lacks detailed operating analysis specificity, focusing more on business overview and financial results.",none,2026-06-20T09:46:45+00:00,2026-06-20T09:47:04+00:00,2026-06-15,qwen3:8b,ollama,0.0,42,4096,192,false,false,ollama_format_schema,mda_single_dimension_context_v2,2026-06-20T09:47:04+00:00,06_scoring/05_raw_model_outputs/mda_final_full/MDA_7107_OFI_2023_AR03_attempt_1.json,06_scoring/03_numeric_checks/mda_v2/MDA_7107_OFI_2023_numeric_checks.json,parsed,valid
MDA_7107_OFI_2023_AR04,MDA_7107_OFI_2023,mda,mda_disclosure_quality,mda_general_quality,initial,local_qwen3_8b,AR04,MD&A internal risk and forward-looking disclosure,2,1,5,0.2,25.0,5.0,[MDA_P001],[MDA_P001] MANAGEMENT DISCUSSION AND ANALYSIS OVERVIEW OF THE GROUPS’ BUSINESS AND OPERATIONS Oriental Food Industries Holdings Berhad (“the Company” or “the Group”) has made its mark in the snack food and confectionery manufacturing indust,medium,Lacks detailed risk and forward-looking disclosures required for AR04,none,2026-06-20T09:46:45+00:00,2026-06-20T09:47:04+00:00,2026-06-15,qwen3:8b,ollama,0.0,42,4096,192,false,false,ollama_format_schema,mda_single_dimension_context_v2,2026-06-20T09:47:04+00:00,06_scoring/05_raw_model_outputs/mda_final_full/MDA_7107_OFI_2023_AR04_attempt_1.json,06_scoring/03_numeric_checks/mda_v2/MDA_7107_OFI_2023_numeric_checks.json,parsed,valid
MDA_7107_OFI_2023_AR05,MDA_7107_OFI_2023,mda,mda_disclosure_quality,mda_general_quality,initial,local_qwen3_8b,AR05,MD&A readability and structural clarity,2,1,5,0.1,25.0,2.5,[MDA_P001],[MDA_P001] MANAGEMENT DISCUSSION AND ANALYSIS OVERVIEW OF THE GROUPS’ BUSINESS AND OPERATIONS Oriental Food Industries Holdings Berhad (“the Company” or “the Group”) has made its mark in the snack food and confectionery manufacturing indust,medium,Paragraph lacks clear structure and fails to provide detailed insights into business operations.,none,2026-06-20T09:46:45+00:00,2026-06-20T09:47:04+00:00,2026-06-15,qwen3:8b,ollama,0.0,42,4096,192,false,false,ollama_format_schema,mda_single_dimension_context_v2,2026-06-20T09:47:04+00:00,06_scoring/05_raw_model_outputs/mda_final_full/MDA_7107_OFI_2023_AR05_attempt_1.json,06_scoring/03_numeric_checks/mda_v2/MDA_7107_OFI_2023_numeric_checks.json,parsed,valid
MDA_7167_ABLEGLOB_2020_AR01,MDA_7167_ABLEGLOB_2020,mda,mda_disclosure_quality,mda_general_quality,initial,local_qwen3_8b,AR01,MD&A content completeness,4,1,5,0.15,75.0,11.25,[MDA_P001],"[MDA_P001] Management Discussion and Analysis (“MD&A”), which provides an insight of the financial performance of Johore Tin Berhad (“JTB”) and its subsidiaries (“the Group”) for the financial year ended 31 December 2020 (“FYE 2020”). This",medium,"Discusses financial performance, business operations, risks, and future outlook as required.",none,2026-06-20T09:47:04+00:00,2026-06-20T09:47:28+00:00,2026-06-15,qwen3:8b,ollama,0.0,42,4096,192,false,false,ollama_format_schema,mda_single_dimension_context_v2,2026-06-20T09:47:28+00:00,06_scoring/05_raw_model_outputs/mda_final_full/MDA_7167_ABLEGLOB_2020_AR01_attempt_1.json,06_scoring/03_numeric_checks/mda_v2/MDA_7167_ABLEGLOB_2020_numeric_checks.json,parsed,valid
MDA_7167_ABLEGLOB_2020_AR02,MDA_7167_ABLEGLOB_2020,mda,mda_disclosure_quality,mda_general_quality,initial,local_qwen3_8b,AR02,MD&A internal numeric consistency and traceability,2,1,5,0.25,25.0,6.25,[MDA_P007],"[MDA_P007] For the FYE 2020, the Group achieved revenue of RM502.26 million as compared to RM579.79 million in the previous financial year, a decreased of RM77.53 million. Profit before tax decreased by RM7.30 million to RM53.22 million as",medium,Python numeric_checker: Revenue and profit before tax figures are inconsistent with segment-level breakdowns.,none,2026-06-20T09:47:04+00:00,2026-06-20T09:47:28+00:00,2026-06-15,qwen3:8b,ollama,0.0,42,4096,192,false,false,ollama_format_schema,mda_single_dimension_context_v2,2026-06-20T09:47:28+00:00,06_scoring/05_raw_model_outputs/mda_final_full/MDA_7167_ABLEGLOB_2020_AR02_attempt_1.json,06_scoring/03_numeric_checks/mda_v2/MDA_7167_ABLEGLOB_2020_numeric_checks.json,parsed,valid
MDA_7167_ABLEGLOB_2020_AR03,MDA_7167_ABLEGLOB_2020,mda,mda_disclosure_quality,mda_general_quality,initial,local_qwen3_8b,AR03,Operating analysis specificity,2,1,5,0.3,25.0,7.5,[MDA_P007],"[MDA_P007] For the FYE 2020, the Group achieved revenue of RM502.26 million as compared to RM579.79 million in the previous financial year, a decreased of RM77.53 million. Profit before tax decreased by RM7.30 million to RM53.22 million as",medium,Revenue and profit figures are provided but lack detailed analysis of operating performance.,none,2026-06-20T09:47:04+00:00,2026-06-20T09:47:28+00:00,2026-06-15,qwen3:8b,ollama,0.0,42,4096,192,false,false,ollama_format_schema,mda_single_dimension_context_v2,2026-06-20T09:47:28+00:00,06_scoring/05_raw_model_outputs/mda_final_full/MDA_7167_ABLEGLOB_2020_AR03_attempt_1.json,06_scoring/03_numeric_checks/mda_v2/MDA_7167_ABLEGLOB_2020_numeric_checks.json,parsed,valid
MDA_7167_ABLEGLOB_2020_AR04,MDA_7167_ABLEGLOB_2020,mda,mda_disclosure_quality,mda_general_quality,initial,local_qwen3_8b,AR04,MD&A internal risk and forward-looking disclosure,4,1,5,0.2,75.0,15.0,[MDA_P001],"[MDA_P001] Management Discussion and Analysis (“MD&A”), which provides an insight of the financial performance of Johore Tin Berhad (“JTB”) and its subsidiaries (“the Group”) for the financial year ended 31 December 2020 (“FYE 2020”). This",medium,Discusses operational risks and forward-looking statements adequately.,none,2026-06-20T09:47:04+00:00,2026-06-20T09:47:28+00:00,2026-06-15,qwen3:8b,ollama,0.0,42,4096,192,false,false,ollama_format_schema,mda_single_dimension_context_v2,2026-06-20T09:47:28+00:00,06_scoring/05_raw_model_outputs/mda_final_full/MDA_7167_ABLEGLOB_2020_AR04_attempt_1.json,06_scoring/03_numeric_checks/mda_v2/MDA_7167_ABLEGLOB_2020_numeric_checks.json,parsed,valid
MDA_7167_ABLEGLOB_2020_AR05,MDA_7167_ABLEGLOB_2020,mda,mda_disclosure_quality,mda_general_quality,initial,local_qwen3_8b,AR05,MD&A readability and structural clarity,2,1,5,0.1,25.0,2.5,[MDA_P001],"[MDA_P001] Management Discussion and Analysis (“MD&A”), which provides an insight of the financial performance of Johore Tin Berhad (“JTB”) and its subsidiaries (“the Group”) for the financial year ended 31 December 2020 (“FYE 2020”). This",medium,"Section heading is missing, leading to poor structural clarity.",none,2026-06-20T09:47:04+00:00,2026-06-20T09:47:28+00:00,2026-06-15,qwen3:8b,ollama,0.0,42,4096,192,false,false,ollama_format_schema,mda_single_dimension_context_v2,2026-06-20T09:47:28+00:00,06_scoring/05_raw_model_outputs/mda_final_full/MDA_7167_ABLEGLOB_2020_AR05_attempt_1.json,06_scoring/03_numeric_checks/mda_v2/MDA_7167_ABLEGLOB_2020_numeric_checks.json,parsed,valid
MDA_7167_ABLEGLOB_2021_AR01,MDA_7167_ABLEGLOB_2021,mda,mda_disclosure_quality,mda_general_quality,initial,local_qwen3_8b,AR01,MD&A content completeness,4,1,5,0.15,75.0,11.25,[MDA_P001],[MDA_P001] Statement on Management Discussion and Analysis (“MD&A”) provides an insight of the financial performance of Able Global Berhad (“AGB”) (Formerly known as Johore Tin Berhad) and its subsidiaries (“the Group”) for the financial ye,medium,"Discusses financial performance, business operations, risks, and future outlook as required.",none,2026-06-20T09:47:28+00:00,2026-06-20T09:47:52+00:00,2026-06-15,qwen3:8b,ollama,0.0,42,4096,192,false,false,ollama_format_schema,mda_single_dimension_context_v2,2026-06-20T09:47:52+00:00,06_scoring/05_raw_model_outputs/mda_final_full/MDA_7167_ABLEGLOB_2021_AR01_attempt_1.json,06_scoring/03_numeric_checks/mda_v2/MDA_7167_ABLEGLOB_2021_numeric_checks.json,parsed,valid
MDA_7167_ABLEGLOB_2021_AR02,MDA_7167_ABLEGLOB_2021,mda,mda_disclosure_quality,mda_general_quality,initial,local_qwen3_8b,AR02,MD&A internal numeric consistency and traceability,2,1,5,0.25,25.0,6.25,[MDA_P007],"[MDA_P007] For FYE 2021, the Group achieved revenue of RM499.86 million as compared to RM502.26 million in the previous financial year, a decreased of RM2.4 million. Profit before tax decreased by RM1.79 million to RM51.43 million as compar",medium,Python numeric_checker: Revenue and profit before tax figures are inconsistent with segment-level changes.,none,2026-06-20T09:47:28+00:00,2026-06-20T09:47:52+00:00,2026-06-15,qwen3:8b,ollama,0.0,42,4096,192,false,false,ollama_format_schema,mda_single_dimension_context_v2,2026-06-20T09:47:52+00:00,06_scoring/05_raw_model_outputs/mda_final_full/MDA_7167_ABLEGLOB_2021_AR02_attempt_1.json,06_scoring/03_numeric_checks/mda_v2/MDA_7167_ABLEGLOB_2021_numeric_checks.json,parsed,valid
MDA_7167_ABLEGLOB_2021_AR03,MDA_7167_ABLEGLOB_2021,mda,mda_disclosure_quality,mda_general_quality,initial,local_qwen3_8b,AR03,Operating analysis specificity,2,1,5,0.3,25.0,7.5,[MDA_P007],"[MDA_P007] For FYE 2021, the Group achieved revenue of RM499.86 million as compared to RM502.26 million in the previous financial year, a decreased of RM2.4 million. Profit before tax decreased by RM1.79 million to RM51.43 million as compar",medium,Revenue and profit figures are provided but lack detailed analysis of operating performance.,none,2026-06-20T09:47:28+00:00,2026-06-20T09:47:52+00:00,2026-06-15,qwen3:8b,ollama,0.0,42,4096,192,false,false,ollama_format_schema,mda_single_dimension_context_v2,2026-06-20T09:47:52+00:00,06_scoring/05_raw_model_outputs/mda_final_full/MDA_7167_ABLEGLOB_2021_AR03_attempt_1.json,06_scoring/03_numeric_checks/mda_v2/MDA_7167_ABLEGLOB_2021_numeric_checks.json,parsed,valid
MDA_7167_ABLEGLOB_2021_AR04,MDA_7167_ABLEGLOB_2021,mda,mda_disclosure_quality,mda_general_quality,initial,local_qwen3_8b,AR04,MD&A internal risk and forward-looking disclosure,4,1,5,0.2,75.0,15.0,[MDA_P001],[MDA_P001] Statement on Management Discussion and Analysis (“MD&A”) provides an insight of the financial performance of Able Global Berhad (“AGB”) (Formerly known as Johore Tin Berhad) and its subsidiaries (“the Group”) for the financial ye,medium,Discusses operational risks and forward-looking statements adequately.,none,2026-06-20T09:47:28+00:00,2026-06-20T09:47:52+00:00,2026-06-15,qwen3:8b,ollama,0.0,42,4096,192,false,false,ollama_format_schema,mda_single_dimension_context_v2,2026-06-20T09:47:52+00:00,06_scoring/05_raw_model_outputs/mda_final_full/MDA_7167_ABLEGLOB_2021_AR04_attempt_1.json,06_scoring/03_numeric_checks/mda_v2/MDA_7167_ABLEGLOB_2021_numeric_checks.json,parsed,valid
MDA_7167_ABLEGLOB_2021_AR05,MDA_7167_ABLEGLOB_2021,mda,mda_disclosure_quality,mda_general_quality,initial,local_qwen3_8b,AR05,MD&A readability and structural clarity,2,1,5,0.1,25.0,2.5,[MDA_P001],[MDA_P001] Statement on Management Discussion and Analysis (“MD&A”) provides an insight of the financial performance of Able Global Berhad (“AGB”) (Formerly known as Johore Tin Berhad) and its subsidiaries (“the Group”) for the financial ye,medium,Introduction lacks clear structure and fails to highlight key MD&A elements,none,2026-06-20T09:47:28+00:00,2026-06-20T09:47:52+00:00,2026-06-15,qwen3:8b,ollama,0.0,42,4096,192,false,false,ollama_format_schema,mda_single_dimension_context_v2,2026-06-20T09:47:52+00:00,06_scoring/05_raw_model_outputs/mda_final_full/MDA_7167_ABLEGLOB_2021_AR05_attempt_1.json,06_scoring/03_numeric_checks/mda_v2/MDA_7167_ABLEGLOB_2021_numeric_checks.json,parsed,valid
MDA_7167_ABLEGLOB_2022_AR01,MDA_7167_ABLEGLOB_2022,mda,mda_disclosure_quality,mda_general_quality,initial,local_qwen3_8b,AR01,MD&A content completeness,4,1,5,0.15,75.0,11.25,[MDA_P001],[MDA_P001] MANAGEMENT DISCUSSION AND ANALYSIS The Statement on Management Discussion and Analysis (“MD&A”) provides an insight of the financial performance of Able Global Berhad (“AGB”) and its subsidiaries (“the Group”) for the financial y,medium,"Discusses business operations, financial performance, and risks as required.",none,2026-06-20T09:47:52+00:00,2026-06-20T09:48:16+00:00,2026-06-15,qwen3:8b,ollama,0.0,42,4096,192,false,false,ollama_format_schema,mda_single_dimension_context_v2,2026-06-20T09:48:16+00:00,06_scoring/05_raw_model_outputs/mda_final_full/MDA_7167_ABLEGLOB_2022_AR01_attempt_1.json,06_scoring/03_numeric_checks/mda_v2/MDA_7167_ABLEGLOB_2022_numeric_checks.json,parsed,valid
MDA_7167_ABLEGLOB_2022_AR02,MDA_7167_ABLEGLOB_2022,mda,mda_disclosure_quality,mda_general_quality,initial,local_qwen3_8b,AR02,MD&A internal numeric consistency and traceability,2,1,5,0.25,25.0,6.25,[MDA_P047],"[MDA_P047] The Group, although without a dividend policy, intends to declare dividends depending on the Group’s profits generated during each financial period/year, by taking into consideration the expansion plan and future investments on c",medium,"Python numeric_checker: Dividend discrepancy not explained, lacks logical consistency.",none,2026-06-20T09:47:52+00:00,2026-06-20T09:48:16+00:00,2026-06-15,qwen3:8b,ollama,0.0,42,4096,192,false,false,ollama_format_schema,mda_single_dimension_context_v2,2026-06-20T09:48:16+00:00,06_scoring/05_raw_model_outputs/mda_final_full/MDA_7167_ABLEGLOB_2022_AR02_attempt_1.json,06_scoring/03_numeric_checks/mda_v2/MDA_7167_ABLEGLOB_2022_numeric_checks.json,parsed,valid
MDA_7167_ABLEGLOB_2022_AR03,MDA_7167_ABLEGLOB_2022,mda,mda_disclosure_quality,mda_general_quality,initial,local_qwen3_8b,AR03,Operating analysis specificity,2,1,5,0.3,25.0,7.5,[MDA_P006],"[MDA_P006] For FYE 2022, the Group achieved revenue of RM549.82 million as compared to RM499.86 million in the previous financial year, an increase of RM49.96 million. Profit before tax decreased by RM8.63 million to RM42.80 million as comp",medium,Revenue and profit figures are presented but lack detailed analysis of operating performance.,none,2026-06-20T09:47:52+00:00,2026-06-20T09:48:16+00:00,2026-06-15,qwen3:8b,ollama,0.0,42,4096,192,false,false,ollama_format_schema,mda_single_dimension_context_v2,2026-06-20T09:48:16+00:00,06_scoring/05_raw_model_outputs/mda_final_full/MDA_7167_ABLEGLOB_2022_AR03_attempt_1.json,06_scoring/03_numeric_checks/mda_v2/MDA_7167_ABLEGLOB_2022_numeric_checks.json,parsed,valid
MDA_7167_ABLEGLOB_2022_AR04,MDA_7167_ABLEGLOB_2022,mda,mda_disclosure_quality,mda_general_quality,initial,local_qwen3_8b,AR04,MD&A internal risk and forward-looking disclosure,4,1,5,0.2,75.0,15.0,[MDA_P001],[MDA_P001] MANAGEMENT DISCUSSION AND ANALYSIS The Statement on Management Discussion and Analysis (“MD&A”) provides an insight of the financial performance of Able Global Berhad (“AGB”) and its subsidiaries (“the Group”) for the financial y,medium,Discusses operational risks and forward-looking statements adequately.,none,2026-06-20T09:47:52+00:00,2026-06-20T09:48:16+00:00,2026-06-15,qwen3:8b,ollama,0.0,42,4096,192,false,false,ollama_format_schema,mda_single_dimension_context_v2,2026-06-20T09:48:16+00:00,06_scoring/05_raw_model_outputs/mda_final_full/MDA_7167_ABLEGLOB_2022_AR04_attempt_1.json,06_scoring/03_numeric_checks/mda_v2/MDA_7167_ABLEGLOB_2022_numeric_checks.json,parsed,valid
MDA_7167_ABLEGLOB_2022_AR05,MDA_7167_ABLEGLOB_2022,mda,mda_disclosure_quality,mda_general_quality,initial,local_qwen3_8b,AR05,MD&A readability and structural clarity,2,1,5,0.1,25.0,2.5,[MDA_P001],[MDA_P001] MANAGEMENT DISCUSSION AND ANALYSIS The Statement on Management Discussion and Analysis (“MD&A”) provides an insight of the financial performance of Able Global Berhad (“AGB”) and its subsidiaries (“the Group”) for the financial y,medium,"The paragraph lacks clarity and structure, making it difficult to follow the discussion.",none,2026-06-20T09:47:52+00:00,2026-06-20T09:48:16+00:00,2026-06-15,qwen3:8b,ollama,0.0,42,4096,192,false,false,ollama_format_schema,mda_single_dimension_context_v2,2026-06-20T09:48:16+00:00,06_scoring/05_raw_model_outputs/mda_final_full/MDA_7167_ABLEGLOB_2022_AR05_attempt_1.json,06_scoring/03_numeric_checks/mda_v2/MDA_7167_ABLEGLOB_2022_numeric_checks.json,parsed,valid
MDA_7167_ABLEGLOB_2023_AR01,MDA_7167_ABLEGLOB_2023,mda,mda_disclosure_quality,mda_general_quality,initial,local_qwen3_8b,AR01,MD&A content completeness,4,1,5,0.15,75.0,11.25,[MDA_P001],[MDA_P001] management discussion and Analysis The Statement on Management Discussion and Analysis (“MD&A”) provides an insight of the financial performance of Able Global Berhad (“AGB”) and its subsidiaries (“the Group”) for the financial y,medium,"Discusses financial performance, business operations, and risks as required.",none,2026-06-20T09:48:16+00:00,2026-06-20T09:48:41+00:00,2026-06-15,qwen3:8b,ollama,0.0,42,4096,192,false,false,ollama_format_schema,mda_single_dimension_context_v2,2026-06-20T09:48:41+00:00,06_scoring/05_raw_model_outputs/mda_final_full/MDA_7167_ABLEGLOB_2023_AR01_attempt_1.json,06_scoring/03_numeric_checks/mda_v2/MDA_7167_ABLEGLOB_2023_numeric_checks.json,parsed,valid
MDA_7167_ABLEGLOB_2023_AR02,MDA_7167_ABLEGLOB_2023,mda,mda_disclosure_quality,mda_general_quality,initial,local_qwen3_8b,AR02,MD&A internal numeric consistency and traceability,2,1,5,0.25,25.0,6.25,[MDA_P047],"[MDA_P047] The Group, although without a dividend policy, intends to declare dividends depending on the Group’s profits generated during each financial period/year, by taking into consideration the expansion plan and future investments on c",medium,"Python numeric_checker: Dividend yield discrepancy not explained, lacks logical consistency.",none,2026-06-20T09:48:16+00:00,2026-06-20T09:48:41+00:00,2026-06-15,qwen3:8b,ollama,0.0,42,4096,192,false,false,ollama_format_schema,mda_single_dimension_context_v2,2026-06-20T09:48:41+00:00,06_scoring/05_raw_model_outputs/mda_final_full/MDA_7167_ABLEGLOB_2023_AR02_attempt_1.json,06_scoring/03_numeric_checks/mda_v2/MDA_7167_ABLEGLOB_2023_numeric_checks.json,parsed,valid
MDA_7167_ABLEGLOB_2023_AR03,MDA_7167_ABLEGLOB_2023,mda,mda_disclosure_quality,mda_general_quality,initial,local_qwen3_8b,AR03,Operating analysis specificity,2,1,5,0.3,25.0,7.5,[MDA_P007],"[MDA_P007] For FYE 2023, the Group achieved revenue of RM648.09 million as compared to RM549.82 million in the previous financial year, an increase of RM98.27 million. Profit before tax increased by RM26.39 million to RM69.19 million as com",medium,Revenue and profit figures are provided but lack detailed analysis of operating performance.,none,2026-06-20T09:48:16+00:00,2026-06-20T09:48:41+00:00,2026-06-15,qwen3:8b,ollama,0.0,42,4096,192,false,false,ollama_format_schema,mda_single_dimension_context_v2,2026-06-20T09:48:41+00:00,06_scoring/05_raw_model_outputs/mda_final_full/MDA_7167_ABLEGLOB_2023_AR03_attempt_1.json,06_scoring/03_numeric_checks/mda_v2/MDA_7167_ABLEGLOB_2023_numeric_checks.json,parsed,valid
MDA_7167_ABLEGLOB_2023_AR04,MDA_7167_ABLEGLOB_2023,mda,mda_disclosure_quality,mda_general_quality,initial,local_qwen3_8b,AR04,MD&A internal risk and forward-looking disclosure,2,1,5,0.2,25.0,5.0,[MDA_P001],[MDA_P001] management discussion and Analysis The Statement on Management Discussion and Analysis (“MD&A”) provides an insight of the financial performance of Able Global Berhad (“AGB”) and its subsidiaries (“the Group”) for the financial y,medium,Lacks specific forward-looking statements and risk disclosures required for AR04,none,2026-06-20T09:48:16+00:00,2026-06-20T09:48:41+00:00,2026-06-15,qwen3:8b,ollama,0.0,42,4096,192,false,false,ollama_format_schema,mda_single_dimension_context_v2,2026-06-20T09:48:41+00:00,06_scoring/05_raw_model_outputs/mda_final_full/MDA_7167_ABLEGLOB_2023_AR04_attempt_1.json,06_scoring/03_numeric_checks/mda_v2/MDA_7167_ABLEGLOB_2023_numeric_checks.json,parsed,valid
MDA_7167_ABLEGLOB_2023_AR05,MDA_7167_ABLEGLOB_2023,mda,mda_disclosure_quality,mda_general_quality,initial,local_qwen3_8b,AR05,MD&A readability and structural clarity,2,1,5,0.1,25.0,2.5,[MDA_P001],[MDA_P001] management discussion and Analysis The Statement on Management Discussion and Analysis (“MD&A”) provides an insight of the financial performance of Able Global Berhad (“AGB”) and its subsidiaries (“the Group”) for the financial y,medium,"The MD&A section lacks clear structure and coherence, with disjointed content and minimal discussion on key financial metrics.",none,2026-06-20T09:48:16+00:00,2026-06-20T09:48:41+00:00,2026-06-15,qwen3:8b,ollama,0.0,42,4096,192,false,false,ollama_format_schema,mda_single_dimension_context_v2,2026-06-20T09:48:41+00:00,06_scoring/05_raw_model_outputs/mda_final_full/MDA_7167_ABLEGLOB_2023_AR05_attempt_1.json,06_scoring/03_numeric_checks/mda_v2/MDA_7167_ABLEGLOB_2023_numeric_checks.json,parsed,valid
MDA_7167_ABLEGLOB_2024_AR01,MDA_7167_ABLEGLOB_2024,mda,mda_disclosure_quality,mda_general_quality,initial,local_qwen3_8b,AR01,MD&A content completeness,4,1,5,0.15,75.0,11.25,[MDA_P001],[MDA_P001] Statement on Management Discussion and Analysis (“MD&A”) provides an insight of the financial performance of Able Global Berhad (“AGB”) and its subsidiaries (“the Group”) for the financial year ended 31 December 2024 (“FYE 2024”),medium,"Discusses financial performance, business operations, risks, and future outlook.",none,2026-06-20T09:48:41+00:00,2026-06-20T09:49:04+00:00,2026-06-15,qwen3:8b,ollama,0.0,42,4096,192,false,false,ollama_format_schema,mda_single_dimension_context_v2,2026-06-20T09:49:04+00:00,06_scoring/05_raw_model_outputs/mda_final_full/MDA_7167_ABLEGLOB_2024_AR01_attempt_1.json,06_scoring/03_numeric_checks/mda_v2/MDA_7167_ABLEGLOB_2024_numeric_checks.json,parsed,valid
MDA_7167_ABLEGLOB_2024_AR02,MDA_7167_ABLEGLOB_2024,mda,mda_disclosure_quality,mda_general_quality,initial,local_qwen3_8b,AR02,MD&A internal numeric consistency and traceability,3,1,5,0.25,50.0,12.5,[MDA_P002],[MDA_P002] 2. REVIEW OF FINANCIAL RESULTS AND FINANCIAL CONDITION,medium,"Python numeric_checker: numeric_check_summary indicates not enough numbers for consistency checks, but financial mentions are present",none,2026-06-20T09:48:41+00:00,2026-06-20T09:49:04+00:00,2026-06-15,qwen3:8b,ollama,0.0,42,4096,192,false,false,ollama_format_schema,mda_single_dimension_context_v2,2026-06-20T09:49:04+00:00,06_scoring/05_raw_model_outputs/mda_final_full/MDA_7167_ABLEGLOB_2024_AR02_attempt_1.json,06_scoring/03_numeric_checks/mda_v2/MDA_7167_ABLEGLOB_2024_numeric_checks.json,parsed,valid
MDA_7167_ABLEGLOB_2024_AR03,MDA_7167_ABLEGLOB_2024,mda,mda_disclosure_quality,mda_general_quality,initial,local_qwen3_8b,AR03,Operating analysis specificity,2,1,5,0.3,25.0,7.5,[MDA_P003],"[MDA_P003] In FYE 2024, the total borrowings decreased by RM15.75 million to RM254.20 million from RM269.95 million mainly due to repayment of long-term financing, contributing positively to the gearing ratio. The gearing ratio decreased by",medium,Lacks detailed operating analysis beyond financial metrics,none,2026-06-20T09:48:41+00:00,2026-06-20T09:49:04+00:00,2026-06-15,qwen3:8b,ollama,0.0,42,4096,192,false,false,ollama_format_schema,mda_single_dimension_context_v2,2026-06-20T09:49:04+00:00,06_scoring/05_raw_model_outputs/mda_final_full/MDA_7167_ABLEGLOB_2024_AR03_attempt_1.json,06_scoring/03_numeric_checks/mda_v2/MDA_7167_ABLEGLOB_2024_numeric_checks.json,parsed,valid
MDA_7167_ABLEGLOB_2024_AR04,MDA_7167_ABLEGLOB_2024,mda,mda_disclosure_quality,mda_general_quality,initial,local_qwen3_8b,AR04,MD&A internal risk and forward-looking disclosure,4,1,5,0.2,75.0,15.0,[MDA_P001],[MDA_P001] Statement on Management Discussion and Analysis (“MD&A”) provides an insight of the financial performance of Able Global Berhad (“AGB”) and its subsidiaries (“the Group”) for the financial year ended 31 December 2024 (“FYE 2024”),medium,"Discusses risks, operations, and future outlook as required for AR04.",none,2026-06-20T09:48:41+00:00,2026-06-20T09:49:04+00:00,2026-06-15,qwen3:8b,ollama,0.0,42,4096,192,false,false,ollama_format_schema,mda_single_dimension_context_v2,2026-06-20T09:49:04+00:00,06_scoring/05_raw_model_outputs/mda_final_full/MDA_7167_ABLEGLOB_2024_AR04_attempt_1.json,06_scoring/03_numeric_checks/mda_v2/MDA_7167_ABLEGLOB_2024_numeric_checks.json,parsed,valid
MDA_7167_ABLEGLOB_2024_AR05,MDA_7167_ABLEGLOB_2024,mda,mda_disclosure_quality,mda_general_quality,initial,local_qwen3_8b,AR05,MD&A readability and structural clarity,2,1,5,0.1,25.0,2.5,[MDA_P001],[MDA_P001] Statement on Management Discussion and Analysis (“MD&A”) provides an insight of the financial performance of Able Global Berhad (“AGB”) and its subsidiaries (“the Group”) for the financial year ended 31 December 2024 (“FYE 2024”),medium,Intro lacks clear structure and key sections are missing,none,2026-06-20T09:48:41+00:00,2026-06-20T09:49:04+00:00,2026-06-15,qwen3:8b,ollama,0.0,42,4096,192,false,false,ollama_format_schema,mda_single_dimension_context_v2,2026-06-20T09:49:04+00:00,06_scoring/05_raw_model_outputs/mda_final_full/MDA_7167_ABLEGLOB_2024_AR05_attempt_1.json,06_scoring/03_numeric_checks/mda_v2/MDA_7167_ABLEGLOB_2024_numeric_checks.json,parsed,valid
MDA_7216_KAWAN_2020_AR01,MDA_7216_KAWAN_2020,mda,mda_disclosure_quality,mda_general_quality,initial,local_qwen3_8b,AR01,MD&A content completeness,5,1,5,0.15,100.0,15.0,[MDA_P001],[MDA_P001] Management Discussion and Analysis (cont’d) The Food and Beverage (“F&B”) industry in which we operate experienced unprecedented supply and demand volatility in FY2020. Movement restrictions impacted supply chain and operational,medium,"Comprehensive discussion of market trends, consumer behavior, and operational adjustments.",none,2026-06-20T09:49:04+00:00,2026-06-20T09:49:29+00:00,2026-06-15,qwen3:8b,ollama,0.0,42,4096,192,false,false,ollama_format_schema,mda_single_dimension_context_v2,2026-06-20T09:49:29+00:00,06_scoring/05_raw_model_outputs/mda_final_full/MDA_7216_KAWAN_2020_AR01_attempt_1.json,06_scoring/03_numeric_checks/mda_v2/MDA_7216_KAWAN_2020_numeric_checks.json,parsed,valid
MDA_7216_KAWAN_2020_AR02,MDA_7216_KAWAN_2020,mda,mda_disclosure_quality,mda_general_quality,initial,local_qwen3_8b,AR02,MD&A internal numeric consistency and traceability,3,1,5,0.25,50.0,12.5,[MDA_P001],[MDA_P001] Management Discussion and Analysis (cont’d) The Food and Beverage (“F&B”) industry in which we operate experienced unprecedented supply and demand volatility in FY2020. Movement restrictions impacted supply chain and operational,medium,Python numeric_checker: Discussion mentions revenue and cost shifts but lacks numeric evidence or calculations to support claims.,none,2026-06-20T09:49:04+00:00,2026-06-20T09:49:29+00:00,2026-06-15,qwen3:8b,ollama,0.0,42,4096,192,false,false,ollama_format_schema,mda_single_dimension_context_v2,2026-06-20T09:49:29+00:00,06_scoring/05_raw_model_outputs/mda_final_full/MDA_7216_KAWAN_2020_AR02_attempt_1.json,06_scoring/03_numeric_checks/mda_v2/MDA_7216_KAWAN_2020_numeric_checks.json,parsed,valid
MDA_7216_KAWAN_2020_AR03,MDA_7216_KAWAN_2020,mda,mda_disclosure_quality,mda_general_quality,initial,local_qwen3_8b,AR03,Operating analysis specificity,4,1,5,0.3,75.0,22.5,[MDA_P001],[MDA_P001] Management Discussion and Analysis (cont’d) The Food and Beverage (“F&B”) industry in which we operate experienced unprecedented supply and demand volatility in FY2020. Movement restrictions impacted supply chain and operational,medium,"Discusses market trends, consumer behavior, and operational adjustments relevant to operating analysis.",none,2026-06-20T09:49:04+00:00,2026-06-20T09:49:29+00:00,2026-06-15,qwen3:8b,ollama,0.0,42,4096,192,false,false,ollama_format_schema,mda_single_dimension_context_v2,2026-06-20T09:49:29+00:00,06_scoring/05_raw_model_outputs/mda_final_full/MDA_7216_KAWAN_2020_AR03_attempt_1.json,06_scoring/03_numeric_checks/mda_v2/MDA_7216_KAWAN_2020_numeric_checks.json,parsed,valid
MDA_7216_KAWAN_2020_AR04,MDA_7216_KAWAN_2020,mda,mda_disclosure_quality,mda_general_quality,initial,local_qwen3_8b,AR04,MD&A internal risk and forward-looking disclosure,5,1,5,0.2,100.0,20.0,[MDA_P001],[MDA_P001] Management Discussion and Analysis (cont’d) The Food and Beverage (“F&B”) industry in which we operate experienced unprecedented supply and demand volatility in FY2020. Movement restrictions impacted supply chain and operational,medium,"Discusses market trends, consumer behavior, and risk factors related to the pandemic impact on the F&B industry.",none,2026-06-20T09:49:04+00:00,2026-06-20T09:49:29+00:00,2026-06-15,qwen3:8b,ollama,0.0,42,4096,192,false,false,ollama_format_schema,mda_single_dimension_context_v2,2026-06-20T09:49:29+00:00,06_scoring/05_raw_model_outputs/mda_final_full/MDA_7216_KAWAN_2020_AR04_attempt_1.json,06_scoring/03_numeric_checks/mda_v2/MDA_7216_KAWAN_2020_numeric_checks.json,parsed,valid
MDA_7216_KAWAN_2020_AR05,MDA_7216_KAWAN_2020,mda,mda_disclosure_quality,mda_general_quality,initial,local_qwen3_8b,AR05,MD&A readability and structural clarity,4,1,5,0.1,75.0,7.5,[MDA_P001],[MDA_P001] Management Discussion and Analysis (cont’d) The Food and Beverage (“F&B”) industry in which we operate experienced unprecedented supply and demand volatility in FY2020. Movement restrictions impacted supply chain and operational,medium,Clear structure and logical flow in discussing market trends and consumer behaviour.,none,2026-06-20T09:49:04+00:00,2026-06-20T09:49:29+00:00,2026-06-15,qwen3:8b,ollama,0.0,42,4096,192,false,false,ollama_format_schema,mda_single_dimension_context_v2,2026-06-20T09:49:29+00:00,06_scoring/05_raw_model_outputs/mda_final_full/MDA_7216_KAWAN_2020_AR05_attempt_1.json,06_scoring/03_numeric_checks/mda_v2/MDA_7216_KAWAN_2020_numeric_checks.json,parsed,valid
MDA_7216_KAWAN_2021_AR01,MDA_7216_KAWAN_2021,mda,mda_disclosure_quality,mda_general_quality,initial,local_qwen3_8b,AR01,MD&A content completeness,4,1,5,0.15,75.0,11.25,[MDA_P001],"[MDA_P001] MANAGEMENT DISCUSSION AND ANALYSIS Dear Shareholders, On behalf of the Board and Management of Kawan Food Berhad (“Kawan” or the “Group”), I am pleased to present the Management Discussion and Analysis for financial year ended 31",medium,"Discusses operational performance, outlook, and financial results adequately.",none,2026-06-20T09:49:29+00:00,2026-06-20T09:49:50+00:00,2026-06-15,qwen3:8b,ollama,0.0,42,4096,192,false,false,ollama_format_schema,mda_single_dimension_context_v2,2026-06-20T09:49:50+00:00,06_scoring/05_raw_model_outputs/mda_final_full/MDA_7216_KAWAN_2021_AR01_attempt_1.json,06_scoring/03_numeric_checks/mda_v2/MDA_7216_KAWAN_2021_numeric_checks.json,parsed,valid
MDA_7216_KAWAN_2021_AR02,MDA_7216_KAWAN_2021,mda,mda_disclosure_quality,mda_general_quality,initial,local_qwen3_8b,AR02,MD&A internal numeric consistency and traceability,3,1,5,0.25,50.0,12.5,[MDA_P001],"[MDA_P001] MANAGEMENT DISCUSSION AND ANALYSIS Dear Shareholders, On behalf of the Board and Management of Kawan Food Berhad (“Kawan” or the “Group”), I am pleased to present the Management Discussion and Analysis for financial year ended 31",medium,Python numeric_checker: Profit before tax increase is mentioned but no numeric explanation or consistency check provided.,none,2026-06-20T09:49:29+00:00,2026-06-20T09:49:50+00:00,2026-06-15,qwen3:8b,ollama,0.0,42,4096,192,false,false,ollama_format_schema,mda_single_dimension_context_v2,2026-06-20T09:49:50+00:00,06_scoring/05_raw_model_outputs/mda_final_full/MDA_7216_KAWAN_2021_AR02_attempt_1.json,06_scoring/03_numeric_checks/mda_v2/MDA_7216_KAWAN_2021_numeric_checks.json,parsed,valid
MDA_7216_KAWAN_2021_AR03,MDA_7216_KAWAN_2021,mda,mda_disclosure_quality,mda_general_quality,initial,local_qwen3_8b,AR03,Operating analysis specificity,2,1,5,0.3,25.0,7.5,[MDA_P002],"[MDA_P002] ANNUAL REPORT 2021 OVERVIEW FY2021 was a demanding year for the business. The resurgence of COVID 19 cases and the return of movement restriction had a significant impact on society and the economy as well as Kawan’s operations,",medium,Limited operating analysis specificity with minimal financial metrics discussed,none,2026-06-20T09:49:29+00:00,2026-06-20T09:49:50+00:00,2026-06-15,qwen3:8b,ollama,0.0,42,4096,192,false,false,ollama_format_schema,mda_single_dimension_context_v2,2026-06-20T09:49:50+00:00,06_scoring/05_raw_model_outputs/mda_final_full/MDA_7216_KAWAN_2021_AR03_attempt_1.json,06_scoring/03_numeric_checks/mda_v2/MDA_7216_KAWAN_2021_numeric_checks.json,parsed,valid
MDA_7216_KAWAN_2021_AR04,MDA_7216_KAWAN_2021,mda,mda_disclosure_quality,mda_general_quality,initial,local_qwen3_8b,AR04,MD&A internal risk and forward-looking disclosure,4,1,5,0.2,75.0,15.0,[MDA_P001],"[MDA_P001] MANAGEMENT DISCUSSION AND ANALYSIS Dear Shareholders, On behalf of the Board and Management of Kawan Food Berhad (“Kawan” or the “Group”), I am pleased to present the Management Discussion and Analysis for financial year ended 31",medium,"Discusses operational performance, outlook, and risks related to pandemic impacts and supply chain challenges.",none,2026-06-20T09:49:29+00:00,2026-06-20T09:49:50+00:00,2026-06-15,qwen3:8b,ollama,0.0,42,4096,192,false,false,ollama_format_schema,mda_single_dimension_context_v2,2026-06-20T09:49:50+00:00,06_scoring/05_raw_model_outputs/mda_final_full/MDA_7216_KAWAN_2021_AR04_attempt_1.json,06_scoring/03_numeric_checks/mda_v2/MDA_7216_KAWAN_2021_numeric_checks.json,parsed,valid
MDA_7216_KAWAN_2021_AR05,MDA_7216_KAWAN_2021,mda,mda_disclosure_quality,mda_general_quality,initial,local_qwen3_8b,AR05,MD&A readability and structural clarity,2,1,5,0.1,25.0,2.5,[MDA_P001],"[MDA_P001] MANAGEMENT DISCUSSION AND ANALYSIS Dear Shareholders, On behalf of the Board and Management of Kawan Food Berhad (“Kawan” or the “Group”), I am pleased to present the Management Discussion and Analysis for financial year ended 31",medium,"Intro lacks clear structure and key metrics, making clarity difficult to assess",none,2026-06-20T09:49:29+00:00,2026-06-20T09:49:50+00:00,2026-06-15,qwen3:8b,ollama,0.0,42,4096,192,false,false,ollama_format_schema,mda_single_dimension_context_v2,2026-06-20T09:49:50+00:00,06_scoring/05_raw_model_outputs/mda_final_full/MDA_7216_KAWAN_2021_AR05_attempt_1.json,06_scoring/03_numeric_checks/mda_v2/MDA_7216_KAWAN_2021_numeric_checks.json,parsed,valid
MDA_7216_KAWAN_2022_AR01,MDA_7216_KAWAN_2022,mda,mda_disclosure_quality,mda_general_quality,initial,local_qwen3_8b,AR01,MD&A content completeness,4,1,5,0.15,75.0,11.25,[MDA_P001],"[MDA_P001] Management Discussion & Analysis Dear Shareholders, I am proud that Kawan has a team with great people who possess strength and resilience to overcome the tough challenges over the year. Together, we have faced difficult periods",medium,"Discussion covers strategic outlook, risks, and financial performance",none,2026-06-20T09:49:50+00:00,2026-06-20T09:50:16+00:00,2026-06-15,qwen3:8b,ollama,0.0,42,4096,192,false,false,ollama_format_schema,mda_single_dimension_context_v2,2026-06-20T09:50:16+00:00,06_scoring/05_raw_model_outputs/mda_final_full/MDA_7216_KAWAN_2022_AR01_attempt_1.json,06_scoring/03_numeric_checks/mda_v2/MDA_7216_KAWAN_2022_numeric_checks.json,parsed,valid
MDA_7216_KAWAN_2022_AR02,MDA_7216_KAWAN_2022,mda,mda_disclosure_quality,mda_general_quality,initial,local_qwen3_8b,AR02,MD&A internal numeric consistency and traceability,3,1,5,0.25,50.0,12.5,[MDA_P001],"[MDA_P001] Management Discussion & Analysis Dear Shareholders, I am proud that Kawan has a team with great people who possess strength and resilience to overcome the tough challenges over the year. Together, we have faced difficult periods",medium,Python numeric_checker: Profit figures are provided but no explanation for the 16.4% revenue increase or margin decrease is given.,none,2026-06-20T09:49:50+00:00,2026-06-20T09:50:16+00:00,2026-06-15,qwen3:8b,ollama,0.0,42,4096,192,false,false,ollama_format_schema,mda_single_dimension_context_v2,2026-06-20T09:50:16+00:00,06_scoring/05_raw_model_outputs/mda_final_full/MDA_7216_KAWAN_2022_AR02_attempt_1.json,06_scoring/03_numeric_checks/mda_v2/MDA_7216_KAWAN_2022_numeric_checks.json,parsed,valid
MDA_7216_KAWAN_2022_AR03,MDA_7216_KAWAN_2022,mda,mda_disclosure_quality,mda_general_quality,initial,local_qwen3_8b,AR03,Operating analysis specificity,4,1,5,0.3,75.0,22.5,[MDA_P003],"[MDA_P003] We also worked closely with our customers and suppliers to maintain our service levels, overcoming supply chain deficiencies, unprecedented inflation on input costs and labour supply challenges. We are grateful for the hard work",medium,"Discusses revenue growth, profit changes, and margin pressures with specific figures and context.",none,2026-06-20T09:49:50+00:00,2026-06-20T09:50:16+00:00,2026-06-15,qwen3:8b,ollama,0.0,42,4096,192,false,false,ollama_format_schema,mda_single_dimension_context_v2,2026-06-20T09:50:16+00:00,06_scoring/05_raw_model_outputs/mda_final_full/MDA_7216_KAWAN_2022_AR03_attempt_1.json,06_scoring/03_numeric_checks/mda_v2/MDA_7216_KAWAN_2022_numeric_checks.json,parsed,valid
MDA_7216_KAWAN_2022_AR04,MDA_7216_KAWAN_2022,mda,mda_disclosure_quality,mda_general_quality,initial,local_qwen3_8b,AR04,MD&A internal risk and forward-looking disclosure,4,1,5,0.2,75.0,15.0,[MDA_P003],"[MDA_P003] We also worked closely with our customers and suppliers to maintain our service levels, overcoming supply chain deficiencies, unprecedented inflation on input costs and labour supply challenges. We are grateful for the hard work",medium,"Discusses internal risks, cost pressures, and mitigation efforts related to input costs and pricing strategies.",none,2026-06-20T09:49:50+00:00,2026-06-20T09:50:16+00:00,2026-06-15,qwen3:8b,ollama,0.0,42,4096,192,false,false,ollama_format_schema,mda_single_dimension_context_v2,2026-06-20T09:50:16+00:00,06_scoring/05_raw_model_outputs/mda_final_full/MDA_7216_KAWAN_2022_AR04_attempt_1.json,06_scoring/03_numeric_checks/mda_v2/MDA_7216_KAWAN_2022_numeric_checks.json,parsed,valid
MDA_7216_KAWAN_2022_AR05,MDA_7216_KAWAN_2022,mda,mda_disclosure_quality,mda_general_quality,initial,local_qwen3_8b,AR05,MD&A readability and structural clarity,2,1,5,0.1,25.0,2.5,[MDA_P001],"[MDA_P001] Management Discussion & Analysis Dear Shareholders, I am proud that Kawan has a team with great people who possess strength and resilience to overcome the tough challenges over the year. Together, we have faced difficult periods",medium,Lack of structured financial discussion and clarity in MD&A section.,none,2026-06-20T09:49:50+00:00,2026-06-20T09:50:16+00:00,2026-06-15,qwen3:8b,ollama,0.0,42,4096,192,false,false,ollama_format_schema,mda_single_dimension_context_v2,2026-06-20T09:50:16+00:00,06_scoring/05_raw_model_outputs/mda_final_full/MDA_7216_KAWAN_2022_AR05_attempt_1.json,06_scoring/03_numeric_checks/mda_v2/MDA_7216_KAWAN_2022_numeric_checks.json,parsed,valid
MDA_7216_KAWAN_2023_AR01,MDA_7216_KAWAN_2023,mda,mda_disclosure_quality,mda_general_quality,initial,local_qwen3_8b,AR01,MD&A content completeness,2,1,5,0.15,25.0,3.75,[MDA_P001],[MDA_P001] MANAGEMENT DISCUSSION AND ANALYSIS Revenue (2022: RM274.8 million) RM287.2 million Profit Before Taxation (2022: RM40.1 million) RM34.3 million Cash & Cash Equivalents (2022: RM98.6 million) RM104.3 million OVERVIEW In adapting t,medium,Lacks detailed analysis of financial performance and strategic implications,none,2026-06-20T09:50:16+00:00,2026-06-20T09:50:41+00:00,2026-06-15,qwen3:8b,ollama,0.0,42,4096,192,false,false,ollama_format_schema,mda_single_dimension_context_v2,2026-06-20T09:50:41+00:00,06_scoring/05_raw_model_outputs/mda_final_full/MDA_7216_KAWAN_2023_AR01_attempt_1.json,06_scoring/03_numeric_checks/mda_v2/MDA_7216_KAWAN_2023_numeric_checks.json,parsed,valid
MDA_7216_KAWAN_2023_AR02,MDA_7216_KAWAN_2023,mda,mda_disclosure_quality,mda_general_quality,initial,local_qwen3_8b,AR02,MD&A internal numeric consistency and traceability,3,1,5,0.25,50.0,12.5,[MDA_P001],[MDA_P001] MANAGEMENT DISCUSSION AND ANALYSIS Revenue (2022: RM274.8 million) RM287.2 million Profit Before Taxation (2022: RM40.1 million) RM34.3 million Cash & Cash Equivalents (2022: RM98.6 million) RM104.3 million OVERVIEW In adapting t,medium,"Python numeric_checker: numeric_check_summary indicates not enough numbers for consistency checks, but financial figures are presented without explanation of their relationship",none,2026-06-20T09:50:16+00:00,2026-06-20T09:50:41+00:00,2026-06-15,qwen3:8b,ollama,0.0,42,4096,192,false,false,ollama_format_schema,mda_single_dimension_context_v2,2026-06-20T09:50:41+00:00,06_scoring/05_raw_model_outputs/mda_final_full/MDA_7216_KAWAN_2023_AR02_attempt_1.json,06_scoring/03_numeric_checks/mda_v2/MDA_7216_KAWAN_2023_numeric_checks.json,parsed,valid
MDA_7216_KAWAN_2023_AR03,MDA_7216_KAWAN_2023,mda,mda_disclosure_quality,mda_general_quality,initial,local_qwen3_8b,AR03,Operating analysis specificity,2,1,5,0.3,25.0,7.5,[MDA_P001],[MDA_P001] MANAGEMENT DISCUSSION AND ANALYSIS Revenue (2022: RM274.8 million) RM287.2 million Profit Before Taxation (2022: RM40.1 million) RM34.3 million Cash & Cash Equivalents (2022: RM98.6 million) RM104.3 million OVERVIEW In adapting t,medium,Lacks detailed operating analysis beyond financial figures and general statements.,none,2026-06-20T09:50:16+00:00,2026-06-20T09:50:41+00:00,2026-06-15,qwen3:8b,ollama,0.0,42,4096,192,false,false,ollama_format_schema,mda_single_dimension_context_v2,2026-06-20T09:50:41+00:00,06_scoring/05_raw_model_outputs/mda_final_full/MDA_7216_KAWAN_2023_AR03_attempt_1.json,06_scoring/03_numeric_checks/mda_v2/MDA_7216_KAWAN_2023_numeric_checks.json,parsed,valid
MDA_7216_KAWAN_2023_AR04,MDA_7216_KAWAN_2023,mda,mda_disclosure_quality,mda_general_quality,initial,local_qwen3_8b,AR04,MD&A internal risk and forward-looking disclosure,4,1,5,0.2,75.0,15.0,[MDA_P001],[MDA_P001] MANAGEMENT DISCUSSION AND ANALYSIS Revenue (2022: RM274.8 million) RM287.2 million Profit Before Taxation (2022: RM40.1 million) RM34.3 million Cash & Cash Equivalents (2022: RM98.6 million) RM104.3 million OVERVIEW In adapting t,medium,Discusses risks and forward-looking strategies with financial metrics,none,2026-06-20T09:50:16+00:00,2026-06-20T09:50:41+00:00,2026-06-15,qwen3:8b,ollama,0.0,42,4096,192,false,false,ollama_format_schema,mda_single_dimension_context_v2,2026-06-20T09:50:41+00:00,06_scoring/05_raw_model_outputs/mda_final_full/MDA_7216_KAWAN_2023_AR04_attempt_1.json,06_scoring/03_numeric_checks/mda_v2/MDA_7216_KAWAN_2023_numeric_checks.json,parsed,valid
MDA_7216_KAWAN_2023_AR05,MDA_7216_KAWAN_2023,mda,mda_disclosure_quality,mda_general_quality,initial,local_qwen3_8b,AR05,MD&A readability and structural clarity,2,1,5,0.1,25.0,2.5,[MDA_P001],[MDA_P001] MANAGEMENT DISCUSSION AND ANALYSIS Revenue (2022: RM274.8 million) RM287.2 million Profit Before Taxation (2022: RM40.1 million) RM34.3 million Cash & Cash Equivalents (2022: RM98.6 million) RM104.3 million OVERVIEW In adapting t,medium,Readability is poor with complex sentences and lack of clear structure.,none,2026-06-20T09:50:16+00:00,2026-06-20T09:50:41+00:00,2026-06-15,qwen3:8b,ollama,0.0,42,4096,192,false,false,ollama_format_schema,mda_single_dimension_context_v2,2026-06-20T09:50:41+00:00,06_scoring/05_raw_model_outputs/mda_final_full/MDA_7216_KAWAN_2023_AR05_attempt_1.json,06_scoring/03_numeric_checks/mda_v2/MDA_7216_KAWAN_2023_numeric_checks.json,parsed,valid
MDA_7216_KAWAN_2024_AR01,MDA_7216_KAWAN_2024,mda,mda_disclosure_quality,mda_general_quality,initial,local_qwen3_8b,AR01,MD&A content completeness,4,1,5,0.15,75.0,11.25,[MDA_P001],"[MDA_P001] MANAGEMENT DISCUSSION AND ANALYSIS As we reflect on 2024, I am proud to report that this has been a year of strategic transformation and resilient progress for our company. Amidst a dynamic operating environment, we remained stea",medium,"Discusses strategic transformation, sustainability, and operational efficiency but lacks detailed financial analysis",none,2026-06-20T09:50:41+00:00,2026-06-20T09:51:08+00:00,2026-06-15,qwen3:8b,ollama,0.0,42,4096,192,false,false,ollama_format_schema,mda_single_dimension_context_v2,2026-06-20T09:51:08+00:00,06_scoring/05_raw_model_outputs/mda_final_full/MDA_7216_KAWAN_2024_AR01_attempt_1.json,06_scoring/03_numeric_checks/mda_v2/MDA_7216_KAWAN_2024_numeric_checks.json,parsed,valid
MDA_7216_KAWAN_2024_AR02,MDA_7216_KAWAN_2024,mda,mda_disclosure_quality,mda_general_quality,initial,local_qwen3_8b,AR02,MD&A internal numeric consistency and traceability,3,1,5,0.25,50.0,12.5,[MDA_P003],[MDA_P003] Kawan At A Glance This is Kawan Food Berhad Our Strategic Review Financial Statements Other Information Our Commitment to Good Corporate Governance MANAGEMENT DISCUSSION AND ANALYSIS FY2024 was a year of strategic transformation,medium,"Python numeric_checker: numeric_check_summary indicates not enough numbers for consistency checks, but financial mentions are present without calculable changes",none,2026-06-20T09:50:41+00:00,2026-06-20T09:51:08+00:00,2026-06-15,qwen3:8b,ollama,0.0,42,4096,192,false,false,ollama_format_schema,mda_single_dimension_context_v2,2026-06-20T09:51:08+00:00,06_scoring/05_raw_model_outputs/mda_final_full/MDA_7216_KAWAN_2024_AR02_attempt_1.json,06_scoring/03_numeric_checks/mda_v2/MDA_7216_KAWAN_2024_numeric_checks.json,parsed,valid
MDA_7216_KAWAN_2024_AR03,MDA_7216_KAWAN_2024,mda,mda_disclosure_quality,mda_general_quality,initial,local_qwen3_8b,AR03,Operating analysis specificity,4,1,5,0.3,75.0,22.5,[MDA_P003],[MDA_P003] Kawan At A Glance This is Kawan Food Berhad Our Strategic Review Financial Statements Other Information Our Commitment to Good Corporate Governance MANAGEMENT DISCUSSION AND ANALYSIS FY2024 was a year of strategic transformation,medium,"Discusses revenue growth, export sales, and domestic revenue with specific figures and regional breakdowns.",none,2026-06-20T09:50:41+00:00,2026-06-20T09:51:08+00:00,2026-06-15,qwen3:8b,ollama,0.0,42,4096,192,false,false,ollama_format_schema,mda_single_dimension_context_v2,2026-06-20T09:51:08+00:00,06_scoring/05_raw_model_outputs/mda_final_full/MDA_7216_KAWAN_2024_AR03_attempt_1.json,06_scoring/03_numeric_checks/mda_v2/MDA_7216_KAWAN_2024_numeric_checks.json,parsed,valid
MDA_7216_KAWAN_2024_AR04,MDA_7216_KAWAN_2024,mda,mda_disclosure_quality,mda_general_quality,initial,local_qwen3_8b,AR04,MD&A internal risk and forward-looking disclosure,4,1,5,0.2,75.0,15.0,[MDA_P001],"[MDA_P001] MANAGEMENT DISCUSSION AND ANALYSIS As we reflect on 2024, I am proud to report that this has been a year of strategic transformation and resilient progress for our company. Amidst a dynamic operating environment, we remained stea",medium,"Discusses strategic transformation, automation, ESG, and risk mitigation.",none,2026-06-20T09:50:41+00:00,2026-06-20T09:51:08+00:00,2026-06-15,qwen3:8b,ollama,0.0,42,4096,192,false,false,ollama_format_schema,mda_single_dimension_context_v2,2026-06-20T09:51:08+00:00,06_scoring/05_raw_model_outputs/mda_final_full/MDA_7216_KAWAN_2024_AR04_attempt_1.json,06_scoring/03_numeric_checks/mda_v2/MDA_7216_KAWAN_2024_numeric_checks.json,parsed,valid
MDA_7216_KAWAN_2024_AR05,MDA_7216_KAWAN_2024,mda,mda_disclosure_quality,mda_general_quality,initial,local_qwen3_8b,AR05,MD&A readability and structural clarity,2,1,5,0.1,25.0,2.5,[MDA_P001],"[MDA_P001] MANAGEMENT DISCUSSION AND ANALYSIS As we reflect on 2024, I am proud to report that this has been a year of strategic transformation and resilient progress for our company. Amidst a dynamic operating environment, we remained stea",medium,Lacks clear structure and readability with repetitive sections and unclear paragraph organization.,none,2026-06-20T09:50:41+00:00,2026-06-20T09:51:08+00:00,2026-06-15,qwen3:8b,ollama,0.0,42,4096,192,false,false,ollama_format_schema,mda_single_dimension_context_v2,2026-06-20T09:51:08+00:00,06_scoring/05_raw_model_outputs/mda_final_full/MDA_7216_KAWAN_2024_AR05_attempt_1.json,06_scoring/03_numeric_checks/mda_v2/MDA_7216_KAWAN_2024_numeric_checks.json,parsed,valid
MDA_7237_PWROOT_2020_AR01,MDA_7237_PWROOT_2020,mda,mda_disclosure_quality,mda_general_quality,initial,local_qwen3_8b,AR01,MD&A content completeness,4,1,5,0.15,75.0,11.25,[MDA_P001],[MDA_P001] MANAGEMENT DISCUSSION AND ANALYSIS,medium,"Discusses market movements, raw material prices, and currency impact on margins.",none,2026-06-20T09:51:08+00:00,2026-06-20T09:51:30+00:00,2026-06-15,qwen3:8b,ollama,0.0,42,4096,192,false,false,ollama_format_schema,mda_single_dimension_context_v2,2026-06-20T09:51:30+00:00,06_scoring/05_raw_model_outputs/mda_final_full/MDA_7237_PWROOT_2020_AR01_attempt_1.json,06_scoring/03_numeric_checks/mda_v2/MDA_7237_PWROOT_2020_numeric_checks.json,parsed,valid
MDA_7237_PWROOT_2020_AR02,MDA_7237_PWROOT_2020,mda,mda_disclosure_quality,mda_general_quality,initial,local_qwen3_8b,AR02,MD&A internal numeric consistency and traceability,3,1,5,0.25,50.0,12.5,[MDA_P001],[MDA_P001] MANAGEMENT DISCUSSION AND ANALYSIS,medium,Python numeric_checker: Discussion mentions ROI focus but lacks numeric evidence or consistency checks.,none,2026-06-20T09:51:08+00:00,2026-06-20T09:51:30+00:00,2026-06-15,qwen3:8b,ollama,0.0,42,4096,192,false,false,ollama_format_schema,mda_single_dimension_context_v2,2026-06-20T09:51:30+00:00,06_scoring/05_raw_model_outputs/mda_final_full/MDA_7237_PWROOT_2020_AR02_attempt_1.json,06_scoring/03_numeric_checks/mda_v2/MDA_7237_PWROOT_2020_numeric_checks.json,parsed,valid
MDA_7237_PWROOT_2020_AR03,MDA_7237_PWROOT_2020,mda,mda_disclosure_quality,mda_general_quality,initial,local_qwen3_8b,AR03,Operating analysis specificity,2,1,5,0.3,25.0,7.5,[MDA_P002],"[MDA_P002] Power Root Berhad Registration Number: 200601013517 (733268-U) I Annual Report 2020 THE BUSINESS ENVIRONMENT Demanding economic conditions resulted in cautious consumer spending during the year, even prior to the introduction of",medium,Lacks specific operating metrics or analysis beyond strategic mentions,none,2026-06-20T09:51:08+00:00,2026-06-20T09:51:30+00:00,2026-06-15,qwen3:8b,ollama,0.0,42,4096,192,false,false,ollama_format_schema,mda_single_dimension_context_v2,2026-06-20T09:51:30+00:00,06_scoring/05_raw_model_outputs/mda_final_full/MDA_7237_PWROOT_2020_AR03_attempt_1.json,06_scoring/03_numeric_checks/mda_v2/MDA_7237_PWROOT_2020_numeric_checks.json,parsed,valid
MDA_7237_PWROOT_2020_AR04,MDA_7237_PWROOT_2020,mda,mda_disclosure_quality,mda_general_quality,initial,local_qwen3_8b,AR04,MD&A internal risk and forward-looking disclosure,2,1,5,0.2,25.0,5.0,[MDA_P003],"[MDA_P003] In the wider global context, the Group benefited from favourable market movements this past year. The lower price of raw materials, coffee in particular, contributed to an improvement in margins. At the same time, the strengtheni",medium,Discusses market movements and risk factors but lacks detailed forward-looking disclosures.,none,2026-06-20T09:51:08+00:00,2026-06-20T09:51:30+00:00,2026-06-15,qwen3:8b,ollama,0.0,42,4096,192,false,false,ollama_format_schema,mda_single_dimension_context_v2,2026-06-20T09:51:30+00:00,06_scoring/05_raw_model_outputs/mda_final_full/MDA_7237_PWROOT_2020_AR04_attempt_1.json,06_scoring/03_numeric_checks/mda_v2/MDA_7237_PWROOT_2020_numeric_checks.json,parsed,valid
MDA_7237_PWROOT_2020_AR05,MDA_7237_PWROOT_2020,mda,mda_disclosure_quality,mda_general_quality,initial,local_qwen3_8b,AR05,MD&A readability and structural clarity,2,1,5,0.1,25.0,2.5,[MDA_P001],[MDA_P001] MANAGEMENT DISCUSSION AND ANALYSIS,medium,"Paragraph lacks clear structure and readability, with abrupt transitions and inconsistent formatting.",none,2026-06-20T09:51:08+00:00,2026-06-20T09:51:30+00:00,2026-06-15,qwen3:8b,ollama,0.0,42,4096,192,false,false,ollama_format_schema,mda_single_dimension_context_v2,2026-06-20T09:51:30+00:00,06_scoring/05_raw_model_outputs/mda_final_full/MDA_7237_PWROOT_2020_AR05_attempt_1.json,06_scoring/03_numeric_checks/mda_v2/MDA_7237_PWROOT_2020_numeric_checks.json,parsed,valid
MDA_7237_PWROOT_2021_AR01,MDA_7237_PWROOT_2021,mda,mda_disclosure_quality,mda_general_quality,initial,local_qwen3_8b,AR01,MD&A content completeness,2,1,5,0.15,25.0,3.75,[MDA_P001],"[MDA_P001] MANAGEMENT DISCUSSION AND ANALYSIS This has been an extraordinary year. We have all had to adjust to living with social and economic uncertainty under new circumstances. On the personal front, parents have had to learn to supervi",medium,"Lacks detailed financial analysis and discussion of margins, segments, and key performance indicators.",none,2026-06-20T09:51:30+00:00,2026-06-20T09:51:53+00:00,2026-06-15,qwen3:8b,ollama,0.0,42,4096,192,false,false,ollama_format_schema,mda_single_dimension_context_v2,2026-06-20T09:51:53+00:00,06_scoring/05_raw_model_outputs/mda_final_full/MDA_7237_PWROOT_2021_AR01_attempt_1.json,06_scoring/03_numeric_checks/mda_v2/MDA_7237_PWROOT_2021_numeric_checks.json,parsed,valid
MDA_7237_PWROOT_2021_AR02,MDA_7237_PWROOT_2021,mda,mda_disclosure_quality,mda_general_quality,initial,local_qwen3_8b,AR02,MD&A internal numeric consistency and traceability,3,1,5,0.25,50.0,12.5,[MDA_P001],"[MDA_P001] MANAGEMENT DISCUSSION AND ANALYSIS This has been an extraordinary year. We have all had to adjust to living with social and economic uncertainty under new circumstances. On the personal front, parents have had to learn to supervi",medium,Python numeric_checker: Lacks numeric checks or explanations for financial discussions,none,2026-06-20T09:51:30+00:00,2026-06-20T09:51:53+00:00,2026-06-15,qwen3:8b,ollama,0.0,42,4096,192,false,false,ollama_format_schema,mda_single_dimension_context_v2,2026-06-20T09:51:53+00:00,06_scoring/05_raw_model_outputs/mda_final_full/MDA_7237_PWROOT_2021_AR02_attempt_1.json,06_scoring/03_numeric_checks/mda_v2/MDA_7237_PWROOT_2021_numeric_checks.json,parsed,valid
MDA_7237_PWROOT_2021_AR03,MDA_7237_PWROOT_2021,mda,mda_disclosure_quality,mda_general_quality,initial,local_qwen3_8b,AR03,Operating analysis specificity,2,1,5,0.3,25.0,7.5,[MDA_P001],"[MDA_P001] MANAGEMENT DISCUSSION AND ANALYSIS This has been an extraordinary year. We have all had to adjust to living with social and economic uncertainty under new circumstances. On the personal front, parents have had to learn to supervi",medium,Lacks specific operating analysis details,none,2026-06-20T09:51:30+00:00,2026-06-20T09:51:53+00:00,2026-06-15,qwen3:8b,ollama,0.0,42,4096,192,false,false,ollama_format_schema,mda_single_dimension_context_v2,2026-06-20T09:51:53+00:00,06_scoring/05_raw_model_outputs/mda_final_full/MDA_7237_PWROOT_2021_AR03_attempt_1.json,06_scoring/03_numeric_checks/mda_v2/MDA_7237_PWROOT_2021_numeric_checks.json,parsed,valid
MDA_7237_PWROOT_2021_AR04,MDA_7237_PWROOT_2021,mda,mda_disclosure_quality,mda_general_quality,initial,local_qwen3_8b,AR04,MD&A internal risk and forward-looking disclosure,2,1,5,0.2,25.0,5.0,[MDA_P001],"[MDA_P001] MANAGEMENT DISCUSSION AND ANALYSIS This has been an extraordinary year. We have all had to adjust to living with social and economic uncertainty under new circumstances. On the personal front, parents have had to learn to supervi",medium,"Lacks specific risk and forward-looking disclosures, focusing on general adaptation rather than concrete strategies or uncertainties.",none,2026-06-20T09:51:30+00:00,2026-06-20T09:51:53+00:00,2026-06-15,qwen3:8b,ollama,0.0,42,4096,192,false,false,ollama_format_schema,mda_single_dimension_context_v2,2026-06-20T09:51:53+00:00,06_scoring/05_raw_model_outputs/mda_final_full/MDA_7237_PWROOT_2021_AR04_attempt_1.json,06_scoring/03_numeric_checks/mda_v2/MDA_7237_PWROOT_2021_numeric_checks.json,parsed,valid
MDA_7237_PWROOT_2021_AR05,MDA_7237_PWROOT_2021,mda,mda_disclosure_quality,mda_general_quality,initial,local_qwen3_8b,AR05,MD&A readability and structural clarity,2,1,5,0.1,25.0,2.5,[MDA_P001],"[MDA_P001] MANAGEMENT DISCUSSION AND ANALYSIS This has been an extraordinary year. We have all had to adjust to living with social and economic uncertainty under new circumstances. On the personal front, parents have had to learn to supervi",medium,Lacks specific financial data and focuses on general observations rather than structured analysis.,none,2026-06-20T09:51:30+00:00,2026-06-20T09:51:53+00:00,2026-06-15,qwen3:8b,ollama,0.0,42,4096,192,false,false,ollama_format_schema,mda_single_dimension_context_v2,2026-06-20T09:51:53+00:00,06_scoring/05_raw_model_outputs/mda_final_full/MDA_7237_PWROOT_2021_AR05_attempt_1.json,06_scoring/03_numeric_checks/mda_v2/MDA_7237_PWROOT_2021_numeric_checks.json,parsed,valid
MDA_7237_PWROOT_2022_AR01,MDA_7237_PWROOT_2022,mda,mda_disclosure_quality,mda_general_quality,initial,local_qwen3_8b,AR01,MD&A content completeness,2,1,5,0.15,25.0,3.75,[MDA_P001],[MDA_P001] MANAGEMENT DISCUSSION AND ANALYSIS Power Root Berhad Registration Number: 200601013517 (733268-U),medium,Lacks detailed discussion on margins and segments as required by AR01,none,2026-06-20T09:51:53+00:00,2026-06-20T09:52:17+00:00,2026-06-15,qwen3:8b,ollama,0.0,42,4096,192,false,false,ollama_format_schema,mda_single_dimension_context_v2,2026-06-20T09:52:17+00:00,06_scoring/05_raw_model_outputs/mda_final_full/MDA_7237_PWROOT_2022_AR01_attempt_1.json,06_scoring/03_numeric_checks/mda_v2/MDA_7237_PWROOT_2022_numeric_checks.json,parsed,valid
MDA_7237_PWROOT_2022_AR02,MDA_7237_PWROOT_2022,mda,mda_disclosure_quality,mda_general_quality,initial,local_qwen3_8b,AR02,MD&A internal numeric consistency and traceability,3,1,5,0.25,50.0,12.5,[MDA_P001],[MDA_P001] MANAGEMENT DISCUSSION AND ANALYSIS Power Root Berhad Registration Number: 200601013517 (733268-U),medium,Python numeric_checker: Lacks numeric checks despite financial mentions,none,2026-06-20T09:51:53+00:00,2026-06-20T09:52:17+00:00,2026-06-15,qwen3:8b,ollama,0.0,42,4096,192,false,false,ollama_format_schema,mda_single_dimension_context_v2,2026-06-20T09:52:17+00:00,06_scoring/05_raw_model_outputs/mda_final_full/MDA_7237_PWROOT_2022_AR02_attempt_1.json,06_scoring/03_numeric_checks/mda_v2/MDA_7237_PWROOT_2022_numeric_checks.json,parsed,valid
MDA_7237_PWROOT_2022_AR03,MDA_7237_PWROOT_2022,mda,mda_disclosure_quality,mda_general_quality,initial,local_qwen3_8b,AR03,Operating analysis specificity,2,1,5,0.3,25.0,7.5,[MDA_P002],"[MDA_P002] Power Root Berhad Registration Number: 200601013517 (733268-U) Annual Report 2022 Power Root was similarly affected by these challenges as we faced labour shortages in the short term. However, the Group as a whole responded with",medium,Lacks detailed operating analysis metrics or specific financial performance indicators.,none,2026-06-20T09:51:53+00:00,2026-06-20T09:52:17+00:00,2026-06-15,qwen3:8b,ollama,0.0,42,4096,192,false,false,ollama_format_schema,mda_single_dimension_context_v2,2026-06-20T09:52:17+00:00,06_scoring/05_raw_model_outputs/mda_final_full/MDA_7237_PWROOT_2022_AR03_attempt_1.json,06_scoring/03_numeric_checks/mda_v2/MDA_7237_PWROOT_2022_numeric_checks.json,parsed,valid
MDA_7237_PWROOT_2022_AR04,MDA_7237_PWROOT_2022,mda,mda_disclosure_quality,mda_general_quality,initial,local_qwen3_8b,AR04,MD&A internal risk and forward-looking disclosure,4,1,5,0.2,75.0,15.0,[MDA_P002],"[MDA_P002] Power Root Berhad Registration Number: 200601013517 (733268-U) Annual Report 2022 Power Root was similarly affected by these challenges as we faced labour shortages in the short term. However, the Group as a whole responded with",medium,"Discusses business environment, risks, and forward-looking strategies with clear context.",none,2026-06-20T09:51:53+00:00,2026-06-20T09:52:17+00:00,2026-06-15,qwen3:8b,ollama,0.0,42,4096,192,false,false,ollama_format_schema,mda_single_dimension_context_v2,2026-06-20T09:52:17+00:00,06_scoring/05_raw_model_outputs/mda_final_full/MDA_7237_PWROOT_2022_AR04_attempt_1.json,06_scoring/03_numeric_checks/mda_v2/MDA_7237_PWROOT_2022_numeric_checks.json,parsed,valid
MDA_7237_PWROOT_2022_AR05,MDA_7237_PWROOT_2022,mda,mda_disclosure_quality,mda_general_quality,initial,local_qwen3_8b,AR05,MD&A readability and structural clarity,2,1,5,0.1,25.0,2.5,[MDA_P001],[MDA_P001] MANAGEMENT DISCUSSION AND ANALYSIS Power Root Berhad Registration Number: 200601013517 (733268-U),medium,Discussion lacks clear structure and financial context,none,2026-06-20T09:51:53+00:00,2026-06-20T09:52:17+00:00,2026-06-15,qwen3:8b,ollama,0.0,42,4096,192,false,false,ollama_format_schema,mda_single_dimension_context_v2,2026-06-20T09:52:17+00:00,06_scoring/05_raw_model_outputs/mda_final_full/MDA_7237_PWROOT_2022_AR05_attempt_1.json,06_scoring/03_numeric_checks/mda_v2/MDA_7237_PWROOT_2022_numeric_checks.json,parsed,valid
MDA_7237_PWROOT_2023_AR01,MDA_7237_PWROOT_2023,mda,mda_disclosure_quality,mda_general_quality,initial,local_qwen3_8b,AR01,MD&A content completeness,4,1,5,0.15,75.0,11.25,[MDA_P001],[MDA_P001] MANAGEMENT DISCUSSION AND ANALYSIS cont’d,medium,"Discusses operational achievements, production efficiency, and market recovery but lacks margin and segment analysis.",none,2026-06-20T09:52:17+00:00,2026-06-20T09:52:43+00:00,2026-06-15,qwen3:8b,ollama,0.0,42,4096,192,false,false,ollama_format_schema,mda_single_dimension_context_v2,2026-06-20T09:52:43+00:00,06_scoring/05_raw_model_outputs/mda_final_full/MDA_7237_PWROOT_2023_AR01_attempt_1.json,06_scoring/03_numeric_checks/mda_v2/MDA_7237_PWROOT_2023_numeric_checks.json,parsed,valid
MDA_7237_PWROOT_2023_AR02,MDA_7237_PWROOT_2023,mda,mda_disclosure_quality,mda_general_quality,initial,local_qwen3_8b,AR02,MD&A internal numeric consistency and traceability,3,1,5,0.25,50.0,12.5,[MDA_P001],[MDA_P001] MANAGEMENT DISCUSSION AND ANALYSIS cont’d,medium,Python numeric_checker: numeric_check_summary indicates not enough numbers for consistency checks,none,2026-06-20T09:52:17+00:00,2026-06-20T09:52:43+00:00,2026-06-15,qwen3:8b,ollama,0.0,42,4096,192,false,false,ollama_format_schema,mda_single_dimension_context_v2,2026-06-20T09:52:43+00:00,06_scoring/05_raw_model_outputs/mda_final_full/MDA_7237_PWROOT_2023_AR02_attempt_1.json,06_scoring/03_numeric_checks/mda_v2/MDA_7237_PWROOT_2023_numeric_checks.json,parsed,valid
MDA_7237_PWROOT_2023_AR03,MDA_7237_PWROOT_2023,mda,mda_disclosure_quality,mda_general_quality,initial,local_qwen3_8b,AR03,Operating analysis specificity,2,1,5,0.3,25.0,7.5,[MDA_P002],"[MDA_P002] AR 2023 China and Hong Kong were among the last countries to reopen their borders, with China doing so on 1 January 2023 and Hong Kong in February 2023. There was little movement in our activities in these countries for FY 2023 b",medium,Lacks specific operating analysis metrics or trends,none,2026-06-20T09:52:17+00:00,2026-06-20T09:52:43+00:00,2026-06-15,qwen3:8b,ollama,0.0,42,4096,192,false,false,ollama_format_schema,mda_single_dimension_context_v2,2026-06-20T09:52:43+00:00,06_scoring/05_raw_model_outputs/mda_final_full/MDA_7237_PWROOT_2023_AR03_attempt_1.json,06_scoring/03_numeric_checks/mda_v2/MDA_7237_PWROOT_2023_numeric_checks.json,parsed,valid
MDA_7237_PWROOT_2023_AR04,MDA_7237_PWROOT_2023,mda,mda_disclosure_quality,mda_general_quality,initial,local_qwen3_8b,AR04,MD&A internal risk and forward-looking disclosure,2,1,5,0.2,25.0,5.0,[MDA_P002],"[MDA_P002] AR 2023 China and Hong Kong were among the last countries to reopen their borders, with China doing so on 1 January 2023 and Hong Kong in February 2023. There was little movement in our activities in these countries for FY 2023 b",medium,Limited forward-looking risk disclosure and no specific mitigation strategies mentioned.,none,2026-06-20T09:52:17+00:00,2026-06-20T09:52:43+00:00,2026-06-15,qwen3:8b,ollama,0.0,42,4096,192,false,false,ollama_format_schema,mda_single_dimension_context_v2,2026-06-20T09:52:43+00:00,06_scoring/05_raw_model_outputs/mda_final_full/MDA_7237_PWROOT_2023_AR04_attempt_1.json,06_scoring/03_numeric_checks/mda_v2/MDA_7237_PWROOT_2023_numeric_checks.json,parsed,valid
MDA_7237_PWROOT_2023_AR05,MDA_7237_PWROOT_2023,mda,mda_disclosure_quality,mda_general_quality,initial,local_qwen3_8b,AR05,MD&A readability and structural clarity,2,1,5,0.1,25.0,2.5,[MDA_P001],[MDA_P001] MANAGEMENT DISCUSSION AND ANALYSIS cont’d,medium,Paragraph lacks clear structure and flows poorly between topics.,none,2026-06-20T09:52:17+00:00,2026-06-20T09:52:43+00:00,2026-06-15,qwen3:8b,ollama,0.0,42,4096,192,false,false,ollama_format_schema,mda_single_dimension_context_v2,2026-06-20T09:52:43+00:00,06_scoring/05_raw_model_outputs/mda_final_full/MDA_7237_PWROOT_2023_AR05_attempt_1.json,06_scoring/03_numeric_checks/mda_v2/MDA_7237_PWROOT_2023_numeric_checks.json,parsed,valid
MDA_7237_PWROOT_2024_AR01,MDA_7237_PWROOT_2024,mda,mda_disclosure_quality,mda_general_quality,initial,local_qwen3_8b,AR01,MD&A content completeness,2,1,5,0.15,25.0,3.75,[MDA_P001],[MDA_P001] MANAGEMENT DISCUSSION AND ANALYSIS (cont’d) meet their demand for high quality beverages. We also know that it is crucial for us to be agile and to adapt in a competitive beverage market with unpredictable consumer behaviour. Con,medium,MD&A section lacks detailed analysis of financial performance and strategic initiatives.,none,2026-06-20T09:52:43+00:00,2026-06-20T09:53:08+00:00,2026-06-15,qwen3:8b,ollama,0.0,42,4096,192,false,false,ollama_format_schema,mda_single_dimension_context_v2,2026-06-20T09:53:08+00:00,06_scoring/05_raw_model_outputs/mda_final_full/MDA_7237_PWROOT_2024_AR01_attempt_1.json,06_scoring/03_numeric_checks/mda_v2/MDA_7237_PWROOT_2024_numeric_checks.json,parsed,valid
MDA_7237_PWROOT_2024_AR02,MDA_7237_PWROOT_2024,mda,mda_disclosure_quality,mda_general_quality,initial,local_qwen3_8b,AR02,MD&A internal numeric consistency and traceability,3,1,5,0.25,50.0,12.5,[MDA_P003],"[MDA_P003] To reach out to consumers, we use traditional and digital media platforms, in-store activities and promotions, and run campaigns which attract attention to our brands. We participate in joint events where we are able to promote b",medium,Python numeric_checker: No numeric evidence or explanation for marketing spend or campaign metrics.,none,2026-06-20T09:52:43+00:00,2026-06-20T09:53:08+00:00,2026-06-15,qwen3:8b,ollama,0.0,42,4096,192,false,false,ollama_format_schema,mda_single_dimension_context_v2,2026-06-20T09:53:08+00:00,06_scoring/05_raw_model_outputs/mda_final_full/MDA_7237_PWROOT_2024_AR02_attempt_1.json,06_scoring/03_numeric_checks/mda_v2/MDA_7237_PWROOT_2024_numeric_checks.json,parsed,valid
MDA_7237_PWROOT_2024_AR03,MDA_7237_PWROOT_2024,mda,mda_disclosure_quality,mda_general_quality,initial,local_qwen3_8b,AR03,Operating analysis specificity,2,1,5,0.3,25.0,7.5,[MDA_P001],[MDA_P001] MANAGEMENT DISCUSSION AND ANALYSIS (cont’d) meet their demand for high quality beverages. We also know that it is crucial for us to be agile and to adapt in a competitive beverage market with unpredictable consumer behaviour. Con,medium,Lacks specific operating metrics or analysis beyond general statements,none,2026-06-20T09:52:43+00:00,2026-06-20T09:53:08+00:00,2026-06-15,qwen3:8b,ollama,0.0,42,4096,192,false,false,ollama_format_schema,mda_single_dimension_context_v2,2026-06-20T09:53:08+00:00,06_scoring/05_raw_model_outputs/mda_final_full/MDA_7237_PWROOT_2024_AR03_attempt_1.json,06_scoring/03_numeric_checks/mda_v2/MDA_7237_PWROOT_2024_numeric_checks.json,parsed,valid
MDA_7237_PWROOT_2024_AR04,MDA_7237_PWROOT_2024,mda,mda_disclosure_quality,mda_general_quality,initial,local_qwen3_8b,AR04,MD&A internal risk and forward-looking disclosure,2,1,5,0.2,25.0,5.0,[MDA_P001],[MDA_P001] MANAGEMENT DISCUSSION AND ANALYSIS (cont’d) meet their demand for high quality beverages. We also know that it is crucial for us to be agile and to adapt in a competitive beverage market with unpredictable consumer behaviour. Con,medium,Lacks specific forward-looking statements or risk disclosures required for AR04,none,2026-06-20T09:52:43+00:00,2026-06-20T09:53:08+00:00,2026-06-15,qwen3:8b,ollama,0.0,42,4096,192,false,false,ollama_format_schema,mda_single_dimension_context_v2,2026-06-20T09:53:08+00:00,06_scoring/05_raw_model_outputs/mda_final_full/MDA_7237_PWROOT_2024_AR04_attempt_1.json,06_scoring/03_numeric_checks/mda_v2/MDA_7237_PWROOT_2024_numeric_checks.json,parsed,valid
MDA_7237_PWROOT_2024_AR05,MDA_7237_PWROOT_2024,mda,mda_disclosure_quality,mda_general_quality,initial,local_qwen3_8b,AR05,MD&A readability and structural clarity,2,1,5,0.1,25.0,2.5,[MDA_P001],[MDA_P001] MANAGEMENT DISCUSSION AND ANALYSIS (cont’d) meet their demand for high quality beverages. We also know that it is crucial for us to be agile and to adapt in a competitive beverage market with unpredictable consumer behaviour. Con,medium,"Paragraph lacks clear structure and logical flow, making it hard to follow.",none,2026-06-20T09:52:43+00:00,2026-06-20T09:53:08+00:00,2026-06-15,qwen3:8b,ollama,0.0,42,4096,192,false,false,ollama_format_schema,mda_single_dimension_context_v2,2026-06-20T09:53:08+00:00,06_scoring/05_raw_model_outputs/mda_final_full/MDA_7237_PWROOT_2024_AR05_attempt_1.json,06_scoring/03_numeric_checks/mda_v2/MDA_7237_PWROOT_2024_numeric_checks.json,parsed,valid
MDA_7243_MAGMA_2020_AR01,MDA_7243_MAGMA_2020,mda,mda_disclosure_quality,mda_general_quality,initial,local_qwen3_8b,AR01,MD&A content completeness,2,1,5,0.15,25.0,3.75,[MDA_P001],[MDA_P001] MANAGEMENT DISCUSSION & ANALYSIS 1. FINANCIAL REVIEW,medium,Financial review lacks detailed analysis of revenue drivers and cost structure.,none,2026-06-20T09:53:08+00:00,2026-06-20T09:53:33+00:00,2026-06-15,qwen3:8b,ollama,0.0,42,4096,192,false,false,ollama_format_schema,mda_single_dimension_context_v2,2026-06-20T09:53:33+00:00,06_scoring/05_raw_model_outputs/mda_final_full/MDA_7243_MAGMA_2020_AR01_attempt_1.json,06_scoring/03_numeric_checks/mda_v2/MDA_7243_MAGMA_2020_numeric_checks.json,parsed,valid
MDA_7243_MAGMA_2020_AR02,MDA_7243_MAGMA_2020,mda,mda_disclosure_quality,mda_general_quality,initial,local_qwen3_8b,AR02,MD&A internal numeric consistency and traceability,2,1,5,0.25,25.0,6.25,[MDA_P002],[MDA_P002] The Company had changed its financial year end from 31 December to 30 June during the current financial period ended 30 June 2020 (“FPE 2020”). The change in the current financial period was made to facilitate more time for our E,medium,Python numeric_checker: numeric_check_summary indicates a material discrepancy in margin calculation but lacks explanation for the inconsistency.,none,2026-06-20T09:53:08+00:00,2026-06-20T09:53:33+00:00,2026-06-15,qwen3:8b,ollama,0.0,42,4096,192,false,false,ollama_format_schema,mda_single_dimension_context_v2,2026-06-20T09:53:33+00:00,06_scoring/05_raw_model_outputs/mda_final_full/MDA_7243_MAGMA_2020_AR02_attempt_1.json,06_scoring/03_numeric_checks/mda_v2/MDA_7243_MAGMA_2020_numeric_checks.json,parsed,valid
MDA_7243_MAGMA_2020_AR03,MDA_7243_MAGMA_2020,mda,mda_disclosure_quality,mda_general_quality,initial,local_qwen3_8b,AR03,Operating analysis specificity,2,1,5,0.3,25.0,7.5,[MDA_P002],[MDA_P002] The Company had changed its financial year end from 31 December to 30 June during the current financial period ended 30 June 2020 (“FPE 2020”). The change in the current financial period was made to facilitate more time for our E,medium,Financial year change and restatement issues impact operating analysis specificity.,none,2026-06-20T09:53:08+00:00,2026-06-20T09:53:33+00:00,2026-06-15,qwen3:8b,ollama,0.0,42,4096,192,false,false,ollama_format_schema,mda_single_dimension_context_v2,2026-06-20T09:53:33+00:00,06_scoring/05_raw_model_outputs/mda_final_full/MDA_7243_MAGMA_2020_AR03_attempt_1.json,06_scoring/03_numeric_checks/mda_v2/MDA_7243_MAGMA_2020_numeric_checks.json,parsed,valid
MDA_7243_MAGMA_2020_AR04,MDA_7243_MAGMA_2020,mda,mda_disclosure_quality,mda_general_quality,initial,local_qwen3_8b,AR04,MD&A internal risk and forward-looking disclosure,4,1,5,0.2,75.0,15.0,[MDA_P023],[MDA_P023] The performances of the Company and its subsidiaries in the hospitality business are dependent on the following key risk areas: (a) Changes in Economic Environment and Natural Disasters,medium,Discusses key business risks with specific examples and mitigation strategies.,none,2026-06-20T09:53:08+00:00,2026-06-20T09:53:33+00:00,2026-06-15,qwen3:8b,ollama,0.0,42,4096,192,false,false,ollama_format_schema,mda_single_dimension_context_v2,2026-06-20T09:53:33+00:00,06_scoring/05_raw_model_outputs/mda_final_full/MDA_7243_MAGMA_2020_AR04_attempt_1.json,06_scoring/03_numeric_checks/mda_v2/MDA_7243_MAGMA_2020_numeric_checks.json,parsed,valid
MDA_7243_MAGMA_2020_AR05,MDA_7243_MAGMA_2020,mda,mda_disclosure_quality,mda_general_quality,initial,local_qwen3_8b,AR05,MD&A readability and structural clarity,2,1,5,0.1,25.0,2.5,[MDA_P001],[MDA_P001] MANAGEMENT DISCUSSION & ANALYSIS 1. FINANCIAL REVIEW,medium,Financial review section lacks clear structure and contextual links to supporting data.,none,2026-06-20T09:53:08+00:00,2026-06-20T09:53:33+00:00,2026-06-15,qwen3:8b,ollama,0.0,42,4096,192,false,false,ollama_format_schema,mda_single_dimension_context_v2,2026-06-20T09:53:33+00:00,06_scoring/05_raw_model_outputs/mda_final_full/MDA_7243_MAGMA_2020_AR05_attempt_1.json,06_scoring/03_numeric_checks/mda_v2/MDA_7243_MAGMA_2020_numeric_checks.json,parsed,valid
MDA_7243_MAGMA_2021_AR01,MDA_7243_MAGMA_2021,mda,mda_disclosure_quality,mda_general_quality,initial,local_qwen3_8b,AR01,MD&A content completeness,4,1,5,0.15,75.0,11.25,[MDA_P001],[MDA_P001] MANAGEMENT DISCUSSION & ANALYSIS 1. FINANCIAL REVIEW,medium,"Discusses revenue, gross profit, expenses, and financial performance with clear context.",none,2026-06-20T09:53:33+00:00,2026-06-20T09:53:57+00:00,2026-06-15,qwen3:8b,ollama,0.0,42,4096,192,false,false,ollama_format_schema,mda_single_dimension_context_v2,2026-06-20T09:53:57+00:00,06_scoring/05_raw_model_outputs/mda_final_full/MDA_7243_MAGMA_2021_AR01_attempt_1.json,06_scoring/03_numeric_checks/mda_v2/MDA_7243_MAGMA_2021_numeric_checks.json,parsed,valid
MDA_7243_MAGMA_2021_AR02,MDA_7243_MAGMA_2021,mda,mda_disclosure_quality,mda_general_quality,initial,local_qwen3_8b,AR02,MD&A internal numeric consistency and traceability,2,1,5,0.25,25.0,6.25,[MDA_P003],"[MDA_P003] The summary of the Statement of Comprehensive Income is as follows: (RM ‘000) FYE 2021 FPE 2020 (18 Months) Variance FYE 2021 vs. FPE 2020 Revenue 19,499 33,818 (42%) Gross Profit (“GP”) 6,193 17,256 (64%) Gross Profit Margin (“G",medium,"Python numeric_checker: Margin discrepancy not explained, calculated value conflicts with stated value.",none,2026-06-20T09:53:33+00:00,2026-06-20T09:53:57+00:00,2026-06-15,qwen3:8b,ollama,0.0,42,4096,192,false,false,ollama_format_schema,mda_single_dimension_context_v2,2026-06-20T09:53:57+00:00,06_scoring/05_raw_model_outputs/mda_final_full/MDA_7243_MAGMA_2021_AR02_attempt_1.json,06_scoring/03_numeric_checks/mda_v2/MDA_7243_MAGMA_2021_numeric_checks.json,parsed,valid
MDA_7243_MAGMA_2021_AR03,MDA_7243_MAGMA_2021,mda,mda_disclosure_quality,mda_general_quality,initial,local_qwen3_8b,AR03,Operating analysis specificity,2,1,5,0.3,25.0,7.5,[MDA_P003],"[MDA_P003] The summary of the Statement of Comprehensive Income is as follows: (RM ‘000) FYE 2021 FPE 2020 (18 Months) Variance FYE 2021 vs. FPE 2020 Revenue 19,499 33,818 (42%) Gross Profit (“GP”) 6,193 17,256 (64%) Gross Profit Margin (“G",medium,Revenue and gross profit variances are presented but lack detailed analysis of operating performance drivers.,none,2026-06-20T09:53:33+00:00,2026-06-20T09:53:57+00:00,2026-06-15,qwen3:8b,ollama,0.0,42,4096,192,false,false,ollama_format_schema,mda_single_dimension_context_v2,2026-06-20T09:53:57+00:00,06_scoring/05_raw_model_outputs/mda_final_full/MDA_7243_MAGMA_2021_AR03_attempt_1.json,06_scoring/03_numeric_checks/mda_v2/MDA_7243_MAGMA_2021_numeric_checks.json,parsed,valid
MDA_7243_MAGMA_2021_AR04,MDA_7243_MAGMA_2021,mda,mda_disclosure_quality,mda_general_quality,initial,local_qwen3_8b,AR04,MD&A internal risk and forward-looking disclosure,4,1,5,0.2,75.0,15.0,[MDA_P016],[MDA_P016] The performances of the Company and its subsidiaries in the hospitality business are dependent on the following key risk areas: (a) Changes in Economic Environment and Natural Disasters,medium,Discusses key risks and mitigation strategies for the hospitality business.,none,2026-06-20T09:53:33+00:00,2026-06-20T09:53:57+00:00,2026-06-15,qwen3:8b,ollama,0.0,42,4096,192,false,false,ollama_format_schema,mda_single_dimension_context_v2,2026-06-20T09:53:57+00:00,06_scoring/05_raw_model_outputs/mda_final_full/MDA_7243_MAGMA_2021_AR04_attempt_1.json,06_scoring/03_numeric_checks/mda_v2/MDA_7243_MAGMA_2021_numeric_checks.json,parsed,valid
MDA_7243_MAGMA_2021_AR05,MDA_7243_MAGMA_2021,mda,mda_disclosure_quality,mda_general_quality,initial,local_qwen3_8b,AR05,MD&A readability and structural clarity,2,1,5,0.1,25.0,2.5,[MDA_P001],[MDA_P001] MANAGEMENT DISCUSSION & ANALYSIS 1. FINANCIAL REVIEW,medium,Financial review lacks clarity and specific details on trends or performance drivers.,none,2026-06-20T09:53:33+00:00,2026-06-20T09:53:57+00:00,2026-06-15,qwen3:8b,ollama,0.0,42,4096,192,false,false,ollama_format_schema,mda_single_dimension_context_v2,2026-06-20T09:53:57+00:00,06_scoring/05_raw_model_outputs/mda_final_full/MDA_7243_MAGMA_2021_AR05_attempt_1.json,06_scoring/03_numeric_checks/mda_v2/MDA_7243_MAGMA_2021_numeric_checks.json,parsed,valid
MDA_7243_MAGMA_2022_AR01,MDA_7243_MAGMA_2022,mda,mda_disclosure_quality,mda_general_quality,initial,local_qwen3_8b,AR01,MD&A content completeness,4,1,5,0.15,75.0,11.25,[MDA_P001],[MDA_P001] MANAGEMENT DISCUSSION & ANALYSIS 1. FINANCIAL REVIEW,medium,"Financial review and discussion of revenue, profit, and cost drivers are present.",none,2026-06-20T09:53:57+00:00,2026-06-20T09:54:21+00:00,2026-06-15,qwen3:8b,ollama,0.0,42,4096,192,false,false,ollama_format_schema,mda_single_dimension_context_v2,2026-06-20T09:54:21+00:00,06_scoring/05_raw_model_outputs/mda_final_full/MDA_7243_MAGMA_2022_AR01_attempt_1.json,06_scoring/03_numeric_checks/mda_v2/MDA_7243_MAGMA_2022_numeric_checks.json,parsed,valid
MDA_7243_MAGMA_2022_AR02,MDA_7243_MAGMA_2022,mda,mda_disclosure_quality,mda_general_quality,initial,local_qwen3_8b,AR02,MD&A internal numeric consistency and traceability,2,1,5,0.25,25.0,6.25,[MDA_P003],"[MDA_P003] The summary of the Statement of Comprehensive Income is as follows: (RM ‘000) FPE 2022 (18 Months) FYE 2021 Variance FPE 2022 vs. FYE 2021 Revenue 26,725 19,499 37.1% Gross Profit (“GP”) 15,153 6,193 >100.0% Gross Profit Margin (",medium,"Python numeric_checker: GPM discrepancy not explained, calculated from profit/revenue but not verified.",none,2026-06-20T09:53:57+00:00,2026-06-20T09:54:21+00:00,2026-06-15,qwen3:8b,ollama,0.0,42,4096,192,false,false,ollama_format_schema,mda_single_dimension_context_v2,2026-06-20T09:54:21+00:00,06_scoring/05_raw_model_outputs/mda_final_full/MDA_7243_MAGMA_2022_AR02_attempt_1.json,06_scoring/03_numeric_checks/mda_v2/MDA_7243_MAGMA_2022_numeric_checks.json,parsed,valid
MDA_7243_MAGMA_2022_AR03,MDA_7243_MAGMA_2022,mda,mda_disclosure_quality,mda_general_quality,initial,local_qwen3_8b,AR03,Operating analysis specificity,2,1,5,0.3,25.0,7.5,[MDA_P003],"[MDA_P003] The summary of the Statement of Comprehensive Income is as follows: (RM ‘000) FPE 2022 (18 Months) FYE 2021 Variance FPE 2022 vs. FYE 2021 Revenue 26,725 19,499 37.1% Gross Profit (“GP”) 15,153 6,193 >100.0% Gross Profit Margin (",medium,Financial metrics are presented but lack detailed analysis of operating performance drivers.,none,2026-06-20T09:53:57+00:00,2026-06-20T09:54:21+00:00,2026-06-15,qwen3:8b,ollama,0.0,42,4096,192,false,false,ollama_format_schema,mda_single_dimension_context_v2,2026-06-20T09:54:21+00:00,06_scoring/05_raw_model_outputs/mda_final_full/MDA_7243_MAGMA_2022_AR03_attempt_1.json,06_scoring/03_numeric_checks/mda_v2/MDA_7243_MAGMA_2022_numeric_checks.json,parsed,valid
MDA_7243_MAGMA_2022_AR04,MDA_7243_MAGMA_2022,mda,mda_disclosure_quality,mda_general_quality,initial,local_qwen3_8b,AR04,MD&A internal risk and forward-looking disclosure,4,1,5,0.2,75.0,15.0,[MDA_P025],"[MDA_P025] Spending on travel and tourism is discretionary and price sensitive, being affected by factors such as the supply and demand for modes of transportation and accommodation, the rate of growth of economic growth, interest rates, in",medium,"Discusses risks related to travel and tourism, including economic factors and public health disasters.",none,2026-06-20T09:53:57+00:00,2026-06-20T09:54:21+00:00,2026-06-15,qwen3:8b,ollama,0.0,42,4096,192,false,false,ollama_format_schema,mda_single_dimension_context_v2,2026-06-20T09:54:21+00:00,06_scoring/05_raw_model_outputs/mda_final_full/MDA_7243_MAGMA_2022_AR04_attempt_1.json,06_scoring/03_numeric_checks/mda_v2/MDA_7243_MAGMA_2022_numeric_checks.json,parsed,valid
MDA_7243_MAGMA_2022_AR05,MDA_7243_MAGMA_2022,mda,mda_disclosure_quality,mda_general_quality,initial,local_qwen3_8b,AR05,MD&A readability and structural clarity,2,1,5,0.1,25.0,2.5,[MDA_P001],[MDA_P001] MANAGEMENT DISCUSSION & ANALYSIS 1. FINANCIAL REVIEW,medium,Section heading is unclear and lacks specificity.,none,2026-06-20T09:53:57+00:00,2026-06-20T09:54:21+00:00,2026-06-15,qwen3:8b,ollama,0.0,42,4096,192,false,false,ollama_format_schema,mda_single_dimension_context_v2,2026-06-20T09:54:21+00:00,06_scoring/05_raw_model_outputs/mda_final_full/MDA_7243_MAGMA_2022_AR05_attempt_1.json,06_scoring/03_numeric_checks/mda_v2/MDA_7243_MAGMA_2022_numeric_checks.json,parsed,valid
MDA_7243_MAGMA_2023_AR01,MDA_7243_MAGMA_2023,mda,mda_disclosure_quality,mda_general_quality,initial,local_qwen3_8b,AR01,MD&A content completeness,4,1,5,0.15,75.0,11.25,[MDA_P001],[MDA_P001] Management Discussion & Analysis (Overview of Group Business) Magma Group Berhad (“Magma” or the “Group”) has solidified its presence in the hospitality industry through a commitment to excellence in hotel management. Magma’s hos,medium,"Discusses business operations, strategic focus, and market positioning adequately.",none,2026-06-20T09:54:21+00:00,2026-06-20T09:54:46+00:00,2026-06-15,qwen3:8b,ollama,0.0,42,4096,192,false,false,ollama_format_schema,mda_single_dimension_context_v2,2026-06-20T09:54:46+00:00,06_scoring/05_raw_model_outputs/mda_final_full/MDA_7243_MAGMA_2023_AR01_attempt_1.json,06_scoring/03_numeric_checks/mda_v2/MDA_7243_MAGMA_2023_numeric_checks.json,parsed,valid
MDA_7243_MAGMA_2023_AR02,MDA_7243_MAGMA_2023,mda,mda_disclosure_quality,mda_general_quality,initial,local_qwen3_8b,AR02,MD&A internal numeric consistency and traceability,2,1,5,0.25,25.0,6.25,[MDA_P003],"[MDA_P003] FPE 2022 Revenue 14,458 26,725 (45.9%) Gross Profit (“GP”) 16,543 15,153 9.2% Gross Profit Margin (“GPM”) 114.4% 56.7% Administrative Expenses (12,420) (13,051) 4.8% Other Cost (17,141) (15,928) (7.6%) (Loss) Before Tax (“LBT”) (",medium,"Python numeric_checker: numeric_check_summary indicates a material discrepancy in GPM calculation, but no explanation provided for the inconsistency",none,2026-06-20T09:54:21+00:00,2026-06-20T09:54:46+00:00,2026-06-15,qwen3:8b,ollama,0.0,42,4096,192,false,false,ollama_format_schema,mda_single_dimension_context_v2,2026-06-20T09:54:46+00:00,06_scoring/05_raw_model_outputs/mda_final_full/MDA_7243_MAGMA_2023_AR02_attempt_1.json,06_scoring/03_numeric_checks/mda_v2/MDA_7243_MAGMA_2023_numeric_checks.json,parsed,valid
MDA_7243_MAGMA_2023_AR03,MDA_7243_MAGMA_2023,mda,mda_disclosure_quality,mda_general_quality,initial,local_qwen3_8b,AR03,Operating analysis specificity,2,1,5,0.3,25.0,7.5,[MDA_P003],"[MDA_P003] FPE 2022 Revenue 14,458 26,725 (45.9%) Gross Profit (“GP”) 16,543 15,153 9.2% Gross Profit Margin (“GPM”) 114.4% 56.7% Administrative Expenses (12,420) (13,051) 4.8% Other Cost (17,141) (15,928) (7.6%) (Loss) Before Tax (“LBT”) (",medium,Lack of detailed operating analysis with limited discussion on cost drivers and margin changes.,none,2026-06-20T09:54:21+00:00,2026-06-20T09:54:46+00:00,2026-06-15,qwen3:8b,ollama,0.0,42,4096,192,false,false,ollama_format_schema,mda_single_dimension_context_v2,2026-06-20T09:54:46+00:00,06_scoring/05_raw_model_outputs/mda_final_full/MDA_7243_MAGMA_2023_AR03_attempt_1.json,06_scoring/03_numeric_checks/mda_v2/MDA_7243_MAGMA_2023_numeric_checks.json,parsed,valid
MDA_7243_MAGMA_2023_AR04,MDA_7243_MAGMA_2023,mda,mda_disclosure_quality,mda_general_quality,initial,local_qwen3_8b,AR04,MD&A internal risk and forward-looking disclosure,2,1,5,0.2,25.0,5.0,[MDA_P016],"[MDA_P016] In FYE2023, the dynamics of travel and tourism spending, inherently discretionary and sensitive to economic fluctuations, continued to shape the hospitality industry. Factors such as transportation and accommodation supply and de",medium,Limited discussion on forward-looking financial risks and opportunities.,none,2026-06-20T09:54:21+00:00,2026-06-20T09:54:46+00:00,2026-06-15,qwen3:8b,ollama,0.0,42,4096,192,false,false,ollama_format_schema,mda_single_dimension_context_v2,2026-06-20T09:54:46+00:00,06_scoring/05_raw_model_outputs/mda_final_full/MDA_7243_MAGMA_2023_AR04_attempt_1.json,06_scoring/03_numeric_checks/mda_v2/MDA_7243_MAGMA_2023_numeric_checks.json,parsed,valid
MDA_7243_MAGMA_2023_AR05,MDA_7243_MAGMA_2023,mda,mda_disclosure_quality,mda_general_quality,initial,local_qwen3_8b,AR05,MD&A readability and structural clarity,4,1,5,0.1,75.0,7.5,[MDA_P001],[MDA_P001] Management Discussion & Analysis (Overview of Group Business) Magma Group Berhad (“Magma” or the “Group”) has solidified its presence in the hospitality industry through a commitment to excellence in hotel management. Magma’s hos,medium,Clear structure and concise explanation of business operations and strategic focus.,none,2026-06-20T09:54:21+00:00,2026-06-20T09:54:46+00:00,2026-06-15,qwen3:8b,ollama,0.0,42,4096,192,false,false,ollama_format_schema,mda_single_dimension_context_v2,2026-06-20T09:54:46+00:00,06_scoring/05_raw_model_outputs/mda_final_full/MDA_7243_MAGMA_2023_AR05_attempt_1.json,06_scoring/03_numeric_checks/mda_v2/MDA_7243_MAGMA_2023_numeric_checks.json,parsed,valid
MDA_7243_MAGMA_2024_AR01,MDA_7243_MAGMA_2024,mda,mda_disclosure_quality,mda_general_quality,initial,local_qwen3_8b,AR01,MD&A content completeness,4,1,5,0.15,75.0,11.25,[MDA_P001],"[MDA_P001] MANAGEMENT DISCUSSION & ANALYSIS (Overview of Group Business) Magma Group Berhad (“.BHNB” or “the Group”) is actively evolving from a traditional hospitality company into an innovative, experience-focused property and lifestyle g",medium,"Discusses business evolution, brand portfolio, and strategic focus without financial details",none,2026-06-20T09:54:46+00:00,2026-06-20T09:55:14+00:00,2026-06-15,qwen3:8b,ollama,0.0,42,4096,192,false,false,ollama_format_schema,mda_single_dimension_context_v2,2026-06-20T09:55:14+00:00,06_scoring/05_raw_model_outputs/mda_final_full/MDA_7243_MAGMA_2024_AR01_attempt_1.json,06_scoring/03_numeric_checks/mda_v2/MDA_7243_MAGMA_2024_numeric_checks.json,parsed,valid
MDA_7243_MAGMA_2024_AR02,MDA_7243_MAGMA_2024,mda,mda_disclosure_quality,mda_general_quality,initial,local_qwen3_8b,AR02,MD&A internal numeric consistency and traceability,2,1,5,0.25,25.0,6.25,[MDA_P003],"[MDA_P003] FYE 2023 Revenue 14,926 14,458 3.2% Gross Profit (“GP”) 16,390 16,543 (0.9%) Gross Profit Margin (“GPM”) 109.8% 114.4% Administrative Expenses (21,829) (12,420) (75.7%) Other Cost (40,582) (17,141) (>100%) (Loss) Before Tax (“LBT",medium,"Python numeric_checker: numeric_check_summary indicates a material discrepancy in GPM calculation, but no explanation provided for the inconsistency",none,2026-06-20T09:54:46+00:00,2026-06-20T09:55:14+00:00,2026-06-15,qwen3:8b,ollama,0.0,42,4096,192,false,false,ollama_format_schema,mda_single_dimension_context_v2,2026-06-20T09:55:14+00:00,06_scoring/05_raw_model_outputs/mda_final_full/MDA_7243_MAGMA_2024_AR02_attempt_1.json,06_scoring/03_numeric_checks/mda_v2/MDA_7243_MAGMA_2024_numeric_checks.json,parsed,valid
MDA_7243_MAGMA_2024_AR03,MDA_7243_MAGMA_2024,mda,mda_disclosure_quality,mda_general_quality,initial,local_qwen3_8b,AR03,Operating analysis specificity,2,1,5,0.3,25.0,7.5,[MDA_P003],"[MDA_P003] FYE 2023 Revenue 14,926 14,458 3.2% Gross Profit (“GP”) 16,390 16,543 (0.9%) Gross Profit Margin (“GPM”) 109.8% 114.4% Administrative Expenses (21,829) (12,420) (75.7%) Other Cost (40,582) (17,141) (>100%) (Loss) Before Tax (“LBT",medium,Revenue and cost figures are inconsistent with margin explanations.,none,2026-06-20T09:54:46+00:00,2026-06-20T09:55:14+00:00,2026-06-15,qwen3:8b,ollama,0.0,42,4096,192,false,false,ollama_format_schema,mda_single_dimension_context_v2,2026-06-20T09:55:14+00:00,06_scoring/05_raw_model_outputs/mda_final_full/MDA_7243_MAGMA_2024_AR03_attempt_1.json,06_scoring/03_numeric_checks/mda_v2/MDA_7243_MAGMA_2024_numeric_checks.json,parsed,valid
MDA_7243_MAGMA_2024_AR04,MDA_7243_MAGMA_2024,mda,mda_disclosure_quality,mda_general_quality,initial,local_qwen3_8b,AR04,MD&A internal risk and forward-looking disclosure,2,1,5,0.2,25.0,5.0,[MDA_P003],"[MDA_P003] FYE 2023 Revenue 14,926 14,458 3.2% Gross Profit (“GP”) 16,390 16,543 (0.9%) Gross Profit Margin (“GPM”) 109.8% 114.4% Administrative Expenses (21,829) (12,420) (75.7%) Other Cost (40,582) (17,141) (>100%) (Loss) Before Tax (“LBT",medium,Financial performance details are present but lack depth in explaining variance and risk factors.,none,2026-06-20T09:54:46+00:00,2026-06-20T09:55:14+00:00,2026-06-15,qwen3:8b,ollama,0.0,42,4096,192,false,false,ollama_format_schema,mda_single_dimension_context_v2,2026-06-20T09:55:14+00:00,06_scoring/05_raw_model_outputs/mda_final_full/MDA_7243_MAGMA_2024_AR04_attempt_1.json,06_scoring/03_numeric_checks/mda_v2/MDA_7243_MAGMA_2024_numeric_checks.json,parsed,valid
MDA_7243_MAGMA_2024_AR05,MDA_7243_MAGMA_2024,mda,mda_disclosure_quality,mda_general_quality,initial,local_qwen3_8b,AR05,MD&A readability and structural clarity,4,1,5,0.1,75.0,7.5,[MDA_P001],"[MDA_P001] MANAGEMENT DISCUSSION & ANALYSIS (Overview of Group Business) Magma Group Berhad (“.BHNB” or “the Group”) is actively evolving from a traditional hospitality company into an innovative, experience-focused property and lifestyle g",medium,Clear structure and concise language in the overview of group business.,none,2026-06-20T09:54:46+00:00,2026-06-20T09:55:14+00:00,2026-06-15,qwen3:8b,ollama,0.0,42,4096,192,false,false,ollama_format_schema,mda_single_dimension_context_v2,2026-06-20T09:55:14+00:00,06_scoring/05_raw_model_outputs/mda_final_full/MDA_7243_MAGMA_2024_AR05_attempt_1.json,06_scoring/03_numeric_checks/mda_v2/MDA_7243_MAGMA_2024_numeric_checks.json,parsed,valid
MDA_8303_LOTUS_2020_AR01,MDA_8303_LOTUS_2020,mda,mda_disclosure_quality,mda_general_quality,initial,local_qwen3_8b,AR01,MD&A content completeness,4,1,5,0.15,75.0,11.25,[MDA_P001],[MDA_P001] MANAGEMENT DISCUSSION AND ANALYSIS (cont’d) REVIEW OF GROUP’S FINANCIAL RESULTS AND FINANCIAL CONDITIONS (cont’d),medium,"Discusses revenue, cost, profit, and risk factors with clear context.",none,2026-06-20T09:55:14+00:00,2026-06-20T09:55:39+00:00,2026-06-15,qwen3:8b,ollama,0.0,42,4096,192,false,false,ollama_format_schema,mda_single_dimension_context_v2,2026-06-20T09:55:39+00:00,06_scoring/05_raw_model_outputs/mda_final_full/MDA_8303_LOTUS_2020_AR01_attempt_1.json,06_scoring/03_numeric_checks/mda_v2/MDA_8303_LOTUS_2020_numeric_checks.json,parsed,valid
MDA_8303_LOTUS_2020_AR02,MDA_8303_LOTUS_2020,mda,mda_disclosure_quality,mda_general_quality,initial,local_qwen3_8b,AR02,MD&A internal numeric consistency and traceability,3,1,5,0.25,50.0,12.5,[MDA_P001],[MDA_P001] MANAGEMENT DISCUSSION AND ANALYSIS (cont’d) REVIEW OF GROUP’S FINANCIAL RESULTS AND FINANCIAL CONDITIONS (cont’d),medium,"Python numeric_checker: numeric_check_summary indicates not enough numbers for consistency checks, but revenue and profit figures are provided without explanation.",none,2026-06-20T09:55:14+00:00,2026-06-20T09:55:39+00:00,2026-06-15,qwen3:8b,ollama,0.0,42,4096,192,false,false,ollama_format_schema,mda_single_dimension_context_v2,2026-06-20T09:55:39+00:00,06_scoring/05_raw_model_outputs/mda_final_full/MDA_8303_LOTUS_2020_AR02_attempt_1.json,06_scoring/03_numeric_checks/mda_v2/MDA_8303_LOTUS_2020_numeric_checks.json,parsed,valid
MDA_8303_LOTUS_2020_AR03,MDA_8303_LOTUS_2020,mda,mda_disclosure_quality,mda_general_quality,initial,local_qwen3_8b,AR03,Operating analysis specificity,2,1,5,0.3,25.0,7.5,[MDA_P002],[MDA_P002] We recorded a revenue of RM55.098 million (FYE 2019: RM57.893million). This represented an decrease of 4.83%. This was mainly due to Coronavirus disease 2019 (COVID-19). Wheat Flour (RM’000) Tapioca and Corn Flour (RM’000) % Chan,medium,Revenue and cost discussion lacks specificity in explaining the 4.83% decrease and 396% gross profit increase.,none,2026-06-20T09:55:14+00:00,2026-06-20T09:55:39+00:00,2026-06-15,qwen3:8b,ollama,0.0,42,4096,192,false,false,ollama_format_schema,mda_single_dimension_context_v2,2026-06-20T09:55:39+00:00,06_scoring/05_raw_model_outputs/mda_final_full/MDA_8303_LOTUS_2020_AR03_attempt_1.json,06_scoring/03_numeric_checks/mda_v2/MDA_8303_LOTUS_2020_numeric_checks.json,parsed,valid
MDA_8303_LOTUS_2020_AR04,MDA_8303_LOTUS_2020,mda,mda_disclosure_quality,mda_general_quality,initial,local_qwen3_8b,AR04,MD&A internal risk and forward-looking disclosure,4,1,5,0.2,75.0,15.0,[MDA_P008],[MDA_P008] MANAGEMENT DISCUSSION AND ANALYSIS (cont’d) ANTICIPATED BUSINESS RISKS (cont’d) b) Volatility of raw material prices Volatility of prices on imported raw materials such as wheat and tapioca remain the key challenges. Both wheat a,medium,Discusses raw material price volatility and its impact on financial performance.,none,2026-06-20T09:55:14+00:00,2026-06-20T09:55:39+00:00,2026-06-15,qwen3:8b,ollama,0.0,42,4096,192,false,false,ollama_format_schema,mda_single_dimension_context_v2,2026-06-20T09:55:39+00:00,06_scoring/05_raw_model_outputs/mda_final_full/MDA_8303_LOTUS_2020_AR04_attempt_1.json,06_scoring/03_numeric_checks/mda_v2/MDA_8303_LOTUS_2020_numeric_checks.json,parsed,valid
MDA_8303_LOTUS_2020_AR05,MDA_8303_LOTUS_2020,mda,mda_disclosure_quality,mda_general_quality,initial,local_qwen3_8b,AR05,MD&A readability and structural clarity,4,1,5,0.1,75.0,7.5,[MDA_P001],[MDA_P001] MANAGEMENT DISCUSSION AND ANALYSIS (cont’d) REVIEW OF GROUP’S FINANCIAL RESULTS AND FINANCIAL CONDITIONS (cont’d),medium,Clear explanation of financial changes with context and rationale.,none,2026-06-20T09:55:14+00:00,2026-06-20T09:55:39+00:00,2026-06-15,qwen3:8b,ollama,0.0,42,4096,192,false,false,ollama_format_schema,mda_single_dimension_context_v2,2026-06-20T09:55:39+00:00,06_scoring/05_raw_model_outputs/mda_final_full/MDA_8303_LOTUS_2020_AR05_attempt_1.json,06_scoring/03_numeric_checks/mda_v2/MDA_8303_LOTUS_2020_numeric_checks.json,parsed,valid
MDA_8303_LOTUS_2021_AR01,MDA_8303_LOTUS_2021,mda,mda_disclosure_quality,mda_general_quality,initial,local_qwen3_8b,AR01,MD&A content completeness,4,1,5,0.15,75.0,11.25,[MDA_P001],[MDA_P001] MANAGEMENT DISCUSSION AND ANALYSIS Overview of Business and Operations Lotus KFM Berhad (“LKFM”) is principally engaged in flour milling and trading in its related products. The two main sources of revenue comprise of milling of,medium,"Discusses business operations, growth, challenges, and strategic changes.",none,2026-06-20T09:55:39+00:00,2026-06-20T09:56:07+00:00,2026-06-15,qwen3:8b,ollama,0.0,42,4096,192,false,false,ollama_format_schema,mda_single_dimension_context_v2,2026-06-20T09:56:07+00:00,06_scoring/05_raw_model_outputs/mda_final_full/MDA_8303_LOTUS_2021_AR01_attempt_1.json,06_scoring/03_numeric_checks/mda_v2/MDA_8303_LOTUS_2021_numeric_checks.json,parsed,valid
MDA_8303_LOTUS_2021_AR02,MDA_8303_LOTUS_2021,mda,mda_disclosure_quality,mda_general_quality,initial,local_qwen3_8b,AR02,MD&A internal numeric consistency and traceability,3,1,5,0.25,50.0,12.5,[MDA_P001],[MDA_P001] MANAGEMENT DISCUSSION AND ANALYSIS Overview of Business and Operations Lotus KFM Berhad (“LKFM”) is principally engaged in flour milling and trading in its related products. The two main sources of revenue comprise of milling of,medium,Python numeric_checker: Numeric checks are insufficient due to not enough numbers for consistency verification.,none,2026-06-20T09:55:39+00:00,2026-06-20T09:56:07+00:00,2026-06-15,qwen3:8b,ollama,0.0,42,4096,192,false,false,ollama_format_schema,mda_single_dimension_context_v2,2026-06-20T09:56:07+00:00,06_scoring/05_raw_model_outputs/mda_final_full/MDA_8303_LOTUS_2021_AR02_attempt_1.json,06_scoring/03_numeric_checks/mda_v2/MDA_8303_LOTUS_2021_numeric_checks.json,parsed,valid
MDA_8303_LOTUS_2021_AR03,MDA_8303_LOTUS_2021,mda,mda_disclosure_quality,mda_general_quality,initial,local_qwen3_8b,AR03,Operating analysis specificity,2,1,5,0.3,25.0,7.5,[MDA_P001],[MDA_P001] MANAGEMENT DISCUSSION AND ANALYSIS Overview of Business and Operations Lotus KFM Berhad (“LKFM”) is principally engaged in flour milling and trading in its related products. The two main sources of revenue comprise of milling of,medium,Lacks specific operating analysis metrics or trends beyond revenue figures.,none,2026-06-20T09:55:39+00:00,2026-06-20T09:56:07+00:00,2026-06-15,qwen3:8b,ollama,0.0,42,4096,192,false,false,ollama_format_schema,mda_single_dimension_context_v2,2026-06-20T09:56:07+00:00,06_scoring/05_raw_model_outputs/mda_final_full/MDA_8303_LOTUS_2021_AR03_attempt_1.json,06_scoring/03_numeric_checks/mda_v2/MDA_8303_LOTUS_2021_numeric_checks.json,parsed,valid
MDA_8303_LOTUS_2021_AR04,MDA_8303_LOTUS_2021,mda,mda_disclosure_quality,mda_general_quality,initial,local_qwen3_8b,AR04,MD&A internal risk and forward-looking disclosure,4,1,5,0.2,75.0,15.0,[MDA_P005],"[MDA_P005] As compared with the prior year, LKFM has decreased its gross profit by 21.79%. The gross profit margin for the current year is 8.28% (FYE 2020: 9.94%). The main reason for the declining margin is due to the fluctuation of wheat",medium,"Discusses financial performance, risk factors, and cost drivers with specific data.",none,2026-06-20T09:55:39+00:00,2026-06-20T09:56:07+00:00,2026-06-15,qwen3:8b,ollama,0.0,42,4096,192,false,false,ollama_format_schema,mda_single_dimension_context_v2,2026-06-20T09:56:07+00:00,06_scoring/05_raw_model_outputs/mda_final_full/MDA_8303_LOTUS_2021_AR04_attempt_1.json,06_scoring/03_numeric_checks/mda_v2/MDA_8303_LOTUS_2021_numeric_checks.json,parsed,valid
MDA_8303_LOTUS_2021_AR05,MDA_8303_LOTUS_2021,mda,mda_disclosure_quality,mda_general_quality,initial,local_qwen3_8b,AR05,MD&A readability and structural clarity,2,1,5,0.1,25.0,2.5,[MDA_P001],[MDA_P001] MANAGEMENT DISCUSSION AND ANALYSIS Overview of Business and Operations Lotus KFM Berhad (“LKFM”) is principally engaged in flour milling and trading in its related products. The two main sources of revenue comprise of milling of,medium,Overview lacks clear structure and key financial metrics are not explained adequately.,none,2026-06-20T09:55:39+00:00,2026-06-20T09:56:07+00:00,2026-06-15,qwen3:8b,ollama,0.0,42,4096,192,false,false,ollama_format_schema,mda_single_dimension_context_v2,2026-06-20T09:56:07+00:00,06_scoring/05_raw_model_outputs/mda_final_full/MDA_8303_LOTUS_2021_AR05_attempt_1.json,06_scoring/03_numeric_checks/mda_v2/MDA_8303_LOTUS_2021_numeric_checks.json,parsed,valid
MDA_8303_LOTUS_2022_AR01,MDA_8303_LOTUS_2022,mda,mda_disclosure_quality,mda_general_quality,initial,local_qwen3_8b,AR01,MD&A content completeness,4,1,5,0.15,75.0,11.25,[MDA_P001],"[MDA_P001] MANAGEMENT DISCUSSION AND ANALYSIS Overview of Business and Operations Our holding company, Lotus KFM Berhad (“LKFM” or ""the Company"") is principally engaged in flour milling and trading in its related products. The two main sour",medium,"Discusses business operations, diversification, and regulatory compliance.",none,2026-06-20T09:56:07+00:00,2026-06-20T09:56:36+00:00,2026-06-15,qwen3:8b,ollama,0.0,42,4096,192,false,false,ollama_format_schema,mda_single_dimension_context_v2,2026-06-20T09:56:36+00:00,06_scoring/05_raw_model_outputs/mda_final_full/MDA_8303_LOTUS_2022_AR01_attempt_1.json,06_scoring/03_numeric_checks/mda_v2/MDA_8303_LOTUS_2022_numeric_checks.json,parsed,valid
MDA_8303_LOTUS_2022_AR02,MDA_8303_LOTUS_2022,mda,mda_disclosure_quality,mda_general_quality,initial,local_qwen3_8b,AR02,MD&A internal numeric consistency and traceability,2,1,5,0.25,25.0,6.25,[MDA_P007],"[MDA_P007] The Group recorded consolidated revenue of RM66.079 million, represented increase of 27.66% over the prior financial year amount of RM51.762 million. The Group now records a gross profit of RM4.171 million (FYE 2021: RM4.285 mill",medium,"Python numeric_checker: numeric_check_summary indicates a material discrepancy in gross profit margin calculation, but no explanation provided for the inconsistency.",none,2026-06-20T09:56:07+00:00,2026-06-20T09:56:36+00:00,2026-06-15,qwen3:8b,ollama,0.0,42,4096,192,false,false,ollama_format_schema,mda_single_dimension_context_v2,2026-06-20T09:56:36+00:00,06_scoring/05_raw_model_outputs/mda_final_full/MDA_8303_LOTUS_2022_AR02_attempt_1.json,06_scoring/03_numeric_checks/mda_v2/MDA_8303_LOTUS_2022_numeric_checks.json,parsed,valid
MDA_8303_LOTUS_2022_AR03,MDA_8303_LOTUS_2022,mda,mda_disclosure_quality,mda_general_quality,initial,local_qwen3_8b,AR03,Operating analysis specificity,2,1,5,0.3,25.0,7.5,[MDA_P001],"[MDA_P001] MANAGEMENT DISCUSSION AND ANALYSIS Overview of Business and Operations Our holding company, Lotus KFM Berhad (“LKFM” or ""the Company"") is principally engaged in flour milling and trading in its related products. The two main sour",medium,Lack of detailed operating analysis and specificity in business operations discussion.,none,2026-06-20T09:56:07+00:00,2026-06-20T09:56:36+00:00,2026-06-15,qwen3:8b,ollama,0.0,42,4096,192,false,false,ollama_format_schema,mda_single_dimension_context_v2,2026-06-20T09:56:36+00:00,06_scoring/05_raw_model_outputs/mda_final_full/MDA_8303_LOTUS_2022_AR03_attempt_1.json,06_scoring/03_numeric_checks/mda_v2/MDA_8303_LOTUS_2022_numeric_checks.json,parsed,valid
MDA_8303_LOTUS_2022_AR04,MDA_8303_LOTUS_2022,mda,mda_disclosure_quality,mda_general_quality,initial,local_qwen3_8b,AR04,MD&A internal risk and forward-looking disclosure,2,1,5,0.2,25.0,5.0,[MDA_P007],"[MDA_P007] The Group recorded consolidated revenue of RM66.079 million, represented increase of 27.66% over the prior financial year amount of RM51.762 million. The Group now records a gross profit of RM4.171 million (FYE 2021: RM4.285 mill",medium,Discusses financial metrics but lacks forward-looking analysis or risk mitigation strategies.,none,2026-06-20T09:56:07+00:00,2026-06-20T09:56:36+00:00,2026-06-15,qwen3:8b,ollama,0.0,42,4096,192,false,false,ollama_format_schema,mda_single_dimension_context_v2,2026-06-20T09:56:36+00:00,06_scoring/05_raw_model_outputs/mda_final_full/MDA_8303_LOTUS_2022_AR04_attempt_1.json,06_scoring/03_numeric_checks/mda_v2/MDA_8303_LOTUS_2022_numeric_checks.json,parsed,valid
MDA_8303_LOTUS_2022_AR05,MDA_8303_LOTUS_2022,mda,mda_disclosure_quality,mda_general_quality,initial,local_qwen3_8b,AR05,MD&A readability and structural clarity,2,1,5,0.1,25.0,2.5,[MDA_P001],"[MDA_P001] MANAGEMENT DISCUSSION AND ANALYSIS Overview of Business and Operations Our holding company, Lotus KFM Berhad (“LKFM” or ""the Company"") is principally engaged in flour milling and trading in its related products. The two main sour",medium,"Paragraph lacks clear structure and flow, making readability challenging.",none,2026-06-20T09:56:07+00:00,2026-06-20T09:56:36+00:00,2026-06-15,qwen3:8b,ollama,0.0,42,4096,192,false,false,ollama_format_schema,mda_single_dimension_context_v2,2026-06-20T09:56:36+00:00,06_scoring/05_raw_model_outputs/mda_final_full/MDA_8303_LOTUS_2022_AR05_attempt_1.json,06_scoring/03_numeric_checks/mda_v2/MDA_8303_LOTUS_2022_numeric_checks.json,parsed,valid
MDA_8303_LOTUS_2023_AR01,MDA_8303_LOTUS_2023,mda,mda_disclosure_quality,mda_general_quality,initial,local_qwen3_8b,AR01,MD&A content completeness,4,1,5,0.15,75.0,11.25,[MDA_P001],[MDA_P001] MANAGEMENT DISCUSSION AND ANALYSIS Overview of Business and Operations Lotus KFM Berhad (“LKFM”) is principally engaged in flour milling and trading in its related products and is a public listed company on the Main Market of Bur,medium,"Business operations and diversification are discussed, but financial details are limited.",none,2026-06-20T09:56:36+00:00,2026-06-20T09:57:03+00:00,2026-06-15,qwen3:8b,ollama,0.0,42,4096,192,false,false,ollama_format_schema,mda_single_dimension_context_v2,2026-06-20T09:57:03+00:00,06_scoring/05_raw_model_outputs/mda_final_full/MDA_8303_LOTUS_2023_AR01_attempt_1.json,06_scoring/03_numeric_checks/mda_v2/MDA_8303_LOTUS_2023_numeric_checks.json,parsed,valid
MDA_8303_LOTUS_2023_AR02,MDA_8303_LOTUS_2023,mda,mda_disclosure_quality,mda_general_quality,initial,local_qwen3_8b,AR02,MD&A internal numeric consistency and traceability,2,1,5,0.25,25.0,6.25,[MDA_P002],"[MDA_P002] On 31 December 2021, the Group continued to acquire two subsidiaries in 100% of total shares, which are Ladang Lojing Sdn. Bhd. and Khas Jadi Sdn. Berhad for a total consideration of RM21,646,200. The principal activities of all",medium,"Python numeric_checker: Segment revenue components sum to 2052.00 but total stated is 21646200.00, discrepancy not explained.",none,2026-06-20T09:56:36+00:00,2026-06-20T09:57:03+00:00,2026-06-15,qwen3:8b,ollama,0.0,42,4096,192,false,false,ollama_format_schema,mda_single_dimension_context_v2,2026-06-20T09:57:03+00:00,06_scoring/05_raw_model_outputs/mda_final_full/MDA_8303_LOTUS_2023_AR02_attempt_1.json,06_scoring/03_numeric_checks/mda_v2/MDA_8303_LOTUS_2023_numeric_checks.json,parsed,valid
MDA_8303_LOTUS_2023_AR03,MDA_8303_LOTUS_2023,mda,mda_disclosure_quality,mda_general_quality,initial,local_qwen3_8b,AR03,Operating analysis specificity,2,1,5,0.3,25.0,7.5,[MDA_P001],[MDA_P001] MANAGEMENT DISCUSSION AND ANALYSIS Overview of Business and Operations Lotus KFM Berhad (“LKFM”) is principally engaged in flour milling and trading in its related products and is a public listed company on the Main Market of Bur,medium,"Lack of specific operating analysis details on cost structure, efficiency, or performance metrics.",none,2026-06-20T09:56:36+00:00,2026-06-20T09:57:03+00:00,2026-06-15,qwen3:8b,ollama,0.0,42,4096,192,false,false,ollama_format_schema,mda_single_dimension_context_v2,2026-06-20T09:57:03+00:00,06_scoring/05_raw_model_outputs/mda_final_full/MDA_8303_LOTUS_2023_AR03_attempt_1.json,06_scoring/03_numeric_checks/mda_v2/MDA_8303_LOTUS_2023_numeric_checks.json,parsed,valid
MDA_8303_LOTUS_2023_AR04,MDA_8303_LOTUS_2023,mda,mda_disclosure_quality,mda_general_quality,initial,local_qwen3_8b,AR04,MD&A internal risk and forward-looking disclosure,2,1,5,0.2,25.0,5.0,[MDA_P001],[MDA_P001] MANAGEMENT DISCUSSION AND ANALYSIS Overview of Business and Operations Lotus KFM Berhad (“LKFM”) is principally engaged in flour milling and trading in its related products and is a public listed company on the Main Market of Bur,medium,Discusses business operations and diversification but lacks specific risk or forward-looking details.,none,2026-06-20T09:56:36+00:00,2026-06-20T09:57:03+00:00,2026-06-15,qwen3:8b,ollama,0.0,42,4096,192,false,false,ollama_format_schema,mda_single_dimension_context_v2,2026-06-20T09:57:03+00:00,06_scoring/05_raw_model_outputs/mda_final_full/MDA_8303_LOTUS_2023_AR04_attempt_1.json,06_scoring/03_numeric_checks/mda_v2/MDA_8303_LOTUS_2023_numeric_checks.json,parsed,valid
MDA_8303_LOTUS_2023_AR05,MDA_8303_LOTUS_2023,mda,mda_disclosure_quality,mda_general_quality,initial,local_qwen3_8b,AR05,MD&A readability and structural clarity,2,1,5,0.1,25.0,2.5,[MDA_P001],[MDA_P001] MANAGEMENT DISCUSSION AND ANALYSIS Overview of Business and Operations Lotus KFM Berhad (“LKFM”) is principally engaged in flour milling and trading in its related products and is a public listed company on the Main Market of Bur,medium,"The overview lacks clear structure and flow, with abrupt transitions and unclear focus.",none,2026-06-20T09:56:36+00:00,2026-06-20T09:57:03+00:00,2026-06-15,qwen3:8b,ollama,0.0,42,4096,192,false,false,ollama_format_schema,mda_single_dimension_context_v2,2026-06-20T09:57:03+00:00,06_scoring/05_raw_model_outputs/mda_final_full/MDA_8303_LOTUS_2023_AR05_attempt_1.json,06_scoring/03_numeric_checks/mda_v2/MDA_8303_LOTUS_2023_numeric_checks.json,parsed,valid
MDA_8303_LOTUS_2024_AR01,MDA_8303_LOTUS_2024,mda,mda_disclosure_quality,mda_general_quality,initial,local_qwen3_8b,AR01,MD&A content completeness,5,1,5,0.15,100.0,15.0,[MDA_P001],[MDA_P001] MANAGEMENT DISCUSSION AND ANALYSIS Overview of Business and Operations Lotus KFM Berhad (“LKFM” or “the Group”) is a public listed company on the Main Market of Bursa Malaysia Securities Berhad (“Bursa Securities”) with its’ prin,medium,Comprehensive overview of business operations and revenue sources,none,2026-06-20T09:57:03+00:00,2026-06-20T09:57:30+00:00,2026-06-15,qwen3:8b,ollama,0.0,42,4096,192,false,false,ollama_format_schema,mda_single_dimension_context_v2,2026-06-20T09:57:30+00:00,06_scoring/05_raw_model_outputs/mda_final_full/MDA_8303_LOTUS_2024_AR01_attempt_1.json,06_scoring/03_numeric_checks/mda_v2/MDA_8303_LOTUS_2024_numeric_checks.json,parsed,valid
MDA_8303_LOTUS_2024_AR02,MDA_8303_LOTUS_2024,mda,mda_disclosure_quality,mda_general_quality,initial,local_qwen3_8b,AR02,MD&A internal numeric consistency and traceability,3,1,5,0.25,50.0,12.5,[MDA_P001],[MDA_P001] MANAGEMENT DISCUSSION AND ANALYSIS Overview of Business and Operations Lotus KFM Berhad (“LKFM” or “the Group”) is a public listed company on the Main Market of Bursa Malaysia Securities Berhad (“Bursa Securities”) with its’ prin,medium,Python numeric_checker: Financial discussions mention revenue and profit but lack numeric checks or traceability to financial statements.,none,2026-06-20T09:57:03+00:00,2026-06-20T09:57:30+00:00,2026-06-15,qwen3:8b,ollama,0.0,42,4096,192,false,false,ollama_format_schema,mda_single_dimension_context_v2,2026-06-20T09:57:30+00:00,06_scoring/05_raw_model_outputs/mda_final_full/MDA_8303_LOTUS_2024_AR02_attempt_1.json,06_scoring/03_numeric_checks/mda_v2/MDA_8303_LOTUS_2024_numeric_checks.json,parsed,valid
MDA_8303_LOTUS_2024_AR03,MDA_8303_LOTUS_2024,mda,mda_disclosure_quality,mda_general_quality,initial,local_qwen3_8b,AR03,Operating analysis specificity,4,1,5,0.3,75.0,22.5,[MDA_P001],[MDA_P001] MANAGEMENT DISCUSSION AND ANALYSIS Overview of Business and Operations Lotus KFM Berhad (“LKFM” or “the Group”) is a public listed company on the Main Market of Bursa Malaysia Securities Berhad (“Bursa Securities”) with its’ prin,medium,"Discusses business operations, revenue sources, and segment contributions with specificity.",none,2026-06-20T09:57:03+00:00,2026-06-20T09:57:30+00:00,2026-06-15,qwen3:8b,ollama,0.0,42,4096,192,false,false,ollama_format_schema,mda_single_dimension_context_v2,2026-06-20T09:57:30+00:00,06_scoring/05_raw_model_outputs/mda_final_full/MDA_8303_LOTUS_2024_AR03_attempt_1.json,06_scoring/03_numeric_checks/mda_v2/MDA_8303_LOTUS_2024_numeric_checks.json,parsed,valid
MDA_8303_LOTUS_2024_AR04,MDA_8303_LOTUS_2024,mda,mda_disclosure_quality,mda_general_quality,initial,local_qwen3_8b,AR04,MD&A internal risk and forward-looking disclosure,4,1,5,0.2,75.0,15.0,[MDA_P013],"[MDA_P013] LOTUS KFM BERHAD | ANNUAL REPORT 2024 Management Discussion and Analysis (cont'd) Anticipated Business Risks The business risks faced by LKFM include market competitions, volatility of imported raw material prices, movements of c",medium,Discusses business risks and forward-looking statements about market competition and inflation impact.,none,2026-06-20T09:57:03+00:00,2026-06-20T09:57:30+00:00,2026-06-15,qwen3:8b,ollama,0.0,42,4096,192,false,false,ollama_format_schema,mda_single_dimension_context_v2,2026-06-20T09:57:30+00:00,06_scoring/05_raw_model_outputs/mda_final_full/MDA_8303_LOTUS_2024_AR04_attempt_1.json,06_scoring/03_numeric_checks/mda_v2/MDA_8303_LOTUS_2024_numeric_checks.json,parsed,valid
MDA_8303_LOTUS_2024_AR05,MDA_8303_LOTUS_2024,mda,mda_disclosure_quality,mda_general_quality,initial,local_qwen3_8b,AR05,MD&A readability and structural clarity,4,1,5,0.1,75.0,7.5,[MDA_P001],[MDA_P001] MANAGEMENT DISCUSSION AND ANALYSIS Overview of Business and Operations Lotus KFM Berhad (“LKFM” or “the Group”) is a public listed company on the Main Market of Bursa Malaysia Securities Berhad (“Bursa Securities”) with its’ prin,medium,Clear structure and logical flow in discussing business operations and revenue sources.,none,2026-06-20T09:57:03+00:00,2026-06-20T09:57:30+00:00,2026-06-15,qwen3:8b,ollama,0.0,42,4096,192,false,false,ollama_format_schema,mda_single_dimension_context_v2,2026-06-20T09:57:30+00:00,06_scoring/05_raw_model_outputs/mda_final_full/MDA_8303_LOTUS_2024_AR05_attempt_1.json,06_scoring/03_numeric_checks/mda_v2/MDA_8303_LOTUS_2024_numeric_checks.json,parsed,valid
MDA_8478_HWATAI_2020_AR01,MDA_8478_HWATAI_2020,mda,mda_disclosure_quality,mda_general_quality,initial,local_qwen3_8b,AR01,MD&A content completeness,4,1,5,0.15,75.0,11.25,[MDA_P001],[MDA_P001] STATEMENT OF MANAGEMENT DISCUSSION & ANALYSIS (Continued),medium,"Discusses gross profit margin, cost components, and expenses but lacks segment discussion",none,2026-06-20T09:57:30+00:00,2026-06-20T09:57:54+00:00,2026-06-15,qwen3:8b,ollama,0.0,42,4096,192,false,false,ollama_format_schema,mda_single_dimension_context_v2,2026-06-20T09:57:54+00:00,06_scoring/05_raw_model_outputs/mda_final_full/MDA_8478_HWATAI_2020_AR01_attempt_1.json,06_scoring/03_numeric_checks/mda_v2/MDA_8478_HWATAI_2020_numeric_checks.json,parsed,valid
MDA_8478_HWATAI_2020_AR02,MDA_8478_HWATAI_2020,mda,mda_disclosure_quality,mda_general_quality,initial,local_qwen3_8b,AR02,MD&A internal numeric consistency and traceability,3,1,5,0.25,50.0,12.5,[MDA_P001],[MDA_P001] STATEMENT OF MANAGEMENT DISCUSSION & ANALYSIS (Continued),medium,"Python numeric_checker: numeric_check_summary indicates not enough numbers for consistency checks, but text mentions financial figures without explanation",none,2026-06-20T09:57:30+00:00,2026-06-20T09:57:54+00:00,2026-06-15,qwen3:8b,ollama,0.0,42,4096,192,false,false,ollama_format_schema,mda_single_dimension_context_v2,2026-06-20T09:57:54+00:00,06_scoring/05_raw_model_outputs/mda_final_full/MDA_8478_HWATAI_2020_AR02_attempt_1.json,06_scoring/03_numeric_checks/mda_v2/MDA_8478_HWATAI_2020_numeric_checks.json,parsed,valid
MDA_8478_HWATAI_2020_AR03,MDA_8478_HWATAI_2020,mda,mda_disclosure_quality,mda_general_quality,initial,local_qwen3_8b,AR03,Operating analysis specificity,4,1,5,0.3,75.0,22.5,[MDA_P002],[MDA_P002] ANNUAL REPORT 2020 I HWA TAI INDUSTRIES BERHAD FINANCIAL AND OPERATIONS REVIEWS (Continued) There was a slight increase in the Group’s gross profit margin at approximately 30% in FYE 2020 as compared with 29% in FYE2019. The slig,medium,"Discusses gross profit margin, cost components, and expenses with specific operational insights.",none,2026-06-20T09:57:30+00:00,2026-06-20T09:57:54+00:00,2026-06-15,qwen3:8b,ollama,0.0,42,4096,192,false,false,ollama_format_schema,mda_single_dimension_context_v2,2026-06-20T09:57:54+00:00,06_scoring/05_raw_model_outputs/mda_final_full/MDA_8478_HWATAI_2020_AR03_attempt_1.json,06_scoring/03_numeric_checks/mda_v2/MDA_8478_HWATAI_2020_numeric_checks.json,parsed,valid
MDA_8478_HWATAI_2020_AR04,MDA_8478_HWATAI_2020,mda,mda_disclosure_quality,mda_general_quality,initial,local_qwen3_8b,AR04,MD&A internal risk and forward-looking disclosure,4,1,5,0.2,75.0,15.0,[MDA_P007],[MDA_P007] The Group expects to invest broadly the same in the year ahead so as to keep up with technological changes where continuous capital expenditure investments are vital to improve efficiency and productivity of our factory. BUSINESS,medium,Discusses risk factors and mitigation strategies related to technological changes and operational efficiency.,none,2026-06-20T09:57:30+00:00,2026-06-20T09:57:54+00:00,2026-06-15,qwen3:8b,ollama,0.0,42,4096,192,false,false,ollama_format_schema,mda_single_dimension_context_v2,2026-06-20T09:57:54+00:00,06_scoring/05_raw_model_outputs/mda_final_full/MDA_8478_HWATAI_2020_AR04_attempt_1.json,06_scoring/03_numeric_checks/mda_v2/MDA_8478_HWATAI_2020_numeric_checks.json,parsed,valid
MDA_8478_HWATAI_2020_AR05,MDA_8478_HWATAI_2020,mda,mda_disclosure_quality,mda_general_quality,initial,local_qwen3_8b,AR05,MD&A readability and structural clarity,4,1,5,0.1,75.0,7.5,[MDA_P001],[MDA_P001] STATEMENT OF MANAGEMENT DISCUSSION & ANALYSIS (Continued),medium,Clear explanation of impairment reversal and its impact on results.,none,2026-06-20T09:57:30+00:00,2026-06-20T09:57:54+00:00,2026-06-15,qwen3:8b,ollama,0.0,42,4096,192,false,false,ollama_format_schema,mda_single_dimension_context_v2,2026-06-20T09:57:54+00:00,06_scoring/05_raw_model_outputs/mda_final_full/MDA_8478_HWATAI_2020_AR05_attempt_1.json,06_scoring/03_numeric_checks/mda_v2/MDA_8478_HWATAI_2020_numeric_checks.json,parsed,valid
MDA_8478_HWATAI_2021_AR01,MDA_8478_HWATAI_2021,mda,mda_disclosure_quality,mda_general_quality,initial,local_qwen3_8b,AR01,MD&A content completeness,4,1,5,0.15,75.0,11.25,[MDA_P001],"[MDA_P001] STATEMENT OF MANAGEMENT DISCUSSION & ANALYSIS (CONTINUED) FINANCIAL AND OPERATIONS REVIEWS (CONTINUED) The breakdown of revenue of the Group in FYE2021 and FYE2020: FYE2021 RM’000 % FYE2020 RM’000 % Export sales 12,505 12,094 Loc",medium,"Discusses revenue trends, factors affecting performance, and market segments.",none,2026-06-20T09:57:54+00:00,2026-06-20T09:58:20+00:00,2026-06-15,qwen3:8b,ollama,0.0,42,4096,192,false,false,ollama_format_schema,mda_single_dimension_context_v2,2026-06-20T09:58:20+00:00,06_scoring/05_raw_model_outputs/mda_final_full/MDA_8478_HWATAI_2021_AR01_attempt_1.json,06_scoring/03_numeric_checks/mda_v2/MDA_8478_HWATAI_2021_numeric_checks.json,parsed,valid
MDA_8478_HWATAI_2021_AR02,MDA_8478_HWATAI_2021,mda,mda_disclosure_quality,mda_general_quality,initial,local_qwen3_8b,AR02,MD&A internal numeric consistency and traceability,3,1,5,0.25,50.0,12.5,[MDA_P001],"[MDA_P001] STATEMENT OF MANAGEMENT DISCUSSION & ANALYSIS (CONTINUED) FINANCIAL AND OPERATIONS REVIEWS (CONTINUED) The breakdown of revenue of the Group in FYE2021 and FYE2020: FYE2021 RM’000 % FYE2020 RM’000 % Export sales 12,505 12,094 Loc",medium,Python numeric_checker: Revenue figures are presented but no numeric checks or consistency verification are provided.,none,2026-06-20T09:57:54+00:00,2026-06-20T09:58:20+00:00,2026-06-15,qwen3:8b,ollama,0.0,42,4096,192,false,false,ollama_format_schema,mda_single_dimension_context_v2,2026-06-20T09:58:20+00:00,06_scoring/05_raw_model_outputs/mda_final_full/MDA_8478_HWATAI_2021_AR02_attempt_1.json,06_scoring/03_numeric_checks/mda_v2/MDA_8478_HWATAI_2021_numeric_checks.json,parsed,valid
MDA_8478_HWATAI_2021_AR03,MDA_8478_HWATAI_2021,mda,mda_disclosure_quality,mda_general_quality,initial,local_qwen3_8b,AR03,Operating analysis specificity,4,1,5,0.3,75.0,22.5,[MDA_P001],"[MDA_P001] STATEMENT OF MANAGEMENT DISCUSSION & ANALYSIS (CONTINUED) FINANCIAL AND OPERATIONS REVIEWS (CONTINUED) The breakdown of revenue of the Group in FYE2021 and FYE2020: FYE2021 RM’000 % FYE2020 RM’000 % Export sales 12,505 12,094 Loc",medium,Revenue breakdown and analysis of factors affecting performance are provided.,none,2026-06-20T09:57:54+00:00,2026-06-20T09:58:20+00:00,2026-06-15,qwen3:8b,ollama,0.0,42,4096,192,false,false,ollama_format_schema,mda_single_dimension_context_v2,2026-06-20T09:58:20+00:00,06_scoring/05_raw_model_outputs/mda_final_full/MDA_8478_HWATAI_2021_AR03_attempt_1.json,06_scoring/03_numeric_checks/mda_v2/MDA_8478_HWATAI_2021_numeric_checks.json,parsed,valid
MDA_8478_HWATAI_2021_AR04,MDA_8478_HWATAI_2021,mda,mda_disclosure_quality,mda_general_quality,initial,local_qwen3_8b,AR04,MD&A internal risk and forward-looking disclosure,4,1,5,0.2,75.0,15.0,[MDA_P004],[MDA_P004] > HWA TAI INDUSTRIES BERHAD : Annual Report 2021 STATEMENT OF MANAGEMENT DISCUSSION & ANALYSIS (CONTINUED) FINANCIAL AND OPERATIONS REVIEWS (CONTINUED) The loss reported in FYE2021 was mainly attributed to the Group recording a l,medium,"Discusses financial performance, operating costs, and external factors impacting operations.",none,2026-06-20T09:57:54+00:00,2026-06-20T09:58:20+00:00,2026-06-15,qwen3:8b,ollama,0.0,42,4096,192,false,false,ollama_format_schema,mda_single_dimension_context_v2,2026-06-20T09:58:20+00:00,06_scoring/05_raw_model_outputs/mda_final_full/MDA_8478_HWATAI_2021_AR04_attempt_1.json,06_scoring/03_numeric_checks/mda_v2/MDA_8478_HWATAI_2021_numeric_checks.json,parsed,valid
MDA_8478_HWATAI_2021_AR05,MDA_8478_HWATAI_2021,mda,mda_disclosure_quality,mda_general_quality,initial,local_qwen3_8b,AR05,MD&A readability and structural clarity,4,1,5,0.1,75.0,7.5,[MDA_P001],"[MDA_P001] STATEMENT OF MANAGEMENT DISCUSSION & ANALYSIS (CONTINUED) FINANCIAL AND OPERATIONS REVIEWS (CONTINUED) The breakdown of revenue of the Group in FYE2021 and FYE2020: FYE2021 RM’000 % FYE2020 RM’000 % Export sales 12,505 12,094 Loc",medium,Clear revenue breakdown and explanation of factors affecting performance.,none,2026-06-20T09:57:54+00:00,2026-06-20T09:58:20+00:00,2026-06-15,qwen3:8b,ollama,0.0,42,4096,192,false,false,ollama_format_schema,mda_single_dimension_context_v2,2026-06-20T09:58:20+00:00,06_scoring/05_raw_model_outputs/mda_final_full/MDA_8478_HWATAI_2021_AR05_attempt_1.json,06_scoring/03_numeric_checks/mda_v2/MDA_8478_HWATAI_2021_numeric_checks.json,parsed,valid
MDA_8478_HWATAI_2022_AR01,MDA_8478_HWATAI_2022,mda,mda_disclosure_quality,mda_general_quality,initial,local_qwen3_8b,AR01,MD&A content completeness,4,1,5,0.15,75.0,11.25,[MDA_P001],"[MDA_P001] STATEMENT OF MANAGEMENT DISCUSSION & ANALYSIS (CONTINUED) FINANCIAL AND OPERATIONS REVIEWS (CONTINUED) The breakdown of revenue of the Group in FYE2022 and FYE2021: FYE2022 FYE2021 RM’000 % RM’000 % Export sales 13,178 12,505 Loc",medium,"Revenue breakdown and growth analysis provided, but lacks detailed segment performance metrics.",none,2026-06-20T09:58:20+00:00,2026-06-20T09:58:45+00:00,2026-06-15,qwen3:8b,ollama,0.0,42,4096,192,false,false,ollama_format_schema,mda_single_dimension_context_v2,2026-06-20T09:58:45+00:00,06_scoring/05_raw_model_outputs/mda_final_full/MDA_8478_HWATAI_2022_AR01_attempt_1.json,06_scoring/03_numeric_checks/mda_v2/MDA_8478_HWATAI_2022_numeric_checks.json,parsed,valid
MDA_8478_HWATAI_2022_AR02,MDA_8478_HWATAI_2022,mda,mda_disclosure_quality,mda_general_quality,initial,local_qwen3_8b,AR02,MD&A internal numeric consistency and traceability,3,1,5,0.25,50.0,12.5,[MDA_P001],"[MDA_P001] STATEMENT OF MANAGEMENT DISCUSSION & ANALYSIS (CONTINUED) FINANCIAL AND OPERATIONS REVIEWS (CONTINUED) The breakdown of revenue of the Group in FYE2022 and FYE2021: FYE2022 FYE2021 RM’000 % RM’000 % Export sales 13,178 12,505 Loc",medium,Python numeric_checker: Revenue growth and percentages are consistent with financial mentions but lack detailed calculation explanations.,none,2026-06-20T09:58:20+00:00,2026-06-20T09:58:45+00:00,2026-06-15,qwen3:8b,ollama,0.0,42,4096,192,false,false,ollama_format_schema,mda_single_dimension_context_v2,2026-06-20T09:58:45+00:00,06_scoring/05_raw_model_outputs/mda_final_full/MDA_8478_HWATAI_2022_AR02_attempt_1.json,06_scoring/03_numeric_checks/mda_v2/MDA_8478_HWATAI_2022_numeric_checks.json,parsed,valid
MDA_8478_HWATAI_2022_AR03,MDA_8478_HWATAI_2022,mda,mda_disclosure_quality,mda_general_quality,initial,local_qwen3_8b,AR03,Operating analysis specificity,4,1,5,0.3,75.0,22.5,[MDA_P001],"[MDA_P001] STATEMENT OF MANAGEMENT DISCUSSION & ANALYSIS (CONTINUED) FINANCIAL AND OPERATIONS REVIEWS (CONTINUED) The breakdown of revenue of the Group in FYE2022 and FYE2021: FYE2022 FYE2021 RM’000 % RM’000 % Export sales 13,178 12,505 Loc",medium,Revenue breakdown and growth analysis provided with specific figures and explanations.,none,2026-06-20T09:58:20+00:00,2026-06-20T09:58:45+00:00,2026-06-15,qwen3:8b,ollama,0.0,42,4096,192,false,false,ollama_format_schema,mda_single_dimension_context_v2,2026-06-20T09:58:45+00:00,06_scoring/05_raw_model_outputs/mda_final_full/MDA_8478_HWATAI_2022_AR03_attempt_1.json,06_scoring/03_numeric_checks/mda_v2/MDA_8478_HWATAI_2022_numeric_checks.json,parsed,valid
MDA_8478_HWATAI_2022_AR04,MDA_8478_HWATAI_2022,mda,mda_disclosure_quality,mda_general_quality,initial,local_qwen3_8b,AR04,MD&A internal risk and forward-looking disclosure,4,1,5,0.2,75.0,15.0,[MDA_P002],"[MDA_P002] Certain countries like Philippines, Nigeria and Cambodia, saw an increase in demand in our biscuits in FYE 2022 but was partially offset by the decline of sales due to lockdown in certain countries especially in China and Middle",medium,"Discusses international market risks and challenges related to competition, freight costs, and pandemic impacts.",none,2026-06-20T09:58:20+00:00,2026-06-20T09:58:45+00:00,2026-06-15,qwen3:8b,ollama,0.0,42,4096,192,false,false,ollama_format_schema,mda_single_dimension_context_v2,2026-06-20T09:58:45+00:00,06_scoring/05_raw_model_outputs/mda_final_full/MDA_8478_HWATAI_2022_AR04_attempt_1.json,06_scoring/03_numeric_checks/mda_v2/MDA_8478_HWATAI_2022_numeric_checks.json,parsed,valid
MDA_8478_HWATAI_2022_AR05,MDA_8478_HWATAI_2022,mda,mda_disclosure_quality,mda_general_quality,initial,local_qwen3_8b,AR05,MD&A readability and structural clarity,4,1,5,0.1,75.0,7.5,[MDA_P001],"[MDA_P001] STATEMENT OF MANAGEMENT DISCUSSION & ANALYSIS (CONTINUED) FINANCIAL AND OPERATIONS REVIEWS (CONTINUED) The breakdown of revenue of the Group in FYE2022 and FYE2021: FYE2022 FYE2021 RM’000 % RM’000 % Export sales 13,178 12,505 Loc",medium,Clear revenue breakdown and explanation of factors affecting growth,none,2026-06-20T09:58:20+00:00,2026-06-20T09:58:45+00:00,2026-06-15,qwen3:8b,ollama,0.0,42,4096,192,false,false,ollama_format_schema,mda_single_dimension_context_v2,2026-06-20T09:58:45+00:00,06_scoring/05_raw_model_outputs/mda_final_full/MDA_8478_HWATAI_2022_AR05_attempt_1.json,06_scoring/03_numeric_checks/mda_v2/MDA_8478_HWATAI_2022_numeric_checks.json,parsed,valid
MDA_8478_HWATAI_2023_AR01,MDA_8478_HWATAI_2023,mda,mda_disclosure_quality,mda_general_quality,initial,local_qwen3_8b,AR01,MD&A content completeness,4,1,5,0.15,75.0,11.25,[MDA_P001],"[MDA_P001] FINANCIAL AND OPERATIONS REVIEWS (continued) In the financial year ended 31 December 2023 (“FYE2023”), Hwa Tai reported a marginal revenue increase to RM80.68 million, marking a 5.80% rise from FYE2022. This growth was primarily",medium,"Discusses revenue, costs, profit, and market challenges, showing comprehensive financial analysis.",none,2026-06-20T09:58:45+00:00,2026-06-20T09:59:09+00:00,2026-06-15,qwen3:8b,ollama,0.0,42,4096,192,false,false,ollama_format_schema,mda_single_dimension_context_v2,2026-06-20T09:59:09+00:00,06_scoring/05_raw_model_outputs/mda_final_full/MDA_8478_HWATAI_2023_AR01_attempt_1.json,06_scoring/03_numeric_checks/mda_v2/MDA_8478_HWATAI_2023_numeric_checks.json,parsed,valid
MDA_8478_HWATAI_2023_AR02,MDA_8478_HWATAI_2023,mda,mda_disclosure_quality,mda_general_quality,initial,local_qwen3_8b,AR02,MD&A internal numeric consistency and traceability,3,1,5,0.25,50.0,12.5,[MDA_P001],"[MDA_P001] FINANCIAL AND OPERATIONS REVIEWS (continued) In the financial year ended 31 December 2023 (“FYE2023”), Hwa Tai reported a marginal revenue increase to RM80.68 million, marking a 5.80% rise from FYE2022. This growth was primarily",medium,"Python numeric_checker: numeric_check_summary indicates not enough numbers for consistency checks, but financial figures are mentioned without verification",none,2026-06-20T09:58:45+00:00,2026-06-20T09:59:09+00:00,2026-06-15,qwen3:8b,ollama,0.0,42,4096,192,false,false,ollama_format_schema,mda_single_dimension_context_v2,2026-06-20T09:59:09+00:00,06_scoring/05_raw_model_outputs/mda_final_full/MDA_8478_HWATAI_2023_AR02_attempt_1.json,06_scoring/03_numeric_checks/mda_v2/MDA_8478_HWATAI_2023_numeric_checks.json,parsed,valid
MDA_8478_HWATAI_2023_AR03,MDA_8478_HWATAI_2023,mda,mda_disclosure_quality,mda_general_quality,initial,local_qwen3_8b,AR03,Operating analysis specificity,4,1,5,0.3,75.0,22.5,[MDA_P001],"[MDA_P001] FINANCIAL AND OPERATIONS REVIEWS (continued) In the financial year ended 31 December 2023 (“FYE2023”), Hwa Tai reported a marginal revenue increase to RM80.68 million, marking a 5.80% rise from FYE2022. This growth was primarily",medium,"Discusses revenue, costs, margins, and operating performance with specific figures and drivers.",none,2026-06-20T09:58:45+00:00,2026-06-20T09:59:09+00:00,2026-06-15,qwen3:8b,ollama,0.0,42,4096,192,false,false,ollama_format_schema,mda_single_dimension_context_v2,2026-06-20T09:59:09+00:00,06_scoring/05_raw_model_outputs/mda_final_full/MDA_8478_HWATAI_2023_AR03_attempt_1.json,06_scoring/03_numeric_checks/mda_v2/MDA_8478_HWATAI_2023_numeric_checks.json,parsed,valid
MDA_8478_HWATAI_2023_AR04,MDA_8478_HWATAI_2023,mda,mda_disclosure_quality,mda_general_quality,initial,local_qwen3_8b,AR04,MD&A internal risk and forward-looking disclosure,4,1,5,0.2,75.0,15.0,[MDA_P001],"[MDA_P001] FINANCIAL AND OPERATIONS REVIEWS (continued) In the financial year ended 31 December 2023 (“FYE2023”), Hwa Tai reported a marginal revenue increase to RM80.68 million, marking a 5.80% rise from FYE2022. This growth was primarily",medium,"Discusses revenue growth, costs, and risks with specific figures and context.",none,2026-06-20T09:58:45+00:00,2026-06-20T09:59:09+00:00,2026-06-15,qwen3:8b,ollama,0.0,42,4096,192,false,false,ollama_format_schema,mda_single_dimension_context_v2,2026-06-20T09:59:09+00:00,06_scoring/05_raw_model_outputs/mda_final_full/MDA_8478_HWATAI_2023_AR04_attempt_1.json,06_scoring/03_numeric_checks/mda_v2/MDA_8478_HWATAI_2023_numeric_checks.json,parsed,valid
MDA_8478_HWATAI_2023_AR05,MDA_8478_HWATAI_2023,mda,mda_disclosure_quality,mda_general_quality,initial,local_qwen3_8b,AR05,MD&A readability and structural clarity,4,1,5,0.1,75.0,7.5,[MDA_P001],"[MDA_P001] FINANCIAL AND OPERATIONS REVIEWS (continued) In the financial year ended 31 December 2023 (“FYE2023”), Hwa Tai reported a marginal revenue increase to RM80.68 million, marking a 5.80% rise from FYE2022. This growth was primarily",medium,"Clear structure with financial and operational details, but lacks depth in margin analysis",none,2026-06-20T09:58:45+00:00,2026-06-20T09:59:09+00:00,2026-06-15,qwen3:8b,ollama,0.0,42,4096,192,false,false,ollama_format_schema,mda_single_dimension_context_v2,2026-06-20T09:59:09+00:00,06_scoring/05_raw_model_outputs/mda_final_full/MDA_8478_HWATAI_2023_AR05_attempt_1.json,06_scoring/03_numeric_checks/mda_v2/MDA_8478_HWATAI_2023_numeric_checks.json,parsed,valid
MDA_8478_HWATAI_2024_AR01,MDA_8478_HWATAI_2024,mda,mda_disclosure_quality,mda_general_quality,initial,local_qwen3_8b,AR01,MD&A content completeness,4,1,5,0.15,75.0,11.25,[MDA_P001],[MDA_P001] STATEMENT OF MANAGEMENT DISCUSSION & ANALYSIS,medium,"Discusses revenue growth, profit improvement, and market factors relevant to MD&A content completeness.",none,2026-06-20T09:59:09+00:00,2026-06-20T09:59:33+00:00,2026-06-15,qwen3:8b,ollama,0.0,42,4096,192,false,false,ollama_format_schema,mda_single_dimension_context_v2,2026-06-20T09:59:33+00:00,06_scoring/05_raw_model_outputs/mda_final_full/MDA_8478_HWATAI_2024_AR01_attempt_1.json,06_scoring/03_numeric_checks/mda_v2/MDA_8478_HWATAI_2024_numeric_checks.json,parsed,valid
MDA_8478_HWATAI_2024_AR02,MDA_8478_HWATAI_2024,mda,mda_disclosure_quality,mda_general_quality,initial,local_qwen3_8b,AR02,MD&A internal numeric consistency and traceability,3,1,5,0.25,50.0,12.5,[MDA_P001],[MDA_P001] STATEMENT OF MANAGEMENT DISCUSSION & ANALYSIS,medium,Python numeric_checker: Revenue growth and profit figures are mentioned but not cross-referenced with underlying data points for consistency check.,none,2026-06-20T09:59:09+00:00,2026-06-20T09:59:33+00:00,2026-06-15,qwen3:8b,ollama,0.0,42,4096,192,false,false,ollama_format_schema,mda_single_dimension_context_v2,2026-06-20T09:59:33+00:00,06_scoring/05_raw_model_outputs/mda_final_full/MDA_8478_HWATAI_2024_AR02_attempt_1.json,06_scoring/03_numeric_checks/mda_v2/MDA_8478_HWATAI_2024_numeric_checks.json,parsed,valid
MDA_8478_HWATAI_2024_AR03,MDA_8478_HWATAI_2024,mda,mda_disclosure_quality,mda_general_quality,initial,local_qwen3_8b,AR03,Operating analysis specificity,4,1,5,0.3,75.0,22.5,[MDA_P002],"[MDA_P002] annual report 2024 HWA TAI INDUSTRIES BERHAD FINANCIAL AND OPERATIONS REVIEWS (continued) The breakdown of the Group’s for FYE2024 and FYE2023 is as follows: FYE2024 RM’000 % FYE2023 RM’000 % Export sales 10,487 11,934 Local sale",medium,"Discusses revenue growth, segments, and profit improvement with specific figures.",none,2026-06-20T09:59:09+00:00,2026-06-20T09:59:33+00:00,2026-06-15,qwen3:8b,ollama,0.0,42,4096,192,false,false,ollama_format_schema,mda_single_dimension_context_v2,2026-06-20T09:59:33+00:00,06_scoring/05_raw_model_outputs/mda_final_full/MDA_8478_HWATAI_2024_AR03_attempt_1.json,06_scoring/03_numeric_checks/mda_v2/MDA_8478_HWATAI_2024_numeric_checks.json,parsed,valid
MDA_8478_HWATAI_2024_AR04,MDA_8478_HWATAI_2024,mda,mda_disclosure_quality,mda_general_quality,initial,local_qwen3_8b,AR04,MD&A internal risk and forward-looking disclosure,4,1,5,0.2,75.0,15.0,[MDA_P004],"[MDA_P004] annual report 2024 HWA TAI INDUSTRIES BERHAD BUSINESS STRATEGICS AND RISK FACTORS Hwa Tai remains steadfast in its commitment to innovation, customer expansion, and operational excellence. Guided by a focus on delivering high-qua",medium,"Discusses business strategies, risks, and market factors relevant to internal risk and forward-looking disclosures.",none,2026-06-20T09:59:09+00:00,2026-06-20T09:59:33+00:00,2026-06-15,qwen3:8b,ollama,0.0,42,4096,192,false,false,ollama_format_schema,mda_single_dimension_context_v2,2026-06-20T09:59:33+00:00,06_scoring/05_raw_model_outputs/mda_final_full/MDA_8478_HWATAI_2024_AR04_attempt_1.json,06_scoring/03_numeric_checks/mda_v2/MDA_8478_HWATAI_2024_numeric_checks.json,parsed,valid
MDA_8478_HWATAI_2024_AR05,MDA_8478_HWATAI_2024,mda,mda_disclosure_quality,mda_general_quality,initial,local_qwen3_8b,AR05,MD&A readability and structural clarity,4,1,5,0.1,75.0,7.5,[MDA_P001],[MDA_P001] STATEMENT OF MANAGEMENT DISCUSSION & ANALYSIS,medium,Clear financial position overview with logical flow and key metrics,none,2026-06-20T09:59:09+00:00,2026-06-20T09:59:33+00:00,2026-06-15,qwen3:8b,ollama,0.0,42,4096,192,false,false,ollama_format_schema,mda_single_dimension_context_v2,2026-06-20T09:59:33+00:00,06_scoring/05_raw_model_outputs/mda_final_full/MDA_8478_HWATAI_2024_AR05_attempt_1.json,06_scoring/03_numeric_checks/mda_v2/MDA_8478_HWATAI_2024_numeric_checks.json,parsed,valid
MDA_9946_ETA_2020_AR01,MDA_9946_ETA_2020,mda,mda_disclosure_quality,mda_general_quality,initial,local_qwen3_8b,AR01,MD&A content completeness,4,1,5,0.15,75.0,11.25,[MDA_P001],[MDA_P001] Management Discussion and Analysis,medium,"Discusses revenue, profit, cost, and margin with strategic outlook but lacks segment analysis",none,2026-06-20T09:59:33+00:00,2026-06-20T09:59:58+00:00,2026-06-15,qwen3:8b,ollama,0.0,42,4096,192,false,false,ollama_format_schema,mda_single_dimension_context_v2,2026-06-20T09:59:58+00:00,06_scoring/05_raw_model_outputs/mda_final_full/MDA_9946_ETA_2020_AR01_attempt_1.json,06_scoring/03_numeric_checks/mda_v2/MDA_9946_ETA_2020_numeric_checks.json,parsed,valid
MDA_9946_ETA_2020_AR02,MDA_9946_ETA_2020,mda,mda_disclosure_quality,mda_general_quality,initial,local_qwen3_8b,AR02,MD&A internal numeric consistency and traceability,3,1,5,0.25,50.0,12.5,[MDA_P002],[MDA_P002] REX GROUP,medium,"Python numeric_checker: numeric_check_summary indicates not enough numbers for consistency checks, but some financial data is present",none,2026-06-20T09:59:33+00:00,2026-06-20T09:59:58+00:00,2026-06-15,qwen3:8b,ollama,0.0,42,4096,192,false,false,ollama_format_schema,mda_single_dimension_context_v2,2026-06-20T09:59:58+00:00,06_scoring/05_raw_model_outputs/mda_final_full/MDA_9946_ETA_2020_AR02_attempt_1.json,06_scoring/03_numeric_checks/mda_v2/MDA_9946_ETA_2020_numeric_checks.json,parsed,valid
MDA_9946_ETA_2020_AR03,MDA_9946_ETA_2020,mda,mda_disclosure_quality,mda_general_quality,initial,local_qwen3_8b,AR03,Operating analysis specificity,2,1,5,0.3,25.0,7.5,[MDA_P003],"[MDA_P003] FY 2019 FY 2020 (All in RM’000) Revenue 136,608 149,245 Loss before tax (14,317) (8,396) The Board is committed to continue with prudent measures to improve the Group’s financial performance and deliver satisfactory results takin",medium,Limited analysis of operating performance with no detailed discussion of drivers or trends.,none,2026-06-20T09:59:33+00:00,2026-06-20T09:59:58+00:00,2026-06-15,qwen3:8b,ollama,0.0,42,4096,192,false,false,ollama_format_schema,mda_single_dimension_context_v2,2026-06-20T09:59:58+00:00,06_scoring/05_raw_model_outputs/mda_final_full/MDA_9946_ETA_2020_AR03_attempt_1.json,06_scoring/03_numeric_checks/mda_v2/MDA_9946_ETA_2020_numeric_checks.json,parsed,valid
MDA_9946_ETA_2020_AR04,MDA_9946_ETA_2020,mda,mda_disclosure_quality,mda_general_quality,initial,local_qwen3_8b,AR04,MD&A internal risk and forward-looking disclosure,4,1,5,0.2,75.0,15.0,[MDA_P022],[MDA_P022] PSBB was extended twice to 25 May 2020 and subsequently up to 8 June 2020 of which PSBB was uplifted and business were able to operate with strict health protocols. The outbreak of COVID-19 is an event of force majeure that is be,medium,Discusses risks and potential impacts of COVID-19 on operations and financial conditions.,none,2026-06-20T09:59:33+00:00,2026-06-20T09:59:58+00:00,2026-06-15,qwen3:8b,ollama,0.0,42,4096,192,false,false,ollama_format_schema,mda_single_dimension_context_v2,2026-06-20T09:59:58+00:00,06_scoring/05_raw_model_outputs/mda_final_full/MDA_9946_ETA_2020_AR04_attempt_1.json,06_scoring/03_numeric_checks/mda_v2/MDA_9946_ETA_2020_numeric_checks.json,parsed,valid
MDA_9946_ETA_2020_AR05,MDA_9946_ETA_2020,mda,mda_disclosure_quality,mda_general_quality,initial,local_qwen3_8b,AR05,MD&A readability and structural clarity,2,1,5,0.1,25.0,2.5,[MDA_P001],[MDA_P001] Management Discussion and Analysis,medium,Discussion lacks clarity and structure with minimal contextual explanation,none,2026-06-20T09:59:33+00:00,2026-06-20T09:59:58+00:00,2026-06-15,qwen3:8b,ollama,0.0,42,4096,192,false,false,ollama_format_schema,mda_single_dimension_context_v2,2026-06-20T09:59:58+00:00,06_scoring/05_raw_model_outputs/mda_final_full/MDA_9946_ETA_2020_AR05_attempt_1.json,06_scoring/03_numeric_checks/mda_v2/MDA_9946_ETA_2020_numeric_checks.json,parsed,valid
MDA_9946_ETA_2021_AR01,MDA_9946_ETA_2021,mda,mda_disclosure_quality,mda_general_quality,initial,local_qwen3_8b,AR01,MD&A content completeness,4,1,5,0.15,75.0,11.25,[MDA_P001],[MDA_P001] MANAGEMENT DISCUSSION AND ANALYSIS (Cont’d),medium,Provides financial metrics but lacks contextual explanation for key figures,none,2026-06-20T09:59:58+00:00,2026-06-20T10:00:19+00:00,2026-06-15,qwen3:8b,ollama,0.0,42,4096,192,false,false,ollama_format_schema,mda_single_dimension_context_v2,2026-06-20T10:00:19+00:00,06_scoring/05_raw_model_outputs/mda_final_full/MDA_9946_ETA_2021_AR01_attempt_1.json,06_scoring/03_numeric_checks/mda_v2/MDA_9946_ETA_2021_numeric_checks.json,parsed,valid
MDA_9946_ETA_2021_AR02,MDA_9946_ETA_2021,mda,mda_disclosure_quality,mda_general_quality,initial,local_qwen3_8b,AR02,MD&A internal numeric consistency and traceability,3,1,5,0.25,50.0,12.5,[MDA_P003],[MDA_P003] 30 Jun 17 30 Jun 18 30 Jun 19 30 Jun 20 30 Jun 21,medium,Python numeric_checker: Numeric data is presented but lacks clear explanation of trends or consistency checks.,none,2026-06-20T09:59:58+00:00,2026-06-20T10:00:19+00:00,2026-06-15,qwen3:8b,ollama,0.0,42,4096,192,false,false,ollama_format_schema,mda_single_dimension_context_v2,2026-06-20T10:00:19+00:00,06_scoring/05_raw_model_outputs/mda_final_full/MDA_9946_ETA_2021_AR02_attempt_1.json,06_scoring/03_numeric_checks/mda_v2/MDA_9946_ETA_2021_numeric_checks.json,parsed,valid
MDA_9946_ETA_2021_AR03,MDA_9946_ETA_2021,mda,mda_disclosure_quality,mda_general_quality,initial,local_qwen3_8b,AR03,Operating analysis specificity,2,1,5,0.3,25.0,7.5,[MDA_P005],[MDA_P005] Operating Ratio After tax return on shareholders’ fund (%) 2.28 (11.99) (11.70) (9.29) 2.04 Pre-tax profit/(loss) margin (%) 1.74 (11.58) (10.48) (5.63) 2.44,medium,Lack of detailed analysis on operating ratios and margins,none,2026-06-20T09:59:58+00:00,2026-06-20T10:00:19+00:00,2026-06-15,qwen3:8b,ollama,0.0,42,4096,192,false,false,ollama_format_schema,mda_single_dimension_context_v2,2026-06-20T10:00:19+00:00,06_scoring/05_raw_model_outputs/mda_final_full/MDA_9946_ETA_2021_AR03_attempt_1.json,06_scoring/03_numeric_checks/mda_v2/MDA_9946_ETA_2021_numeric_checks.json,parsed,valid
MDA_9946_ETA_2021_AR04,MDA_9946_ETA_2021,mda,mda_disclosure_quality,mda_general_quality,initial,local_qwen3_8b,AR04,MD&A internal risk and forward-looking disclosure,2,1,5,0.2,25.0,5.0,[MDA_P009],"[MDA_P009] Outlook and Prospects The Group’s business will remain challenging and volatile due to the uncertainty caused by Covid-19 pandemic. We are, however, encouraged by our performance in the last quarter of FYE 2021. We are cautiously",medium,Limited forward-looking details and risk discussion.,none,2026-06-20T09:59:58+00:00,2026-06-20T10:00:19+00:00,2026-06-15,qwen3:8b,ollama,0.0,42,4096,192,false,false,ollama_format_schema,mda_single_dimension_context_v2,2026-06-20T10:00:19+00:00,06_scoring/05_raw_model_outputs/mda_final_full/MDA_9946_ETA_2021_AR04_attempt_1.json,06_scoring/03_numeric_checks/mda_v2/MDA_9946_ETA_2021_numeric_checks.json,parsed,valid
MDA_9946_ETA_2021_AR05,MDA_9946_ETA_2021,mda,mda_disclosure_quality,mda_general_quality,initial,local_qwen3_8b,AR05,MD&A readability and structural clarity,2,1,5,0.1,25.0,2.5,[MDA_P001],[MDA_P001] MANAGEMENT DISCUSSION AND ANALYSIS (Cont’d),medium,Poor readability with excessive repetition and lack of clear structure,none,2026-06-20T09:59:58+00:00,2026-06-20T10:00:19+00:00,2026-06-15,qwen3:8b,ollama,0.0,42,4096,192,false,false,ollama_format_schema,mda_single_dimension_context_v2,2026-06-20T10:00:19+00:00,06_scoring/05_raw_model_outputs/mda_final_full/MDA_9946_ETA_2021_AR05_attempt_1.json,06_scoring/03_numeric_checks/mda_v2/MDA_9946_ETA_2021_numeric_checks.json,parsed,valid
MDA_9946_ETA_2022_AR01,MDA_9946_ETA_2022,mda,mda_disclosure_quality,mda_general_quality,initial,local_qwen3_8b,AR01,MD&A content completeness,2,1,5,0.15,25.0,3.75,[MDA_P001],[MDA_P001] MANAGEMENT DISCUSSION & ANALYSIS Our History and Business Rex was incorporated on 26 November 1993 as a private limited company under the Companies Act 1965 by the name of Kompetitif Pertama Sdn Bhd. The Company acquired the enti,medium,Lacks discussion on risks and segments as required for completeness,none,2026-06-20T10:00:19+00:00,2026-06-20T10:00:45+00:00,2026-06-15,qwen3:8b,ollama,0.0,42,4096,192,false,false,ollama_format_schema,mda_single_dimension_context_v2,2026-06-20T10:00:45+00:00,06_scoring/05_raw_model_outputs/mda_final_full/MDA_9946_ETA_2022_AR01_attempt_1.json,06_scoring/03_numeric_checks/mda_v2/MDA_9946_ETA_2022_numeric_checks.json,parsed,valid
MDA_9946_ETA_2022_AR02,MDA_9946_ETA_2022,mda,mda_disclosure_quality,mda_general_quality,initial,local_qwen3_8b,AR02,MD&A internal numeric consistency and traceability,3,1,5,0.25,50.0,12.5,[MDA_P001],[MDA_P001] MANAGEMENT DISCUSSION & ANALYSIS Our History and Business Rex was incorporated on 26 November 1993 as a private limited company under the Companies Act 1965 by the name of Kompetitif Pertama Sdn Bhd. The Company acquired the enti,medium,Python numeric_checker: Numeric checks lack sufficient data for consistency verification.,none,2026-06-20T10:00:19+00:00,2026-06-20T10:00:45+00:00,2026-06-15,qwen3:8b,ollama,0.0,42,4096,192,false,false,ollama_format_schema,mda_single_dimension_context_v2,2026-06-20T10:00:45+00:00,06_scoring/05_raw_model_outputs/mda_final_full/MDA_9946_ETA_2022_AR02_attempt_1.json,06_scoring/03_numeric_checks/mda_v2/MDA_9946_ETA_2022_numeric_checks.json,parsed,valid
MDA_9946_ETA_2022_AR03,MDA_9946_ETA_2022,mda,mda_disclosure_quality,mda_general_quality,initial,local_qwen3_8b,AR03,Operating analysis specificity,2,1,5,0.3,25.0,7.5,[MDA_P002],[MDA_P002] PT Rex Canning Indonesia (“PT Rex”) began commercial operations in August 1992; with principal activities in manufacturing and exporting of canned processed seafood. PT Rex operates under stringent standards set by the Ministry o,medium,Discussion lacks specific operating analysis metrics or trends.,none,2026-06-20T10:00:19+00:00,2026-06-20T10:00:45+00:00,2026-06-15,qwen3:8b,ollama,0.0,42,4096,192,false,false,ollama_format_schema,mda_single_dimension_context_v2,2026-06-20T10:00:45+00:00,06_scoring/05_raw_model_outputs/mda_final_full/MDA_9946_ETA_2022_AR03_attempt_1.json,06_scoring/03_numeric_checks/mda_v2/MDA_9946_ETA_2022_numeric_checks.json,parsed,valid
MDA_9946_ETA_2022_AR04,MDA_9946_ETA_2022,mda,mda_disclosure_quality,mda_general_quality,initial,local_qwen3_8b,AR04,MD&A internal risk and forward-looking disclosure,2,1,5,0.2,25.0,5.0,[MDA_P001],[MDA_P001] MANAGEMENT DISCUSSION & ANALYSIS Our History and Business Rex was incorporated on 26 November 1993 as a private limited company under the Companies Act 1965 by the name of Kompetitif Pertama Sdn Bhd. The Company acquired the enti,medium,Lacks specific risk and forward-looking disclosures required for AR04,none,2026-06-20T10:00:19+00:00,2026-06-20T10:00:45+00:00,2026-06-15,qwen3:8b,ollama,0.0,42,4096,192,false,false,ollama_format_schema,mda_single_dimension_context_v2,2026-06-20T10:00:45+00:00,06_scoring/05_raw_model_outputs/mda_final_full/MDA_9946_ETA_2022_AR04_attempt_1.json,06_scoring/03_numeric_checks/mda_v2/MDA_9946_ETA_2022_numeric_checks.json,parsed,valid
MDA_9946_ETA_2022_AR05,MDA_9946_ETA_2022,mda,mda_disclosure_quality,mda_general_quality,initial,local_qwen3_8b,AR05,MD&A readability and structural clarity,2,1,5,0.1,25.0,2.5,[MDA_P001],[MDA_P001] MANAGEMENT DISCUSSION & ANALYSIS Our History and Business Rex was incorporated on 26 November 1993 as a private limited company under the Companies Act 1965 by the name of Kompetitif Pertama Sdn Bhd. The Company acquired the enti,medium,Paragraph lacks clear structure and readability with minimal financial discussion.,none,2026-06-20T10:00:19+00:00,2026-06-20T10:00:45+00:00,2026-06-15,qwen3:8b,ollama,0.0,42,4096,192,false,false,ollama_format_schema,mda_single_dimension_context_v2,2026-06-20T10:00:45+00:00,06_scoring/05_raw_model_outputs/mda_final_full/MDA_9946_ETA_2022_AR05_attempt_1.json,06_scoring/03_numeric_checks/mda_v2/MDA_9946_ETA_2022_numeric_checks.json,parsed,valid
MDA_9946_ETA_2023_AR01,MDA_9946_ETA_2023,mda,mda_disclosure_quality,mda_general_quality,initial,local_qwen3_8b,AR01,MD&A content completeness,2,1,5,0.15,25.0,3.75,[MDA_P001],[MDA_P001] MANAGEMENT DISCUSSION & ANALYSIS,medium,"Lacks detailed discussion on risks and segments, missing key elements for completeness",none,2026-06-20T10:00:45+00:00,2026-06-20T10:01:05+00:00,2026-06-15,qwen3:8b,ollama,0.0,42,4096,192,false,false,ollama_format_schema,mda_single_dimension_context_v2,2026-06-20T10:01:05+00:00,06_scoring/05_raw_model_outputs/mda_final_full/MDA_9946_ETA_2023_AR01_attempt_1.json,06_scoring/03_numeric_checks/mda_v2/MDA_9946_ETA_2023_numeric_checks.json,parsed,valid
MDA_9946_ETA_2023_AR02,MDA_9946_ETA_2023,mda,mda_disclosure_quality,mda_general_quality,initial,local_qwen3_8b,AR02,MD&A internal numeric consistency and traceability,3,1,5,0.25,50.0,12.5,[MDA_P003],[MDA_P003] Annual Report 2023 Financial Performance (cont’d) REX GROUP,medium,Python numeric_checker: Numeric checks lack sufficient data points for consistency verification.,none,2026-06-20T10:00:45+00:00,2026-06-20T10:01:05+00:00,2026-06-15,qwen3:8b,ollama,0.0,42,4096,192,false,false,ollama_format_schema,mda_single_dimension_context_v2,2026-06-20T10:01:05+00:00,06_scoring/05_raw_model_outputs/mda_final_full/MDA_9946_ETA_2023_AR02_attempt_1.json,06_scoring/03_numeric_checks/mda_v2/MDA_9946_ETA_2023_numeric_checks.json,parsed,valid
MDA_9946_ETA_2023_AR03,MDA_9946_ETA_2023,mda,mda_disclosure_quality,mda_general_quality,initial,local_qwen3_8b,AR03,Operating analysis specificity,2,1,5,0.3,25.0,7.5,[MDA_P008],"[MDA_P008] RM'000 RM'000 RM'000 RM'000 RM'000 Statement of Profit and Loss Revenue 136,609 149,245 160,539 161,111 162,408 Interest expense 1,905 2,050 1,531 1,171 1,617",medium,Revenue and expense figures are presented but lack detailed analysis of operating performance.,none,2026-06-20T10:00:45+00:00,2026-06-20T10:01:05+00:00,2026-06-15,qwen3:8b,ollama,0.0,42,4096,192,false,false,ollama_format_schema,mda_single_dimension_context_v2,2026-06-20T10:01:05+00:00,06_scoring/05_raw_model_outputs/mda_final_full/MDA_9946_ETA_2023_AR03_attempt_1.json,06_scoring/03_numeric_checks/mda_v2/MDA_9946_ETA_2023_numeric_checks.json,parsed,valid
MDA_9946_ETA_2023_AR04,MDA_9946_ETA_2023,mda,mda_disclosure_quality,mda_general_quality,initial,local_qwen3_8b,AR04,MD&A internal risk and forward-looking disclosure,2,1,5,0.2,25.0,5.0,[MDA_P023],"[MDA_P023] Annual Report 2023 CORPORATE EXERCISE The Company undertook a fund-raising exercise during the financial year for a renounceable rights issue for ordinary shares at RM0.10 per Rights Share, on the basis of 1 Rights Share for ever",medium,Limited risk and forward-looking disclosure with general statements,none,2026-06-20T10:00:45+00:00,2026-06-20T10:01:05+00:00,2026-06-15,qwen3:8b,ollama,0.0,42,4096,192,false,false,ollama_format_schema,mda_single_dimension_context_v2,2026-06-20T10:01:05+00:00,06_scoring/05_raw_model_outputs/mda_final_full/MDA_9946_ETA_2023_AR04_attempt_1.json,06_scoring/03_numeric_checks/mda_v2/MDA_9946_ETA_2023_numeric_checks.json,parsed,valid
MDA_9946_ETA_2023_AR05,MDA_9946_ETA_2023,mda,mda_disclosure_quality,mda_general_quality,initial,local_qwen3_8b,AR05,MD&A readability and structural clarity,2,1,5,0.1,25.0,2.5,[MDA_P001],[MDA_P001] MANAGEMENT DISCUSSION & ANALYSIS,medium,Lack of clear structure and repetitive content,none,2026-06-20T10:00:45+00:00,2026-06-20T10:01:05+00:00,2026-06-15,qwen3:8b,ollama,0.0,42,4096,192,false,false,ollama_format_schema,mda_single_dimension_context_v2,2026-06-20T10:01:05+00:00,06_scoring/05_raw_model_outputs/mda_final_full/MDA_9946_ETA_2023_AR05_attempt_1.json,06_scoring/03_numeric_checks/mda_v2/MDA_9946_ETA_2023_numeric_checks.json,parsed,valid
MDA_9946_ETA_2024_AR01,MDA_9946_ETA_2024,mda,mda_disclosure_quality,mda_general_quality,initial,local_qwen3_8b,AR01,MD&A content completeness,4,1,5,0.15,75.0,11.25,[MDA_P001],[MDA_P001] MANAGEMENT DISCUSSION & ANALYSIS Our History and Business Rex was incorporated on 26 November 1993 as a private limited company under the Companies Act 1965 by the name of Kompetitif Pertama Sdn Bhd. The Company acquired the enti,medium,"Discusses business history, operations, and strategic direction.",none,2026-06-20T10:01:05+00:00,2026-06-20T10:01:30+00:00,2026-06-15,qwen3:8b,ollama,0.0,42,4096,192,false,false,ollama_format_schema,mda_single_dimension_context_v2,2026-06-20T10:01:30+00:00,06_scoring/05_raw_model_outputs/mda_final_full/MDA_9946_ETA_2024_AR01_attempt_1.json,06_scoring/03_numeric_checks/mda_v2/MDA_9946_ETA_2024_numeric_checks.json,parsed,valid
MDA_9946_ETA_2024_AR02,MDA_9946_ETA_2024,mda,mda_disclosure_quality,mda_general_quality,initial,local_qwen3_8b,AR02,MD&A internal numeric consistency and traceability,3,1,5,0.25,50.0,12.5,[MDA_P001],[MDA_P001] MANAGEMENT DISCUSSION & ANALYSIS Our History and Business Rex was incorporated on 26 November 1993 as a private limited company under the Companies Act 1965 by the name of Kompetitif Pertama Sdn Bhd. The Company acquired the enti,medium,Python numeric_checker: numeric_check_summary indicates not enough numbers for consistency checks,none,2026-06-20T10:01:05+00:00,2026-06-20T10:01:30+00:00,2026-06-15,qwen3:8b,ollama,0.0,42,4096,192,false,false,ollama_format_schema,mda_single_dimension_context_v2,2026-06-20T10:01:30+00:00,06_scoring/05_raw_model_outputs/mda_final_full/MDA_9946_ETA_2024_AR02_attempt_1.json,06_scoring/03_numeric_checks/mda_v2/MDA_9946_ETA_2024_numeric_checks.json,parsed,valid
MDA_9946_ETA_2024_AR03,MDA_9946_ETA_2024,mda,mda_disclosure_quality,mda_general_quality,initial,local_qwen3_8b,AR03,Operating analysis specificity,2,1,5,0.3,25.0,7.5,[MDA_P002],[MDA_P002] PT Rex Canning Indonesia (“PT Rex”) began commercial operations in August 1992; with principal activities in manufacturing and exporting of canned processed seafood. PT Rex operates under stringent standards set by the Ministry o,medium,"Limited discussion on operating analysis specifics, lacks detailed breakdown of operational performance metrics.",none,2026-06-20T10:01:05+00:00,2026-06-20T10:01:30+00:00,2026-06-15,qwen3:8b,ollama,0.0,42,4096,192,false,false,ollama_format_schema,mda_single_dimension_context_v2,2026-06-20T10:01:30+00:00,06_scoring/05_raw_model_outputs/mda_final_full/MDA_9946_ETA_2024_AR03_attempt_1.json,06_scoring/03_numeric_checks/mda_v2/MDA_9946_ETA_2024_numeric_checks.json,parsed,valid
MDA_9946_ETA_2024_AR04,MDA_9946_ETA_2024,mda,mda_disclosure_quality,mda_general_quality,initial,local_qwen3_8b,AR04,MD&A internal risk and forward-looking disclosure,2,1,5,0.2,25.0,5.0,[MDA_P001],[MDA_P001] MANAGEMENT DISCUSSION & ANALYSIS Our History and Business Rex was incorporated on 26 November 1993 as a private limited company under the Companies Act 1965 by the name of Kompetitif Pertama Sdn Bhd. The Company acquired the enti,medium,Lacks specific risk and forward-looking disclosures required for AR04,none,2026-06-20T10:01:05+00:00,2026-06-20T10:01:30+00:00,2026-06-15,qwen3:8b,ollama,0.0,42,4096,192,false,false,ollama_format_schema,mda_single_dimension_context_v2,2026-06-20T10:01:30+00:00,06_scoring/05_raw_model_outputs/mda_final_full/MDA_9946_ETA_2024_AR04_attempt_1.json,06_scoring/03_numeric_checks/mda_v2/MDA_9946_ETA_2024_numeric_checks.json,parsed,valid
MDA_9946_ETA_2024_AR05,MDA_9946_ETA_2024,mda,mda_disclosure_quality,mda_general_quality,initial,local_qwen3_8b,AR05,MD&A readability and structural clarity,2,1,5,0.1,25.0,2.5,[MDA_P001],[MDA_P001] MANAGEMENT DISCUSSION & ANALYSIS Our History and Business Rex was incorporated on 26 November 1993 as a private limited company under the Companies Act 1965 by the name of Kompetitif Pertama Sdn Bhd. The Company acquired the enti,medium,"Paragraph lacks clear structure and readability, with excessive text and no clear segmentation.",none,2026-06-20T10:01:05+00:00,2026-06-20T10:01:30+00:00,2026-06-15,qwen3:8b,ollama,0.0,42,4096,192,false,false,ollama_format_schema,mda_single_dimension_context_v2,2026-06-20T10:01:30+00:00,06_scoring/05_raw_model_outputs/mda_final_full/MDA_9946_ETA_2024_AR05_attempt_1.json,06_scoring/03_numeric_checks/mda_v2/MDA_9946_ETA_2024_numeric_checks.json,parsed,valid
