document_id,clean_paragraph_id,clean_section,raw_locator,raw_text_snippet,clean_text,cleaning_actions,is_removed,removal_reason,confidence_level
MDA_3255_HEIM_2020,REMOVED_001,Unknown,L22,ANNUAL REPORT 2020 | HEINEKEN MALAYSIA BERHAD,,remove_header_footer,1,header_footer,medium
MDA_3255_HEIM_2020,REMOVED_002,Unknown,L33,the MCO. The cover of our Annual Report 2020 is symbolic of,,remove_header_footer,1,header_footer,medium
MDA_3255_HEIM_2020,REMOVED_003,Unknown,L112,HEINEKEN MALAYSIA BERHAD | ANNUAL REPORT 2020,,remove_header_footer,1,header_footer,medium
MDA_3255_HEIM_2020,REMOVED_004,Unknown,L188,ANNUAL REPORT 2020 | HEINEKEN MALAYSIA BERHAD,,remove_header_footer,1,header_footer,medium
MDA_3255_HEIM_2020,REMOVED_005,Unknown,L297,HEINEKEN MALAYSIA BERHAD | ANNUAL REPORT 2020,,remove_header_footer,1,header_footer,medium
MDA_3255_HEIM_2020,REMOVED_006,Unknown,L372,ANNUAL REPORT 2020 | HEINEKEN MALAYSIA BERHAD,,remove_header_footer,1,header_footer,medium
MDA_3255_HEIM_2020,REMOVED_007,Unknown,L474,HEINEKEN MALAYSIA BERHAD | ANNUAL REPORT 2020,,remove_header_footer,1,header_footer,medium
MDA_3255_HEIM_2020,REMOVED_008,Unknown,L495,HEINEKEN MALAYSIA BERHAD | ANNUAL REPORT 2020,,remove_header_footer,1,header_footer,medium
MDA_3255_HEIM_2020,REMOVED_009,Unknown,L498,ANNUAL REPORT 2020 | HEINEKEN MALAYSIA BERHAD,,remove_header_footer,1,header_footer,medium
MDA_3255_HEIM_2020,REMOVED_010,Unknown,L519,ANNUAL REPORT 2020 | HEINEKEN MALAYSIA BERHAD,,remove_header_footer,1,header_footer,medium
MDA_3255_HEIM_2020,REMOVED_011,Unknown,L534,HEINEKEN MALAYSIA BERHAD | ANNUAL REPORT 2020,,remove_header_footer,1,header_footer,medium
MDA_3255_HEIM_2020,REMOVED_012,Unknown,L569,ANNUAL REPORT 2020 | HEINEKEN MALAYSIA BERHAD,,remove_header_footer,1,header_footer,medium
MDA_3255_HEIM_2020,REMOVED_013,Unknown,L649,HEINEKEN MALAYSIA BERHAD | ANNUAL REPORT 2020,,remove_header_footer,1,header_footer,medium
MDA_3255_HEIM_2020,REMOVED_014,Unknown,L706,ANNUAL REPORT 2020 | HEINEKEN MALAYSIA BERHAD,,remove_header_footer,1,header_footer,medium
MDA_3255_HEIM_2020,REMOVED_015,Unknown,L783,HEINEKEN MALAYSIA BERHAD | ANNUAL REPORT 2020,,remove_header_footer,1,header_footer,medium
MDA_3255_HEIM_2020,REMOVED_016,Unknown,L856,ANNUAL REPORT 2020 | HEINEKEN MALAYSIA BERHAD,,remove_header_footer,1,header_footer,medium
MDA_3255_HEIM_2020,REMOVED_017,Unknown,L936,HEINEKEN MALAYSIA BERHAD | ANNUAL REPORT 2020,,remove_header_footer,1,header_footer,medium
MDA_3255_HEIM_2020,REMOVED_018,Unknown,L956,ANNUAL REPORT 2020 | HEINEKEN MALAYSIA BERHAD,,remove_header_footer,1,header_footer,medium
MDA_3255_HEIM_2020,REMOVED_019,Unknown,L1006,HEINEKEN MALAYSIA BERHAD | ANNUAL REPORT 2020,,remove_header_footer,1,header_footer,medium
MDA_3255_HEIM_2020,REMOVED_020,Unknown,L1058,ANNUAL REPORT 2020 | HEINEKEN MALAYSIA BERHAD,,remove_header_footer,1,header_footer,medium
MDA_3255_HEIM_2020,REMOVED_021,Unknown,L1110,HEINEKEN MALAYSIA BERHAD | ANNUAL REPORT 2020,,remove_header_footer,1,header_footer,medium
MDA_3255_HEIM_2020,REMOVED_022,Unknown,L1157,ANNUAL REPORT 2020 | HEINEKEN MALAYSIA BERHAD,,remove_header_footer,1,header_footer,medium
MDA_3255_HEIM_2020,REMOVED_023,Unknown,L1221,HEINEKEN MALAYSIA BERHAD | ANNUAL REPORT 2020,,remove_header_footer,1,header_footer,medium
MDA_3255_HEIM_2020,REMOVED_024,Unknown,L1294,ANNUAL REPORT 2020 | HEINEKEN MALAYSIA BERHAD,,remove_header_footer,1,header_footer,medium
MDA_3255_HEIM_2020,REMOVED_025,Unknown,L1333,HEINEKEN MALAYSIA BERHAD | ANNUAL REPORT 2020,,remove_header_footer,1,header_footer,medium
MDA_3255_HEIM_2020,REMOVED_026,Unknown,L1375,ANNUAL REPORT 2020 | HEINEKEN MALAYSIA BERHAD,,remove_header_footer,1,header_footer,medium
MDA_3255_HEIM_2020,REMOVED_027,Unknown,L1475,HEINEKEN MALAYSIA BERHAD | ANNUAL REPORT 2020,,remove_header_footer,1,header_footer,medium
MDA_3255_HEIM_2020,REMOVED_028,Unknown,L1534,ANNUAL REPORT 2020 | HEINEKEN MALAYSIA BERHAD,,remove_header_footer,1,header_footer,medium
MDA_3255_HEIM_2020,REMOVED_029,Unknown,L1631,HEINEKEN MALAYSIA BERHAD | ANNUAL REPORT 2020,,remove_header_footer,1,header_footer,medium
MDA_3255_HEIM_2020,MDA_P001,Unknown,B001,"[MDA_P001] Management Discussion & Analysis “The cover of our Annual Report 2020 is symbolic of our organisation’s collective sentiment during the difficult time, it represents our team spirit to keep the lights shining in the darkness, and it reflects our commitment as One Strong Winning Team to st","[MDA_P001] Management Discussion & Analysis “The cover of our Annual Report 2020 is symbolic of our organisation’s collective sentiment during the difficult time, it represents our team spirit to keep the lights shining in the darkness, and it reflects our commitment as One Strong Winning Team to stay true to our purpose: Brewing a Sustainable Future for Our People, Business and Planet.” Roland Bala Managing Director One Strong Winning Team",normalize_whitespace;renumber_paragraph,0,,high
MDA_3255_HEIM_2020,MDA_P002,Unknown,B002,"[MDA_P002] Management Discussion & Analysis 2020 was a difficult year. The Covid-19 global pandemic brought the economy to a standstill. Faced with the immediate need to bring the contagion under control, the Malaysian Government introduced the Movement Control Order (MCO) in March 2020, allowing on","[MDA_P002] Management Discussion & Analysis 2020 was a difficult year. The Covid-19 global pandemic brought the economy to a standstill. Faced with the immediate need to bring the contagion under control, the Malaysian Government introduced the Movement Control Order (MCO) in March 2020, allowing only essential sectors of the economy to continue operating, whilst putting strict restrictions on all other activities, including social activities. Looking back at the 46 consecutive days from 18 March to 3 May 2020, it can be said that those were the darkest days of our Company’s history in Malaysia as we had to suspend operations at our Sungei Way Brewery during this period to comply with our organisation’s collective sentiment during the difficult time, it represents our team spirit to keep the lights shining in the darkness, and it reflects our commitment as One Strong Winning Team to stay true to our purpose: Brewing a Sustainable Future for our People, Business and Planet.",normalize_whitespace;renumber_paragraph,0,,high
MDA_3255_HEIM_2020,MDA_P003,Unknown,B003,"[MDA_P003] We are the leading brewer in the country, with a portfolio of iconic international and local brands that are supported by consumers who share the same Passion for Quality that is a key HEINEKEN value. In 2020, we had to respond to the drastic changes in the external environment caused by ","[MDA_P003] We are the leading brewer in the country, with a portfolio of iconic international and local brands that are supported by consumers who share the same Passion for Quality that is a key HEINEKEN value. In 2020, we had to respond to the drastic changes in the external environment caused by the global pandemic and nationwide lockdown, which had a significant impact on our industry and business. In navigating the crisis, our key priorities were (1) safeguarding the health and safety of our people, (2) adapting the business to the new landscape, and (3) prudent cost control to preserve cash. Our Key Priorities safeguarding the health and safety of our people adapting the business to the new landscape prudent cost control to preserve cash PROTECTING THE HEALTH & SAFETY OF OUR PEOPLE To ensure the health and safety of our employees, we instructed all staff to work from home immediately upon the commencement of the MCO. When we were allowed to resume operations on 3 May 2020, only essential employees were asked to return to our brewery whilst non-essential staff continued working from home.",normalize_whitespace;renumber_paragraph,0,,high
MDA_3255_HEIM_2020,MDA_P004,Unknown,B004,"[MDA_P004] From July to October 2020, during the Recovery MCO phase, we transitioned all employees to return to the office on a split team arrangement. However, when the rate of new infections increased again in September 2020, the Government then re-introduced stricter Standard Operating Procedures","[MDA_P004] From July to October 2020, during the Recovery MCO phase, we transitioned all employees to return to the office on a split team arrangement. However, when the rate of new infections increased again in September 2020, the Government then re-introduced stricter Standard Operating Procedures (SOPs) and brought back restrictions on various social activities to stem the new wave of infections. The Government also introduced a 30% limit on office workers whilst allowing most sectors of the economy to continue operating. In the interest of minimising risks on our people’s health, we made the decision to allow all non-essential office based employees to work from home fully and this practice continued for the rest of 2020. At the work place, we introduced new rules and practices with an aim to prevent infection. For example, we have put in place guidelines on social distancing, strict segregation of staff between production and non-production workers, wearing of face masks, as well as setting up hand sanitisation stations to encourage all employees to clean their hands regularly.",normalize_whitespace;renumber_paragraph,0,,high
MDA_3255_HEIM_2020,MDA_P005,Unknown,B005,"[MDA_P005] We also tightened entry requirements to our brewery, with all employees and visitors being required to check in daily via MySejahtera (the Government’s Covid-19 mobile application that aids with contact tracing), have their body temperature taken, and submit a health declaration. As a fur","[MDA_P005] We also tightened entry requirements to our brewery, with all employees and visitors being required to check in daily via MySejahtera (the Government’s Covid-19 mobile application that aids with contact tracing), have their body temperature taken, and submit a health declaration. As a further proactive step, we have also introduced the Covid-19 screening requirement for all production workers, contractors and vendors who need to enter the Sungei Way Brewery. We are pleased that so far, no workplace cluster has been detected in our organisation. This clearly demonstrates the effectiveness",normalize_whitespace;renumber_paragraph,0,,high
MDA_3255_HEIM_2020,MDA_P006,Unknown,B006,"[MDA_P006] Who We Are Our Strategies Performance Review Growing Our People Protecting Our Planet How We Are Governed Our Numbers And Others of the proactive interventions that we have undertaken. As such, we aim to continue maintaining a high level of discipline in enforcing the health-related SOPs ","[MDA_P006] Who We Are Our Strategies Performance Review Growing Our People Protecting Our Planet How We Are Governed Our Numbers And Others of the proactive interventions that we have undertaken. As such, we aim to continue maintaining a high level of discipline in enforcing the health-related SOPs and continually remind employees about the necessary health and safety precautions. STAYING CONNECTED WITH CUSTOMERS & CONSUMERS We started 2020 with the Chinese New Year festive campaign led by Tiger Beer, Malaysia’s No. 1 Beer. The year of the rat coincided with Tiger’s 88th anniversary and we went all out to give consumers an exciting festive season. Aptly named ‘Double The Huat’ in honour of the double celebration, we ran a successful series of promotions, contests and activations on a grander scale than ever before across all channels, including restaurants, coffee shops, supermarkets, convenience stores and e-Commerce. However, due to the pandemic and nationwide lockdown, most of the commercial plans for the rest of the year were affected. For example, the annual Guinness St. Patrick’s celebration in March had to be canceled.",normalize_whitespace;renumber_paragraph,0,,high
MDA_3255_HEIM_2020,MDA_P007,Unknown,B007,"[MDA_P007] Meanwhile, we had to adapt to the new realities that Covid-19 had forced upon society. Consumption drivers such as dining out and having social gatherings at restaurants, pubs and bars were curtailed significantly by various restrictions. Indeed, certain outlets with liquor licenses such ","[MDA_P007] Meanwhile, we had to adapt to the new realities that Covid-19 had forced upon society. Consumption drivers such as dining out and having social gatherings at restaurants, pubs and bars were curtailed significantly by various restrictions. Indeed, certain outlets with liquor licenses such as pubs and entertainment outlets were prohibited from operating. Unfortunately, the perpetual restrictions have significantly impacted the economy and consumer sentiment. Local businesses who depend on beer as a source of revenue have struggled to survive. The Confederation of Malaysian Brewers Berhad estimates that around 3,800 of these outlets have remain closed during the year with some 38,000 jobs at risk. During this challenging year, it was important to remain connected with our customers and consumers. We leveraged the power of our brands to help re-connect consumers to businesses. Through our Tiger Save Our Street Food campaign, we channeled RM1.5 million to help restaurants, food courts and street food vendors who were affected directly by the lockdown. During the campaign, supporters could purchase a voucher for a big bottle of Tiger or Tiger Crystal.",normalize_whitespace;renumber_paragraph,0,,high
MDA_3255_HEIM_2020,MDA_P008,Unknown,B008,"[MDA_P008] Proceeds from the sale of the vouchers were then fully donated to participating outlets, on top of the retail price of the beer that the outlets also receive. We are proud that this campaign brought consumers together to support their favourite restaurants and coffee shops, whilst demonst","[MDA_P008] Proceeds from the sale of the vouchers were then fully donated to participating outlets, on top of the retail price of the beer that the outlets also receive. We are proud that this campaign brought consumers together to support their favourite restaurants and coffee shops, whilst demonstrating HEINEKEN Malaysia’s commitment to navigate the storm together with our business partners. As mentioned earlier, most pubs and entertainment outlets were not allowed to operate. In view of this, we launched the Raise Our Bars initiative, with a commitment of RM1 million to help affected pubs and bars during the crisis. The Heineken® brand also launched its Socialise Responsibly campaign, giving a fresh perspective to social distancing in bars, educating consumers that although new bar experiences can be awkward, it is important to respect the rules of social distancing. In a year when staying at home became the norm, we further engaged consumers with exciting campaigns that cut through the monotony due to the lack of social interactions.",normalize_whitespace;renumber_paragraph,0,,high
MDA_3255_HEIM_2020,MDA_P009,Unknown,B009,"[MDA_P009] When Tiger was not able to host the large-scale street food festivals it is famous for, the brand took the street food festival experience to the next level: from the streets, and onto consumers’ screens. The World’s No. 1 Stout, Guinness created a home edition for its Flavour by Fire cam","[MDA_P009] When Tiger was not able to host the large-scale street food festivals it is famous for, the brand took the street food festival experience to the next level: from the streets, and onto consumers’ screens. The World’s No. 1 Stout, Guinness created a home edition for its Flavour by Fire campaign by engaging celebrity chefs to create new recipes using leftover ingredients suggested by consumers. Heineken® brought an electrifying countdown party experience to all living rooms, helping to usher in the New Year and connecting more than 200,000 Malaysians virtually to end the year on a memorable note, while enjoying social experiences responsibly. I am pleased to report that HEINEKEN Malaysia’s world-class brands continued to be recognised by Malaysian consumers at the Putra Brand Awards 2020. Tiger Beer clinched the most prestigious Platinum Award, while Heineken® achieved Gold, and Guinness won Silver. The latest wins bring HEINEKEN Malaysia’s total awards tally at Putra Brand Awards to 33 since 2010. Management Discussion & Analysis",normalize_whitespace;renumber_paragraph,0,,high
MDA_3255_HEIM_2020,MDA_P010,Unknown,B010,"[MDA_P010] OUR PERFORMANCE Group revenue for the 12 months ended 31 December 2020 declined by 24%, impacted by the implementation of the first MCO during which the brewery suspended its operations. Despite the gradual recovery of economic activities after the second quarter, the Group’s business per","[MDA_P010] OUR PERFORMANCE Group revenue for the 12 months ended 31 December 2020 declined by 24%, impacted by the implementation of the first MCO during which the brewery suspended its operations. Despite the gradual recovery of economic activities after the second quarter, the Group’s business performance particularly in the ontrade channel continued to be affected. With the slowdown in the on-trade channel, we refocused our efforts to win in the off-trade channels including supermarkets and convenience stores, which were allowed to continue operating throughout the lockdowns. The rapid adoption of e-commerce in Malaysia was further accelerated by the pandemic, with many consumers switching from visiting physical stores to doing their shopping online. HEINEKEN Malaysia’s official e-commerce platform, Drinkies.my, grew its total number of orders by 93% vs 2019. The on-demand delivery service is currently available in major cities of Peninsular Malaysia.",normalize_whitespace;renumber_paragraph,0,,high
MDA_3255_HEIM_2020,MDA_P011,Unknown,B011,"[MDA_P011] Group profit before tax dropped 52%, principally due to the same reasons mentioned above and the one-off settlement of the Customs’ Bills of Demand amounting to RM7.2 million in June 2020 as well as and a one-off provision of RM14 million in December 2020 for costs associated with the org","[MDA_P011] Group profit before tax dropped 52%, principally due to the same reasons mentioned above and the one-off settlement of the Customs’ Bills of Demand amounting to RM7.2 million in June 2020 as well as and a one-off provision of RM14 million in December 2020 for costs associated with the organisational restructuring exercise being implemented in 2021. Nevertheless, this was partially mitigated by the cost savings measures. Net cash from operating activities for FY2020 decreased by 45% to RM226 million, in tandem with the decline in Group revenue and operating profit and also due to the reduction in business activities in line with the cost saving initiatives undertaken by the Group during the year. Net assets for FY2020 was recorded at RM349 million, 11% lower versus FY2019 mainly due to the decline in Group business performance and the reduction in capital expenditure in line with the cost saving measures. The Group paid a total of RM1.05 billion in excise, custom duties, and sales tax for the year. The Group incurred a total of RM44 million in income tax, translated into an effective tax rate of 24%.",normalize_whitespace;renumber_paragraph,0,,high
MDA_3255_HEIM_2020,MDA_P012,Unknown,B012,"[MDA_P012] Based on our FY2020 results, the Board has proposed a first and final single tier dividend of 51 sen per stock unit. Subject to approval of the shareholders at the forthcoming Annual General Meeting, the single tier dividend will be paid on 28 July 2021 to shareholders registered at the c","[MDA_P012] Based on our FY2020 results, the Board has proposed a first and final single tier dividend of 51 sen per stock unit. Subject to approval of the shareholders at the forthcoming Annual General Meeting, the single tier dividend will be paid on 28 July 2021 to shareholders registered at the closing of business on 30 June 2021. The dividend payout ratio for the year is approximately 100% of the Group’s profit after tax. PEOPLE & PLANET Despite the challenges, the results of our performance was attributed to the hard work and commitment of our employees. During the year, we kept people connected through regular internal communications including Town Halls and Virtual Drinks. Employee engagement initiatives were supported with the use of digital platforms such as Workplace and Microsoft Teams, enabling productivity whilst ensuring our people stayed connected while being apart. Our response to the Covid-19 crisis and actions taken to safeguard the health of our people was positively received. 88% of employees surveyed rated these initiatives favourably. In 2020, HEINEKEN Malaysia’s employee engagement score improved to 82% whilst performance enablement improved to 78%.",normalize_whitespace;renumber_paragraph,0,,high
MDA_3255_HEIM_2020,MDA_P013,Unknown,B013,"[MDA_P013] We recognise that diversity and inclusion as important drivers of performance. Women’s representation on the Board has exceeded the Malaysian Government’s target of 30% for public listed companies, with a 57:43 male to female ratio. Amongst our employees, we have a 50:50 male to female ra","[MDA_P013] We recognise that diversity and inclusion as important drivers of performance. Women’s representation on the Board has exceeded the Malaysian Government’s target of 30% for public listed companies, with a 57:43 male to female ratio. Amongst our employees, we have a 50:50 male to female ratio in middle to senior management positions. We continue to tap on the rich diversity and experience of HEINEKEN’s global community as we work towards creating a more inclusive workplace for all. Overall, our employee engagement initiatives were recognised by HR Asia who named HEINEKEN Malaysia amongst the Best Companies to Work For in Asia 2020. Sustainability remains the the core of our business. We are guided by our global sustainability strategy, Brewing a Better World. Our key focus is in three areas, namely protecting water resources, advocating responsible consumption, and growing with communities. Our sustainability efforts continued to be recognised externally as HEINEKEN Malaysia was named Company of the Year (Manufacturing – Beverage) at the Sustainability & Corporate Social Responsibility Malaysia Awards 2020.",normalize_whitespace;renumber_paragraph,0,,high
MDA_3255_HEIM_2020,MDA_P014,Unknown,B014,"[MDA_P014] Compared to 2014, we have reduced our water consumption for production by 15.5%, cut CO2 emissions by 15.2%, and continued to increase use of renewable sources of energy such as bio gas, practice sustainable sourcing as well as zero waste to landfill. We also go beyond our immediate opera","[MDA_P014] Compared to 2014, we have reduced our water consumption for production by 15.5%, cut CO2 emissions by 15.2%, and continued to increase use of renewable sources of energy such as bio gas, practice sustainable sourcing as well as zero waste to landfill. We also go beyond our immediate operations and collaborate with NGOs and communities in high impact water stewardship initiatives, focusing our efforts on protecting the Sungai Selangor and Sungai Penchala river basins. Through the work we have done through SPARK Foundation’s W.A.T.E.R Project initiatives, we are proud to report that HEINEKEN Malaysia has balanced more than 100% of the water used in our products. We take pride in the work that has been done to protect water resources, cut emissions, recycle waste, and source sustainably. Revenue -24% vs 2019 Profit Before Tax -52% vs 2019 Management Discussion & Analysis",normalize_whitespace;renumber_paragraph,0,,high
MDA_3255_HEIM_2020,MDA_P015,Unknown,B015,"[MDA_P015] Who We Are Our Strategies Performance Review Growing Our People Protecting Our Planet How We Are Governed Our Numbers And Others As a progressive brewer, we are taking the necessary steps to ensure we continue operating in a responsible way. In 2020, the Government introduced stiffer pena","[MDA_P015] Who We Are Our Strategies Performance Review Growing Our People Protecting Our Planet How We Are Governed Our Numbers And Others As a progressive brewer, we are taking the necessary steps to ensure we continue operating in a responsible way. In 2020, the Government introduced stiffer penalties to combat drink driving. HEINEKEN Malaysia reaffirmed our commitment towards advocating responsible consumption. With a history dating back to 1964 in the country, HEINEKEN Malaysia has always been leading the effort in engaging and educating its customers and consumers on enjoying beers and ciders responsibly. Locally, HEINEKEN Malaysia has invested RM7.3 million since 2010 on various initiatives to create awareness amongst consumers. Through its ‘Drink Sensibly’ and ‘Enjoy Responsibly’ platforms, over RM5.3 million have been invested into outreach and education campaigns through brand and corporate communications, on-ground events, as well as digital campaigns including the annual year-end festive period awareness drive.",normalize_whitespace;renumber_paragraph,0,,high
MDA_3255_HEIM_2020,MDA_P016,Unknown,B016,"[MDA_P016] As part of these programmes, consumers are educated on the importance of moderation and are encouraged to use alternative modes of transportation including e-hailing to go home safely. The Heineken® brand has also activated the “When You Drive, Never Drink” platform in Malaysia, investing","[MDA_P016] As part of these programmes, consumers are educated on the importance of moderation and are encouraged to use alternative modes of transportation including e-hailing to go home safely. The Heineken® brand has also activated the “When You Drive, Never Drink” platform in Malaysia, investing more than RM2 million since it was launched in 2016. Leveraging on the global partnership with F1®, Heineken® has been amplifying the simple but clear message urging consumers not to drive when they have consumed any amount of alcohol. Heineken® has communicated the message through various brand communications and Type of Risk Actions to Mitigate Risk Regulatory & Tax We continue to engage the Government on key issues affecting the industry, in support of the country’s growth ambition as well as recovery from the significant economic impact attributed to the ongoing global pandemic. Illicit Alcohol We fully support the Government’s efforts in eradicating illicit alcohol, which represents a loss of revenue to both Government and Industry.",normalize_whitespace;renumber_paragraph,0,,high
MDA_3255_HEIM_2020,MDA_P017,Unknown,B017,"[MDA_P017] We continue to work proactively to raise awareness about the dangers of illicit alcohol through engagements with relevant enforcement authorities, our trade partners and consumers. Growing Sensitivities We advocate responsible consumption. The Heineken® brand spends 10% of its media budge","[MDA_P017] We continue to work proactively to raise awareness about the dangers of illicit alcohol through engagements with relevant enforcement authorities, our trade partners and consumers. Growing Sensitivities We advocate responsible consumption. The Heineken® brand spends 10% of its media budget annually on promoting moderation and responsible consumption. Through our global partnership with F1, we reinforce a bold message – When You Drive, Never Drink. We also adhere strictly to the HEINEKEN Responsible Marketing Code to ensure that all promotional activities are in line with cultural sensitivities in Malaysia. Safety & Security We continue to increase awareness and practice of the HEINEKEN Life Saving Rules amongst our people. With regards to the ongoing Covid-19 pandemic, we have put in place strict guidelines and practices which are in line with the Government’s Standard Operating Procedures, with daily monitoring and reporting that ensure compliance. campaigns, making extensive use of traditional and social media and influencers to reach out to more than 15 million people.",normalize_whitespace;renumber_paragraph,0,,high
MDA_3255_HEIM_2020,MDA_P018,Unknown,B018,"[MDA_P018] During the year, the pandemic and nationwide lockdowns brought significant impact to communities who endured the effects of loss of income due to the economic slowdown. HEINEKEN Malaysia reached out with a helping hand, providing more than 80,000 meals to 3,120 B40 families at the height ","[MDA_P018] During the year, the pandemic and nationwide lockdowns brought significant impact to communities who endured the effects of loss of income due to the economic slowdown. HEINEKEN Malaysia reached out with a helping hand, providing more than 80,000 meals to 3,120 B40 families at the height of the crisis. We further reached out to support communities in the East Malaysia state of Sabah during a major flood disaster in June 2020, collaborating with local radio station Kupikupi FM to deliver basic food aid to more than 1,000 flood victims. Since 1994, the Tiger Chinese Education Charity Concert (CECC) has raised more than RM355 million for schools across Malaysia. However, holding such fundraising concerts in 2020 was not possible due to the various restrictions on social gatherings. Instead, Tiger collaborated with Sin Chew Daily to donate 30,000 pieces of face masks to schools in Peninsular Malaysia as part of the ‘Wear Mask, Love Yourself’ campaign. MANAGING OUR RISKS Our approach to risk management is detailed in our Statement on Risk Management and Internal Control on page 71 to 77.",normalize_whitespace;renumber_paragraph,0,,high
MDA_3255_HEIM_2020,MDA_P019,Unknown,B019,[MDA_P019] The following table contains a general description of different areas of risks and actions undertaken by Management: Management Discussion & Analysis,[MDA_P019] The following table contains a general description of different areas of risks and actions undertaken by Management: Management Discussion & Analysis,normalize_whitespace;renumber_paragraph,0,,high
MDA_3255_HEIM_2020,MDA_P020,Unknown,B020,"[MDA_P020] OUR OUTLOOK On outlook, the Covid-19 pandemic and perpetual lockdowns with restrictions on social activities are expected to continue impacting the business. We expect that continued uncertainties due to the Covid-19 pandemic which will impact the speed of our business recovery. On 16 Feb","[MDA_P020] OUR OUTLOOK On outlook, the Covid-19 pandemic and perpetual lockdowns with restrictions on social activities are expected to continue impacting the business. We expect that continued uncertainties due to the Covid-19 pandemic which will impact the speed of our business recovery. On 16 February 2021, the Government launched its National Covid-19 Immunisation Programme which is aimed to help the population achieve herd immunity by 2022. We are in support of this initiative and have encouraged our employees to register for the programme. We will navigate the crisis while building for our future, with a strategy aimed at delivering superior growth in a fastchanging world, placing consumers and customers at the core, accelerating our digital route to consumer, as well as raising the bar on our sustainability and people agenda. We will also front load our agenda to implement continuous productivity improvements to drive efficiency in 2021. At the same time, we will continue to prioritise the health and wellbeing of our employees, trade partners, and consumers. The overall business environment is expected to remain challenging.",normalize_whitespace;renumber_paragraph,0,,high
MDA_3255_HEIM_2020,MDA_P021,Unknown,B021,"[MDA_P021] Contraband beer remains a key Industry issue that needs to be addressed. I take this opportunity to thank the Government for not increasing excise duties on beer, especially as Malaysia already ranks second highest in the world behind Norway and alongside Singapore. We also commend the Go","[MDA_P021] Contraband beer remains a key Industry issue that needs to be addressed. I take this opportunity to thank the Government for not increasing excise duties on beer, especially as Malaysia already ranks second highest in the world behind Norway and alongside Singapore. We also commend the Government for its commitment to address contraband through the setting up of the Multi Action Task Force, which is expected to strengthen enforcement initiatives against illicit trade. We are committed to continue to engaging the Government on Industry issues and play our role as a progressive partner in the economy. ACKNOWLEDGEMENTS In December 2020, our Human Resources Director, Kukarajan (Kuhan) Kanagarajan left the Group to pursue external opportunities. I would like to thank Kuhan for his contributions and wish him the best in his future endeavours. In the interim, Aileen Aumentado who is presently Head of Human Resources for HEINEKEN’s business in the Philippines will oversee the HR function at HEINEKEN Malaysia until a successor is identified.",normalize_whitespace;renumber_paragraph,0,,high
MDA_3255_HEIM_2020,MDA_P022,Unknown,B022,"[MDA_P022] On 1 June 2020, our Asia Pacific President Dolf van den Brink succeeded Jean-François van Boxmeer as Chairman of the Executive Board and Chief Executive Officer (CEO) Heineken N.V. Our sincere appreciation to Jean-François for his outstanding leadership and invaluable contributions throug","[MDA_P022] On 1 June 2020, our Asia Pacific President Dolf van den Brink succeeded Jean-François van Boxmeer as Chairman of the Executive Board and Chief Executive Officer (CEO) Heineken N.V. Our sincere appreciation to Jean-François for his outstanding leadership and invaluable contributions throughout his 15-year leadership that helped transform HEINEKEN into a truly global company. We look forward with excitement to a new era with Dolf at the helm of HEINEKEN globally. 2020 was indeed a very challenging year. The pandemic has disrupted businesses and affected people’s lives, requiring us to adapt to the new market realities. I take this opportunity to thank our loyal consumers, customers and trade partners for their incredible support and resilience as we together face this unprecedented challenge. On behalf of the Board, I would also like to thank all our employees for their commitment and resilience in navigating through this storm together. Thank you.",normalize_whitespace;renumber_paragraph,0,,high
MDA_3255_HEIM_2020,MDA_P023,Unknown,B023,[MDA_P023] Roland Bala Managing Director 15 March 2021 Our 2021 Focus Cost & Value Growth Digital Sustainability & Responsibility People & Culture • Right size our cost base • Right size our organisation • Focus on innovations & growing segments • Accelerate B2B & B2C • Protect Water Resources • Adv,[MDA_P023] Roland Bala Managing Director 15 March 2021 Our 2021 Focus Cost & Value Growth Digital Sustainability & Responsibility People & Culture • Right size our cost base • Right size our organisation • Focus on innovations & growing segments • Accelerate B2B & B2C • Protect Water Resources • Advocate Responsible Consumption • Empower Communities • Build Talent Pipeline • Invest in Future Leaders Management Discussion & Analysis,normalize_whitespace;renumber_paragraph,0,,high
MDA_3255_HEIM_2020,MDA_P024,Unknown,B024,[MDA_P024] Who We Are Our Strategies Performance Review Growing Our People Protecting Our Planet How We Are Governed Our Numbers And Others Heineken Malaysia Berhad Kilkenny The premium Irish ale Strongbow Apple Ciders The World’s No. 1 cider Tiger Beer World-acclaimed iconic Asian beer Heineken®️ 0,"[MDA_P024] Who We Are Our Strategies Performance Review Growing Our People Protecting Our Planet How We Are Governed Our Numbers And Others Heineken Malaysia Berhad Kilkenny The premium Irish ale Strongbow Apple Ciders The World’s No. 1 cider Tiger Beer World-acclaimed iconic Asian beer Heineken®️ 0.0 Dealcoholised Beer, same great taste as Heineken® Tiger Crystal Made crystal-cold for ultimate refreshment Heineken®️ The World’s No. 1 international premium beer",normalize_whitespace;renumber_paragraph,0,,high
MDA_3255_HEIM_2020,MDA_P025,Unknown,B025,[MDA_P025] Guinness The World’s No. 1 stout Apple Fox Cider The New Zealand inspired cider Kirin Ichiban Japan’s No. 1 100% malt beer Anchor Smooth A Malaysian favourite since 1933 Paulaner No. 1 German wheat beer Malta Premium quality non-alcoholic malt beverage Anglia The real shandy,[MDA_P025] Guinness The World’s No. 1 stout Apple Fox Cider The New Zealand inspired cider Kirin Ichiban Japan’s No. 1 100% malt beer Anchor Smooth A Malaysian favourite since 1933 Paulaner No. 1 German wheat beer Malta Premium quality non-alcoholic malt beverage Anglia The real shandy,normalize_whitespace;renumber_paragraph,0,,high
MDA_3255_HEIM_2020,MDA_P026,Unknown,B026,[MDA_P026] Who We Are Our Strategies Performance Review Growing Our People Protecting Our Planet How We Are Governed Our Numbers And Others Brand Management HEINEKEN Malaysia celebrated yet another year of success led by an iconic portfolio of international and local brands. We continued to connect ,"[MDA_P026] Who We Are Our Strategies Performance Review Growing Our People Protecting Our Planet How We Are Governed Our Numbers And Others Brand Management HEINEKEN Malaysia celebrated yet another year of success led by an iconic portfolio of international and local brands. We continued to connect and engage with consumers, growing our premium portfolio with a focus on delivering world-class experiences to our consumers. Putra Brand Awards 2020 HEINEKEN Malaysia recorded another outstanding achievement at the Putra Brand Awards by bringing home three more accolades in 2020. Tiger Beer clinched the most prestigious Platinum Award, while Heineken® achieved Gold, and Guinness won Silver. The latest wins bring HEINEKEN Malaysia’s total awards tally at Putra Brand Awards to 33 since 2010. This prestigious award recognises brand-building excellence across various platforms, measured by consumer preference. Tiger Beer won its first Platinum Award in recognition of the brand’s impressive efforts in connecting with consumers during a challenging year.",normalize_whitespace;renumber_paragraph,0,,high
MDA_3255_HEIM_2020,MDA_P027,Unknown,B027,"[MDA_P027] It is also an honour for Tiger Beer to be the second beer brand to achieve Platinum status after Heineken® won it in 2019. Tiger Beer rallied consumers to support Malaysian street food by donating RM 1.5 million to street food vendors, coffee shops and food courts during Movement Control ","[MDA_P027] It is also an honour for Tiger Beer to be the second beer brand to achieve Platinum status after Heineken® won it in 2019. Tiger Beer rallied consumers to support Malaysian street food by donating RM 1.5 million to street food vendors, coffee shops and food courts during Movement Control Order (MCO) through its Save Our Street Food campaign; before launching the Tiger Street Food Virtual Festival – the world’s first fully-immersive, 3D, online street food festival experience. The brand delivered street food experience onto screens to ensure that consumers could enjoy delicious street food and ice-cold beers in the safety and comfort of their own homes. Beyond engaging consumers during these difficult times, HEINEKEN Malaysia’s flagship brands – Heineken®, Tiger Beer, Guinness, and Apple Fox Cider – committed RM1 million and launched the ‘Raise Our Bars’ platform to support bars and pubs too. This initiative enabled consumers to purchase vouchers for beer, stout or cider from their favourite bars, and receive a second, free of charge, from HEINEKEN Malaysia in return for their support. The campaign helped bars and pubs to recover from financial difficulties once MCO was lifted.",normalize_whitespace;renumber_paragraph,0,,high
MDA_3255_HEIM_2020,MDA_P028,Unknown,B028,[MDA_P028] Putra Brand Awards since 2010,[MDA_P028] Putra Brand Awards since 2010,normalize_whitespace;renumber_paragraph,0,,high
MDA_3255_HEIM_2020,MDA_P029,Unknown,B029,"[MDA_P029] Heineken® 0.0 Launched in New Cans Heineken® 0.0 launched a new can packaging for consumers to enjoy, anytime, anywhere! Boasting a slimmer, more stylish and premium look, Heineken® 0.0 was launched following the rise in inhome consumption occasions amidst the new normal. The pandemic for","[MDA_P029] Heineken® 0.0 Launched in New Cans Heineken® 0.0 launched a new can packaging for consumers to enjoy, anytime, anywhere! Boasting a slimmer, more stylish and premium look, Heineken® 0.0 was launched following the rise in inhome consumption occasions amidst the new normal. The pandemic forced a shift in the workforce as more businesses are adopting the work from home approach. However, it’s rather easy for the 9-5 grind to become dull and repetitive, ultimately resulting in a rather mundane work from home experience, but with Heineken® 0.0, work hours are now happy hours! From 23-31 December 2020, consumers who invited Heineken® 0.0 to their virtual meetings received 4 cans of Heineken® 0.0 delivered right to their doorstep. Heineken® Epic Virtual New Year’s Eve Countdown Heineken® encouraged Malaysians to usher in the New Year in the comfort and safety of their homes, by bringing an electrifying countdown party experience to all living rooms. After a year filled with unexpected circumstances, Heineken® connected more than 200,000 Malaysians to end the year on a memorable note, while enjoying social experiences responsibly.",normalize_whitespace;renumber_paragraph,0,,high
MDA_3255_HEIM_2020,MDA_P030,Unknown,B030,"[MDA_P030] This culminated in the epic Heineken® Starclub NYE Live countdown, headlined by W&W, the Dutch DJ duo are known for their commercial, big-room house and trance beats. Heineken® Socialise Responsibly Heineken launched the “Back To The Bars” campaign when the MCO was lifted to celebrate the","[MDA_P030] This culminated in the epic Heineken® Starclub NYE Live countdown, headlined by W&W, the Dutch DJ duo are known for their commercial, big-room house and trance beats. Heineken® Socialise Responsibly Heineken launched the “Back To The Bars” campaign when the MCO was lifted to celebrate the reopening of bars whilst reminding consumers to #SocialiseResponsibly. The campaign gave a fresh perspective to social distancing in bars, and that although new bar experiences can be awkward, it is important for consumers to respect the rules of social distancing because “there’s one thing better than the first night out, another night out.” On top of that, Heineken® also gave away 20,000 free pints to consumers to celebrate the reopening of bars. Brand Management “there’s one thing better than the first night out, another night out.” #SocialiseResponsibly Heineken® World’s No.1 International Premium Beer Brand",normalize_whitespace;renumber_paragraph,0,,high
MDA_3255_HEIM_2020,MDA_P031,Unknown,B031,"[MDA_P031] Who We Are Our Strategies Performance Review Growing Our People Protecting Our Planet How We Are Governed Our Numbers And Others Brand Management Tiger Virtual Street Food Festival Tiger is famous for regularly hosting large-scale street food festivals, with a great selection of street fo","[MDA_P031] Who We Are Our Strategies Performance Review Growing Our People Protecting Our Planet How We Are Governed Our Numbers And Others Brand Management Tiger Virtual Street Food Festival Tiger is famous for regularly hosting large-scale street food festivals, with a great selection of street food to savour alongside icecold Tiger Beer. In 2020, holding an event like this was not possible. Instead, Tiger took the street food festival experience to the next level: from the streets, and onto consumers’ screens. The Tiger Street Food Virtual Festival is much more than simply a home delivery service – it recreated the full experience of a food festival in a completely digital world and the first of its kind anywhere in the world. Visitors walked the 3D streets as their own customized avatar, interacting with others, playing games and visiting vendors, before ordering street food directly to their door. Visitors also played games to win rewards and enjoyed exclusive Happy Hour promotions from Drinkies, HEINEKEN Malaysia’s at-home beer delivery service. Tiger Beer 2020 Chinese New Year – Double The Huat!",normalize_whitespace;renumber_paragraph,0,,high
MDA_3255_HEIM_2020,MDA_P032,Unknown,B032,"[MDA_P032] For Tiger Beer, the Year of the Rat – 2020 coincided with the iconic brand’s auspicious 88th anniversary. In honour of this double celebration, Tiger Beer shared the prosperity with consumers with its campaign ‘Double the Huat’. Tiger Beer collaborated with Namewee, to create a brand-new ","[MDA_P032] For Tiger Beer, the Year of the Rat – 2020 coincided with the iconic brand’s auspicious 88th anniversary. In honour of this double celebration, Tiger Beer shared the prosperity with consumers with its campaign ‘Double the Huat’. Tiger Beer collaborated with Namewee, to create a brand-new music video just in time for the festivities. The campaign kicked off with a grand launch event held at Pavilion Kuala Lumpur, where the legendary Malaysian singer-songwriter, Namewee, took to stage as part of the big reveal, performing a selection of his popular songs – including his new Chinese New Year track, “Year of Rat” – created in collaboration with Tiger Beer. The ‘Double The Huat’ campaign went all out to give consumers an exiciting festive season, with a series of promotions, contests and activations on a grander scale than ever before across all channels, including restaurants, coffee shops, supermarkets, convenience stores and e-Commerce. Tiger Save Our Street Food Tiger Beer donated RM1.5 million to support Malaysian street food during the Movement Control Order (MCO).",normalize_whitespace;renumber_paragraph,0,,high
MDA_3255_HEIM_2020,MDA_P033,Unknown,B033,"[MDA_P033] The funding helped to cover rent for street food vendors, coffee shops and food courts across the country as they face reduced income due to the various restrictions. During the campaign, supporters could purchase a voucher for a big bottle of Tiger or Tiger Crystal (RSP RM17) at only RM1","[MDA_P033] The funding helped to cover rent for street food vendors, coffee shops and food courts across the country as they face reduced income due to the various restrictions. During the campaign, supporters could purchase a voucher for a big bottle of Tiger or Tiger Crystal (RSP RM17) at only RM10. The outlet then receives the initial RM10 voucher price, plus the full RM17 RSP value from Tiger Beer for each voucher redeemed. Tiger Save Our Street Food is part of a wider regional initiative from Tiger Beer, #SupportOurStreets. In addition to supporting street food vendors across Asia, #SupportOurStreets encouraged consumers to stay off the streets as part of continued safe distancing measures across the region. Tiger Beer World-acclaimed iconic Asian beer",normalize_whitespace;renumber_paragraph,0,,high
MDA_3255_HEIM_2020,MDA_P034,Unknown,B034,"[MDA_P034] Brand Management Guinness Exclusive Christmas Gift Sets In conjunction with the year-end festive season, Guinness launched three exclusive limited edition Christmas gift sets. Available via Drinkies, The three sets - The Christmas Spirit (DIY Guinness cocktail kit), A Sweet Christmas (Gui","[MDA_P034] Brand Management Guinness Exclusive Christmas Gift Sets In conjunction with the year-end festive season, Guinness launched three exclusive limited edition Christmas gift sets. Available via Drinkies, The three sets - The Christmas Spirit (DIY Guinness cocktail kit), A Sweet Christmas (Guinness Christmas cupcake mix), and Spice & Nice (Guinnessinfused sauces) - each came packed with Guinness Foreign Extra Stout, along with a selection of items to help bring a touch of Guinness magic to anyone’s festive celebrations. Guinness Flavour by Fire Home Edition As Malaysia’s favourite and the World’s No. 1 Stout, Guinness stayed true to its consumerinspired approach in its activities last year. The brand created a home edition for its Flavour by Fire campaign by engaging celebrity chefs Sherson Liam, Johnny Fua and Sapna Anand to create new recipes using leftover ingredients suggested by consumers. This inspired consumers to get creative with existing ingredients from their kitchen and to create memorable cooking experiences with their loved ones during those lockdown moments when they stayed at home.",normalize_whitespace;renumber_paragraph,0,,high
MDA_3255_HEIM_2020,MDA_P035,Unknown,B035,"[MDA_P035] Guinness No.1 Stout in Malaysia and the world over ‘Fox It!’ to Quench your Curiosity with Apple Fox Cider In a strange year defined by cancelled plans, postponed holidays, video calls instead of hanging out with friends, Apple Fox, the cider made with wayyy more apples, encouraged consum","[MDA_P035] Guinness No.1 Stout in Malaysia and the world over ‘Fox It!’ to Quench your Curiosity with Apple Fox Cider In a strange year defined by cancelled plans, postponed holidays, video calls instead of hanging out with friends, Apple Fox, the cider made with wayyy more apples, encouraged consumers to say “Fox It!” and celebrate the annual apple harvest season, with special promotions, activities and contests for cider lovers nationwide. Apple Fox launched a platform where fans can use their phones scan the fox to reveal a full-fledged cider factory, complete with a number of cheeky foxes running the show. In addition to learning about how cider is made, exclusive prizes were up for grabs. From the month of September, consumers could purchase a limited edition 4-bottle pack of Apple Fox Cider that comes with an exclusive Apple Fox aluminium mug at participating hypermarkets and supermarkets, as well as on Drinkies.my. The celebration peaked during the Apple Day Weekend from 23rd to 25th October, where consumers got to enjoy a free Apple Fox Cider throughout the weekend at selected outlets nationwide. Apple Fox the New Zealand inspired cider",normalize_whitespace;renumber_paragraph,0,,high
MDA_3255_HEIM_2020,MDA_P036,Unknown,B036,"[MDA_P036] Who We Are Our Strategies Performance Review Growing Our People Protecting Our Planet How We Are Governed Our Numbers And Others Growing Our People Creating Value for People HEINEKEN Malaysia’s results are powered by the passion of our One Strong Winning Team. Together, we are guided by o","[MDA_P036] Who We Are Our Strategies Performance Review Growing Our People Protecting Our Planet How We Are Governed Our Numbers And Others Growing Our People Creating Value for People HEINEKEN Malaysia’s results are powered by the passion of our One Strong Winning Team. Together, we are guided by our purpose, Brewing a Sustainable Future for our People, Business and Planet. During a year defined by the Covid-19 pandemic, safeguarding the health, safety and wellbeing of our people became the key priority of the Company. EMPLOYEE ENGAGEMENT Our people are our most valuable asset. Despite the challenges of Covid-19 restrictions, we kept our One Strong Winning Team engaged throughout the year through virtual Town Halls and regular communications across the organisation, leveraging the use of digital platforms such as Workplace and Microsoft Teams to pivot to the new ways of working. As a result of the various efforts, we recorded an improvement in our annual Climate Survey. In 2020, our Employee Engagement improved to 82% whilst Performance Enablement improved to 83%.",normalize_whitespace;renumber_paragraph,0,,high
MDA_3255_HEIM_2020,MDA_P037,Unknown,B037,"[MDA_P037] As part of the survey, we also asked employees for feedback on the Company’s Covid-19 response and the various initiatives introduced to safeguard the health and wellbeing of our people. We are proud to report that in this area we scored a commendable 88% favourable score. INCLUSION & DIV","[MDA_P037] As part of the survey, we also asked employees for feedback on the Company’s Covid-19 response and the various initiatives introduced to safeguard the health and wellbeing of our people. We are proud to report that in this area we scored a commendable 88% favourable score. INCLUSION & DIVERSITY As part of the HEINEKEN global group of companies with operations in over 70 markets, we are essentially multi-cultural. We use the power of our diversity to create an inclusive environment where everyone matters and where we all have equal opportunity to contribute to our business success. In terms of gender balance, HEINEKEN Malaysia has a 57:43 male to female ratio at the Board of Directors level, exceeding the 30% minimum target set by the Government. At middle to senior management positions, we continue to maintain a 50:50 balance. We also have a good balance of people across different age groups and are proud of many loyal and long serving employees who continue to contribute to HEINEKEN Malaysia’s success.",normalize_whitespace;renumber_paragraph,0,,high
MDA_3255_HEIM_2020,MDA_P038,Unknown,B038,[MDA_P038] Climate Survey Scores 2020 RESPONSE RATE IMPROVED TO 99% (+3% VS 2019) EMPLOYEE ENGAGEMENT IMPROVED TO 82% (+1% VS 2019) PERFORMANCE ENABLEMENT IMPROVED TO 78% (+1% VS 2019) MY MANAGER IMPROVED TO 83% (+7% VS 2019) COVID-19 RESPONSE 88% FAVOURABLE 25-29 30-39 <25 50-55 >55 40-49 Age Group,[MDA_P038] Climate Survey Scores 2020 RESPONSE RATE IMPROVED TO 99% (+3% VS 2019) EMPLOYEE ENGAGEMENT IMPROVED TO 82% (+1% VS 2019) PERFORMANCE ENABLEMENT IMPROVED TO 78% (+1% VS 2019) MY MANAGER IMPROVED TO 83% (+7% VS 2019) COVID-19 RESPONSE 88% FAVOURABLE 25-29 30-39 <25 50-55 >55 40-49 Age Group 25 years 35 years 10 years Long Service Awards,normalize_whitespace;renumber_paragraph,0,,high
MDA_3255_HEIM_2020,MDA_P039,Unknown,B039,"[MDA_P039] Growing Our People TALENT DEVELOPMENT Asia Pacific Graduate Programme Since 2016, we have sought to attract the best talent through the Asia Pacific Graduate Programme (APGP). Fresh graduates hired at the end of a comprehensive selection process undergo a two-year cross-functional trainin","[MDA_P039] Growing Our People TALENT DEVELOPMENT Asia Pacific Graduate Programme Since 2016, we have sought to attract the best talent through the Asia Pacific Graduate Programme (APGP). Fresh graduates hired at the end of a comprehensive selection process undergo a two-year cross-functional training programme that involves four six-month rotations, two of which take place in other HEINEKEN operating companies in the Asia Pacific (APAC) region outside of Malaysia. Throughout the programme the participants are mentored by senior leaders across the business. In 2020, we received 1,008 applicants for the APGP compared to 850 the year before. After a competitive and stringent assessment process, we hired one new recruit in 2020 compared to three in 2019. 1,008 APGP APPLICANTS IN 2020 RECRUIT HIRED IN 2020 ETHICS & INTEGRITY We are built on a strong foundation of ethics. By applying those same ideals to every element of our business, HEINEKEN has crafted a unique success story that spans more than 150 years globally. The same values that guided the Company through its initial years continue to be shared with our employees and partners.",normalize_whitespace;renumber_paragraph,0,,high
MDA_3255_HEIM_2020,MDA_P040,Unknown,B040,"[MDA_P040] Our manifesto, We Are HEINEKEN, explains the ideas that form our identity both collectively as a team and individually for our employees. It is with these beliefs that we strive to move forward to create sustainable value for all of our stakeholders. HEINEKEN Code of Business Conduct & HE","[MDA_P040] Our manifesto, We Are HEINEKEN, explains the ideas that form our identity both collectively as a team and individually for our employees. It is with these beliefs that we strive to move forward to create sustainable value for all of our stakeholders. HEINEKEN Code of Business Conduct & HEINEKEN Rules (HeiRules) Our commitment to conduct business with integrity, fairness and respect for the law and values is demonstrated through this code as it sets clear expectations for our people when taking action on behalf of the Company. HeiRules is a set of rules that define how we work and conduct our day-to-day business. Each HeiRule has reference to relevant HEINEKEN standards and procedures which help us achieve our business objectives, minimise financial and reputational risk and protect the health and safety of our people. Speak Up Speak Up is a HEINEKEN Global process that allows our stakeholders to raise concerns about suspected misconduct in a confidential manner. Employees can also file reports directly via the Speak Up service that is reviewed at the corporate level to ensure they are dealt with appropriately and confidentially.",normalize_whitespace;renumber_paragraph,0,,high
MDA_3255_HEIM_2020,MDA_P041,Unknown,B041,"[MDA_P041] Greenprint to Win Behaviours This represents a set of behaviours we expect all our employees to exhibit to drive our core values and entrench our culture of safety, learning and zero accidents. The behaviours are used in the annual appraisals of all employees. HEINEKEN Supplier Code We se","[MDA_P041] Greenprint to Win Behaviours This represents a set of behaviours we expect all our employees to exhibit to drive our core values and entrench our culture of safety, learning and zero accidents. The behaviours are used in the annual appraisals of all employees. HEINEKEN Supplier Code We seek to ensure that ethics and integrity are upheld not only by those employed by HEINEKEN Malaysia, but also by those involved at all stages across the value chain, including our suppliers. Much of our impact lies indirectly with our suppliers, so we work with them to embed the right practices throughout our upstream value chain. Every supplier is asked to abide by the HEINEKEN Supplier Code, which cover prevention of child labour, anti-bribery and conflicts of interest. The HEINEKEN Supplier Code can be read at https:// www.heinekenmalaysia.com/corporate-governance/ The HEINEKEN Code of Business Conduct can be read at https://www.heinekenmalaysia.com/corporategovernance/",normalize_whitespace;renumber_paragraph,0,,high
MDA_3255_HEIM_2020,MDA_P042,Unknown,B042,"[MDA_P042] Who We Are Our Strategies Performance Review Growing Our People Protecting Our Planet How We Are Governed Our Numbers And Others Growing Our People Safety & Health Safety continues to be given top priority at HEINEKEN Malaysia. To attain this goal, we keep reinforcing a safety mindset amo","[MDA_P042] Who We Are Our Strategies Performance Review Growing Our People Protecting Our Planet How We Are Governed Our Numbers And Others Growing Our People Safety & Health Safety continues to be given top priority at HEINEKEN Malaysia. To attain this goal, we keep reinforcing a safety mindset among our people and those with whom we work closely. 100% of our employees are educated on the HEINEKEN Life Saving Rules, which set out clear and simple ‘do’s and ‘don’ts’ for our highest risk activities. These must be followed by employees across all our operations and we further reach out to educate our contractors, distributors and trade partners on the importance of adhering to these rules. In 2020, although we had no fatalities, we reported nine accidents ranging from minor to serious accidents to our employees and contractors. We recognise that there is more work to be done to prevent accidents from happening and that each person has a responsibility to care for his or her own safety as well as the wellbeing of others who are around us.",normalize_whitespace;renumber_paragraph,0,,high
MDA_3255_HEIM_2020,MDA_P043,Unknown,B043,"[MDA_P043] Growing Our People OUR FOCUS AREA • Promote Strong Safety Culture • Road Safety-Telematics & Coaching • Process Safety-CO2, Ammonia and Boiler Safety • Behavioral Based Safety • Life Saving Rules-Simply a way of Life • Safety Guidelines for Contractors & Suppliers COMMON CAUSES • Mindset ","[MDA_P043] Growing Our People OUR FOCUS AREA • Promote Strong Safety Culture • Road Safety-Telematics & Coaching • Process Safety-CO2, Ammonia and Boiler Safety • Behavioral Based Safety • Life Saving Rules-Simply a way of Life • Safety Guidelines for Contractors & Suppliers COMMON CAUSES • Mindset • Leadership • Unsafe Conditions SAFETY PRINCIPLES • Safety is everyone’s responsibility • If it is not safe, don’t do it • If there is a rule, don’t test it Put Safety First! Recognition In 2020, we were proudly recognised amongst HR Asia’s Best Companies to Work for in Asia. This achievement is a commendable result that reflects HEINEKEN Malaysia’s commitment towards Growing Our People and our One Strong Winning Team spirit. One Strong Winning Team spirit Number of Accidents (Employees and Contractors) from 2014 to 2020",normalize_whitespace;renumber_paragraph,0,,high
MDA_3255_HEIM_2020,MDA_P044,Unknown,B044,"[MDA_P044] Who We Are Our Strategies Performance Review Growing Our People Protecting Our Planet How We Are Governed Our Numbers And Others ADVOCATING RESPONSIBLE CONSUMPTION We are committed in building a responsible consumption culture. As a brewer, we believe that our products should be enjoyed s","[MDA_P044] Who We Are Our Strategies Performance Review Growing Our People Protecting Our Planet How We Are Governed Our Numbers And Others ADVOCATING RESPONSIBLE CONSUMPTION We are committed in building a responsible consumption culture. As a brewer, we believe that our products should be enjoyed sensibly and in moderation. HEINEKEN N.V. was one of the signatories of the Beer, Wine and Spirits Producers’ Commitments to Reduce Harmful Drinking since 2012. The Commitments embody five ambitious commitments to build a responsible drinking culture for our internal and external stakeholders. Our progress at the local level is in line with the commitments and aligned with the UN SDG 12. HEINEKEN Malaysia has always been leading the effort in engaging and educating its customers and consumers on enjoying beers and ciders responsibly. Millions of people across the world have been reached in the mission to combat harmful drinking. The Heineken® brand dedicates 10% of media spend across all operating companies that sell Heineken® to responsible drinking campaigns, including Malaysia.",normalize_whitespace;renumber_paragraph,0,,high
MDA_3255_HEIM_2020,MDA_P045,Unknown,B045,"[MDA_P045] This investment includes the ‘When You Drive, Never Drink’ programme that provides an unprecedented opportunity to help change attitudes and behaviours and reduce drink driving around the world. During the Covid-19 pandemic, we continued using the power of our brands to remind consumers t","[MDA_P045] This investment includes the ‘When You Drive, Never Drink’ programme that provides an unprecedented opportunity to help change attitudes and behaviours and reduce drink driving around the world. During the Covid-19 pandemic, we continued using the power of our brands to remind consumers to socialize responsible to keep people safe while supporting livelihoods in the On-Trade. In anticipation of restaurants and bars reopening after postlockdown, we proactively educated consumers on new habits for the new normal. To engage consumers, we created and disseminated an infographic that promoted the 6Cs – (1) Check Your Distance, (2) Clean Your Hands, (3) Cash Free Payment, (4) Contact Tracing, (5) Come Back Later, and (6) Catch a Cab (do not drink and drive). HEINEKEN Malaysia has invested RM7.3 million since 2010 on various initiatives to create awareness amongst consumers. Through its ‘Drink Sensibly’ and ‘Enjoy Responsibly’ platforms, over RM5.3 million have been invested into outreach and education campaigns through brand and corporate communications, on-ground events, as well as digital campaigns including the annual year-end festive period awareness drive.",normalize_whitespace;renumber_paragraph,0,,high
MDA_3255_HEIM_2020,MDA_P046,Unknown,B046,"[MDA_P046] As part of these programmes, consumers are educated on the importance of moderation and are encouraged to use alternative modes of transportation including e-hailing to go home safely. The Heineken® brand has also activated the “When You Drive, Never Drink” platform in Malaysia, investing","[MDA_P046] As part of these programmes, consumers are educated on the importance of moderation and are encouraged to use alternative modes of transportation including e-hailing to go home safely. The Heineken® brand has also activated the “When You Drive, Never Drink” platform in Malaysia, investing more than RM2 million since it was launched in 2016. Leveraging on the global partnership with F1®, Heineken® has been amplifying the simple but clear message urging consumers not to drive when they have consumed any amount of alcohol. Heineken® has communicated the message through various brand communications and campaigns, making extensive use of traditional and social media and influencers to reach out to more than 15 million people. Growing Our People",normalize_whitespace;renumber_paragraph,0,,high
MDA_3255_HEIM_2020,MDA_P047,Unknown,B047,"[MDA_P047] Growing Our People Responsible Marketing Code At the heart of HEINEKEN Malaysia’s commitment to responsible consumption lies our Responsible Marketing Code (RMC), which serves to ensure our brands are enjoyed in the way that we intend. To ensure compliance with the RMC, we have a process ","[MDA_P047] Growing Our People Responsible Marketing Code At the heart of HEINEKEN Malaysia’s commitment to responsible consumption lies our Responsible Marketing Code (RMC), which serves to ensure our brands are enjoyed in the way that we intend. To ensure compliance with the RMC, we have a process in place where marketing materials including point of sales materials are reviewed according to eight principles below: 1. We do not primarily appeal to minors 2. We actively restrict exposure of our branding to minors 3. We are always legal, ethical and truthful 4. We advocate drinking responsibly, driving responsibly and general safety 5. We do not associate our brands with anti-social behaviour or over-consumption 6. We never claim that consuming our brands leads to social or sexual success or enhanced performance 7. We are committed to our brands being part of a healthy lifestyle 8.",normalize_whitespace;renumber_paragraph,0,,high
MDA_3255_HEIM_2020,MDA_P048,Unknown,B048,[MDA_P048] We are progressive about cultural context and its evolution Responsible Marketing Code Approval Process Flow Verified by Marketing Manager Signed Off by Head of Communications & Sustainability Signed Off by Senior Legal Manager Signed Off by Marketing Director External agency develops mar,[MDA_P048] We are progressive about cultural context and its evolution Responsible Marketing Code Approval Process Flow Verified by Marketing Manager Signed Off by Head of Communications & Sustainability Signed Off by Senior Legal Manager Signed Off by Marketing Director External agency develops marketing material Reviewed by Brand Team,normalize_whitespace;renumber_paragraph,0,,high
MDA_3255_HEIM_2020,MDA_P049,Unknown,B049,"[MDA_P049] Who We Are Our Strategies Performance Review Growing Our People Protecting Our Planet How We Are Governed Our Numbers And Others We are HEINEKEN. We are here with you. Supporting our Stakeholders Growing Our People Protecting Our Employees Growing with Our Communities The Safety, Health &","[MDA_P049] Who We Are Our Strategies Performance Review Growing Our People Protecting Our Planet How We Are Governed Our Numbers And Others We are HEINEKEN. We are here with you. Supporting our Stakeholders Growing Our People Protecting Our Employees Growing with Our Communities The Safety, Health & Wellbeing of our People are our number one priority. The crisis team led by our Management Team proactively updated the organisation on developments and put in place guidelines and practices that helped to safeguard people’s health and safety. We instructed only essential employees to return to work at the Sungei Way Brewery whilst all other employees not involved in the most critical production and business operations processes were required to work from home. For those returning to work at the brewery, strict compliance with SOPs was executed, this included daily MySejahtera check-ins, health declaration, wearing of face masks, regular hand washing, scheduled workplace sanitisation, and establishing contact tracing procedures.",normalize_whitespace;renumber_paragraph,0,,high
MDA_3255_HEIM_2020,MDA_P050,Unknown,B050,"[MDA_P050] In 2021, to further support the Government’s efforts at avoiding the formation of new workplace clusters, we introduced mandatory Covid-19 screening (RTK-Ag) for all essential production workers, contractors and vendors who are required to work on site at the brewery. SUPPORTING OUR STAKE","[MDA_P050] In 2021, to further support the Government’s efforts at avoiding the formation of new workplace clusters, we introduced mandatory Covid-19 screening (RTK-Ag) for all essential production workers, contractors and vendors who are required to work on site at the brewery. SUPPORTING OUR STAKEHOLDERS DURING COVID-19 During a challenging year, most of our on-trade partners (restaurants, bars, pubs, etc) were heavily impacted with restrictions on social activities, including operating hours, dining-in as well as certain outlets with liquor licenses such as pubs, bars and entertainment outlets that were not allowed to operate. Despite this crisis, we embodied the “We Are HEINEKEN” spirit by weathering the storm together, working to ensure the wellbeing of our colleagues, customers, and society. HEINEKEN Malaysia launched several initiatives to help our stakeholders including the communities around our brewery whose livelihood was affected by the lockdown. Immediately upon the onset of the lockdown, HEINEKEN Malaysia set up a cross-functional team with the aim of engaging all relevant stakeholders. We attempted to leave no one behind.",normalize_whitespace;renumber_paragraph,0,,high
MDA_3255_HEIM_2020,MDA_P051,Unknown,B051,[MDA_P051] This is what we have done for the various stakeholder groups.,[MDA_P051] This is what we have done for the various stakeholder groups.,normalize_whitespace;renumber_paragraph,0,,high
MDA_3255_HEIM_2020,MDA_P052,Unknown,B052,[MDA_P052] Supporting Our Business Partners Initiatives were focused on supporting outlet owners and other business partners were launched during the challenging time: h Tiger Save Our Street Food,[MDA_P052] Supporting Our Business Partners Initiatives were focused on supporting outlet owners and other business partners were launched during the challenging time: h Tiger Save Our Street Food,normalize_whitespace;renumber_paragraph,0,,high
MDA_3255_HEIM_2020,MDA_P053,Unknown,B053,"[MDA_P053] Tiger Beer pledged RM1.5 million to support Malaysian street food during the challenging Covid-19 situation. The funding will be used to help cover rent for street food vendors, coffee shops, and food courts across the country as they face reduced income due to ongoing restrictions. The c","[MDA_P053] Tiger Beer pledged RM1.5 million to support Malaysian street food during the challenging Covid-19 situation. The funding will be used to help cover rent for street food vendors, coffee shops, and food courts across the country as they face reduced income due to ongoing restrictions. The campaign also gave consumers the opportunity to come on board to show their support by purchasing beer vouchers that can be redeemed at participating outlets when the lockdown is eventually lifted. h Raise Our Bars",normalize_whitespace;renumber_paragraph,0,,high
MDA_3255_HEIM_2020,MDA_P054,Unknown,B054,"[MDA_P054] HEINEKEN Malaysia committed RM1 million to ‘Raise Our Bars’, an initiative aimed at bringing life back to Malaysia’s bars and pubs. The platform, allows Malaysian consumers to buy a voucher for a beer, stout or cider from their favorite bar, and receive an additional one free of charge wh","[MDA_P054] HEINEKEN Malaysia committed RM1 million to ‘Raise Our Bars’, an initiative aimed at bringing life back to Malaysia’s bars and pubs. The platform, allows Malaysian consumers to buy a voucher for a beer, stout or cider from their favorite bar, and receive an additional one free of charge when they redeem it - 100% of the proceeds will go directly to the bar that the consumer selected, directly giving away to consumers to help keep their local bar or restaurant afloat during this difficult time. h Enabling trade partners to sell draught beer by delivery or takeaway",normalize_whitespace;renumber_paragraph,0,,high
MDA_3255_HEIM_2020,MDA_P055,Unknown,B055,[MDA_P055] We supported our partner outlets by providing them with recyclable bottles and cups to allow them to continue serving draught beer during this time when customers are unable to go out. These recyclable bottles and cups enable our outlets to bring delicious and fresh draught beer to our cu,"[MDA_P055] We supported our partner outlets by providing them with recyclable bottles and cups to allow them to continue serving draught beer during this time when customers are unable to go out. These recyclable bottles and cups enable our outlets to bring delicious and fresh draught beer to our customers through delivery and takeaways. We promoted the availability of this service through our website as well as social media channels, receiving favourable responses from both our customers and consumers. h Distributor financing support",normalize_whitespace;renumber_paragraph,0,,high
MDA_3255_HEIM_2020,MDA_P056,Unknown,B056,"[MDA_P056] HEINEKEN Malaysia’s route to market involves a nationwide network of distributors. During the lockdown, cash flow was the main concern of all businesses. Our Finance and Distributor Development teams worked closely with financial institutions to provide distributors with adequate financin","[MDA_P056] HEINEKEN Malaysia’s route to market involves a nationwide network of distributors. During the lockdown, cash flow was the main concern of all businesses. Our Finance and Distributor Development teams worked closely with financial institutions to provide distributors with adequate financing support to ease cash flow pressures and to ensure business continuity. Growing Our People",normalize_whitespace;renumber_paragraph,0,,high
MDA_3255_HEIM_2020,MDA_P057,Unknown,B057,[MDA_P057] Who We Are Our Strategies Performance Review Growing Our People Protecting Our Planet How We Are Governed Our Numbers And Others h Community Food Aid 2020,[MDA_P057] Who We Are Our Strategies Performance Review Growing Our People Protecting Our Planet How We Are Governed Our Numbers And Others h Community Food Aid 2020,normalize_whitespace;renumber_paragraph,0,,high
MDA_3255_HEIM_2020,MDA_P058,Unknown,B058,"[MDA_P058] To navigate the challenges of the Covid-19 pandemic, we leveraged our existing network of partnerships with local communities and NGOs to provide the necessary support to vulnerable families faced with the loss of income during the lockdown. Many of these families in the B40 (bottom 40% o","[MDA_P058] To navigate the challenges of the Covid-19 pandemic, we leveraged our existing network of partnerships with local communities and NGOs to provide the necessary support to vulnerable families faced with the loss of income during the lockdown. Many of these families in the B40 (bottom 40% of income group) communities relied on jobs that paid daily wages and could not perform their jobs nor have alternative sources of income during the crisis. HEINEKEN Malaysia partnered with an NGO – MyKasih Foundation to identify those most in need and channeled funds directly into the National Identity Cards of each beneficiary to enable them to purchase basic food items during the lockdown. In total, our efforts enabled 3,120 families to prepare 80,000 meals. Many of the recipients who live in neighboring communities to our brewery were extremely grateful for the fast and effective way help was channeled to them. h Tiger Sin Chew Chinese Education Charity Concert",normalize_whitespace;renumber_paragraph,0,,high
MDA_3255_HEIM_2020,MDA_P059,Unknown,B059,"[MDA_P059] In view with the Malaysian Government’s announcement of the Movement Control Order (MCO) due to Covid-19, and cancellation of large gathering by the authorities, the Tiger Sin Chew Chinese Education Charity Concert was cancelled for year 2020. However to show our commitment in giving back","[MDA_P059] In view with the Malaysian Government’s announcement of the Movement Control Order (MCO) due to Covid-19, and cancellation of large gathering by the authorities, the Tiger Sin Chew Chinese Education Charity Concert was cancelled for year 2020. However to show our commitment in giving back to the community in which it operate, Tiger Beer and Sin Chew Daily donated a total of 25 units of disinfectant sprayer and disinfectants to 8 schools in order to prepare the schools to be ready for classes.",normalize_whitespace;renumber_paragraph,0,,high
MDA_3255_HEIM_2020,MDA_P060,Unknown,B060,"[MDA_P060] Apart from that, Tiger Beer and Sin Chew also launched an Awareness Campaign “Wear Mask, Love Yourself” campaign, to create awareness on the prevention measures of Covid-19 infection. In total, Tiger Sin Chew Chinese Education Charity Concert donated 30,000 pieces of facemasks to be distr","[MDA_P060] Apart from that, Tiger Beer and Sin Chew also launched an Awareness Campaign “Wear Mask, Love Yourself” campaign, to create awareness on the prevention measures of Covid-19 infection. In total, Tiger Sin Chew Chinese Education Charity Concert donated 30,000 pieces of facemasks to be distributed to schools within Peninsula Malaysia. As a public company listed on the Main Market of Bursa Malaysia, HEINEKEN Malaysia endeavored to keep shareholders informed of material developments during the lockdown. Updates on the status of our brewery’s operations, restrictions imposed by the Government, impact, and outlook for the business, as well as mitigation actions were communicated in a transparent and proactive manner to our shareholders. We created a new section in our corporate website, providing timely updates to keep our investors informed of key develpments related to the pandemic. To find out more, please visit: https://www.heinekenmalaysia.com/covid-19/ h Sabah Flood Relief Effort",normalize_whitespace;renumber_paragraph,0,,high
MDA_3255_HEIM_2020,MDA_P061,Unknown,B061,"[MDA_P061] When a severe flood disaster hit the East Malaysia state of Sabah in late June 2020, HEINEKEN Malaysia worked with local radio station Kupikupi FM to help provide urgent aid to 1,000 flood victims. To support the flood relief efforts, we donated basic food items such as bottled water, ric","[MDA_P061] When a severe flood disaster hit the East Malaysia state of Sabah in late June 2020, HEINEKEN Malaysia worked with local radio station Kupikupi FM to help provide urgent aid to 1,000 flood victims. To support the flood relief efforts, we donated basic food items such as bottled water, rice, canned food, instant noodles, and non-alcoholic malt beverage Malta to the affected communities in Kota Belud, Penampang, and Papar. Supported 3,120 families; 80,000 meals Helping Our Community Keeping Our Investors Informed Growing Our People",normalize_whitespace;renumber_paragraph,0,,high
MDA_3255_HEIM_2020,MDA_P062,Unknown,B062,"[MDA_P062] Protecting Our Planet We believe in the long-term sustainability of our business. As a responsible and progressive organisation, we are committed to do the right things in protecting the environment that we operate in. In 2020, despite the challenging environment, we continued our efforts","[MDA_P062] Protecting Our Planet We believe in the long-term sustainability of our business. As a responsible and progressive organisation, we are committed to do the right things in protecting the environment that we operate in. In 2020, despite the challenging environment, we continued our efforts in protecting water resources, cutting carbon emissions and reducing waste. Promoting health and safety Advocating responsible consumption Sourcing sustainably Every Drop – protecting water resources Brewing a Better World Growing with communities Drop the C – reducing CO2 emissions",normalize_whitespace;renumber_paragraph,0,,high
MDA_3255_HEIM_2020,MDA_P063,Unknown,B063,"[MDA_P063] Who We Are Our Strategies Performance Review Growing Our People Protecting Our Planet How We Are Governed Our Numbers And Others Protecting Our Planet Protecting Water Resources In 2019, HEINEKEN Global launched the 2030 water strategy, Every Drop, to address water vulnerabilities especia","[MDA_P063] Who We Are Our Strategies Performance Review Growing Our People Protecting Our Planet How We Are Governed Our Numbers And Others Protecting Our Planet Protecting Water Resources In 2019, HEINEKEN Global launched the 2030 water strategy, Every Drop, to address water vulnerabilities especially in water-stressed areas for the benefit of the surroundings communities. The Every Drop 2030 strategy aims to make a positive contribution to secure the health of local watersheds. We believe our biggest long-term impact will be created by adopting three key principles of our water triangle: Water Stewardship, Water Circularity and Water Efficiency. The Every Drop triangular approach is in line with the UN SDG Goal 6: Clean Water and Sanitation and to be achieved by 2030. Water Efficiency In 2020, for every 1 litre of beer we brewed, we used 3.65 litres of water in production. The positive improvements in water efficiency and circularity is attributed to the upgrading efforts that took place to optimise our brewery efficiencies, and greater focus on practices such as leak detection and review of existing processes that are water intensive.",normalize_whitespace;renumber_paragraph,0,,high
MDA_3255_HEIM_2020,MDA_P064,Unknown,B064,"[MDA_P064] Overall, we recorded reduction of 15.5% for water usage when compared to 2014. However, we are marginally above our 2020 target of reaching 3.5hl/hl, and this is attributed to the 46-day stop in production operations due to the Government’s MCO, which impacted efficiency of water consumpt","[MDA_P064] Overall, we recorded reduction of 15.5% for water usage when compared to 2014. However, we are marginally above our 2020 target of reaching 3.5hl/hl, and this is attributed to the 46-day stop in production operations due to the Government’s MCO, which impacted efficiency of water consumption in a significant way. Water Stewardship Our goal is to balance the equivalent amount of water used in production back to the nature and we are happy to report that we have achieved our goal of balancing 100% of the water used in our products in 2020. The results of our initiatives are further described in the section on W.A.T.E.R Project. Water Circularity On water circularity, we continued to treat our waste water above the standards set by the Department of Environment. Moving forward, we will further explore reclamation of treated waste water for non-potable use and we are confident this will further also help us become more efficient in reducing the amount of raw potable water used in production. Water Consumption (hl/hl) 4.32 2.83 3.65 3.62 3.79 3.67 3.65",normalize_whitespace;renumber_paragraph,0,,high
MDA_3255_HEIM_2020,MDA_P065,Unknown,B065,"[MDA_P065] Working Actively Through Education and Rehabilitation (W.A.T.E.R Project) W.A.T.E.R Project is the flagship initiative of HEINEKEN Malaysia’s CSR arm SPARK Foundation, in collaboration with the Global Environment Centre, Government agencies and local communities. Through W.A.T.E.R Project","[MDA_P065] Working Actively Through Education and Rehabilitation (W.A.T.E.R Project) W.A.T.E.R Project is the flagship initiative of HEINEKEN Malaysia’s CSR arm SPARK Foundation, in collaboration with the Global Environment Centre, Government agencies and local communities. Through W.A.T.E.R Project, HEINEKEN Malaysia delivers on its long-term commitment to protecting the water resources. Our aim is to fully balance the water used in the production of our beers and ciders, and we are proud to report that we have achieved this goal in 2020. In line with the HEINEKEN Global’s Every Drop strategy, we shifted our focus from river rehabilitation to watershed health protection in 2018. This is to safeguard the sustainability of our water source and to manage the impact where our treated wastewater is channeled. The work that we do in relation to water stewardship directly supports UN SDG 6 Clean Water and Sanitation. Independently verified by Limnotech a leading water sciences and environmental engineering consulting firm based in United States, HEINEKEN Malaysia’s water balancing achievements are described.",normalize_whitespace;renumber_paragraph,0,,high
MDA_3255_HEIM_2020,MDA_P066,Unknown,B066,"[MDA_P066] Sungai Way rehabilitation The Sungai Way river rehabilitation efforts primary objectives are to improve water quality and enhance the aesthetic value of the Sungai Way channel, increase awareness and develop a community participation model. In 2007, the surface water quality of Sungai Way","[MDA_P066] Sungai Way rehabilitation The Sungai Way river rehabilitation efforts primary objectives are to improve water quality and enhance the aesthetic value of the Sungai Way channel, increase awareness and develop a community participation model. In 2007, the surface water quality of Sungai Way had been classified as between Class V – IV (Class V indicates the worst water quality). W.A.T.E.R Project initiatives in rehabilitating the river over the years has transformed Sungai Way to Class III water quality making it habitable for aquatic life. In 2020, we continued our efforts through the maintenance of constructed wetland cells, regular biodiversity and water quality monitoring, as well as engaging neighbouring communities in Desa Mentari to join in river protection activities. As a result of the Sungai Way rehabilitation initiatives, HEINEKEN Malaysia is able to balance a total of 389,000 m3 of water. 305-metre clay dyke to increase water storage capacity In 2019, we worked with our partner, Global Environment Centre to build a 305-metre clay dyke at the Raja Musa Forest Reserve.",normalize_whitespace;renumber_paragraph,0,,high
MDA_3255_HEIM_2020,MDA_P067,Unknown,B067,"[MDA_P067] A clay dyke is a vertical wall of clay, around 4 to 5 meters in height, and constructed mainly below the peat swamp surface, effectively raising the water table. The clay dyke helps store Protecting Our Planet HEINEKEN Malaysia’s efforts to protect the planet extends beyond its immediate ","[MDA_P067] A clay dyke is a vertical wall of clay, around 4 to 5 meters in height, and constructed mainly below the peat swamp surface, effectively raising the water table. The clay dyke helps store Protecting Our Planet HEINEKEN Malaysia’s efforts to protect the planet extends beyond its immediate operations. SPARK Foundation, the corporate social responsibility arm of HEINEKEN Malaysia, carries out our community programmes. SPARK Foundation was established in 2007 to support initiatives in the areas of environmental protection and educational enrichment. SPARK Foundation Milestones RM 20.1 million invested in river rehabilitation, watershed health protection initiatives, education and partnership programmes Engaged 54,000 Malaysians and local communities Rehabilitated 5 rivers in Selangor and Perak, improved and maintained Sungai Way river water quality to Class III.",normalize_whitespace;renumber_paragraph,0,,high
MDA_3255_HEIM_2020,MDA_P068,Unknown,B068,"[MDA_P068] Built a 305-metre clay dyke at Raja Musa Forest Reserve which contributes to long-term water resources and supply to Sungai Selangor Reforested 1 Hectare of degraded peatland at Raja Musa Forest Reserve, which offsets 2,000 tonnes of soil carbon equivalent to annual emissions from 1,400 c","[MDA_P068] Built a 305-metre clay dyke at Raja Musa Forest Reserve which contributes to long-term water resources and supply to Sungai Selangor Reforested 1 Hectare of degraded peatland at Raja Musa Forest Reserve, which offsets 2,000 tonnes of soil carbon equivalent to annual emissions from 1,400 cars Maintained 22 rainwater harvesting systems to support 11 community farming projects in Selangor and Sabah",normalize_whitespace;renumber_paragraph,0,,high
MDA_3255_HEIM_2020,MDA_P069,Unknown,B069,"[MDA_P069] Who We Are Our Strategies Performance Review Growing Our People Protecting Our Planet How We Are Governed Our Numbers And Others 136,000 m3 of water annually, contributing to the long term sustainability of water supply to Sungai Selangor, which is the main source of raw water to the Klan","[MDA_P069] Who We Are Our Strategies Performance Review Growing Our People Protecting Our Planet How We Are Governed Our Numbers And Others 136,000 m3 of water annually, contributing to the long term sustainability of water supply to Sungai Selangor, which is the main source of raw water to the Klang Valley. Distribution of water thimbles to communities The water thimble is an effective and innovative method to reduce water consumption. Water thimbles are low cost watersaving devices. These small, silicon discs are installed into faucets and shower heads to decrease flow and reduce water use. By distributing water thimbles to over 1,000 households in the Sungai Selangor and Sungai Penchala basins, we have demonstrated that this helps reduce water consumption by an average of 18 litres per day per person. 2020 was the first full calendar after the thimbles were installed and the volumetric water benefit for water thimble savings is estimated at 11,500 m3 per year.",normalize_whitespace;renumber_paragraph,0,,high
MDA_3255_HEIM_2020,MDA_P070,Unknown,B070,"[MDA_P070] Rainwater harvesting systems To mitigate the impact of water disruptions, HEINEKEN Malaysia has implemented rainwater harvesting projects to help communities to reduce dependence on treated water for non-potable use. In total, W.A.T.E.R Project has installed 22 rainwater harvesting system","[MDA_P070] Rainwater harvesting systems To mitigate the impact of water disruptions, HEINEKEN Malaysia has implemented rainwater harvesting projects to help communities to reduce dependence on treated water for non-potable use. In total, W.A.T.E.R Project has installed 22 rainwater harvesting systems in the states of Selangor and Sabah. The rainwater harvesting systems consist of an interconnected rooftop area that serves as a catchment for the rainwater and storage tanks to collect and store the rainwater. The rainwater collected serves as non-potable water supply including cleaning, landscaping and irrigation. These systems also support 11 community farming projects, which give needy families a sustainable source of food. The annual volume of rainwater captured and provided for productive use is estimated at 4,554 m3 per year. Reforestation of degraded peatland The protection and rehabilitation of peatland will help sustain water supply in the long run, besides functioning as an efficient carbon storage to regulate earth temperature. Peatland areas are ecologically and hydrological sensitive disturbances.",normalize_whitespace;renumber_paragraph,0,,high
MDA_3255_HEIM_2020,MDA_P071,Unknown,B071,"[MDA_P071] Small changes in the hydrology can alter the fate of the entire ecosystem and cause frequent peat fires. If both hydrological and biological rehabilitation measures are not put in place, the peatland can burn, releasing large amounts of CO2 to the atmosphere. HEINEKEN Malaysia’s W.A.T.E.R","[MDA_P071] Small changes in the hydrology can alter the fate of the entire ecosystem and cause frequent peat fires. If both hydrological and biological rehabilitation measures are not put in place, the peatland can burn, releasing large amounts of CO2 to the atmosphere. HEINEKEN Malaysia’s W.A.T.E.R Project reforested 1 hectare of degraded peatland in Raja Musa Forest Reserve with 600 trees, helping to retain soil moisture and raise the humidity of the air above the soil surface and prevent further peat fires as well as facilitate recovery of the peatland forest and reactivate carbon sequestration. Based on calculations, the long-term volumetric water benefit is estimated as 4,250 m3 per year. Responsible water use today and tomorrow remains a key focus for HEINEKEN Malaysia. We will continue and maintain the water balancing achievement in a long run by initiating higher impact initiatives through SPARK Foundation and W.A.T.E.R Project. Protecting Our Planet TOTAL WATER BALANCED 545,570 m3 MORE THAN 100% OF WATER USED IN OUR PRODUCTS",normalize_whitespace;renumber_paragraph,0,,high
MDA_3255_HEIM_2020,MDA_P072,Unknown,B072,"[MDA_P072] Protecting Our Planet Zero Waste to Landfill Since 2017, we have achieved zero production waste to landfill. In 2020, we continued to recycle and upcycle our by-product and production materials and ensured that our waste is managed responsibly by licensed waste management vendors. In 2020","[MDA_P072] Protecting Our Planet Zero Waste to Landfill Since 2017, we have achieved zero production waste to landfill. In 2020, we continued to recycle and upcycle our by-product and production materials and ensured that our waste is managed responsibly by licensed waste management vendors. In 2020, we generated total of 23,776 tonnes of waste, of which 100% was recycled. The streams of waste generated RM 1.32 million in revenue by ensuring all our waste are recycled. This has enabled us to borne the cost of managing our waste materials, whilst allowing us to channel the revenue into other environment improvement projects at our brewery. Environmentally Friendly Refrigerators To date we have purchased, 993 environmental friendly fridges since 2016. Due to the Covid-19 crisis, no new fridges were purchased in year 2020. We will continue to ensure that 100% of our fridges purchased are in this category. Our fridges use eco-friendly hydrocarbon natural refrigerant and cyclopentane insulation for minimal environmental impact and enhanced effectiveness. In addition, the fridges uses bright LED lights, which are low in energy consumption.",normalize_whitespace;renumber_paragraph,0,,high
MDA_3255_HEIM_2020,MDA_P073,Unknown,B073,[MDA_P073] Our refrigerators are ISO 90012015 and ISO14001 certified – respectively for quality management system and environmental management system. 110.49 107.63 115.71 110.65 113.28 120.03 134.63 Total Energy Consumption (MJ/hl) 10.33 9.81 9.91 9.86 10.12 10.53 11.52 Electricity Consumption (kWh,"[MDA_P073] Our refrigerators are ISO 90012015 and ISO14001 certified – respectively for quality management system and environmental management system. 110.49 107.63 115.71 110.65 113.28 120.03 134.63 Total Energy Consumption (MJ/hl) 10.33 9.81 9.91 9.86 10.12 10.53 11.52 Electricity Consumption (kWh/hl) 73.30 72.31 80.04 75.15 76.86 82.13 92.82 Thermal Energy (MJ/hl) 11.87 11.42 11.84 11.98 12.44 13.14 14.00 CO2 Emissions (kg CO2eq/hl) 173,629 250,848 190,417 172,075 184,480 198,537 90,466 Bio Gas (m3) Reducing CO2 In line with our commitment to Drop the C, we undertook several measures and invested in innovations to manage our energy consumption, including thermal insulations, boiler pressure reduction in addition to cooling plant assessment and steam trap audits. These initiatives led to reduction in total energy consumption, electricity, thermal and CO2 emissions. We continue to reduce CO2 emissions through the use of renewable energy through optimization of biogas recovery.",normalize_whitespace;renumber_paragraph,0,,high
MDA_3255_HEIM_2020,MDA_P074,Unknown,B074,"[MDA_P074] Nevertheless, in terms of energy consumption per hectoliter of beer we produced, this was a slight increase compared with 2019 the attributed to the 46-day stop in production operations due to the Government’s MCO, which impacted the efficiency of energy consumption as production volumes ","[MDA_P074] Nevertheless, in terms of energy consumption per hectoliter of beer we produced, this was a slight increase compared with 2019 the attributed to the 46-day stop in production operations due to the Government’s MCO, which impacted the efficiency of energy consumption as production volumes were impacted. Emissions",normalize_whitespace;renumber_paragraph,0,,high
MDA_3255_HEIM_2020,MDA_P075,Unknown,B075,"[MDA_P075] Who We Are Our Strategies Performance Review Growing Our People Protecting Our Planet How We Are Governed Our Numbers And Others Protecting Our Planet Sourcing Sustainably We are committed to conduct business with integrity and fairness, with the respect for people, planet and performance","[MDA_P075] Who We Are Our Strategies Performance Review Growing Our People Protecting Our Planet How We Are Governed Our Numbers And Others Protecting Our Planet Sourcing Sustainably We are committed to conduct business with integrity and fairness, with the respect for people, planet and performance. We expect our suppliers to embrace our values and commitments to responsible business conduct. In partnership with our suppliers, we maximize our positive impact and grow together in a responsible way. We also encourage our suppliers to report any violations of HEINEKEN Malaysia policies through the independent reporting platform Speak Up. We are pleased to report that 100% of our suppliers are compliant to the HEINEKEN Supplier Code. More information on the relevant policies can be read on HEINEKEN Malaysia website.",normalize_whitespace;renumber_paragraph,0,,high
MDA_3255_HEIM_2020,MDA_P076,Unknown,B076,[MDA_P076] Conducting Business with Integrity and Fairness Respecting the Dignity and Human Rights of All People Putting Health and Safety First Reducing the Impact on the Planet KEGS (%) 2019 - 101.3 115.3 BOTTLES (%) 2019 - 90.2 101.2 PLASTIC CRATES (%) 2019 - 99.5 116.5 Packaging Waste Our packag,"[MDA_P076] Conducting Business with Integrity and Fairness Respecting the Dignity and Human Rights of All People Putting Health and Safety First Reducing the Impact on the Planet KEGS (%) 2019 - 101.3 115.3 BOTTLES (%) 2019 - 90.2 101.2 PLASTIC CRATES (%) 2019 - 99.5 116.5 Packaging Waste Our packaging material represents the largest components of our global footprint. In Malaysia, we apply the reduce, reuse and recycle method in managing our bottles, kegs and crates waste. We work with our trade partners through a deposit system and ensure and reusable kegs, bottles and crates are returned to the brewery. Over the years, we have worked to improve our packaging materials to be thinner, lighter yet durable so less resource are used. In 2020, our 12-month moving average on the return rates are as follows: RECOGNITION CSR Malaysia Award 2020 For the third consecutive year, HEINEKEN Malaysia was recognised as Corporate Social Responsibility (CSR) Company of The Year in the Manufacturing - Beverage category at the CSR Malaysia Awards 2020. The company was awarded for its role as a change agent in the environment and education sectors in Malaysia.",normalize_whitespace;renumber_paragraph,0,,high
MDA_3255_HEIM_2020,MDA_P077,Unknown,B077,"[MDA_P077] Organised by CSR Malaysia publication and Corporate Sustainability and Responsibility Malaysia Welfare Society, winners were selected based on the clear purpose and goals of the corporate responsibility initiatives, effectiveness, impact as well as the frequency of the projects. HEINEKEN ","[MDA_P077] Organised by CSR Malaysia publication and Corporate Sustainability and Responsibility Malaysia Welfare Society, winners were selected based on the clear purpose and goals of the corporate responsibility initiatives, effectiveness, impact as well as the frequency of the projects. HEINEKEN Malaysia was recognised for its initiatives in the environment particularly in protecting water resources through its W.A.T.E.R Project and also the Company’s initiatives in supporting education particularly through the Tiger Sin Chew Chinese Education Charity Concert and English Enrichment Training Programme.",normalize_whitespace;renumber_paragraph,0,,high
