document_id,clean_paragraph_id,clean_section,raw_locator,raw_text_snippet,clean_text,cleaning_actions,is_removed,removal_reason,confidence_level
MDA_3026_DLADY_2024,REMOVED_001,Unknown,L129,DUTCH LADY MILK INDUSTRIES BERHAD • INTEGRATED ANNUAL REPORT 2024,,remove_header_footer,1,header_footer,medium
MDA_3026_DLADY_2024,REMOVED_002,Unknown,L201,DUTCH LADY MILK INDUSTRIES BERHAD • INTEGRATED ANNUAL REPORT 2024,,remove_header_footer,1,header_footer,medium
MDA_3026_DLADY_2024,REMOVED_003,Unknown,L486,DUTCH LADY MILK INDUSTRIES BERHAD • INTEGRATED ANNUAL REPORT 2024,,remove_header_footer,1,header_footer,medium
MDA_3026_DLADY_2024,REMOVED_004,Unknown,L643,shareholder equity. DUTCH LADY MILK INDUSTRIES BERHAD • INTEGRATED ANNUAL REPORT 2024,,remove_header_footer,1,header_footer,medium
MDA_3026_DLADY_2024,REMOVED_005,Unknown,L803,DUTCH LADY MILK INDUSTRIES BERHAD • INTEGRATED ANNUAL REPORT 2024,,remove_header_footer,1,header_footer,medium
MDA_3026_DLADY_2024,REMOVED_006,Unknown,L949,DUTCH LADY MILK INDUSTRIES BERHAD • INTEGRATED ANNUAL REPORT 2024,,remove_header_footer,1,header_footer,medium
MDA_3026_DLADY_2024,REMOVED_007,Unknown,L1058,DUTCH LADY MILK INDUSTRIES BERHAD • INTEGRATED ANNUAL REPORT 2024,,remove_header_footer,1,header_footer,medium
MDA_3026_DLADY_2024,REMOVED_008,Unknown,L1218,DUTCH LADY MILK INDUSTRIES BERHAD • INTEGRATED ANNUAL REPORT 2024,,remove_header_footer,1,header_footer,medium
MDA_3026_DLADY_2024,REMOVED_009,Unknown,L1336,DUTCH LADY MILK INDUSTRIES BERHAD • INTEGRATED ANNUAL REPORT 2024,,remove_header_footer,1,header_footer,medium
MDA_3026_DLADY_2024,MDA_P001,Unknown,B001,"[MDA_P001] A HISTORIC MILESTONE & MASSIVE TRANSITION TOWARDS RESPONSIBLE GROWTH 2024 was history in the making for Dutch Lady Milk Industries Berhad. One notable milestone was bidding farewell to our iconic DLMI@PJ manufacturing facility, established in 1966 to produce our first product, sweetened c","[MDA_P001] A HISTORIC MILESTONE & MASSIVE TRANSITION TOWARDS RESPONSIBLE GROWTH 2024 was history in the making for Dutch Lady Milk Industries Berhad. One notable milestone was bidding farewell to our iconic DLMI@PJ manufacturing facility, established in 1966 to produce our first product, sweetened condensed milk. Over the years, we continued to innovate with evolving nutritional and consumer needs such as liquid milk and powdered children’s formula. DLMI@PJ held great significance for many. For consumers, it was a trusted source of dairy for their families. For our employees, suppliers and customers, it was a hub of collaboration and growth. For passers-by, it stood as a distinct landmark in Petaling Jaya, featuring the iconic Daisy and Maya cow figurines and the Dutch windmill replica. Beyond these, DLMI@PJ’s most enduring contribution was the realisation of our purpose: to build a healthier nation by Nourishing Our Planet and People in Every Stage of Life. Secondly, the year marked our complete relocation to our 13-hectare DLMI@Enstek manufacturing facility, which is three times larger in land size and twice as large in capacity as our previous DLMI@PJ facility.",normalize_whitespace;renumber_paragraph,0,,high
MDA_3026_DLADY_2024,MDA_P002,Unknown,B002,"[MDA_P002] This transition, a wellorchestrated plan over the past five years, culminated in 2024 with the critical milestone of moving to our Halal IR4.0enabled production centre. This move will accelerate our strategy to scale operations and innovations, reinforcing our position as Malaysia’s leadi","[MDA_P002] This transition, a wellorchestrated plan over the past five years, culminated in 2024 with the critical milestone of moving to our Halal IR4.0enabled production centre. This move will accelerate our strategy to scale operations and innovations, reinforcing our position as Malaysia’s leading dairy brand. Our transformation over six decades in Malaysia has been recognised by our many partners and stakeholders, who trusted us and supported us in our commitment to Nourishing Our Nation. REPORT DIRECTOR’S MANAGING The Yang Di-Pertuan Besar of Negeri Sembilan, Tuanku Muhriz Tuanku Munawir (centre), was joined by (from left) FrieslandCampina Chief Executive Officer Jan Derck van Karnebeek, Dutch Lady Milk Industries Bhd (DLMI) Managing Director Ramjeet Kaur Virik, Senior State Executive Councillor YB Datuk Seri Jalaluddin bin Alias, and ambassador to the Kingdom of the Netherlands to Malaysia, H.E. Jacques Werner at the inauguration of DLMI@Enstek on 30 May, 2024. This symbolic date also marked the 61st Anniversary of DLMI’s incorporation, originally known as Pacific Milk Industries (Malaya) Limited. DUTCH LADY MILK INDUSTRIES BERHAD • INTEGRATED ANNUAL REPORT 2024",normalize_whitespace;renumber_paragraph,0,,high
MDA_3026_DLADY_2024,MDA_P003,Unknown,B003,"[MDA_P003] RAMJEET KAUR VIRIK Managing Director 2024 was a historic milestone and a year of massive transition for DLMI as we fully moved to our new Halal manufacturing facility DLMI@ Enstek, with double the capacity and IR4.0 capabilities. The year signalled our strong commitment to Nourishing Our ","[MDA_P003] RAMJEET KAUR VIRIK Managing Director 2024 was a historic milestone and a year of massive transition for DLMI as we fully moved to our new Halal manufacturing facility DLMI@ Enstek, with double the capacity and IR4.0 capabilities. The year signalled our strong commitment to Nourishing Our Nation with improved nutritional content, responsible business practices and meaningful growth, championed by our committed employees and supportive stakeholders. Despite the challenging operational environment and the planned transition, our focus on internal cost optimisation, fit-for-purpose organisation and governance, helped us deliver positive results in FY2024. As we move forward, we remain steadfast in our aspiration to produce healthy, Halal dairy nutrition in balance with the planet, continuing to drive our purpose of Nourishing Our Planet and People in Every Stage of Life. Section",normalize_whitespace;renumber_paragraph,0,,high
MDA_3026_DLADY_2024,MDA_P004,Unknown,B004,"[MDA_P004] We are well-positioned to achieve our ambitions for 2030 and beyond, as we work to unlock the full potential of our new state-of-the-art, IR4.0-enabled manufacturing facility. DLMI@Enstek will play a crucial role in strengthening our commitment to: 1) Fostering long-term public-private pa","[MDA_P004] We are well-positioned to achieve our ambitions for 2030 and beyond, as we work to unlock the full potential of our new state-of-the-art, IR4.0-enabled manufacturing facility. DLMI@Enstek will play a crucial role in strengthening our commitment to: 1) Fostering long-term public-private partnerships to enhance Malaysia’s dairy sector, particularly in raw milk production, and 2) Addressing the triple burden of malnutrition in Malaysia, especially among children under 12 years old. Our strategic investment in DLMI@Enstek exemplifies our dedication to driving profits with a purpose. CHALLENGES THAT CONTINUE DUE TO EXTERNAL PRESSURES We continued to experience volatility in both global and local markets, with fluctuating prices of dairy raw materials and foreign exchange rates. This has increased the cost of doing business in an already challenging operating environment, compounded by ever-evolving regulations and policies. Businesses locally and regionally continued to find opportunities to innovate their business models, strengthen governance, build resilience and future-proof people and product solutions.",normalize_whitespace;renumber_paragraph,0,,high
MDA_3026_DLADY_2024,MDA_P005,Unknown,B005,"[MDA_P005] At DLMI, our core strategy for managing external pressures is to prioritise prudence in managing our financial and resource investments. This approach ensures we achieve adequate cost savings, explore alternative revenue-boosting measures, and most importantly, maintain a motivated workfo","[MDA_P005] At DLMI, our core strategy for managing external pressures is to prioritise prudence in managing our financial and resource investments. This approach ensures we achieve adequate cost savings, explore alternative revenue-boosting measures, and most importantly, maintain a motivated workforce. We continued to play a pivotal role in industry coalitions such as MAREA and CAN, where we demonstrated leadership in driving their respective agendas effectively. DLMI assumed the chair for MAREA and catalysed the launch of Malaysia’s first DEI Guidelines in CAN. We will continue to actively participate and collaborate with our industry peers to shape future best practices and even policies to raise the bar on sustainability performance. In line with our purpose of Nourishing Our Nation, DLMI has partnered with the Petaling Jaya Parliamentary Office to support a social enterprise project, the “Healthy Eating and Nutrition Programme for Children” (Program Pemakanan Sihat dan Nutrisi Kanak-Kanak).",normalize_whitespace;renumber_paragraph,0,,high
MDA_3026_DLADY_2024,MDA_P006,Unknown,B006,"[MDA_P006] Supported by Allegra Technologies Sdn Bhd, the initiative aims to benefit 100 children aged one to six at PPR Block 5 and 6 in Desa Mentari Petaling Jaya by promoting healthy eating habits and supporting growth and nutrition. The programme will utilise artificial intelligence-powered vend","[MDA_P006] Supported by Allegra Technologies Sdn Bhd, the initiative aims to benefit 100 children aged one to six at PPR Block 5 and 6 in Desa Mentari Petaling Jaya by promoting healthy eating habits and supporting growth and nutrition. The programme will utilise artificial intelligence-powered vending machines to provide daily Dutch Lady milk, ensuring consistent access to essential nutrients and fostering better health outcomes. Initiatives like this reinforce our commitment to delivering accessible, affordable, safe, Halal and nutritious dairy to the nation. For more information on how we are aligning our performance with our purpose, please refer to Sustainability Statement on pages 60-108 of this Integrated Annual Report. With our seven key focus areas and sustainability roadmaps, 2024 saw us focus much of our efforts on building our capabilities. Our differentiated approach integrates sustainability into every function of the business, reflecting our belief that sustainability is an essential part of our operations.",normalize_whitespace;renumber_paragraph,0,,high
MDA_3026_DLADY_2024,MDA_P007,Unknown,B007,"[MDA_P007] Throughout the year, we facilitated over 36 hours of engagement with the Board, Management, and Business Leadership Teams, covering topics such as Sustainability 101, Farm Sustainability, Sustainable Packaging, Sustainable Production, Inclusive Leadership, Unconscious Bias, Feedback Mecha","[MDA_P007] Throughout the year, we facilitated over 36 hours of engagement with the Board, Management, and Business Leadership Teams, covering topics such as Sustainability 101, Farm Sustainability, Sustainable Packaging, Sustainable Production, Inclusive Leadership, Unconscious Bias, Feedback Mechanisms and more. We also doubled our external engagements on sustainability and related topics to exchange best practices, foster new learning and accelerate progress on our roadmaps. Some of the key areas that were part of internal and external deliberations during the year included: Emerging standards such as IFRS S1 and S2, Approach to Scope 3 Inventory and Emissions Management, Diversity and Inclusion, Climate Risks and Opportunities as well as Scenario Building for Dairy Sector, From Climate Neutral to Net Zero, Extended Scope of Materiality Assessments, Internal Data Validations and External Assurance. Purpose MANAGING DIRECTOR’S REPORT",normalize_whitespace;renumber_paragraph,0,,high
MDA_3026_DLADY_2024,MDA_P008,Unknown,B008,"[MDA_P008] Nutrition: The nutritional status of Malaysians is concerning, with shifting consumer preferences and lifestyles making it harder to achieve optimal nutrition through conscious dietary choices. In response, we activated a plan to strengthen our Nutrition Story both internally and external","[MDA_P008] Nutrition: The nutritional status of Malaysians is concerning, with shifting consumer preferences and lifestyles making it harder to achieve optimal nutrition through conscious dietary choices. In response, we activated a plan to strengthen our Nutrition Story both internally and externally. This reinforces the importance of a nutritious diet, with dairy as a nutrition-dense food, remaining central to our brand and consumer value propositions. Performance People 2024 marked a significant transformation of our Human Resources function, essential for fostering collaboration across our diverse, agile and adaptive teams. The new HR Operating Model, effective from 1 April, 2024, is designed to enhance our processes and service delivery, transitioning to an integrated, digitalised, cross-border, and professionalised end-to-end model driven by business, regional and global expertise. Additionally, we have renamed the HR function to ‘People and Culture’ to better reflect the pivotal role HR plays at DLMI. Amid this transition, we were assessed and rated in the Top Quartile of Top Employers in Malaysia – the original 2030 target that we achieved ahead in time.",normalize_whitespace;renumber_paragraph,0,,high
MDA_3026_DLADY_2024,MDA_P009,Unknown,B009,"[MDA_P009] This recognition is not an award, yet a validation of our best practices beyond just processes, controls and operations. We remain focused on driving continuous improvement in Wellbeing, Rewards, Recognition and the Employee Experience Journey. Furthermore, in alignment with our global ef","[MDA_P009] This recognition is not an award, yet a validation of our best practices beyond just processes, controls and operations. We remain focused on driving continuous improvement in Wellbeing, Rewards, Recognition and the Employee Experience Journey. Furthermore, in alignment with our global efforts, we introduced a renewed set of corporate values that define who we are and how we deliver on our purpose and performance. The continuous reinforcement of these values across all levels throughout the year helped strengthen individual roles and clarify our collective ambition. For more information on how we are committed to people and people development, please refer to Better People section of our Sustainability Statement on pages 92-99 of this Integrated Annual Report. Why we exist, our purpose: Nourishing Our Nation No 1 Nutrition Brand and a Leading Dairy Company in Malaysia Who we are, our values: What we want to achieve, our ambition: What we deliver on our purpose and ambition: & Make Life Happen! We act with RESPECT We aim HIGHER We succeed TOGETHER PRODUCTS & COMPETITION Section",normalize_whitespace;renumber_paragraph,0,,high
MDA_3026_DLADY_2024,MDA_P010,Unknown,B010,"[MDA_P010] During the year, we also engaged with disadvantaged and underserved communities to raise awareness on nutritional intake as well as to distribute Dutch Lady products for improved health. We also initiated efforts to identify and collaborate with our value chain partners, including retaile","[MDA_P010] During the year, we also engaged with disadvantaged and underserved communities to raise awareness on nutritional intake as well as to distribute Dutch Lady products for improved health. We also initiated efforts to identify and collaborate with our value chain partners, including retailers and the government for undertaking joint nutrition programmes, targeting schools and the public in general. These initiatives are vital to educate Malaysians on how to read and interpret product labels, understand nutritional content and incorporate dairy into their daily diets. Category: We maintain that category performance is key to driving our mission of Nourishing Our Nation, where the priority is to deliver nutritional content to Malaysians and contributing to shaping a healthy future. In terms of product performance, in 2024, we continued to lead the market both in terms of penetration, volume and revenue growth. The KANTAR Brand Footprint 2024 acknowledged Dutch Lady as the Most Chosen Brand #1 Dairy and Top Rising Brand #1 Dairy, which reinforces the trust placed in us by consumers, business partners and employees.",normalize_whitespace;renumber_paragraph,0,,high
MDA_3026_DLADY_2024,MDA_P011,Unknown,B011,[MDA_P011] MANAGING DIRECTOR’S REPORT,[MDA_P011] MANAGING DIRECTOR’S REPORT,normalize_whitespace;renumber_paragraph,0,,high
MDA_3026_DLADY_2024,MDA_P012,Unknown,B012,"[MDA_P012] Revenue: Despite a major transition, DLMI maintained strong performance, with revenue reaching RM1,445.1 million, marking a modest increase of 0.2% compared to the previous year. The performance can be attributed to continued trust of consumers and the sustained demand for our products. T","[MDA_P012] Revenue: Despite a major transition, DLMI maintained strong performance, with revenue reaching RM1,445.1 million, marking a modest increase of 0.2% compared to the previous year. The performance can be attributed to continued trust of consumers and the sustained demand for our products. This consistent performance reinforces our strong fundamentals and more importantly, the brand equity among Malaysian households that we have earned over 60 years of dairy excellence. Capital Spending: Overall, our capital expenditures recorded a significant investment in the new manufacturing facility and accompanying distribution centre. The total committed investment of RM600 million, including almost RM57 million for land acquisition, underscores DLMI’s commitment to improved operational efficiencies, sustainability and responsible growth. Our new manufacturing facility, DLMI@Enstek, became fully operational in 2024. As some assets had not yet been transferred, the company applied accelerated depreciation on these assets (until Q2 2024), consistent with previous years.",normalize_whitespace;renumber_paragraph,0,,high
MDA_3026_DLADY_2024,MDA_P013,Unknown,B013,"[MDA_P013] In addition, costs to facilitate the transition such as costs for double operations, product validation and qualification training of staff, temporary outsourcing costs and built up of stocks were incurred. The total costs of accelerated depreciation and one-offs in 2024 were RM39.0 milli","[MDA_P013] In addition, costs to facilitate the transition such as costs for double operations, product validation and qualification training of staff, temporary outsourcing costs and built up of stocks were incurred. The total costs of accelerated depreciation and one-offs in 2024 were RM39.0 million, which was significantly lower than in 2023. Overall, our operating profit margins rose to 9.1% in 2024, compared to 6.9% in 2023, while adjusted operating margins (excluding accelerated depreciation and one-off costs) increased from 11.0% to 11.8%. Net profit margins improved from 5.0% to 6.7%, reflecting DLMI’s commitment to consistent profitability. For more information on how we are creating value for our shareholders, please refer to Financial Director’s Analysis as well as Notes To The Financial Statements on pages 40-47 and 178-211 of this Integrated Annual Report. Performance FINANCIAL DLMI@Enstek is a reality, operating today with all production lines fully functional. This new factory has double the capacity compared to our previous operations at DLMI@PJ, enabling us to unlock our growth potential with new products and formats.",normalize_whitespace;renumber_paragraph,0,,high
MDA_3026_DLADY_2024,MDA_P014,Unknown,B014,"[MDA_P014] Besides the additional capacity, the new factory and its design further drives an improvement in our quality levels as well as efficiencies on the back of new equipment, new processes and IR4.0 technology. We are committed to utilising state-of-the-art IR4.0 technologies to efficiently ma","[MDA_P014] Besides the additional capacity, the new factory and its design further drives an improvement in our quality levels as well as efficiencies on the back of new equipment, new processes and IR4.0 technology. We are committed to utilising state-of-the-art IR4.0 technologies to efficiently manage plant operations and provide real-time data and insights to enhance factory efficiencies. We believe our planned technology interventions will deliver cost benefits and propel our sustainability targets, as we aspire to achieve a 30% reduction in carbon and water intensity by 2030 against our 2022 baseline. The Company has also invested in an upgraded distributor management system which enables further insights and increased efficiency in our downstream value chain. In addition, we will continue to invest in R&D activities to constantly improve product formulations and meet both, the nutritional needs and expectations of our consumers and customers. Potential Section",normalize_whitespace;renumber_paragraph,0,,high
MDA_3026_DLADY_2024,MDA_P015,Unknown,B015,"[MDA_P015] Balancing Economic and EESG Performance 2024 marked the beginning of a new journey. With strong fundamentals, renewed energy and values, a clear focus on sustainability, and the support of committed partners and employees, we remain strong as a leading player in the market. Our underlying","[MDA_P015] Balancing Economic and EESG Performance 2024 marked the beginning of a new journey. With strong fundamentals, renewed energy and values, a clear focus on sustainability, and the support of committed partners and employees, we remain strong as a leading player in the market. Our underlying commitment is to produce healthy nutrition in balance with the planet. During the year, we undertook a preliminary assessment of our key priorities as a business. A key finding was that almost 50% of our strategies focus on delivering clear social benefits. For example, DLMI’s mainstream products focus on nutrition and affordability as key value propositions. Similarly, our channel strategies are also skewed towards accessibility and affordability. These directly help address the triple burden of malnutrition in the country. We also assessed the role-based KPIs of our top management, where we established a similar balanced focus on economic performance and EESG agenda. We take pride in the fact that sustainability is integrated into our business, creating value for shareholders and stakeholders, including the environment and community. For more details, please refer to pages 60-108 of this report.",normalize_whitespace;renumber_paragraph,0,,high
MDA_3026_DLADY_2024,MDA_P016,Unknown,B016,[MDA_P016] Our priorities next year will be to: ∞ Continue to drive our purpose of Nourishing Our Nation and to turn around the alarming nutritional status of our Malaysian children through our nutritious Halal dairy products ∞ Accelerate production capacity at our new Halal manufacturing facility D,"[MDA_P016] Our priorities next year will be to: ∞ Continue to drive our purpose of Nourishing Our Nation and to turn around the alarming nutritional status of our Malaysian children through our nutritious Halal dairy products ∞ Accelerate production capacity at our new Halal manufacturing facility DLMI@Enstek and expand its scope of delivery even as a regional hub ∞ Improve operational efficiencies, cost optimisation and product stewardship to achieve higher revenue targets ∞ Chart-out medium to long-term plans to capture new opportunities and new markets by building our local sourcing potential ∞ Build capabilities and capacity for implementation of our sustainability roadmaps and improve governance for business integration MANAGING DIRECTOR’S REPORT ACKNOWLEDGMENTS I take this opportunity to specially extend our sincere appreciation to Tan Poh Lian, who assumed a new regional role after successfully fulfilling more than 8 years of strong leadership with Supply Chain and Procurement in Malaysia. Her contributions to DLMI have been significant and invaluable.",normalize_whitespace;renumber_paragraph,0,,high
MDA_3026_DLADY_2024,MDA_P017,Unknown,B017,"[MDA_P017] I welcome Katina Nurani, our Company Secretary and Head of Legal to the Management Team, who will continue to provide her guidance in steering strategic conversations and new ideas for collaboration as well as mutual growth. Last but not the least, I thank all our stakeholders including o","[MDA_P017] I welcome Katina Nurani, our Company Secretary and Head of Legal to the Management Team, who will continue to provide her guidance in steering strategic conversations and new ideas for collaboration as well as mutual growth. Last but not the least, I thank all our stakeholders including our employees and frontliners, our suppliers and partners, our consumers and customers, as well as members of the Board and Management for believing in our purpose as well as our potential to consistently deliver positive performance. With over 60 years of dairy excellence in Malaysia, we must continue to drive our Purpose, especially with the alarming nutritional status of Malaysians, increasing volatility of external environment, and ever-changing consumer behaviour. We want to continue winning as we remain guided by our purpose, Nourishing Our Planet and People in Every Stage of Life. This means evolving as an organisation to become future-ready. DUTCH LADY MILK INDUSTRIES BERHAD • INTEGRATED ANNUAL REPORT 2024",normalize_whitespace;renumber_paragraph,0,,high
MDA_3026_DLADY_2024,MDA_P018,Unknown,B018,[MDA_P018] Section,[MDA_P018] Section,normalize_whitespace;renumber_paragraph,0,,high
MDA_3026_DLADY_2024,MDA_P019,Unknown,B019,"[MDA_P019] Topline Revenue: Key Drivers, Challenges, & Measures In 2024 DLMI’s revenue showed a modest increase in at 0.2% to RM1,445.1 million from RM1442.8 million in 2023. Revenue performance remained strong in our core portfolio of liquid milk and IFT products as well as our professional range. ","[MDA_P019] Topline Revenue: Key Drivers, Challenges, & Measures In 2024 DLMI’s revenue showed a modest increase in at 0.2% to RM1,445.1 million from RM1442.8 million in 2023. Revenue performance remained strong in our core portfolio of liquid milk and IFT products as well as our professional range. In the third quarter of 2024, the company successfully completed the planned transition from the Petaling Jaya factory to the new facility in Bandar Enstek. This planned transition temporarily affected the availability of products for sales to our customers. This had no impact on the availability of our core range of products for consumers in stores. As part of the transition DLMI also strategically discontinued the production and distribution of some of our non-core Dutch Lady range of products. DLMIs strategic expansion is a pivotal move that not only facilitates DLMI’s continued growth, but it also creates new opportunities to solidify our position as the leader in the Malaysian Dairy Industry with innovations aligned to changing consumer preferences, such as the Dutch Lady “Sip & Seal” packs which were launched in the second half of 2024.",normalize_whitespace;renumber_paragraph,0,,high
MDA_3026_DLADY_2024,MDA_P020,Unknown,B020,"[MDA_P020] This and other product innovations added to the strong revenue performance in our core portfolio. During the year, pricing strategies were carefully calibrated to balance two critical objectives, to maintain product affordability for consumers and to safeguard the company’s underlying pro","[MDA_P020] This and other product innovations added to the strong revenue performance in our core portfolio. During the year, pricing strategies were carefully calibrated to balance two critical objectives, to maintain product affordability for consumers and to safeguard the company’s underlying profit margins. Price adjustments were limited to a small portion of the portfolio. Additionally, we continued with our revenue growth management initiatives. I am happy to share that our market share remained robust, confirming DLMI’s position as the leading dairy manufacturer in Malaysia. ANALYSIS OF PERFORMANCE The year 2024 was a truly remarkable year for Dutch Lady Milk Industries Berhad (DLMI) and in many ways a year of transition. The company said goodbye to our manufacturing facility in Petaling Jaya, which has been at the heart of our operations for more than 60 years. At the same time we inaugurated our new state-of-the-art IR4.0 facility in Bandar Enstek, which opens new horizons with an outlook of doubling our production capacity. Whereas the Malaysian economy showed positive growth figures, consumer spending patterns remained cautious.",normalize_whitespace;renumber_paragraph,0,,high
MDA_3026_DLADY_2024,MDA_P021,Unknown,B021,"[MDA_P021] In addition the external factors remained unpredictable, with ongoing global geopolitical tensions, changes in policies and volatility in both raw material pricing and exchange rates. DUTCH LADY MILK INDUSTRIES BERHAD • INTEGRATED ANNUAL REPORT 2024 ANALYSIS DIRECTOR’S FINANCE","[MDA_P021] In addition the external factors remained unpredictable, with ongoing global geopolitical tensions, changes in policies and volatility in both raw material pricing and exchange rates. DUTCH LADY MILK INDUSTRIES BERHAD • INTEGRATED ANNUAL REPORT 2024 ANALYSIS DIRECTOR’S FINANCE",normalize_whitespace;renumber_paragraph,0,,high
MDA_3026_DLADY_2024,MDA_P022,Unknown,B022,"[MDA_P022] The year of transition coincided with a challenging operating landscape, with geo-political tensions, fluctuating exchange rates, inflation and evolving regulations. Continuing focus on improving access to nutrition, prioritising our core business, prudent financial management and cost op","[MDA_P022] The year of transition coincided with a challenging operating landscape, with geo-political tensions, fluctuating exchange rates, inflation and evolving regulations. Continuing focus on improving access to nutrition, prioritising our core business, prudent financial management and cost optimisation kept DLMI on track in its financial performance. Whilst we finalised our new IR4.0 enabled manufacturing facility DLMI@Enstek in 2024, we focused on strenghtening the fundamentals, realising operational efficiencies and staying agile to effectively respond to various changes. Overall, we delivered a solid financial performance, with consistent profit growth versus previous years, and a promising plan for reinvestments towards meeting our 2030 ambition. KAI DE KLERK Finance Director Section",normalize_whitespace;renumber_paragraph,0,,high
MDA_3026_DLADY_2024,MDA_P023,Unknown,B023,"[MDA_P023] To address these challenges, we implemented several cost optimisation and efficiency initiatives. The company followed through on the restructuring announced in 2023, aimed at creating a fit-for-purpose organisation and lowering the cost base over the long term. Operating costs were addre","[MDA_P023] To address these challenges, we implemented several cost optimisation and efficiency initiatives. The company followed through on the restructuring announced in 2023, aimed at creating a fit-for-purpose organisation and lowering the cost base over the long term. Operating costs were addressed through a dedicated project initiated to lower production and logistics expenses. These measures yielded positive outcomes in 2024. Operations of DLMI@ Enstek are being further streamlined with the integration of state-of-the-art IR4.0 technology, and a continued focus on operational efficiency. These concerted efforts, combined with disciplined financial management, have not only strengthened DLMI’s operational resilience but also ensured that its products remain accessible and affordable to Malaysian households. Foreign Exchange: Trends & Impact The Malaysian Ringgit (MYR) experienced significant volatility against the USD in 2024, which posed challenges to the company’s financial performance. The first half of the year saw the Ringgit depreciate from approximately 4.6 to a low of 4.8 against the USD.",normalize_whitespace;renumber_paragraph,0,,high
MDA_3026_DLADY_2024,MDA_P024,Unknown,B024,"[MDA_P024] However, the third quarter brought a sharp reversal as US rate cuts and positive Malaysian economic momentum drove a 14% appreciation, with the MYR peaking near 4.1. By year-end, the Ringgit stabilised around 4.5 following geopolitical and economic developments, including the US president","[MDA_P024] However, the third quarter brought a sharp reversal as US rate cuts and positive Malaysian economic momentum drove a 14% appreciation, with the MYR peaking near 4.1. By year-end, the Ringgit stabilised around 4.5 following geopolitical and economic developments, including the US presidential elections and shifting monetary policy expectations. This volatility particularly impacted DLMI’s Q3 and Q4 results. Mark-to-market effects of financial instruments used for hedging weighed on profitability in Q3 but were largely offset by robust hedge performance in Q4. On balance, the average MYR exchange rate in 2024 was slightly weaker than in the prior year, marginally dampening overall results. However, the long-term volatility of the MYR remains a structural challenge, necessitating a gradual recovery of the increased cost base through revenue growth management and continued efficiency improvements. Profits: Metrics, Margins and Strategic Investments Gross profit margin improved significantly from 29.7% in 2023 to 33.8% in 2024, with absolute gross profit increasing 13.9% to RM487.9 million.",normalize_whitespace;renumber_paragraph,0,,high
MDA_3026_DLADY_2024,MDA_P025,Unknown,B025,"[MDA_P025] Compared to 2023, dairy raw material cost softened somewhat favourably, impacting our gross profits, yet trended upwards during the year. Profit margin improvement is also attributable to revenue growth management initiatives implemented over the past years. These gains enabled us to rein","[MDA_P025] Compared to 2023, dairy raw material cost softened somewhat favourably, impacting our gross profits, yet trended upwards during the year. Profit margin improvement is also attributable to revenue growth management initiatives implemented over the past years. These gains enabled us to reinvest in our core brands, Dutch Lady and Friso, with increased advertising and promotional spending to raise consumer awareness on importance of nutrition as well as to strengthen our brand equity. Inflationary pressures on energy, labour and other raw materials continued. However the company has focused on reducing operational costs in its manufacturing and logistics operations as well as other overheads. The Malaysian Ringgit remained volatile, with record lows against the USD in the first half, subsequently improving performance in the second half of 2024. This volatility had some negative effects on profitability through revaluation of hedge instruments. The transition to the manufacturing facility in Enstek was finalised successfully. As some assets were not transferred, the company applied accelerated depreciation on these assets (until Q2 2024) in line with previous years.",normalize_whitespace;renumber_paragraph,0,,high
MDA_3026_DLADY_2024,MDA_P026,Unknown,B026,"[MDA_P026] In addition, costs to facilitate the transition such as costs for double operations, product validation and qualification training of staff, temporary outsourcing costs and built up of stocks were incurred. The total costs of accelerated depreciation and one-offs in 2024 were 39.0 million","[MDA_P026] In addition, costs to facilitate the transition such as costs for double operations, product validation and qualification training of staff, temporary outsourcing costs and built up of stocks were incurred. The total costs of accelerated depreciation and one-offs in 2024 were 39.0 million, which was significantly lower than in 2023 (RM59.1 million). Overall, our operating profit margins rose to 9.1% in 2024, compared to 6.9% in 2023, while adjusted operating margins (excluding accelerated depreciation and one-off costs) increased from 11.0% to 11.8%. Net profit margins improved from 5.0% to 6.7%, reflecting DLMI’s commitment to consistent profitability. Cost Structure: Management and Optimisation In 2024, DLMI’s cost structure was influenced by several key factors. Dairy raw materials, a major cost component, saw mixed trends. While the pricing of skimmed milk powder (SMP) remained relatively stable compared to previous years’ volatility, milk fat prices increased significantly due to higher demand and limited supply.",normalize_whitespace;renumber_paragraph,0,,high
MDA_3026_DLADY_2024,MDA_P027,Unknown,B027,"[MDA_P027] This was further compounded by the depreciation of the Malaysian Ringgit (MYR) against the US Dollar in the first half of the year, which intensified input cost pressures. Labour costs also rose, impacting both production expenses and general administrative overheads. Additionally, the in","[MDA_P027] This was further compounded by the depreciation of the Malaysian Ringgit (MYR) against the US Dollar in the first half of the year, which intensified input cost pressures. Labour costs also rose, impacting both production expenses and general administrative overheads. Additionally, the increase in the Sales and Service Tax (SST) from 6% to 8%, along with the expanded scope of taxable services, contributed to elevated input costs. RM487.9 Gross profit million 2023: RM428.4 million 13.9% FINANCE DIRECTOR’S ANALYSIS",normalize_whitespace;renumber_paragraph,0,,high
MDA_3026_DLADY_2024,MDA_P028,Unknown,B028,"[MDA_P028] Balance Sheet and Working Capital: Planned & Strategic Investments DLMI’s asset base experienced significant growth in 2024, driven by strategic investments in its new manufacturing facility DLMI@Enstek. This state-of-the-art IR4.0-enabled facility, inaugurated in May 2024, enhanced produ","[MDA_P028] Balance Sheet and Working Capital: Planned & Strategic Investments DLMI’s asset base experienced significant growth in 2024, driven by strategic investments in its new manufacturing facility DLMI@Enstek. This state-of-the-art IR4.0-enabled facility, inaugurated in May 2024, enhanced production capacity and replaced the decommissioned DLMI@PJ. Consequently, property, plant and equipment (PPE) rose from RM503.2 million in 2023 to RM620.1 million in 2024, reflecting our long-term commitment to operational excellence. Additions in intangible assets underscore ongoing investments in technological upgrades to support the facility. DLMI primarily financed its multi-year “Big Blue” project (commissioning of DLMI@Enstek) through internally generated cash. This was supplemented by an intercompany debt facility of USD35.0 million ensuring we have the necessary financial resources to complete the transition to the new manufacturing facility and the remaining construction of the Distribution Centre. In 2024, USD15.6 million (RM70.2 million) was drawn down on this facility, where the remaining balance is maintained for future cash requirements.",normalize_whitespace;renumber_paragraph,0,,high
MDA_3026_DLADY_2024,MDA_P029,Unknown,B029,"[MDA_P029] In 2024, we also commenced the construction of a new Distribution Centre (DC), adjacent to DLMI@Enstek, which is expected to be completed by the first half of 2025. This integration of production and distribution capabilities is expected to improve logistical efficiency significantly. Ove","[MDA_P029] In 2024, we also commenced the construction of a new Distribution Centre (DC), adjacent to DLMI@Enstek, which is expected to be completed by the first half of 2025. This integration of production and distribution capabilities is expected to improve logistical efficiency significantly. Overall, our capital expenditures in the new manufacturing facility and accompanying distribution centre underscore DLMI’s commitment to improved operational efficiencies, sustainability and responsible growth. Working capital management remained a focus area for DLMI. Inventory balances decreased by RM4.3 million, from RM241.1 million in 2023 to RM236.8 million in 2024, reflecting the stabilisation of stock levels following the facility transition. This reduction was driven by decreases in finished goods inventory, partially offset by an increase in raw material stocks. Trade and other receivables increased by RM28.3 million due to customer payment cycle timing. Trade and other payables increased from RM482.1 million in 2023 to RM488.2 million in 2024, reflecting higher procurement of raw materials, trade bonus accruals and extended payment terms on capital expenditures.",normalize_whitespace;renumber_paragraph,0,,high
MDA_3026_DLADY_2024,MDA_P030,Unknown,B030,"[MDA_P030] Cash and cash equivalents declined from RM66.2 million in 2023 to RM47.8 million in 2024, reflecting substantial investments in the new facility. This was partially offset by debt financing secured through the FrieslandCampina group. In addition, the balance sheet shows a RM10.4 million i","[MDA_P030] Cash and cash equivalents declined from RM66.2 million in 2023 to RM47.8 million in 2024, reflecting substantial investments in the new facility. This was partially offset by debt financing secured through the FrieslandCampina group. In addition, the balance sheet shows a RM10.4 million increase in derivative financial assets. This position is a reflection of the forward contracts at lower than spot rates as the MYR depreciated against the USD in Q4 after a strong Q3 performance. Provisions for restructuring costs decreased significantly from RM12.9 million to RM1.9 million, as we concluded severance payments related to the earlier announced closure of powder and other lines at the old manufacturing facility in Petaling Jaya and an organisational restructuring to lower overhead costs and implement a fit-for-purpose organisation. ANALYSIS OF STATEMENT OF FINANCIAL POSITION RM170.4 Adjusted Operating Profit million 2023: RM159.1 million 7.1% RM131.4 Operating Profit million 2023: RM100.0 million 31.4% Section",normalize_whitespace;renumber_paragraph,0,,high
MDA_3026_DLADY_2024,MDA_P031,Unknown,B031,"[MDA_P031] ANALYSIS OF KEY TRENDS & OUTLOOK External Headwinds: Potential Increase in Cost of Doing Business As we move into 2025, we remain positive on our growth plan, especially with DLMI@Enstek accelerating to achieve its full potential in the next two years. The regulatory landscape is fast evo","[MDA_P031] ANALYSIS OF KEY TRENDS & OUTLOOK External Headwinds: Potential Increase in Cost of Doing Business As we move into 2025, we remain positive on our growth plan, especially with DLMI@Enstek accelerating to achieve its full potential in the next two years. The regulatory landscape is fast evolving, creating new pressures and novel challenges. Some of these include: ∞ The increased cost of energy in the coming years as the subsidies continue to drop. Additionally, with the possible introduction of Carbon Tax on energy industry towards 2026, we may see a further increase in the prices of energy in Malaysia. ∞ Tax changes may impact costs to businesses. For instance, we may see a possible expansion of the scope and definition of services that were affected by an increase of Sales and Service tax in 2024 from 6% to 8%. ∞ The increase in excise duty rate for sugary drinks starting January 1, 2025 by 40 cents per litre, which in the immediate term is not expected to impact DLMI.",normalize_whitespace;renumber_paragraph,0,,high
MDA_3026_DLADY_2024,MDA_P032,Unknown,B032,"[MDA_P032] ∞ The raise in minimum wage from 1,500 ringgit per month to 1,700 ringgit per month, effective from 1 February 2025, as well as mandatory EPF contributions for foreign labour may directly or indirectly impact our costs either from higher costs of labour or from higher costs of products an","[MDA_P032] ∞ The raise in minimum wage from 1,500 ringgit per month to 1,700 ringgit per month, effective from 1 February 2025, as well as mandatory EPF contributions for foreign labour may directly or indirectly impact our costs either from higher costs of labour or from higher costs of products and services procured by the company. ∞ The possible introduction of global minimum tax (GMT) on multinational companies might also have implications on the overall investment climate. ∞ The emerging sustainability reporting standards and requirements continue to impose new costs associated with capability building, systems and processes. Amid these real or potential transition risks, DLMI will continuously assess the policy and regulatory landscape and specifically, their cost impacts on our business and stakeholders. In response, we will align our operations with the emerging standards and requirements, managing cost implications. We will also focus on cost optimisation and competitiveness, for which we have designed a fit-for -purpose organisation and have a global programme in place to realise savings in our operations and supply chains network.",normalize_whitespace;renumber_paragraph,0,,high
MDA_3026_DLADY_2024,MDA_P033,Unknown,B033,"[MDA_P033] Cash Flow: Effective Revenue Management Initiatives Operating cash flow remained robust at RM84.8 million, reflecting DLMI’s profitable performance. Cash invested toward the new manufacturing facility at Bandar Enstek amounted to RM132.4 million, marking a reduction from RM202.3 million i","[MDA_P033] Cash Flow: Effective Revenue Management Initiatives Operating cash flow remained robust at RM84.8 million, reflecting DLMI’s profitable performance. Cash invested toward the new manufacturing facility at Bandar Enstek amounted to RM132.4 million, marking a reduction from RM202.3 million in 2023 as construction nears completion. Some final payments related to the construction of the manufacturing facility will become due in 2025, and the company will continue investments to finish construction of the new distribution centre. Debt financing of RM73.5 million supported the year’s cash flow requirements. Net of dividends paid, cash generated from financing activities was RM28.9 million compared to a cash outflow of RM44.6 million in 2023. The company’s cash balance reduced by RM18.4 million, a smaller reduction than the RM38.8 million decrease in the previous year, leaving a year-end cash balance of RM47.8 million. Shareholder Equity: Consistent Value and Returns Shareholder equity remained stable, with retained earnings contributing to positive growth. No share buybacks, issuances or other equity-impacting activities occurred during the reporting period.",normalize_whitespace;renumber_paragraph,0,,high
MDA_3026_DLADY_2024,MDA_P034,Unknown,B034,"[MDA_P034] Consistent with previous years, the company paid dividends of RM32.0 million in 2024. This represents 33.1% of the company’s net profit of RM96.6 million attributable to shareholders, with the remaining RM64.6 million retained and added to shareholder equity. The total dividend distribute","[MDA_P034] Consistent with previous years, the company paid dividends of RM32.0 million in 2024. This represents 33.1% of the company’s net profit of RM96.6 million attributable to shareholders, with the remaining RM64.6 million retained and added to shareholder equity. The total dividend distributed comprised two standard interim payments of RM0.25 per share each. Return on equity improved significantly from 16.6% to 19.3% upon better operating results. Basic earnings per share recorded a substantial increase, climbing from 113.1 Sen in 2023 to 151.0 Sen in 2024. This surge of 33.5% underscores the company’s strong commitment to delivering value to its shareholders. 33.1% of the company’s net profit of RM96.6 million attributable to shareholders, with the remaining RM64.6 million retained and added to FINANCE DIRECTOR’S ANALYSIS",normalize_whitespace;renumber_paragraph,0,,high
MDA_3026_DLADY_2024,MDA_P035,Unknown,B035,"[MDA_P035] Meanwhile, we are also monitoring the determinants of an imminent shift in governance of dairy sector, where we are constantly seeking opportunities to engage with the Government and policy makers to participate in shaping future regulations that address critical aspects such as food safe","[MDA_P035] Meanwhile, we are also monitoring the determinants of an imminent shift in governance of dairy sector, where we are constantly seeking opportunities to engage with the Government and policy makers to participate in shaping future regulations that address critical aspects such as food safety and food security. Internal Strategies: Responsible Growth Management On the business side, in 2024, we operationalised DLMI@Enstek that strengthens our commitment to Nourishing Our Nation for generations to come, especially with deployment of state-of-theart IR4.0 technologies and processes. In 2025, we will continue this journey, with new opportunities boosted by innovations, responsible practices, and our future-ready workforce. Additionally, the construction of our Distribution Centre next to DLMI@Enstek is well underway and expected to finalise in the first half of 2025. This will further build our capacity and capability to potentially host a regional hub for supply of healthy and nutritious dairy. However, in realising new opportunities, we need to keep a watch on the geopolitical tensions that affect the prices of raw materials, keeping the market highly volatile.",normalize_whitespace;renumber_paragraph,0,,high
MDA_3026_DLADY_2024,MDA_P036,Unknown,B036,"[MDA_P036] In 2025, lower supply of dairy is expected to cause another upward trend in the costs of these commodities, potentially impacting the cost base of the company. At the same time, the MYR remains volatile amidst uncertainties on the global as well as domestic front. While working to achieve","[MDA_P036] In 2025, lower supply of dairy is expected to cause another upward trend in the costs of these commodities, potentially impacting the cost base of the company. At the same time, the MYR remains volatile amidst uncertainties on the global as well as domestic front. While working to achieve our full potential, we are cautiously optimistic on the ever changing consumer needs, expectations and behaviour. Public perceptions about health, safety, environmentally friendly products, and affordability are constantly shifting, influencing consumer choices. This will continue to call for a steady investment in our brands and offerings to bring convenience and costeffectiveness, while maintaining their high nutritional value. Our strategy will be to monitor consumer sentiments as well as industry trends and focus on core products that will help increase penetration, achieve volumes and deliver moderate growth in our topline. We will also need to adjust short-term approaches where necessary to ensure access to nutrition, optimise costs across the board to deliver affordability and ultimately, drive performance and preserve value for our shareholders and stakeholders.",normalize_whitespace;renumber_paragraph,0,,high
MDA_3026_DLADY_2024,MDA_P037,Unknown,B037,"[MDA_P037] In Conclusion: Continued Focus on Nourishing Our Nation While the operating environment presents challenges, including economic uncertainty and input cost pressures, we remain committed to our growth trajectory towards 2030. By following through on our strategy, DLMI is well-positioned in","[MDA_P037] In Conclusion: Continued Focus on Nourishing Our Nation While the operating environment presents challenges, including economic uncertainty and input cost pressures, we remain committed to our growth trajectory towards 2030. By following through on our strategy, DLMI is well-positioned in 2025 to realise our potential and maintain our mission of Nourishing Our Nation. Looking ahead, DLMI is optimistic about unlocking new opportunities, driving innovation and solidifying its market leadership to achieve more milestones in the coming years. 33.8% Gross Profit Margin 2023: 29.7% 315 Basis Point 11.8% Adjusted Operating Profit Margin 2023: 11.0% 250 Basis Point 9.1% Operating Profit Margin 2023: 6.9% 272 Basis Point 6.7% Net Profit Margin 2023: 5.0% 156 Basis Point Section",normalize_whitespace;renumber_paragraph,0,,high
MDA_3026_DLADY_2024,MDA_P038,Unknown,B038,"[MDA_P038] ‘20 ‘21 ‘22 ‘23 ‘24 2.60 5.98 6.20 6.83 7.84 ‘20 ‘21 ‘22 ‘23 ‘24 114.7 387.5 72.3 113.1 151.0 ‘20 ‘21 ‘22 ‘23 ‘24 166.6 382.6 396.8 437.2 501.9 ‘20 ‘21 ‘22 ‘23 ‘24 498.8 701.2 844.2 946.9 1,073.7 Shareholders fund (RM ‘million) Total assets (RM ‘million) Net asset backing per share (RM) E","[MDA_P038] ‘20 ‘21 ‘22 ‘23 ‘24 2.60 5.98 6.20 6.83 7.84 ‘20 ‘21 ‘22 ‘23 ‘24 114.7 387.5 72.3 113.1 151.0 ‘20 ‘21 ‘22 ‘23 ‘24 166.6 382.6 396.8 437.2 501.9 ‘20 ‘21 ‘22 ‘23 ‘24 498.8 701.2 844.2 946.9 1,073.7 Shareholders fund (RM ‘million) Total assets (RM ‘million) Net asset backing per share (RM) Earnings per share (sen) ‘20 ‘21 ‘22 ‘23 ‘24 73.4 248.0 46.3 72.4 96.6 Net profit for the year (RM ‘million) ‘20 ‘21 ‘22 ‘23 ‘24 51.2 32.0 32.0 32.0 32.0 ‘20 ‘21 ‘22 ‘23 ‘24 64.0 64.0 64.0 64.0 64.0 Net dividend paid (RM ‘million) Paid-up share capital (RM ‘million) ‘20 ‘21 ‘22 ‘23 ‘24 1.100.6 1,133.7 1,339.4 1,442.8 1,445.1 ‘20 ‘21 ‘22 ‘23 ‘24 286.5 100.0 56.4 100.0 131.4 ‘20 ‘21 ‘22 ‘23 ‘24 97.5 284.5 54.6 96.5 125.0 Revenue (RM ‘million) Operating profit (RM ‘million) Profit before tax (RM ‘million) 5-YEAR FINANCIAL SUMMARY",normalize_whitespace;renumber_paragraph,0,,high
MDA_3026_DLADY_2024,MDA_P039,Unknown,B039,[MDA_P039] VALUE DISTRIBUTED In RM Million FY2024 FY2023 FY2022 Directors and employees Government and society* Providers of capital^ Dividends Finance costs Local suppliers Reinvestment Total ^ Restated the numbers for FY2023 * Income Tax and CSR Contributions VALUE ADDED STATEMENT In RM Million FY,"[MDA_P039] VALUE DISTRIBUTED In RM Million FY2024 FY2023 FY2022 Directors and employees Government and society* Providers of capital^ Dividends Finance costs Local suppliers Reinvestment Total ^ Restated the numbers for FY2023 * Income Tax and CSR Contributions VALUE ADDED STATEMENT In RM Million FY2024 FY2023 FY2022 Revenue* 1,445 1,443 1,339 Operating expenses excluding directors and employee expenses, depreciation & amortisation, spends on local suppliers and societal contributions* (683) (712) (614) Other operating income, other gains and losses and finance income (2) Total Directors and Employees Government and Society* Providers of Capital^ Dividends Finance Costs Local Suppliers Reinvestment 64% 12% 4% 5% 4% 1% 10% 66% 14% 7% 70% 15% 1% 5% 4% 1% 5% 3% 5% 4% 1% Section VALUE ADDED STATEMENT AND VALUE DISTRIBUTED",normalize_whitespace;renumber_paragraph,0,,high
MDA_3026_DLADY_2024,MDA_P040,Unknown,B040,"[MDA_P040] The year 2024 marked a transformative period for Dutch Lady Milk Industries Berhad (DLMI), defined by a dynamic interplay of global challenges and domestic opportunities. Amidst geopolitical tensions and economic fluctuations, DLMI demonstrated agility and foresight in navigating the evol","[MDA_P040] The year 2024 marked a transformative period for Dutch Lady Milk Industries Berhad (DLMI), defined by a dynamic interplay of global challenges and domestic opportunities. Amidst geopolitical tensions and economic fluctuations, DLMI demonstrated agility and foresight in navigating the evolving landscape. Shifting consumer behaviours, an increasing emphasis on health and sustainability, and a robust domestic economy presented avenues for growth and innovation. These factors underscored DLMI’s resilience and commitment to meeting the demand for high-quality, nutritious and affordable dairy products while aligning with broader sustainability goals – all of which serve as a foundation for strategic advancement in an ever-competitive market. GLOBAL ECONOMIC CONDITIONS In 2024, the global economy experienced moderate growth, reflecting uneven performance across regions. Advanced economies such as the United States and the European Union maintained stable expansion, supported by resilient consumer spending and moderate inflation.",normalize_whitespace;renumber_paragraph,0,,high
MDA_3026_DLADY_2024,MDA_P041,Unknown,B041,"[MDA_P041] In contrast, emerging markets faced challenges from currency fluctuations, inflationary pressures and tighter financial conditions, driven by ongoing geopolitical tensions and supply chain disruptions. The International Monetary Fund (IMF) reported that the global fight against high infla","[MDA_P041] In contrast, emerging markets faced challenges from currency fluctuations, inflationary pressures and tighter financial conditions, driven by ongoing geopolitical tensions and supply chain disruptions. The International Monetary Fund (IMF) reported that the global fight against high inflation is 'almost won,' with notable reductions in inflation rates observed recently. According to the IMF, worldwide inflation decreased from 6.7% in 2023 to 5.8% in 2024. In wealthy countries, inflation dropped from 4.6% in 2023 to 2.6% in 2024, aligning closer to central bank targets. Economic growth showed resilience, as both the United States and Europe experienced continued expansion despite earlier high borrowing costs. Meanwhile, as geopolitical tensions escalated, the brand boycotts emerged as a notable consequence of conflicts and alliances. These boycotts, driven by public sentiment and political affiliations, disrupted consumer markets and impacted multinational corporations, including regions such as Malaysia. DLMI remained vigilant and continuously monitored the global trends and shifts, including the changing consumer perceptions, preferences, and behaviour.",normalize_whitespace;renumber_paragraph,0,,high
MDA_3026_DLADY_2024,MDA_P042,Unknown,B042,"[MDA_P042] We planned and introduced interventions in the form of robust risk management strategies, stakeholder engagement, and product innovations, where possible. Besides, in recognising the uneven recovery across regions and the persistent pressures of inflation and currency volatility, we imple","[MDA_P042] We planned and introduced interventions in the form of robust risk management strategies, stakeholder engagement, and product innovations, where possible. Besides, in recognising the uneven recovery across regions and the persistent pressures of inflation and currency volatility, we implemented consistent cost-management practices and leveraged our management strategies to mitigate financial risks. We remained resilient to any kind of potential supply chain disruptions and ensuring a steady flow of raw materials. Simultaneously, we capitalised on the growing demand for functional and health-focused dairy products, particularly in emerging markets within Asia, by introducing fortified and affordable offerings tailored to meet diverse nutritional needs of Malaysians and their preferences. These measures not only safeguarded DLMI’s operational efficiency but also reinforced our market position amidst fluctuating economic conditions. Global Dairy Industry Insights The dairy industry globally entered a recovery phase in 2024.",normalize_whitespace;renumber_paragraph,0,,high
MDA_3026_DLADY_2024,MDA_P043,Unknown,B043,"[MDA_P043] Major dairy-exporting regions, including Oceania, Europe and North America, saw milk supply growth stabilise after several years of disruptions caused by the COVID-19 pandemic and climaterelated challenges. Demand for dairy products increased, particularly in Asia, where urbanisation and ","[MDA_P043] Major dairy-exporting regions, including Oceania, Europe and North America, saw milk supply growth stabilise after several years of disruptions caused by the COVID-19 pandemic and climaterelated challenges. Demand for dairy products increased, particularly in Asia, where urbanisation and a growing middle class fuelled higher consumption of milk and milk-based products. Rabobank reported that global milk production showed positive growth in the second half of 2024, with Oceania experiencing its largest seasonal peak in over a decade.1 Trade volumes also improved, stabilising at 85 million tonnes.2 This indicated robust demand in key markets such as China, India and Southeast Asia. 1 https://www.rabobank.com/knowledge/q011332988global-dairy-quarterly-q4-2024-a-period-of-prosperity 2 https://openknowledge.fao.org/items/3be6263e-6d0b42ee-bce4-97663f2cd905 ECONOMIC LANDSCAPE AND OUTLOOK",normalize_whitespace;renumber_paragraph,0,,high
MDA_3026_DLADY_2024,MDA_P044,Unknown,B044,"[MDA_P044] Innovation also played a pivotal role in shaping the industry, as companies introduced a range of functional and alternative products to cater to diverse dietary preferences. Collectively, these trends positioned the Malaysian dairy industry as a forward-thinking sector, poised for contin","[MDA_P044] Innovation also played a pivotal role in shaping the industry, as companies introduced a range of functional and alternative products to cater to diverse dietary preferences. Collectively, these trends positioned the Malaysian dairy industry as a forward-thinking sector, poised for continued growth and resilience in a competitive global market. Impact on DLMI The evolving Malaysian dairy industry in 2024 presented DLMI with both opportunities and challenges that shaped our strategic direction. The growing consumer focus on health and wellness spurred us to innovate by offering functional dairy products enriched with probiotics, prebiotics, vitamins and minerals to cater to healthconscious demographics as well as to meet the nutritional needs of Malaysians. Additionally, with the growing emphasis on sustainability, we remain committed to our interim goals of adopting biodegradable and recyclable packaging, while enhancing energy efficiency in our production processes. This approach resonates strongly with eco-conscious consumers.",normalize_whitespace;renumber_paragraph,0,,high
MDA_3026_DLADY_2024,MDA_P045,Unknown,B045,"[MDA_P045] In response to increased competition from local producers and imports, we have focused on continuously improving our operational efficiencies, expanding our capacity, and strengthening our brand proposition. This is complemented by targeted marketing strategies and strategic retailer coll","[MDA_P045] In response to increased competition from local producers and imports, we have focused on continuously improving our operational efficiencies, expanding our capacity, and strengthening our brand proposition. This is complemented by targeted marketing strategies and strategic retailer collaborations to enhance our positioning in the market. MALAYSIAN ECONOMIC LANDSCAPE The Malaysian economy remained resilient, driven by domestic consumption and a strong export sector. Malaysia’s economy expanded by 5.3% year-on-year in the third quarter of 2024, supported by government initiatives to attract foreign investment and enhance industrial productivity. The economy benefitted from stable inflation, maintained at around 1.8%, and an accommodative monetary policy stance by Bank Negara Malaysia. Key sectors such as manufacturing, agriculture and services demonstrated robust performance, while challenges such as a depreciating ringgit and rising costs of imports were mitigated through targeted fiscal policies. The government’s emphasis on sustainability and green growth aligned with global trends, creating opportunities in renewable energy, eco-tourism and sustainable agriculture.",normalize_whitespace;renumber_paragraph,0,,high
MDA_3026_DLADY_2024,MDA_P046,Unknown,B046,"[MDA_P046] The Malaysian Dairy Industry in 2024 Malaysia’s dairy industry continued to grow, reflecting rising demand for nutritious and value-added dairy products. The government’s support for domestic dairy farming through initiatives such as the National Dairy Industry Development Plan aimed to r","[MDA_P046] The Malaysian Dairy Industry in 2024 Malaysia’s dairy industry continued to grow, reflecting rising demand for nutritious and value-added dairy products. The government’s support for domestic dairy farming through initiatives such as the National Dairy Industry Development Plan aimed to reduce reliance on imports and achieve greater self-sufficiency in milk production. Malaysian consumers increasingly prioritised health and wellness, driving a significant rise in demand for fortified milk and other dairy products enriched with vitamins, minerals and probiotics. This trend was reflective of a broader shift toward functional foods that support immunity and overall wellbeing. Sustainability emerged as a critical focus for dairy companies, with many adopting practices to reduce carbon emissions and enhance supply chain transparency. Initiatives such as eco-friendly packaging, energy-efficient production processes and partnerships with local dairy farmers underscored the industry’s commitment to environmental stewardship. These measures not only aligned with global sustainability goals but also resonated with eco-conscious consumers in Malaysia. Section",normalize_whitespace;renumber_paragraph,0,,high
MDA_3026_DLADY_2024,MDA_P047,Unknown,B047,[MDA_P047] ECONOMIC LANDSCAPE AND OUTLOOK 3 https://home.treasury.gov/system/files/136/November-2024-FX-Report.pdf 4 https://www.reuters.com/markets/currencies/intervention-halt-dollar-merely-gives-it-legs-mike-dolan-2024-12-20/ 5 https://www.globenewswire.com/news-release/2024/10/30/2971915/28124/e,"[MDA_P047] ECONOMIC LANDSCAPE AND OUTLOOK 3 https://home.treasury.gov/system/files/136/November-2024-FX-Report.pdf 4 https://www.reuters.com/markets/currencies/intervention-halt-dollar-merely-gives-it-legs-mike-dolan-2024-12-20/ 5 https://www.globenewswire.com/news-release/2024/10/30/2971915/28124/en/Foreign-Exchange-Strategic-Business-Report-2024-Global-Market-to-Reach-14-Trillion-by-2030-Driven-by-Rising-Popularity-of-Online-Forex-Trading-Platforms.html#:~:text=The%20global%20market%20for%20Foreign,you%20make%20 informed%20business%20decisions. The global foreign exchange market demonstrated significant growth, driven by advancements in technology, increasing international trade and the impact of major geopolitical events. The forex market, valued at approximately $791.2 billion in 2023, is projected to reach $1.4 trillion by 2030, reflecting a compound annual growth rate (CAGR) of 8.7% over the forecast period.5 This expansion is largely attributed to the rise of online forex trading platforms and digital currencies, which have enhanced accessibility and participation in forex trading. Geopolitical dynamics played a pivotal role in shaping currency markets during the year.",normalize_whitespace;renumber_paragraph,0,,high
MDA_3026_DLADY_2024,MDA_P048,Unknown,B048,"[MDA_P048] Events such as the ongoing Russia-Ukraine conflict and heightened tensions in the Middle East created uncertainties that affected global economic conditions, influencing growth rates, inflation trends, financial market stability and supply chain resilience. FOREIGN EXCHANGE TRENDS Fluctua","[MDA_P048] Events such as the ongoing Russia-Ukraine conflict and heightened tensions in the Middle East created uncertainties that affected global economic conditions, influencing growth rates, inflation trends, financial market stability and supply chain resilience. FOREIGN EXCHANGE TRENDS Fluctuations in foreign exchange rates during 2024 created a complex financial environment for DLMI, influencing its cost structures and pricing strategies. The dynamic currency market, shaped by global economic shifts and geopolitical developments, required us to adopt agile financial practices. By closely monitoring exchange rate trends and implementing effective mitigation strategies, we sought to stabilise operations while maintaining our competitive edge in the dairy industry. During the year, Malaysian ringgit (MYR) exhibited notable fluctuations against major currencies, influenced by both domestic economic conditions and global financial trends. The U.S.",normalize_whitespace;renumber_paragraph,0,,high
MDA_3026_DLADY_2024,MDA_P049,Unknown,B049,"[MDA_P049] dollar appreciated by 4.0% over the four quarters through June 2024, influenced by various factors including inflation developments and monetary policy expectations.3 This appreciation had implications for global trade and emerging markets, affecting currency valuations and economic stabi","[MDA_P049] dollar appreciated by 4.0% over the four quarters through June 2024, influenced by various factors including inflation developments and monetary policy expectations.3 This appreciation had implications for global trade and emerging markets, affecting currency valuations and economic stability.4",normalize_whitespace;renumber_paragraph,0,,high
MDA_3026_DLADY_2024,MDA_P050,Unknown,B050,"[MDA_P050] Additionally, shifts in trade policies from leading economies like the United States and China further contributed to currency volatility, impacting exchange rates and altering international trade dynamics. These factors combined to underscore the complex interplay between market growth a","[MDA_P050] Additionally, shifts in trade policies from leading economies like the United States and China further contributed to currency volatility, impacting exchange rates and altering international trade dynamics. These factors combined to underscore the complex interplay between market growth and geopolitical risks in the global foreign exchange landscape. Impact on DLMI Fluctuations in exchange rates, driven by geopolitical tensions, have significantly impacted DLMI. These fluctuations have increased the cost of importing raw materials, leading to higher production expenses and narrower profit margins. To mitigate the risks associated with foreign exchange volatility, we have implemented hedging strategies and diversified its supplier base. These measures aim to stabilise costs and ensure consistent product pricing while also maintaining affordability factor, helping the company maintain financial resilience in a challenging economic environment.6 SUPPLY CHAIN RESILIENCE In 2024, global supply chains continued to face vulnerabilities, with disruptions arising from geopolitical tensions, climate-related events and lingering effects of the COVID-19 pandemic.",normalize_whitespace;renumber_paragraph,0,,high
MDA_3026_DLADY_2024,MDA_P051,Unknown,B051,"[MDA_P051] These challenges compelled organisations to prioritise risk management and resilience strategies. According to a McKinsey survey, only a small percentage of supply chain executives believe their boards have a comprehensive understanding of supply chain risks, highlighting a significant ga","[MDA_P051] These challenges compelled organisations to prioritise risk management and resilience strategies. According to a McKinsey survey, only a small percentage of supply chain executives believe their boards have a comprehensive understanding of supply chain risks, highlighting a significant gap in awareness and the need for more robust risk assessment frameworks at the boardroom level. The same survey revealed that 77% of companies faced at least one major supply chain disruption in the past year, underscoring the prevalence of risks and the urgency for action.7 Governments also recognised the critical role of resilient supply chains in maintaining economic stability and national security. The U.S. government, for instance, established the White House Council on Supply Chain Resilience, aiming to bolster supply chain infrastructure and mitigate risks associated with global trade dependencies.8 This initiative emphasised economic prosperity and security while indirectly influencing global trade dynamics, particularly in emerging markets.",normalize_whitespace;renumber_paragraph,0,,high
MDA_3026_DLADY_2024,MDA_P052,Unknown,B052,"[MDA_P052] The strengthening of supply chains in major economies contributed to shifts in currency valuations, impacting global economic stability and growth patterns. Organisations have also responded by diversifying supplier bases, investing in digital tools for real-time risk monitoring, and resh","[MDA_P052] The strengthening of supply chains in major economies contributed to shifts in currency valuations, impacting global economic stability and growth patterns. Organisations have also responded by diversifying supplier bases, investing in digital tools for real-time risk monitoring, and reshoring or near-shoring critical operations. The adoption of advanced technologies like artificial intelligence (AI) and blockchain for supply chain visibility has increased, with forecasts suggesting the global supply chain analytics market will grow at a compound annual growth rate (CAGR) of 17.1% during the forecast period (2024-2032) to reach $33.45 billion by 2032.9 These strategies aim to reduce dependency on single suppliers or regions and to improve overall supply chain flexibility and resilience, preparing businesses to navigate an increasingly complex global environment. Impact on DLMI To strengthen our supply chain resilience, we are continuously looking at diversifying our supplier network, reducing over reliance on specific regions.",normalize_whitespace;renumber_paragraph,0,,high
MDA_3026_DLADY_2024,MDA_P053,Unknown,B053,"[MDA_P053] We are also working to increase sourcing of fresh milk locally, reinforcing our commitment to supporting the domestic dairy industry and ensuring a stable supply chain. Towards this, over the years, we have been consistent in building on the success of our Dairy Development Programme (DDP","[MDA_P053] We are also working to increase sourcing of fresh milk locally, reinforcing our commitment to supporting the domestic dairy industry and ensuring a stable supply chain. Towards this, over the years, we have been consistent in building on the success of our Dairy Development Programme (DDP) and increase our collaboration with local dairy farmers, providing them with training, resources and technology to enhance milk yield and quality. 6 https://www.dutchlady.com.my/wp-content/uploads/2024/04/DLMI-Annual-Report-2023_23-Apr24-1.pdf 7 https://www.mckinsey.com/capabilities/operations/our-insights/supply-chain-risk-survey 8 https://www.whitehouse.gov/briefing-room/statements-releases/2024/06/14/executive-order-on-white-house-council-on-supply-chain-resilience/ 9 https://www.fortunebusinessinsights.com/supply-chain-analytics-market-108632 Section",normalize_whitespace;renumber_paragraph,0,,high
MDA_3026_DLADY_2024,MDA_P054,Unknown,B054,"[MDA_P054] KEY MARKET TRENDS ECONOMIC LANDSCAPE AND OUTLOOK Self-Sufficiency in Milk Production by 2030 Malaysia's national objective to achieve 100% selfsufficiency in fresh milk production by 2030 has been a driving force for the local dairy industry. By 2024, the self-sufficiency level (SSL) reac","[MDA_P054] KEY MARKET TRENDS ECONOMIC LANDSCAPE AND OUTLOOK Self-Sufficiency in Milk Production by 2030 Malaysia's national objective to achieve 100% selfsufficiency in fresh milk production by 2030 has been a driving force for the local dairy industry. By 2024, the self-sufficiency level (SSL) reached 62%, reflecting significant progress toward this goal.10 DLMI played a pivotal role in this advancement through its Dairy Development Programme (DDP), which supports local dairy farmers with training, technology and resources to boost milk production. We are dedicated to achieving this ambitious goal by making significant investments in critical areas. A key focus is our Farmer2Farmer initiative, which emphasises the adoption of sustainable farming practices. By supporting our farming partners in implementing environmentally friendly and resource-efficient methods, we strive to improve the sustainability of our milk production while aligning with both national and global sustainability goals. Overall Impact on DLMI The convergence of these market trends is well addressed as DLMI continues to adopt a forwardlooking approach, balancing innovation with sustainability.",normalize_whitespace;renumber_paragraph,0,,high
MDA_3026_DLADY_2024,MDA_P055,Unknown,B055,"[MDA_P055] By aligning its product offerings with consumer preferences, enhancing regulatory compliance, embracing sustainable packaging and supporting Malaysia's self-sufficiency goals, DLMI solidified its position as a market leader. These efforts translated into increased consumer trust, expanded","[MDA_P055] By aligning its product offerings with consumer preferences, enhancing regulatory compliance, embracing sustainable packaging and supporting Malaysia's self-sufficiency goals, DLMI solidified its position as a market leader. These efforts translated into increased consumer trust, expanded market share and improved resilience in a competitive and evolving industry landscape. Looking ahead, we remain well-positioned to leverage these trends for sustained growth and value creation. Consumer Dairy Preferences Consumer preferences in 2024 reflected a growing demand for functional and specialised dairy products. Nutrition-rich and nutrition-balanced dairy items, immunity-supporting ingredients, with wellness benefits gained substantial traction. In response, we strengthened our portfolio with fortified dairy products designed for health-conscious consumers, while enhancing our value proposition through larger pack sizes and convenient reclosable on-the-go packs called Dutch Lady Sip & Seal Packs to cater to evolving lifestyle needs.",normalize_whitespace;renumber_paragraph,0,,high
MDA_3026_DLADY_2024,MDA_P056,Unknown,B056,[MDA_P056] Packaging Innovations Sustainable packaging remained a focal point for the dairy industry in 2024 as consumers increasingly demanded environmentally friendly products. We took proactive steps to address this trend by adopting recyclable packaging materials across our product lines. These ,"[MDA_P056] Packaging Innovations Sustainable packaging remained a focal point for the dairy industry in 2024 as consumers increasingly demanded environmentally friendly products. We took proactive steps to address this trend by adopting recyclable packaging materials across our product lines. These innovations not only contribute to shaping a circular value chain but also resonated well with ecoconscious consumers, strengthening brand loyalty. By incorporating digital QR codes on packaging, we also enhanced customer engagement to encourage appropriate post-consumption behaviour especially to prepare used packages for recycling. Regulatory Landscape While no major regulatory overhauls were highlighted for 2024, the dairy industry continued to navigate stringent food safety, labelling and environmental standards. We maintained our compliance with local and international regulations by investing in quality assurance systems and sustainable practices. We enhanced transparency in product labelling, including clear nutritional information, to align with consumer expectations and regulatory mandates.",normalize_whitespace;renumber_paragraph,0,,high
MDA_3026_DLADY_2024,MDA_P057,Unknown,B057,"[MDA_P057] Moreover, DLMI's commitment to sustainable business practices will continue to strengthen our proposition for conscious and discerning consumers. https://thesun.my/malaysia-news/malaysia-confident-of-achieving-50beef-self-sufficiency-by-2030-mohamad-GC12450521","[MDA_P057] Moreover, DLMI's commitment to sustainable business practices will continue to strengthen our proposition for conscious and discerning consumers. https://thesun.my/malaysia-news/malaysia-confident-of-achieving-50beef-self-sufficiency-by-2030-mohamad-GC12450521",normalize_whitespace;renumber_paragraph,0,,high
MDA_3026_DLADY_2024,MDA_P058,Unknown,B058,"[MDA_P058] To maintain efficiency and resilience in our operations, we will continue to invest in cutting-edge technologies. These will help us to streamline operations, reduce costs and respond more effectively to market dynamics. Additionally, automation through IR4.0 technology deployment in prod","[MDA_P058] To maintain efficiency and resilience in our operations, we will continue to invest in cutting-edge technologies. These will help us to streamline operations, reduce costs and respond more effectively to market dynamics. Additionally, automation through IR4.0 technology deployment in production processes is expected to further improve efficiency and product consistency. We anticipate potential challenges in the form of economic uncertainties and evolving regulatory requirements. To mitigate these risks, we will maintain robust compliance frameworks and engage with policymakers to stay ahead of regulatory changes. Our focus on cost management and operational efficiency will also help offset potential pressures from inflation, forex volatility and global supply chain disruptions. In the coming year, DLMI will continue to prioritise consumer engagement through digital platforms and innovative marketing strategies. We plan to leverage data-driven insights to personalise customer experiences and foster brand loyalty. Moreover, we aim to explore new market opportunities, particularly in regional export markets to drive revenue growth and enhance our global presence.",normalize_whitespace;renumber_paragraph,0,,high
MDA_3026_DLADY_2024,MDA_P059,Unknown,B059,"[MDA_P059] We are optimistic about achieving steady revenue growth in 2025, driven by strategic investments in innovation, sustainability and market expansion. We remain committed to delivering long-term value to our shareholders by maintaining financial discipline and pursuing initiatives that alig","[MDA_P059] We are optimistic about achieving steady revenue growth in 2025, driven by strategic investments in innovation, sustainability and market expansion. We remain committed to delivering long-term value to our shareholders by maintaining financial discipline and pursuing initiatives that align with our strategic objectives. OUTLOOK The outlook for 2025 presents DLMI with significant opportunities to reinforce its market leadership while navigating external challenges. We plan to expand our product portfolio to address the growing consumer demand for functional and specialised dairy products. Nutrition will remain central to our offerings, catering to health-conscious and diverse consumer segments, helping them fight the growing concerns of malnutrition. Sustainability will continue to be a cornerstone of DLMI’s strategy in 2025. We will deepen our commitment to responsible practices through the adoption of renewable energy in our manufacturing processes and the expansion of our sustainable packaging initiatives. Our goal to achieve a higher percentage of recyclable packaging materials will be critical in meeting consumer expectations and aligning with global environmental standards.",normalize_whitespace;renumber_paragraph,0,,high
MDA_3026_DLADY_2024,MDA_P060,Unknown,B060,"[MDA_P060] We also aim to further reduce our carbon footprint, with a focus on energy efficiency and water conservation at our production facilities. We will play an instrumental role in advancing Malaysia’s goal of achieving 100% self-sufficiency in fresh milk production by 2030. Building on the su","[MDA_P060] We also aim to further reduce our carbon footprint, with a focus on energy efficiency and water conservation at our production facilities. We will play an instrumental role in advancing Malaysia’s goal of achieving 100% self-sufficiency in fresh milk production by 2030. Building on the success of our Dairy Development Programme (DDP), we plan to increase our collaboration with local dairy farmers, providing them with training, resources and technology to enhance milk yield and quality. In short, we remain committed to supporting the domestic dairy industry and ensuring a stable supply chain. Section",normalize_whitespace;renumber_paragraph,0,,high
MDA_3026_DLADY_2024,MDA_P061,Unknown,B061,"[MDA_P061] At Dutch Lady Milk Industries Berhad (DLMI), our efforts are focussed on integrating enterprise risk management practices throughout our operating entity to accelerate growth and enhance performance. We work towards timely identification, ranking, and effective mitigation of risks that co","[MDA_P061] At Dutch Lady Milk Industries Berhad (DLMI), our efforts are focussed on integrating enterprise risk management practices throughout our operating entity to accelerate growth and enhance performance. We work towards timely identification, ranking, and effective mitigation of risks that could impact not just our local operations in Malaysia but also the position and strategic objectives of our parent company, FrieslandCampina (FC). In doing so, we aspire to embed risk management in both mindset and behaviour, strengthen risk management capabilities and methods, and continuously improve risk mitigation. In the process, we unlock expertise/synergies to support (local) business and build resilience by keeping things simple and achieving the needed speed, focus, and pragmatism. The table below shares our overall approach to monitoring and managing enterprise-level risks that were most relevant in 2024.",normalize_whitespace;renumber_paragraph,0,,high
MDA_3026_DLADY_2024,MDA_P062,Unknown,B062,"[MDA_P062] Internal Risks Mitigation Sourcing: Scarcity or price fluctuation of (non-dairy) raw materials, key ingredients, utilities, transportation and spare parts, threatening our ability to produce and deliver products at competitive prices on an ongoing basis or threatening our financial result","[MDA_P062] Internal Risks Mitigation Sourcing: Scarcity or price fluctuation of (non-dairy) raw materials, key ingredients, utilities, transportation and spare parts, threatening our ability to produce and deliver products at competitive prices on an ongoing basis or threatening our financial results. This includes scarcity caused by external threats to critical suppliers such as natural disasters, fire, explosion and terrorism. Operational disruption due to a dependency on a small/concentrated supply base with limited back up (own sites, systems, utilities, suppliers, etc.), causing inefficiencies, lack of speed, shortage of key raw materials, quality and/or increased cost levels. Competitors: Competitors or new entrants to the market, including those from adjacent categories (including non-dairy) being more agile delivering better value (speed to market, customised, nutritional plus pricing) propositions to our customers. A comprehensive supplier risk management system is in place, incorporating sustainability criteria and ethical standards into supplier selection and evaluations.",normalize_whitespace;renumber_paragraph,0,,high
MDA_3026_DLADY_2024,MDA_P063,Unknown,B063,"[MDA_P063] Strategic partnerships are fostered with diverse and geographically dispersed suppliers to enhance supply chain resilience and reduce dependency on specific regions. Continuous monitoring and data analytics are applied to proactively identify and address potential disruptions, ensuring co","[MDA_P063] Strategic partnerships are fostered with diverse and geographically dispersed suppliers to enhance supply chain resilience and reduce dependency on specific regions. Continuous monitoring and data analytics are applied to proactively identify and address potential disruptions, ensuring compliance with evolving regulations and sustainability goals. Our efforts are focused on capitalising on opportunities, with a clear focus on dedicated R&D efforts and forming strategic collaborations to stay innovative and responsive to changing consumer preferences. New product market combinations will further help balance our business portfolio. Operational Risk KEY RISKS AND MITIGATION ACTION",normalize_whitespace;renumber_paragraph,0,,high
MDA_3026_DLADY_2024,MDA_P064,Unknown,B064,[MDA_P064] Internal Risks Mitigation EESG Reporting: The evolving regulatory landscape and emerging disclosure requirements and stakeholder expectations present a heightened risk of noncompliance with EESG regulations or agreements. This risk includes the potential for inaccurate or incomplete repor,"[MDA_P064] Internal Risks Mitigation EESG Reporting: The evolving regulatory landscape and emerging disclosure requirements and stakeholder expectations present a heightened risk of noncompliance with EESG regulations or agreements. This risk includes the potential for inaccurate or incomplete reporting, which could lead to reputational damage, liabilities, penalties, sanctions, and obstacles to future business growth or financial losses for the organisation. Milk Supply: Negative impact on business results due to milk price volatility or unpredictable quantities of milk delivered: Oversupply - not matched or substantiated by clear market demand (e.g. excess milk supply resulting in sharp price fall or large investments in processing capacity not delivering adequate return on invested capital). Undersupply – existing factories running under capacity/asset base too large. Economic Situation: Deteriorating economic conditions (e.g. economic slowdown in emerging markets, recessions) threatening purchasing power of consumers, business health of retailers/B2B counterparts.",normalize_whitespace;renumber_paragraph,0,,high
MDA_3026_DLADY_2024,MDA_P065,Unknown,B065,"[MDA_P065] The implementation of a clear roadmap, along with a materiality exercise, facilitates effective identification of key priorities within the organisation. Additionally, a robust governance structure is in place, alongside capability building exercise to realign and reinforce the importance","[MDA_P065] The implementation of a clear roadmap, along with a materiality exercise, facilitates effective identification of key priorities within the organisation. Additionally, a robust governance structure is in place, alongside capability building exercise to realign and reinforce the importance of EESG for both the organisation and its stakeholders. We closely monitor and regularly update various milk supply scenarios and their effects, using expert studies. By proactively adapting to new requirements, integrating local suppliers and building up a local supply base, we ensure the Supply Chain network utilisation is or can be adjusted in line with these developments. Exchange rate volatility is managed through proactive currency risk management strategies including hedging where necessary, allowing us to strike a favourable balance between input costs and product pricing. Furthermore, our operational recovery plan effectively helps mitigate the rise in input costs, ensuring sustained resilience. Financial Risk Strategic Risk Compliance Risk Section",normalize_whitespace;renumber_paragraph,0,,high
MDA_3026_DLADY_2024,MDA_P066,Unknown,B066,"[MDA_P066] 2024 was a year of transition. We not only moved to our new manufacturing facility DLMI@Enstek, but accelerated our efforts in preparing for future growth responsibly. To strengthen our foundation and continue to win with our products in the years to come, our focus in 2024 was on core of","[MDA_P066] 2024 was a year of transition. We not only moved to our new manufacturing facility DLMI@Enstek, but accelerated our efforts in preparing for future growth responsibly. To strengthen our foundation and continue to win with our products in the years to come, our focus in 2024 was on core offerings that bring real value to consumers, both in terms of nutrition and affordability. We also took a strategic decision to discontinue a whole range of products – mainly sterilised milk and yogurt. Instead, we laid more emphasis on local fresh milk and introduced new formats like the new Dutch Lady on-the-go 300ml Sip & Seal Packs for the convenience of consumers. Similarly, we also promoted our fortified products with high and balanced nutritional value through relevant occasions and festive seasons. Additionally, we have intensified our efforts in lifestyle education through campaigns like ‘Make Breakfast Happen. Make Life Happen,’ which continue to raise awareness about the importance of balancing modern diets with nutrition-rich dairy. These initiatives also address the alarming issues of malnutrition and stunting in Malaysia.",normalize_whitespace;renumber_paragraph,0,,high
MDA_3026_DLADY_2024,MDA_P067,Unknown,B067,"[MDA_P067] Overall, in 2024, our approaches and initiatives reinforced our commitment to 1) Nourishing Our Nation by fulfilling the nutritional needs of Malaysians 2) Designing for recycling by gradually eliminating plastic in packaging and making all packaging recyclable 3) Catalysing local sourcin","[MDA_P067] Overall, in 2024, our approaches and initiatives reinforced our commitment to 1) Nourishing Our Nation by fulfilling the nutritional needs of Malaysians 2) Designing for recycling by gradually eliminating plastic in packaging and making all packaging recyclable 3) Catalysing local sourcing and the fresh milk supply chain. DUTCH LADY MILK INDUSTRIES BERHAD • INTEGRATED ANNUAL REPORT 2024 OUR PRODUCTS AND WINNING BRANDS",normalize_whitespace;renumber_paragraph,0,,high
MDA_3026_DLADY_2024,MDA_P068,Unknown,B068,"[MDA_P068] 2024 PERFORMANCE IN PERSPECTIVE Despite the challenges of market uncertainty and price movements in 2024, exasperated by the turmoil in the global markets due to the geo-political tensions, we continued to fulfil our mission of Nourishing Our Nation. Our efforts were focused on bringing v","[MDA_P068] 2024 PERFORMANCE IN PERSPECTIVE Despite the challenges of market uncertainty and price movements in 2024, exasperated by the turmoil in the global markets due to the geo-political tensions, we continued to fulfil our mission of Nourishing Our Nation. Our efforts were focused on bringing value through tailored nutrition to cater across consumer lifestyles and life stages in innovative formats and/or flavours. We targeted our communication to encourage milk nutrition and consumption to raise awareness, drive responsible product choices, and address the issues of malnutrition in Malaysia. Through our efforts and focus, we maintained our sales value (+0.1%) despite discontinuing sterilised milk and yogurt business in H2 2024. We maintained our leadership in the dairy market in Malaysia at 27.5% value share, and continue to be the No. 1 most chosen dairy brand in Malaysia, nourishing 4.7 million Malaysian households annually. In 2024, DLMI’s dedicated Foodservice business, operating under FrieslandCampina Professional (FCP) Business Group, achieved impressive results despite facing significant challenges.",normalize_whitespace;renumber_paragraph,0,,high
MDA_3026_DLADY_2024,MDA_P069,Unknown,B069,"[MDA_P069] The geopolitical conflicts and social tensions had an impact on our Quick Service Restaurant (QSR) volumes. Nevertheless, our unwavering commitment to the purpose of “nourishing the heroes of food” drove our success. FCP is dedicated to providing an unparalleled experience to professional","[MDA_P069] The geopolitical conflicts and social tensions had an impact on our Quick Service Restaurant (QSR) volumes. Nevertheless, our unwavering commitment to the purpose of “nourishing the heroes of food” drove our success. FCP is dedicated to providing an unparalleled experience to professional operators, with a strong focus on collaborating closely with chefs and baristas. This collaboration aims to deliver high-quality, convenient-to-use dairy products that inspire creativity and keep pace with the latest market trends. By maintaining this dedication, we enable professionals to concentrate on serving the finest food and beverages to their customers. Section",normalize_whitespace;renumber_paragraph,0,,high
MDA_3026_DLADY_2024,MDA_P070,Unknown,B070,[MDA_P070] PRODUCT HIGHLIGHTS: Dutch Lady Milk Industries Berhad (DLMI) strengthened its leadership position in the total infant and toddler nutrition (IFT) segment with 24.9% value share with both Dutch Lady and Friso Gold. Despite a declining category value of -0.9% vs. last year due to lower birt,"[MDA_P070] PRODUCT HIGHLIGHTS: Dutch Lady Milk Industries Berhad (DLMI) strengthened its leadership position in the total infant and toddler nutrition (IFT) segment with 24.9% value share with both Dutch Lady and Friso Gold. Despite a declining category value of -0.9% vs. last year due to lower birthrate, Dutch Lady IFT sales value remained flat, while nourishing +1.2% more children in 2024. This is due to the multiple consumer activities both on-air and on-ground when Dutch Lady launched its ‘Sepenuh Nutrisi, Sepenuh Potensi’ campaign to encourage parents to care for nutrition for their children’s progression in life. Additionally, Dutch Lady IFT introduced extra-large packs to provide greater value to consumer: Formulated milk powder for children, 1.8KG for Dutch Lady 123 and 456, and 1.2KG for Dutch Baby 0-12. We continued our focus on Dutch Lady MaxGro to support the optimal growth of Malaysian children in our efforts to minimise the stunting issue faced in Malaysia.",normalize_whitespace;renumber_paragraph,0,,high
MDA_3026_DLADY_2024,MDA_P071,Unknown,B071,"[MDA_P071] With our strong communication on the need for milk consumption as part of a balanced diet, and in promoting the benefits of milk nutrition, we continue to be a much-loved dairy brand by Malaysians – winning the Silver Award at the Putra Brand Awards 2024. Friso Gold also increased its sha","[MDA_P071] With our strong communication on the need for milk consumption as part of a balanced diet, and in promoting the benefits of milk nutrition, we continue to be a much-loved dairy brand by Malaysians – winning the Silver Award at the Putra Brand Awards 2024. Friso Gold also increased its share to 16.4% (+0.9pp) within the declining premium IFT segment, through the new ‘Give them the Guts to Explore’ Campaign. This new campaign aims to strengthen our equity in gut protection focusing on Novas Signature Milk which contains small molecules & soft structure, addition of 2’-FL, and quality checked milk produced by our farms in the Netherlands to enable ‘Good Digestion for Stronger Inside’. This year, we increased our activities in-store and on-ground with our Nutri Advisors and multiple expos/brand activations, integrated across mediums and channels to drive awareness and engagement of Friso Gold’s upgraded formula and new campaign. Dutch Lady maintained our leadership position within the liquid milk segment with a 42.1% value share with continuous UHT value growth at +3.3%, despite sterilised milk discontinuation in H2 2024 and increased competition.",normalize_whitespace;renumber_paragraph,0,,high
MDA_3026_DLADY_2024,MDA_P072,Unknown,B072,"[MDA_P072] This growth is contributed by our focus on hero focused assortment within the right channels, coupled with impactful consumer-centric campaigns such as our Ramadan and Morning Campaigns. Dutch Lady Professional and Debic brands experienced remarkable volume growth. This success can be lar","[MDA_P072] This growth is contributed by our focus on hero focused assortment within the right channels, coupled with impactful consumer-centric campaigns such as our Ramadan and Morning Campaigns. Dutch Lady Professional and Debic brands experienced remarkable volume growth. This success can be largely attributed to our strategic emphasis on expanding market penetration, particularly among Bakery and Coffee & Tea operators. By concentrating our efforts on securing large key accounts and enhancing numeric coverage through our route-to-market partners, we have significantly widened our reach. Moreover, our commitment to innovation and addressing the evolving needs of our customers led to the introduction of two new products: Debic Cream Cheese and Debic Duo Whip. These additions to our bakery portfolio not only diversify our offerings but also strengthen our position as the preferred dairy partner in the industry. This strategy helped mitigate some of the challenges posed by geopolitical conflicts on our QSR business.",normalize_whitespace;renumber_paragraph,0,,high
MDA_3026_DLADY_2024,MDA_P073,Unknown,B073,"[MDA_P073] Through strategic planning, innovation, and collaboration, we have navigated these challenges and continue to thrive, reinforcing our dedication to delivering excellence to our professional partners. DUTCH LADY MILK INDUSTRIES BERHAD • INTEGRATED ANNUAL REPORT 2024 OUR PRODUCTS & WINNING ","[MDA_P073] Through strategic planning, innovation, and collaboration, we have navigated these challenges and continue to thrive, reinforcing our dedication to delivering excellence to our professional partners. DUTCH LADY MILK INDUSTRIES BERHAD • INTEGRATED ANNUAL REPORT 2024 OUR PRODUCTS & WINNING BRANDS",normalize_whitespace;renumber_paragraph,0,,high
