rating_id,document_id,doc_type,scoring_basis,purpose_track,review_round,reviewer_id,dimension_code,dimension_name,raw_score,scale_min,scale_max,weight_value,std_score_100,weighted_score,evidence_locator,evidence_text_short,confidence_level,comment_short,missing_type,started_at,finished_at,scorebook_version,model_name,llm_backend,temperature,seed,num_ctx,num_predict,think,stream,json_schema_mode,prompt_version,scoring_timestamp,raw_output_path,numeric_check_path,parse_status,schema_validation_status
NEWS_AJI_2025_10_31_7b3ecf05e3_N01,NEWS_AJI_2025_10_31_7b3ecf05e3,news,news_quality,news_general_quality,filter_news_final,qwen3:8b,N01,Factual accuracy and internal consistency,4,1,5,0.3,75.0,22.5,NEWS_P001,"PETALING JAYA: Trapper Group has once again proven that a homegrown Malaysian agency can stand shoulder to shoulder with the world’s best. In the latest RECMA October 2025 Report, Trapper Group secures a position among t",model,"The article provides factual claims about Trapper Group's rankings and achievements, supported by the RECMA report, though it lacks specific details on the methodology or verification of the rankings.",,2026-07-01T08:21:40+00:00,2026-07-01T08:21:45+00:00,2026-06-15,qwen3:8b,ollama,0.0,42,4096,192,false,false,ollama_format_schema,news_single_dimension_v3_strict_calibration,2026-07-01T08:21:40+00:00,05_raw_model_outputs/news_final_full/NEWS_AJI_2025_10_31_7b3ecf05e3_N01_raw.json,,parsed,valid
NEWS_AJI_2025_10_31_7b3ecf05e3_N02,NEWS_AJI_2025_10_31_7b3ecf05e3,news,news_quality,news_general_quality,filter_news_final,qwen3:8b,N02,Source transparency and verifiability,4,1,5,0.25,75.0,18.75,NEWS_P001,"PETALING JAYA: Trapper Group has once again proven that a homegrown Malaysian agency can stand shoulder to shoulder with the world’s best. In the latest RECMA October 2025 Report, Trapper Group secures a position among t",model,"The article cites the RECMA October 2025 Report as a source, providing a verifiable reference for Trapper Group's ranking, though it lacks direct links to official announcements or third-party verification.",,2026-07-01T08:21:45+00:00,2026-07-01T08:21:48+00:00,2026-06-15,qwen3:8b,ollama,0.0,42,4096,192,false,false,ollama_format_schema,news_single_dimension_v3_strict_calibration,2026-07-01T08:21:45+00:00,05_raw_model_outputs/news_final_full/NEWS_AJI_2025_10_31_7b3ecf05e3_N02_raw.json,,parsed,valid
NEWS_AJI_2025_10_31_7b3ecf05e3_N03,NEWS_AJI_2025_10_31_7b3ecf05e3,news,news_quality,news_general_quality,filter_news_final,qwen3:8b,N03,Balance and objectivity,4,1,5,0.15,75.0,11.25,NEWS_P001,"PETALING JAYA: Trapper Group has once again proven that a homegrown Malaysian agency can stand shoulder to shoulder with the world’s best. In the latest RECMA October 2025 Report, Trapper Group secures a position among t",model,"The article highlights Trapper Group's achievements without presenting opposing viewpoints or critical analysis, but maintains a neutral tone and focuses on factual reporting of their recognition and growth.",,2026-07-01T08:21:48+00:00,2026-07-01T08:21:52+00:00,2026-06-15,qwen3:8b,ollama,0.0,42,4096,192,false,false,ollama_format_schema,news_single_dimension_v3_strict_calibration,2026-07-01T08:21:48+00:00,05_raw_model_outputs/news_final_full/NEWS_AJI_2025_10_31_7b3ecf05e3_N03_raw.json,,parsed,valid
NEWS_AJI_2025_10_31_7b3ecf05e3_N04,NEWS_AJI_2025_10_31_7b3ecf05e3,news,news_quality,news_general_quality,filter_news_final,qwen3:8b,N04,Relevance and information increment,3,1,5,0.2,50.0,10.0,NEWS_P001,"PETALING JAYA: Trapper Group has once again proven that a homegrown Malaysian agency can stand shoulder to shoulder with the world’s best. In the latest RECMA October 2025 Report, Trapper Group secures a position among t",model,The article highlights Trapper Group's ranking and achievements but lacks specific information about Ajinomoto's business activities or relevance to the company's operations.,,2026-07-01T08:21:52+00:00,2026-07-01T08:21:56+00:00,2026-06-15,qwen3:8b,ollama,0.0,42,4096,192,false,false,ollama_format_schema,news_single_dimension_v3_strict_calibration,2026-07-01T08:21:52+00:00,05_raw_model_outputs/news_final_full/NEWS_AJI_2025_10_31_7b3ecf05e3_N04_raw.json,,parsed,valid
NEWS_AJI_2025_10_31_7b3ecf05e3_N05,NEWS_AJI_2025_10_31_7b3ecf05e3,news,news_quality,news_general_quality,filter_news_final,qwen3:8b,N05,Expression clarity and headline fit,5,1,5,0.1,100.0,10.0,TITLE,Trapper Group continues to lead,model,Headline clearly reflects the article's focus on Trapper Group's leadership and achievements.,,2026-07-01T08:21:56+00:00,2026-07-01T08:21:59+00:00,2026-06-15,qwen3:8b,ollama,0.0,42,4096,192,false,false,ollama_format_schema,news_single_dimension_v3_strict_calibration,2026-07-01T08:21:56+00:00,05_raw_model_outputs/news_final_full/NEWS_AJI_2025_10_31_7b3ecf05e3_N05_raw.json,,parsed,valid
NEWS_AJI_2025_08_08_884ebf5716_N01,NEWS_AJI_2025_08_08_884ebf5716,news,news_quality,news_general_quality,filter_news_final,qwen3:8b,N01,Factual accuracy and internal consistency,3,1,5,0.3,50.0,15.0,NEWS_P001,"KUALA LUMPUR: The FBM KLCI traded marginally higher at midday on Friday, supported by selective buying in heavyweights despite a weaker broader market. At 12.30pm, the benchmark FBM KLCI climbed 4.22 points, or 0.27% to ",model,"The article provides factual data on KLCI movements and market activity, but lacks deeper analysis or verification of claims about market trends and external factors.",,2026-07-01T08:21:59+00:00,2026-07-01T08:22:02+00:00,2026-06-15,qwen3:8b,ollama,0.0,42,4096,192,false,false,ollama_format_schema,news_single_dimension_v3_strict_calibration,2026-07-01T08:21:59+00:00,05_raw_model_outputs/news_final_full/NEWS_AJI_2025_08_08_884ebf5716_N01_raw.json,,parsed,valid
NEWS_AJI_2025_08_08_884ebf5716_N02,NEWS_AJI_2025_08_08_884ebf5716,news,news_quality,news_general_quality,filter_news_final,qwen3:8b,N02,Source transparency and verifiability,4,1,5,0.25,75.0,18.75,NEWS_P001,"KUALA LUMPUR: The FBM KLCI traded marginally higher at midday on Friday, supported by selective buying in heavyweights despite a weaker broader market. At 12.30pm, the benchmark FBM KLCI climbed 4.22 points, or 0.27% to ",model,"The article provides clear attribution to TA Securities and Hong Leong Investment Bank Research, with verifiable details about market movements and analysis, though it lacks named third-party sources for some claims.",,2026-07-01T08:22:02+00:00,2026-07-01T08:22:06+00:00,2026-06-15,qwen3:8b,ollama,0.0,42,4096,192,false,false,ollama_format_schema,news_single_dimension_v3_strict_calibration,2026-07-01T08:22:02+00:00,05_raw_model_outputs/news_final_full/NEWS_AJI_2025_08_08_884ebf5716_N02_raw.json,,parsed,valid
NEWS_AJI_2025_08_08_884ebf5716_N03,NEWS_AJI_2025_08_08_884ebf5716,news,news_quality,news_general_quality,filter_news_final,qwen3:8b,N03,Balance and objectivity,3,1,5,0.15,50.0,7.5,NEWS_P001,"KUALA LUMPUR: The FBM KLCI traded marginally higher at midday on Friday, supported by selective buying in heavyweights despite a weaker broader market. At 12.30pm, the benchmark FBM KLCI climbed 4.22 points, or 0.27% to ",model,"The article presents market movements and analysis with neutral language, but lacks direct balance by not including opposing viewpoints or counterarguments.",,2026-07-01T08:22:06+00:00,2026-07-01T08:22:09+00:00,2026-06-15,qwen3:8b,ollama,0.0,42,4096,192,false,false,ollama_format_schema,news_single_dimension_v3_strict_calibration,2026-07-01T08:22:06+00:00,05_raw_model_outputs/news_final_full/NEWS_AJI_2025_08_08_884ebf5716_N03_raw.json,,parsed,valid
NEWS_AJI_2025_08_08_884ebf5716_N04,NEWS_AJI_2025_08_08_884ebf5716,news,news_quality,news_general_quality,filter_news_final,qwen3:8b,N04,Relevance and information increment,3,1,5,0.2,50.0,10.0,NEWS_P001,"KUALA LUMPUR: The FBM KLCI traded marginally higher at midday on Friday, supported by selective buying in heavyweights despite a weaker broader market. At 12.30pm, the benchmark FBM KLCI climbed 4.22 points, or 0.27% to ",model,"The article mentions Ajinomoto as a heavyweight stock that rose, but provides no substantive business or company-specific information beyond market movement.",,2026-07-01T08:22:09+00:00,2026-07-01T08:22:12+00:00,2026-06-15,qwen3:8b,ollama,0.0,42,4096,192,false,false,ollama_format_schema,news_single_dimension_v3_strict_calibration,2026-07-01T08:22:09+00:00,05_raw_model_outputs/news_final_full/NEWS_AJI_2025_08_08_884ebf5716_N04_raw.json,,parsed,valid
NEWS_AJI_2025_08_08_884ebf5716_N05,NEWS_AJI_2025_08_08_884ebf5716,news,news_quality,news_general_quality,filter_news_final,qwen3:8b,N05,Expression clarity and headline fit,4,1,5,0.1,75.0,7.5,TITLE,KLCI edges higher at midday on selective buying in heavyweights,model,Headline clearly reflects the article's focus on the KLCI's movement and selective buying in heavyweights.,,2026-07-01T08:22:12+00:00,2026-07-01T08:22:15+00:00,2026-06-15,qwen3:8b,ollama,0.0,42,4096,192,false,false,ollama_format_schema,news_single_dimension_v3_strict_calibration,2026-07-01T08:22:12+00:00,05_raw_model_outputs/news_final_full/NEWS_AJI_2025_08_08_884ebf5716_N05_raw.json,,parsed,valid
NEWS_AJI_2024_05_08_a162563c71_N01,NEWS_AJI_2024_05_08_a162563c71,news,news_quality,news_general_quality,filter_news_final,qwen3:8b,N01,Factual accuracy and internal consistency,4,1,5,0.3,75.0,22.5,NEWS_P001,"KUALA LUMPUR: The FBM KLCI finished marginally on Wednesday but remained firmly above the 1,600-point level, as profit-taking on select blue chips dragged. The 30-stock index closed down 0.93 of a point, or 0.06% to 1,60",model,"The article provides coherent and consistent factual information about the KLCI movement, profit-taking, and market activities with verifiable details like index levels and share transactions.",,2026-07-01T08:22:15+00:00,2026-07-01T08:22:18+00:00,2026-06-15,qwen3:8b,ollama,0.0,42,4096,192,false,false,ollama_format_schema,news_single_dimension_v3_strict_calibration,2026-07-01T08:22:15+00:00,05_raw_model_outputs/news_final_full/NEWS_AJI_2024_05_08_a162563c71_N01_raw.json,,parsed,valid
NEWS_AJI_2024_05_08_a162563c71_N02,NEWS_AJI_2024_05_08_a162563c71,news,news_quality,news_general_quality,filter_news_final,qwen3:8b,N02,Source transparency and verifiability,4,1,5,0.25,75.0,18.75,NEWS_P001,"KUALA LUMPUR: The FBM KLCI finished marginally on Wednesday but remained firmly above the 1,600-point level, as profit-taking on select blue chips dragged. The 30-stock index closed down 0.93 of a point, or 0.06% to 1,60",model,"The article provides clear attribution to The Star and includes verifiable financial data such as stock prices and trading volumes, though it lacks named third-party sources or official announcements.",,2026-07-01T08:22:18+00:00,2026-07-01T08:22:21+00:00,2026-06-15,qwen3:8b,ollama,0.0,42,4096,192,false,false,ollama_format_schema,news_single_dimension_v3_strict_calibration,2026-07-01T08:22:18+00:00,05_raw_model_outputs/news_final_full/NEWS_AJI_2024_05_08_a162563c71_N02_raw.json,,parsed,valid
NEWS_AJI_2024_05_08_a162563c71_N03,NEWS_AJI_2024_05_08_a162563c71,news,news_quality,news_general_quality,filter_news_final,qwen3:8b,N03,Balance and objectivity,3,1,5,0.15,50.0,7.5,NEWS_P001,"KUALA LUMPUR: The FBM KLCI finished marginally on Wednesday but remained firmly above the 1,600-point level, as profit-taking on select blue chips dragged. The 30-stock index closed down 0.93 of a point, or 0.06% to 1,60",model,"The article presents a neutral tone and balanced treatment of the market movements, but lacks deeper analysis or context on the factors influencing the KLCI's performance.",,2026-07-01T08:22:21+00:00,2026-07-01T08:22:25+00:00,2026-06-15,qwen3:8b,ollama,0.0,42,4096,192,false,false,ollama_format_schema,news_single_dimension_v3_strict_calibration,2026-07-01T08:22:21+00:00,05_raw_model_outputs/news_final_full/NEWS_AJI_2024_05_08_a162563c71_N03_raw.json,,parsed,valid
NEWS_AJI_2024_05_08_a162563c71_N04,NEWS_AJI_2024_05_08_a162563c71,news,news_quality,news_general_quality,filter_news_final,qwen3:8b,N04,Relevance and information increment,3,1,5,0.2,50.0,10.0,NEWS_P001,"KUALA LUMPUR: The FBM KLCI finished marginally on Wednesday but remained firmly above the 1,600-point level, as profit-taking on select blue chips dragged. The 30-stock index closed down 0.93 of a point, or 0.06% to 1,60",model,"The article mentions Ajinomoto's stock price decline but does not provide substantive information about the company's operations, financial performance, or strategic developments beyond generic market noise.",,2026-07-01T08:22:25+00:00,2026-07-01T08:22:28+00:00,2026-06-15,qwen3:8b,ollama,0.0,42,4096,192,false,false,ollama_format_schema,news_single_dimension_v3_strict_calibration,2026-07-01T08:22:25+00:00,05_raw_model_outputs/news_final_full/NEWS_AJI_2024_05_08_a162563c71_N04_raw.json,,parsed,valid
NEWS_AJI_2024_05_08_a162563c71_N05,NEWS_AJI_2024_05_08_a162563c71,news,news_quality,news_general_quality,filter_news_final,qwen3:8b,N05,Expression clarity and headline fit,5,1,5,0.1,100.0,10.0,TITLE,"KLCI dips on profit taking, stays firmly above 1,600 level",model,Headline clearly reflects the article's content on KLCI's performance with precise and concise language.,,2026-07-01T08:22:28+00:00,2026-07-01T08:22:30+00:00,2026-06-15,qwen3:8b,ollama,0.0,42,4096,192,false,false,ollama_format_schema,news_single_dimension_v3_strict_calibration,2026-07-01T08:22:28+00:00,05_raw_model_outputs/news_final_full/NEWS_AJI_2024_05_08_a162563c71_N05_raw.json,,parsed,valid
NEWS_AJI_2024_05_02_3f6eeb6732_N01,NEWS_AJI_2024_05_02_3f6eeb6732,news,news_quality,news_general_quality,filter_news_final,qwen3:8b,N01,Factual accuracy and internal consistency,5,1,5,0.3,100.0,30.0,NEWS_P001,KUALA LUMPUR: Ajinomoto (M) Bhd has declared a special single-tier dividend of RM2.12 following the proceeds from its land sale. The entitlement and payment dates of the special interim dividend have been fixed on May 16,model,"The article provides clear, internally consistent factual claims about Ajinomoto's special dividend from the land sale, including specific figures, dates, and references to official filings.",,2026-07-01T08:22:30+00:00,2026-07-01T08:22:33+00:00,2026-06-15,qwen3:8b,ollama,0.0,42,4096,192,false,false,ollama_format_schema,news_single_dimension_v3_strict_calibration,2026-07-01T08:22:30+00:00,05_raw_model_outputs/news_final_full/NEWS_AJI_2024_05_02_3f6eeb6732_N01_raw.json,,parsed,valid
NEWS_AJI_2024_05_02_3f6eeb6732_N02,NEWS_AJI_2024_05_02_3f6eeb6732,news,news_quality,news_general_quality,filter_news_final,qwen3:8b,N02,Source transparency and verifiability,4,1,5,0.25,75.0,18.75,NEWS_P001,KUALA LUMPUR: Ajinomoto (M) Bhd has declared a special single-tier dividend of RM2.12 following the proceeds from its land sale. The entitlement and payment dates of the special interim dividend have been fixed on May 16,model,"The article provides clear attribution to Ajinomoto's filing with Bursa Malaysia and includes specific details about the land sale and dividend, supporting verifiability.",,2026-07-01T08:22:33+00:00,2026-07-01T08:22:35+00:00,2026-06-15,qwen3:8b,ollama,0.0,42,4096,192,false,false,ollama_format_schema,news_single_dimension_v3_strict_calibration,2026-07-01T08:22:33+00:00,05_raw_model_outputs/news_final_full/NEWS_AJI_2024_05_02_3f6eeb6732_N02_raw.json,,parsed,valid
NEWS_AJI_2024_05_02_3f6eeb6732_N03,NEWS_AJI_2024_05_02_3f6eeb6732,news,news_quality,news_general_quality,filter_news_final,qwen3:8b,N03,Balance and objectivity,3,1,5,0.15,50.0,7.5,NEWS_P001,KUALA LUMPUR: Ajinomoto (M) Bhd has declared a special single-tier dividend of RM2.12 following the proceeds from its land sale. The entitlement and payment dates of the special interim dividend have been fixed on May 16,model,"The article presents Ajinomoto's announcement of a special dividend from a land sale without independent verification or alternative perspectives, showing a one-sided promotional tone.",,2026-07-01T08:22:35+00:00,2026-07-01T08:22:38+00:00,2026-06-15,qwen3:8b,ollama,0.0,42,4096,192,false,false,ollama_format_schema,news_single_dimension_v3_strict_calibration,2026-07-01T08:22:35+00:00,05_raw_model_outputs/news_final_full/NEWS_AJI_2024_05_02_3f6eeb6732_N03_raw.json,,parsed,valid
NEWS_AJI_2024_05_02_3f6eeb6732_N04,NEWS_AJI_2024_05_02_3f6eeb6732,news,news_quality,news_general_quality,filter_news_final,qwen3:8b,N04,Relevance and information increment,3,1,5,0.2,50.0,10.0,NEWS_P001,KUALA LUMPUR: Ajinomoto (M) Bhd has declared a special single-tier dividend of RM2.12 following the proceeds from its land sale. The entitlement and payment dates of the special interim dividend have been fixed on May 16,model,"The article provides specific details about a land sale and the resulting special dividend, which adds relevant business information beyond generic market noise.",,2026-07-01T08:22:38+00:00,2026-07-01T08:22:40+00:00,2026-06-15,qwen3:8b,ollama,0.0,42,4096,192,false,false,ollama_format_schema,news_single_dimension_v3_strict_calibration,2026-07-01T08:22:38+00:00,05_raw_model_outputs/news_final_full/NEWS_AJI_2024_05_02_3f6eeb6732_N04_raw.json,,parsed,valid
NEWS_AJI_2024_05_02_3f6eeb6732_N05,NEWS_AJI_2024_05_02_3f6eeb6732,news,news_quality,news_general_quality,filter_news_final,qwen3:8b,N05,Expression clarity and headline fit,5,1,5,0.1,100.0,10.0,TITLE,Ajinomoto declares special dividend of RM2.12 from land sale,model,"Headline clearly states the special dividend and its source, aligning perfectly with the article content.",,2026-07-01T08:22:40+00:00,2026-07-01T08:22:42+00:00,2026-06-15,qwen3:8b,ollama,0.0,42,4096,192,false,false,ollama_format_schema,news_single_dimension_v3_strict_calibration,2026-07-01T08:22:40+00:00,05_raw_model_outputs/news_final_full/NEWS_AJI_2024_05_02_3f6eeb6732_N05_raw.json,,parsed,valid
NEWS_APOLLO_2025_12_17_7a9557bbbc_N01,NEWS_APOLLO_2025_12_17_7a9557bbbc,news,news_quality,news_general_quality,filter_news_final,qwen3:8b,N01,Factual accuracy and internal consistency,4,1,5,0.3,75.0,22.5,NEWS_P001,"PETALING JAYA: Apollo Food Holdings Bhd is optimistic its strategic direction is progressing on the right track, noting that with the groundwork for its domestic Route-to-Market transition largely completed, the group is",model,"The article provides internal consistency with factual claims about revenue and profit figures, and mentions strategic initiatives with coherent explanations.",,2026-07-01T08:22:42+00:00,2026-07-01T08:22:44+00:00,2026-06-15,qwen3:8b,ollama,0.0,42,4096,192,false,false,ollama_format_schema,news_single_dimension_v3_strict_calibration,2026-07-01T08:22:42+00:00,05_raw_model_outputs/news_final_full/NEWS_APOLLO_2025_12_17_7a9557bbbc_N01_raw.json,,parsed,valid
NEWS_APOLLO_2025_12_17_7a9557bbbc_N02,NEWS_APOLLO_2025_12_17_7a9557bbbc,news,news_quality,news_general_quality,filter_news_final,qwen3:8b,N02,Source transparency and verifiability,4,1,5,0.25,75.0,18.75,NEWS_P001,"PETALING JAYA: Apollo Food Holdings Bhd is optimistic its strategic direction is progressing on the right track, noting that with the groundwork for its domestic Route-to-Market transition largely completed, the group is",model,"The article provides clear attribution to the company and includes verifiable financial figures, though it lacks independent third-party verification or official announcements.",,2026-07-01T08:22:44+00:00,2026-07-01T08:22:47+00:00,2026-06-15,qwen3:8b,ollama,0.0,42,4096,192,false,false,ollama_format_schema,news_single_dimension_v3_strict_calibration,2026-07-01T08:22:44+00:00,05_raw_model_outputs/news_final_full/NEWS_APOLLO_2025_12_17_7a9557bbbc_N02_raw.json,,parsed,valid
NEWS_APOLLO_2025_12_17_7a9557bbbc_N03,NEWS_APOLLO_2025_12_17_7a9557bbbc,news,news_quality,news_general_quality,filter_news_final,qwen3:8b,N03,Balance and objectivity,3,1,5,0.15,50.0,7.5,NEWS_P001,"PETALING JAYA: Apollo Food Holdings Bhd is optimistic its strategic direction is progressing on the right track, noting that with the groundwork for its domestic Route-to-Market transition largely completed, the group is",model,The article presents Apollo's positive outlook and progress but lacks balanced reporting by not including critical perspectives or challenges faced by the company.,,2026-07-01T08:22:47+00:00,2026-07-01T08:22:49+00:00,2026-06-15,qwen3:8b,ollama,0.0,42,4096,192,false,false,ollama_format_schema,news_single_dimension_v3_strict_calibration,2026-07-01T08:22:47+00:00,05_raw_model_outputs/news_final_full/NEWS_APOLLO_2025_12_17_7a9557bbbc_N03_raw.json,,parsed,valid
NEWS_APOLLO_2025_12_17_7a9557bbbc_N04,NEWS_APOLLO_2025_12_17_7a9557bbbc,news,news_quality,news_general_quality,filter_news_final,qwen3:8b,N04,Relevance and information increment,3,1,5,0.2,50.0,10.0,NEWS_P001,"PETALING JAYA: Apollo Food Holdings Bhd is optimistic its strategic direction is progressing on the right track, noting that with the groundwork for its domestic Route-to-Market transition largely completed, the group is",model,"The article provides some insight into Apollo's strategic direction and domestic sales stabilization, but lacks deeper analysis or context on the broader industry or competitive landscape, which limits its information increment.",,2026-07-01T08:22:49+00:00,2026-07-01T08:22:52+00:00,2026-06-15,qwen3:8b,ollama,0.0,42,4096,192,false,false,ollama_format_schema,news_single_dimension_v3_strict_calibration,2026-07-01T08:22:49+00:00,05_raw_model_outputs/news_final_full/NEWS_APOLLO_2025_12_17_7a9557bbbc_N04_raw.json,,parsed,valid
NEWS_APOLLO_2025_12_17_7a9557bbbc_N05,NEWS_APOLLO_2025_12_17_7a9557bbbc,news,news_quality,news_general_quality,filter_news_final,qwen3:8b,N05,Expression clarity and headline fit,5,1,5,0.1,100.0,10.0,TITLE,Apollo Food quarterly revenue at RM75mil,model,Headline clearly states the key financial metric (revenue) and aligns with the article's focus on Apollo Food's quarterly performance.,,2026-07-01T08:22:52+00:00,2026-07-01T08:22:54+00:00,2026-06-15,qwen3:8b,ollama,0.0,42,4096,192,false,false,ollama_format_schema,news_single_dimension_v3_strict_calibration,2026-07-01T08:22:52+00:00,05_raw_model_outputs/news_final_full/NEWS_APOLLO_2025_12_17_7a9557bbbc_N05_raw.json,,parsed,valid
NEWS_APOLLO_2025_09_24_5f02449853_N01,NEWS_APOLLO_2025_09_24_5f02449853,news,news_quality,news_general_quality,filter_news_final,qwen3:8b,N01,Factual accuracy and internal consistency,3,1,5,0.3,50.0,15.0,NEWS_P001,"PETALING JAYA: Apollo Food Holdings Bhd is remaining mindful of raw material price fluctuations, operating cost escalation and broader macroeconomic uncertainties. In a filing with Bursa Malaysia, the compound chocolate ",model,"The article provides internal consistency with factual claims about financial performance and distribution model adjustments, but lacks external verification details and third-party sources.",,2026-07-01T08:22:54+00:00,2026-07-01T08:22:57+00:00,2026-06-15,qwen3:8b,ollama,0.0,42,4096,192,false,false,ollama_format_schema,news_single_dimension_v3_strict_calibration,2026-07-01T08:22:54+00:00,05_raw_model_outputs/news_final_full/NEWS_APOLLO_2025_09_24_5f02449853_N01_raw.json,,parsed,valid
NEWS_APOLLO_2025_09_24_5f02449853_N02,NEWS_APOLLO_2025_09_24_5f02449853,news,news_quality,news_general_quality,filter_news_final,qwen3:8b,N02,Source transparency and verifiability,4,1,5,0.25,75.0,18.75,NEWS_P001,"PETALING JAYA: Apollo Food Holdings Bhd is remaining mindful of raw material price fluctuations, operating cost escalation and broader macroeconomic uncertainties. In a filing with Bursa Malaysia, the compound chocolate ",model,"The article provides verifiable financial data, mentions a filing with Bursa Malaysia, and includes specific details about the company's actions and performance, supporting source transparency.",,2026-07-01T08:22:57+00:00,2026-07-01T08:22:59+00:00,2026-06-15,qwen3:8b,ollama,0.0,42,4096,192,false,false,ollama_format_schema,news_single_dimension_v3_strict_calibration,2026-07-01T08:22:57+00:00,05_raw_model_outputs/news_final_full/NEWS_APOLLO_2025_09_24_5f02449853_N02_raw.json,,parsed,valid
NEWS_APOLLO_2025_09_24_5f02449853_N03,NEWS_APOLLO_2025_09_24_5f02449853,news,news_quality,news_general_quality,filter_news_final,qwen3:8b,N03,Balance and objectivity,3,1,5,0.15,50.0,7.5,NEWS_P001,"PETALING JAYA: Apollo Food Holdings Bhd is remaining mindful of raw material price fluctuations, operating cost escalation and broader macroeconomic uncertainties. In a filing with Bursa Malaysia, the compound chocolate ",model,"The article presents Apollo's challenges and strategies but lacks third-party perspectives or critical analysis, resulting in a one-sided narrative.",,2026-07-01T08:22:59+00:00,2026-07-01T08:23:01+00:00,2026-06-15,qwen3:8b,ollama,0.0,42,4096,192,false,false,ollama_format_schema,news_single_dimension_v3_strict_calibration,2026-07-01T08:22:59+00:00,05_raw_model_outputs/news_final_full/NEWS_APOLLO_2025_09_24_5f02449853_N03_raw.json,,parsed,valid
NEWS_APOLLO_2025_09_24_5f02449853_N04,NEWS_APOLLO_2025_09_24_5f02449853,news,news_quality,news_general_quality,filter_news_final,qwen3:8b,N04,Relevance and information increment,3,1,5,0.2,50.0,10.0,NEWS_P001,"PETALING JAYA: Apollo Food Holdings Bhd is remaining mindful of raw material price fluctuations, operating cost escalation and broader macroeconomic uncertainties. In a filing with Bursa Malaysia, the compound chocolate ",model,The article provides basic information about Apollo's distribution model and financial performance but lacks detailed specifics on how the distribution changes will impact the business or include third-party verification.,,2026-07-01T08:23:01+00:00,2026-07-01T08:23:03+00:00,2026-06-15,qwen3:8b,ollama,0.0,42,4096,192,false,false,ollama_format_schema,news_single_dimension_v3_strict_calibration,2026-07-01T08:23:01+00:00,05_raw_model_outputs/news_final_full/NEWS_APOLLO_2025_09_24_5f02449853_N04_raw.json,,parsed,valid
NEWS_APOLLO_2025_09_24_5f02449853_N05,NEWS_APOLLO_2025_09_24_5f02449853,news,news_quality,news_general_quality,filter_news_final,qwen3:8b,N05,Expression clarity and headline fit,4,1,5,0.1,75.0,7.5,NEWS_P001,"PETALING JAYA: Apollo Food Holdings Bhd is remaining mindful of raw material price fluctuations, operating cost escalation and broader macroeconomic uncertainties. In a filing with Bursa Malaysia, the compound chocolate ",model,"Headline aligns with content about strengthening distribution model, but article provides more detail on financials and transitionary phase.",,2026-07-01T08:23:03+00:00,2026-07-01T08:23:05+00:00,2026-06-15,qwen3:8b,ollama,0.0,42,4096,192,false,false,ollama_format_schema,news_single_dimension_v3_strict_calibration,2026-07-01T08:23:03+00:00,05_raw_model_outputs/news_final_full/NEWS_APOLLO_2025_09_24_5f02449853_N05_raw.json,,parsed,valid
NEWS_APOLLO_2025_06_18_7483b10d6f_N01,NEWS_APOLLO_2025_06_18_7483b10d6f,news,news_quality,news_general_quality,filter_news_final,qwen3:8b,N01,Factual accuracy and internal consistency,4,1,5,0.3,75.0,22.5,NEWS_P001,"PETALING JAYA: Apollo Food Holdings Bhd aims to continue the rationalisation of its manufacturing facilities and the execution of its capacity expansion plans in the financial year ending April 30, 2026 (FY26). In the fo",model,"The article provides consistent financial figures and explains the context of the profit increase, showing internal coherence and factual claims.",,2026-07-01T08:23:05+00:00,2026-07-01T08:23:07+00:00,2026-06-15,qwen3:8b,ollama,0.0,42,4096,192,false,false,ollama_format_schema,news_single_dimension_v3_strict_calibration,2026-07-01T08:23:05+00:00,05_raw_model_outputs/news_final_full/NEWS_APOLLO_2025_06_18_7483b10d6f_N01_raw.json,,parsed,valid
NEWS_APOLLO_2025_06_18_7483b10d6f_N02,NEWS_APOLLO_2025_06_18_7483b10d6f,news,news_quality,news_general_quality,filter_news_final,qwen3:8b,N02,Source transparency and verifiability,4,1,5,0.25,75.0,18.75,NEWS_P001,"PETALING JAYA: Apollo Food Holdings Bhd aims to continue the rationalisation of its manufacturing facilities and the execution of its capacity expansion plans in the financial year ending April 30, 2026 (FY26). In the fo",model,"The article provides verifiable financial figures and mentions specific dates, but lacks named third-party sources or official announcements for verification.",,2026-07-01T08:23:07+00:00,2026-07-01T08:23:10+00:00,2026-06-15,qwen3:8b,ollama,0.0,42,4096,192,false,false,ollama_format_schema,news_single_dimension_v3_strict_calibration,2026-07-01T08:23:07+00:00,05_raw_model_outputs/news_final_full/NEWS_APOLLO_2025_06_18_7483b10d6f_N02_raw.json,,parsed,valid
NEWS_APOLLO_2025_06_18_7483b10d6f_N03,NEWS_APOLLO_2025_06_18_7483b10d6f,news,news_quality,news_general_quality,filter_news_final,qwen3:8b,N03,Balance and objectivity,3,1,5,0.15,50.0,7.5,NEWS_P001,"PETALING JAYA: Apollo Food Holdings Bhd aims to continue the rationalisation of its manufacturing facilities and the execution of its capacity expansion plans in the financial year ending April 30, 2026 (FY26). In the fo",model,"The article presents positive financial results without critical analysis or alternative perspectives, lacking balanced treatment of claims.",,2026-07-01T08:23:10+00:00,2026-07-01T08:23:12+00:00,2026-06-15,qwen3:8b,ollama,0.0,42,4096,192,false,false,ollama_format_schema,news_single_dimension_v3_strict_calibration,2026-07-01T08:23:10+00:00,05_raw_model_outputs/news_final_full/NEWS_APOLLO_2025_06_18_7483b10d6f_N03_raw.json,,parsed,valid
NEWS_APOLLO_2025_06_18_7483b10d6f_N04,NEWS_APOLLO_2025_06_18_7483b10d6f,news,news_quality,news_general_quality,filter_news_final,qwen3:8b,N04,Relevance and information increment,3,1,5,0.2,50.0,10.0,NEWS_P001,"PETALING JAYA: Apollo Food Holdings Bhd aims to continue the rationalisation of its manufacturing facilities and the execution of its capacity expansion plans in the financial year ending April 30, 2026 (FY26). In the fo",model,"The article provides financial results and operational performance metrics, which add some substance beyond generic market noise, but lacks deeper analysis or context on strategic initiatives or market positioning.",,2026-07-01T08:23:12+00:00,2026-07-01T08:23:14+00:00,2026-06-15,qwen3:8b,ollama,0.0,42,4096,192,false,false,ollama_format_schema,news_single_dimension_v3_strict_calibration,2026-07-01T08:23:12+00:00,05_raw_model_outputs/news_final_full/NEWS_APOLLO_2025_06_18_7483b10d6f_N04_raw.json,,parsed,valid
NEWS_APOLLO_2025_06_18_7483b10d6f_N05,NEWS_APOLLO_2025_06_18_7483b10d6f,news,news_quality,news_general_quality,filter_news_final,qwen3:8b,N05,Expression clarity and headline fit,5,1,5,0.1,100.0,10.0,NEWS_P001,"PETALING JAYA: Apollo Food Holdings Bhd aims to continue the rationalisation of its manufacturing facilities and the execution of its capacity expansion plans in the financial year ending April 30, 2026 (FY26). In the fo",model,"Headline clearly reflects the positive financial results and the article body provides specific, verifiable data supporting the headline's assertion.",,2026-07-01T08:23:14+00:00,2026-07-01T08:23:16+00:00,2026-06-15,qwen3:8b,ollama,0.0,42,4096,192,false,false,ollama_format_schema,news_single_dimension_v3_strict_calibration,2026-07-01T08:23:14+00:00,05_raw_model_outputs/news_final_full/NEWS_APOLLO_2025_06_18_7483b10d6f_N05_raw.json,,parsed,valid
NEWS_APOLLO_2025_03_14_3941c02132_N01,NEWS_APOLLO_2025_03_14_3941c02132,news,news_quality,news_general_quality,filter_news_final,qwen3:8b,N01,Factual accuracy and internal consistency,5,1,5,0.3,100.0,30.0,NEWS_P001,"PETALING JAYA: Apollo Food Holdings Bhd remains cautious as raw material price volatility continues to pose challenges, making cost management a key concern for the company. In a filing with Bursa Malaysia, Apollo Food s",model,"The article provides clear, consistent financial figures and explains the reasons for the changes in revenue and profit, showing internal coherence and factual precision.",,2026-07-01T08:23:16+00:00,2026-07-01T08:23:18+00:00,2026-06-15,qwen3:8b,ollama,0.0,42,4096,192,false,false,ollama_format_schema,news_single_dimension_v3_strict_calibration,2026-07-01T08:23:16+00:00,05_raw_model_outputs/news_final_full/NEWS_APOLLO_2025_03_14_3941c02132_N01_raw.json,,parsed,valid
NEWS_APOLLO_2025_03_14_3941c02132_N02,NEWS_APOLLO_2025_03_14_3941c02132,news,news_quality,news_general_quality,filter_news_final,qwen3:8b,N02,Source transparency and verifiability,4,1,5,0.25,75.0,18.75,NEWS_P001,"PETALING JAYA: Apollo Food Holdings Bhd remains cautious as raw material price volatility continues to pose challenges, making cost management a key concern for the company. In a filing with Bursa Malaysia, Apollo Food s",model,"The article provides verifiable data from a filing with Bursa Malaysia, includes specific figures, and attributes the information to the company's official report.",,2026-07-01T08:23:18+00:00,2026-07-01T08:23:20+00:00,2026-06-15,qwen3:8b,ollama,0.0,42,4096,192,false,false,ollama_format_schema,news_single_dimension_v3_strict_calibration,2026-07-01T08:23:18+00:00,05_raw_model_outputs/news_final_full/NEWS_APOLLO_2025_03_14_3941c02132_N02_raw.json,,parsed,valid
NEWS_APOLLO_2025_03_14_3941c02132_N03,NEWS_APOLLO_2025_03_14_3941c02132,news,news_quality,news_general_quality,filter_news_final,qwen3:8b,N03,Balance and objectivity,3,1,5,0.15,50.0,7.5,NEWS_P001,"PETALING JAYA: Apollo Food Holdings Bhd remains cautious as raw material price volatility continues to pose challenges, making cost management a key concern for the company. In a filing with Bursa Malaysia, Apollo Food s",model,"The article presents financial results with neutral language but lacks external perspectives or analysis, which limits balance.",,2026-07-01T08:23:20+00:00,2026-07-01T08:23:22+00:00,2026-06-15,qwen3:8b,ollama,0.0,42,4096,192,false,false,ollama_format_schema,news_single_dimension_v3_strict_calibration,2026-07-01T08:23:20+00:00,05_raw_model_outputs/news_final_full/NEWS_APOLLO_2025_03_14_3941c02132_N03_raw.json,,parsed,valid
NEWS_APOLLO_2025_03_14_3941c02132_N04,NEWS_APOLLO_2025_03_14_3941c02132,news,news_quality,news_general_quality,filter_news_final,qwen3:8b,N04,Relevance and information increment,4,1,5,0.2,75.0,15.0,NEWS_P001,"PETALING JAYA: Apollo Food Holdings Bhd remains cautious as raw material price volatility continues to pose challenges, making cost management a key concern for the company. In a filing with Bursa Malaysia, Apollo Food s",model,"Provides specific financial figures and explains the reasons behind the revenue increase and profit decline, adding substantive business information beyond generic market noise.",,2026-07-01T08:23:22+00:00,2026-07-01T08:23:24+00:00,2026-06-15,qwen3:8b,ollama,0.0,42,4096,192,false,false,ollama_format_schema,news_single_dimension_v3_strict_calibration,2026-07-01T08:23:22+00:00,05_raw_model_outputs/news_final_full/NEWS_APOLLO_2025_03_14_3941c02132_N04_raw.json,,parsed,valid
NEWS_APOLLO_2025_03_14_3941c02132_N05,NEWS_APOLLO_2025_03_14_3941c02132,news,news_quality,news_general_quality,filter_news_final,qwen3:8b,N05,Expression clarity and headline fit,5,1,5,0.1,100.0,10.0,TITLE,Apollo Food 3Q revenue up to RM76mil,model,"Headline clearly states the key financial result of revenue increase, aligning with the article's focus on revenue growth and profit decline.",,2026-07-01T08:23:24+00:00,2026-07-01T08:23:26+00:00,2026-06-15,qwen3:8b,ollama,0.0,42,4096,192,false,false,ollama_format_schema,news_single_dimension_v3_strict_calibration,2026-07-01T08:23:24+00:00,05_raw_model_outputs/news_final_full/NEWS_APOLLO_2025_03_14_3941c02132_N05_raw.json,,parsed,valid
NEWS_APOLLO_2025_03_13_f3f6e8defa_N01,NEWS_APOLLO_2025_03_13_f3f6e8defa,news,news_quality,news_general_quality,filter_news_final,qwen3:8b,N01,Factual accuracy and internal consistency,5,1,5,0.3,100.0,30.0,NEWS_P001,"KUALA LUMPUR: Apollo Food Holdings Bhd remains cautious as raw material price volatility continues to pose challenges, making cost management a key concern for the company. “To mitigate these pressures, we are prioritisi",model,"The article provides internally consistent factual claims about Apollo Food's strategies and financial performance, with verifiable details from the company's filing with Bursa Malaysia.",,2026-07-01T08:23:26+00:00,2026-07-01T08:23:29+00:00,2026-06-15,qwen3:8b,ollama,0.0,42,4096,192,false,false,ollama_format_schema,news_single_dimension_v3_strict_calibration,2026-07-01T08:23:26+00:00,05_raw_model_outputs/news_final_full/NEWS_APOLLO_2025_03_13_f3f6e8defa_N01_raw.json,,parsed,valid
NEWS_APOLLO_2025_03_13_f3f6e8defa_N02,NEWS_APOLLO_2025_03_13_f3f6e8defa,news,news_quality,news_general_quality,filter_news_final,qwen3:8b,N02,Source transparency and verifiability,4,1,5,0.25,75.0,18.75,NEWS_P001,"KUALA LUMPUR: Apollo Food Holdings Bhd remains cautious as raw material price volatility continues to pose challenges, making cost management a key concern for the company. “To mitigate these pressures, we are prioritisi",model,"The article attributes the statements to a filing with Bursa Malaysia, providing a verifiable source, and includes specific financial data with context.",,2026-07-01T08:23:29+00:00,2026-07-01T08:23:32+00:00,2026-06-15,qwen3:8b,ollama,0.0,42,4096,192,false,false,ollama_format_schema,news_single_dimension_v3_strict_calibration,2026-07-01T08:23:29+00:00,05_raw_model_outputs/news_final_full/NEWS_APOLLO_2025_03_13_f3f6e8defa_N02_raw.json,,parsed,valid
NEWS_APOLLO_2025_03_13_f3f6e8defa_N03,NEWS_APOLLO_2025_03_13_f3f6e8defa,news,news_quality,news_general_quality,filter_news_final,qwen3:8b,N03,Balance and objectivity,4,1,5,0.15,75.0,11.25,NEWS_P001,"KUALA LUMPUR: Apollo Food Holdings Bhd remains cautious as raw material price volatility continues to pose challenges, making cost management a key concern for the company. “To mitigate these pressures, we are prioritisi",model,"The article presents Apollo Food's cautious stance and strategies without overt bias, but lacks independent perspectives or third-party verification.",,2026-07-01T08:23:32+00:00,2026-07-01T08:23:34+00:00,2026-06-15,qwen3:8b,ollama,0.0,42,4096,192,false,false,ollama_format_schema,news_single_dimension_v3_strict_calibration,2026-07-01T08:23:32+00:00,05_raw_model_outputs/news_final_full/NEWS_APOLLO_2025_03_13_f3f6e8defa_N03_raw.json,,parsed,valid
NEWS_APOLLO_2025_03_13_f3f6e8defa_N04,NEWS_APOLLO_2025_03_13_f3f6e8defa,news,news_quality,news_general_quality,filter_news_final,qwen3:8b,N04,Relevance and information increment,4,1,5,0.2,75.0,15.0,NEWS_P001,"KUALA LUMPUR: Apollo Food Holdings Bhd remains cautious as raw material price volatility continues to pose challenges, making cost management a key concern for the company. “To mitigate these pressures, we are prioritisi",model,"The article provides specific details on Apollo Food's strategic initiatives, cost management, and long-term value creation, which add substance beyond generic market noise.",,2026-07-01T08:23:34+00:00,2026-07-01T08:23:36+00:00,2026-06-15,qwen3:8b,ollama,0.0,42,4096,192,false,false,ollama_format_schema,news_single_dimension_v3_strict_calibration,2026-07-01T08:23:34+00:00,05_raw_model_outputs/news_final_full/NEWS_APOLLO_2025_03_13_f3f6e8defa_N04_raw.json,,parsed,valid
NEWS_APOLLO_2025_03_13_f3f6e8defa_N05,NEWS_APOLLO_2025_03_13_f3f6e8defa,news,news_quality,news_general_quality,filter_news_final,qwen3:8b,N05,Expression clarity and headline fit,5,1,5,0.1,100.0,10.0,NEWS_P001,"KUALA LUMPUR: Apollo Food Holdings Bhd remains cautious as raw material price volatility continues to pose challenges, making cost management a key concern for the company. “To mitigate these pressures, we are prioritisi",model,"Headline clearly reflects the article's focus on cautious approach due to raw material price volatility, with direct alignment in the opening paragraph.",,2026-07-01T08:23:36+00:00,2026-07-01T08:23:39+00:00,2026-06-15,qwen3:8b,ollama,0.0,42,4096,192,false,false,ollama_format_schema,news_single_dimension_v3_strict_calibration,2026-07-01T08:23:36+00:00,05_raw_model_outputs/news_final_full/NEWS_APOLLO_2025_03_13_f3f6e8defa_N05_raw.json,,parsed,valid
NEWS_APOLLO_2024_12_05_af7f8e3a9d_N01,NEWS_APOLLO_2024_12_05_af7f8e3a9d,news,news_quality,news_general_quality,filter_news_final,qwen3:8b,N01,Factual accuracy and internal consistency,4,1,5,0.3,75.0,22.5,NEWS_P001,PETALING JAYA: Apollo Food Holdings Bhd will remain focused on strengthening its distribution networks and trade channels to achieve deeper market penetration while enhancing its brand visibility. For the second quarter ,model,"The article provides consistent financial data and operational plans, showing internal coherence and factual claims about revenue and profit growth, as well as challenges with input costs.",,2026-07-01T08:23:39+00:00,2026-07-01T08:23:41+00:00,2026-06-15,qwen3:8b,ollama,0.0,42,4096,192,false,false,ollama_format_schema,news_single_dimension_v3_strict_calibration,2026-07-01T08:23:39+00:00,05_raw_model_outputs/news_final_full/NEWS_APOLLO_2024_12_05_af7f8e3a9d_N01_raw.json,,parsed,valid
NEWS_APOLLO_2024_12_05_af7f8e3a9d_N02,NEWS_APOLLO_2024_12_05_af7f8e3a9d,news,news_quality,news_general_quality,filter_news_final,qwen3:8b,N02,Source transparency and verifiability,4,1,5,0.25,75.0,18.75,NEWS_P001,PETALING JAYA: Apollo Food Holdings Bhd will remain focused on strengthening its distribution networks and trade channels to achieve deeper market penetration while enhancing its brand visibility. For the second quarter ,model,"The article provides verifiable financial data and clear attribution to the company's statement, demonstrating source transparency and factual consistency.",,2026-07-01T08:23:41+00:00,2026-07-01T08:23:43+00:00,2026-06-15,qwen3:8b,ollama,0.0,42,4096,192,false,false,ollama_format_schema,news_single_dimension_v3_strict_calibration,2026-07-01T08:23:41+00:00,05_raw_model_outputs/news_final_full/NEWS_APOLLO_2024_12_05_af7f8e3a9d_N02_raw.json,,parsed,valid
NEWS_APOLLO_2024_12_05_af7f8e3a9d_N03,NEWS_APOLLO_2024_12_05_af7f8e3a9d,news,news_quality,news_general_quality,filter_news_final,qwen3:8b,N03,Balance and objectivity,4,1,5,0.15,75.0,11.25,NEWS_P001,PETALING JAYA: Apollo Food Holdings Bhd will remain focused on strengthening its distribution networks and trade channels to achieve deeper market penetration while enhancing its brand visibility. For the second quarter ,model,"The article presents Apollo Food's strategies and financial performance neutrally, with balanced coverage of both positive results and challenges.",,2026-07-01T08:23:43+00:00,2026-07-01T08:23:45+00:00,2026-06-15,qwen3:8b,ollama,0.0,42,4096,192,false,false,ollama_format_schema,news_single_dimension_v3_strict_calibration,2026-07-01T08:23:43+00:00,05_raw_model_outputs/news_final_full/NEWS_APOLLO_2024_12_05_af7f8e3a9d_N03_raw.json,,parsed,valid
NEWS_APOLLO_2024_12_05_af7f8e3a9d_N04,NEWS_APOLLO_2024_12_05_af7f8e3a9d,news,news_quality,news_general_quality,filter_news_final,qwen3:8b,N04,Relevance and information increment,3,1,5,0.2,50.0,10.0,NEWS_P001,PETALING JAYA: Apollo Food Holdings Bhd will remain focused on strengthening its distribution networks and trade channels to achieve deeper market penetration while enhancing its brand visibility. For the second quarter ,model,"The article provides basic operational updates and financial figures but lacks deeper insights into strategic initiatives or market impact, aligning with N04 criteria for CSR/lifestyle-type content.",,2026-07-01T08:23:45+00:00,2026-07-01T08:23:47+00:00,2026-06-15,qwen3:8b,ollama,0.0,42,4096,192,false,false,ollama_format_schema,news_single_dimension_v3_strict_calibration,2026-07-01T08:23:45+00:00,05_raw_model_outputs/news_final_full/NEWS_APOLLO_2024_12_05_af7f8e3a9d_N04_raw.json,,parsed,valid
NEWS_APOLLO_2024_12_05_af7f8e3a9d_N05,NEWS_APOLLO_2024_12_05_af7f8e3a9d,news,news_quality,news_general_quality,filter_news_final,qwen3:8b,N05,Expression clarity and headline fit,4,1,5,0.1,75.0,7.5,TITLE,Apollo Food to mitigate rising cost,model,Headline clearly reflects the article's focus on cost mitigation strategies and aligns with the content about rising costs and operational plans.,,2026-07-01T08:23:47+00:00,2026-07-01T08:23:49+00:00,2026-06-15,qwen3:8b,ollama,0.0,42,4096,192,false,false,ollama_format_schema,news_single_dimension_v3_strict_calibration,2026-07-01T08:23:47+00:00,05_raw_model_outputs/news_final_full/NEWS_APOLLO_2024_12_05_af7f8e3a9d_N05_raw.json,,parsed,valid
NEWS_APOLLO_2024_12_04_40774629ea_N01,NEWS_APOLLO_2024_12_04_40774629ea,news,news_quality,news_general_quality,filter_news_final,qwen3:8b,N01,Factual accuracy and internal consistency,5,1,5,0.3,100.0,30.0,NEWS_P001,"KUALA LUMPUR: Apollo Food Holdings Bhd said it is adopting a cautious outlook over the near term given the rising cost of raw materials and other input costs, while taking steps to mitigate these pressures. It said it ai",model,"The article provides internally consistent factual claims about Apollo Food's financial performance, including specific figures for net profit, revenue, and earnings per share, with clear references to the reporting periods and financial filings.",,2026-07-01T08:23:49+00:00,2026-07-01T08:23:52+00:00,2026-06-15,qwen3:8b,ollama,0.0,42,4096,192,false,false,ollama_format_schema,news_single_dimension_v3_strict_calibration,2026-07-01T08:23:49+00:00,05_raw_model_outputs/news_final_full/NEWS_APOLLO_2024_12_04_40774629ea_N01_raw.json,,parsed,valid
NEWS_APOLLO_2024_12_04_40774629ea_N02,NEWS_APOLLO_2024_12_04_40774629ea,news,news_quality,news_general_quality,filter_news_final,qwen3:8b,N02,Source transparency and verifiability,4,1,5,0.25,75.0,18.75,NEWS_P001,"KUALA LUMPUR: Apollo Food Holdings Bhd said it is adopting a cautious outlook over the near term given the rising cost of raw materials and other input costs, while taking steps to mitigate these pressures. It said it ai",model,"The article provides verifiable facts through the company's results filing with Bursa Malaysia, clear attribution to the company, and specific financial figures.",,2026-07-01T08:23:52+00:00,2026-07-01T08:23:54+00:00,2026-06-15,qwen3:8b,ollama,0.0,42,4096,192,false,false,ollama_format_schema,news_single_dimension_v3_strict_calibration,2026-07-01T08:23:52+00:00,05_raw_model_outputs/news_final_full/NEWS_APOLLO_2024_12_04_40774629ea_N02_raw.json,,parsed,valid
NEWS_APOLLO_2024_12_04_40774629ea_N03,NEWS_APOLLO_2024_12_04_40774629ea,news,news_quality,news_general_quality,filter_news_final,qwen3:8b,N03,Balance and objectivity,4,1,5,0.15,75.0,11.25,NEWS_P001,"KUALA LUMPUR: Apollo Food Holdings Bhd said it is adopting a cautious outlook over the near term given the rising cost of raw materials and other input costs, while taking steps to mitigate these pressures. It said it ai",model,"The article presents Apollo Food's financial performance with factual data and includes cautious outlook and mitigation strategies, showing balanced treatment of claims.",,2026-07-01T08:23:54+00:00,2026-07-01T08:23:57+00:00,2026-06-15,qwen3:8b,ollama,0.0,42,4096,192,false,false,ollama_format_schema,news_single_dimension_v3_strict_calibration,2026-07-01T08:23:54+00:00,05_raw_model_outputs/news_final_full/NEWS_APOLLO_2024_12_04_40774629ea_N03_raw.json,,parsed,valid
NEWS_APOLLO_2024_12_04_40774629ea_N04,NEWS_APOLLO_2024_12_04_40774629ea,news,news_quality,news_general_quality,filter_news_final,qwen3:8b,N04,Relevance and information increment,4,1,5,0.2,75.0,15.0,NEWS_P001,"KUALA LUMPUR: Apollo Food Holdings Bhd said it is adopting a cautious outlook over the near term given the rising cost of raw materials and other input costs, while taking steps to mitigate these pressures. It said it ai",model,"The article provides specific financial figures and operational strategies, showing relevant information beyond generic market noise.",,2026-07-01T08:23:57+00:00,2026-07-01T08:23:59+00:00,2026-06-15,qwen3:8b,ollama,0.0,42,4096,192,false,false,ollama_format_schema,news_single_dimension_v3_strict_calibration,2026-07-01T08:23:57+00:00,05_raw_model_outputs/news_final_full/NEWS_APOLLO_2024_12_04_40774629ea_N04_raw.json,,parsed,valid
NEWS_APOLLO_2024_12_04_40774629ea_N05,NEWS_APOLLO_2024_12_04_40774629ea,news,news_quality,news_general_quality,filter_news_final,qwen3:8b,N05,Expression clarity and headline fit,5,1,5,0.1,100.0,10.0,TITLE,Apollo Food registers higher net profit of RM10.62mil in 2Q,model,Headline clearly states the key financial result and aligns with the article's content on net profit increase and operational outlook.,,2026-07-01T08:23:59+00:00,2026-07-01T08:24:01+00:00,2026-06-15,qwen3:8b,ollama,0.0,42,4096,192,false,false,ollama_format_schema,news_single_dimension_v3_strict_calibration,2026-07-01T08:23:59+00:00,05_raw_model_outputs/news_final_full/NEWS_APOLLO_2024_12_04_40774629ea_N05_raw.json,,parsed,valid
NEWS_APOLLO_2024_06_13_6fae37e79e_N01,NEWS_APOLLO_2024_06_13_6fae37e79e,news,news_quality,news_general_quality,filter_news_final,qwen3:8b,N01,Factual accuracy and internal consistency,4,1,5,0.3,75.0,22.5,NEWS_P002,"“We remain optimistic and confident of our journey. Our goal is to create a solid foundation for sustained growth and profitability,"" Cheah said in a statement. In the fourth quarter ended April 30, Apollo posted a lower",model,"The article provides specific financial figures and comparisons, showing internal consistency and factual claims about net profit, revenue, and earnings per share.",,2026-07-01T08:24:01+00:00,2026-07-01T08:24:04+00:00,2026-06-15,qwen3:8b,ollama,0.0,42,4096,192,false,false,ollama_format_schema,news_single_dimension_v3_strict_calibration,2026-07-01T08:24:01+00:00,05_raw_model_outputs/news_final_full/NEWS_APOLLO_2024_06_13_6fae37e79e_N01_raw.json,,parsed,valid
NEWS_APOLLO_2024_06_13_6fae37e79e_N02,NEWS_APOLLO_2024_06_13_6fae37e79e,news,news_quality,news_general_quality,filter_news_final,qwen3:8b,N02,Source transparency and verifiability,4,1,5,0.25,75.0,18.75,NEWS_P001,"KUALA LUMPUR: Apollo Food Holdings Bhd is studying initiatives to increase efficiency and leverage its strong brand to develop new export markets and customer segments, according to managing director Cheah Jia Ming. “Thi",model,"The article provides clear attribution to the managing director and includes verifiable financial data, though it lacks independent third-party verification for the claims.",,2026-07-01T08:24:04+00:00,2026-07-01T08:24:06+00:00,2026-06-15,qwen3:8b,ollama,0.0,42,4096,192,false,false,ollama_format_schema,news_single_dimension_v3_strict_calibration,2026-07-01T08:24:04+00:00,05_raw_model_outputs/news_final_full/NEWS_APOLLO_2024_06_13_6fae37e79e_N02_raw.json,,parsed,valid
NEWS_APOLLO_2024_06_13_6fae37e79e_N03,NEWS_APOLLO_2024_06_13_6fae37e79e,news,news_quality,news_general_quality,filter_news_final,qwen3:8b,N03,Balance and objectivity,3,1,5,0.15,50.0,7.5,NEWS_P001,"KUALA LUMPUR: Apollo Food Holdings Bhd is studying initiatives to increase efficiency and leverage its strong brand to develop new export markets and customer segments, according to managing director Cheah Jia Ming. “Thi",model,"The article presents Apollo's positive financial results but lacks balanced context, such as challenges or external factors affecting performance, which is needed for objectivity.",,2026-07-01T08:24:06+00:00,2026-07-01T08:24:09+00:00,2026-06-15,qwen3:8b,ollama,0.0,42,4096,192,false,false,ollama_format_schema,news_single_dimension_v3_strict_calibration,2026-07-01T08:24:06+00:00,05_raw_model_outputs/news_final_full/NEWS_APOLLO_2024_06_13_6fae37e79e_N03_raw.json,,parsed,valid
NEWS_APOLLO_2024_06_13_6fae37e79e_N04,NEWS_APOLLO_2024_06_13_6fae37e79e,news,news_quality,news_general_quality,filter_news_final,qwen3:8b,N04,Relevance and information increment,4,1,5,0.2,75.0,15.0,NEWS_P001,"KUALA LUMPUR: Apollo Food Holdings Bhd is studying initiatives to increase efficiency and leverage its strong brand to develop new export markets and customer segments, according to managing director Cheah Jia Ming. “Thi",model,"Provides specific details on efficiency improvements, export market development, and internal enhancements, adding substantive business information beyond generic market noise.",,2026-07-01T08:24:09+00:00,2026-07-01T08:24:11+00:00,2026-06-15,qwen3:8b,ollama,0.0,42,4096,192,false,false,ollama_format_schema,news_single_dimension_v3_strict_calibration,2026-07-01T08:24:09+00:00,05_raw_model_outputs/news_final_full/NEWS_APOLLO_2024_06_13_6fae37e79e_N04_raw.json,,parsed,valid
NEWS_APOLLO_2024_06_13_6fae37e79e_N05,NEWS_APOLLO_2024_06_13_6fae37e79e,news,news_quality,news_general_quality,filter_news_final,qwen3:8b,N05,Expression clarity and headline fit,4,1,5,0.1,75.0,7.5,TITLE,Apollo’s net profit jumps 70% to RM53.8mil in FY24,model,Headline clearly states the key financial result and aligns with the article's focus on profit growth and operational strategies.,,2026-07-01T08:24:11+00:00,2026-07-01T08:24:13+00:00,2026-06-15,qwen3:8b,ollama,0.0,42,4096,192,false,false,ollama_format_schema,news_single_dimension_v3_strict_calibration,2026-07-01T08:24:11+00:00,05_raw_model_outputs/news_final_full/NEWS_APOLLO_2024_06_13_6fae37e79e_N05_raw.json,,parsed,valid
NEWS_APOLLO_2024_03_20_80c1e51215_N01,NEWS_APOLLO_2024_03_20_80c1e51215,news,news_quality,news_general_quality,filter_news_final,qwen3:8b,N01,Factual accuracy and internal consistency,4,1,5,0.3,75.0,22.5,NEWS_P001,"KUALA LUMPUR: Apollo Food Holdings Bhd has yet to formulate a rectification plan to address the shortfall in its public shareholding spread. In a filing with Bursa Malaysia, the confectionery manufacturer said it was gra",model,"The article provides factual claims about Apollo Food's shareholding spread and the extension granted by Bursa Securities, with specific percentages and dates, showing internal consistency.",,2026-07-01T08:24:13+00:00,2026-07-01T08:24:16+00:00,2026-06-15,qwen3:8b,ollama,0.0,42,4096,192,false,false,ollama_format_schema,news_single_dimension_v3_strict_calibration,2026-07-01T08:24:13+00:00,05_raw_model_outputs/news_final_full/NEWS_APOLLO_2024_03_20_80c1e51215_N01_raw.json,,parsed,valid
NEWS_APOLLO_2024_03_20_80c1e51215_N02,NEWS_APOLLO_2024_03_20_80c1e51215,news,news_quality,news_general_quality,filter_news_final,qwen3:8b,N02,Source transparency and verifiability,4,1,5,0.25,75.0,18.75,NEWS_P001,"KUALA LUMPUR: Apollo Food Holdings Bhd has yet to formulate a rectification plan to address the shortfall in its public shareholding spread. In a filing with Bursa Malaysia, the confectionery manufacturer said it was gra",model,"The article provides verifiable details such as the six-month extension granted by Bursa Securities, the specific percentage of public shareholding, and the filing with Bursa Malaysia, supporting source transparency and verifiability.",,2026-07-01T08:24:16+00:00,2026-07-01T08:24:19+00:00,2026-06-15,qwen3:8b,ollama,0.0,42,4096,192,false,false,ollama_format_schema,news_single_dimension_v3_strict_calibration,2026-07-01T08:24:16+00:00,05_raw_model_outputs/news_final_full/NEWS_APOLLO_2024_03_20_80c1e51215_N02_raw.json,,parsed,valid
NEWS_APOLLO_2024_03_20_80c1e51215_N03,NEWS_APOLLO_2024_03_20_80c1e51215,news,news_quality,news_general_quality,filter_news_final,qwen3:8b,N03,Balance and objectivity,3,1,5,0.15,50.0,7.5,NEWS_P001,"KUALA LUMPUR: Apollo Food Holdings Bhd has yet to formulate a rectification plan to address the shortfall in its public shareholding spread. In a filing with Bursa Malaysia, the confectionery manufacturer said it was gra",model,"The article presents the company's situation neutrally but lacks third-party perspectives or independent analysis, which limits balance.",,2026-07-01T08:24:19+00:00,2026-07-01T08:24:21+00:00,2026-06-15,qwen3:8b,ollama,0.0,42,4096,192,false,false,ollama_format_schema,news_single_dimension_v3_strict_calibration,2026-07-01T08:24:19+00:00,05_raw_model_outputs/news_final_full/NEWS_APOLLO_2024_03_20_80c1e51215_N03_raw.json,,parsed,valid
NEWS_APOLLO_2024_03_20_80c1e51215_N04,NEWS_APOLLO_2024_03_20_80c1e51215,news,news_quality,news_general_quality,filter_news_final,qwen3:8b,N04,Relevance and information increment,3,1,5,0.2,50.0,10.0,NEWS_P001,"KUALA LUMPUR: Apollo Food Holdings Bhd has yet to formulate a rectification plan to address the shortfall in its public shareholding spread. In a filing with Bursa Malaysia, the confectionery manufacturer said it was gra",model,"The article provides information on Apollo's shareholding spread and regulatory compliance, which is relevant but lacks deeper analysis or context on the implications for the company's operations or market position.",,2026-07-01T08:24:21+00:00,2026-07-01T08:24:23+00:00,2026-06-15,qwen3:8b,ollama,0.0,42,4096,192,false,false,ollama_format_schema,news_single_dimension_v3_strict_calibration,2026-07-01T08:24:21+00:00,05_raw_model_outputs/news_final_full/NEWS_APOLLO_2024_03_20_80c1e51215_N04_raw.json,,parsed,valid
NEWS_APOLLO_2024_03_20_80c1e51215_N05,NEWS_APOLLO_2024_03_20_80c1e51215,news,news_quality,news_general_quality,filter_news_final,qwen3:8b,N05,Expression clarity and headline fit,4,1,5,0.1,75.0,7.5,NEWS_P001,"KUALA LUMPUR: Apollo Food Holdings Bhd has yet to formulate a rectification plan to address the shortfall in its public shareholding spread. In a filing with Bursa Malaysia, the confectionery manufacturer said it was gra",model,"Headline clearly reflects the content about addressing shareholding spread, with straightforward language and alignment between the title and article body.",,2026-07-01T08:24:23+00:00,2026-07-01T08:24:25+00:00,2026-06-15,qwen3:8b,ollama,0.0,42,4096,192,false,false,ollama_format_schema,news_single_dimension_v3_strict_calibration,2026-07-01T08:24:23+00:00,05_raw_model_outputs/news_final_full/NEWS_APOLLO_2024_03_20_80c1e51215_N05_raw.json,,parsed,valid
NEWS_APOLLO_2024_03_20_135b27aed9_N01,NEWS_APOLLO_2024_03_20_135b27aed9,news,news_quality,news_general_quality,filter_news_final,qwen3:8b,N01,Factual accuracy and internal consistency,4,1,5,0.3,75.0,22.5,NEWS_P001,"KUALA LUMPUR: Malaysian stocks were flattish at Wednesday's open as investors digested recent announcements by global central banks, with a highly anticipated rate decision by the US Federal Reserve yet to come. At 9am, ",model,"The article provides coherent and factual information about market conditions, Fed expectations, and investor behavior, with verifiable data on stock movements and economic indicators.",,2026-07-01T08:24:25+00:00,2026-07-01T08:24:28+00:00,2026-06-15,qwen3:8b,ollama,0.0,42,4096,192,false,false,ollama_format_schema,news_single_dimension_v3_strict_calibration,2026-07-01T08:24:25+00:00,05_raw_model_outputs/news_final_full/NEWS_APOLLO_2024_03_20_135b27aed9_N01_raw.json,,parsed,valid
NEWS_APOLLO_2024_03_20_135b27aed9_N02,NEWS_APOLLO_2024_03_20_135b27aed9,news,news_quality,news_general_quality,filter_news_final,qwen3:8b,N02,Source transparency and verifiability,4,1,5,0.25,75.0,18.75,NEWS_P001,"KUALA LUMPUR: Malaysian stocks were flattish at Wednesday's open as investors digested recent announcements by global central banks, with a highly anticipated rate decision by the US Federal Reserve yet to come. At 9am, ",model,"The article provides clear attribution to the source, mentions specific data points like the FBM KLCI index and CME FedWatch Tool projections, and includes verifiable market movements, though it lacks named third-party sources or official announcements.",,2026-07-01T08:24:28+00:00,2026-07-01T08:24:31+00:00,2026-06-15,qwen3:8b,ollama,0.0,42,4096,192,false,false,ollama_format_schema,news_single_dimension_v3_strict_calibration,2026-07-01T08:24:28+00:00,05_raw_model_outputs/news_final_full/NEWS_APOLLO_2024_03_20_135b27aed9_N02_raw.json,,parsed,valid
NEWS_APOLLO_2024_03_20_135b27aed9_N03,NEWS_APOLLO_2024_03_20_135b27aed9,news,news_quality,news_general_quality,filter_news_final,qwen3:8b,N03,Balance and objectivity,4,1,5,0.15,75.0,11.25,NEWS_P001,"KUALA LUMPUR: Malaysian stocks were flattish at Wednesday's open as investors digested recent announcements by global central banks, with a highly anticipated rate decision by the US Federal Reserve yet to come. At 9am, ",model,"The article presents a neutral tone and provides balanced analysis of market conditions, including both cautious investor behavior and potential impacts from central bank decisions without overt bias.",,2026-07-01T08:24:31+00:00,2026-07-01T08:24:34+00:00,2026-06-15,qwen3:8b,ollama,0.0,42,4096,192,false,false,ollama_format_schema,news_single_dimension_v3_strict_calibration,2026-07-01T08:24:31+00:00,05_raw_model_outputs/news_final_full/NEWS_APOLLO_2024_03_20_135b27aed9_N03_raw.json,,parsed,valid
NEWS_APOLLO_2024_03_20_135b27aed9_N04,NEWS_APOLLO_2024_03_20_135b27aed9,news,news_quality,news_general_quality,filter_news_final,qwen3:8b,N04,Relevance and information increment,3,1,5,0.2,50.0,10.0,NEWS_P001,"KUALA LUMPUR: Malaysian stocks were flattish at Wednesday's open as investors digested recent announcements by global central banks, with a highly anticipated rate decision by the US Federal Reserve yet to come. At 9am, ",model,The article mentions Apollo but focuses more on market trends and Fed decisions rather than providing substantial company-specific information.,,2026-07-01T08:24:34+00:00,2026-07-01T08:24:36+00:00,2026-06-15,qwen3:8b,ollama,0.0,42,4096,192,false,false,ollama_format_schema,news_single_dimension_v3_strict_calibration,2026-07-01T08:24:34+00:00,05_raw_model_outputs/news_final_full/NEWS_APOLLO_2024_03_20_135b27aed9_N04_raw.json,,parsed,valid
NEWS_APOLLO_2024_03_20_135b27aed9_N05,NEWS_APOLLO_2024_03_20_135b27aed9,news,news_quality,news_general_quality,filter_news_final,qwen3:8b,N05,Expression clarity and headline fit,4,1,5,0.1,75.0,7.5,NEWS_P001,"KUALA LUMPUR: Malaysian stocks were flattish at Wednesday's open as investors digested recent announcements by global central banks, with a highly anticipated rate decision by the US Federal Reserve yet to come. At 9am, ",model,"Headline clearly reflects the cautious investor sentiment discussed in the article, with clear and concise language.",,2026-07-01T08:24:36+00:00,2026-07-01T08:24:39+00:00,2026-06-15,qwen3:8b,ollama,0.0,42,4096,192,false,false,ollama_format_schema,news_single_dimension_v3_strict_calibration,2026-07-01T08:24:36+00:00,05_raw_model_outputs/news_final_full/NEWS_APOLLO_2024_03_20_135b27aed9_N05_raw.json,,parsed,valid
NEWS_APOLLO_2024_03_19_ac1666c08d_N01,NEWS_APOLLO_2024_03_19_ac1666c08d,news,news_quality,news_general_quality,filter_news_final,qwen3:8b,N01,Factual accuracy and internal consistency,5,1,5,0.3,100.0,30.0,NEWS_P001,"KUALA LUMPUR: Bursa Malaysia ended lower on Tuesday, echoing regional equity performances on profit-taking in index-linked stocks. The benchmark FBM KLCI was down 8.68 points, or 0.56% to 1,544.96, its intraday low, afte",model,"The article provides clear, consistent factual information about the market performance, including specific stock movements and indices, with no contradictions or ambiguities.",,2026-07-01T08:24:39+00:00,2026-07-01T08:24:42+00:00,2026-06-15,qwen3:8b,ollama,0.0,42,4096,192,false,false,ollama_format_schema,news_single_dimension_v3_strict_calibration,2026-07-01T08:24:39+00:00,05_raw_model_outputs/news_final_full/NEWS_APOLLO_2024_03_19_ac1666c08d_N01_raw.json,,parsed,valid
NEWS_APOLLO_2024_03_19_ac1666c08d_N02,NEWS_APOLLO_2024_03_19_ac1666c08d,news,news_quality,news_general_quality,filter_news_final,qwen3:8b,N02,Source transparency and verifiability,4,1,5,0.25,75.0,18.75,NEWS_P001,"KUALA LUMPUR: Bursa Malaysia ended lower on Tuesday, echoing regional equity performances on profit-taking in index-linked stocks. The benchmark FBM KLCI was down 8.68 points, or 0.56% to 1,544.96, its intraday low, afte",model,"The article provides clear attribution to the source (The Star) and includes verifiable financial data such as stock prices and indices, though it lacks named third-party sources or official announcements.",,2026-07-01T08:24:42+00:00,2026-07-01T08:24:45+00:00,2026-06-15,qwen3:8b,ollama,0.0,42,4096,192,false,false,ollama_format_schema,news_single_dimension_v3_strict_calibration,2026-07-01T08:24:42+00:00,05_raw_model_outputs/news_final_full/NEWS_APOLLO_2024_03_19_ac1666c08d_N02_raw.json,,parsed,valid
NEWS_APOLLO_2024_03_19_ac1666c08d_N03,NEWS_APOLLO_2024_03_19_ac1666c08d,news,news_quality,news_general_quality,filter_news_final,qwen3:8b,N03,Balance and objectivity,3,1,5,0.15,50.0,7.5,NEWS_P001,"KUALA LUMPUR: Bursa Malaysia ended lower on Tuesday, echoing regional equity performances on profit-taking in index-linked stocks. The benchmark FBM KLCI was down 8.68 points, or 0.56% to 1,544.96, its intraday low, afte",model,"The article provides a neutral description of market movements without overt bias, but lacks deeper analysis or context on the reasons behind the profit-taking, which limits its objectivity.",,2026-07-01T08:24:45+00:00,2026-07-01T08:24:47+00:00,2026-06-15,qwen3:8b,ollama,0.0,42,4096,192,false,false,ollama_format_schema,news_single_dimension_v3_strict_calibration,2026-07-01T08:24:45+00:00,05_raw_model_outputs/news_final_full/NEWS_APOLLO_2024_03_19_ac1666c08d_N03_raw.json,,parsed,valid
NEWS_APOLLO_2024_03_19_ac1666c08d_N04,NEWS_APOLLO_2024_03_19_ac1666c08d,news,news_quality,news_general_quality,filter_news_final,qwen3:8b,N04,Relevance and information increment,3,1,5,0.2,50.0,10.0,NEWS_P001,"KUALA LUMPUR: Bursa Malaysia ended lower on Tuesday, echoing regional equity performances on profit-taking in index-linked stocks. The benchmark FBM KLCI was down 8.68 points, or 0.56% to 1,544.96, its intraday low, afte",model,"The article mentions Apollo Food but provides no specific information about Apollo's business performance, operations, or strategic moves, making it generic market noise.",,2026-07-01T08:24:47+00:00,2026-07-01T08:24:50+00:00,2026-06-15,qwen3:8b,ollama,0.0,42,4096,192,false,false,ollama_format_schema,news_single_dimension_v3_strict_calibration,2026-07-01T08:24:47+00:00,05_raw_model_outputs/news_final_full/NEWS_APOLLO_2024_03_19_ac1666c08d_N04_raw.json,,parsed,valid
NEWS_APOLLO_2024_03_19_ac1666c08d_N05,NEWS_APOLLO_2024_03_19_ac1666c08d,news,news_quality,news_general_quality,filter_news_final,qwen3:8b,N05,Expression clarity and headline fit,5,1,5,0.1,100.0,10.0,TITLE,"Profit-taking in the market, KLCI down 8.68 points",model,"The headline clearly and concisely reflects the content of the article, which discusses the market's profit-taking and the KLCI's decline.",,2026-07-01T08:24:50+00:00,2026-07-01T08:24:52+00:00,2026-06-15,qwen3:8b,ollama,0.0,42,4096,192,false,false,ollama_format_schema,news_single_dimension_v3_strict_calibration,2026-07-01T08:24:50+00:00,05_raw_model_outputs/news_final_full/NEWS_APOLLO_2024_03_19_ac1666c08d_N05_raw.json,,parsed,valid
NEWS_APOLLO_2024_03_20_6608331c4a_N01,NEWS_APOLLO_2024_03_20_6608331c4a,news,news_quality,news_general_quality,filter_news_final,qwen3:8b,N01,Factual accuracy and internal consistency,4,1,5,0.3,75.0,22.5,NEWS_P001,"KUALA LUMPUR: Malaysian stocks stayed in the red over the early Wednesday session as caution over upcoming developments in US interest rate policy weighed on sentiment. The benchmark FBM KLCI was down 3.94 points to 1,54",model,"The article provides coherent and factual information about market movements, with clear details on stock performance and market sentiment.",,2026-07-01T08:24:52+00:00,2026-07-01T08:24:56+00:00,2026-06-15,qwen3:8b,ollama,0.0,42,4096,192,false,false,ollama_format_schema,news_single_dimension_v3_strict_calibration,2026-07-01T08:24:52+00:00,05_raw_model_outputs/news_final_full/NEWS_APOLLO_2024_03_20_6608331c4a_N01_raw.json,,parsed,valid
NEWS_APOLLO_2024_03_20_6608331c4a_N02,NEWS_APOLLO_2024_03_20_6608331c4a,news,news_quality,news_general_quality,filter_news_final,qwen3:8b,N02,Source transparency and verifiability,4,1,5,0.25,75.0,18.75,NEWS_P001,"KUALA LUMPUR: Malaysian stocks stayed in the red over the early Wednesday session as caution over upcoming developments in US interest rate policy weighed on sentiment. The benchmark FBM KLCI was down 3.94 points to 1,54",model,"The article provides clear attribution to The Star and includes verifiable financial data and market movements, though it lacks named third-party sources for some claims.",,2026-07-01T08:24:56+00:00,2026-07-01T08:24:59+00:00,2026-06-15,qwen3:8b,ollama,0.0,42,4096,192,false,false,ollama_format_schema,news_single_dimension_v3_strict_calibration,2026-07-01T08:24:56+00:00,05_raw_model_outputs/news_final_full/NEWS_APOLLO_2024_03_20_6608331c4a_N02_raw.json,,parsed,valid
NEWS_APOLLO_2024_03_20_6608331c4a_N03,NEWS_APOLLO_2024_03_20_6608331c4a,news,news_quality,news_general_quality,filter_news_final,qwen3:8b,N03,Balance and objectivity,3,1,5,0.15,50.0,7.5,NEWS_P001,"KUALA LUMPUR: Malaysian stocks stayed in the red over the early Wednesday session as caution over upcoming developments in US interest rate policy weighed on sentiment. The benchmark FBM KLCI was down 3.94 points to 1,54",model,"The article provides a neutral overview of market movements without overt bias, but lacks deeper analysis or balanced perspectives on the factors influencing the market.",,2026-07-01T08:24:59+00:00,2026-07-01T08:25:02+00:00,2026-06-15,qwen3:8b,ollama,0.0,42,4096,192,false,false,ollama_format_schema,news_single_dimension_v3_strict_calibration,2026-07-01T08:24:59+00:00,05_raw_model_outputs/news_final_full/NEWS_APOLLO_2024_03_20_6608331c4a_N03_raw.json,,parsed,valid
NEWS_APOLLO_2024_03_20_6608331c4a_N04,NEWS_APOLLO_2024_03_20_6608331c4a,news,news_quality,news_general_quality,filter_news_final,qwen3:8b,N04,Relevance and information increment,3,1,5,0.2,50.0,10.0,NEWS_P001,"KUALA LUMPUR: Malaysian stocks stayed in the red over the early Wednesday session as caution over upcoming developments in US interest rate policy weighed on sentiment. The benchmark FBM KLCI was down 3.94 points to 1,54",model,"The article mentions Apollo's stock performance but lacks specific details on company operations, financials, or strategic moves relevant to N04.",,2026-07-01T08:25:02+00:00,2026-07-01T08:25:05+00:00,2026-06-15,qwen3:8b,ollama,0.0,42,4096,192,false,false,ollama_format_schema,news_single_dimension_v3_strict_calibration,2026-07-01T08:25:02+00:00,05_raw_model_outputs/news_final_full/NEWS_APOLLO_2024_03_20_6608331c4a_N04_raw.json,,parsed,valid
NEWS_APOLLO_2024_03_20_6608331c4a_N05,NEWS_APOLLO_2024_03_20_6608331c4a,news,news_quality,news_general_quality,filter_news_final,qwen3:8b,N05,Expression clarity and headline fit,5,1,5,0.1,100.0,10.0,TITLE,Banks lead Bursa blue-chips lower,model,"Headline clearly reflects the article's focus on banks leading the decline in Bursa blue-chips, with concise and precise language.",,2026-07-01T08:25:05+00:00,2026-07-01T08:25:08+00:00,2026-06-15,qwen3:8b,ollama,0.0,42,4096,192,false,false,ollama_format_schema,news_single_dimension_v3_strict_calibration,2026-07-01T08:25:05+00:00,05_raw_model_outputs/news_final_full/NEWS_APOLLO_2024_03_20_6608331c4a_N05_raw.json,,parsed,valid
NEWS_CARLSBG_2025_06_26_768e2d1e41_N01,NEWS_CARLSBG_2025_06_26_768e2d1e41,news,news_quality,news_general_quality,filter_news_final,qwen3:8b,N01,Factual accuracy and internal consistency,4,1,5,0.3,75.0,22.5,NEWS_P001,"Celebrating a major milestone, Carlsberg Malaysia was honoured with the Gold award for Diversity, Equity and Inclusion at the 2025 SEEK People & Purpose Awards. From left: Carlsberg Malaysia people and culture business p",model,"The article provides specific details about the award, the company's DEI initiatives, and measurable outcomes, showing internal consistency and factual claims.",,2026-07-01T08:25:08+00:00,2026-07-01T08:25:11+00:00,2026-06-15,qwen3:8b,ollama,0.0,42,4096,192,false,false,ollama_format_schema,news_single_dimension_v3_strict_calibration,2026-07-01T08:25:08+00:00,05_raw_model_outputs/news_final_full/NEWS_CARLSBG_2025_06_26_768e2d1e41_N01_raw.json,,parsed,valid
NEWS_CARLSBG_2025_06_26_768e2d1e41_N02,NEWS_CARLSBG_2025_06_26_768e2d1e41,news,news_quality,news_general_quality,filter_news_final,qwen3:8b,N02,Source transparency and verifiability,4,1,5,0.25,75.0,18.75,NEWS_P001,"Celebrating a major milestone, Carlsberg Malaysia was honoured with the Gold award for Diversity, Equity and Inclusion at the 2025 SEEK People & Purpose Awards. From left: Carlsberg Malaysia people and culture business p",model,"Clear attribution to Carlsberg Malaysia and specific details about the award, but lacks independent verification links or third-party sources.",,2026-07-01T08:25:11+00:00,2026-07-01T08:25:14+00:00,2026-06-15,qwen3:8b,ollama,0.0,42,4096,192,false,false,ollama_format_schema,news_single_dimension_v3_strict_calibration,2026-07-01T08:25:11+00:00,05_raw_model_outputs/news_final_full/NEWS_CARLSBG_2025_06_26_768e2d1e41_N02_raw.json,,parsed,valid
NEWS_CARLSBG_2025_06_26_768e2d1e41_N03,NEWS_CARLSBG_2025_06_26_768e2d1e41,news,news_quality,news_general_quality,filter_news_final,qwen3:8b,N03,Balance and objectivity,4,1,5,0.15,75.0,11.25,NEWS_P001,"Celebrating a major milestone, Carlsberg Malaysia was honoured with the Gold award for Diversity, Equity and Inclusion at the 2025 SEEK People & Purpose Awards. From left: Carlsberg Malaysia people and culture business p",model,"The article highlights Carlsberg Malaysia's DEI achievements without presenting opposing viewpoints, but provides specific examples of initiatives and outcomes, showing a balanced treatment of the company's efforts.",,2026-07-01T08:25:14+00:00,2026-07-01T08:25:18+00:00,2026-06-15,qwen3:8b,ollama,0.0,42,4096,192,false,false,ollama_format_schema,news_single_dimension_v3_strict_calibration,2026-07-01T08:25:14+00:00,05_raw_model_outputs/news_final_full/NEWS_CARLSBG_2025_06_26_768e2d1e41_N03_raw.json,,parsed,valid
NEWS_CARLSBG_2025_06_26_768e2d1e41_N04,NEWS_CARLSBG_2025_06_26_768e2d1e41,news,news_quality,news_general_quality,filter_news_final,qwen3:8b,N04,Relevance and information increment,3,1,5,0.2,50.0,10.0,NEWS_P001,"Celebrating a major milestone, Carlsberg Malaysia was honoured with the Gold award for Diversity, Equity and Inclusion at the 2025 SEEK People & Purpose Awards. From left: Carlsberg Malaysia people and culture business p",model,"The article highlights Carlsberg Malaysia's DEI initiatives and achievements, providing specific examples like female representation and inclusive practices, which add substance beyond generic market noise.",,2026-07-01T08:25:18+00:00,2026-07-01T08:25:21+00:00,2026-06-15,qwen3:8b,ollama,0.0,42,4096,192,false,false,ollama_format_schema,news_single_dimension_v3_strict_calibration,2026-07-01T08:25:18+00:00,05_raw_model_outputs/news_final_full/NEWS_CARLSBG_2025_06_26_768e2d1e41_N04_raw.json,,parsed,valid
NEWS_CARLSBG_2025_06_26_768e2d1e41_N05,NEWS_CARLSBG_2025_06_26_768e2d1e41,news,news_quality,news_general_quality,filter_news_final,qwen3:8b,N05,Expression clarity and headline fit,5,1,5,0.1,100.0,10.0,TITLE,A toast to diversity,model,"Headline 'A toast to diversity' clearly aligns with the article's focus on Carlsberg Malaysia's DEI achievements and initiatives, demonstrating strong expression clarity and headline fit.",,2026-07-01T08:25:21+00:00,2026-07-01T08:25:25+00:00,2026-06-15,qwen3:8b,ollama,0.0,42,4096,192,false,false,ollama_format_schema,news_single_dimension_v3_strict_calibration,2026-07-01T08:25:21+00:00,05_raw_model_outputs/news_final_full/NEWS_CARLSBG_2025_06_26_768e2d1e41_N05_raw.json,,parsed,valid
NEWS_FFB_2025_08_28_227fccdd6a_N01,NEWS_FFB_2025_08_28_227fccdd6a,news,news_quality,news_general_quality,filter_news_final,qwen3:8b,N01,Factual accuracy and internal consistency,5,1,5,0.3,100.0,30.0,NEWS_P001,SEREMBAN: The Implementation Coordination Unit (ICU) of the Negeri Sembilan State Development Office has successfully lifted nearly 30% of the poor in the state out of poverty between April 7 and Aug 25 this year through,model,"The article provides specific figures and details about the poverty reduction initiatives, including the number of households lifted out of poverty, the program names, and the involvement of government and private sector entities, demonstrating internal consistency and factual claims.",,2026-07-01T08:25:25+00:00,2026-07-01T08:25:28+00:00,2026-06-15,qwen3:8b,ollama,0.0,42,4096,192,false,false,ollama_format_schema,news_single_dimension_v3_strict_calibration,2026-07-01T08:25:25+00:00,05_raw_model_outputs/news_final_full/NEWS_FFB_2025_08_28_227fccdd6a_N01_raw.json,,parsed,valid
NEWS_FFB_2025_08_28_227fccdd6a_N02,NEWS_FFB_2025_08_28_227fccdd6a,news,news_quality,news_general_quality,filter_news_final,qwen3:8b,N02,Source transparency and verifiability,4,1,5,0.25,75.0,18.75,NEWS_P001,SEREMBAN: The Implementation Coordination Unit (ICU) of the Negeri Sembilan State Development Office has successfully lifted nearly 30% of the poor in the state out of poverty between April 7 and Aug 25 this year through,model,"Clear attribution to the state's eKasih data and specific figures provided, with mention of the Implementation Coordination Unit and official statements.",,2026-07-01T08:25:28+00:00,2026-07-01T08:25:31+00:00,2026-06-15,qwen3:8b,ollama,0.0,42,4096,192,false,false,ollama_format_schema,news_single_dimension_v3_strict_calibration,2026-07-01T08:25:28+00:00,05_raw_model_outputs/news_final_full/NEWS_FFB_2025_08_28_227fccdd6a_N02_raw.json,,parsed,valid
NEWS_FFB_2025_08_28_227fccdd6a_N03,NEWS_FFB_2025_08_28_227fccdd6a,news,news_quality,news_general_quality,filter_news_final,qwen3:8b,N03,Balance and objectivity,4,1,5,0.15,75.0,11.25,NEWS_P001,SEREMBAN: The Implementation Coordination Unit (ICU) of the Negeri Sembilan State Development Office has successfully lifted nearly 30% of the poor in the state out of poverty between April 7 and Aug 25 this year through,model,"The article presents the state's efforts to reduce poverty with specific data and quotes from officials, but lacks independent verification or counterpoints, limiting its balance.",,2026-07-01T08:25:31+00:00,2026-07-01T08:25:34+00:00,2026-06-15,qwen3:8b,ollama,0.0,42,4096,192,false,false,ollama_format_schema,news_single_dimension_v3_strict_calibration,2026-07-01T08:25:31+00:00,05_raw_model_outputs/news_final_full/NEWS_FFB_2025_08_28_227fccdd6a_N03_raw.json,,parsed,valid
NEWS_FFB_2025_08_28_227fccdd6a_N04,NEWS_FFB_2025_08_28_227fccdd6a,news,news_quality,news_general_quality,filter_news_final,qwen3:8b,N04,Relevance and information increment,3,1,5,0.2,50.0,10.0,NEWS_P001,SEREMBAN: The Implementation Coordination Unit (ICU) of the Negeri Sembilan State Development Office has successfully lifted nearly 30% of the poor in the state out of poverty between April 7 and Aug 25 this year through,model,"The article provides information about poverty reduction initiatives in Negeri Sembilan, but the focus is on government and community efforts rather than specific company-related business information that adds substantive value beyond generic market noise.",,2026-07-01T08:25:34+00:00,2026-07-01T08:25:37+00:00,2026-06-15,qwen3:8b,ollama,0.0,42,4096,192,false,false,ollama_format_schema,news_single_dimension_v3_strict_calibration,2026-07-01T08:25:34+00:00,05_raw_model_outputs/news_final_full/NEWS_FFB_2025_08_28_227fccdd6a_N04_raw.json,,parsed,valid
NEWS_FFB_2025_08_28_227fccdd6a_N05,NEWS_FFB_2025_08_28_227fccdd6a,news,news_quality,news_general_quality,filter_news_final,qwen3:8b,N05,Expression clarity and headline fit,5,1,5,0.1,100.0,10.0,TITLE,Negeri Sembilan lifts nearly 30% of poor households out of poverty,model,Headline clearly reflects the article's content about lifting poor households out of poverty with specific figures and initiatives.,,2026-07-01T08:25:37+00:00,2026-07-01T08:25:40+00:00,2026-06-15,qwen3:8b,ollama,0.0,42,4096,192,false,false,ollama_format_schema,news_single_dimension_v3_strict_calibration,2026-07-01T08:25:37+00:00,05_raw_model_outputs/news_final_full/NEWS_FFB_2025_08_28_227fccdd6a_N05_raw.json,,parsed,valid
NEWS_FFB_2025_07_06_69d9a8cfbc_N01,NEWS_FFB_2025_07_06_69d9a8cfbc,news,news_quality,news_general_quality,filter_news_final,qwen3:8b,N01,Factual accuracy and internal consistency,5,1,5,0.3,100.0,30.0,NEWS_P001,"A TOTAL of 14 Form Six centres across three categories - Form Six Colleges, Mod Two and Mod Three Centres - have been awarded RM80,000 in incentives. This was in recognition of their top performance in the Sijil Tinggi P",model,"The article provides clear, factual information about the incentives awarded to Form Six centres, including specific figures, dates, and the rationale behind the recognition, demonstrating internal consistency and verifiable claims.",,2026-07-01T08:25:40+00:00,2026-07-01T08:25:45+00:00,2026-06-15,qwen3:8b,ollama,0.0,42,4096,192,false,false,ollama_format_schema,news_single_dimension_v3_strict_calibration,2026-07-01T08:25:40+00:00,05_raw_model_outputs/news_final_full/NEWS_FFB_2025_07_06_69d9a8cfbc_N01_raw.json,,parsed,valid
NEWS_FFB_2025_07_06_69d9a8cfbc_N02,NEWS_FFB_2025_07_06_69d9a8cfbc,news,news_quality,news_general_quality,filter_news_final,qwen3:8b,N02,Source transparency and verifiability,4,1,5,0.25,75.0,18.75,NEWS_P001,"A TOTAL of 14 Form Six centres across three categories - Form Six Colleges, Mod Two and Mod Three Centres - have been awarded RM80,000 in incentives. This was in recognition of their top performance in the Sijil Tinggi P",model,Clear attribution to the Education Ministry and verifiable financial incentives mentioned.,,2026-07-01T08:25:45+00:00,2026-07-01T08:25:49+00:00,2026-06-15,qwen3:8b,ollama,0.0,42,4096,192,false,false,ollama_format_schema,news_single_dimension_v3_strict_calibration,2026-07-01T08:25:45+00:00,05_raw_model_outputs/news_final_full/NEWS_FFB_2025_07_06_69d9a8cfbc_N02_raw.json,,parsed,valid
NEWS_FFB_2025_07_06_69d9a8cfbc_N03,NEWS_FFB_2025_07_06_69d9a8cfbc,news,news_quality,news_general_quality,filter_news_final,qwen3:8b,N03,Balance and objectivity,4,1,5,0.15,75.0,11.25,NEWS_P001,"A TOTAL of 14 Form Six centres across three categories - Form Six Colleges, Mod Two and Mod Three Centres - have been awarded RM80,000 in incentives. This was in recognition of their top performance in the Sijil Tinggi P",model,"The article presents balanced reporting on the ministry's initiatives, citing official statements and providing context on the incentives and programs without overt bias.",,2026-07-01T08:25:49+00:00,2026-07-01T08:25:53+00:00,2026-06-15,qwen3:8b,ollama,0.0,42,4096,192,false,false,ollama_format_schema,news_single_dimension_v3_strict_calibration,2026-07-01T08:25:49+00:00,05_raw_model_outputs/news_final_full/NEWS_FFB_2025_07_06_69d9a8cfbc_N03_raw.json,,parsed,valid
NEWS_FFB_2025_07_06_69d9a8cfbc_N04,NEWS_FFB_2025_07_06_69d9a8cfbc,news,news_quality,news_general_quality,filter_news_final,qwen3:8b,N04,Relevance and information increment,3,1,5,0.2,50.0,10.0,NEWS_P001,"A TOTAL of 14 Form Six centres across three categories - Form Six Colleges, Mod Two and Mod Three Centres - have been awarded RM80,000 in incentives. This was in recognition of their top performance in the Sijil Tinggi P",model,"The article provides information about incentives for Form Six centres but lacks deeper analysis or context on how these initiatives impact FarmFresh's business or operations, which is required for N04.",,2026-07-01T08:25:53+00:00,2026-07-01T08:25:58+00:00,2026-06-15,qwen3:8b,ollama,0.0,42,4096,192,false,false,ollama_format_schema,news_single_dimension_v3_strict_calibration,2026-07-01T08:25:53+00:00,05_raw_model_outputs/news_final_full/NEWS_FFB_2025_07_06_69d9a8cfbc_N04_raw.json,,parsed,valid
NEWS_FFB_2025_07_06_69d9a8cfbc_N05,NEWS_FFB_2025_07_06_69d9a8cfbc,news,news_quality,news_general_quality,filter_news_final,qwen3:8b,N05,Expression clarity and headline fit,5,1,5,0.1,100.0,10.0,NEWS_P001,"A TOTAL of 14 Form Six centres across three categories - Form Six Colleges, Mod Two and Mod Three Centres - have been awarded RM80,000 in incentives. This was in recognition of their top performance in the Sijil Tinggi P",model,Headline clearly reflects the article's focus on Form Six centres receiving incentives and the ministry's efforts to elevate Form Six education.,,2026-07-01T08:25:58+00:00,2026-07-01T08:26:02+00:00,2026-06-15,qwen3:8b,ollama,0.0,42,4096,192,false,false,ollama_format_schema,news_single_dimension_v3_strict_calibration,2026-07-01T08:25:58+00:00,05_raw_model_outputs/news_final_full/NEWS_FFB_2025_07_06_69d9a8cfbc_N05_raw.json,,parsed,valid
NEWS_FFB_2024_11_29_52934062fa_N01,NEWS_FFB_2024_11_29_52934062fa,news,news_quality,news_general_quality,filter_news_final,qwen3:8b,N01,Factual accuracy and internal consistency,4,1,5,0.3,75.0,22.5,NEWS_P001,"MALAYSIAN dairy brand, Farm Fresh Berhad was once again named Brand of the Year in Dairy Products category at the 2024-2025 World Branding Awards ceremony held at Tower of London, Central London recently. Farm Fresh is t",model,"The article provides clear, consistent factual information about Farm Fresh winning the Brand of the Year award, including the event, location, and context of the award.",,2026-07-01T08:26:02+00:00,2026-07-01T08:26:05+00:00,2026-06-15,qwen3:8b,ollama,0.0,42,4096,192,false,false,ollama_format_schema,news_single_dimension_v3_strict_calibration,2026-07-01T08:26:02+00:00,05_raw_model_outputs/news_final_full/NEWS_FFB_2024_11_29_52934062fa_N01_raw.json,,parsed,valid
NEWS_FFB_2024_11_29_52934062fa_N02,NEWS_FFB_2024_11_29_52934062fa,news,news_quality,news_general_quality,filter_news_final,qwen3:8b,N02,Source transparency and verifiability,3,1,5,0.25,50.0,12.5,NEWS_P001,"MALAYSIAN dairy brand, Farm Fresh Berhad was once again named Brand of the Year in Dairy Products category at the 2024-2025 World Branding Awards ceremony held at Tower of London, Central London recently. Farm Fresh is t",model,"The article mentions the World Branding Awards and provides some context about the award process, but lacks specific details on how the award was determined, third-party verification, or official sources confirming the award.",,2026-07-01T08:26:05+00:00,2026-07-01T08:26:08+00:00,2026-06-15,qwen3:8b,ollama,0.0,42,4096,192,false,false,ollama_format_schema,news_single_dimension_v3_strict_calibration,2026-07-01T08:26:05+00:00,05_raw_model_outputs/news_final_full/NEWS_FFB_2024_11_29_52934062fa_N02_raw.json,,parsed,valid
NEWS_FFB_2024_11_29_52934062fa_N03,NEWS_FFB_2024_11_29_52934062fa,news,news_quality,news_general_quality,filter_news_final,qwen3:8b,N03,Balance and objectivity,3,1,5,0.15,50.0,7.5,NEWS_P001,"MALAYSIAN dairy brand, Farm Fresh Berhad was once again named Brand of the Year in Dairy Products category at the 2024-2025 World Branding Awards ceremony held at Tower of London, Central London recently. Farm Fresh is t",model,"The article presents the award win without critical analysis or alternative perspectives, leaning towards promotional tone.",,2026-07-01T08:26:08+00:00,2026-07-01T08:26:11+00:00,2026-06-15,qwen3:8b,ollama,0.0,42,4096,192,false,false,ollama_format_schema,news_single_dimension_v3_strict_calibration,2026-07-01T08:26:08+00:00,05_raw_model_outputs/news_final_full/NEWS_FFB_2024_11_29_52934062fa_N03_raw.json,,parsed,valid
NEWS_FFB_2024_11_29_52934062fa_N04,NEWS_FFB_2024_11_29_52934062fa,news,news_quality,news_general_quality,filter_news_final,qwen3:8b,N04,Relevance and information increment,3,1,5,0.2,50.0,10.0,NEWS_P001,"MALAYSIAN dairy brand, Farm Fresh Berhad was once again named Brand of the Year in Dairy Products category at the 2024-2025 World Branding Awards ceremony held at Tower of London, Central London recently. Farm Fresh is t",model,"The article highlights Farm Fresh's award win and mentions the award's criteria, but lacks deeper analysis or context on the company's performance or market impact beyond the award itself.",,2026-07-01T08:26:11+00:00,2026-07-01T08:26:14+00:00,2026-06-15,qwen3:8b,ollama,0.0,42,4096,192,false,false,ollama_format_schema,news_single_dimension_v3_strict_calibration,2026-07-01T08:26:11+00:00,05_raw_model_outputs/news_final_full/NEWS_FFB_2024_11_29_52934062fa_N04_raw.json,,parsed,valid
NEWS_FFB_2024_11_29_52934062fa_N05,NEWS_FFB_2024_11_29_52934062fa,news,news_quality,news_general_quality,filter_news_final,qwen3:8b,N05,Expression clarity and headline fit,5,1,5,0.1,100.0,10.0,TITLE,Farm Fresh wins Brand of the Year in dairy for the second time,model,Headline clearly states the achievement and aligns with the article's content about winning the Brand of the Year award.,,2026-07-01T08:26:14+00:00,2026-07-01T08:26:16+00:00,2026-06-15,qwen3:8b,ollama,0.0,42,4096,192,false,false,ollama_format_schema,news_single_dimension_v3_strict_calibration,2026-07-01T08:26:14+00:00,05_raw_model_outputs/news_final_full/NEWS_FFB_2024_11_29_52934062fa_N05_raw.json,,parsed,valid
NEWS_FFB_2024_03_25_6d7e0b33b8_N01,NEWS_FFB_2024_03_25_6d7e0b33b8,news,news_quality,news_general_quality,filter_news_final,qwen3:8b,N01,Factual accuracy and internal consistency,3,1,5,0.3,50.0,15.0,NEWS_P001,"IN an era when nurturing healthy families is more challenging and crucial than ever, Farm Fresh is proud to announce the launch of its Mum2Mum Hi-Tea event series – set within a private space overseeing the lovely dairy ",model,"The article provides internal consistency and factual claims about the Mum2Mum Hi-Tea event, including details about the event's purpose, structure, and brand ambassador. However, it lacks independent verification of claims such as the 100% positive feedback and 80% benefit from workshops, which are presented without third-party sources or official data.",,2026-07-01T08:26:16+00:00,2026-07-01T08:26:20+00:00,2026-06-15,qwen3:8b,ollama,0.0,42,4096,192,false,false,ollama_format_schema,news_single_dimension_v3_strict_calibration,2026-07-01T08:26:16+00:00,05_raw_model_outputs/news_final_full/NEWS_FFB_2024_03_25_6d7e0b33b8_N01_raw.json,,parsed,valid
NEWS_FFB_2024_03_25_6d7e0b33b8_N02,NEWS_FFB_2024_03_25_6d7e0b33b8,news,news_quality,news_general_quality,filter_news_final,qwen3:8b,N02,Source transparency and verifiability,3,1,5,0.25,50.0,12.5,NEWS_P001,"IN an era when nurturing healthy families is more challenging and crucial than ever, Farm Fresh is proud to announce the launch of its Mum2Mum Hi-Tea event series – set within a private space overseeing the lovely dairy ",model,"The article provides clear attribution to FarmFresh and includes quotes from the CEO, but lacks independent verification of claims and third-party sources, which limits source transparency.",,2026-07-01T08:26:20+00:00,2026-07-01T08:26:24+00:00,2026-06-15,qwen3:8b,ollama,0.0,42,4096,192,false,false,ollama_format_schema,news_single_dimension_v3_strict_calibration,2026-07-01T08:26:20+00:00,05_raw_model_outputs/news_final_full/NEWS_FFB_2024_03_25_6d7e0b33b8_N02_raw.json,,parsed,valid
NEWS_FFB_2024_03_25_6d7e0b33b8_N03,NEWS_FFB_2024_03_25_6d7e0b33b8,news,news_quality,news_general_quality,filter_news_final,qwen3:8b,N03,Balance and objectivity,3,1,5,0.15,50.0,7.5,NEWS_P001,"IN an era when nurturing healthy families is more challenging and crucial than ever, Farm Fresh is proud to announce the launch of its Mum2Mum Hi-Tea event series – set within a private space overseeing the lovely dairy ",model,"The article promotes FarmFresh's initiative without presenting alternative viewpoints or critical perspectives, lacking balanced treatment of claims.",,2026-07-01T08:26:24+00:00,2026-07-01T08:26:27+00:00,2026-06-15,qwen3:8b,ollama,0.0,42,4096,192,false,false,ollama_format_schema,news_single_dimension_v3_strict_calibration,2026-07-01T08:26:24+00:00,05_raw_model_outputs/news_final_full/NEWS_FFB_2024_03_25_6d7e0b33b8_N03_raw.json,,parsed,valid
NEWS_FFB_2024_03_25_6d7e0b33b8_N04,NEWS_FFB_2024_03_25_6d7e0b33b8,news,news_quality,news_general_quality,filter_news_final,qwen3:8b,N04,Relevance and information increment,3,1,5,0.2,50.0,10.0,NEWS_P001,"IN an era when nurturing healthy families is more challenging and crucial than ever, Farm Fresh is proud to announce the launch of its Mum2Mum Hi-Tea event series – set within a private space overseeing the lovely dairy ",model,"The article focuses on a community initiative for mothers, which is more about CSR and event promotion rather than substantive business or operational information.",,2026-07-01T08:26:27+00:00,2026-07-01T08:26:30+00:00,2026-06-15,qwen3:8b,ollama,0.0,42,4096,192,false,false,ollama_format_schema,news_single_dimension_v3_strict_calibration,2026-07-01T08:26:27+00:00,05_raw_model_outputs/news_final_full/NEWS_FFB_2024_03_25_6d7e0b33b8_N04_raw.json,,parsed,valid
NEWS_FFB_2024_03_25_6d7e0b33b8_N05,NEWS_FFB_2024_03_25_6d7e0b33b8,news,news_quality,news_general_quality,filter_news_final,qwen3:8b,N05,Expression clarity and headline fit,3,1,5,0.1,50.0,5.0,TITLE,Nurturing a community of empowered mothers,model,"Headline aligns with the article's focus on community building for mothers, but lacks specificity and could be more engaging.",,2026-07-01T08:26:30+00:00,2026-07-01T08:26:33+00:00,2026-06-15,qwen3:8b,ollama,0.0,42,4096,192,false,false,ollama_format_schema,news_single_dimension_v3_strict_calibration,2026-07-01T08:26:30+00:00,05_raw_model_outputs/news_final_full/NEWS_FFB_2024_03_25_6d7e0b33b8_N05_raw.json,,parsed,valid
NEWS_GCB_2024_10_10_760f239c42_N01,NEWS_GCB_2024_10_10_760f239c42,news,news_quality,news_general_quality,filter_news_final,qwen3:8b,N01,Factual accuracy and internal consistency,4,1,5,0.3,75.0,22.5,NEWS_P001,"KUALA LUMPUR: Guan Chong Bhd 's shares rose in early trade Tuesday after the company announced plans to acquire a 25% stake in Transcao Côte d'Ivoire, a cocoa processing firm based in Ivory Coast. The cocoa grinder gaine",model,"Article provides clear, consistent factual claims about the acquisition and its implications, with verifiable details like share price movement and stake percentage.",,2026-07-01T08:26:33+00:00,2026-07-01T08:26:37+00:00,2026-06-15,qwen3:8b,ollama,0.0,42,4096,192,false,false,ollama_format_schema,news_single_dimension_v3_strict_calibration,2026-07-01T08:26:33+00:00,05_raw_model_outputs/news_final_full/NEWS_GCB_2024_10_10_760f239c42_N01_raw.json,,parsed,valid
NEWS_GCB_2024_10_10_760f239c42_N02,NEWS_GCB_2024_10_10_760f239c42,news,news_quality,news_general_quality,filter_news_final,qwen3:8b,N02,Source transparency and verifiability,4,1,5,0.25,75.0,18.75,NEWS_P001,"KUALA LUMPUR: Guan Chong Bhd 's shares rose in early trade Tuesday after the company announced plans to acquire a 25% stake in Transcao Côte d'Ivoire, a cocoa processing firm based in Ivory Coast. The cocoa grinder gaine",model,"The article provides clear attribution to the company and includes verifiable details about the acquisition and stake, though it lacks independent third-party verification or official announcements.",,2026-07-01T08:26:37+00:00,2026-07-01T08:26:40+00:00,2026-06-15,qwen3:8b,ollama,0.0,42,4096,192,false,false,ollama_format_schema,news_single_dimension_v3_strict_calibration,2026-07-01T08:26:37+00:00,05_raw_model_outputs/news_final_full/NEWS_GCB_2024_10_10_760f239c42_N02_raw.json,,parsed,valid
NEWS_GCB_2024_10_10_760f239c42_N03,NEWS_GCB_2024_10_10_760f239c42,news,news_quality,news_general_quality,filter_news_final,qwen3:8b,N03,Balance and objectivity,4,1,5,0.15,75.0,11.25,NEWS_P001,"KUALA LUMPUR: Guan Chong Bhd 's shares rose in early trade Tuesday after the company announced plans to acquire a 25% stake in Transcao Côte d'Ivoire, a cocoa processing firm based in Ivory Coast. The cocoa grinder gaine",model,The article presents positive analyst views but lacks balanced reporting by not including any critical perspectives or counterarguments.,,2026-07-01T08:26:40+00:00,2026-07-01T08:26:43+00:00,2026-06-15,qwen3:8b,ollama,0.0,42,4096,192,false,false,ollama_format_schema,news_single_dimension_v3_strict_calibration,2026-07-01T08:26:40+00:00,05_raw_model_outputs/news_final_full/NEWS_GCB_2024_10_10_760f239c42_N03_raw.json,,parsed,valid
NEWS_GCB_2024_10_10_760f239c42_N04,NEWS_GCB_2024_10_10_760f239c42,news,news_quality,news_general_quality,filter_news_final,qwen3:8b,N04,Relevance and information increment,4,1,5,0.2,75.0,15.0,NEWS_P001,"KUALA LUMPUR: Guan Chong Bhd 's shares rose in early trade Tuesday after the company announced plans to acquire a 25% stake in Transcao Côte d'Ivoire, a cocoa processing firm based in Ivory Coast. The cocoa grinder gaine",model,"The article provides specific details about the acquisition, its strategic implications, and potential financial impacts, adding substance beyond generic market noise.",,2026-07-01T08:26:43+00:00,2026-07-01T08:26:47+00:00,2026-06-15,qwen3:8b,ollama,0.0,42,4096,192,false,false,ollama_format_schema,news_single_dimension_v3_strict_calibration,2026-07-01T08:26:43+00:00,05_raw_model_outputs/news_final_full/NEWS_GCB_2024_10_10_760f239c42_N04_raw.json,,parsed,valid
NEWS_GCB_2024_10_10_760f239c42_N05,NEWS_GCB_2024_10_10_760f239c42,news,news_quality,news_general_quality,filter_news_final,qwen3:8b,N05,Expression clarity and headline fit,4,1,5,0.1,75.0,7.5,TITLE,Analysts positive on Guan Chong's growth prospects following Ivory Coast acquisition,model,"Headline clearly reflects the article's focus on analysts' positive outlook following the Ivory Coast acquisition, with clear and concise expression.",,2026-07-01T08:26:47+00:00,2026-07-01T08:26:50+00:00,2026-06-15,qwen3:8b,ollama,0.0,42,4096,192,false,false,ollama_format_schema,news_single_dimension_v3_strict_calibration,2026-07-01T08:26:47+00:00,05_raw_model_outputs/news_final_full/NEWS_GCB_2024_10_10_760f239c42_N05_raw.json,,parsed,valid
NEWS_GCB_2024_10_09_d838cb0e39_N01,NEWS_GCB_2024_10_09_d838cb0e39,news,news_quality,news_general_quality,filter_news_final,qwen3:8b,N01,Factual accuracy and internal consistency,4,1,5,0.3,75.0,22.5,NEWS_P001,"KUALA LUMPUR: Guan Chong Bhd 's subsidiary GCB Cocoa Singapore Pte Ltd has inked a memorandum of understanding (MoU) with Conseil Du Cafe-Cacao (CCC) and its subsidiary, Transcao Negoce, to acquire a 25% stake in Cocoa p",model,"The article provides clear, internally consistent factual claims about the MoU and the stake acquisition, with details on the company structure and operations.",,2026-07-01T08:26:50+00:00,2026-07-01T08:26:52+00:00,2026-06-15,qwen3:8b,ollama,0.0,42,4096,192,false,false,ollama_format_schema,news_single_dimension_v3_strict_calibration,2026-07-01T08:26:50+00:00,05_raw_model_outputs/news_final_full/NEWS_GCB_2024_10_09_d838cb0e39_N01_raw.json,,parsed,valid
NEWS_GCB_2024_10_09_d838cb0e39_N02,NEWS_GCB_2024_10_09_d838cb0e39,news,news_quality,news_general_quality,filter_news_final,qwen3:8b,N02,Source transparency and verifiability,4,1,5,0.25,75.0,18.75,NEWS_P001,"KUALA LUMPUR: Guan Chong Bhd 's subsidiary GCB Cocoa Singapore Pte Ltd has inked a memorandum of understanding (MoU) with Conseil Du Cafe-Cacao (CCC) and its subsidiary, Transcao Negoce, to acquire a 25% stake in Cocoa p",model,"The article provides a memorandum of understanding and mentions a filing with Bursa Malaysia, indicating some level of transparency and verifiability, though it lacks named third-party sources or official announcements.",,2026-07-01T08:26:52+00:00,2026-07-01T08:26:55+00:00,2026-06-15,qwen3:8b,ollama,0.0,42,4096,192,false,false,ollama_format_schema,news_single_dimension_v3_strict_calibration,2026-07-01T08:26:52+00:00,05_raw_model_outputs/news_final_full/NEWS_GCB_2024_10_09_d838cb0e39_N02_raw.json,,parsed,valid
NEWS_GCB_2024_10_09_d838cb0e39_N03,NEWS_GCB_2024_10_09_d838cb0e39,news,news_quality,news_general_quality,filter_news_final,qwen3:8b,N03,Balance and objectivity,3,1,5,0.15,50.0,7.5,NEWS_P001,"KUALA LUMPUR: Guan Chong Bhd 's subsidiary GCB Cocoa Singapore Pte Ltd has inked a memorandum of understanding (MoU) with Conseil Du Cafe-Cacao (CCC) and its subsidiary, Transcao Negoce, to acquire a 25% stake in Cocoa p",model,"The article presents the company's plan without independent verification or alternative perspectives, lacking balance and objectivity.",,2026-07-01T08:26:55+00:00,2026-07-01T08:26:57+00:00,2026-06-15,qwen3:8b,ollama,0.0,42,4096,192,false,false,ollama_format_schema,news_single_dimension_v3_strict_calibration,2026-07-01T08:26:55+00:00,05_raw_model_outputs/news_final_full/NEWS_GCB_2024_10_09_d838cb0e39_N03_raw.json,,parsed,valid
NEWS_GCB_2024_10_09_d838cb0e39_N04,NEWS_GCB_2024_10_09_d838cb0e39,news,news_quality,news_general_quality,filter_news_final,qwen3:8b,N04,Relevance and information increment,3,1,5,0.2,50.0,10.0,NEWS_P001,"KUALA LUMPUR: Guan Chong Bhd 's subsidiary GCB Cocoa Singapore Pte Ltd has inked a memorandum of understanding (MoU) with Conseil Du Cafe-Cacao (CCC) and its subsidiary, Transcao Negoce, to acquire a 25% stake in Cocoa p",model,"The article provides specific details about Guan Chong's equity purchase in a cocoa processor, which adds substance to the company's business activities beyond generic market noise.",,2026-07-01T08:26:57+00:00,2026-07-01T08:26:59+00:00,2026-06-15,qwen3:8b,ollama,0.0,42,4096,192,false,false,ollama_format_schema,news_single_dimension_v3_strict_calibration,2026-07-01T08:26:57+00:00,05_raw_model_outputs/news_final_full/NEWS_GCB_2024_10_09_d838cb0e39_N04_raw.json,,parsed,valid
NEWS_GCB_2024_10_09_d838cb0e39_N05,NEWS_GCB_2024_10_09_d838cb0e39,news,news_quality,news_general_quality,filter_news_final,qwen3:8b,N05,Expression clarity and headline fit,5,1,5,0.1,100.0,10.0,NEWS_P001,"KUALA LUMPUR: Guan Chong Bhd 's subsidiary GCB Cocoa Singapore Pte Ltd has inked a memorandum of understanding (MoU) with Conseil Du Cafe-Cacao (CCC) and its subsidiary, Transcao Negoce, to acquire a 25% stake in Cocoa p",model,"Headline clearly states the intent of the article, which details Guan Chong's plan to acquire a 25% equity stake in the Ivory Coast cocoa processor, with supporting details in the body.",,2026-07-01T08:26:59+00:00,2026-07-01T08:27:02+00:00,2026-06-15,qwen3:8b,ollama,0.0,42,4096,192,false,false,ollama_format_schema,news_single_dimension_v3_strict_calibration,2026-07-01T08:26:59+00:00,05_raw_model_outputs/news_final_full/NEWS_GCB_2024_10_09_d838cb0e39_N05_raw.json,,parsed,valid
NEWS_HEIM_2024_10_30_de348b2301_N01,NEWS_HEIM_2024_10_30_de348b2301,news,news_quality,news_general_quality,filter_news_final,qwen3:8b,N01,Factual accuracy and internal consistency,4,1,5,0.3,75.0,22.5,NEWS_P001,"From whisky art auctions for a good cause, to cognac exhibition in TRX, here is a list of what's been going on in the drinks world lately. Scotch for a cause The Balvenie held its Evening of Ultimate Craftsmanship event ",model,"The article provides coherent details about the event, including the auction, the art piece, and its proceeds, with no contradictions or factual inconsistencies.",,2026-07-01T08:27:02+00:00,2026-07-01T08:27:06+00:00,2026-06-15,qwen3:8b,ollama,0.0,42,4096,192,false,false,ollama_format_schema,news_single_dimension_v3_strict_calibration,2026-07-01T08:27:02+00:00,05_raw_model_outputs/news_final_full/NEWS_HEIM_2024_10_30_de348b2301_N01_raw.json,,parsed,valid
NEWS_HEIM_2024_10_30_de348b2301_N02,NEWS_HEIM_2024_10_30_de348b2301,news,news_quality,news_general_quality,filter_news_final,qwen3:8b,N02,Source transparency and verifiability,4,1,5,0.25,75.0,18.75,NEWS_P001,"From whisky art auctions for a good cause, to cognac exhibition in TRX, here is a list of what's been going on in the drinks world lately. Scotch for a cause The Balvenie held its Evening of Ultimate Craftsmanship event ",model,"Clear attribution to The Star and specific details about the event and auction, with verifiable links to the source.",,2026-07-01T08:27:06+00:00,2026-07-01T08:27:10+00:00,2026-06-15,qwen3:8b,ollama,0.0,42,4096,192,false,false,ollama_format_schema,news_single_dimension_v3_strict_calibration,2026-07-01T08:27:06+00:00,05_raw_model_outputs/news_final_full/NEWS_HEIM_2024_10_30_de348b2301_N02_raw.json,,parsed,valid
NEWS_HEIM_2024_10_30_de348b2301_N03,NEWS_HEIM_2024_10_30_de348b2301,news,news_quality,news_general_quality,filter_news_final,qwen3:8b,N03,Balance and objectivity,3,1,5,0.15,50.0,7.5,NEWS_P001,"From whisky art auctions for a good cause, to cognac exhibition in TRX, here is a list of what's been going on in the drinks world lately. Scotch for a cause The Balvenie held its Evening of Ultimate Craftsmanship event ",model,"The article presents promotional content for Heineken and its partners without critical analysis or balanced perspectives, focusing on positive aspects of the products and events.",,2026-07-01T08:27:10+00:00,2026-07-01T08:27:13+00:00,2026-06-15,qwen3:8b,ollama,0.0,42,4096,192,false,false,ollama_format_schema,news_single_dimension_v3_strict_calibration,2026-07-01T08:27:10+00:00,05_raw_model_outputs/news_final_full/NEWS_HEIM_2024_10_30_de348b2301_N03_raw.json,,parsed,valid
NEWS_HEIM_2024_10_30_de348b2301_N04,NEWS_HEIM_2024_10_30_de348b2301,news,news_quality,news_general_quality,filter_news_final,qwen3:8b,N04,Relevance and information increment,3,1,5,0.2,50.0,10.0,NEWS_P001,"From whisky art auctions for a good cause, to cognac exhibition in TRX, here is a list of what's been going on in the drinks world lately. Scotch for a cause The Balvenie held its Evening of Ultimate Craftsmanship event ",model,"The article covers Heineken's product launch and related events but lacks depth on business operations, financials, or strategic moves, focusing more on lifestyle and promotional activities.",,2026-07-01T08:27:13+00:00,2026-07-01T08:27:17+00:00,2026-06-15,qwen3:8b,ollama,0.0,42,4096,192,false,false,ollama_format_schema,news_single_dimension_v3_strict_calibration,2026-07-01T08:27:13+00:00,05_raw_model_outputs/news_final_full/NEWS_HEIM_2024_10_30_de348b2301_N04_raw.json,,parsed,valid
NEWS_HEIM_2024_10_30_de348b2301_N05,NEWS_HEIM_2024_10_30_de348b2301,news,news_quality,news_general_quality,filter_news_final,qwen3:8b,N05,Expression clarity and headline fit,3,1,5,0.1,50.0,5.0,TITLE,"Tipsy-Turvy Quick Shots: Scotch for a cause, cognac craft, peachy beer",model,"Headline is catchy but lacks direct clarity on the main content, which includes multiple events and products.",,2026-07-01T08:27:17+00:00,2026-07-01T08:27:21+00:00,2026-06-15,qwen3:8b,ollama,0.0,42,4096,192,false,false,ollama_format_schema,news_single_dimension_v3_strict_calibration,2026-07-01T08:27:17+00:00,05_raw_model_outputs/news_final_full/NEWS_HEIM_2024_10_30_de348b2301_N05_raw.json,,parsed,valid
NEWS_KAWAN_2025_05_02_cf4c3b6730_N01,NEWS_KAWAN_2025_05_02_cf4c3b6730,news,news_quality,news_general_quality,filter_news_final,qwen3:8b,N01,Factual accuracy and internal consistency,5,1,5,0.3,100.0,30.0,NEWS_P001,"KUALA LUMPUR: The country’s halal product exports reached RM61.79bil in 2024, marking a 15% increase from RM53.72bil recorded in the same period of 2023, says Investment, Trade and Industry Minister Tengku Datuk Seri Zaf",model,"The article provides specific figures (RM61.79bil, 15% increase) and cites a government minister, showing internal consistency and factual claims with verifiable data.",,2026-07-01T08:27:21+00:00,2026-07-01T08:27:24+00:00,2026-06-15,qwen3:8b,ollama,0.0,42,4096,192,false,false,ollama_format_schema,news_single_dimension_v3_strict_calibration,2026-07-01T08:27:21+00:00,05_raw_model_outputs/news_final_full/NEWS_KAWAN_2025_05_02_cf4c3b6730_N01_raw.json,,parsed,valid
NEWS_KAWAN_2025_05_02_cf4c3b6730_N02,NEWS_KAWAN_2025_05_02_cf4c3b6730,news,news_quality,news_general_quality,filter_news_final,qwen3:8b,N02,Source transparency and verifiability,4,1,5,0.25,75.0,18.75,NEWS_P001,"KUALA LUMPUR: The country’s halal product exports reached RM61.79bil in 2024, marking a 15% increase from RM53.72bil recorded in the same period of 2023, says Investment, Trade and Industry Minister Tengku Datuk Seri Zaf",model,"The article cites a government minister and provides specific figures with a source, but lacks independent verification links or named third-party sources.",,2026-07-01T08:27:24+00:00,2026-07-01T08:27:27+00:00,2026-06-15,qwen3:8b,ollama,0.0,42,4096,192,false,false,ollama_format_schema,news_single_dimension_v3_strict_calibration,2026-07-01T08:27:24+00:00,05_raw_model_outputs/news_final_full/NEWS_KAWAN_2025_05_02_cf4c3b6730_N02_raw.json,,parsed,valid
NEWS_KAWAN_2025_05_02_cf4c3b6730_N03,NEWS_KAWAN_2025_05_02_cf4c3b6730,news,news_quality,news_general_quality,filter_news_final,qwen3:8b,N03,Balance and objectivity,3,1,5,0.15,50.0,7.5,NEWS_P001,"KUALA LUMPUR: The country’s halal product exports reached RM61.79bil in 2024, marking a 15% increase from RM53.72bil recorded in the same period of 2023, says Investment, Trade and Industry Minister Tengku Datuk Seri Zaf",model,"The article presents positive claims about Malaysia's halal exports without critical analysis or counterpoints, showing a lack of balanced treatment.",,2026-07-01T08:27:27+00:00,2026-07-01T08:27:30+00:00,2026-06-15,qwen3:8b,ollama,0.0,42,4096,192,false,false,ollama_format_schema,news_single_dimension_v3_strict_calibration,2026-07-01T08:27:27+00:00,05_raw_model_outputs/news_final_full/NEWS_KAWAN_2025_05_02_cf4c3b6730_N03_raw.json,,parsed,valid
NEWS_KAWAN_2025_05_02_cf4c3b6730_N04,NEWS_KAWAN_2025_05_02_cf4c3b6730,news,news_quality,news_general_quality,filter_news_final,qwen3:8b,N04,Relevance and information increment,3,1,5,0.2,50.0,10.0,NEWS_P001,"KUALA LUMPUR: The country’s halal product exports reached RM61.79bil in 2024, marking a 15% increase from RM53.72bil recorded in the same period of 2023, says Investment, Trade and Industry Minister Tengku Datuk Seri Zaf",model,"The article provides specific data on Malaysia's halal exports and mentions Kawan Food as a recognized global player, adding relevant business information beyond generic market noise.",,2026-07-01T08:27:30+00:00,2026-07-01T08:27:32+00:00,2026-06-15,qwen3:8b,ollama,0.0,42,4096,192,false,false,ollama_format_schema,news_single_dimension_v3_strict_calibration,2026-07-01T08:27:30+00:00,05_raw_model_outputs/news_final_full/NEWS_KAWAN_2025_05_02_cf4c3b6730_N04_raw.json,,parsed,valid
NEWS_KAWAN_2025_05_02_cf4c3b6730_N05,NEWS_KAWAN_2025_05_02_cf4c3b6730,news,news_quality,news_general_quality,filter_news_final,qwen3:8b,N05,Expression clarity and headline fit,5,1,5,0.1,100.0,10.0,TITLE,Malaysia’s halal product exports up 15% to RM62bil last year,model,Headline clearly states the key export growth statistic and aligns with the article's focus on Malaysia's halal product exports.,,2026-07-01T08:27:32+00:00,2026-07-01T08:27:35+00:00,2026-06-15,qwen3:8b,ollama,0.0,42,4096,192,false,false,ollama_format_schema,news_single_dimension_v3_strict_calibration,2026-07-01T08:27:32+00:00,05_raw_model_outputs/news_final_full/NEWS_KAWAN_2025_05_02_cf4c3b6730_N05_raw.json,,parsed,valid
NEWS_KAWAN_2025_05_01_8618bad820_N01,NEWS_KAWAN_2025_05_01_8618bad820,news,news_quality,news_general_quality,filter_news_final,qwen3:8b,N01,Factual accuracy and internal consistency,5,1,5,0.3,100.0,30.0,NEWS_P001,"KUALA LUMPUR: Malaysia's halal product exports reached RM61.79 billion in 2024, marking a 15 per cent increase from RM53.72 billion recorded in the same period of 2023, said Investment, Trade and Industry Minister Tengku",model,"Clear factual claims with internal consistency, including specific figures and references to official statements.",,2026-07-01T08:27:35+00:00,2026-07-01T08:27:39+00:00,2026-06-15,qwen3:8b,ollama,0.0,42,4096,192,false,false,ollama_format_schema,news_single_dimension_v3_strict_calibration,2026-07-01T08:27:35+00:00,05_raw_model_outputs/news_final_full/NEWS_KAWAN_2025_05_01_8618bad820_N01_raw.json,,parsed,valid
NEWS_KAWAN_2025_05_01_8618bad820_N02,NEWS_KAWAN_2025_05_01_8618bad820,news,news_quality,news_general_quality,filter_news_final,qwen3:8b,N02,Source transparency and verifiability,4,1,5,0.25,75.0,18.75,NEWS_P001,"KUALA LUMPUR: Malaysia's halal product exports reached RM61.79 billion in 2024, marking a 15 per cent increase from RM53.72 billion recorded in the same period of 2023, said Investment, Trade and Industry Minister Tengku",model,"The article cites a government minister and provides specific figures with a source, but lacks independent verification or third-party confirmation.",,2026-07-01T08:27:39+00:00,2026-07-01T08:27:42+00:00,2026-06-15,qwen3:8b,ollama,0.0,42,4096,192,false,false,ollama_format_schema,news_single_dimension_v3_strict_calibration,2026-07-01T08:27:39+00:00,05_raw_model_outputs/news_final_full/NEWS_KAWAN_2025_05_01_8618bad820_N02_raw.json,,parsed,valid
NEWS_KAWAN_2025_05_01_8618bad820_N03,NEWS_KAWAN_2025_05_01_8618bad820,news,news_quality,news_general_quality,filter_news_final,qwen3:8b,N03,Balance and objectivity,3,1,5,0.15,50.0,7.5,NEWS_P001,"KUALA LUMPUR: Malaysia's halal product exports reached RM61.79 billion in 2024, marking a 15 per cent increase from RM53.72 billion recorded in the same period of 2023, said Investment, Trade and Industry Minister Tengku",model,"The article presents positive claims about Malaysia's halal exports without critical analysis or counterpoints, lacking balanced treatment of the topic.",,2026-07-01T08:27:42+00:00,2026-07-01T08:27:46+00:00,2026-06-15,qwen3:8b,ollama,0.0,42,4096,192,false,false,ollama_format_schema,news_single_dimension_v3_strict_calibration,2026-07-01T08:27:42+00:00,05_raw_model_outputs/news_final_full/NEWS_KAWAN_2025_05_01_8618bad820_N03_raw.json,,parsed,valid
NEWS_KAWAN_2025_05_01_8618bad820_N04,NEWS_KAWAN_2025_05_01_8618bad820,news,news_quality,news_general_quality,filter_news_final,qwen3:8b,N04,Relevance and information increment,3,1,5,0.2,50.0,10.0,NEWS_P001,"KUALA LUMPUR: Malaysia's halal product exports reached RM61.79 billion in 2024, marking a 15 per cent increase from RM53.72 billion recorded in the same period of 2023, said Investment, Trade and Industry Minister Tengku",model,"The article provides general statistics on Malaysia's halal exports but lacks specific details about Kawan Food's performance or contributions, which limits its relevance to the company.",,2026-07-01T08:27:46+00:00,2026-07-01T08:27:50+00:00,2026-06-15,qwen3:8b,ollama,0.0,42,4096,192,false,false,ollama_format_schema,news_single_dimension_v3_strict_calibration,2026-07-01T08:27:46+00:00,05_raw_model_outputs/news_final_full/NEWS_KAWAN_2025_05_01_8618bad820_N04_raw.json,,parsed,valid
NEWS_KAWAN_2025_05_01_8618bad820_N05,NEWS_KAWAN_2025_05_01_8618bad820,news,news_quality,news_general_quality,filter_news_final,qwen3:8b,N05,Expression clarity and headline fit,5,1,5,0.1,100.0,10.0,TITLE,Malaysia’s halal product exports up 15% to RM61.79bil in 2024,model,Headline clearly states the key export growth statistic and aligns with the article's focus on Malaysia's halal product exports.,,2026-07-01T08:27:50+00:00,2026-07-01T08:27:54+00:00,2026-06-15,qwen3:8b,ollama,0.0,42,4096,192,false,false,ollama_format_schema,news_single_dimension_v3_strict_calibration,2026-07-01T08:27:50+00:00,05_raw_model_outputs/news_final_full/NEWS_KAWAN_2025_05_01_8618bad820_N05_raw.json,,parsed,valid
NEWS_KAWAN_2024_10_17_73ac524c0a_N01,NEWS_KAWAN_2024_10_17_73ac524c0a,news,news_quality,news_general_quality,filter_news_final,qwen3:8b,N01,Factual accuracy and internal consistency,5,1,5,0.3,100.0,30.0,NEWS_P001,"PETALING JAYA: Kawan Food Bhd has redesignated director Lim Hun Soon @ David Lim, as its chairman. In a filing with Bursa Malaysia, Kawan Food said Lim, 68, will succeed Gan Thiam Chai, 71. “Gan will be bestowed the titl",model,"The article provides clear, internally consistent factual claims about Lim Hun Soon's appointment as chairman, including his succession from Gan Thiam Chai and details from the company's annual report.",,2026-07-01T08:27:54+00:00,2026-07-01T08:27:56+00:00,2026-06-15,qwen3:8b,ollama,0.0,42,4096,192,false,false,ollama_format_schema,news_single_dimension_v3_strict_calibration,2026-07-01T08:27:54+00:00,05_raw_model_outputs/news_final_full/NEWS_KAWAN_2024_10_17_73ac524c0a_N01_raw.json,,parsed,valid
NEWS_KAWAN_2024_10_17_73ac524c0a_N02,NEWS_KAWAN_2024_10_17_73ac524c0a,news,news_quality,news_general_quality,filter_news_final,qwen3:8b,N02,Source transparency and verifiability,4,1,5,0.25,75.0,18.75,NEWS_P001,"PETALING JAYA: Kawan Food Bhd has redesignated director Lim Hun Soon @ David Lim, as its chairman. In a filing with Bursa Malaysia, Kawan Food said Lim, 68, will succeed Gan Thiam Chai, 71. “Gan will be bestowed the titl",model,The article provides clear attribution to Kawan Food's filing with Bursa Malaysia and includes verifiable details about Lim Hun Soon's appointment and career history.,,2026-07-01T08:27:56+00:00,2026-07-01T08:27:58+00:00,2026-06-15,qwen3:8b,ollama,0.0,42,4096,192,false,false,ollama_format_schema,news_single_dimension_v3_strict_calibration,2026-07-01T08:27:56+00:00,05_raw_model_outputs/news_final_full/NEWS_KAWAN_2024_10_17_73ac524c0a_N02_raw.json,,parsed,valid
NEWS_KAWAN_2024_10_17_73ac524c0a_N03,NEWS_KAWAN_2024_10_17_73ac524c0a,news,news_quality,news_general_quality,filter_news_final,qwen3:8b,N03,Balance and objectivity,3,1,5,0.15,50.0,7.5,NEWS_P001,"PETALING JAYA: Kawan Food Bhd has redesignated director Lim Hun Soon @ David Lim, as its chairman. In a filing with Bursa Malaysia, Kawan Food said Lim, 68, will succeed Gan Thiam Chai, 71. “Gan will be bestowed the titl",model,"The article presents information about Lim Hun Soon's appointment as chairman without critical analysis or alternative perspectives, lacking balanced treatment of claims.",,2026-07-01T08:27:58+00:00,2026-07-01T08:28:00+00:00,2026-06-15,qwen3:8b,ollama,0.0,42,4096,192,false,false,ollama_format_schema,news_single_dimension_v3_strict_calibration,2026-07-01T08:27:58+00:00,05_raw_model_outputs/news_final_full/NEWS_KAWAN_2024_10_17_73ac524c0a_N03_raw.json,,parsed,valid
NEWS_KAWAN_2024_10_17_73ac524c0a_N04,NEWS_KAWAN_2024_10_17_73ac524c0a,news,news_quality,news_general_quality,filter_news_final,qwen3:8b,N04,Relevance and information increment,3,1,5,0.2,50.0,10.0,NEWS_P001,"PETALING JAYA: Kawan Food Bhd has redesignated director Lim Hun Soon @ David Lim, as its chairman. In a filing with Bursa Malaysia, Kawan Food said Lim, 68, will succeed Gan Thiam Chai, 71. “Gan will be bestowed the titl",model,"The article provides basic information about a leadership change at Kawan Food, but lacks substantive details on business operations, strategic moves, or market impact, which are required for higher relevance.",,2026-07-01T08:28:00+00:00,2026-07-01T08:28:03+00:00,2026-06-15,qwen3:8b,ollama,0.0,42,4096,192,false,false,ollama_format_schema,news_single_dimension_v3_strict_calibration,2026-07-01T08:28:00+00:00,05_raw_model_outputs/news_final_full/NEWS_KAWAN_2024_10_17_73ac524c0a_N04_raw.json,,parsed,valid
NEWS_KAWAN_2024_10_17_73ac524c0a_N05,NEWS_KAWAN_2024_10_17_73ac524c0a,news,news_quality,news_general_quality,filter_news_final,qwen3:8b,N05,Expression clarity and headline fit,5,1,5,0.1,100.0,10.0,NEWS_P001,"PETALING JAYA: Kawan Food Bhd has redesignated director Lim Hun Soon @ David Lim, as its chairman. In a filing with Bursa Malaysia, Kawan Food said Lim, 68, will succeed Gan Thiam Chai, 71. “Gan will be bestowed the titl",model,"Headline clearly states the main point, and the article body provides concise, relevant details supporting the headline without unnecessary fluff.",,2026-07-01T08:28:03+00:00,2026-07-01T08:28:05+00:00,2026-06-15,qwen3:8b,ollama,0.0,42,4096,192,false,false,ollama_format_schema,news_single_dimension_v3_strict_calibration,2026-07-01T08:28:03+00:00,05_raw_model_outputs/news_final_full/NEWS_KAWAN_2024_10_17_73ac524c0a_N05_raw.json,,parsed,valid
NEWS_KAWAN_2024_08_22_df0cfefb2c_N01,NEWS_KAWAN_2024_08_22_df0cfefb2c,news,news_quality,news_general_quality,filter_news_final,qwen3:8b,N01,Factual accuracy and internal consistency,4,1,5,0.3,75.0,22.5,NEWS_P001,PETALING JAYA: Kawan Food Bhd is likely to benefit from rising demand for its frozen foods in the local and export markets as the pressure of rising costs of living drive many to eat at home instead of dining out. The st,model,"The article provides internal consistency with factual claims about Kawan's performance, including specific figures and growth percentages, while acknowledging potential challenges like exchange rates.",,2026-07-01T08:28:05+00:00,2026-07-01T08:28:08+00:00,2026-06-15,qwen3:8b,ollama,0.0,42,4096,192,false,false,ollama_format_schema,news_single_dimension_v3_strict_calibration,2026-07-01T08:28:05+00:00,05_raw_model_outputs/news_final_full/NEWS_KAWAN_2024_08_22_df0cfefb2c_N01_raw.json,,parsed,valid
NEWS_KAWAN_2024_08_22_df0cfefb2c_N02,NEWS_KAWAN_2024_08_22_df0cfefb2c,news,news_quality,news_general_quality,filter_news_final,qwen3:8b,N02,Source transparency and verifiability,4,1,5,0.25,75.0,18.75,NEWS_P001,PETALING JAYA: Kawan Food Bhd is likely to benefit from rising demand for its frozen foods in the local and export markets as the pressure of rising costs of living drive many to eat at home instead of dining out. The st,model,"The article cites Public Investment Bank Research as a source and provides verifiable financial data, such as profit growth and revenue figures, supporting the claims.",,2026-07-01T08:28:08+00:00,2026-07-01T08:28:11+00:00,2026-06-15,qwen3:8b,ollama,0.0,42,4096,192,false,false,ollama_format_schema,news_single_dimension_v3_strict_calibration,2026-07-01T08:28:08+00:00,05_raw_model_outputs/news_final_full/NEWS_KAWAN_2024_08_22_df0cfefb2c_N02_raw.json,,parsed,valid
NEWS_KAWAN_2024_08_22_df0cfefb2c_N03,NEWS_KAWAN_2024_08_22_df0cfefb2c,news,news_quality,news_general_quality,filter_news_final,qwen3:8b,N03,Balance and objectivity,3,1,5,0.15,50.0,7.5,NEWS_P001,PETALING JAYA: Kawan Food Bhd is likely to benefit from rising demand for its frozen foods in the local and export markets as the pressure of rising costs of living drive many to eat at home instead of dining out. The st,model,The article presents Kawan's positive outlook and growth but lacks balanced treatment by not addressing potential challenges or counterarguments.,,2026-07-01T08:28:11+00:00,2026-07-01T08:28:13+00:00,2026-06-15,qwen3:8b,ollama,0.0,42,4096,192,false,false,ollama_format_schema,news_single_dimension_v3_strict_calibration,2026-07-01T08:28:11+00:00,05_raw_model_outputs/news_final_full/NEWS_KAWAN_2024_08_22_df0cfefb2c_N03_raw.json,,parsed,valid
NEWS_KAWAN_2024_08_22_df0cfefb2c_N04,NEWS_KAWAN_2024_08_22_df0cfefb2c,news,news_quality,news_general_quality,filter_news_final,qwen3:8b,N04,Relevance and information increment,4,1,5,0.2,75.0,15.0,NEWS_P001,PETALING JAYA: Kawan Food Bhd is likely to benefit from rising demand for its frozen foods in the local and export markets as the pressure of rising costs of living drive many to eat at home instead of dining out. The st,model,"The article provides specific data on Kawan's financial performance, including revenue and profit figures, and discusses factors influencing its business, which adds substance beyond generic market noise.",,2026-07-01T08:28:13+00:00,2026-07-01T08:28:17+00:00,2026-06-15,qwen3:8b,ollama,0.0,42,4096,192,false,false,ollama_format_schema,news_single_dimension_v3_strict_calibration,2026-07-01T08:28:13+00:00,05_raw_model_outputs/news_final_full/NEWS_KAWAN_2024_08_22_df0cfefb2c_N04_raw.json,,parsed,valid
NEWS_KAWAN_2024_08_22_df0cfefb2c_N05,NEWS_KAWAN_2024_08_22_df0cfefb2c,news,news_quality,news_general_quality,filter_news_final,qwen3:8b,N05,Expression clarity and headline fit,5,1,5,0.1,100.0,10.0,TITLE,Kawan benefitting from strong foreign demand,model,Headline clearly reflects the article's focus on Kawan's foreign demand growth and aligns with the content about export markets and profit growth.,,2026-07-01T08:28:17+00:00,2026-07-01T08:28:19+00:00,2026-06-15,qwen3:8b,ollama,0.0,42,4096,192,false,false,ollama_format_schema,news_single_dimension_v3_strict_calibration,2026-07-01T08:28:17+00:00,05_raw_model_outputs/news_final_full/NEWS_KAWAN_2024_08_22_df0cfefb2c_N05_raw.json,,parsed,valid
NEWS_LOTUS_2024_11_29_b667d9d01f_N01,NEWS_LOTUS_2024_11_29_b667d9d01f,news,news_quality,news_general_quality,filter_news_final,qwen3:8b,N01,Factual accuracy and internal consistency,3,1,5,0.3,50.0,15.0,NEWS_P001,"KUALA LUMPUR: Lotus KFM Bhd is optimistic about its prospects, supported by its strategic diversification initiatives, including ventures into sustainable resources such as bioenergy material supplies and forest plantati",model,"The article provides internal consistency with financial figures and strategic statements, but lacks detailed third-party verification or deeper analysis on the factual claims about bioenergy ventures.",,2026-07-01T08:28:19+00:00,2026-07-01T08:28:22+00:00,2026-06-15,qwen3:8b,ollama,0.0,42,4096,192,false,false,ollama_format_schema,news_single_dimension_v3_strict_calibration,2026-07-01T08:28:19+00:00,05_raw_model_outputs/news_final_full/NEWS_LOTUS_2024_11_29_b667d9d01f_N01_raw.json,,parsed,valid
NEWS_LOTUS_2024_11_29_b667d9d01f_N02,NEWS_LOTUS_2024_11_29_b667d9d01f,news,news_quality,news_general_quality,filter_news_final,qwen3:8b,N02,Source transparency and verifiability,3,1,5,0.25,50.0,12.5,NEWS_P001,"KUALA LUMPUR: Lotus KFM Bhd is optimistic about its prospects, supported by its strategic diversification initiatives, including ventures into sustainable resources such as bioenergy material supplies and forest plantati",model,"The article provides some financial figures and quotes from the company's management, but lacks independent verification or third-party sources, which limits source transparency.",,2026-07-01T08:28:22+00:00,2026-07-01T08:28:24+00:00,2026-06-15,qwen3:8b,ollama,0.0,42,4096,192,false,false,ollama_format_schema,news_single_dimension_v3_strict_calibration,2026-07-01T08:28:22+00:00,05_raw_model_outputs/news_final_full/NEWS_LOTUS_2024_11_29_b667d9d01f_N02_raw.json,,parsed,valid
NEWS_LOTUS_2024_11_29_b667d9d01f_N03,NEWS_LOTUS_2024_11_29_b667d9d01f,news,news_quality,news_general_quality,filter_news_final,qwen3:8b,N03,Balance and objectivity,3,1,5,0.15,50.0,7.5,NEWS_P001,"KUALA LUMPUR: Lotus KFM Bhd is optimistic about its prospects, supported by its strategic diversification initiatives, including ventures into sustainable resources such as bioenergy material supplies and forest plantati",model,"The article presents the company's optimistic outlook and growth plans without critical analysis or third-party perspectives, lacking balanced treatment of claims.",,2026-07-01T08:28:24+00:00,2026-07-01T08:28:26+00:00,2026-06-15,qwen3:8b,ollama,0.0,42,4096,192,false,false,ollama_format_schema,news_single_dimension_v3_strict_calibration,2026-07-01T08:28:24+00:00,05_raw_model_outputs/news_final_full/NEWS_LOTUS_2024_11_29_b667d9d01f_N03_raw.json,,parsed,valid
NEWS_LOTUS_2024_11_29_b667d9d01f_N04,NEWS_LOTUS_2024_11_29_b667d9d01f,news,news_quality,news_general_quality,filter_news_final,qwen3:8b,N04,Relevance and information increment,3,1,5,0.2,50.0,10.0,NEWS_P001,"KUALA LUMPUR: Lotus KFM Bhd is optimistic about its prospects, supported by its strategic diversification initiatives, including ventures into sustainable resources such as bioenergy material supplies and forest plantati",model,"The article provides basic company information and financial results but lacks detailed insights into the bioenergy and plantation ventures, which are mentioned as key growth areas. The content is more about current performance than substantive information on new initiatives.",,2026-07-01T08:28:26+00:00,2026-07-01T08:28:29+00:00,2026-06-15,qwen3:8b,ollama,0.0,42,4096,192,false,false,ollama_format_schema,news_single_dimension_v3_strict_calibration,2026-07-01T08:28:26+00:00,05_raw_model_outputs/news_final_full/NEWS_LOTUS_2024_11_29_b667d9d01f_N04_raw.json,,parsed,valid
NEWS_LOTUS_2024_11_29_b667d9d01f_N05,NEWS_LOTUS_2024_11_29_b667d9d01f,news,news_quality,news_general_quality,filter_news_final,qwen3:8b,N05,Expression clarity and headline fit,4,1,5,0.1,75.0,7.5,TITLE,Lotus KFM eyes growth with bioenergy and plantation ventures,model,"Headline clearly reflects the article's focus on growth through bioenergy and plantation ventures, with clear and concise expression.",,2026-07-01T08:28:29+00:00,2026-07-01T08:28:31+00:00,2026-06-15,qwen3:8b,ollama,0.0,42,4096,192,false,false,ollama_format_schema,news_single_dimension_v3_strict_calibration,2026-07-01T08:28:29+00:00,05_raw_model_outputs/news_final_full/NEWS_LOTUS_2024_11_29_b667d9d01f_N05_raw.json,,parsed,valid
NEWS_MSM_2025_11_28_908d08456a_N01,NEWS_MSM_2025_11_28_908d08456a,news,news_quality,news_general_quality,filter_news_final,qwen3:8b,N01,Factual accuracy and internal consistency,4,1,5,0.3,75.0,22.5,NEWS_P001,"KUALA LUMPUR: MSM Malaysia Bhd is looking forward to better prospects in 2026 due to low raw sugar prices, even as it acknowledged continued challenges in the current financial year. According to MSM acting group CEO Has",model,"The article provides internal consistency with factual claims about low raw sugar prices, financial performance, and operational strategies, though it lacks independent verification sources.",,2026-07-01T08:28:31+00:00,2026-07-01T08:28:34+00:00,2026-06-15,qwen3:8b,ollama,0.0,42,4096,192,false,false,ollama_format_schema,news_single_dimension_v3_strict_calibration,2026-07-01T08:28:31+00:00,05_raw_model_outputs/news_final_full/NEWS_MSM_2025_11_28_908d08456a_N01_raw.json,,parsed,valid
NEWS_MSM_2025_11_28_908d08456a_N02,NEWS_MSM_2025_11_28_908d08456a,news,news_quality,news_general_quality,filter_news_final,qwen3:8b,N02,Source transparency and verifiability,4,1,5,0.25,75.0,18.75,NEWS_P001,"KUALA LUMPUR: MSM Malaysia Bhd is looking forward to better prospects in 2026 due to low raw sugar prices, even as it acknowledged continued challenges in the current financial year. According to MSM acting group CEO Has",model,"The article attributes statements to Hasni Ahmad, the acting group CEO, and provides specific financial data with verifiable cues like net loss figures and revenue changes.",,2026-07-01T08:28:34+00:00,2026-07-01T08:28:36+00:00,2026-06-15,qwen3:8b,ollama,0.0,42,4096,192,false,false,ollama_format_schema,news_single_dimension_v3_strict_calibration,2026-07-01T08:28:34+00:00,05_raw_model_outputs/news_final_full/NEWS_MSM_2025_11_28_908d08456a_N02_raw.json,,parsed,valid
NEWS_MSM_2025_11_28_908d08456a_N03,NEWS_MSM_2025_11_28_908d08456a,news,news_quality,news_general_quality,filter_news_final,qwen3:8b,N03,Balance and objectivity,3,1,5,0.15,50.0,7.5,NEWS_P001,"KUALA LUMPUR: MSM Malaysia Bhd is looking forward to better prospects in 2026 due to low raw sugar prices, even as it acknowledged continued challenges in the current financial year. According to MSM acting group CEO Has",model,"The article presents the company's positive outlook while acknowledging challenges, but lacks independent perspectives or critical analysis, resulting in a basic balance.",,2026-07-01T08:28:36+00:00,2026-07-01T08:28:39+00:00,2026-06-15,qwen3:8b,ollama,0.0,42,4096,192,false,false,ollama_format_schema,news_single_dimension_v3_strict_calibration,2026-07-01T08:28:36+00:00,05_raw_model_outputs/news_final_full/NEWS_MSM_2025_11_28_908d08456a_N03_raw.json,,parsed,valid
NEWS_MSM_2025_11_28_908d08456a_N04,NEWS_MSM_2025_11_28_908d08456a,news,news_quality,news_general_quality,filter_news_final,qwen3:8b,N04,Relevance and information increment,3,1,5,0.2,50.0,10.0,NEWS_P001,"KUALA LUMPUR: MSM Malaysia Bhd is looking forward to better prospects in 2026 due to low raw sugar prices, even as it acknowledged continued challenges in the current financial year. According to MSM acting group CEO Has",model,"The article provides company-specific information on operational strategies and financial performance, but lacks deeper analysis or context on how these factors impact long-term relevance or information increment beyond generic market noise.",,2026-07-01T08:28:39+00:00,2026-07-01T08:28:42+00:00,2026-06-15,qwen3:8b,ollama,0.0,42,4096,192,false,false,ollama_format_schema,news_single_dimension_v3_strict_calibration,2026-07-01T08:28:39+00:00,05_raw_model_outputs/news_final_full/NEWS_MSM_2025_11_28_908d08456a_N04_raw.json,,parsed,valid
NEWS_MSM_2025_11_28_908d08456a_N05,NEWS_MSM_2025_11_28_908d08456a,news,news_quality,news_general_quality,filter_news_final,qwen3:8b,N05,Expression clarity and headline fit,5,1,5,0.1,100.0,10.0,TITLE,MSM Malaysia says low raw sugar prices bolster 2026 prospects,model,"Headline clearly reflects the article's focus on low raw sugar prices and 2026 prospects, with clear and concise expression.",,2026-07-01T08:28:42+00:00,2026-07-01T08:28:44+00:00,2026-06-15,qwen3:8b,ollama,0.0,42,4096,192,false,false,ollama_format_schema,news_single_dimension_v3_strict_calibration,2026-07-01T08:28:42+00:00,05_raw_model_outputs/news_final_full/NEWS_MSM_2025_11_28_908d08456a_N05_raw.json,,parsed,valid
NEWS_MSM_2025_09_18_bba3204f63_N01,NEWS_MSM_2025_09_18_bba3204f63,news,news_quality,news_general_quality,filter_news_final,qwen3:8b,N01,Factual accuracy and internal consistency,5,1,5,0.3,100.0,30.0,NEWS_P001,"BUTTERWORTH: The Federal Land Development Authority (Felda) has asked the government to consider abolishing the Approved Permit and Import Permit for refined sugar following a recent influx of the commodity, says Datuk S",model,"The article presents a coherent argument with factual claims about Felda's request to abolish sugar permits, citing surplus production and dumping concerns, supported by specific data and quotes from officials.",,2026-07-01T08:28:44+00:00,2026-07-01T08:28:48+00:00,2026-06-15,qwen3:8b,ollama,0.0,42,4096,192,false,false,ollama_format_schema,news_single_dimension_v3_strict_calibration,2026-07-01T08:28:44+00:00,05_raw_model_outputs/news_final_full/NEWS_MSM_2025_09_18_bba3204f63_N01_raw.json,,parsed,valid
NEWS_MSM_2025_09_18_bba3204f63_N02,NEWS_MSM_2025_09_18_bba3204f63,news,news_quality,news_general_quality,filter_news_final,qwen3:8b,N02,Source transparency and verifiability,4,1,5,0.25,75.0,18.75,NEWS_P001,"BUTTERWORTH: The Federal Land Development Authority (Felda) has asked the government to consider abolishing the Approved Permit and Import Permit for refined sugar following a recent influx of the commodity, says Datuk S",model,Clear attribution to Felda chairman and verifiable details about the sugar permit issue.,,2026-07-01T08:28:48+00:00,2026-07-01T08:28:50+00:00,2026-06-15,qwen3:8b,ollama,0.0,42,4096,192,false,false,ollama_format_schema,news_single_dimension_v3_strict_calibration,2026-07-01T08:28:48+00:00,05_raw_model_outputs/news_final_full/NEWS_MSM_2025_09_18_bba3204f63_N02_raw.json,,parsed,valid
NEWS_MSM_2025_09_18_bba3204f63_N03,NEWS_MSM_2025_09_18_bba3204f63,news,news_quality,news_general_quality,filter_news_final,qwen3:8b,N03,Balance and objectivity,3,1,5,0.15,50.0,7.5,NEWS_P001,"BUTTERWORTH: The Federal Land Development Authority (Felda) has asked the government to consider abolishing the Approved Permit and Import Permit for refined sugar following a recent influx of the commodity, says Datuk S",model,The article presents Felda's stance on abolishing sugar permits but lacks balanced reporting by not including opposing viewpoints or context on the impact of import restrictions.,,2026-07-01T08:28:50+00:00,2026-07-01T08:28:53+00:00,2026-06-15,qwen3:8b,ollama,0.0,42,4096,192,false,false,ollama_format_schema,news_single_dimension_v3_strict_calibration,2026-07-01T08:28:50+00:00,05_raw_model_outputs/news_final_full/NEWS_MSM_2025_09_18_bba3204f63_N03_raw.json,,parsed,valid
NEWS_MSM_2025_09_18_bba3204f63_N04,NEWS_MSM_2025_09_18_bba3204f63,news,news_quality,news_general_quality,filter_news_final,qwen3:8b,N04,Relevance and information increment,4,1,5,0.2,75.0,15.0,NEWS_P001,"BUTTERWORTH: The Federal Land Development Authority (Felda) has asked the government to consider abolishing the Approved Permit and Import Permit for refined sugar following a recent influx of the commodity, says Datuk S",model,"The article provides specific details about Felda's request to abolish sugar import permits, highlighting the impact on local producers and mentioning international price comparisons, which adds substantive information beyond generic market noise.",,2026-07-01T08:28:53+00:00,2026-07-01T08:28:57+00:00,2026-06-15,qwen3:8b,ollama,0.0,42,4096,192,false,false,ollama_format_schema,news_single_dimension_v3_strict_calibration,2026-07-01T08:28:53+00:00,05_raw_model_outputs/news_final_full/NEWS_MSM_2025_09_18_bba3204f63_N04_raw.json,,parsed,valid
NEWS_MSM_2025_09_18_bba3204f63_N05,NEWS_MSM_2025_09_18_bba3204f63,news,news_quality,news_general_quality,filter_news_final,qwen3:8b,N05,Expression clarity and headline fit,5,1,5,0.1,100.0,10.0,TITLE,Felda: Abolish permits for refined sugar,model,"The headline clearly and concisely expresses the main topic of the article, which is Felda's call to abolish permits for refined sugar, aligning well with the content provided in the article body.",,2026-07-01T08:28:57+00:00,2026-07-01T08:29:00+00:00,2026-06-15,qwen3:8b,ollama,0.0,42,4096,192,false,false,ollama_format_schema,news_single_dimension_v3_strict_calibration,2026-07-01T08:28:57+00:00,05_raw_model_outputs/news_final_full/NEWS_MSM_2025_09_18_bba3204f63_N05_raw.json,,parsed,valid
NEWS_MSM_2025_09_11_d997c2e9df_N01,NEWS_MSM_2025_09_11_d997c2e9df,news,news_quality,news_general_quality,filter_news_final,qwen3:8b,N01,Factual accuracy and internal consistency,4,1,5,0.3,75.0,22.5,NEWS_P001,"PETALING JAYA: There could be further upside for investors in value-for-money retailing brands and consumer staples amid frequent bargain hunting in the current economic environment, analysts say. According to BIMB Resea",model,"The article provides internally consistent analysis with factual claims about consumer behavior, market trends, and specific company performance, though some details like exact figures may lack independent verification.",,2026-07-01T08:29:00+00:00,2026-07-01T08:29:03+00:00,2026-06-15,qwen3:8b,ollama,0.0,42,4096,192,false,false,ollama_format_schema,news_single_dimension_v3_strict_calibration,2026-07-01T08:29:00+00:00,05_raw_model_outputs/news_final_full/NEWS_MSM_2025_09_11_d997c2e9df_N01_raw.json,,parsed,valid
NEWS_MSM_2025_09_11_d997c2e9df_N02,NEWS_MSM_2025_09_11_d997c2e9df,news,news_quality,news_general_quality,filter_news_final,qwen3:8b,N02,Source transparency and verifiability,4,1,5,0.25,75.0,18.75,NEWS_P001,"PETALING JAYA: There could be further upside for investors in value-for-money retailing brands and consumer staples amid frequent bargain hunting in the current economic environment, analysts say. According to BIMB Resea",model,"The article cites BIMB Research as the source and provides verifiable data on market performance, including specific financial figures and company names, supporting source transparency.",,2026-07-01T08:29:03+00:00,2026-07-01T08:29:07+00:00,2026-06-15,qwen3:8b,ollama,0.0,42,4096,192,false,false,ollama_format_schema,news_single_dimension_v3_strict_calibration,2026-07-01T08:29:03+00:00,05_raw_model_outputs/news_final_full/NEWS_MSM_2025_09_11_d997c2e9df_N02_raw.json,,parsed,valid
NEWS_MSM_2025_09_11_d997c2e9df_N03,NEWS_MSM_2025_09_11_d997c2e9df,news,news_quality,news_general_quality,filter_news_final,qwen3:8b,N03,Balance and objectivity,4,1,5,0.15,75.0,11.25,NEWS_P001,"PETALING JAYA: There could be further upside for investors in value-for-money retailing brands and consumer staples amid frequent bargain hunting in the current economic environment, analysts say. According to BIMB Resea",model,"The article presents a balanced view by discussing both positive and cautionary factors, including risks and mixed performance across different stocks.",,2026-07-01T08:29:07+00:00,2026-07-01T08:29:10+00:00,2026-06-15,qwen3:8b,ollama,0.0,42,4096,192,false,false,ollama_format_schema,news_single_dimension_v3_strict_calibration,2026-07-01T08:29:07+00:00,05_raw_model_outputs/news_final_full/NEWS_MSM_2025_09_11_d997c2e9df_N03_raw.json,,parsed,valid
NEWS_MSM_2025_09_11_d997c2e9df_N04,NEWS_MSM_2025_09_11_d997c2e9df,news,news_quality,news_general_quality,filter_news_final,qwen3:8b,N04,Relevance and information increment,4,1,5,0.2,75.0,15.0,NEWS_P001,"PETALING JAYA: There could be further upside for investors in value-for-money retailing brands and consumer staples amid frequent bargain hunting in the current economic environment, analysts say. According to BIMB Resea",model,"The article provides relevant analysis on consumer sector performance, including specific company examples and market trends, adding substance beyond generic market noise.",,2026-07-01T08:29:10+00:00,2026-07-01T08:29:13+00:00,2026-06-15,qwen3:8b,ollama,0.0,42,4096,192,false,false,ollama_format_schema,news_single_dimension_v3_strict_calibration,2026-07-01T08:29:10+00:00,05_raw_model_outputs/news_final_full/NEWS_MSM_2025_09_11_d997c2e9df_N04_raw.json,,parsed,valid
NEWS_MSM_2025_09_11_d997c2e9df_N05,NEWS_MSM_2025_09_11_d997c2e9df,news,news_quality,news_general_quality,filter_news_final,qwen3:8b,N05,Expression clarity and headline fit,5,1,5,0.1,100.0,10.0,TITLE,Switch to value stocks holds investor potential,model,"Headline clearly reflects the article's focus on value stocks and investor potential, with clear and concise expression.",,2026-07-01T08:29:13+00:00,2026-07-01T08:29:16+00:00,2026-06-15,qwen3:8b,ollama,0.0,42,4096,192,false,false,ollama_format_schema,news_single_dimension_v3_strict_calibration,2026-07-01T08:29:13+00:00,05_raw_model_outputs/news_final_full/NEWS_MSM_2025_09_11_d997c2e9df_N05_raw.json,,parsed,valid
NEWS_MSM_2025_07_03_50b881c980_N01,NEWS_MSM_2025_07_03_50b881c980,news,news_quality,news_general_quality,filter_news_final,qwen3:8b,N01,Factual accuracy and internal consistency,4,1,5,0.3,75.0,22.5,NEWS_P001,"PETALING JAYA: MSM Malaysia Holdings Bhd has appointed Hasni Ahmad as its acting group chief executive officer following the resignation of Syed Feizal Syed Mohammad. In a filing with Bursa Malaysia, the sugar producer s",model,"Article provides clear factual claims about the appointment, includes verifiable details like the resignation reason and Hasni's role, and is internally consistent.",,2026-07-01T08:29:16+00:00,2026-07-01T08:29:18+00:00,2026-06-15,qwen3:8b,ollama,0.0,42,4096,192,false,false,ollama_format_schema,news_single_dimension_v3_strict_calibration,2026-07-01T08:29:16+00:00,05_raw_model_outputs/news_final_full/NEWS_MSM_2025_07_03_50b881c980_N01_raw.json,,parsed,valid
NEWS_MSM_2025_07_03_50b881c980_N02,NEWS_MSM_2025_07_03_50b881c980,news,news_quality,news_general_quality,filter_news_final,qwen3:8b,N02,Source transparency and verifiability,4,1,5,0.25,75.0,18.75,NEWS_P001,"PETALING JAYA: MSM Malaysia Holdings Bhd has appointed Hasni Ahmad as its acting group chief executive officer following the resignation of Syed Feizal Syed Mohammad. In a filing with Bursa Malaysia, the sugar producer s",model,"The article provides verifiable details such as the filing with Bursa Malaysia, the resignation reason, and Hasni's appointment, supporting source transparency.",,2026-07-01T08:29:18+00:00,2026-07-01T08:29:21+00:00,2026-06-15,qwen3:8b,ollama,0.0,42,4096,192,false,false,ollama_format_schema,news_single_dimension_v3_strict_calibration,2026-07-01T08:29:18+00:00,05_raw_model_outputs/news_final_full/NEWS_MSM_2025_07_03_50b881c980_N02_raw.json,,parsed,valid
NEWS_MSM_2025_07_03_50b881c980_N03,NEWS_MSM_2025_07_03_50b881c980,news,news_quality,news_general_quality,filter_news_final,qwen3:8b,N03,Balance and objectivity,3,1,5,0.15,50.0,7.5,NEWS_P001,"PETALING JAYA: MSM Malaysia Holdings Bhd has appointed Hasni Ahmad as its acting group chief executive officer following the resignation of Syed Feizal Syed Mohammad. In a filing with Bursa Malaysia, the sugar producer s",model,"The article presents the appointment neutrally, but lacks external perspectives or critical analysis, which limits balance.",,2026-07-01T08:29:21+00:00,2026-07-01T08:29:22+00:00,2026-06-15,qwen3:8b,ollama,0.0,42,4096,192,false,false,ollama_format_schema,news_single_dimension_v3_strict_calibration,2026-07-01T08:29:21+00:00,05_raw_model_outputs/news_final_full/NEWS_MSM_2025_07_03_50b881c980_N03_raw.json,,parsed,valid
NEWS_MSM_2025_07_03_50b881c980_N04,NEWS_MSM_2025_07_03_50b881c980,news,news_quality,news_general_quality,filter_news_final,qwen3:8b,N04,Relevance and information increment,3,1,5,0.2,50.0,10.0,NEWS_P001,"PETALING JAYA: MSM Malaysia Holdings Bhd has appointed Hasni Ahmad as its acting group chief executive officer following the resignation of Syed Feizal Syed Mohammad. In a filing with Bursa Malaysia, the sugar producer s",model,"The article provides basic information about the CEO appointment and some background on Hasni Ahmad, but lacks deeper insights into the strategic implications or operational changes for MSM.",,2026-07-01T08:29:22+00:00,2026-07-01T08:29:25+00:00,2026-06-15,qwen3:8b,ollama,0.0,42,4096,192,false,false,ollama_format_schema,news_single_dimension_v3_strict_calibration,2026-07-01T08:29:22+00:00,05_raw_model_outputs/news_final_full/NEWS_MSM_2025_07_03_50b881c980_N04_raw.json,,parsed,valid
NEWS_MSM_2025_07_03_50b881c980_N05,NEWS_MSM_2025_07_03_50b881c980,news,news_quality,news_general_quality,filter_news_final,qwen3:8b,N05,Expression clarity and headline fit,4,1,5,0.1,75.0,7.5,NEWS_P001,"PETALING JAYA: MSM Malaysia Holdings Bhd has appointed Hasni Ahmad as its acting group chief executive officer following the resignation of Syed Feizal Syed Mohammad. In a filing with Bursa Malaysia, the sugar producer s",model,"Headline clearly reflects the content about the appointment of a new acting CEO, with straightforward language and alignment between the title and the article body.",,2026-07-01T08:29:25+00:00,2026-07-01T08:29:27+00:00,2026-06-15,qwen3:8b,ollama,0.0,42,4096,192,false,false,ollama_format_schema,news_single_dimension_v3_strict_calibration,2026-07-01T08:29:25+00:00,05_raw_model_outputs/news_final_full/NEWS_MSM_2025_07_03_50b881c980_N05_raw.json,,parsed,valid
NEWS_MSM_2025_07_02_5b7f705160_N01,NEWS_MSM_2025_07_02_5b7f705160,news,news_quality,news_general_quality,filter_news_final,qwen3:8b,N01,Factual accuracy and internal consistency,5,1,5,0.3,100.0,30.0,NEWS_P001,"KUALA LUMPUR: MSM Malaysia Holdings Bhd has appointed Hasni Ahmad as acting group chief executive officer (CEO) effective July 3, 2025. Hasni, 57, who is currently the group chief operating officer, will assume the respo",model,"The article provides clear, internally consistent factual claims about the appointment and resignation, with verifiable details like dates, positions, and educational background.",,2026-07-01T08:29:27+00:00,2026-07-01T08:29:29+00:00,2026-06-15,qwen3:8b,ollama,0.0,42,4096,192,false,false,ollama_format_schema,news_single_dimension_v3_strict_calibration,2026-07-01T08:29:27+00:00,05_raw_model_outputs/news_final_full/NEWS_MSM_2025_07_02_5b7f705160_N01_raw.json,,parsed,valid
NEWS_MSM_2025_07_02_5b7f705160_N02,NEWS_MSM_2025_07_02_5b7f705160,news,news_quality,news_general_quality,filter_news_final,qwen3:8b,N02,Source transparency and verifiability,4,1,5,0.25,75.0,18.75,NEWS_P001,"KUALA LUMPUR: MSM Malaysia Holdings Bhd has appointed Hasni Ahmad as acting group chief executive officer (CEO) effective July 3, 2025. Hasni, 57, who is currently the group chief operating officer, will assume the respo",model,"The article provides clear attribution to the source, includes verifiable details such as the appointment date, and references a filing with Bursa Malaysia, supporting source transparency and verifiability.",,2026-07-01T08:29:29+00:00,2026-07-01T08:29:31+00:00,2026-06-15,qwen3:8b,ollama,0.0,42,4096,192,false,false,ollama_format_schema,news_single_dimension_v3_strict_calibration,2026-07-01T08:29:29+00:00,05_raw_model_outputs/news_final_full/NEWS_MSM_2025_07_02_5b7f705160_N02_raw.json,,parsed,valid
NEWS_MSM_2025_07_02_5b7f705160_N03,NEWS_MSM_2025_07_02_5b7f705160,news,news_quality,news_general_quality,filter_news_final,qwen3:8b,N03,Balance and objectivity,3,1,5,0.15,50.0,7.5,NEWS_P001,"KUALA LUMPUR: MSM Malaysia Holdings Bhd has appointed Hasni Ahmad as acting group chief executive officer (CEO) effective July 3, 2025. Hasni, 57, who is currently the group chief operating officer, will assume the respo",model,"The article presents the appointment and resignation without additional context or balanced perspectives, lacking depth on implications or external opinions.",,2026-07-01T08:29:31+00:00,2026-07-01T08:29:33+00:00,2026-06-15,qwen3:8b,ollama,0.0,42,4096,192,false,false,ollama_format_schema,news_single_dimension_v3_strict_calibration,2026-07-01T08:29:31+00:00,05_raw_model_outputs/news_final_full/NEWS_MSM_2025_07_02_5b7f705160_N03_raw.json,,parsed,valid
NEWS_MSM_2025_07_02_5b7f705160_N04,NEWS_MSM_2025_07_02_5b7f705160,news,news_quality,news_general_quality,filter_news_final,qwen3:8b,N04,Relevance and information increment,3,1,5,0.2,50.0,10.0,NEWS_P001,"KUALA LUMPUR: MSM Malaysia Holdings Bhd has appointed Hasni Ahmad as acting group chief executive officer (CEO) effective July 3, 2025. Hasni, 57, who is currently the group chief operating officer, will assume the respo",model,"The article provides basic information about a CEO appointment and resignation, but lacks deeper context on the implications for the company's operations, strategy, or market position, which are required for higher relevance.",,2026-07-01T08:29:33+00:00,2026-07-01T08:29:35+00:00,2026-06-15,qwen3:8b,ollama,0.0,42,4096,192,false,false,ollama_format_schema,news_single_dimension_v3_strict_calibration,2026-07-01T08:29:33+00:00,05_raw_model_outputs/news_final_full/NEWS_MSM_2025_07_02_5b7f705160_N04_raw.json,,parsed,valid
NEWS_MSM_2025_07_02_5b7f705160_N05,NEWS_MSM_2025_07_02_5b7f705160,news,news_quality,news_general_quality,filter_news_final,qwen3:8b,N05,Expression clarity and headline fit,5,1,5,0.1,100.0,10.0,TITLE,MSM appoints Hasni Ahmad as acting CEO following Syed Feizal’s resignation,model,"Headline clearly states the appointment and reason, aligning perfectly with the article content.",,2026-07-01T08:29:35+00:00,2026-07-01T08:29:36+00:00,2026-06-15,qwen3:8b,ollama,0.0,42,4096,192,false,false,ollama_format_schema,news_single_dimension_v3_strict_calibration,2026-07-01T08:29:35+00:00,05_raw_model_outputs/news_final_full/NEWS_MSM_2025_07_02_5b7f705160_N05_raw.json,,parsed,valid
NEWS_MSM_2025_06_20_60bfc7df84_N01,NEWS_MSM_2025_06_20_60bfc7df84,news,news_quality,news_general_quality,filter_news_final,qwen3:8b,N01,Factual accuracy and internal consistency,5,1,5,0.3,100.0,30.0,NEWS_P001,"PETALING JAYA: Refined sugar, commonly known as white sugar, will remain untaxed under the revised sales and service tax (SST) framework set to take effect from July 1, says the Finance Ministry. Addressing concerns rais",model,"The article provides clear, internally consistent factual claims about the tax exemption for refined sugar, citing the government's policy and specific legal provisions.",,2026-07-01T08:29:36+00:00,2026-07-01T08:29:39+00:00,2026-06-15,qwen3:8b,ollama,0.0,42,4096,192,false,false,ollama_format_schema,news_single_dimension_v3_strict_calibration,2026-07-01T08:29:36+00:00,05_raw_model_outputs/news_final_full/NEWS_MSM_2025_06_20_60bfc7df84_N01_raw.json,,parsed,valid
NEWS_MSM_2025_06_20_60bfc7df84_N02,NEWS_MSM_2025_06_20_60bfc7df84,news,news_quality,news_general_quality,filter_news_final,qwen3:8b,N02,Source transparency and verifiability,4,1,5,0.25,75.0,18.75,NEWS_P001,"PETALING JAYA: Refined sugar, commonly known as white sugar, will remain untaxed under the revised sales and service tax (SST) framework set to take effect from July 1, says the Finance Ministry. Addressing concerns rais",model,The article clearly attributes the statement to the Finance Ministry and provides a verifiable source through the official statement and government order reference.,,2026-07-01T08:29:39+00:00,2026-07-01T08:29:41+00:00,2026-06-15,qwen3:8b,ollama,0.0,42,4096,192,false,false,ollama_format_schema,news_single_dimension_v3_strict_calibration,2026-07-01T08:29:39+00:00,05_raw_model_outputs/news_final_full/NEWS_MSM_2025_06_20_60bfc7df84_N02_raw.json,,parsed,valid
NEWS_MSM_2025_06_20_60bfc7df84_N03,NEWS_MSM_2025_06_20_60bfc7df84,news,news_quality,news_general_quality,filter_news_final,qwen3:8b,N03,Balance and objectivity,4,1,5,0.15,75.0,11.25,NEWS_P001,"PETALING JAYA: Refined sugar, commonly known as white sugar, will remain untaxed under the revised sales and service tax (SST) framework set to take effect from July 1, says the Finance Ministry. Addressing concerns rais",model,"The article presents the Finance Ministry's stance on tax exemption for refined sugar without overt bias, but lacks independent perspectives or critical analysis of the policy's implications.",,2026-07-01T08:29:41+00:00,2026-07-01T08:29:44+00:00,2026-06-15,qwen3:8b,ollama,0.0,42,4096,192,false,false,ollama_format_schema,news_single_dimension_v3_strict_calibration,2026-07-01T08:29:41+00:00,05_raw_model_outputs/news_final_full/NEWS_MSM_2025_06_20_60bfc7df84_N03_raw.json,,parsed,valid
NEWS_MSM_2025_06_20_60bfc7df84_N04,NEWS_MSM_2025_06_20_60bfc7df84,news,news_quality,news_general_quality,filter_news_final,qwen3:8b,N04,Relevance and information increment,4,1,5,0.2,75.0,15.0,NEWS_P001,"PETALING JAYA: Refined sugar, commonly known as white sugar, will remain untaxed under the revised sales and service tax (SST) framework set to take effect from July 1, says the Finance Ministry. Addressing concerns rais",model,"The article provides specific information about the tax exemption for refined sugar and its implications for MSM Malaysia Holdings Berhad, adding substance beyond generic market noise.",,2026-07-01T08:29:44+00:00,2026-07-01T08:29:46+00:00,2026-06-15,qwen3:8b,ollama,0.0,42,4096,192,false,false,ollama_format_schema,news_single_dimension_v3_strict_calibration,2026-07-01T08:29:44+00:00,05_raw_model_outputs/news_final_full/NEWS_MSM_2025_06_20_60bfc7df84_N04_raw.json,,parsed,valid
NEWS_MSM_2025_06_20_60bfc7df84_N05,NEWS_MSM_2025_06_20_60bfc7df84,news,news_quality,news_general_quality,filter_news_final,qwen3:8b,N05,Expression clarity and headline fit,5,1,5,0.1,100.0,10.0,TITLE,"Refined sugar to stay tax-exempt, says Finance Ministry",model,"Headline clearly states the main point of the article about refined sugar remaining tax-exempt, with direct alignment between the title and the content.",,2026-07-01T08:29:46+00:00,2026-07-01T08:29:48+00:00,2026-06-15,qwen3:8b,ollama,0.0,42,4096,192,false,false,ollama_format_schema,news_single_dimension_v3_strict_calibration,2026-07-01T08:29:46+00:00,05_raw_model_outputs/news_final_full/NEWS_MSM_2025_06_20_60bfc7df84_N05_raw.json,,parsed,valid
NEWS_MSM_2025_06_20_ee796bcae3_N01,NEWS_MSM_2025_06_20_ee796bcae3,news,news_quality,news_general_quality,filter_news_final,qwen3:8b,N01,Factual accuracy and internal consistency,4,1,5,0.3,75.0,22.5,NEWS_P001,"KUALA LUMPUR: MSM Malaysia Holdings Bhd is targeting a significant jump in export volumes of value-added products like liquid sugar and premixes from MSM Johor this year. The group aims to ramp up exports to 360,000 tonn",model,"The article provides specific targets and explanations for export growth, with internal consistency in the company's strategy and production capacity.",,2026-07-01T08:29:48+00:00,2026-07-01T08:29:51+00:00,2026-06-15,qwen3:8b,ollama,0.0,42,4096,192,false,false,ollama_format_schema,news_single_dimension_v3_strict_calibration,2026-07-01T08:29:48+00:00,05_raw_model_outputs/news_final_full/NEWS_MSM_2025_06_20_ee796bcae3_N01_raw.json,,parsed,valid
NEWS_MSM_2025_06_20_ee796bcae3_N02,NEWS_MSM_2025_06_20_ee796bcae3,news,news_quality,news_general_quality,filter_news_final,qwen3:8b,N02,Source transparency and verifiability,4,1,5,0.25,75.0,18.75,NEWS_P001,"KUALA LUMPUR: MSM Malaysia Holdings Bhd is targeting a significant jump in export volumes of value-added products like liquid sugar and premixes from MSM Johor this year. The group aims to ramp up exports to 360,000 tonn",model,"The article provides clear attribution to the CEO and mentions specific details about production capacity and strategic partnerships, supporting verifiability.",,2026-07-01T08:29:51+00:00,2026-07-01T08:29:53+00:00,2026-06-15,qwen3:8b,ollama,0.0,42,4096,192,false,false,ollama_format_schema,news_single_dimension_v3_strict_calibration,2026-07-01T08:29:51+00:00,05_raw_model_outputs/news_final_full/NEWS_MSM_2025_06_20_ee796bcae3_N02_raw.json,,parsed,valid
NEWS_MSM_2025_06_20_ee796bcae3_N03,NEWS_MSM_2025_06_20_ee796bcae3,news,news_quality,news_general_quality,filter_news_final,qwen3:8b,N03,Balance and objectivity,3,1,5,0.15,50.0,7.5,NEWS_P001,"KUALA LUMPUR: MSM Malaysia Holdings Bhd is targeting a significant jump in export volumes of value-added products like liquid sugar and premixes from MSM Johor this year. The group aims to ramp up exports to 360,000 tonn",model,"The article presents the company's goals and strategies without critical analysis or opposing viewpoints, lacking balanced treatment of claims.",,2026-07-01T08:29:53+00:00,2026-07-01T08:29:56+00:00,2026-06-15,qwen3:8b,ollama,0.0,42,4096,192,false,false,ollama_format_schema,news_single_dimension_v3_strict_calibration,2026-07-01T08:29:53+00:00,05_raw_model_outputs/news_final_full/NEWS_MSM_2025_06_20_ee796bcae3_N03_raw.json,,parsed,valid
NEWS_MSM_2025_06_20_ee796bcae3_N04,NEWS_MSM_2025_06_20_ee796bcae3,news,news_quality,news_general_quality,filter_news_final,qwen3:8b,N04,Relevance and information increment,4,1,5,0.2,75.0,15.0,NEWS_P001,"KUALA LUMPUR: MSM Malaysia Holdings Bhd is targeting a significant jump in export volumes of value-added products like liquid sugar and premixes from MSM Johor this year. The group aims to ramp up exports to 360,000 tonn",model,"The article provides specific targets and strategies for increasing export volumes, including production capacity and partnerships, which add substantive business information beyond generic market noise.",,2026-07-01T08:29:56+00:00,2026-07-01T08:29:58+00:00,2026-06-15,qwen3:8b,ollama,0.0,42,4096,192,false,false,ollama_format_schema,news_single_dimension_v3_strict_calibration,2026-07-01T08:29:56+00:00,05_raw_model_outputs/news_final_full/NEWS_MSM_2025_06_20_ee796bcae3_N04_raw.json,,parsed,valid
NEWS_MSM_2025_06_20_ee796bcae3_N05,NEWS_MSM_2025_06_20_ee796bcae3,news,news_quality,news_general_quality,filter_news_final,qwen3:8b,N05,Expression clarity and headline fit,5,1,5,0.1,100.0,10.0,TITLE,MSM Malaysia aims to increase export volumes,model,"Headline clearly states the company's goal of increasing export volumes, aligning directly with the article's content on export expansion strategies and targets.",,2026-07-01T08:29:58+00:00,2026-07-01T08:30:00+00:00,2026-06-15,qwen3:8b,ollama,0.0,42,4096,192,false,false,ollama_format_schema,news_single_dimension_v3_strict_calibration,2026-07-01T08:29:58+00:00,05_raw_model_outputs/news_final_full/NEWS_MSM_2025_06_20_ee796bcae3_N05_raw.json,,parsed,valid
NEWS_MSM_2025_06_19_1ebde10200_N01,NEWS_MSM_2025_06_19_1ebde10200,news,news_quality,news_general_quality,filter_news_final,qwen3:8b,N01,Factual accuracy and internal consistency,5,1,5,0.3,100.0,30.0,NEWS_P001,KUALA LUMPUR: MSM Malaysia Holdings Bhd reiterates its call for a tariff on imported sugar to address the ongoing influx of low-priced Thai sugar into the domestic market. Group chief executive officer Syed Feizal Syed M,model,"The article provides clear, internally consistent factual claims about MSM's call for a tariff on imported sugar, with specific details on production capacity and domestic demand, and references to past actions by Vietnam.",,2026-07-01T08:30:00+00:00,2026-07-01T08:30:04+00:00,2026-06-15,qwen3:8b,ollama,0.0,42,4096,192,false,false,ollama_format_schema,news_single_dimension_v3_strict_calibration,2026-07-01T08:30:00+00:00,05_raw_model_outputs/news_final_full/NEWS_MSM_2025_06_19_1ebde10200_N01_raw.json,,parsed,valid
NEWS_MSM_2025_06_19_1ebde10200_N02,NEWS_MSM_2025_06_19_1ebde10200,news,news_quality,news_general_quality,filter_news_final,qwen3:8b,N02,Source transparency and verifiability,4,1,5,0.25,75.0,18.75,NEWS_P001,KUALA LUMPUR: MSM Malaysia Holdings Bhd reiterates its call for a tariff on imported sugar to address the ongoing influx of low-priced Thai sugar into the domestic market. Group chief executive officer Syed Feizal Syed M,model,"The article clearly attributes the statements to MSM's CEO and includes direct quotes, providing verifiable sources and context.",,2026-07-01T08:30:04+00:00,2026-07-01T08:30:06+00:00,2026-06-15,qwen3:8b,ollama,0.0,42,4096,192,false,false,ollama_format_schema,news_single_dimension_v3_strict_calibration,2026-07-01T08:30:04+00:00,05_raw_model_outputs/news_final_full/NEWS_MSM_2025_06_19_1ebde10200_N02_raw.json,,parsed,valid
NEWS_MSM_2025_06_19_1ebde10200_N03,NEWS_MSM_2025_06_19_1ebde10200,news,news_quality,news_general_quality,filter_news_final,qwen3:8b,N03,Balance and objectivity,3,1,5,0.15,50.0,7.5,NEWS_P001,KUALA LUMPUR: MSM Malaysia Holdings Bhd reiterates its call for a tariff on imported sugar to address the ongoing influx of low-priced Thai sugar into the domestic market. Group chief executive officer Syed Feizal Syed M,model,"The article presents MSM's call for a tariff but lacks balanced coverage of opposing viewpoints or industry perspectives, resulting in a one-sided narrative.",,2026-07-01T08:30:06+00:00,2026-07-01T08:30:09+00:00,2026-06-15,qwen3:8b,ollama,0.0,42,4096,192,false,false,ollama_format_schema,news_single_dimension_v3_strict_calibration,2026-07-01T08:30:06+00:00,05_raw_model_outputs/news_final_full/NEWS_MSM_2025_06_19_1ebde10200_N03_raw.json,,parsed,valid
NEWS_MSM_2025_06_19_1ebde10200_N04,NEWS_MSM_2025_06_19_1ebde10200,news,news_quality,news_general_quality,filter_news_final,qwen3:8b,N04,Relevance and information increment,4,1,5,0.2,75.0,15.0,NEWS_P001,KUALA LUMPUR: MSM Malaysia Holdings Bhd reiterates its call for a tariff on imported sugar to address the ongoing influx of low-priced Thai sugar into the domestic market. Group chief executive officer Syed Feizal Syed M,model,"The article provides specific details about MSM's call for a tariff on imported sugar, including their joint request with CSR and the context of Thai sugar dumping, which adds substantive information beyond generic market noise.",,2026-07-01T08:30:09+00:00,2026-07-01T08:30:12+00:00,2026-06-15,qwen3:8b,ollama,0.0,42,4096,192,false,false,ollama_format_schema,news_single_dimension_v3_strict_calibration,2026-07-01T08:30:09+00:00,05_raw_model_outputs/news_final_full/NEWS_MSM_2025_06_19_1ebde10200_N04_raw.json,,parsed,valid
NEWS_MSM_2025_06_19_1ebde10200_N05,NEWS_MSM_2025_06_19_1ebde10200,news,news_quality,news_general_quality,filter_news_final,qwen3:8b,N05,Expression clarity and headline fit,5,1,5,0.1,100.0,10.0,TITLE,MSM reiterates call for tariff to curb dumping of imported sugar,model,"Headline clearly reflects the article's focus on MSM's call for a tariff to address imported sugar dumping, with direct alignment between the title and the content.",,2026-07-01T08:30:12+00:00,2026-07-01T08:30:14+00:00,2026-06-15,qwen3:8b,ollama,0.0,42,4096,192,false,false,ollama_format_schema,news_single_dimension_v3_strict_calibration,2026-07-01T08:30:12+00:00,05_raw_model_outputs/news_final_full/NEWS_MSM_2025_06_19_1ebde10200_N05_raw.json,,parsed,valid
NEWS_MSM_2025_03_20_3508a07a0e_N01,NEWS_MSM_2025_03_20_3508a07a0e,news,news_quality,news_general_quality,filter_news_final,qwen3:8b,N01,Factual accuracy and internal consistency,4,1,5,0.3,75.0,22.5,NEWS_P001,"KUALA LUMPUR: MSM Malaysia Holdings Bhd , the country’s leading refined sugar producer, plans to transform its Tanjung Langsat factory in Johor into an export hub within the next two to three years. Group chief executive",model,"The article provides internal consistency with specific details about the factory's current utilization rate, efficiency targets, and expansion plans, supported by quotes from the CEO.",,2026-07-01T08:30:14+00:00,2026-07-01T08:30:17+00:00,2026-06-15,qwen3:8b,ollama,0.0,42,4096,192,false,false,ollama_format_schema,news_single_dimension_v3_strict_calibration,2026-07-01T08:30:14+00:00,05_raw_model_outputs/news_final_full/NEWS_MSM_2025_03_20_3508a07a0e_N01_raw.json,,parsed,valid
NEWS_MSM_2025_03_20_3508a07a0e_N02,NEWS_MSM_2025_03_20_3508a07a0e,news,news_quality,news_general_quality,filter_news_final,qwen3:8b,N02,Source transparency and verifiability,4,1,5,0.25,75.0,18.75,NEWS_P001,"KUALA LUMPUR: MSM Malaysia Holdings Bhd , the country’s leading refined sugar producer, plans to transform its Tanjung Langsat factory in Johor into an export hub within the next two to three years. Group chief executive",model,"The article attributes statements to the CEO and provides specific details about the company's plans, but lacks independent verification sources or third-party confirmation.",,2026-07-01T08:30:17+00:00,2026-07-01T08:30:20+00:00,2026-06-15,qwen3:8b,ollama,0.0,42,4096,192,false,false,ollama_format_schema,news_single_dimension_v3_strict_calibration,2026-07-01T08:30:17+00:00,05_raw_model_outputs/news_final_full/NEWS_MSM_2025_03_20_3508a07a0e_N02_raw.json,,parsed,valid
NEWS_MSM_2025_03_20_3508a07a0e_N03,NEWS_MSM_2025_03_20_3508a07a0e,news,news_quality,news_general_quality,filter_news_final,qwen3:8b,N03,Balance and objectivity,3,1,5,0.15,50.0,7.5,NEWS_P001,"KUALA LUMPUR: MSM Malaysia Holdings Bhd , the country’s leading refined sugar producer, plans to transform its Tanjung Langsat factory in Johor into an export hub within the next two to three years. Group chief executive",model,"The article presents MSM's plans and statements without critical analysis or opposing viewpoints, lacking balanced treatment of claims.",,2026-07-01T08:30:20+00:00,2026-07-01T08:30:23+00:00,2026-06-15,qwen3:8b,ollama,0.0,42,4096,192,false,false,ollama_format_schema,news_single_dimension_v3_strict_calibration,2026-07-01T08:30:20+00:00,05_raw_model_outputs/news_final_full/NEWS_MSM_2025_03_20_3508a07a0e_N03_raw.json,,parsed,valid
NEWS_MSM_2025_03_20_3508a07a0e_N04,NEWS_MSM_2025_03_20_3508a07a0e,news,news_quality,news_general_quality,filter_news_final,qwen3:8b,N04,Relevance and information increment,4,1,5,0.2,75.0,15.0,NEWS_P001,"KUALA LUMPUR: MSM Malaysia Holdings Bhd , the country’s leading refined sugar producer, plans to transform its Tanjung Langsat factory in Johor into an export hub within the next two to three years. Group chief executive",model,"The article provides specific details about MSM's plans to transform Tanjung Langsat into an export hub, including efficiency targets and expansion into new markets, which adds substantive information beyond generic market noise.",,2026-07-01T08:30:23+00:00,2026-07-01T08:30:26+00:00,2026-06-15,qwen3:8b,ollama,0.0,42,4096,192,false,false,ollama_format_schema,news_single_dimension_v3_strict_calibration,2026-07-01T08:30:23+00:00,05_raw_model_outputs/news_final_full/NEWS_MSM_2025_03_20_3508a07a0e_N04_raw.json,,parsed,valid
NEWS_MSM_2025_03_20_3508a07a0e_N05,NEWS_MSM_2025_03_20_3508a07a0e,news,news_quality,news_general_quality,filter_news_final,qwen3:8b,N05,Expression clarity and headline fit,5,1,5,0.1,100.0,10.0,TITLE,"MSM plans Tg Langsat as sugar export hub, eyes new markets",model,Headline clearly reflects the article's focus on MSM's plan to establish Tg Langsat as an export hub and expand into new markets.,,2026-07-01T08:30:26+00:00,2026-07-01T08:30:28+00:00,2026-06-15,qwen3:8b,ollama,0.0,42,4096,192,false,false,ollama_format_schema,news_single_dimension_v3_strict_calibration,2026-07-01T08:30:26+00:00,05_raw_model_outputs/news_final_full/NEWS_MSM_2025_03_20_3508a07a0e_N05_raw.json,,parsed,valid
NEWS_MSM_2024_08_29_999c6cd4ed_N01,NEWS_MSM_2024_08_29_999c6cd4ed,news,news_quality,news_general_quality,filter_news_final,qwen3:8b,N01,Factual accuracy and internal consistency,4,1,5,0.3,75.0,22.5,NEWS_P001,"PETALING JAYA: Analysts are still cautious about FGV Holdings Bhd ’s prospects, despite improvement in the group’s latest second quarter of the financial year 2024 (2Q24) results. FGV posted a core net profit of RM102.8m",model,"The article provides consistent factual claims about FGV's financial performance, including specific figures and analyst comments, showing internal coherence.",,2026-07-01T08:30:28+00:00,2026-07-01T08:30:32+00:00,2026-06-15,qwen3:8b,ollama,0.0,42,4096,192,false,false,ollama_format_schema,news_single_dimension_v3_strict_calibration,2026-07-01T08:30:28+00:00,05_raw_model_outputs/news_final_full/NEWS_MSM_2024_08_29_999c6cd4ed_N01_raw.json,,parsed,valid
NEWS_MSM_2024_08_29_999c6cd4ed_N02,NEWS_MSM_2024_08_29_999c6cd4ed,news,news_quality,news_general_quality,filter_news_final,qwen3:8b,N02,Source transparency and verifiability,4,1,5,0.25,75.0,18.75,NEWS_P001,"PETALING JAYA: Analysts are still cautious about FGV Holdings Bhd ’s prospects, despite improvement in the group’s latest second quarter of the financial year 2024 (2Q24) results. FGV posted a core net profit of RM102.8m",model,Clear attribution to TA Research with verifiable forecasts and specific data points on FGV's performance.,,2026-07-01T08:30:32+00:00,2026-07-01T08:30:34+00:00,2026-06-15,qwen3:8b,ollama,0.0,42,4096,192,false,false,ollama_format_schema,news_single_dimension_v3_strict_calibration,2026-07-01T08:30:32+00:00,05_raw_model_outputs/news_final_full/NEWS_MSM_2024_08_29_999c6cd4ed_N02_raw.json,,parsed,valid
NEWS_MSM_2024_08_29_999c6cd4ed_N03,NEWS_MSM_2024_08_29_999c6cd4ed,news,news_quality,news_general_quality,filter_news_final,qwen3:8b,N03,Balance and objectivity,4,1,5,0.15,75.0,11.25,NEWS_P001,"PETALING JAYA: Analysts are still cautious about FGV Holdings Bhd ’s prospects, despite improvement in the group’s latest second quarter of the financial year 2024 (2Q24) results. FGV posted a core net profit of RM102.8m",model,"The article presents FGV's improved results and analyst forecasts with neutral language, but includes some promotional elements and lacks balanced perspectives on challenges.",,2026-07-01T08:30:34+00:00,2026-07-01T08:30:37+00:00,2026-06-15,qwen3:8b,ollama,0.0,42,4096,192,false,false,ollama_format_schema,news_single_dimension_v3_strict_calibration,2026-07-01T08:30:34+00:00,05_raw_model_outputs/news_final_full/NEWS_MSM_2024_08_29_999c6cd4ed_N03_raw.json,,parsed,valid
NEWS_MSM_2024_08_29_999c6cd4ed_N04,NEWS_MSM_2024_08_29_999c6cd4ed,news,news_quality,news_general_quality,filter_news_final,qwen3:8b,N04,Relevance and information increment,4,1,5,0.2,75.0,15.0,NEWS_P001,"PETALING JAYA: Analysts are still cautious about FGV Holdings Bhd ’s prospects, despite improvement in the group’s latest second quarter of the financial year 2024 (2Q24) results. FGV posted a core net profit of RM102.8m",model,"The article provides specific financial results, margin improvements, and forecasts, adding substantive information beyond generic market noise.",,2026-07-01T08:30:37+00:00,2026-07-01T08:30:40+00:00,2026-06-15,qwen3:8b,ollama,0.0,42,4096,192,false,false,ollama_format_schema,news_single_dimension_v3_strict_calibration,2026-07-01T08:30:37+00:00,05_raw_model_outputs/news_final_full/NEWS_MSM_2024_08_29_999c6cd4ed_N04_raw.json,,parsed,valid
NEWS_MSM_2024_08_29_999c6cd4ed_N05,NEWS_MSM_2024_08_29_999c6cd4ed,news,news_quality,news_general_quality,filter_news_final,qwen3:8b,N05,Expression clarity and headline fit,4,1,5,0.1,75.0,7.5,TITLE,FGV on track for a better 2H on rising production,model,"Headline clearly reflects the article's focus on FGV's improved second half performance and rising production, with clear and concise expression.",,2026-07-01T08:30:40+00:00,2026-07-01T08:30:43+00:00,2026-06-15,qwen3:8b,ollama,0.0,42,4096,192,false,false,ollama_format_schema,news_single_dimension_v3_strict_calibration,2026-07-01T08:30:40+00:00,05_raw_model_outputs/news_final_full/NEWS_MSM_2024_08_29_999c6cd4ed_N05_raw.json,,parsed,valid
NEWS_MSM_2024_08_23_14b0cd98e7_N01,NEWS_MSM_2024_08_23_14b0cd98e7,news,news_quality,news_general_quality,filter_news_final,qwen3:8b,N01,Factual accuracy and internal consistency,3,1,5,0.3,50.0,15.0,NEWS_P001,"KUALA LUMPUR: MSM Malaysia Holdings Bhd remains cautious about rising geopolitical tensions, which could increase input costs and impact financial performance. “The sugar industry continues to face elevated input costs, ",model,"The article provides internal consistency with factual claims about MSM's financial performance and strategies, but lacks detailed external verification and third-party sources.",,2026-07-01T08:30:43+00:00,2026-07-01T08:30:46+00:00,2026-06-15,qwen3:8b,ollama,0.0,42,4096,192,false,false,ollama_format_schema,news_single_dimension_v3_strict_calibration,2026-07-01T08:30:43+00:00,05_raw_model_outputs/news_final_full/NEWS_MSM_2024_08_23_14b0cd98e7_N01_raw.json,,parsed,valid
NEWS_MSM_2024_08_23_14b0cd98e7_N02,NEWS_MSM_2024_08_23_14b0cd98e7,news,news_quality,news_general_quality,filter_news_final,qwen3:8b,N02,Source transparency and verifiability,3,1,5,0.25,50.0,12.5,NEWS_P001,"KUALA LUMPUR: MSM Malaysia Holdings Bhd remains cautious about rising geopolitical tensions, which could increase input costs and impact financial performance. “The sugar industry continues to face elevated input costs, ",model,"The article provides a statement from the CEO and mentions the company's actions, but lacks independent verification or third-party sources, which limits source transparency.",,2026-07-01T08:30:46+00:00,2026-07-01T08:30:49+00:00,2026-06-15,qwen3:8b,ollama,0.0,42,4096,192,false,false,ollama_format_schema,news_single_dimension_v3_strict_calibration,2026-07-01T08:30:46+00:00,05_raw_model_outputs/news_final_full/NEWS_MSM_2024_08_23_14b0cd98e7_N02_raw.json,,parsed,valid
NEWS_MSM_2024_08_23_14b0cd98e7_N03,NEWS_MSM_2024_08_23_14b0cd98e7,news,news_quality,news_general_quality,filter_news_final,qwen3:8b,N03,Balance and objectivity,3,1,5,0.15,50.0,7.5,NEWS_P001,"KUALA LUMPUR: MSM Malaysia Holdings Bhd remains cautious about rising geopolitical tensions, which could increase input costs and impact financial performance. “The sugar industry continues to face elevated input costs, ",model,"The article presents MSM's statements and challenges without independent verification, showing a one-sided promotional tone.",,2026-07-01T08:30:49+00:00,2026-07-01T08:30:51+00:00,2026-06-15,qwen3:8b,ollama,0.0,42,4096,192,false,false,ollama_format_schema,news_single_dimension_v3_strict_calibration,2026-07-01T08:30:49+00:00,05_raw_model_outputs/news_final_full/NEWS_MSM_2024_08_23_14b0cd98e7_N03_raw.json,,parsed,valid
NEWS_MSM_2024_08_23_14b0cd98e7_N04,NEWS_MSM_2024_08_23_14b0cd98e7,news,news_quality,news_general_quality,filter_news_final,qwen3:8b,N04,Relevance and information increment,3,1,5,0.2,50.0,10.0,NEWS_P001,"KUALA LUMPUR: MSM Malaysia Holdings Bhd remains cautious about rising geopolitical tensions, which could increase input costs and impact financial performance. “The sugar industry continues to face elevated input costs, ",model,"The article discusses MSM's strategy to strengthen domestic sales and mentions challenges like geopolitical tensions and input costs, which provide some substance beyond generic market noise.",,2026-07-01T08:30:51+00:00,2026-07-01T08:30:53+00:00,2026-06-15,qwen3:8b,ollama,0.0,42,4096,192,false,false,ollama_format_schema,news_single_dimension_v3_strict_calibration,2026-07-01T08:30:51+00:00,05_raw_model_outputs/news_final_full/NEWS_MSM_2024_08_23_14b0cd98e7_N04_raw.json,,parsed,valid
NEWS_MSM_2024_08_23_14b0cd98e7_N05,NEWS_MSM_2024_08_23_14b0cd98e7,news,news_quality,news_general_quality,filter_news_final,qwen3:8b,N05,Expression clarity and headline fit,3,1,5,0.1,50.0,5.0,TITLE,MSM to strengthen domestic sales,model,"Headline aligns with the article's focus on domestic sales strategies, but lacks specificity and clarity in expressing the broader context of challenges and financial performance.",,2026-07-01T08:30:53+00:00,2026-07-01T08:30:56+00:00,2026-06-15,qwen3:8b,ollama,0.0,42,4096,192,false,false,ollama_format_schema,news_single_dimension_v3_strict_calibration,2026-07-01T08:30:53+00:00,05_raw_model_outputs/news_final_full/NEWS_MSM_2024_08_23_14b0cd98e7_N05_raw.json,,parsed,valid
NEWS_MSM_2024_08_22_7db1515566_N01,NEWS_MSM_2024_08_22_7db1515566,news,news_quality,news_general_quality,filter_news_final,qwen3:8b,N01,Factual accuracy and internal consistency,4,1,5,0.3,75.0,22.5,NEWS_P001,"KUALA LUMPUR: MSM Malaysia Holdings Bhd remains cautious about rising geopolitical tensions, which could increase input costs and impact financial performance. “The sugar industry continues to face elevated input costs, ",model,"The article provides internal consistency with factual claims about MSM's financial performance, challenges, and strategic responses, though it lacks independent verification sources.",,2026-07-01T08:30:56+00:00,2026-07-01T08:30:59+00:00,2026-06-15,qwen3:8b,ollama,0.0,42,4096,192,false,false,ollama_format_schema,news_single_dimension_v3_strict_calibration,2026-07-01T08:30:56+00:00,05_raw_model_outputs/news_final_full/NEWS_MSM_2024_08_22_7db1515566_N01_raw.json,,parsed,valid
NEWS_MSM_2024_08_22_7db1515566_N02,NEWS_MSM_2024_08_22_7db1515566,news,news_quality,news_general_quality,filter_news_final,qwen3:8b,N02,Source transparency and verifiability,4,1,5,0.25,75.0,18.75,NEWS_P001,"KUALA LUMPUR: MSM Malaysia Holdings Bhd remains cautious about rising geopolitical tensions, which could increase input costs and impact financial performance. “The sugar industry continues to face elevated input costs, ",model,"The article provides clear attribution to the company's statement and includes verifiable financial figures, though it lacks named third-party sources or official announcements.",,2026-07-01T08:30:59+00:00,2026-07-01T08:31:01+00:00,2026-06-15,qwen3:8b,ollama,0.0,42,4096,192,false,false,ollama_format_schema,news_single_dimension_v3_strict_calibration,2026-07-01T08:30:59+00:00,05_raw_model_outputs/news_final_full/NEWS_MSM_2024_08_22_7db1515566_N02_raw.json,,parsed,valid
NEWS_MSM_2024_08_22_7db1515566_N03,NEWS_MSM_2024_08_22_7db1515566,news,news_quality,news_general_quality,filter_news_final,qwen3:8b,N03,Balance and objectivity,3,1,5,0.15,50.0,7.5,NEWS_P001,"KUALA LUMPUR: MSM Malaysia Holdings Bhd remains cautious about rising geopolitical tensions, which could increase input costs and impact financial performance. “The sugar industry continues to face elevated input costs, ",model,"The article presents MSM's challenges and statements without overt bias, but lacks third-party perspectives or independent analysis, resulting in a basic balance.",,2026-07-01T08:31:01+00:00,2026-07-01T08:31:04+00:00,2026-06-15,qwen3:8b,ollama,0.0,42,4096,192,false,false,ollama_format_schema,news_single_dimension_v3_strict_calibration,2026-07-01T08:31:01+00:00,05_raw_model_outputs/news_final_full/NEWS_MSM_2024_08_22_7db1515566_N03_raw.json,,parsed,valid
NEWS_MSM_2024_08_22_7db1515566_N04,NEWS_MSM_2024_08_22_7db1515566,news,news_quality,news_general_quality,filter_news_final,qwen3:8b,N04,Relevance and information increment,4,1,5,0.2,75.0,15.0,NEWS_P001,"KUALA LUMPUR: MSM Malaysia Holdings Bhd remains cautious about rising geopolitical tensions, which could increase input costs and impact financial performance. “The sugar industry continues to face elevated input costs, ",model,"The article provides specific details on MSM's financial performance, challenges, and strategic responses, adding substantive information beyond generic market noise.",,2026-07-01T08:31:04+00:00,2026-07-01T08:31:06+00:00,2026-06-15,qwen3:8b,ollama,0.0,42,4096,192,false,false,ollama_format_schema,news_single_dimension_v3_strict_calibration,2026-07-01T08:31:04+00:00,05_raw_model_outputs/news_final_full/NEWS_MSM_2024_08_22_7db1515566_N04_raw.json,,parsed,valid
NEWS_MSM_2024_08_22_7db1515566_N05,NEWS_MSM_2024_08_22_7db1515566,news,news_quality,news_general_quality,filter_news_final,qwen3:8b,N05,Expression clarity and headline fit,5,1,5,0.1,100.0,10.0,TITLE,MSM posts bigger loss in 2Q,model,"Headline clearly states the key financial result of the article, aligning with the content about the wider net loss in 2Q.",,2026-07-01T08:31:06+00:00,2026-07-01T08:31:09+00:00,2026-06-15,qwen3:8b,ollama,0.0,42,4096,192,false,false,ollama_format_schema,news_single_dimension_v3_strict_calibration,2026-07-01T08:31:06+00:00,05_raw_model_outputs/news_final_full/NEWS_MSM_2024_08_22_7db1515566_N05_raw.json,,parsed,valid
NEWS_MSM_2024_06_06_16d8068e4d_N01,NEWS_MSM_2024_06_06_16d8068e4d,news,news_quality,news_general_quality,filter_news_final,qwen3:8b,N01,Factual accuracy and internal consistency,4,1,5,0.3,75.0,22.5,NEWS_P001,KUALA LUMPUR: MSM Malaysia Holdings Bhd will continue managing the hedging of sugar prices according to the market average as it looks forward to possible new mechanisms by the government to replace the temporary incenti,model,"The article provides internal consistency with factual claims about MSM Malaysia's hedging practices and government incentives, though it lacks independent verification of the RM1 per kg incentive.",,2026-07-01T08:31:09+00:00,2026-07-01T08:31:12+00:00,2026-06-15,qwen3:8b,ollama,0.0,42,4096,192,false,false,ollama_format_schema,news_single_dimension_v3_strict_calibration,2026-07-01T08:31:09+00:00,05_raw_model_outputs/news_final_full/NEWS_MSM_2024_06_06_16d8068e4d_N01_raw.json,,parsed,valid
NEWS_MSM_2024_06_06_16d8068e4d_N02,NEWS_MSM_2024_06_06_16d8068e4d,news,news_quality,news_general_quality,filter_news_final,qwen3:8b,N02,Source transparency and verifiability,4,1,5,0.25,75.0,18.75,NEWS_P001,KUALA LUMPUR: MSM Malaysia Holdings Bhd will continue managing the hedging of sugar prices according to the market average as it looks forward to possible new mechanisms by the government to replace the temporary incenti,model,Clear attribution to the company and includes verifiable details about the incentive and hedging mechanism.,,2026-07-01T08:31:12+00:00,2026-07-01T08:31:15+00:00,2026-06-15,qwen3:8b,ollama,0.0,42,4096,192,false,false,ollama_format_schema,news_single_dimension_v3_strict_calibration,2026-07-01T08:31:12+00:00,05_raw_model_outputs/news_final_full/NEWS_MSM_2024_06_06_16d8068e4d_N02_raw.json,,parsed,valid
NEWS_MSM_2024_06_06_16d8068e4d_N03,NEWS_MSM_2024_06_06_16d8068e4d,news,news_quality,news_general_quality,filter_news_final,qwen3:8b,N03,Balance and objectivity,3,1,5,0.15,50.0,7.5,NEWS_P001,KUALA LUMPUR: MSM Malaysia Holdings Bhd will continue managing the hedging of sugar prices according to the market average as it looks forward to possible new mechanisms by the government to replace the temporary incenti,model,"The article presents the company's perspective on sugar price hedging and government incentives without independent verification or alternative viewpoints, indicating a one-sided promotional tone.",,2026-07-01T08:31:15+00:00,2026-07-01T08:31:18+00:00,2026-06-15,qwen3:8b,ollama,0.0,42,4096,192,false,false,ollama_format_schema,news_single_dimension_v3_strict_calibration,2026-07-01T08:31:15+00:00,05_raw_model_outputs/news_final_full/NEWS_MSM_2024_06_06_16d8068e4d_N03_raw.json,,parsed,valid
NEWS_MSM_2024_06_06_16d8068e4d_N04,NEWS_MSM_2024_06_06_16d8068e4d,news,news_quality,news_general_quality,filter_news_final,qwen3:8b,N04,Relevance and information increment,4,1,5,0.2,75.0,15.0,NEWS_P001,KUALA LUMPUR: MSM Malaysia Holdings Bhd will continue managing the hedging of sugar prices according to the market average as it looks forward to possible new mechanisms by the government to replace the temporary incenti,model,"The article provides specific details about MSM Malaysia's hedging strategy and government incentives, adding relevant business information beyond generic market noise.",,2026-07-01T08:31:18+00:00,2026-07-01T08:31:21+00:00,2026-06-15,qwen3:8b,ollama,0.0,42,4096,192,false,false,ollama_format_schema,news_single_dimension_v3_strict_calibration,2026-07-01T08:31:18+00:00,05_raw_model_outputs/news_final_full/NEWS_MSM_2024_06_06_16d8068e4d_N04_raw.json,,parsed,valid
NEWS_MSM_2024_06_06_16d8068e4d_N05,NEWS_MSM_2024_06_06_16d8068e4d,news,news_quality,news_general_quality,filter_news_final,qwen3:8b,N05,Expression clarity and headline fit,5,1,5,0.1,100.0,10.0,TITLE,"MSM Malaysia to continue managing sugar price hedging, looks forward to new mechanism",model,Headline clearly reflects the article's focus on MSM Malaysia's continued management of sugar price hedging and anticipation of new mechanisms.,,2026-07-01T08:31:21+00:00,2026-07-01T08:31:24+00:00,2026-06-15,qwen3:8b,ollama,0.0,42,4096,192,false,false,ollama_format_schema,news_single_dimension_v3_strict_calibration,2026-07-01T08:31:21+00:00,05_raw_model_outputs/news_final_full/NEWS_MSM_2024_06_06_16d8068e4d_N05_raw.json,,parsed,valid
NEWS_MSM_2024_05_23_2dda81547f_N01,NEWS_MSM_2024_05_23_2dda81547f,news,news_quality,news_general_quality,filter_news_final,qwen3:8b,N01,Factual accuracy and internal consistency,5,1,5,0.3,100.0,30.0,NEWS_P001,"KUALA LUMPUR: MSM Malaysia Holdings Bhd remained profitable for a second consecutive quarter on the back of improved margins, which offset an increase in production cost. In the quarter ended March 31, 2024, the producer",model,"The article provides clear, internally consistent financial figures and explains the factors affecting profitability, including cost increases and margin improvements, with verifiable data points.",,2026-07-01T08:31:24+00:00,2026-07-01T08:31:27+00:00,2026-06-15,qwen3:8b,ollama,0.0,42,4096,192,false,false,ollama_format_schema,news_single_dimension_v3_strict_calibration,2026-07-01T08:31:24+00:00,05_raw_model_outputs/news_final_full/NEWS_MSM_2024_05_23_2dda81547f_N01_raw.json,,parsed,valid
NEWS_MSM_2024_05_23_2dda81547f_N02,NEWS_MSM_2024_05_23_2dda81547f,news,news_quality,news_general_quality,filter_news_final,qwen3:8b,N02,Source transparency and verifiability,4,1,5,0.25,75.0,18.75,NEWS_P001,"KUALA LUMPUR: MSM Malaysia Holdings Bhd remained profitable for a second consecutive quarter on the back of improved margins, which offset an increase in production cost. In the quarter ended March 31, 2024, the producer",model,"The article provides verifiable financial figures and references the company's statement, but lacks independent third-party verification or official announcements.",,2026-07-01T08:31:27+00:00,2026-07-01T08:31:30+00:00,2026-06-15,qwen3:8b,ollama,0.0,42,4096,192,false,false,ollama_format_schema,news_single_dimension_v3_strict_calibration,2026-07-01T08:31:27+00:00,05_raw_model_outputs/news_final_full/NEWS_MSM_2024_05_23_2dda81547f_N02_raw.json,,parsed,valid
NEWS_MSM_2024_05_23_2dda81547f_N03,NEWS_MSM_2024_05_23_2dda81547f,news,news_quality,news_general_quality,filter_news_final,qwen3:8b,N03,Balance and objectivity,4,1,5,0.15,75.0,11.25,NEWS_P001,"KUALA LUMPUR: MSM Malaysia Holdings Bhd remained profitable for a second consecutive quarter on the back of improved margins, which offset an increase in production cost. In the quarter ended March 31, 2024, the producer",model,"The article presents factual data on MSM's financial performance and includes context about cost increases and challenges, but lacks independent analysis or contrasting viewpoints.",,2026-07-01T08:31:30+00:00,2026-07-01T08:31:33+00:00,2026-06-15,qwen3:8b,ollama,0.0,42,4096,192,false,false,ollama_format_schema,news_single_dimension_v3_strict_calibration,2026-07-01T08:31:30+00:00,05_raw_model_outputs/news_final_full/NEWS_MSM_2024_05_23_2dda81547f_N03_raw.json,,parsed,valid
NEWS_MSM_2024_05_23_2dda81547f_N04,NEWS_MSM_2024_05_23_2dda81547f,news,news_quality,news_general_quality,filter_news_final,qwen3:8b,N04,Relevance and information increment,4,1,5,0.2,75.0,15.0,NEWS_P001,"KUALA LUMPUR: MSM Malaysia Holdings Bhd remained profitable for a second consecutive quarter on the back of improved margins, which offset an increase in production cost. In the quarter ended March 31, 2024, the producer",model,"The article provides specific financial figures and operational details, showing improved margins and revenue growth, which adds substantive information beyond generic market noise.",,2026-07-01T08:31:33+00:00,2026-07-01T08:31:36+00:00,2026-06-15,qwen3:8b,ollama,0.0,42,4096,192,false,false,ollama_format_schema,news_single_dimension_v3_strict_calibration,2026-07-01T08:31:33+00:00,05_raw_model_outputs/news_final_full/NEWS_MSM_2024_05_23_2dda81547f_N04_raw.json,,parsed,valid
NEWS_MSM_2024_05_23_2dda81547f_N05,NEWS_MSM_2024_05_23_2dda81547f,news,news_quality,news_general_quality,filter_news_final,qwen3:8b,N05,Expression clarity and headline fit,5,1,5,0.1,100.0,10.0,TITLE,MSM Malaysia registers 1Q net profit of RM41.71mil on improved margins,model,Headline clearly states the key financial result and aligns with the article's focus on improved margins and net profit.,,2026-07-01T08:31:36+00:00,2026-07-01T08:31:38+00:00,2026-06-15,qwen3:8b,ollama,0.0,42,4096,192,false,false,ollama_format_schema,news_single_dimension_v3_strict_calibration,2026-07-01T08:31:36+00:00,05_raw_model_outputs/news_final_full/NEWS_MSM_2024_05_23_2dda81547f_N05_raw.json,,parsed,valid
NEWS_MSM_2024_04_04_648fba36a4_N01,NEWS_MSM_2024_04_04_648fba36a4,news,news_quality,news_general_quality,filter_news_final,qwen3:8b,N01,Factual accuracy and internal consistency,4,1,5,0.3,75.0,22.5,NEWS_P001,PETALING JAYA: MIDF Research expects MSM Malaysia Holdings Bhd to register further valuation expansion and earnings growth potential moving forward. The research house believes that the refined-sugar producer stands to b,model,"The article provides internal consistency with factual claims about MSM's financial outlook, including specific figures and projections from MIDF Research, though it lacks independent verification of some claims.",,2026-07-01T08:31:38+00:00,2026-07-01T08:31:43+00:00,2026-06-15,qwen3:8b,ollama,0.0,42,4096,192,false,false,ollama_format_schema,news_single_dimension_v3_strict_calibration,2026-07-01T08:31:38+00:00,05_raw_model_outputs/news_final_full/NEWS_MSM_2024_04_04_648fba36a4_N01_raw.json,,parsed,valid
NEWS_MSM_2024_04_04_648fba36a4_N02,NEWS_MSM_2024_04_04_648fba36a4,news,news_quality,news_general_quality,filter_news_final,qwen3:8b,N02,Source transparency and verifiability,4,1,5,0.25,75.0,18.75,NEWS_P001,PETALING JAYA: MIDF Research expects MSM Malaysia Holdings Bhd to register further valuation expansion and earnings growth potential moving forward. The research house believes that the refined-sugar producer stands to b,model,"The article cites MIDF Research as the source and provides specific details about their analysis, including price comparisons and projections, which are verifiable through the research note.",,2026-07-01T08:31:43+00:00,2026-07-01T08:31:46+00:00,2026-06-15,qwen3:8b,ollama,0.0,42,4096,192,false,false,ollama_format_schema,news_single_dimension_v3_strict_calibration,2026-07-01T08:31:43+00:00,05_raw_model_outputs/news_final_full/NEWS_MSM_2024_04_04_648fba36a4_N02_raw.json,,parsed,valid
NEWS_MSM_2024_04_04_648fba36a4_N03,NEWS_MSM_2024_04_04_648fba36a4,news,news_quality,news_general_quality,filter_news_final,qwen3:8b,N03,Balance and objectivity,3,1,5,0.15,50.0,7.5,NEWS_P001,PETALING JAYA: MIDF Research expects MSM Malaysia Holdings Bhd to register further valuation expansion and earnings growth potential moving forward. The research house believes that the refined-sugar producer stands to b,model,"The article presents a positive outlook from MIDF Research without counterpoints or alternative perspectives, lacking balanced treatment of claims.",,2026-07-01T08:31:46+00:00,2026-07-01T08:31:50+00:00,2026-06-15,qwen3:8b,ollama,0.0,42,4096,192,false,false,ollama_format_schema,news_single_dimension_v3_strict_calibration,2026-07-01T08:31:46+00:00,05_raw_model_outputs/news_final_full/NEWS_MSM_2024_04_04_648fba36a4_N03_raw.json,,parsed,valid
NEWS_MSM_2024_04_04_648fba36a4_N04,NEWS_MSM_2024_04_04_648fba36a4,news,news_quality,news_general_quality,filter_news_final,qwen3:8b,N04,Relevance and information increment,4,1,5,0.2,75.0,15.0,NEWS_P001,PETALING JAYA: MIDF Research expects MSM Malaysia Holdings Bhd to register further valuation expansion and earnings growth potential moving forward. The research house believes that the refined-sugar producer stands to b,model,"The article provides specific details on MSM's financial outlook, including expected earnings growth, cost reduction, and export market expansion, which add substantive information beyond generic market noise.",,2026-07-01T08:31:50+00:00,2026-07-01T08:31:54+00:00,2026-06-15,qwen3:8b,ollama,0.0,42,4096,192,false,false,ollama_format_schema,news_single_dimension_v3_strict_calibration,2026-07-01T08:31:50+00:00,05_raw_model_outputs/news_final_full/NEWS_MSM_2024_04_04_648fba36a4_N04_raw.json,,parsed,valid
NEWS_MSM_2024_04_04_648fba36a4_N05,NEWS_MSM_2024_04_04_648fba36a4,news,news_quality,news_general_quality,filter_news_final,qwen3:8b,N05,Expression clarity and headline fit,4,1,5,0.1,75.0,7.5,TITLE,MSM on track for sweeter bottom line,model,Headline clearly reflects the article's focus on MSM's potential earnings growth and positive outlook.,,2026-07-01T08:31:54+00:00,2026-07-01T08:31:57+00:00,2026-06-15,qwen3:8b,ollama,0.0,42,4096,192,false,false,ollama_format_schema,news_single_dimension_v3_strict_calibration,2026-07-01T08:31:54+00:00,05_raw_model_outputs/news_final_full/NEWS_MSM_2024_04_04_648fba36a4_N05_raw.json,,parsed,valid
NEWS_MSM_2024_04_03_a72ab8d0fd_N01,NEWS_MSM_2024_04_03_a72ab8d0fd,news,news_quality,news_general_quality,filter_news_final,qwen3:8b,N01,Factual accuracy and internal consistency,4,1,5,0.3,75.0,22.5,NEWS_P001,KUALA LUMPUR: FGV Holdings Bhd could be ready to submit a petition to the US Customs and Border Protection (USCBP) within the next couple of months as the independent assessment of the plantation's group's remediation pl,model,"The article provides internal consistency with factual claims about FGV's petition submission timeline and LRQA's assessment, though it lacks independent verification of the petition's content.",,2026-07-01T08:31:57+00:00,2026-07-01T08:32:01+00:00,2026-06-15,qwen3:8b,ollama,0.0,42,4096,192,false,false,ollama_format_schema,news_single_dimension_v3_strict_calibration,2026-07-01T08:31:57+00:00,05_raw_model_outputs/news_final_full/NEWS_MSM_2024_04_03_a72ab8d0fd_N01_raw.json,,parsed,valid
NEWS_MSM_2024_04_03_a72ab8d0fd_N02,NEWS_MSM_2024_04_03_a72ab8d0fd,news,news_quality,news_general_quality,filter_news_final,qwen3:8b,N02,Source transparency and verifiability,4,1,5,0.25,75.0,18.75,NEWS_P001,KUALA LUMPUR: FGV Holdings Bhd could be ready to submit a petition to the US Customs and Border Protection (USCBP) within the next couple of months as the independent assessment of the plantation's group's remediation pl,model,"The article cites a specific source (Hong Leong Investment Bank Research) and mentions an independent consultant (LRQA) with verifiable details about the assessment report timeline, providing clear attribution and verifiable facts.",,2026-07-01T08:32:01+00:00,2026-07-01T08:32:04+00:00,2026-06-15,qwen3:8b,ollama,0.0,42,4096,192,false,false,ollama_format_schema,news_single_dimension_v3_strict_calibration,2026-07-01T08:32:01+00:00,05_raw_model_outputs/news_final_full/NEWS_MSM_2024_04_03_a72ab8d0fd_N02_raw.json,,parsed,valid
NEWS_MSM_2024_04_03_a72ab8d0fd_N03,NEWS_MSM_2024_04_03_a72ab8d0fd,news,news_quality,news_general_quality,filter_news_final,qwen3:8b,N03,Balance and objectivity,3,1,5,0.15,50.0,7.5,NEWS_P001,KUALA LUMPUR: FGV Holdings Bhd could be ready to submit a petition to the US Customs and Border Protection (USCBP) within the next couple of months as the independent assessment of the plantation's group's remediation pl,model,"The article presents FGV's efforts and progress without direct criticism, but lacks balanced perspectives or independent verification of claims.",,2026-07-01T08:32:04+00:00,2026-07-01T08:32:07+00:00,2026-06-15,qwen3:8b,ollama,0.0,42,4096,192,false,false,ollama_format_schema,news_single_dimension_v3_strict_calibration,2026-07-01T08:32:04+00:00,05_raw_model_outputs/news_final_full/NEWS_MSM_2024_04_03_a72ab8d0fd_N03_raw.json,,parsed,valid
NEWS_MSM_2024_04_03_a72ab8d0fd_N04,NEWS_MSM_2024_04_03_a72ab8d0fd,news,news_quality,news_general_quality,filter_news_final,qwen3:8b,N04,Relevance and information increment,4,1,5,0.2,75.0,15.0,NEWS_P001,KUALA LUMPUR: FGV Holdings Bhd could be ready to submit a petition to the US Customs and Border Protection (USCBP) within the next couple of months as the independent assessment of the plantation's group's remediation pl,model,"The article provides specific details about FGV's petition to US Customs, including timelines and the involvement of LRQA, which adds substantive information beyond generic market noise.",,2026-07-01T08:32:07+00:00,2026-07-01T08:32:10+00:00,2026-06-15,qwen3:8b,ollama,0.0,42,4096,192,false,false,ollama_format_schema,news_single_dimension_v3_strict_calibration,2026-07-01T08:32:07+00:00,05_raw_model_outputs/news_final_full/NEWS_MSM_2024_04_03_a72ab8d0fd_N04_raw.json,,parsed,valid
NEWS_MSM_2024_04_03_a72ab8d0fd_N05,NEWS_MSM_2024_04_03_a72ab8d0fd,news,news_quality,news_general_quality,filter_news_final,qwen3:8b,N05,Expression clarity and headline fit,5,1,5,0.1,100.0,10.0,TITLE,FGV targets submission of petition to US customs by end-June,model,"Headline clearly states the main action and timeline, aligning with the article's focus on FGV's petition submission to US customs by end-June.",,2026-07-01T08:32:10+00:00,2026-07-01T08:32:12+00:00,2026-06-15,qwen3:8b,ollama,0.0,42,4096,192,false,false,ollama_format_schema,news_single_dimension_v3_strict_calibration,2026-07-01T08:32:10+00:00,05_raw_model_outputs/news_final_full/NEWS_MSM_2024_04_03_a72ab8d0fd_N05_raw.json,,parsed,valid
NEWS_MSM_2024_03_21_a984e37e6d_N01,NEWS_MSM_2024_03_21_a984e37e6d,news,news_quality,news_general_quality,filter_news_final,qwen3:8b,N01,Factual accuracy and internal consistency,3,1,5,0.3,50.0,15.0,NEWS_P001,"GOVERNMENT incentives were given to a sugar refinery company even after sugar subsidies were stopped in October 2013, the Finance Minister II has acknowledged to a question raised by Datuk Seri Dr Wee Ka Siong in the Dew",model,"The article reports on government incentives to MSM despite sugar subsidies being stopped in 2013, but lacks verification of the incentive's duration or official confirmation, leading to mixed factual clarity.",,2026-07-01T08:32:12+00:00,2026-07-01T08:32:16+00:00,2026-06-15,qwen3:8b,ollama,0.0,42,4096,192,false,false,ollama_format_schema,news_single_dimension_v3_strict_calibration,2026-07-01T08:32:12+00:00,05_raw_model_outputs/news_final_full/NEWS_MSM_2024_03_21_a984e37e6d_N01_raw.json,,parsed,valid
NEWS_MSM_2024_03_21_a984e37e6d_N02,NEWS_MSM_2024_03_21_a984e37e6d,news,news_quality,news_general_quality,filter_news_final,qwen3:8b,N02,Source transparency and verifiability,4,1,5,0.25,75.0,18.75,NEWS_P001,"GOVERNMENT incentives were given to a sugar refinery company even after sugar subsidies were stopped in October 2013, the Finance Minister II has acknowledged to a question raised by Datuk Seri Dr Wee Ka Siong in the Dew",model,"The article cites a specific report from a business weekly and references a question raised in parliament with a named MP, providing verifiable cues and clear attribution.",,2026-07-01T08:32:16+00:00,2026-07-01T08:32:19+00:00,2026-06-15,qwen3:8b,ollama,0.0,42,4096,192,false,false,ollama_format_schema,news_single_dimension_v3_strict_calibration,2026-07-01T08:32:16+00:00,05_raw_model_outputs/news_final_full/NEWS_MSM_2024_03_21_a984e37e6d_N02_raw.json,,parsed,valid
NEWS_MSM_2024_03_21_a984e37e6d_N03,NEWS_MSM_2024_03_21_a984e37e6d,news,news_quality,news_general_quality,filter_news_final,qwen3:8b,N03,Balance and objectivity,3,1,5,0.15,50.0,7.5,NEWS_P001,"GOVERNMENT incentives were given to a sugar refinery company even after sugar subsidies were stopped in October 2013, the Finance Minister II has acknowledged to a question raised by Datuk Seri Dr Wee Ka Siong in the Dew",model,"The article presents a balanced discussion of the government's sugar policy, including both the incentives provided to MSM and the criticisms from Dr Wee. However, it lacks deeper analysis of the broader implications and does not fully explore alternative perspectives.",,2026-07-01T08:32:19+00:00,2026-07-01T08:32:23+00:00,2026-06-15,qwen3:8b,ollama,0.0,42,4096,192,false,false,ollama_format_schema,news_single_dimension_v3_strict_calibration,2026-07-01T08:32:19+00:00,05_raw_model_outputs/news_final_full/NEWS_MSM_2024_03_21_a984e37e6d_N03_raw.json,,parsed,valid
NEWS_MSM_2024_03_21_a984e37e6d_N04,NEWS_MSM_2024_03_21_a984e37e6d,news,news_quality,news_general_quality,filter_news_final,qwen3:8b,N04,Relevance and information increment,4,1,5,0.2,75.0,15.0,NEWS_P001,"GOVERNMENT incentives were given to a sugar refinery company even after sugar subsidies were stopped in October 2013, the Finance Minister II has acknowledged to a question raised by Datuk Seri Dr Wee Ka Siong in the Dew",model,"The article provides specific details about government incentives given to MSM Malaysia Holdings Berhad, which adds relevant business information beyond generic market noise.",,2026-07-01T08:32:23+00:00,2026-07-01T08:32:26+00:00,2026-06-15,qwen3:8b,ollama,0.0,42,4096,192,false,false,ollama_format_schema,news_single_dimension_v3_strict_calibration,2026-07-01T08:32:23+00:00,05_raw_model_outputs/news_final_full/NEWS_MSM_2024_03_21_a984e37e6d_N04_raw.json,,parsed,valid
NEWS_MSM_2024_03_21_a984e37e6d_N05,NEWS_MSM_2024_03_21_a984e37e6d,news,news_quality,news_general_quality,filter_news_final,qwen3:8b,N05,Expression clarity and headline fit,4,1,5,0.1,75.0,7.5,TITLE,Lack of refinement in sugar policy,model,Headline clearly reflects the article's focus on policy inconsistencies and government incentives.,,2026-07-01T08:32:26+00:00,2026-07-01T08:32:29+00:00,2026-06-15,qwen3:8b,ollama,0.0,42,4096,192,false,false,ollama_format_schema,news_single_dimension_v3_strict_calibration,2026-07-01T08:32:26+00:00,05_raw_model_outputs/news_final_full/NEWS_MSM_2024_03_21_a984e37e6d_N05_raw.json,,parsed,valid
NEWS_MSM_2024_03_20_79c58f6fd3_N01,NEWS_MSM_2024_03_20_79c58f6fd3,news,news_quality,news_general_quality,filter_news_final,qwen3:8b,N01,Factual accuracy and internal consistency,4,1,5,0.3,75.0,22.5,NEWS_P001,"KUALA LUMPUR: The government acknowledged that it has provided ""incentives"" to a sugar producer, despite having stopped subsidising sugar since October 2013, when Datuk Seri Dr Wee Ka Siong asked for clarification in the",model,"The article provides internal consistency by detailing the government's acknowledgment of incentives provided to MSM, aligning with the context of subsidy cessation and policy discussions.",,2026-07-01T08:32:29+00:00,2026-07-01T08:32:33+00:00,2026-06-15,qwen3:8b,ollama,0.0,42,4096,192,false,false,ollama_format_schema,news_single_dimension_v3_strict_calibration,2026-07-01T08:32:29+00:00,05_raw_model_outputs/news_final_full/NEWS_MSM_2024_03_20_79c58f6fd3_N01_raw.json,,parsed,valid
NEWS_MSM_2024_03_20_79c58f6fd3_N02,NEWS_MSM_2024_03_20_79c58f6fd3,news,news_quality,news_general_quality,filter_news_final,qwen3:8b,N02,Source transparency and verifiability,4,1,5,0.25,75.0,18.75,NEWS_P001,"KUALA LUMPUR: The government acknowledged that it has provided ""incentives"" to a sugar producer, despite having stopped subsidising sugar since October 2013, when Datuk Seri Dr Wee Ka Siong asked for clarification in the",model,"The article clearly attributes the information to government officials and includes verifiable details about the incentives provided to MSM, though some details lack direct official confirmation.",,2026-07-01T08:32:33+00:00,2026-07-01T08:32:36+00:00,2026-06-15,qwen3:8b,ollama,0.0,42,4096,192,false,false,ollama_format_schema,news_single_dimension_v3_strict_calibration,2026-07-01T08:32:33+00:00,05_raw_model_outputs/news_final_full/NEWS_MSM_2024_03_20_79c58f6fd3_N02_raw.json,,parsed,valid
NEWS_MSM_2024_03_20_79c58f6fd3_N03,NEWS_MSM_2024_03_20_79c58f6fd3,news,news_quality,news_general_quality,filter_news_final,qwen3:8b,N03,Balance and objectivity,3,1,5,0.15,50.0,7.5,NEWS_P001,"KUALA LUMPUR: The government acknowledged that it has provided ""incentives"" to a sugar producer, despite having stopped subsidising sugar since October 2013, when Datuk Seri Dr Wee Ka Siong asked for clarification in the",model,"The article presents a balanced discussion between the government's stance and the MP's questioning, but lacks independent verification of the incentives' details and does not fully explore counterpoints.",,2026-07-01T08:32:36+00:00,2026-07-01T08:32:40+00:00,2026-06-15,qwen3:8b,ollama,0.0,42,4096,192,false,false,ollama_format_schema,news_single_dimension_v3_strict_calibration,2026-07-01T08:32:36+00:00,05_raw_model_outputs/news_final_full/NEWS_MSM_2024_03_20_79c58f6fd3_N03_raw.json,,parsed,valid
NEWS_MSM_2024_03_20_79c58f6fd3_N04,NEWS_MSM_2024_03_20_79c58f6fd3,news,news_quality,news_general_quality,filter_news_final,qwen3:8b,N04,Relevance and information increment,3,1,5,0.2,50.0,10.0,NEWS_P001,"KUALA LUMPUR: The government acknowledged that it has provided ""incentives"" to a sugar producer, despite having stopped subsidising sugar since October 2013, when Datuk Seri Dr Wee Ka Siong asked for clarification in the",model,"The article discusses government incentives for a sugar producer, which adds some substance beyond generic market noise, but the focus is more on political debate and policy questions rather than detailed company-specific information.",,2026-07-01T08:32:40+00:00,2026-07-01T08:32:44+00:00,2026-06-15,qwen3:8b,ollama,0.0,42,4096,192,false,false,ollama_format_schema,news_single_dimension_v3_strict_calibration,2026-07-01T08:32:40+00:00,05_raw_model_outputs/news_final_full/NEWS_MSM_2024_03_20_79c58f6fd3_N04_raw.json,,parsed,valid
NEWS_MSM_2024_03_20_79c58f6fd3_N05,NEWS_MSM_2024_03_20_79c58f6fd3,news,news_quality,news_general_quality,filter_news_final,qwen3:8b,N05,Expression clarity and headline fit,5,1,5,0.1,100.0,10.0,TITLE,Govt acknowledges providing incentives to sugar producer after stopping sugar subsidies,model,"Headline clearly reflects the article's focus on government incentives to sugar producers following subsidy cessation, with direct alignment between title and content.",,2026-07-01T08:32:44+00:00,2026-07-01T08:32:47+00:00,2026-06-15,qwen3:8b,ollama,0.0,42,4096,192,false,false,ollama_format_schema,news_single_dimension_v3_strict_calibration,2026-07-01T08:32:44+00:00,05_raw_model_outputs/news_final_full/NEWS_MSM_2024_03_20_79c58f6fd3_N05_raw.json,,parsed,valid
NEWS_MSM_2024_02_28_5730d0c5ba_N01,NEWS_MSM_2024_02_28_5730d0c5ba,news,news_quality,news_general_quality,filter_news_final,qwen3:8b,N01,Factual accuracy and internal consistency,5,1,5,0.3,100.0,30.0,NEWS_P001,"KUALA LUMPUR: The government is urged to quit introducing flip-flop policies, especially in providing subsidies to sugar companies. Ayer Hitam MP Datuk Seri Dr Wee Ka Siong, when debating the motion of thanks on the roya",model,"The article presents a coherent argument with factual claims about the sugar subsidy and tax policies, including specific figures and references to past government actions, showing internal consistency.",,2026-07-01T08:32:47+00:00,2026-07-01T08:32:50+00:00,2026-06-15,qwen3:8b,ollama,0.0,42,4096,192,false,false,ollama_format_schema,news_single_dimension_v3_strict_calibration,2026-07-01T08:32:47+00:00,05_raw_model_outputs/news_final_full/NEWS_MSM_2024_02_28_5730d0c5ba_N01_raw.json,,parsed,valid
NEWS_MSM_2024_02_28_5730d0c5ba_N02,NEWS_MSM_2024_02_28_5730d0c5ba,news,news_quality,news_general_quality,filter_news_final,qwen3:8b,N02,Source transparency and verifiability,5,1,5,0.25,100.0,25.0,NEWS_P001,"KUALA LUMPUR: The government is urged to quit introducing flip-flop policies, especially in providing subsidies to sugar companies. Ayer Hitam MP Datuk Seri Dr Wee Ka Siong, when debating the motion of thanks on the roya",model,Clear attribution to Dr Wee and verifiable details about the subsidy granted to MSM Malaysia Holdings Berhad.,,2026-07-01T08:32:50+00:00,2026-07-01T08:32:53+00:00,2026-06-15,qwen3:8b,ollama,0.0,42,4096,192,false,false,ollama_format_schema,news_single_dimension_v3_strict_calibration,2026-07-01T08:32:50+00:00,05_raw_model_outputs/news_final_full/NEWS_MSM_2024_02_28_5730d0c5ba_N02_raw.json,,parsed,valid
NEWS_MSM_2024_02_28_5730d0c5ba_N03,NEWS_MSM_2024_02_28_5730d0c5ba,news,news_quality,news_general_quality,filter_news_final,qwen3:8b,N03,Balance and objectivity,4,1,5,0.15,75.0,11.25,NEWS_P001,"KUALA LUMPUR: The government is urged to quit introducing flip-flop policies, especially in providing subsidies to sugar companies. Ayer Hitam MP Datuk Seri Dr Wee Ka Siong, when debating the motion of thanks on the roya",model,"The article presents Dr Wee's criticism of government policy inconsistency without apparent bias, though it focuses on his perspective.",,2026-07-01T08:32:53+00:00,2026-07-01T08:32:56+00:00,2026-06-15,qwen3:8b,ollama,0.0,42,4096,192,false,false,ollama_format_schema,news_single_dimension_v3_strict_calibration,2026-07-01T08:32:53+00:00,05_raw_model_outputs/news_final_full/NEWS_MSM_2024_02_28_5730d0c5ba_N03_raw.json,,parsed,valid
NEWS_MSM_2024_02_28_5730d0c5ba_N04,NEWS_MSM_2024_02_28_5730d0c5ba,news,news_quality,news_general_quality,filter_news_final,qwen3:8b,N04,Relevance and information increment,4,1,5,0.2,75.0,15.0,NEWS_P001,"KUALA LUMPUR: The government is urged to quit introducing flip-flop policies, especially in providing subsidies to sugar companies. Ayer Hitam MP Datuk Seri Dr Wee Ka Siong, when debating the motion of thanks on the roya",model,"The article discusses specific policy inconsistencies affecting MSM Malaysia Holdings Berhad, providing relevant business information beyond generic market noise.",,2026-07-01T08:32:56+00:00,2026-07-01T08:32:58+00:00,2026-06-15,qwen3:8b,ollama,0.0,42,4096,192,false,false,ollama_format_schema,news_single_dimension_v3_strict_calibration,2026-07-01T08:32:56+00:00,05_raw_model_outputs/news_final_full/NEWS_MSM_2024_02_28_5730d0c5ba_N04_raw.json,,parsed,valid
NEWS_MSM_2024_02_28_5730d0c5ba_N05,NEWS_MSM_2024_02_28_5730d0c5ba,news,news_quality,news_general_quality,filter_news_final,qwen3:8b,N05,Expression clarity and headline fit,5,1,5,0.1,100.0,10.0,TITLE,"Quit flip-flopping on sugar policies, Dr Wee tells govt",model,Headline clearly reflects the article's focus on criticism of inconsistent sugar policies and aligns with the content.,,2026-07-01T08:32:58+00:00,2026-07-01T08:33:01+00:00,2026-06-15,qwen3:8b,ollama,0.0,42,4096,192,false,false,ollama_format_schema,news_single_dimension_v3_strict_calibration,2026-07-01T08:32:58+00:00,05_raw_model_outputs/news_final_full/NEWS_MSM_2024_02_28_5730d0c5ba_N05_raw.json,,parsed,valid
NEWS_NESTLE_2025_11_25_55cdacd864_N01,NEWS_NESTLE_2025_11_25_55cdacd864,news,news_quality,news_general_quality,filter_news_final,qwen3:8b,N01,Factual accuracy and internal consistency,4,1,5,0.3,75.0,22.5,NEWS_P001,"SELANGOR Recycling (SELKitar), a collaborative door-to-door recyclable waste collection programme between the state government and the private sector introduced in April, is set to be expanded to 11 of the 12 local autho",model,"The article provides clear, consistent information about the expansion of the recycling initiative, including specific details about the number of local authorities, the timeline, and the involvement of stakeholders.",,2026-07-01T08:33:01+00:00,2026-07-01T08:33:05+00:00,2026-06-15,qwen3:8b,ollama,0.0,42,4096,192,false,false,ollama_format_schema,news_single_dimension_v3_strict_calibration,2026-07-01T08:33:01+00:00,05_raw_model_outputs/news_final_full/NEWS_NESTLE_2025_11_25_55cdacd864_N01_raw.json,,parsed,valid
NEWS_NESTLE_2025_11_25_55cdacd864_N02,NEWS_NESTLE_2025_11_25_55cdacd864,news,news_quality,news_general_quality,filter_news_final,qwen3:8b,N02,Source transparency and verifiability,4,1,5,0.25,75.0,18.75,NEWS_P001,"SELANGOR Recycling (SELKitar), a collaborative door-to-door recyclable waste collection programme between the state government and the private sector introduced in April, is set to be expanded to 11 of the 12 local autho",model,"The article clearly attributes the expansion of the recycling initiative to the state government and provides specific details about the program, including collaboration with private sector entities and verifiable data on participation and waste collected.",,2026-07-01T08:33:05+00:00,2026-07-01T08:33:09+00:00,2026-06-15,qwen3:8b,ollama,0.0,42,4096,192,false,false,ollama_format_schema,news_single_dimension_v3_strict_calibration,2026-07-01T08:33:05+00:00,05_raw_model_outputs/news_final_full/NEWS_NESTLE_2025_11_25_55cdacd864_N02_raw.json,,parsed,valid
NEWS_NESTLE_2025_11_25_55cdacd864_N03,NEWS_NESTLE_2025_11_25_55cdacd864,news,news_quality,news_general_quality,filter_news_final,qwen3:8b,N03,Balance and objectivity,3,1,5,0.15,50.0,7.5,NEWS_P001,"SELANGOR Recycling (SELKitar), a collaborative door-to-door recyclable waste collection programme between the state government and the private sector introduced in April, is set to be expanded to 11 of the 12 local autho",model,The article presents the expansion of the recycling initiative with quotes from officials but lacks independent verification or balanced perspectives on potential challenges or criticisms.,,2026-07-01T08:33:09+00:00,2026-07-01T08:33:12+00:00,2026-06-15,qwen3:8b,ollama,0.0,42,4096,192,false,false,ollama_format_schema,news_single_dimension_v3_strict_calibration,2026-07-01T08:33:09+00:00,05_raw_model_outputs/news_final_full/NEWS_NESTLE_2025_11_25_55cdacd864_N03_raw.json,,parsed,valid
NEWS_NESTLE_2025_11_25_55cdacd864_N04,NEWS_NESTLE_2025_11_25_55cdacd864,news,news_quality,news_general_quality,filter_news_final,qwen3:8b,N04,Relevance and information increment,3,1,5,0.2,50.0,10.0,NEWS_P001,"SELANGOR Recycling (SELKitar), a collaborative door-to-door recyclable waste collection programme between the state government and the private sector introduced in April, is set to be expanded to 11 of the 12 local autho",model,"The article provides specific details about Selangor's recycling expansion, including local authorities involved and waste collection metrics, which adds relevant information beyond generic market noise.",,2026-07-01T08:33:12+00:00,2026-07-01T08:33:16+00:00,2026-06-15,qwen3:8b,ollama,0.0,42,4096,192,false,false,ollama_format_schema,news_single_dimension_v3_strict_calibration,2026-07-01T08:33:12+00:00,05_raw_model_outputs/news_final_full/NEWS_NESTLE_2025_11_25_55cdacd864_N04_raw.json,,parsed,valid
NEWS_NESTLE_2025_11_25_55cdacd864_N05,NEWS_NESTLE_2025_11_25_55cdacd864,news,news_quality,news_general_quality,filter_news_final,qwen3:8b,N05,Expression clarity and headline fit,5,1,5,0.1,100.0,10.0,TITLE,"Selangor to expand door-to-door recycling initiative to 11 of 12 local authorities by year end, says MB",model,Headline clearly states the expansion of the recycling initiative and aligns with the article's content about the expansion to 11 local authorities.,,2026-07-01T08:33:16+00:00,2026-07-01T08:33:19+00:00,2026-06-15,qwen3:8b,ollama,0.0,42,4096,192,false,false,ollama_format_schema,news_single_dimension_v3_strict_calibration,2026-07-01T08:33:16+00:00,05_raw_model_outputs/news_final_full/NEWS_NESTLE_2025_11_25_55cdacd864_N05_raw.json,,parsed,valid
NEWS_NESTLE_2025_11_21_f9fe7d9520_N01,NEWS_NESTLE_2025_11_21_f9fe7d9520,news,news_quality,news_general_quality,filter_news_final,qwen3:8b,N01,Factual accuracy and internal consistency,4,1,5,0.3,75.0,22.5,NEWS_P001,"SELANGOR Recycling (SELKitar) is a success with over 400,000 households involved and 77,022kg of recyclables collected as of Oct 31 this year. State public health and environment committee chairman Jamaliah Jamaluddin sa",model,"The article provides internal consistency with specific figures and quotes from officials, but lacks independent verification of the 410,000 households claim.",,2026-07-01T08:33:19+00:00,2026-07-01T08:33:22+00:00,2026-06-15,qwen3:8b,ollama,0.0,42,4096,192,false,false,ollama_format_schema,news_single_dimension_v3_strict_calibration,2026-07-01T08:33:19+00:00,05_raw_model_outputs/news_final_full/NEWS_NESTLE_2025_11_21_f9fe7d9520_N01_raw.json,,parsed,valid
NEWS_NESTLE_2025_11_21_f9fe7d9520_N02,NEWS_NESTLE_2025_11_21_f9fe7d9520,news,news_quality,news_general_quality,filter_news_final,qwen3:8b,N02,Source transparency and verifiability,3,1,5,0.25,50.0,12.5,NEWS_P001,"SELANGOR Recycling (SELKitar) is a success with over 400,000 households involved and 77,022kg of recyclables collected as of Oct 31 this year. State public health and environment committee chairman Jamaliah Jamaluddin sa",model,"The article attributes the recycling data to SELANGOR Recycling (SELKitar) and includes quotes from officials, but lacks independent verification sources or third-party confirmation.",,2026-07-01T08:33:22+00:00,2026-07-01T08:33:25+00:00,2026-06-15,qwen3:8b,ollama,0.0,42,4096,192,false,false,ollama_format_schema,news_single_dimension_v3_strict_calibration,2026-07-01T08:33:22+00:00,05_raw_model_outputs/news_final_full/NEWS_NESTLE_2025_11_21_f9fe7d9520_N02_raw.json,,parsed,valid
NEWS_NESTLE_2025_11_21_f9fe7d9520_N03,NEWS_NESTLE_2025_11_21_f9fe7d9520,news,news_quality,news_general_quality,filter_news_final,qwen3:8b,N03,Balance and objectivity,4,1,5,0.15,75.0,11.25,NEWS_P001,"SELANGOR Recycling (SELKitar) is a success with over 400,000 households involved and 77,022kg of recyclables collected as of Oct 31 this year. State public health and environment committee chairman Jamaliah Jamaluddin sa",model,"The article presents both successes and challenges of the recycling program, including quotes from officials and acknowledgment of logistical issues, showing a balanced treatment.",,2026-07-01T08:33:25+00:00,2026-07-01T08:33:28+00:00,2026-06-15,qwen3:8b,ollama,0.0,42,4096,192,false,false,ollama_format_schema,news_single_dimension_v3_strict_calibration,2026-07-01T08:33:25+00:00,05_raw_model_outputs/news_final_full/NEWS_NESTLE_2025_11_21_f9fe7d9520_N03_raw.json,,parsed,valid
NEWS_NESTLE_2025_11_21_f9fe7d9520_N04,NEWS_NESTLE_2025_11_21_f9fe7d9520,news,news_quality,news_general_quality,filter_news_final,qwen3:8b,N04,Relevance and information increment,3,1,5,0.2,50.0,10.0,NEWS_P001,"SELANGOR Recycling (SELKitar) is a success with over 400,000 households involved and 77,022kg of recyclables collected as of Oct 31 this year. State public health and environment committee chairman Jamaliah Jamaluddin sa",model,"The article provides specific data on recycling participation and challenges, but it is a local initiative and not directly tied to Nestle's business operations or strategic information.",,2026-07-01T08:33:28+00:00,2026-07-01T08:33:30+00:00,2026-06-15,qwen3:8b,ollama,0.0,42,4096,192,false,false,ollama_format_schema,news_single_dimension_v3_strict_calibration,2026-07-01T08:33:28+00:00,05_raw_model_outputs/news_final_full/NEWS_NESTLE_2025_11_21_f9fe7d9520_N04_raw.json,,parsed,valid
NEWS_NESTLE_2025_11_21_f9fe7d9520_N05,NEWS_NESTLE_2025_11_21_f9fe7d9520,news,news_quality,news_general_quality,filter_news_final,qwen3:8b,N05,Expression clarity and headline fit,4,1,5,0.1,75.0,7.5,TITLE,"‘410,000 Selangor households now recycling’",model,Headline clearly states the key statistic and aligns with the article's focus on recycling participation in Selangor.,,2026-07-01T08:33:30+00:00,2026-07-01T08:33:33+00:00,2026-06-15,qwen3:8b,ollama,0.0,42,4096,192,false,false,ollama_format_schema,news_single_dimension_v3_strict_calibration,2026-07-01T08:33:30+00:00,05_raw_model_outputs/news_final_full/NEWS_NESTLE_2025_11_21_f9fe7d9520_N05_raw.json,,parsed,valid
NEWS_NESTLE_2025_11_20_7f6948a262_N01,NEWS_NESTLE_2025_11_20_7f6948a262,news,news_quality,news_general_quality,filter_news_final,qwen3:8b,N01,Factual accuracy and internal consistency,3,1,5,0.3,50.0,15.0,NEWS_P001,"SELANGOR should implement a “Pay-As-You-Throw” (PAYT) policy to urgently address the increasing volume of waste generated in the state, an assemblyman has proposed. Dr Afif Bahardin (PN-Taman Medan) said the state must b",model,"The article presents a coherent proposal for a PAYT policy and includes quotes from officials, but lacks detailed verification of the policy's feasibility and implementation steps.",,2026-07-01T08:33:33+00:00,2026-07-01T08:33:36+00:00,2026-06-15,qwen3:8b,ollama,0.0,42,4096,192,false,false,ollama_format_schema,news_single_dimension_v3_strict_calibration,2026-07-01T08:33:33+00:00,05_raw_model_outputs/news_final_full/NEWS_NESTLE_2025_11_20_7f6948a262_N01_raw.json,,parsed,valid
NEWS_NESTLE_2025_11_20_7f6948a262_N02,NEWS_NESTLE_2025_11_20_7f6948a262,news,news_quality,news_general_quality,filter_news_final,qwen3:8b,N02,Source transparency and verifiability,4,1,5,0.25,75.0,18.75,NEWS_P001,"SELANGOR should implement a “Pay-As-You-Throw” (PAYT) policy to urgently address the increasing volume of waste generated in the state, an assemblyman has proposed. Dr Afif Bahardin (PN-Taman Medan) said the state must b",model,"The article clearly attributes the proposal to Dr Afif Bahardin and includes a direct quote, providing verifiable source information.",,2026-07-01T08:33:36+00:00,2026-07-01T08:33:39+00:00,2026-06-15,qwen3:8b,ollama,0.0,42,4096,192,false,false,ollama_format_schema,news_single_dimension_v3_strict_calibration,2026-07-01T08:33:36+00:00,05_raw_model_outputs/news_final_full/NEWS_NESTLE_2025_11_20_7f6948a262_N02_raw.json,,parsed,valid
NEWS_NESTLE_2025_11_20_7f6948a262_N03,NEWS_NESTLE_2025_11_20_7f6948a262,news,news_quality,news_general_quality,filter_news_final,qwen3:8b,N03,Balance and objectivity,3,1,5,0.15,50.0,7.5,NEWS_P001,"SELANGOR should implement a “Pay-As-You-Throw” (PAYT) policy to urgently address the increasing volume of waste generated in the state, an assemblyman has proposed. Dr Afif Bahardin (PN-Taman Medan) said the state must b",model,"The article presents a proposal from a single source without balanced perspectives or counterarguments, lacking objectivity.",,2026-07-01T08:33:39+00:00,2026-07-01T08:33:42+00:00,2026-06-15,qwen3:8b,ollama,0.0,42,4096,192,false,false,ollama_format_schema,news_single_dimension_v3_strict_calibration,2026-07-01T08:33:39+00:00,05_raw_model_outputs/news_final_full/NEWS_NESTLE_2025_11_20_7f6948a262_N03_raw.json,,parsed,valid
NEWS_NESTLE_2025_11_20_7f6948a262_N04,NEWS_NESTLE_2025_11_20_7f6948a262,news,news_quality,news_general_quality,filter_news_final,qwen3:8b,N04,Relevance and information increment,3,1,5,0.2,50.0,10.0,NEWS_P001,"SELANGOR should implement a “Pay-As-You-Throw” (PAYT) policy to urgently address the increasing volume of waste generated in the state, an assemblyman has proposed. Dr Afif Bahardin (PN-Taman Medan) said the state must b",model,"The article discusses a proposed PAYT policy in Selangor, which is relevant to waste management but lacks specific details on Nestle's role or impact, making it a generic market noise story.",,2026-07-01T08:33:42+00:00,2026-07-01T08:33:45+00:00,2026-06-15,qwen3:8b,ollama,0.0,42,4096,192,false,false,ollama_format_schema,news_single_dimension_v3_strict_calibration,2026-07-01T08:33:42+00:00,05_raw_model_outputs/news_final_full/NEWS_NESTLE_2025_11_20_7f6948a262_N04_raw.json,,parsed,valid
NEWS_NESTLE_2025_11_20_7f6948a262_N05,NEWS_NESTLE_2025_11_20_7f6948a262,news,news_quality,news_general_quality,filter_news_final,qwen3:8b,N05,Expression clarity and headline fit,4,1,5,0.1,75.0,7.5,TITLE,Pay-As-You-Throw policy proposed to reduce waste,model,"Headline clearly reflects the article's focus on proposing a PAYT policy for waste reduction, with clear and direct language.",,2026-07-01T08:33:45+00:00,2026-07-01T08:33:48+00:00,2026-06-15,qwen3:8b,ollama,0.0,42,4096,192,false,false,ollama_format_schema,news_single_dimension_v3_strict_calibration,2026-07-01T08:33:45+00:00,05_raw_model_outputs/news_final_full/NEWS_NESTLE_2025_11_20_7f6948a262_N05_raw.json,,parsed,valid
NEWS_NESTLE_2025_11_12_7fc6fe46e9_N01,NEWS_NESTLE_2025_11_12_7fc6fe46e9,news,news_quality,news_general_quality,filter_news_final,qwen3:8b,N01,Factual accuracy and internal consistency,4,1,5,0.3,75.0,22.5,NEWS_P001,"AS THE year-end monsoon season approaches, a food and beverage company is proactively supporting communities facing risk of floods. In collaboration with the Malaysian Red Crescent (MRC) and Food Bank Foundation Malaysia",model,Article provides internal consistency with collaboration details and factual claims about volunteer efforts and aid distribution.,,2026-07-01T08:33:48+00:00,2026-07-01T08:33:51+00:00,2026-06-15,qwen3:8b,ollama,0.0,42,4096,192,false,false,ollama_format_schema,news_single_dimension_v3_strict_calibration,2026-07-01T08:33:48+00:00,05_raw_model_outputs/news_final_full/NEWS_NESTLE_2025_11_12_7fc6fe46e9_N01_raw.json,,parsed,valid
NEWS_NESTLE_2025_11_12_7fc6fe46e9_N02,NEWS_NESTLE_2025_11_12_7fc6fe46e9,news,news_quality,news_general_quality,filter_news_final,qwen3:8b,N02,Source transparency and verifiability,3,1,5,0.25,50.0,12.5,NEWS_P001,"AS THE year-end monsoon season approaches, a food and beverage company is proactively supporting communities facing risk of floods. In collaboration with the Malaysian Red Crescent (MRC) and Food Bank Foundation Malaysia",model,"The article mentions collaboration with MRC and YFBM but lacks specific independent verification details or named third-party sources, making source transparency limited.",,2026-07-01T08:33:51+00:00,2026-07-01T08:33:54+00:00,2026-06-15,qwen3:8b,ollama,0.0,42,4096,192,false,false,ollama_format_schema,news_single_dimension_v3_strict_calibration,2026-07-01T08:33:51+00:00,05_raw_model_outputs/news_final_full/NEWS_NESTLE_2025_11_12_7fc6fe46e9_N02_raw.json,,parsed,valid
NEWS_NESTLE_2025_11_12_7fc6fe46e9_N03,NEWS_NESTLE_2025_11_12_7fc6fe46e9,news,news_quality,news_general_quality,filter_news_final,qwen3:8b,N03,Balance and objectivity,3,1,5,0.15,50.0,7.5,NEWS_P001,"AS THE year-end monsoon season approaches, a food and beverage company is proactively supporting communities facing risk of floods. In collaboration with the Malaysian Red Crescent (MRC) and Food Bank Foundation Malaysia",model,"The article focuses on Nestle's proactive efforts and partnerships without presenting opposing viewpoints or critical perspectives, which limits balance.",,2026-07-01T08:33:54+00:00,2026-07-01T08:33:58+00:00,2026-06-15,qwen3:8b,ollama,0.0,42,4096,192,false,false,ollama_format_schema,news_single_dimension_v3_strict_calibration,2026-07-01T08:33:54+00:00,05_raw_model_outputs/news_final_full/NEWS_NESTLE_2025_11_12_7fc6fe46e9_N03_raw.json,,parsed,valid
NEWS_NESTLE_2025_11_12_7fc6fe46e9_N04,NEWS_NESTLE_2025_11_12_7fc6fe46e9,news,news_quality,news_general_quality,filter_news_final,qwen3:8b,N04,Relevance and information increment,3,1,5,0.2,50.0,10.0,NEWS_P001,"AS THE year-end monsoon season approaches, a food and beverage company is proactively supporting communities facing risk of floods. In collaboration with the Malaysian Red Crescent (MRC) and Food Bank Foundation Malaysia",model,"The article describes Nestle's flood relief efforts but lacks specific business or operational insights beyond CSR activities, which limits its relevance to the company's core operations or strategic direction.",,2026-07-01T08:33:58+00:00,2026-07-01T08:34:01+00:00,2026-06-15,qwen3:8b,ollama,0.0,42,4096,192,false,false,ollama_format_schema,news_single_dimension_v3_strict_calibration,2026-07-01T08:33:58+00:00,05_raw_model_outputs/news_final_full/NEWS_NESTLE_2025_11_12_7fc6fe46e9_N04_raw.json,,parsed,valid
NEWS_NESTLE_2025_11_12_7fc6fe46e9_N05,NEWS_NESTLE_2025_11_12_7fc6fe46e9,news,news_quality,news_general_quality,filter_news_final,qwen3:8b,N05,Expression clarity and headline fit,5,1,5,0.1,100.0,10.0,TITLE,"Volunteers pack 5,500 aid boxes for flood relief",model,"Headline clearly reflects the article's focus on volunteer efforts and flood relief, with no misleading or vague language.",,2026-07-01T08:34:01+00:00,2026-07-01T08:34:04+00:00,2026-06-15,qwen3:8b,ollama,0.0,42,4096,192,false,false,ollama_format_schema,news_single_dimension_v3_strict_calibration,2026-07-01T08:34:01+00:00,05_raw_model_outputs/news_final_full/NEWS_NESTLE_2025_11_12_7fc6fe46e9_N05_raw.json,,parsed,valid
NEWS_NESTLE_2025_10_30_ab42e593ff_N01,NEWS_NESTLE_2025_10_30_ab42e593ff,news,news_quality,news_general_quality,filter_news_final,qwen3:8b,N01,Factual accuracy and internal consistency,4,1,5,0.3,75.0,22.5,NEWS_P001,PETALING JAYA: Analysts expect Nestle (M) Bhd to be supported by improving sales and stabilising raw-material costs brought about by a stronger ringgit. The group posted a net profit of RM114.04mil for the third quarter ,model,"The article provides consistent factual claims about Nestle's financial performance and analyst expectations, with internal coherence and verifiable data points.",,2026-07-01T08:34:04+00:00,2026-07-01T08:34:07+00:00,2026-06-15,qwen3:8b,ollama,0.0,42,4096,192,false,false,ollama_format_schema,news_single_dimension_v3_strict_calibration,2026-07-01T08:34:04+00:00,05_raw_model_outputs/news_final_full/NEWS_NESTLE_2025_10_30_ab42e593ff_N01_raw.json,,parsed,valid
NEWS_NESTLE_2025_10_30_ab42e593ff_N02,NEWS_NESTLE_2025_10_30_ab42e593ff,news,news_quality,news_general_quality,filter_news_final,qwen3:8b,N02,Source transparency and verifiability,4,1,5,0.25,75.0,18.75,NEWS_P001,PETALING JAYA: Analysts expect Nestle (M) Bhd to be supported by improving sales and stabilising raw-material costs brought about by a stronger ringgit. The group posted a net profit of RM114.04mil for the third quarter ,model,"The article cites TA Research and provides specific financial figures and analysis, showing clear attribution and verifiable data.",,2026-07-01T08:34:07+00:00,2026-07-01T08:34:10+00:00,2026-06-15,qwen3:8b,ollama,0.0,42,4096,192,false,false,ollama_format_schema,news_single_dimension_v3_strict_calibration,2026-07-01T08:34:07+00:00,05_raw_model_outputs/news_final_full/NEWS_NESTLE_2025_10_30_ab42e593ff_N02_raw.json,,parsed,valid
NEWS_NESTLE_2025_10_30_ab42e593ff_N03,NEWS_NESTLE_2025_10_30_ab42e593ff,news,news_quality,news_general_quality,filter_news_final,qwen3:8b,N03,Balance and objectivity,4,1,5,0.15,75.0,11.25,NEWS_P001,PETALING JAYA: Analysts expect Nestle (M) Bhd to be supported by improving sales and stabilising raw-material costs brought about by a stronger ringgit. The group posted a net profit of RM114.04mil for the third quarter ,model,"The article presents balanced analysis with multiple research firms offering different perspectives on Nestle's performance and future outlook, without overt bias.",,2026-07-01T08:34:10+00:00,2026-07-01T08:34:13+00:00,2026-06-15,qwen3:8b,ollama,0.0,42,4096,192,false,false,ollama_format_schema,news_single_dimension_v3_strict_calibration,2026-07-01T08:34:10+00:00,05_raw_model_outputs/news_final_full/NEWS_NESTLE_2025_10_30_ab42e593ff_N03_raw.json,,parsed,valid
NEWS_NESTLE_2025_10_30_ab42e593ff_N04,NEWS_NESTLE_2025_10_30_ab42e593ff,news,news_quality,news_general_quality,filter_news_final,qwen3:8b,N04,Relevance and information increment,3,1,5,0.2,50.0,10.0,NEWS_P001,PETALING JAYA: Analysts expect Nestle (M) Bhd to be supported by improving sales and stabilising raw-material costs brought about by a stronger ringgit. The group posted a net profit of RM114.04mil for the third quarter ,model,"The article provides specific financial figures and analyst insights on Nestle's performance, which adds relevant information beyond generic market noise.",,2026-07-01T08:34:13+00:00,2026-07-01T08:34:16+00:00,2026-06-15,qwen3:8b,ollama,0.0,42,4096,192,false,false,ollama_format_schema,news_single_dimension_v3_strict_calibration,2026-07-01T08:34:13+00:00,05_raw_model_outputs/news_final_full/NEWS_NESTLE_2025_10_30_ab42e593ff_N04_raw.json,,parsed,valid
NEWS_NESTLE_2025_10_30_ab42e593ff_N05,NEWS_NESTLE_2025_10_30_ab42e593ff,news,news_quality,news_general_quality,filter_news_final,qwen3:8b,N05,Expression clarity and headline fit,5,1,5,0.1,100.0,10.0,TITLE,"Improving sales, lower costs to bolster Nestle",model,"The headline clearly and concisely reflects the article's focus on improving sales and lower costs as key factors supporting Nestle, with alignment between the title and the content.",,2026-07-01T08:34:16+00:00,2026-07-01T08:34:19+00:00,2026-06-15,qwen3:8b,ollama,0.0,42,4096,192,false,false,ollama_format_schema,news_single_dimension_v3_strict_calibration,2026-07-01T08:34:16+00:00,05_raw_model_outputs/news_final_full/NEWS_NESTLE_2025_10_30_ab42e593ff_N05_raw.json,,parsed,valid
NEWS_NESTLE_2025_10_30_6eec010fdf_N01,NEWS_NESTLE_2025_10_30_6eec010fdf,news,news_quality,news_general_quality,filter_news_final,qwen3:8b,N01,Factual accuracy and internal consistency,4,1,5,0.3,75.0,22.5,NEWS_P001,"PETALING JAYA: Domestic demand and tariff clarity are key factors that could anchor improved third-quarter (3Q25) performance for companies listed on Bursa Malaysia, analysts say, as the corporate results season beckons.",model,"The article provides coherent analysis of 3Q25 corporate results with factual claims about Nestle Malaysia's performance and sector trends, though some projections lack independent verification.",,2026-07-01T08:34:19+00:00,2026-07-01T08:34:24+00:00,2026-06-15,qwen3:8b,ollama,0.0,42,4096,192,false,false,ollama_format_schema,news_single_dimension_v3_strict_calibration,2026-07-01T08:34:19+00:00,05_raw_model_outputs/news_final_full/NEWS_NESTLE_2025_10_30_6eec010fdf_N01_raw.json,,parsed,valid
NEWS_NESTLE_2025_10_30_6eec010fdf_N02,NEWS_NESTLE_2025_10_30_6eec010fdf,news,news_quality,news_general_quality,filter_news_final,qwen3:8b,N02,Source transparency and verifiability,4,1,5,0.25,75.0,18.75,NEWS_P001,"PETALING JAYA: Domestic demand and tariff clarity are key factors that could anchor improved third-quarter (3Q25) performance for companies listed on Bursa Malaysia, analysts say, as the corporate results season beckons.",model,"The article cites specific companies and provides verifiable data points, such as Nestle Malaysia's performance, and includes analyst quotes with clear attribution.",,2026-07-01T08:34:24+00:00,2026-07-01T08:34:29+00:00,2026-06-15,qwen3:8b,ollama,0.0,42,4096,192,false,false,ollama_format_schema,news_single_dimension_v3_strict_calibration,2026-07-01T08:34:24+00:00,05_raw_model_outputs/news_final_full/NEWS_NESTLE_2025_10_30_6eec010fdf_N02_raw.json,,parsed,valid
NEWS_NESTLE_2025_10_30_6eec010fdf_N03,NEWS_NESTLE_2025_10_30_6eec010fdf,news,news_quality,news_general_quality,filter_news_final,qwen3:8b,N03,Balance and objectivity,4,1,5,0.15,75.0,11.25,NEWS_P001,"PETALING JAYA: Domestic demand and tariff clarity are key factors that could anchor improved third-quarter (3Q25) performance for companies listed on Bursa Malaysia, analysts say, as the corporate results season beckons.",model,"The article presents a balanced view of the market with multiple analyst perspectives, including both positive and cautious outlooks, without showing clear bias.",,2026-07-01T08:34:29+00:00,2026-07-01T08:34:33+00:00,2026-06-15,qwen3:8b,ollama,0.0,42,4096,192,false,false,ollama_format_schema,news_single_dimension_v3_strict_calibration,2026-07-01T08:34:29+00:00,05_raw_model_outputs/news_final_full/NEWS_NESTLE_2025_10_30_6eec010fdf_N03_raw.json,,parsed,valid
NEWS_NESTLE_2025_10_30_6eec010fdf_N04,NEWS_NESTLE_2025_10_30_6eec010fdf,news,news_quality,news_general_quality,filter_news_final,qwen3:8b,N04,Relevance and information increment,3,1,5,0.2,50.0,10.0,NEWS_P001,"PETALING JAYA: Domestic demand and tariff clarity are key factors that could anchor improved third-quarter (3Q25) performance for companies listed on Bursa Malaysia, analysts say, as the corporate results season beckons.",model,"The article discusses Nestle Malaysia's performance in the context of broader market trends and tariff clarity, providing relevant business information beyond generic market noise.",,2026-07-01T08:34:33+00:00,2026-07-01T08:34:38+00:00,2026-06-15,qwen3:8b,ollama,0.0,42,4096,192,false,false,ollama_format_schema,news_single_dimension_v3_strict_calibration,2026-07-01T08:34:33+00:00,05_raw_model_outputs/news_final_full/NEWS_NESTLE_2025_10_30_6eec010fdf_N04_raw.json,,parsed,valid
NEWS_NESTLE_2025_10_30_6eec010fdf_N05,NEWS_NESTLE_2025_10_30_6eec010fdf,news,news_quality,news_general_quality,filter_news_final,qwen3:8b,N05,Expression clarity and headline fit,5,1,5,0.1,100.0,10.0,TITLE,Cautious optimism outlines 3Q results season,model,"Headline clearly reflects the article's focus on cautious optimism and 3Q results, aligning with the content about market performance and corporate earnings.",,2026-07-01T08:34:38+00:00,2026-07-01T08:34:43+00:00,2026-06-15,qwen3:8b,ollama,0.0,42,4096,192,false,false,ollama_format_schema,news_single_dimension_v3_strict_calibration,2026-07-01T08:34:38+00:00,05_raw_model_outputs/news_final_full/NEWS_NESTLE_2025_10_30_6eec010fdf_N05_raw.json,,parsed,valid
NEWS_NESTLE_2025_10_31_53e61dd023_N01,NEWS_NESTLE_2025_10_31_53e61dd023,news,news_quality,news_general_quality,filter_news_final,qwen3:8b,N01,Factual accuracy and internal consistency,3,1,5,0.3,50.0,15.0,TITLE,Company to nurture 20 women food entrepreneurs,model,"The title mentions nurturing 20 women food entrepreneurs, which is supported by the article's mention of grants and mentorship, but the article also includes broader empowerment initiatives beyond just food entrepreneurship, which may dilute the focus on factual accuracy for N01.",,2026-07-01T08:34:43+00:00,2026-07-01T08:34:47+00:00,2026-06-15,qwen3:8b,ollama,0.0,42,4096,192,false,false,ollama_format_schema,news_single_dimension_v3_strict_calibration,2026-07-01T08:34:43+00:00,05_raw_model_outputs/news_final_full/NEWS_NESTLE_2025_10_31_53e61dd023_N01_raw.json,,parsed,valid
NEWS_NESTLE_2025_10_31_53e61dd023_N02,NEWS_NESTLE_2025_10_31_53e61dd023,news,news_quality,news_general_quality,filter_news_final,qwen3:8b,N02,Source transparency and verifiability,3,1,5,0.25,50.0,12.5,NEWS_P001,"AS MAGGI marks over five decades of nourishing Malaysians, its flagship empowerment initiative “Wanita Cukup Berani” (WCB) enters its fourth year. The programme is aimed at uplifting women through food, mentorship and di",model,"The article mentions the initiative 'Wanita Cukup Berani' and provides some details about its goals and achievements, but lacks clear attribution to specific sources or verifiable facts beyond the company's claims.",,2026-07-01T08:34:47+00:00,2026-07-01T08:34:50+00:00,2026-06-15,qwen3:8b,ollama,0.0,42,4096,192,false,false,ollama_format_schema,news_single_dimension_v3_strict_calibration,2026-07-01T08:34:47+00:00,05_raw_model_outputs/news_final_full/NEWS_NESTLE_2025_10_31_53e61dd023_N02_raw.json,,parsed,valid
NEWS_NESTLE_2025_10_31_53e61dd023_N03,NEWS_NESTLE_2025_10_31_53e61dd023,news,news_quality,news_general_quality,filter_news_final,qwen3:8b,N03,Balance and objectivity,3,1,5,0.15,50.0,7.5,NEWS_P001,"AS MAGGI marks over five decades of nourishing Malaysians, its flagship empowerment initiative “Wanita Cukup Berani” (WCB) enters its fourth year. The programme is aimed at uplifting women through food, mentorship and di",model,"The article presents the initiative as a positive corporate effort without critical analysis or balanced perspectives, leaning promotional.",,2026-07-01T08:34:50+00:00,2026-07-01T08:34:53+00:00,2026-06-15,qwen3:8b,ollama,0.0,42,4096,192,false,false,ollama_format_schema,news_single_dimension_v3_strict_calibration,2026-07-01T08:34:50+00:00,05_raw_model_outputs/news_final_full/NEWS_NESTLE_2025_10_31_53e61dd023_N03_raw.json,,parsed,valid
NEWS_NESTLE_2025_10_31_53e61dd023_N04,NEWS_NESTLE_2025_10_31_53e61dd023,news,news_quality,news_general_quality,filter_news_final,qwen3:8b,N04,Relevance and information increment,3,1,5,0.2,50.0,10.0,NEWS_P001,"AS MAGGI marks over five decades of nourishing Malaysians, its flagship empowerment initiative “Wanita Cukup Berani” (WCB) enters its fourth year. The programme is aimed at uplifting women through food, mentorship and di",model,"The article details a specific initiative by Maggi to support women entrepreneurs, providing grants, mentorship, and training, which adds substance beyond generic market noise.",,2026-07-01T08:34:53+00:00,2026-07-01T08:34:56+00:00,2026-06-15,qwen3:8b,ollama,0.0,42,4096,192,false,false,ollama_format_schema,news_single_dimension_v3_strict_calibration,2026-07-01T08:34:53+00:00,05_raw_model_outputs/news_final_full/NEWS_NESTLE_2025_10_31_53e61dd023_N04_raw.json,,parsed,valid
NEWS_NESTLE_2025_10_31_53e61dd023_N05,NEWS_NESTLE_2025_10_31_53e61dd023,news,news_quality,news_general_quality,filter_news_final,qwen3:8b,N05,Expression clarity and headline fit,4,1,5,0.1,75.0,7.5,TITLE,Company to nurture 20 women food entrepreneurs,model,"Headline clearly reflects the article's focus on nurturing women entrepreneurs, with clear and concise expression.",,2026-07-01T08:34:56+00:00,2026-07-01T08:34:59+00:00,2026-06-15,qwen3:8b,ollama,0.0,42,4096,192,false,false,ollama_format_schema,news_single_dimension_v3_strict_calibration,2026-07-01T08:34:56+00:00,05_raw_model_outputs/news_final_full/NEWS_NESTLE_2025_10_31_53e61dd023_N05_raw.json,,parsed,valid
NEWS_NESTLE_2025_10_29_478d148c2e_N01,NEWS_NESTLE_2025_10_29_478d148c2e,news,news_quality,news_general_quality,filter_news_final,qwen3:8b,N01,Factual accuracy and internal consistency,4,1,5,0.3,75.0,22.5,NEWS_P001,"A total of 528 people took part in Subang Jaya City Council’s (MBSJ) Mega Cleanup Programme in conjunction with World Cleanup Day 2025. The event saw the participation of various parties including staff of MBSJ, KDEB Was",model,"The article provides clear, consistent factual information about the cleanup event, including participation numbers, waste collected, and collaboration with various organizations.",,2026-07-01T08:34:59+00:00,2026-07-01T08:35:02+00:00,2026-06-15,qwen3:8b,ollama,0.0,42,4096,192,false,false,ollama_format_schema,news_single_dimension_v3_strict_calibration,2026-07-01T08:34:59+00:00,05_raw_model_outputs/news_final_full/NEWS_NESTLE_2025_10_29_478d148c2e_N01_raw.json,,parsed,valid
NEWS_NESTLE_2025_10_29_478d148c2e_N02,NEWS_NESTLE_2025_10_29_478d148c2e,news,news_quality,news_general_quality,filter_news_final,qwen3:8b,N02,Source transparency and verifiability,3,1,5,0.25,50.0,12.5,NEWS_P001,"A total of 528 people took part in Subang Jaya City Council’s (MBSJ) Mega Cleanup Programme in conjunction with World Cleanup Day 2025. The event saw the participation of various parties including staff of MBSJ, KDEB Was",model,"The article mentions multiple organizations and their participation but lacks direct quotes or official statements from sources, limiting verifiability.",,2026-07-01T08:35:02+00:00,2026-07-01T08:35:05+00:00,2026-06-15,qwen3:8b,ollama,0.0,42,4096,192,false,false,ollama_format_schema,news_single_dimension_v3_strict_calibration,2026-07-01T08:35:02+00:00,05_raw_model_outputs/news_final_full/NEWS_NESTLE_2025_10_29_478d148c2e_N02_raw.json,,parsed,valid
NEWS_NESTLE_2025_10_29_478d148c2e_N03,NEWS_NESTLE_2025_10_29_478d148c2e,news,news_quality,news_general_quality,filter_news_final,qwen3:8b,N03,Balance and objectivity,3,1,5,0.15,50.0,7.5,NEWS_P001,"A total of 528 people took part in Subang Jaya City Council’s (MBSJ) Mega Cleanup Programme in conjunction with World Cleanup Day 2025. The event saw the participation of various parties including staff of MBSJ, KDEB Was",model,"The article presents a factual account of the cleanup event without overt bias, but it is a community-focused story with limited critical analysis or multiple perspectives.",,2026-07-01T08:35:05+00:00,2026-07-01T08:35:08+00:00,2026-06-15,qwen3:8b,ollama,0.0,42,4096,192,false,false,ollama_format_schema,news_single_dimension_v3_strict_calibration,2026-07-01T08:35:05+00:00,05_raw_model_outputs/news_final_full/NEWS_NESTLE_2025_10_29_478d148c2e_N03_raw.json,,parsed,valid
NEWS_NESTLE_2025_10_29_478d148c2e_N04,NEWS_NESTLE_2025_10_29_478d148c2e,news,news_quality,news_general_quality,filter_news_final,qwen3:8b,N04,Relevance and information increment,3,1,5,0.2,50.0,10.0,NEWS_P003,Some of the used cooking oil collected as part of Subang Jaya’s green efforts. Several awareness and recycling programmes were also held to educate the public on sustainable practices. Nestle Malaysia and KPT Recycle car,model,"Mentions Nestle Malaysia's involvement in recycling activities, adding some business relevance but lacks depth on company-specific impacts.",,2026-07-01T08:35:08+00:00,2026-07-01T08:35:10+00:00,2026-06-15,qwen3:8b,ollama,0.0,42,4096,192,false,false,ollama_format_schema,news_single_dimension_v3_strict_calibration,2026-07-01T08:35:08+00:00,05_raw_model_outputs/news_final_full/NEWS_NESTLE_2025_10_29_478d148c2e_N04_raw.json,,parsed,valid
NEWS_NESTLE_2025_10_29_478d148c2e_N05,NEWS_NESTLE_2025_10_29_478d148c2e,news,news_quality,news_general_quality,filter_news_final,qwen3:8b,N05,Expression clarity and headline fit,4,1,5,0.1,75.0,7.5,TITLE,Subang Jaya cleanup bags 10 tonnes of waste,model,"Headline clearly reflects the cleanup activity and waste collection, aligning with the article's focus on the event and its outcomes.",,2026-07-01T08:35:10+00:00,2026-07-01T08:35:13+00:00,2026-06-15,qwen3:8b,ollama,0.0,42,4096,192,false,false,ollama_format_schema,news_single_dimension_v3_strict_calibration,2026-07-01T08:35:10+00:00,05_raw_model_outputs/news_final_full/NEWS_NESTLE_2025_10_29_478d148c2e_N05_raw.json,,parsed,valid
NEWS_NESTLE_2025_07_24_73ef3c058a_N01,NEWS_NESTLE_2025_07_24_73ef3c058a,news,news_quality,news_general_quality,filter_news_final,qwen3:8b,N01,Factual accuracy and internal consistency,5,1,5,0.3,100.0,30.0,NEWS_P001,"KUALA LUMPUR: Nestle (Malaysia) Bhd has made good on its earlier guidance that it would return to healthy growth by the first half of 2025. In the second quarter ended June 30, 2025 (2QFY25), the food and beverage firm p",model,Provides specific financial figures and internal consistency with clear performance metrics and explanations.,,2026-07-01T08:35:13+00:00,2026-07-01T08:35:16+00:00,2026-06-15,qwen3:8b,ollama,0.0,42,4096,192,false,false,ollama_format_schema,news_single_dimension_v3_strict_calibration,2026-07-01T08:35:13+00:00,05_raw_model_outputs/news_final_full/NEWS_NESTLE_2025_07_24_73ef3c058a_N01_raw.json,,parsed,valid
NEWS_NESTLE_2025_07_24_73ef3c058a_N02,NEWS_NESTLE_2025_07_24_73ef3c058a,news,news_quality,news_general_quality,filter_news_final,qwen3:8b,N02,Source transparency and verifiability,4,1,5,0.25,75.0,18.75,NEWS_P001,"KUALA LUMPUR: Nestle (Malaysia) Bhd has made good on its earlier guidance that it would return to healthy growth by the first half of 2025. In the second quarter ended June 30, 2025 (2QFY25), the food and beverage firm p",model,"The article provides verifiable financial figures and cites the CEO's statements, supporting source transparency and verifiability.",,2026-07-01T08:35:16+00:00,2026-07-01T08:35:18+00:00,2026-06-15,qwen3:8b,ollama,0.0,42,4096,192,false,false,ollama_format_schema,news_single_dimension_v3_strict_calibration,2026-07-01T08:35:16+00:00,05_raw_model_outputs/news_final_full/NEWS_NESTLE_2025_07_24_73ef3c058a_N02_raw.json,,parsed,valid
NEWS_NESTLE_2025_07_24_73ef3c058a_N03,NEWS_NESTLE_2025_07_24_73ef3c058a,news,news_quality,news_general_quality,filter_news_final,qwen3:8b,N03,Balance and objectivity,4,1,5,0.15,75.0,11.25,NEWS_P001,"KUALA LUMPUR: Nestle (Malaysia) Bhd has made good on its earlier guidance that it would return to healthy growth by the first half of 2025. In the second quarter ended June 30, 2025 (2QFY25), the food and beverage firm p",model,"The article presents factual data on Nestle's financial performance with neutral language, but lacks independent analysis or contrasting viewpoints.",,2026-07-01T08:35:18+00:00,2026-07-01T08:35:21+00:00,2026-06-15,qwen3:8b,ollama,0.0,42,4096,192,false,false,ollama_format_schema,news_single_dimension_v3_strict_calibration,2026-07-01T08:35:18+00:00,05_raw_model_outputs/news_final_full/NEWS_NESTLE_2025_07_24_73ef3c058a_N03_raw.json,,parsed,valid
NEWS_NESTLE_2025_07_24_73ef3c058a_N04,NEWS_NESTLE_2025_07_24_73ef3c058a,news,news_quality,news_general_quality,filter_news_final,qwen3:8b,N04,Relevance and information increment,4,1,5,0.2,75.0,15.0,NEWS_P001,"KUALA LUMPUR: Nestle (Malaysia) Bhd has made good on its earlier guidance that it would return to healthy growth by the first half of 2025. In the second quarter ended June 30, 2025 (2QFY25), the food and beverage firm p",model,Provides specific financial performance metrics and operational insights beyond generic market noise.,,2026-07-01T08:35:21+00:00,2026-07-01T08:35:24+00:00,2026-06-15,qwen3:8b,ollama,0.0,42,4096,192,false,false,ollama_format_schema,news_single_dimension_v3_strict_calibration,2026-07-01T08:35:21+00:00,05_raw_model_outputs/news_final_full/NEWS_NESTLE_2025_07_24_73ef3c058a_N04_raw.json,,parsed,valid
NEWS_NESTLE_2025_07_24_73ef3c058a_N05,NEWS_NESTLE_2025_07_24_73ef3c058a,news,news_quality,news_general_quality,filter_news_final,qwen3:8b,N05,Expression clarity and headline fit,5,1,5,0.1,100.0,10.0,TITLE,Strong sales momentum underpins Nestle Malaysia's higher bottomline in 2Q,model,Headline clearly reflects the article's focus on strong sales momentum and improved financial performance.,,2026-07-01T08:35:24+00:00,2026-07-01T08:35:26+00:00,2026-06-15,qwen3:8b,ollama,0.0,42,4096,192,false,false,ollama_format_schema,news_single_dimension_v3_strict_calibration,2026-07-01T08:35:24+00:00,05_raw_model_outputs/news_final_full/NEWS_NESTLE_2025_07_24_73ef3c058a_N05_raw.json,,parsed,valid
NEWS_NESTLE_2025_04_30_4dc7cd12a3_N01,NEWS_NESTLE_2025_04_30_4dc7cd12a3,news,news_quality,news_general_quality,filter_news_final,qwen3:8b,N01,Factual accuracy and internal consistency,4,1,5,0.3,75.0,22.5,NEWS_P001,"PETALING JAYA: Given the steady demand for Nestle (M) Bhd ’s core products like Maggi instant noodles, Nescafe coffee, and Milo chocolate-flavoured drink, the group’s performance in Malaysia is expected to gradually impr",model,"The article provides consistent data on sales, pricing adjustments, and margin improvements, with verifiable figures and references to research reports.",,2026-07-01T08:35:26+00:00,2026-07-01T08:35:30+00:00,2026-06-15,qwen3:8b,ollama,0.0,42,4096,192,false,false,ollama_format_schema,news_single_dimension_v3_strict_calibration,2026-07-01T08:35:26+00:00,05_raw_model_outputs/news_final_full/NEWS_NESTLE_2025_04_30_4dc7cd12a3_N01_raw.json,,parsed,valid
NEWS_NESTLE_2025_04_30_4dc7cd12a3_N02,NEWS_NESTLE_2025_04_30_4dc7cd12a3,news,news_quality,news_general_quality,filter_news_final,qwen3:8b,N02,Source transparency and verifiability,4,1,5,0.25,75.0,18.75,NEWS_P001,"PETALING JAYA: Given the steady demand for Nestle (M) Bhd ’s core products like Maggi instant noodles, Nescafe coffee, and Milo chocolate-flavoured drink, the group’s performance in Malaysia is expected to gradually impr",model,Clear attribution to TA Research with verifiable data and analysis on pricing adjustments and earnings projections.,,2026-07-01T08:35:30+00:00,2026-07-01T08:35:33+00:00,2026-06-15,qwen3:8b,ollama,0.0,42,4096,192,false,false,ollama_format_schema,news_single_dimension_v3_strict_calibration,2026-07-01T08:35:30+00:00,05_raw_model_outputs/news_final_full/NEWS_NESTLE_2025_04_30_4dc7cd12a3_N02_raw.json,,parsed,valid
NEWS_NESTLE_2025_04_30_4dc7cd12a3_N03,NEWS_NESTLE_2025_04_30_4dc7cd12a3,news,news_quality,news_general_quality,filter_news_final,qwen3:8b,N03,Balance and objectivity,3,1,5,0.15,50.0,7.5,NEWS_P001,"PETALING JAYA: Given the steady demand for Nestle (M) Bhd ’s core products like Maggi instant noodles, Nescafe coffee, and Milo chocolate-flavoured drink, the group’s performance in Malaysia is expected to gradually impr",model,The article presents Nestle's performance with positive indicators but lacks balanced treatment by not addressing potential challenges or criticisms adequately.,,2026-07-01T08:35:33+00:00,2026-07-01T08:35:36+00:00,2026-06-15,qwen3:8b,ollama,0.0,42,4096,192,false,false,ollama_format_schema,news_single_dimension_v3_strict_calibration,2026-07-01T08:35:33+00:00,05_raw_model_outputs/news_final_full/NEWS_NESTLE_2025_04_30_4dc7cd12a3_N03_raw.json,,parsed,valid
NEWS_NESTLE_2025_04_30_4dc7cd12a3_N04,NEWS_NESTLE_2025_04_30_4dc7cd12a3,news,news_quality,news_general_quality,filter_news_final,qwen3:8b,N04,Relevance and information increment,3,1,5,0.2,50.0,10.0,NEWS_P001,"PETALING JAYA: Given the steady demand for Nestle (M) Bhd ’s core products like Maggi instant noodles, Nescafe coffee, and Milo chocolate-flavoured drink, the group’s performance in Malaysia is expected to gradually impr",model,"The article provides specific data on sales performance, cost adjustments, and margin improvements, which add substance beyond generic market noise.",,2026-07-01T08:35:36+00:00,2026-07-01T08:35:40+00:00,2026-06-15,qwen3:8b,ollama,0.0,42,4096,192,false,false,ollama_format_schema,news_single_dimension_v3_strict_calibration,2026-07-01T08:35:36+00:00,05_raw_model_outputs/news_final_full/NEWS_NESTLE_2025_04_30_4dc7cd12a3_N04_raw.json,,parsed,valid
NEWS_NESTLE_2025_04_30_4dc7cd12a3_N05,NEWS_NESTLE_2025_04_30_4dc7cd12a3,news,news_quality,news_general_quality,filter_news_final,qwen3:8b,N05,Expression clarity and headline fit,5,1,5,0.1,100.0,10.0,TITLE,Strong domestic sales to bolster Nestle Malaysia,model,"Headline clearly reflects the article's focus on domestic sales boosting Nestle Malaysia, with clear and concise expression.",,2026-07-01T08:35:40+00:00,2026-07-01T08:35:43+00:00,2026-06-15,qwen3:8b,ollama,0.0,42,4096,192,false,false,ollama_format_schema,news_single_dimension_v3_strict_calibration,2026-07-01T08:35:40+00:00,05_raw_model_outputs/news_final_full/NEWS_NESTLE_2025_04_30_4dc7cd12a3_N05_raw.json,,parsed,valid
NEWS_NESTLE_2025_04_26_6d8b03d4d8_N01,NEWS_NESTLE_2025_04_26_6d8b03d4d8,news,news_quality,news_general_quality,filter_news_final,qwen3:8b,N01,Factual accuracy and internal consistency,3,1,5,0.3,50.0,15.0,NEWS_P001,A NEW door-to-door recyclable waste collection programme has been launched for households in Subang Jaya and Sepang. KDEB Waste Management has teamed up with a food-and-­beverage manufacturer for the Selangor Recycling (,model,"The article provides internal consistency by detailing the expansion of the recycling project, collaboration with local councils, and specific numbers of households and waste reduction. However, it lacks independent verification of the claims and is presented as a promotional piece for Nestle's initiatives.",,2026-07-01T08:35:43+00:00,2026-07-01T08:35:47+00:00,2026-06-15,qwen3:8b,ollama,0.0,42,4096,192,false,false,ollama_format_schema,news_single_dimension_v3_strict_calibration,2026-07-01T08:35:43+00:00,05_raw_model_outputs/news_final_full/NEWS_NESTLE_2025_04_26_6d8b03d4d8_N01_raw.json,,parsed,valid
NEWS_NESTLE_2025_04_26_6d8b03d4d8_N02,NEWS_NESTLE_2025_04_26_6d8b03d4d8,news,news_quality,news_general_quality,filter_news_final,qwen3:8b,N02,Source transparency and verifiability,3,1,5,0.25,50.0,12.5,NEWS_P001,A NEW door-to-door recyclable waste collection programme has been launched for households in Subang Jaya and Sepang. KDEB Waste Management has teamed up with a food-and-­beverage manufacturer for the Selangor Recycling (,model,"The article mentions collaboration with KDEB Waste Management and a food-and-beverage manufacturer, but lacks specific details on the verification of sources or independent confirmation of the programme's claims.",,2026-07-01T08:35:47+00:00,2026-07-01T08:35:50+00:00,2026-06-15,qwen3:8b,ollama,0.0,42,4096,192,false,false,ollama_format_schema,news_single_dimension_v3_strict_calibration,2026-07-01T08:35:47+00:00,05_raw_model_outputs/news_final_full/NEWS_NESTLE_2025_04_26_6d8b03d4d8_N02_raw.json,,parsed,valid
NEWS_NESTLE_2025_04_26_6d8b03d4d8_N03,NEWS_NESTLE_2025_04_26_6d8b03d4d8,news,news_quality,news_general_quality,filter_news_final,qwen3:8b,N03,Balance and objectivity,3,1,5,0.15,50.0,7.5,NEWS_P001,A NEW door-to-door recyclable waste collection programme has been launched for households in Subang Jaya and Sepang. KDEB Waste Management has teamed up with a food-and-­beverage manufacturer for the Selangor Recycling (,model,"The article presents the recycling project as a positive initiative without critical analysis or alternative perspectives, lacking balanced treatment of claims.",,2026-07-01T08:35:50+00:00,2026-07-01T08:35:53+00:00,2026-06-15,qwen3:8b,ollama,0.0,42,4096,192,false,false,ollama_format_schema,news_single_dimension_v3_strict_calibration,2026-07-01T08:35:50+00:00,05_raw_model_outputs/news_final_full/NEWS_NESTLE_2025_04_26_6d8b03d4d8_N03_raw.json,,parsed,valid
NEWS_NESTLE_2025_04_26_6d8b03d4d8_N04,NEWS_NESTLE_2025_04_26_6d8b03d4d8,news,news_quality,news_general_quality,filter_news_final,qwen3:8b,N04,Relevance and information increment,3,1,5,0.2,50.0,10.0,NEWS_P001,A NEW door-to-door recyclable waste collection programme has been launched for households in Subang Jaya and Sepang. KDEB Waste Management has teamed up with a food-and-­beverage manufacturer for the Selangor Recycling (,model,"The article details Nestle's expansion of its recycling program, which adds substance to the company's sustainability efforts beyond generic market noise.",,2026-07-01T08:35:53+00:00,2026-07-01T08:35:57+00:00,2026-06-15,qwen3:8b,ollama,0.0,42,4096,192,false,false,ollama_format_schema,news_single_dimension_v3_strict_calibration,2026-07-01T08:35:53+00:00,05_raw_model_outputs/news_final_full/NEWS_NESTLE_2025_04_26_6d8b03d4d8_N04_raw.json,,parsed,valid
NEWS_NESTLE_2025_04_26_6d8b03d4d8_N05,NEWS_NESTLE_2025_04_26_6d8b03d4d8,news,news_quality,news_general_quality,filter_news_final,qwen3:8b,N05,Expression clarity and headline fit,3,1,5,0.1,50.0,5.0,TITLE,"Recycling project expands to Subang Jaya, Sepang",model,"Headline mentions expansion but article details the programme's launch and collaboration, with some clarity but not fully aligned.",,2026-07-01T08:35:57+00:00,2026-07-01T08:36:00+00:00,2026-06-15,qwen3:8b,ollama,0.0,42,4096,192,false,false,ollama_format_schema,news_single_dimension_v3_strict_calibration,2026-07-01T08:35:57+00:00,05_raw_model_outputs/news_final_full/NEWS_NESTLE_2025_04_26_6d8b03d4d8_N05_raw.json,,parsed,valid
NEWS_NESTLE_2025_04_18_3593658a86_N01,NEWS_NESTLE_2025_04_18_3593658a86,news,news_quality,news_general_quality,filter_news_final,qwen3:8b,N01,Factual accuracy and internal consistency,5,1,5,0.3,100.0,30.0,TITLE,MSPO to launch Impact Alliance platform by 3Q to boost certification value - Johari Ghani,model,"The title clearly states the key action (launching the Impact Alliance platform) and the purpose (boost certification value), aligning with the article's content on collaboration and sustainability initiatives.",,2026-07-01T08:36:00+00:00,2026-07-01T08:36:04+00:00,2026-06-15,qwen3:8b,ollama,0.0,42,4096,192,false,false,ollama_format_schema,news_single_dimension_v3_strict_calibration,2026-07-01T08:36:00+00:00,05_raw_model_outputs/news_final_full/NEWS_NESTLE_2025_04_18_3593658a86_N01_raw.json,,parsed,valid
NEWS_NESTLE_2025_04_18_3593658a86_N02,NEWS_NESTLE_2025_04_18_3593658a86,news,news_quality,news_general_quality,filter_news_final,qwen3:8b,N02,Source transparency and verifiability,4,1,5,0.25,75.0,18.75,NEWS_P001,"KUALA LUMPUR: Malaysian Sustainable Palm Oil (MSPO) will establish the MSPO Impact Alliance by the third quarter (3Q) of this year, a new multi-stakeholder platform that aims to explore and test innovative models that en",model,"Clear attribution to the minister and collaboration with multiple stakeholders, but lacks independent verification links or third-party sources.",,2026-07-01T08:36:04+00:00,2026-07-01T08:36:07+00:00,2026-06-15,qwen3:8b,ollama,0.0,42,4096,192,false,false,ollama_format_schema,news_single_dimension_v3_strict_calibration,2026-07-01T08:36:04+00:00,05_raw_model_outputs/news_final_full/NEWS_NESTLE_2025_04_18_3593658a86_N02_raw.json,,parsed,valid
NEWS_NESTLE_2025_04_18_3593658a86_N03,NEWS_NESTLE_2025_04_18_3593658a86,news,news_quality,news_general_quality,filter_news_final,qwen3:8b,N03,Balance and objectivity,4,1,5,0.15,75.0,11.25,NEWS_P001,"KUALA LUMPUR: Malaysian Sustainable Palm Oil (MSPO) will establish the MSPO Impact Alliance by the third quarter (3Q) of this year, a new multi-stakeholder platform that aims to explore and test innovative models that en",model,"The article presents the initiative as a collaborative effort with multiple stakeholders, showing a balanced approach to the platform's purpose and goals.",,2026-07-01T08:36:07+00:00,2026-07-01T08:36:10+00:00,2026-06-15,qwen3:8b,ollama,0.0,42,4096,192,false,false,ollama_format_schema,news_single_dimension_v3_strict_calibration,2026-07-01T08:36:07+00:00,05_raw_model_outputs/news_final_full/NEWS_NESTLE_2025_04_18_3593658a86_N03_raw.json,,parsed,valid
NEWS_NESTLE_2025_04_18_3593658a86_N04,NEWS_NESTLE_2025_04_18_3593658a86,news,news_quality,news_general_quality,filter_news_final,qwen3:8b,N04,Relevance and information increment,4,1,5,0.2,75.0,15.0,NEWS_P001,"KUALA LUMPUR: Malaysian Sustainable Palm Oil (MSPO) will establish the MSPO Impact Alliance by the third quarter (3Q) of this year, a new multi-stakeholder platform that aims to explore and test innovative models that en",model,"The article provides specific details about the MSPO Impact Alliance platform, its goals, and collaboration with Nestle, which adds substantive information beyond generic market noise.",,2026-07-01T08:36:10+00:00,2026-07-01T08:36:13+00:00,2026-06-15,qwen3:8b,ollama,0.0,42,4096,192,false,false,ollama_format_schema,news_single_dimension_v3_strict_calibration,2026-07-01T08:36:10+00:00,05_raw_model_outputs/news_final_full/NEWS_NESTLE_2025_04_18_3593658a86_N04_raw.json,,parsed,valid
NEWS_NESTLE_2025_04_18_3593658a86_N05,NEWS_NESTLE_2025_04_18_3593658a86,news,news_quality,news_general_quality,filter_news_final,qwen3:8b,N05,Expression clarity and headline fit,5,1,5,0.1,100.0,10.0,TITLE,MSPO to launch Impact Alliance platform by 3Q to boost certification value - Johari Ghani,model,"Headline clearly reflects the article's focus on launching the Impact Alliance platform and its goals, with direct alignment to the content.",,2026-07-01T08:36:13+00:00,2026-07-01T08:36:16+00:00,2026-06-15,qwen3:8b,ollama,0.0,42,4096,192,false,false,ollama_format_schema,news_single_dimension_v3_strict_calibration,2026-07-01T08:36:13+00:00,05_raw_model_outputs/news_final_full/NEWS_NESTLE_2025_04_18_3593658a86_N05_raw.json,,parsed,valid
NEWS_NESTLE_2025_03_21_999afd3b0d_N01,NEWS_NESTLE_2025_03_21_999afd3b0d,news,news_quality,news_general_quality,filter_news_final,qwen3:8b,N01,Factual accuracy and internal consistency,5,1,5,0.3,100.0,30.0,NEWS_P001,"KUALA LUMPUR: Nestle (Malaysia) Bhd has held a groundbreaking ceremony for its RM250mil integrated logistics hub in Port Klang, which forms part of the consumer group's plan to enhance supply chain efficiency and sustain",model,"The article provides clear, internally consistent factual claims about the logistics hub, including the investment amount, expected operational date, and partnership details, with no contradictions or ambiguities.",,2026-07-01T08:36:16+00:00,2026-07-01T08:36:19+00:00,2026-06-15,qwen3:8b,ollama,0.0,42,4096,192,false,false,ollama_format_schema,news_single_dimension_v3_strict_calibration,2026-07-01T08:36:16+00:00,05_raw_model_outputs/news_final_full/NEWS_NESTLE_2025_03_21_999afd3b0d_N01_raw.json,,parsed,valid
NEWS_NESTLE_2025_03_21_999afd3b0d_N02,NEWS_NESTLE_2025_03_21_999afd3b0d,news,news_quality,news_general_quality,filter_news_final,qwen3:8b,N02,Source transparency and verifiability,4,1,5,0.25,75.0,18.75,NEWS_P001,"KUALA LUMPUR: Nestle (Malaysia) Bhd has held a groundbreaking ceremony for its RM250mil integrated logistics hub in Port Klang, which forms part of the consumer group's plan to enhance supply chain efficiency and sustain",model,"The article provides clear attribution to Nestle Malaysia and mentions a partnership with a Malaysian-owned logistics company, with verifiable details about the project's scale and expected completion date.",,2026-07-01T08:36:19+00:00,2026-07-01T08:36:21+00:00,2026-06-15,qwen3:8b,ollama,0.0,42,4096,192,false,false,ollama_format_schema,news_single_dimension_v3_strict_calibration,2026-07-01T08:36:19+00:00,05_raw_model_outputs/news_final_full/NEWS_NESTLE_2025_03_21_999afd3b0d_N02_raw.json,,parsed,valid
NEWS_NESTLE_2025_03_21_999afd3b0d_N03,NEWS_NESTLE_2025_03_21_999afd3b0d,news,news_quality,news_general_quality,filter_news_final,qwen3:8b,N03,Balance and objectivity,3,1,5,0.15,50.0,7.5,NEWS_P001,"KUALA LUMPUR: Nestle (Malaysia) Bhd has held a groundbreaking ceremony for its RM250mil integrated logistics hub in Port Klang, which forms part of the consumer group's plan to enhance supply chain efficiency and sustain",model,"The article presents Nestle's initiative without critical analysis or third-party perspectives, lacking balanced treatment of claims.",,2026-07-01T08:36:21+00:00,2026-07-01T08:36:24+00:00,2026-06-15,qwen3:8b,ollama,0.0,42,4096,192,false,false,ollama_format_schema,news_single_dimension_v3_strict_calibration,2026-07-01T08:36:21+00:00,05_raw_model_outputs/news_final_full/NEWS_NESTLE_2025_03_21_999afd3b0d_N03_raw.json,,parsed,valid
NEWS_NESTLE_2025_03_21_999afd3b0d_N04,NEWS_NESTLE_2025_03_21_999afd3b0d,news,news_quality,news_general_quality,filter_news_final,qwen3:8b,N04,Relevance and information increment,4,1,5,0.2,75.0,15.0,NEWS_P001,"KUALA LUMPUR: Nestle (Malaysia) Bhd has held a groundbreaking ceremony for its RM250mil integrated logistics hub in Port Klang, which forms part of the consumer group's plan to enhance supply chain efficiency and sustain",model,"The article details a significant logistics hub investment by Nestle Malaysia, highlighting supply chain efficiency, sustainability, and partnerships, which adds substantive business information beyond generic market noise.",,2026-07-01T08:36:24+00:00,2026-07-01T08:36:27+00:00,2026-06-15,qwen3:8b,ollama,0.0,42,4096,192,false,false,ollama_format_schema,news_single_dimension_v3_strict_calibration,2026-07-01T08:36:24+00:00,05_raw_model_outputs/news_final_full/NEWS_NESTLE_2025_03_21_999afd3b0d_N04_raw.json,,parsed,valid
NEWS_NESTLE_2025_03_21_999afd3b0d_N05,NEWS_NESTLE_2025_03_21_999afd3b0d,news,news_quality,news_general_quality,filter_news_final,qwen3:8b,N05,Expression clarity and headline fit,5,1,5,0.1,100.0,10.0,NEWS_P001,"KUALA LUMPUR: Nestle (Malaysia) Bhd has held a groundbreaking ceremony for its RM250mil integrated logistics hub in Port Klang, which forms part of the consumer group's plan to enhance supply chain efficiency and sustain",model,"Headline clearly reflects the content about the logistics hub groundbreaking, with direct mention of the RM250mil investment and alignment with the article's focus on supply chain efficiency and sustainability.",,2026-07-01T08:36:27+00:00,2026-07-01T08:36:29+00:00,2026-06-15,qwen3:8b,ollama,0.0,42,4096,192,false,false,ollama_format_schema,news_single_dimension_v3_strict_calibration,2026-07-01T08:36:27+00:00,05_raw_model_outputs/news_final_full/NEWS_NESTLE_2025_03_21_999afd3b0d_N05_raw.json,,parsed,valid
NEWS_NESTLE_2025_01_03_d3d67cede6_N01,NEWS_NESTLE_2025_01_03_d3d67cede6,news,news_quality,news_general_quality,filter_news_final,qwen3:8b,N01,Factual accuracy and internal consistency,4,1,5,0.3,75.0,22.5,TITLE,Planting seeds of change among Sabah’s children,model,"The title is clear and relevant to the content, which discusses a reforestation initiative aimed at educating children on environmental stewardship. The article is internally consistent and presents factual claims about the program's goals and activities.",,2026-07-01T08:36:29+00:00,2026-07-01T08:36:33+00:00,2026-06-15,qwen3:8b,ollama,0.0,42,4096,192,false,false,ollama_format_schema,news_single_dimension_v3_strict_calibration,2026-07-01T08:36:29+00:00,05_raw_model_outputs/news_final_full/NEWS_NESTLE_2025_01_03_d3d67cede6_N01_raw.json,,parsed,valid
NEWS_NESTLE_2025_01_03_d3d67cede6_N02,NEWS_NESTLE_2025_01_03_d3d67cede6,news,news_quality,news_general_quality,filter_news_final,qwen3:8b,N02,Source transparency and verifiability,3,1,5,0.25,50.0,12.5,NEWS_P001,Campaign seeks to teach pupils to be environmental stewards A food-and-beverage manufacturer has expanded its Project ReLeaf reforestation initiative to cultivate greener values among schoolchildren. At the launch of its,model,"The article mentions partner organizations and provides some context about the initiative, but lacks direct quotes or verifiable details from independent sources, which limits source transparency.",,2026-07-01T08:36:33+00:00,2026-07-01T08:36:36+00:00,2026-06-15,qwen3:8b,ollama,0.0,42,4096,192,false,false,ollama_format_schema,news_single_dimension_v3_strict_calibration,2026-07-01T08:36:33+00:00,05_raw_model_outputs/news_final_full/NEWS_NESTLE_2025_01_03_d3d67cede6_N02_raw.json,,parsed,valid
NEWS_NESTLE_2025_01_03_d3d67cede6_N03,NEWS_NESTLE_2025_01_03_d3d67cede6,news,news_quality,news_general_quality,filter_news_final,qwen3:8b,N03,Balance and objectivity,3,1,5,0.15,50.0,7.5,TITLE,Planting seeds of change among Sabah’s children,model,"The title presents a positive narrative about Nestle's environmental initiatives without critical perspectives, suggesting a lack of balanced reporting.",,2026-07-01T08:36:36+00:00,2026-07-01T08:36:39+00:00,2026-06-15,qwen3:8b,ollama,0.0,42,4096,192,false,false,ollama_format_schema,news_single_dimension_v3_strict_calibration,2026-07-01T08:36:36+00:00,05_raw_model_outputs/news_final_full/NEWS_NESTLE_2025_01_03_d3d67cede6_N03_raw.json,,parsed,valid
NEWS_NESTLE_2025_01_03_d3d67cede6_N04,NEWS_NESTLE_2025_01_03_d3d67cede6,news,news_quality,news_general_quality,filter_news_final,qwen3:8b,N04,Relevance and information increment,3,1,5,0.2,50.0,10.0,TITLE,Planting seeds of change among Sabah’s children,model,"The article focuses on a CSR initiative with environmental education for children, which is a lifestyle/metro story. It lacks deeper business or operational insights beyond generic CSR activities.",,2026-07-01T08:36:39+00:00,2026-07-01T08:36:42+00:00,2026-06-15,qwen3:8b,ollama,0.0,42,4096,192,false,false,ollama_format_schema,news_single_dimension_v3_strict_calibration,2026-07-01T08:36:39+00:00,05_raw_model_outputs/news_final_full/NEWS_NESTLE_2025_01_03_d3d67cede6_N04_raw.json,,parsed,valid
NEWS_NESTLE_2025_01_03_d3d67cede6_N05,NEWS_NESTLE_2025_01_03_d3d67cede6,news,news_quality,news_general_quality,filter_news_final,qwen3:8b,N05,Expression clarity and headline fit,4,1,5,0.1,75.0,7.5,TITLE,Planting seeds of change among Sabah’s children,model,Headline clearly reflects the article's focus on environmental education and community engagement.,,2026-07-01T08:36:42+00:00,2026-07-01T08:36:45+00:00,2026-06-15,qwen3:8b,ollama,0.0,42,4096,192,false,false,ollama_format_schema,news_single_dimension_v3_strict_calibration,2026-07-01T08:36:42+00:00,05_raw_model_outputs/news_final_full/NEWS_NESTLE_2025_01_03_d3d67cede6_N05_raw.json,,parsed,valid
NEWS_NESTLE_2024_12_18_40df1b49c4_N01,NEWS_NESTLE_2024_12_18_40df1b49c4,news,news_quality,news_general_quality,filter_news_final,qwen3:8b,N01,Factual accuracy and internal consistency,4,1,5,0.3,75.0,22.5,NEWS_P001,"KUALA BERANG: The Malaysian Red Crescent Society (MRCS) has distributed aid to more than 6,000 families affected by floods caused by the northeast monsoon nationwide. Its chairman Tan Sri Tunku Puteri Intan Safinaz Almar",model,"The article provides internal consistency with specific details about aid distribution, collaboration with agencies, and quotes from the chairman, supporting factual claims without contradictions.",,2026-07-01T08:36:45+00:00,2026-07-01T08:36:47+00:00,2026-06-15,qwen3:8b,ollama,0.0,42,4096,192,false,false,ollama_format_schema,news_single_dimension_v3_strict_calibration,2026-07-01T08:36:45+00:00,05_raw_model_outputs/news_final_full/NEWS_NESTLE_2024_12_18_40df1b49c4_N01_raw.json,,parsed,valid
NEWS_NESTLE_2024_12_18_40df1b49c4_N02,NEWS_NESTLE_2024_12_18_40df1b49c4,news,news_quality,news_general_quality,filter_news_final,qwen3:8b,N02,Source transparency and verifiability,4,1,5,0.25,75.0,18.75,NEWS_P001,"KUALA BERANG: The Malaysian Red Crescent Society (MRCS) has distributed aid to more than 6,000 families affected by floods caused by the northeast monsoon nationwide. Its chairman Tan Sri Tunku Puteri Intan Safinaz Almar",model,"The article clearly attributes the aid distribution to the Malaysian Red Crescent Society and mentions collaboration with verified entities like KFC Malaysia, Nestle Malaysia, and the National Disaster Management Agency, providing verifiable cues.",,2026-07-01T08:36:47+00:00,2026-07-01T08:36:50+00:00,2026-06-15,qwen3:8b,ollama,0.0,42,4096,192,false,false,ollama_format_schema,news_single_dimension_v3_strict_calibration,2026-07-01T08:36:47+00:00,05_raw_model_outputs/news_final_full/NEWS_NESTLE_2024_12_18_40df1b49c4_N02_raw.json,,parsed,valid
NEWS_NESTLE_2024_12_18_40df1b49c4_N03,NEWS_NESTLE_2024_12_18_40df1b49c4,news,news_quality,news_general_quality,filter_news_final,qwen3:8b,N03,Balance and objectivity,3,1,5,0.15,50.0,7.5,NEWS_P001,"KUALA BERANG: The Malaysian Red Crescent Society (MRCS) has distributed aid to more than 6,000 families affected by floods caused by the northeast monsoon nationwide. Its chairman Tan Sri Tunku Puteri Intan Safinaz Almar",model,"The article presents a one-sided account of the Red Crescent's aid distribution without critical analysis or alternative perspectives, lacking balance and objectivity.",,2026-07-01T08:36:50+00:00,2026-07-01T08:36:53+00:00,2026-06-15,qwen3:8b,ollama,0.0,42,4096,192,false,false,ollama_format_schema,news_single_dimension_v3_strict_calibration,2026-07-01T08:36:50+00:00,05_raw_model_outputs/news_final_full/NEWS_NESTLE_2024_12_18_40df1b49c4_N03_raw.json,,parsed,valid
NEWS_NESTLE_2024_12_18_40df1b49c4_N04,NEWS_NESTLE_2024_12_18_40df1b49c4,news,news_quality,news_general_quality,filter_news_final,qwen3:8b,N04,Relevance and information increment,3,1,5,0.2,50.0,10.0,NEWS_P002,"""Besides that, the society also conducts health screening, hygiene promotion activities and visits to the homes of ailing flood victims to give them material and physical support. ""This initiative is carried out in colla",model,"Mentions Nestle Malaysia as a collaborating partner in flood relief efforts, adding relevant business information beyond generic market noise.",,2026-07-01T08:36:53+00:00,2026-07-01T08:36:55+00:00,2026-06-15,qwen3:8b,ollama,0.0,42,4096,192,false,false,ollama_format_schema,news_single_dimension_v3_strict_calibration,2026-07-01T08:36:53+00:00,05_raw_model_outputs/news_final_full/NEWS_NESTLE_2024_12_18_40df1b49c4_N04_raw.json,,parsed,valid
NEWS_NESTLE_2024_12_18_40df1b49c4_N05,NEWS_NESTLE_2024_12_18_40df1b49c4,news,news_quality,news_general_quality,filter_news_final,qwen3:8b,N05,Expression clarity and headline fit,4,1,5,0.1,75.0,7.5,NEWS_P001,"KUALA BERANG: The Malaysian Red Crescent Society (MRCS) has distributed aid to more than 6,000 families affected by floods caused by the northeast monsoon nationwide. Its chairman Tan Sri Tunku Puteri Intan Safinaz Almar",model,"Headline clearly reflects the content about flood aid distribution, with specific details in the article supporting the clarity and alignment between the headline and body.",,2026-07-01T08:36:55+00:00,2026-07-01T08:36:57+00:00,2026-06-15,qwen3:8b,ollama,0.0,42,4096,192,false,false,ollama_format_schema,news_single_dimension_v3_strict_calibration,2026-07-01T08:36:55+00:00,05_raw_model_outputs/news_final_full/NEWS_NESTLE_2024_12_18_40df1b49c4_N05_raw.json,,parsed,valid
NEWS_NESTLE_2024_12_04_8d581af215_N01,NEWS_NESTLE_2024_12_04_8d581af215,news,news_quality,news_general_quality,filter_news_final,qwen3:8b,N01,Factual accuracy and internal consistency,5,1,5,0.3,100.0,30.0,NEWS_P001,"NestlE Malaysia continued its ongoing partnership with Malaysian Red Crescent (MRC) to support communities in need during the monsoon season. With the aim of delivering much-needed aid to those affected by the floods, th",model,"The article provides clear, consistent factual claims about Nestle Malaysia's partnership with MRC, the number of food aid boxes, and the purpose of the initiative, demonstrating internal coherence and factual precision.",,2026-07-01T08:36:57+00:00,2026-07-01T08:37:01+00:00,2026-06-15,qwen3:8b,ollama,0.0,42,4096,192,false,false,ollama_format_schema,news_single_dimension_v3_strict_calibration,2026-07-01T08:36:57+00:00,05_raw_model_outputs/news_final_full/NEWS_NESTLE_2024_12_04_8d581af215_N01_raw.json,,parsed,valid
NEWS_NESTLE_2024_12_04_8d581af215_N02,NEWS_NESTLE_2024_12_04_8d581af215,news,news_quality,news_general_quality,filter_news_final,qwen3:8b,N02,Source transparency and verifiability,4,1,5,0.25,75.0,18.75,NEWS_P001,"NestlE Malaysia continued its ongoing partnership with Malaysian Red Crescent (MRC) to support communities in need during the monsoon season. With the aim of delivering much-needed aid to those affected by the floods, th",model,"Clear partnership with MRC and specific details on the aid distribution, but lacks independent verification sources.",,2026-07-01T08:37:01+00:00,2026-07-01T08:37:03+00:00,2026-06-15,qwen3:8b,ollama,0.0,42,4096,192,false,false,ollama_format_schema,news_single_dimension_v3_strict_calibration,2026-07-01T08:37:01+00:00,05_raw_model_outputs/news_final_full/NEWS_NESTLE_2024_12_04_8d581af215_N02_raw.json,,parsed,valid
NEWS_NESTLE_2024_12_04_8d581af215_N03,NEWS_NESTLE_2024_12_04_8d581af215,news,news_quality,news_general_quality,filter_news_final,qwen3:8b,N03,Balance and objectivity,3,1,5,0.15,50.0,7.5,NEWS_P001,"NestlE Malaysia continued its ongoing partnership with Malaysian Red Crescent (MRC) to support communities in need during the monsoon season. With the aim of delivering much-needed aid to those affected by the floods, th",model,"The article presents a one-sided narrative focusing on Nestle's contributions without critical analysis or alternative perspectives, which limits balance and objectivity.",,2026-07-01T08:37:03+00:00,2026-07-01T08:37:06+00:00,2026-06-15,qwen3:8b,ollama,0.0,42,4096,192,false,false,ollama_format_schema,news_single_dimension_v3_strict_calibration,2026-07-01T08:37:03+00:00,05_raw_model_outputs/news_final_full/NEWS_NESTLE_2024_12_04_8d581af215_N03_raw.json,,parsed,valid
NEWS_NESTLE_2024_12_04_8d581af215_N04,NEWS_NESTLE_2024_12_04_8d581af215,news,news_quality,news_general_quality,filter_news_final,qwen3:8b,N04,Relevance and information increment,3,1,5,0.2,50.0,10.0,NEWS_P001,"NestlE Malaysia continued its ongoing partnership with Malaysian Red Crescent (MRC) to support communities in need during the monsoon season. With the aim of delivering much-needed aid to those affected by the floods, th",model,"The article details Nestle's food aid initiative, which is a CSR activity. It provides specific information about the collaboration with MRC, the number of aid boxes, and the contribution value, but lacks deeper operational or financial insights beyond generic CSR reporting.",,2026-07-01T08:37:06+00:00,2026-07-01T08:37:09+00:00,2026-06-15,qwen3:8b,ollama,0.0,42,4096,192,false,false,ollama_format_schema,news_single_dimension_v3_strict_calibration,2026-07-01T08:37:06+00:00,05_raw_model_outputs/news_final_full/NEWS_NESTLE_2024_12_04_8d581af215_N04_raw.json,,parsed,valid
NEWS_NESTLE_2024_12_04_8d581af215_N05,NEWS_NESTLE_2024_12_04_8d581af215,news,news_quality,news_general_quality,filter_news_final,qwen3:8b,N05,Expression clarity and headline fit,5,1,5,0.1,100.0,10.0,TITLE,"5,000 boxes of food aid head east",model,Headline clearly reflects the content about food aid distribution during monsoon season with precise numerical detail.,,2026-07-01T08:37:09+00:00,2026-07-01T08:37:11+00:00,2026-06-15,qwen3:8b,ollama,0.0,42,4096,192,false,false,ollama_format_schema,news_single_dimension_v3_strict_calibration,2026-07-01T08:37:09+00:00,05_raw_model_outputs/news_final_full/NEWS_NESTLE_2024_12_04_8d581af215_N05_raw.json,,parsed,valid
NEWS_NESTLE_2024_11_14_03ee223992_N01,NEWS_NESTLE_2024_11_14_03ee223992,news,news_quality,news_general_quality,filter_news_final,qwen3:8b,N01,Factual accuracy and internal consistency,3,1,5,0.3,50.0,15.0,NEWS_P001,"Grand prize also features RM84,000 donation to winners’ charity of choice TWO grand-prize winners of a “Salary For Life” contest will be receiving RM3,500 monthly for life. Spencer Lim, 37, from Sarawak and Lim Yuen Heng",model,"The article provides internal consistency with factual claims about the contest and prize details, but lacks external verification for the claims made about the impact of the donations.",,2026-07-01T08:37:11+00:00,2026-07-01T08:37:15+00:00,2026-06-15,qwen3:8b,ollama,0.0,42,4096,192,false,false,ollama_format_schema,news_single_dimension_v3_strict_calibration,2026-07-01T08:37:11+00:00,05_raw_model_outputs/news_final_full/NEWS_NESTLE_2024_11_14_03ee223992_N01_raw.json,,parsed,valid
NEWS_NESTLE_2024_11_14_03ee223992_N02,NEWS_NESTLE_2024_11_14_03ee223992,news,news_quality,news_general_quality,filter_news_final,qwen3:8b,N02,Source transparency and verifiability,3,1,5,0.25,50.0,12.5,NEWS_P001,"Grand prize also features RM84,000 donation to winners’ charity of choice TWO grand-prize winners of a “Salary For Life” contest will be receiving RM3,500 monthly for life. Spencer Lim, 37, from Sarawak and Lim Yuen Heng",model,The article provides details about the contest and its outcomes but lacks independent verification of the prize details or sources beyond Nestle's announcement.,,2026-07-01T08:37:15+00:00,2026-07-01T08:37:19+00:00,2026-06-15,qwen3:8b,ollama,0.0,42,4096,192,false,false,ollama_format_schema,news_single_dimension_v3_strict_calibration,2026-07-01T08:37:15+00:00,05_raw_model_outputs/news_final_full/NEWS_NESTLE_2024_11_14_03ee223992_N02_raw.json,,parsed,valid
NEWS_NESTLE_2024_11_14_03ee223992_N03,NEWS_NESTLE_2024_11_14_03ee223992,news,news_quality,news_general_quality,filter_news_final,qwen3:8b,N03,Balance and objectivity,4,1,5,0.15,75.0,11.25,NEWS_P001,"Grand prize also features RM84,000 donation to winners’ charity of choice TWO grand-prize winners of a “Salary For Life” contest will be receiving RM3,500 monthly for life. Spencer Lim, 37, from Sarawak and Lim Yuen Heng",model,"The article presents the contest and its outcomes without overt bias, but lacks critical analysis or alternative perspectives on the initiative's impact or potential criticisms.",,2026-07-01T08:37:19+00:00,2026-07-01T08:37:23+00:00,2026-06-15,qwen3:8b,ollama,0.0,42,4096,192,false,false,ollama_format_schema,news_single_dimension_v3_strict_calibration,2026-07-01T08:37:19+00:00,05_raw_model_outputs/news_final_full/NEWS_NESTLE_2024_11_14_03ee223992_N03_raw.json,,parsed,valid
NEWS_NESTLE_2024_11_14_03ee223992_N04,NEWS_NESTLE_2024_11_14_03ee223992,news,news_quality,news_general_quality,filter_news_final,qwen3:8b,N04,Relevance and information increment,3,1,5,0.2,50.0,10.0,NEWS_P001,"Grand prize also features RM84,000 donation to winners’ charity of choice TWO grand-prize winners of a “Salary For Life” contest will be receiving RM3,500 monthly for life. Spencer Lim, 37, from Sarawak and Lim Yuen Heng",model,"The article discusses a contest and its winners, with some information about charitable donations, but lacks substantive business or company-related information beyond promotional content.",,2026-07-01T08:37:23+00:00,2026-07-01T08:37:28+00:00,2026-06-15,qwen3:8b,ollama,0.0,42,4096,192,false,false,ollama_format_schema,news_single_dimension_v3_strict_calibration,2026-07-01T08:37:23+00:00,05_raw_model_outputs/news_final_full/NEWS_NESTLE_2024_11_14_03ee223992_N04_raw.json,,parsed,valid
NEWS_NESTLE_2024_11_14_03ee223992_N05,NEWS_NESTLE_2024_11_14_03ee223992,news,news_quality,news_general_quality,filter_news_final,qwen3:8b,N05,Expression clarity and headline fit,3,1,5,0.1,50.0,5.0,TITLE,Lucky duo gets salary for lifetime,model,"Headline is vague and lacks specificity, while the article details the contest, winners, and charitable contributions, which could have been more clearly reflected in the title.",,2026-07-01T08:37:28+00:00,2026-07-01T08:37:33+00:00,2026-06-15,qwen3:8b,ollama,0.0,42,4096,192,false,false,ollama_format_schema,news_single_dimension_v3_strict_calibration,2026-07-01T08:37:28+00:00,05_raw_model_outputs/news_final_full/NEWS_NESTLE_2024_11_14_03ee223992_N05_raw.json,,parsed,valid
NEWS_NESTLE_2024_10_25_53b1895f8b_N01,NEWS_NESTLE_2024_10_25_53b1895f8b,news,news_quality,news_general_quality,filter_news_final,qwen3:8b,N01,Factual accuracy and internal consistency,4,1,5,0.3,75.0,22.5,NEWS_P001,"PETALING JAYA: The consumer sector is a clear winner of Budget 2025, which has comprehensive measures strategically positioned to bolster household income and sustain consumer spending, says MIDF Research. The key initia",model,"The article provides internally consistent information about Budget 2025 measures, including specific details on STR programme increases, minimum wage hikes, and targeted subsidies, which support factual accuracy.",,2026-07-01T08:37:33+00:00,2026-07-01T08:37:38+00:00,2026-06-15,qwen3:8b,ollama,0.0,42,4096,192,false,false,ollama_format_schema,news_single_dimension_v3_strict_calibration,2026-07-01T08:37:33+00:00,05_raw_model_outputs/news_final_full/NEWS_NESTLE_2024_10_25_53b1895f8b_N01_raw.json,,parsed,valid
NEWS_NESTLE_2024_10_25_53b1895f8b_N02,NEWS_NESTLE_2024_10_25_53b1895f8b,news,news_quality,news_general_quality,filter_news_final,qwen3:8b,N02,Source transparency and verifiability,4,1,5,0.25,75.0,18.75,NEWS_P001,"PETALING JAYA: The consumer sector is a clear winner of Budget 2025, which has comprehensive measures strategically positioned to bolster household income and sustain consumer spending, says MIDF Research. The key initia",model,Clear attribution to MIDF Research with verifiable details on Budget 2025 measures and their impact on consumer spending.,,2026-07-01T08:37:38+00:00,2026-07-01T08:37:43+00:00,2026-06-15,qwen3:8b,ollama,0.0,42,4096,192,false,false,ollama_format_schema,news_single_dimension_v3_strict_calibration,2026-07-01T08:37:38+00:00,05_raw_model_outputs/news_final_full/NEWS_NESTLE_2024_10_25_53b1895f8b_N02_raw.json,,parsed,valid
NEWS_NESTLE_2024_10_25_53b1895f8b_N03,NEWS_NESTLE_2024_10_25_53b1895f8b,news,news_quality,news_general_quality,filter_news_final,qwen3:8b,N03,Balance and objectivity,4,1,5,0.15,75.0,11.25,NEWS_P001,"PETALING JAYA: The consumer sector is a clear winner of Budget 2025, which has comprehensive measures strategically positioned to bolster household income and sustain consumer spending, says MIDF Research. The key initia",model,"The article presents a positive outlook on Budget 2025's impact on the consumer sector, citing MIDF Research's analysis. It includes both supportive and cautionary statements, such as downgrading QL Resources and noting potential challenges, which shows a balanced treatment of claims.",,2026-07-01T08:37:43+00:00,2026-07-01T08:37:48+00:00,2026-06-15,qwen3:8b,ollama,0.0,42,4096,192,false,false,ollama_format_schema,news_single_dimension_v3_strict_calibration,2026-07-01T08:37:43+00:00,05_raw_model_outputs/news_final_full/NEWS_NESTLE_2024_10_25_53b1895f8b_N03_raw.json,,parsed,valid
NEWS_NESTLE_2024_10_25_53b1895f8b_N04,NEWS_NESTLE_2024_10_25_53b1895f8b,news,news_quality,news_general_quality,filter_news_final,qwen3:8b,N04,Relevance and information increment,3,1,5,0.2,50.0,10.0,NEWS_P007,"“This encompasses a wide range of products, including clothing, home furnishings, and other discretionary items. “The anticipated rise in demand for such non-essential goods, combined with already stable demand for essen",model,"The article discusses Nestle (M) Bhd's potential impact from minimum wage increases and automation, providing relevant business information beyond generic market noise.",,2026-07-01T08:37:48+00:00,2026-07-01T08:37:53+00:00,2026-06-15,qwen3:8b,ollama,0.0,42,4096,192,false,false,ollama_format_schema,news_single_dimension_v3_strict_calibration,2026-07-01T08:37:48+00:00,05_raw_model_outputs/news_final_full/NEWS_NESTLE_2024_10_25_53b1895f8b_N04_raw.json,,parsed,valid
NEWS_NESTLE_2024_10_25_53b1895f8b_N05,NEWS_NESTLE_2024_10_25_53b1895f8b,news,news_quality,news_general_quality,filter_news_final,qwen3:8b,N05,Expression clarity and headline fit,5,1,5,0.1,100.0,10.0,TITLE,A boost for consumption from Budget 2025,model,"Headline clearly reflects the article's focus on Budget 2025's impact on consumer spending, with direct alignment between the title and the content discussing the budget's measures and their effects on the consumer sector.",,2026-07-01T08:37:53+00:00,2026-07-01T08:37:59+00:00,2026-06-15,qwen3:8b,ollama,0.0,42,4096,192,false,false,ollama_format_schema,news_single_dimension_v3_strict_calibration,2026-07-01T08:37:53+00:00,05_raw_model_outputs/news_final_full/NEWS_NESTLE_2024_10_25_53b1895f8b_N05_raw.json,,parsed,valid
NEWS_NESTLE_2024_10_25_197df58c64_N01,NEWS_NESTLE_2024_10_25_197df58c64,news,news_quality,news_general_quality,filter_news_final,qwen3:8b,N01,Factual accuracy and internal consistency,5,1,5,0.3,100.0,30.0,NEWS_P001,"PETALING JAYA: Nestle (M) Bhd has reported a turnover of RM4.75bil for the nine months ended Sept 30, 2024 (9M24), representing a decline of 11.4% compared with the same corresponding period last year. In a statement, th",model,"The article provides clear, internally consistent factual claims about Nestle's turnover, including specific figures and context about performance trends, which align with the company's published data.",,2026-07-01T08:37:59+00:00,2026-07-01T08:38:02+00:00,2026-06-15,qwen3:8b,ollama,0.0,42,4096,192,false,false,ollama_format_schema,news_single_dimension_v3_strict_calibration,2026-07-01T08:37:59+00:00,05_raw_model_outputs/news_final_full/NEWS_NESTLE_2024_10_25_197df58c64_N01_raw.json,,parsed,valid
NEWS_NESTLE_2024_10_25_197df58c64_N02,NEWS_NESTLE_2024_10_25_197df58c64,news,news_quality,news_general_quality,filter_news_final,qwen3:8b,N02,Source transparency and verifiability,4,1,5,0.25,75.0,18.75,NEWS_P001,"PETALING JAYA: Nestle (M) Bhd has reported a turnover of RM4.75bil for the nine months ended Sept 30, 2024 (9M24), representing a decline of 11.4% compared with the same corresponding period last year. In a statement, th",model,"The article provides clear attribution to Nestle (M) Bhd and includes verifiable financial figures with context, though it lacks independent third-party verification or official announcements.",,2026-07-01T08:38:02+00:00,2026-07-01T08:38:06+00:00,2026-06-15,qwen3:8b,ollama,0.0,42,4096,192,false,false,ollama_format_schema,news_single_dimension_v3_strict_calibration,2026-07-01T08:38:02+00:00,05_raw_model_outputs/news_final_full/NEWS_NESTLE_2024_10_25_197df58c64_N02_raw.json,,parsed,valid
NEWS_NESTLE_2024_10_25_197df58c64_N03,NEWS_NESTLE_2024_10_25_197df58c64,news,news_quality,news_general_quality,filter_news_final,qwen3:8b,N03,Balance and objectivity,4,1,5,0.15,75.0,11.25,NEWS_P001,"PETALING JAYA: Nestle (M) Bhd has reported a turnover of RM4.75bil for the nine months ended Sept 30, 2024 (9M24), representing a decline of 11.4% compared with the same corresponding period last year. In a statement, th",model,"The article presents Nestle's financial performance with both positive and negative aspects, including a decline in turnover and challenges faced, while also highlighting confidence and resilience. It provides a balanced view without overt promotional language.",,2026-07-01T08:38:06+00:00,2026-07-01T08:38:09+00:00,2026-06-15,qwen3:8b,ollama,0.0,42,4096,192,false,false,ollama_format_schema,news_single_dimension_v3_strict_calibration,2026-07-01T08:38:06+00:00,05_raw_model_outputs/news_final_full/NEWS_NESTLE_2024_10_25_197df58c64_N03_raw.json,,parsed,valid
NEWS_NESTLE_2024_10_25_197df58c64_N04,NEWS_NESTLE_2024_10_25_197df58c64,news,news_quality,news_general_quality,filter_news_final,qwen3:8b,N04,Relevance and information increment,4,1,5,0.2,75.0,15.0,NEWS_P001,"PETALING JAYA: Nestle (M) Bhd has reported a turnover of RM4.75bil for the nine months ended Sept 30, 2024 (9M24), representing a decline of 11.4% compared with the same corresponding period last year. In a statement, th",model,"The article provides relevant financial performance data and context about Nestle's business challenges and strategies, adding substance beyond generic market noise.",,2026-07-01T08:38:09+00:00,2026-07-01T08:38:12+00:00,2026-06-15,qwen3:8b,ollama,0.0,42,4096,192,false,false,ollama_format_schema,news_single_dimension_v3_strict_calibration,2026-07-01T08:38:09+00:00,05_raw_model_outputs/news_final_full/NEWS_NESTLE_2024_10_25_197df58c64_N04_raw.json,,parsed,valid
NEWS_NESTLE_2024_10_25_197df58c64_N05,NEWS_NESTLE_2024_10_25_197df58c64,news,news_quality,news_general_quality,filter_news_final,qwen3:8b,N05,Expression clarity and headline fit,5,1,5,0.1,100.0,10.0,TITLE,Nestle records turnover of RM4.75bil in 9M24,model,Headline clearly states the key financial metric and aligns with the article's focus on Nestle's turnover and performance.,,2026-07-01T08:38:12+00:00,2026-07-01T08:38:15+00:00,2026-06-15,qwen3:8b,ollama,0.0,42,4096,192,false,false,ollama_format_schema,news_single_dimension_v3_strict_calibration,2026-07-01T08:38:12+00:00,05_raw_model_outputs/news_final_full/NEWS_NESTLE_2024_10_25_197df58c64_N05_raw.json,,parsed,valid
NEWS_NESTLE_2024_09_30_e5b1ac6727_N01,NEWS_NESTLE_2024_09_30_e5b1ac6727,news,news_quality,news_general_quality,filter_news_final,qwen3:8b,N01,Factual accuracy and internal consistency,4,1,5,0.3,75.0,22.5,NEWS_P001,"WITH thousands at relief centres due to severe flooding in Kedah, Nestle Malaysia stepped up its aid efforts. Joining hands with Malaysian Red Crescent Society (MRCS) to support flood relief efforts, Nestle staff packed ",model,"The article provides internal consistency with factual claims about Nestle's aid efforts, including specific products and financial contributions, though it lacks independent verification of the aid distribution process.",,2026-07-01T08:38:15+00:00,2026-07-01T08:38:18+00:00,2026-06-15,qwen3:8b,ollama,0.0,42,4096,192,false,false,ollama_format_schema,news_single_dimension_v3_strict_calibration,2026-07-01T08:38:15+00:00,05_raw_model_outputs/news_final_full/NEWS_NESTLE_2024_09_30_e5b1ac6727_N01_raw.json,,parsed,valid
NEWS_NESTLE_2024_09_30_e5b1ac6727_N02,NEWS_NESTLE_2024_09_30_e5b1ac6727,news,news_quality,news_general_quality,filter_news_final,qwen3:8b,N02,Source transparency and verifiability,3,1,5,0.25,50.0,12.5,NEWS_P001,"WITH thousands at relief centres due to severe flooding in Kedah, Nestle Malaysia stepped up its aid efforts. Joining hands with Malaysian Red Crescent Society (MRCS) to support flood relief efforts, Nestle staff packed ",model,"The article mentions Nestle's partnership with MRCS and specific contributions, but lacks independent verification of the aid distribution and does not provide official links or third-party sources.",,2026-07-01T08:38:18+00:00,2026-07-01T08:38:21+00:00,2026-06-15,qwen3:8b,ollama,0.0,42,4096,192,false,false,ollama_format_schema,news_single_dimension_v3_strict_calibration,2026-07-01T08:38:18+00:00,05_raw_model_outputs/news_final_full/NEWS_NESTLE_2024_09_30_e5b1ac6727_N02_raw.json,,parsed,valid
NEWS_NESTLE_2024_09_30_e5b1ac6727_N03,NEWS_NESTLE_2024_09_30_e5b1ac6727,news,news_quality,news_general_quality,filter_news_final,qwen3:8b,N03,Balance and objectivity,3,1,5,0.15,50.0,7.5,NEWS_P001,"WITH thousands at relief centres due to severe flooding in Kedah, Nestle Malaysia stepped up its aid efforts. Joining hands with Malaysian Red Crescent Society (MRCS) to support flood relief efforts, Nestle staff packed ",model,"The article presents Nestle's actions in a positive light without critical analysis or alternative perspectives, lacking balanced treatment of claims.",,2026-07-01T08:38:21+00:00,2026-07-01T08:38:24+00:00,2026-06-15,qwen3:8b,ollama,0.0,42,4096,192,false,false,ollama_format_schema,news_single_dimension_v3_strict_calibration,2026-07-01T08:38:21+00:00,05_raw_model_outputs/news_final_full/NEWS_NESTLE_2024_09_30_e5b1ac6727_N03_raw.json,,parsed,valid
NEWS_NESTLE_2024_09_30_e5b1ac6727_N04,NEWS_NESTLE_2024_09_30_e5b1ac6727,news,news_quality,news_general_quality,filter_news_final,qwen3:8b,N04,Relevance and information increment,3,1,5,0.2,50.0,10.0,NEWS_P001,"WITH thousands at relief centres due to severe flooding in Kedah, Nestle Malaysia stepped up its aid efforts. Joining hands with Malaysian Red Crescent Society (MRCS) to support flood relief efforts, Nestle staff packed ",model,"The article describes Nestle's food aid efforts in flood relief, which is a CSR activity. It lacks deeper business or operational insights beyond generic corporate social responsibility reporting.",,2026-07-01T08:38:24+00:00,2026-07-01T08:38:27+00:00,2026-06-15,qwen3:8b,ollama,0.0,42,4096,192,false,false,ollama_format_schema,news_single_dimension_v3_strict_calibration,2026-07-01T08:38:24+00:00,05_raw_model_outputs/news_final_full/NEWS_NESTLE_2024_09_30_e5b1ac6727_N04_raw.json,,parsed,valid
NEWS_NESTLE_2024_09_30_e5b1ac6727_N05,NEWS_NESTLE_2024_09_30_e5b1ac6727,news,news_quality,news_general_quality,filter_news_final,qwen3:8b,N05,Expression clarity and headline fit,4,1,5,0.1,75.0,7.5,TITLE,Company pitches in with food aid for flood victims,model,Headline clearly reflects the content about Nestle's food aid efforts for flood victims.,,2026-07-01T08:38:27+00:00,2026-07-01T08:38:29+00:00,2026-06-15,qwen3:8b,ollama,0.0,42,4096,192,false,false,ollama_format_schema,news_single_dimension_v3_strict_calibration,2026-07-01T08:38:27+00:00,05_raw_model_outputs/news_final_full/NEWS_NESTLE_2024_09_30_e5b1ac6727_N05_raw.json,,parsed,valid
NEWS_NESTLE_2024_09_06_3479083847_N01,NEWS_NESTLE_2024_09_06_3479083847,news,news_quality,news_general_quality,filter_news_final,qwen3:8b,N01,Factual accuracy and internal consistency,4,1,5,0.3,75.0,22.5,NEWS_P001,"SHAH ALAM: Nestle Malaysia’s factory in Batu Tiga, which has been a cornerstone of the company’s operation since 1971 in producing Maggi products, has set a policy of prioritising Malaysians for its workforce. The busine",model,"The article provides consistent factual claims about Nestle's factory operations, workforce, and production capabilities, with specific details like employment numbers and production volumes.",,2026-07-01T08:38:29+00:00,2026-07-01T08:38:32+00:00,2026-06-15,qwen3:8b,ollama,0.0,42,4096,192,false,false,ollama_format_schema,news_single_dimension_v3_strict_calibration,2026-07-01T08:38:29+00:00,05_raw_model_outputs/news_final_full/NEWS_NESTLE_2024_09_06_3479083847_N01_raw.json,,parsed,valid
NEWS_NESTLE_2024_09_06_3479083847_N02,NEWS_NESTLE_2024_09_06_3479083847,news,news_quality,news_general_quality,filter_news_final,qwen3:8b,N02,Source transparency and verifiability,4,1,5,0.25,75.0,18.75,NEWS_P001,"SHAH ALAM: Nestle Malaysia’s factory in Batu Tiga, which has been a cornerstone of the company’s operation since 1971 in producing Maggi products, has set a policy of prioritising Malaysians for its workforce. The busine",model,"The article provides clear attribution to the source (Bernama) and includes verifiable details such as the factory's location, employment numbers, and production statistics, supporting source transparency and verifiability.",,2026-07-01T08:38:32+00:00,2026-07-01T08:38:35+00:00,2026-06-15,qwen3:8b,ollama,0.0,42,4096,192,false,false,ollama_format_schema,news_single_dimension_v3_strict_calibration,2026-07-01T08:38:32+00:00,05_raw_model_outputs/news_final_full/NEWS_NESTLE_2024_09_06_3479083847_N02_raw.json,,parsed,valid
NEWS_NESTLE_2024_09_06_3479083847_N03,NEWS_NESTLE_2024_09_06_3479083847,news,news_quality,news_general_quality,filter_news_final,qwen3:8b,N03,Balance and objectivity,3,1,5,0.15,50.0,7.5,NEWS_P001,"SHAH ALAM: Nestle Malaysia’s factory in Batu Tiga, which has been a cornerstone of the company’s operation since 1971 in producing Maggi products, has set a policy of prioritising Malaysians for its workforce. The busine",model,"The article presents Nestle's initiatives without critical analysis or alternative perspectives, lacking balanced treatment of claims.",,2026-07-01T08:38:35+00:00,2026-07-01T08:38:38+00:00,2026-06-15,qwen3:8b,ollama,0.0,42,4096,192,false,false,ollama_format_schema,news_single_dimension_v3_strict_calibration,2026-07-01T08:38:35+00:00,05_raw_model_outputs/news_final_full/NEWS_NESTLE_2024_09_06_3479083847_N03_raw.json,,parsed,valid
NEWS_NESTLE_2024_09_06_3479083847_N04,NEWS_NESTLE_2024_09_06_3479083847,news,news_quality,news_general_quality,filter_news_final,qwen3:8b,N04,Relevance and information increment,3,1,5,0.2,50.0,10.0,NEWS_P001,"SHAH ALAM: Nestle Malaysia’s factory in Batu Tiga, which has been a cornerstone of the company’s operation since 1971 in producing Maggi products, has set a policy of prioritising Malaysians for its workforce. The busine",model,The article provides basic information about Nestle's workforce policy and factory operations but lacks deeper insights into the strategic relevance or information increment beyond generic operational updates.,,2026-07-01T08:38:38+00:00,2026-07-01T08:38:41+00:00,2026-06-15,qwen3:8b,ollama,0.0,42,4096,192,false,false,ollama_format_schema,news_single_dimension_v3_strict_calibration,2026-07-01T08:38:38+00:00,05_raw_model_outputs/news_final_full/NEWS_NESTLE_2024_09_06_3479083847_N04_raw.json,,parsed,valid
NEWS_NESTLE_2024_09_06_3479083847_N05,NEWS_NESTLE_2024_09_06_3479083847,news,news_quality,news_general_quality,filter_news_final,qwen3:8b,N05,Expression clarity and headline fit,3,1,5,0.1,50.0,5.0,TITLE,Nestle to prioritise domestic workers at its factory,model,"Headline mentions prioritising domestic workers, but the article focuses on production details and quality control, with limited direct reference to domestic worker policies or their impact.",,2026-07-01T08:38:41+00:00,2026-07-01T08:38:44+00:00,2026-06-15,qwen3:8b,ollama,0.0,42,4096,192,false,false,ollama_format_schema,news_single_dimension_v3_strict_calibration,2026-07-01T08:38:41+00:00,05_raw_model_outputs/news_final_full/NEWS_NESTLE_2024_09_06_3479083847_N05_raw.json,,parsed,valid
NEWS_NESTLE_2024_09_05_d85c0b2d71_N01,NEWS_NESTLE_2024_09_05_d85c0b2d71,news,news_quality,news_general_quality,filter_news_final,qwen3:8b,N01,Factual accuracy and internal consistency,3,1,5,0.3,50.0,15.0,NEWS_P001,24-year-old wins King’s Trust regional sustainability award for Asia MALAYSIA has gained fame in the international landscape thanks to a young man’s leadership in a mangrove-planting initiative. Kelantan-born Muhammad Am,model,"The article provides factual claims about Muhammad Amirul's achievements and the program he participated in, but lacks specific verifiable details or external sources to fully confirm the accuracy of the claims.",,2026-07-01T08:38:44+00:00,2026-07-01T08:38:48+00:00,2026-06-15,qwen3:8b,ollama,0.0,42,4096,192,false,false,ollama_format_schema,news_single_dimension_v3_strict_calibration,2026-07-01T08:38:44+00:00,05_raw_model_outputs/news_final_full/NEWS_NESTLE_2024_09_05_d85c0b2d71_N01_raw.json,,parsed,valid
NEWS_NESTLE_2024_09_05_d85c0b2d71_N02,NEWS_NESTLE_2024_09_05_d85c0b2d71,news,news_quality,news_general_quality,filter_news_final,qwen3:8b,N02,Source transparency and verifiability,3,1,5,0.25,50.0,12.5,NEWS_P001,24-year-old wins King’s Trust regional sustainability award for Asia MALAYSIA has gained fame in the international landscape thanks to a young man’s leadership in a mangrove-planting initiative. Kelantan-born Muhammad Am,model,"The article mentions the King’s Trust Sustainability Award and the partnership with The King’s Trust International, but lacks direct links to official announcements or third-party verification for the award's credibility.",,2026-07-01T08:38:48+00:00,2026-07-01T08:38:52+00:00,2026-06-15,qwen3:8b,ollama,0.0,42,4096,192,false,false,ollama_format_schema,news_single_dimension_v3_strict_calibration,2026-07-01T08:38:48+00:00,05_raw_model_outputs/news_final_full/NEWS_NESTLE_2024_09_05_d85c0b2d71_N02_raw.json,,parsed,valid
NEWS_NESTLE_2024_09_05_d85c0b2d71_N03,NEWS_NESTLE_2024_09_05_d85c0b2d71,news,news_quality,news_general_quality,filter_news_final,qwen3:8b,N03,Balance and objectivity,3,1,5,0.15,50.0,7.5,NEWS_P001,24-year-old wins King’s Trust regional sustainability award for Asia MALAYSIA has gained fame in the international landscape thanks to a young man’s leadership in a mangrove-planting initiative. Kelantan-born Muhammad Am,model,"The article highlights Muhammad Amirul's achievements without presenting opposing viewpoints or critical perspectives, which limits balance and objectivity.",,2026-07-01T08:38:52+00:00,2026-07-01T08:38:55+00:00,2026-06-15,qwen3:8b,ollama,0.0,42,4096,192,false,false,ollama_format_schema,news_single_dimension_v3_strict_calibration,2026-07-01T08:38:52+00:00,05_raw_model_outputs/news_final_full/NEWS_NESTLE_2024_09_05_d85c0b2d71_N03_raw.json,,parsed,valid
NEWS_NESTLE_2024_09_05_d85c0b2d71_N04,NEWS_NESTLE_2024_09_05_d85c0b2d71,news,news_quality,news_general_quality,filter_news_final,qwen3:8b,N04,Relevance and information increment,3,1,5,0.2,50.0,10.0,NEWS_P001,24-year-old wins King’s Trust regional sustainability award for Asia MALAYSIA has gained fame in the international landscape thanks to a young man’s leadership in a mangrove-planting initiative. Kelantan-born Muhammad Am,model,The article highlights a local graduate's green initiatives but lacks direct company-specific information beyond Nestle's recognition as a corporate partner.,,2026-07-01T08:38:55+00:00,2026-07-01T08:38:59+00:00,2026-06-15,qwen3:8b,ollama,0.0,42,4096,192,false,false,ollama_format_schema,news_single_dimension_v3_strict_calibration,2026-07-01T08:38:55+00:00,05_raw_model_outputs/news_final_full/NEWS_NESTLE_2024_09_05_d85c0b2d71_N04_raw.json,,parsed,valid
NEWS_NESTLE_2024_09_05_d85c0b2d71_N05,NEWS_NESTLE_2024_09_05_d85c0b2d71,news,news_quality,news_general_quality,filter_news_final,qwen3:8b,N05,Expression clarity and headline fit,4,1,5,0.1,75.0,7.5,TITLE,Local grad honoured for leading green initiatives,model,"Headline clearly reflects the article's focus on a local graduate leading green initiatives, with clear and concise expression.",,2026-07-01T08:38:59+00:00,2026-07-01T08:39:02+00:00,2026-06-15,qwen3:8b,ollama,0.0,42,4096,192,false,false,ollama_format_schema,news_single_dimension_v3_strict_calibration,2026-07-01T08:38:59+00:00,05_raw_model_outputs/news_final_full/NEWS_NESTLE_2024_09_05_d85c0b2d71_N05_raw.json,,parsed,valid
NEWS_NESTLE_2024_07_26_4b5f7c972f_N01,NEWS_NESTLE_2024_07_26_4b5f7c972f,news,news_quality,news_general_quality,filter_news_final,qwen3:8b,N01,Factual accuracy and internal consistency,3,1,5,0.3,50.0,15.0,NEWS_P001,"PETALING JAYA: Against a background defined by constrained purchasing power, subdued consumer sentiment and cautious spending throughout the Chinese New Year and Hari Raya festive seasons, Nestle (M) Bhd saw its sales re",model,"The article provides factual data on sales figures and mentions specific initiatives, but lacks independent verification and third-party sources, which limits internal consistency and factual accuracy.",,2026-07-01T08:39:02+00:00,2026-07-01T08:39:06+00:00,2026-06-15,qwen3:8b,ollama,0.0,42,4096,192,false,false,ollama_format_schema,news_single_dimension_v3_strict_calibration,2026-07-01T08:39:02+00:00,05_raw_model_outputs/news_final_full/NEWS_NESTLE_2024_07_26_4b5f7c972f_N01_raw.json,,parsed,valid
NEWS_NESTLE_2024_07_26_4b5f7c972f_N02,NEWS_NESTLE_2024_07_26_4b5f7c972f,news,news_quality,news_general_quality,filter_news_final,qwen3:8b,N02,Source transparency and verifiability,4,1,5,0.25,75.0,18.75,NEWS_P001,"PETALING JAYA: Against a background defined by constrained purchasing power, subdued consumer sentiment and cautious spending throughout the Chinese New Year and Hari Raya festive seasons, Nestle (M) Bhd saw its sales re",model,"The article provides verifiable sales figures and references a statement released by Nestle Malaysia, demonstrating source transparency and factual data.",,2026-07-01T08:39:06+00:00,2026-07-01T08:39:09+00:00,2026-06-15,qwen3:8b,ollama,0.0,42,4096,192,false,false,ollama_format_schema,news_single_dimension_v3_strict_calibration,2026-07-01T08:39:06+00:00,05_raw_model_outputs/news_final_full/NEWS_NESTLE_2024_07_26_4b5f7c972f_N02_raw.json,,parsed,valid
NEWS_NESTLE_2024_07_26_4b5f7c972f_N03,NEWS_NESTLE_2024_07_26_4b5f7c972f,news,news_quality,news_general_quality,filter_news_final,qwen3:8b,N03,Balance and objectivity,3,1,5,0.15,50.0,7.5,NEWS_P001,"PETALING JAYA: Against a background defined by constrained purchasing power, subdued consumer sentiment and cautious spending throughout the Chinese New Year and Hari Raya festive seasons, Nestle (M) Bhd saw its sales re",model,"The article presents Nestle's performance with some context about market conditions but lacks independent perspectives or critical analysis, resulting in a one-sided narrative.",,2026-07-01T08:39:09+00:00,2026-07-01T08:39:13+00:00,2026-06-15,qwen3:8b,ollama,0.0,42,4096,192,false,false,ollama_format_schema,news_single_dimension_v3_strict_calibration,2026-07-01T08:39:09+00:00,05_raw_model_outputs/news_final_full/NEWS_NESTLE_2024_07_26_4b5f7c972f_N03_raw.json,,parsed,valid
NEWS_NESTLE_2024_07_26_4b5f7c972f_N04,NEWS_NESTLE_2024_07_26_4b5f7c972f,news,news_quality,news_general_quality,filter_news_final,qwen3:8b,N04,Relevance and information increment,3,1,5,0.2,50.0,10.0,NEWS_P001,"PETALING JAYA: Against a background defined by constrained purchasing power, subdued consumer sentiment and cautious spending throughout the Chinese New Year and Hari Raya festive seasons, Nestle (M) Bhd saw its sales re",model,"The article provides sales figures and contextualizes the performance against previous years, but lacks deeper analysis or new information beyond routine reporting.",,2026-07-01T08:39:13+00:00,2026-07-01T08:39:16+00:00,2026-06-15,qwen3:8b,ollama,0.0,42,4096,192,false,false,ollama_format_schema,news_single_dimension_v3_strict_calibration,2026-07-01T08:39:13+00:00,05_raw_model_outputs/news_final_full/NEWS_NESTLE_2024_07_26_4b5f7c972f_N04_raw.json,,parsed,valid
NEWS_NESTLE_2024_07_26_4b5f7c972f_N05,NEWS_NESTLE_2024_07_26_4b5f7c972f,news,news_quality,news_general_quality,filter_news_final,qwen3:8b,N05,Expression clarity and headline fit,4,1,5,0.1,75.0,7.5,TITLE,Nestle maintains strong market leadership,model,"Headline clearly reflects the article's focus on Nestle's market position and performance, with clear and concise expression.",,2026-07-01T08:39:16+00:00,2026-07-01T08:39:20+00:00,2026-06-15,qwen3:8b,ollama,0.0,42,4096,192,false,false,ollama_format_schema,news_single_dimension_v3_strict_calibration,2026-07-01T08:39:16+00:00,05_raw_model_outputs/news_final_full/NEWS_NESTLE_2024_07_26_4b5f7c972f_N05_raw.json,,parsed,valid
NEWS_NESTLE_2024_07_25_93ac3583d2_N01,NEWS_NESTLE_2024_07_25_93ac3583d2,news,news_quality,news_general_quality,filter_news_final,qwen3:8b,N01,Factual accuracy and internal consistency,5,1,5,0.3,100.0,30.0,NEWS_P001,KUALA LUMPUR: Nestle (Malaysia) Bhd experienced a correction in its sales in the first half of 2024 (1HFY24) as subdued consumer sentiment and cautious spending during the festive period took it lower from record-high sa,model,"The article provides clear, consistent factual data on sales figures and comparisons, with verifiable figures and internal coherence.",,2026-07-01T08:39:20+00:00,2026-07-01T08:39:23+00:00,2026-06-15,qwen3:8b,ollama,0.0,42,4096,192,false,false,ollama_format_schema,news_single_dimension_v3_strict_calibration,2026-07-01T08:39:20+00:00,05_raw_model_outputs/news_final_full/NEWS_NESTLE_2024_07_25_93ac3583d2_N01_raw.json,,parsed,valid
NEWS_NESTLE_2024_07_25_93ac3583d2_N02,NEWS_NESTLE_2024_07_25_93ac3583d2,news,news_quality,news_general_quality,filter_news_final,qwen3:8b,N02,Source transparency and verifiability,4,1,5,0.25,75.0,18.75,NEWS_P001,KUALA LUMPUR: Nestle (Malaysia) Bhd experienced a correction in its sales in the first half of 2024 (1HFY24) as subdued consumer sentiment and cautious spending during the festive period took it lower from record-high sa,model,"The article provides clear attribution to Nestle Malaysia Bhd and includes verifiable sales figures and financial data from a results announcement, supporting source transparency and verifiability.",,2026-07-01T08:39:23+00:00,2026-07-01T08:39:27+00:00,2026-06-15,qwen3:8b,ollama,0.0,42,4096,192,false,false,ollama_format_schema,news_single_dimension_v3_strict_calibration,2026-07-01T08:39:23+00:00,05_raw_model_outputs/news_final_full/NEWS_NESTLE_2024_07_25_93ac3583d2_N02_raw.json,,parsed,valid
NEWS_NESTLE_2024_07_25_93ac3583d2_N03,NEWS_NESTLE_2024_07_25_93ac3583d2,news,news_quality,news_general_quality,filter_news_final,qwen3:8b,N03,Balance and objectivity,4,1,5,0.15,75.0,11.25,NEWS_P001,KUALA LUMPUR: Nestle (Malaysia) Bhd experienced a correction in its sales in the first half of 2024 (1HFY24) as subdued consumer sentiment and cautious spending during the festive period took it lower from record-high sa,model,"The article presents sales figures and profit declines objectively, citing external factors like consumer sentiment and inflation, without overt bias or promotional tone.",,2026-07-01T08:39:27+00:00,2026-07-01T08:39:30+00:00,2026-06-15,qwen3:8b,ollama,0.0,42,4096,192,false,false,ollama_format_schema,news_single_dimension_v3_strict_calibration,2026-07-01T08:39:27+00:00,05_raw_model_outputs/news_final_full/NEWS_NESTLE_2024_07_25_93ac3583d2_N03_raw.json,,parsed,valid
NEWS_NESTLE_2024_07_25_93ac3583d2_N04,NEWS_NESTLE_2024_07_25_93ac3583d2,news,news_quality,news_general_quality,filter_news_final,qwen3:8b,N04,Relevance and information increment,3,1,5,0.2,50.0,10.0,NEWS_P001,KUALA LUMPUR: Nestle (Malaysia) Bhd experienced a correction in its sales in the first half of 2024 (1HFY24) as subdued consumer sentiment and cautious spending during the festive period took it lower from record-high sa,model,"The article provides sales figures and profit data for Nestle Malaysia, indicating a decline in performance, which adds relevant business information beyond generic market noise.",,2026-07-01T08:39:30+00:00,2026-07-01T08:39:33+00:00,2026-06-15,qwen3:8b,ollama,0.0,42,4096,192,false,false,ollama_format_schema,news_single_dimension_v3_strict_calibration,2026-07-01T08:39:30+00:00,05_raw_model_outputs/news_final_full/NEWS_NESTLE_2024_07_25_93ac3583d2_N04_raw.json,,parsed,valid
NEWS_NESTLE_2024_07_25_93ac3583d2_N05,NEWS_NESTLE_2024_07_25_93ac3583d2,news,news_quality,news_general_quality,filter_news_final,qwen3:8b,N05,Expression clarity and headline fit,5,1,5,0.1,100.0,10.0,TITLE,Nestle Malaysia posts lower 1H sales on cautious consumer spending,model,Headline clearly reflects the article's content on lower sales due to cautious consumer spending.,,2026-07-01T08:39:33+00:00,2026-07-01T08:39:36+00:00,2026-06-15,qwen3:8b,ollama,0.0,42,4096,192,false,false,ollama_format_schema,news_single_dimension_v3_strict_calibration,2026-07-01T08:39:33+00:00,05_raw_model_outputs/news_final_full/NEWS_NESTLE_2024_07_25_93ac3583d2_N05_raw.json,,parsed,valid
NEWS_NESTLE_2024_06_05_fb87b4df17_N01,NEWS_NESTLE_2024_06_05_fb87b4df17,news,news_quality,news_general_quality,filter_news_final,qwen3:8b,N01,Factual accuracy and internal consistency,4,1,5,0.3,75.0,22.5,NEWS_P001,Manufacturer sets sights on reaching target of 4 million by 2025 Nestle (M) Bhd’s reforestation efforts have reached another milestone with the planting of 2.8 million trees. The feat was made possible through the ongoin,model,"The article provides internal consistency with specific numbers and goals, and mentions Project RELeaf and previous efforts, aligning with the company's stated objectives.",,2026-07-01T08:39:36+00:00,2026-07-01T08:39:40+00:00,2026-06-15,qwen3:8b,ollama,0.0,42,4096,192,false,false,ollama_format_schema,news_single_dimension_v3_strict_calibration,2026-07-01T08:39:36+00:00,05_raw_model_outputs/news_final_full/NEWS_NESTLE_2024_06_05_fb87b4df17_N01_raw.json,,parsed,valid
NEWS_NESTLE_2024_06_05_fb87b4df17_N02,NEWS_NESTLE_2024_06_05_fb87b4df17,news,news_quality,news_general_quality,filter_news_final,qwen3:8b,N02,Source transparency and verifiability,3,1,5,0.25,50.0,12.5,NEWS_P001,Manufacturer sets sights on reaching target of 4 million by 2025 Nestle (M) Bhd’s reforestation efforts have reached another milestone with the planting of 2.8 million trees. The feat was made possible through the ongoin,model,"The article mentions specific projects (Project RELeaf and Project RiLeaf) and provides some details about the tree planting efforts, but lacks independent verification sources or third-party confirmation of the 2.8 million trees planted.",,2026-07-01T08:39:40+00:00,2026-07-01T08:39:44+00:00,2026-06-15,qwen3:8b,ollama,0.0,42,4096,192,false,false,ollama_format_schema,news_single_dimension_v3_strict_calibration,2026-07-01T08:39:40+00:00,05_raw_model_outputs/news_final_full/NEWS_NESTLE_2024_06_05_fb87b4df17_N02_raw.json,,parsed,valid
NEWS_NESTLE_2024_06_05_fb87b4df17_N03,NEWS_NESTLE_2024_06_05_fb87b4df17,news,news_quality,news_general_quality,filter_news_final,qwen3:8b,N03,Balance and objectivity,3,1,5,0.15,50.0,7.5,NEWS_P001,Manufacturer sets sights on reaching target of 4 million by 2025 Nestle (M) Bhd’s reforestation efforts have reached another milestone with the planting of 2.8 million trees. The feat was made possible through the ongoin,model,"The article presents Nestle's reforestation efforts with a focus on their initiatives and goals, but lacks independent perspectives or critical analysis, which limits balance and objectivity.",,2026-07-01T08:39:44+00:00,2026-07-01T08:39:48+00:00,2026-06-15,qwen3:8b,ollama,0.0,42,4096,192,false,false,ollama_format_schema,news_single_dimension_v3_strict_calibration,2026-07-01T08:39:44+00:00,05_raw_model_outputs/news_final_full/NEWS_NESTLE_2024_06_05_fb87b4df17_N03_raw.json,,parsed,valid
NEWS_NESTLE_2024_06_05_fb87b4df17_N04,NEWS_NESTLE_2024_06_05_fb87b4df17,news,news_quality,news_general_quality,filter_news_final,qwen3:8b,N04,Relevance and information increment,3,1,5,0.2,50.0,10.0,NEWS_P001,Manufacturer sets sights on reaching target of 4 million by 2025 Nestle (M) Bhd’s reforestation efforts have reached another milestone with the planting of 2.8 million trees. The feat was made possible through the ongoin,model,"The article details Nestle's reforestation efforts and targets, but it is part of a CSR initiative and lacks deeper operational or financial insights beyond generic environmental reporting.",,2026-07-01T08:39:48+00:00,2026-07-01T08:39:52+00:00,2026-06-15,qwen3:8b,ollama,0.0,42,4096,192,false,false,ollama_format_schema,news_single_dimension_v3_strict_calibration,2026-07-01T08:39:48+00:00,05_raw_model_outputs/news_final_full/NEWS_NESTLE_2024_06_05_fb87b4df17_N04_raw.json,,parsed,valid
NEWS_NESTLE_2024_06_05_fb87b4df17_N05,NEWS_NESTLE_2024_06_05_fb87b4df17,news,news_quality,news_general_quality,filter_news_final,qwen3:8b,N05,Expression clarity and headline fit,5,1,5,0.1,100.0,10.0,TITLE,2.8 million trees planted in reforestation efforts,model,Headline clearly states the main achievement and aligns with the article's focus on reforestation efforts and milestones.,,2026-07-01T08:39:52+00:00,2026-07-01T08:39:55+00:00,2026-06-15,qwen3:8b,ollama,0.0,42,4096,192,false,false,ollama_format_schema,news_single_dimension_v3_strict_calibration,2026-07-01T08:39:52+00:00,05_raw_model_outputs/news_final_full/NEWS_NESTLE_2024_06_05_fb87b4df17_N05_raw.json,,parsed,valid
NEWS_NESTLE_2024_05_16_dfb44e778f_N01,NEWS_NESTLE_2024_05_16_dfb44e778f,news,news_quality,news_general_quality,filter_news_final,qwen3:8b,N01,Factual accuracy and internal consistency,5,1,5,0.3,100.0,30.0,NEWS_P001,"TO LOCALISE ingredient supply chain, Nestle Malaysia has unveiled KitKat Dark Borneo made using cocoa beans grown in Sabah and Sarawak. The beans were sourced through the Nestle Borneo Cocoa Initiative (NBCI) launched in",model,"Clear factual claims about the NBCI initiative, sourcing, and collaboration with the Malaysian Cocoa Board are internally consistent and verifiable through the article's details.",,2026-07-01T08:39:55+00:00,2026-07-01T08:39:58+00:00,2026-06-15,qwen3:8b,ollama,0.0,42,4096,192,false,false,ollama_format_schema,news_single_dimension_v3_strict_calibration,2026-07-01T08:39:55+00:00,05_raw_model_outputs/news_final_full/NEWS_NESTLE_2024_05_16_dfb44e778f_N01_raw.json,,parsed,valid
NEWS_NESTLE_2024_05_16_dfb44e778f_N02,NEWS_NESTLE_2024_05_16_dfb44e778f,news,news_quality,news_general_quality,filter_news_final,qwen3:8b,N02,Source transparency and verifiability,4,1,5,0.25,75.0,18.75,NEWS_P001,"TO LOCALISE ingredient supply chain, Nestle Malaysia has unveiled KitKat Dark Borneo made using cocoa beans grown in Sabah and Sarawak. The beans were sourced through the Nestle Borneo Cocoa Initiative (NBCI) launched in",model,Clear partnership details and verifiable initiative launched in 2023 with specific goals and collaboration with Malaysian Cocoa Board.,,2026-07-01T08:39:58+00:00,2026-07-01T08:40:02+00:00,2026-06-15,qwen3:8b,ollama,0.0,42,4096,192,false,false,ollama_format_schema,news_single_dimension_v3_strict_calibration,2026-07-01T08:39:58+00:00,05_raw_model_outputs/news_final_full/NEWS_NESTLE_2024_05_16_dfb44e778f_N02_raw.json,,parsed,valid
NEWS_NESTLE_2024_05_16_dfb44e778f_N03,NEWS_NESTLE_2024_05_16_dfb44e778f,news,news_quality,news_general_quality,filter_news_final,qwen3:8b,N03,Balance and objectivity,4,1,5,0.15,75.0,11.25,NEWS_P001,"TO LOCALISE ingredient supply chain, Nestle Malaysia has unveiled KitKat Dark Borneo made using cocoa beans grown in Sabah and Sarawak. The beans were sourced through the Nestle Borneo Cocoa Initiative (NBCI) launched in",model,"The article presents Nestle's initiative with neutral language, highlighting collaboration with the Malaysian Cocoa Board and focusing on sustainable practices without overt promotion.",,2026-07-01T08:40:02+00:00,2026-07-01T08:40:05+00:00,2026-06-15,qwen3:8b,ollama,0.0,42,4096,192,false,false,ollama_format_schema,news_single_dimension_v3_strict_calibration,2026-07-01T08:40:02+00:00,05_raw_model_outputs/news_final_full/NEWS_NESTLE_2024_05_16_dfb44e778f_N03_raw.json,,parsed,valid
NEWS_NESTLE_2024_05_16_dfb44e778f_N04,NEWS_NESTLE_2024_05_16_dfb44e778f,news,news_quality,news_general_quality,filter_news_final,qwen3:8b,N04,Relevance and information increment,3,1,5,0.2,50.0,10.0,NEWS_P001,"TO LOCALISE ingredient supply chain, Nestle Malaysia has unveiled KitKat Dark Borneo made using cocoa beans grown in Sabah and Sarawak. The beans were sourced through the Nestle Borneo Cocoa Initiative (NBCI) launched in",model,"The article provides information on Nestle's localisation efforts and sustainability initiatives, but it is more about CSR and partnerships than substantive business operations or financial performance.",,2026-07-01T08:40:05+00:00,2026-07-01T08:40:09+00:00,2026-06-15,qwen3:8b,ollama,0.0,42,4096,192,false,false,ollama_format_schema,news_single_dimension_v3_strict_calibration,2026-07-01T08:40:05+00:00,05_raw_model_outputs/news_final_full/NEWS_NESTLE_2024_05_16_dfb44e778f_N04_raw.json,,parsed,valid
NEWS_NESTLE_2024_05_16_dfb44e778f_N05,NEWS_NESTLE_2024_05_16_dfb44e778f,news,news_quality,news_general_quality,filter_news_final,qwen3:8b,N05,Expression clarity and headline fit,5,1,5,0.1,100.0,10.0,TITLE,"Manufacturer’s dark chocolate variant made with Sabah, Sarawak cocoa beans",model,"Headline clearly reflects the article's focus on Nestle's use of local cocoa beans in a new chocolate product, with no ambiguity or misalignment.",,2026-07-01T08:40:09+00:00,2026-07-01T08:40:12+00:00,2026-06-15,qwen3:8b,ollama,0.0,42,4096,192,false,false,ollama_format_schema,news_single_dimension_v3_strict_calibration,2026-07-01T08:40:09+00:00,05_raw_model_outputs/news_final_full/NEWS_NESTLE_2024_05_16_dfb44e778f_N05_raw.json,,parsed,valid
NEWS_NESTLE_2024_04_25_e0b190ae68_N01,NEWS_NESTLE_2024_04_25_e0b190ae68,news,news_quality,news_general_quality,filter_news_final,qwen3:8b,N01,Factual accuracy and internal consistency,3,1,5,0.3,50.0,15.0,TITLE,NESTLE’S ‘SALARY FOR LIFE’ CONTEST RETURNS,model,"The title mentions the return of the contest, but the article lacks specific details on the contest's structure, outcomes, or verification of the claims made about the donations and their impact, which affects internal consistency.",,2026-07-01T08:40:12+00:00,2026-07-01T08:40:17+00:00,2026-06-15,qwen3:8b,ollama,0.0,42,4096,192,false,false,ollama_format_schema,news_single_dimension_v3_strict_calibration,2026-07-01T08:40:12+00:00,05_raw_model_outputs/news_final_full/NEWS_NESTLE_2024_04_25_e0b190ae68_N01_raw.json,,parsed,valid
NEWS_NESTLE_2024_04_25_e0b190ae68_N02,NEWS_NESTLE_2024_04_25_e0b190ae68,news,news_quality,news_general_quality,filter_news_final,qwen3:8b,N02,Source transparency and verifiability,3,1,5,0.25,50.0,12.5,NEWS_P001,"AMID the unprecedented challenges posed by the onset of the global pandemic in 2020, Nestle Malaysia Berhad (Nestle) launched its ‘Salary for Life’ campaign. This marked the company’s largest ever consumer contest, offer",model,"The article provides some verifiable details about the donations and their impact, but lacks independent verification sources or third-party confirmation for the claims made.",,2026-07-01T08:40:17+00:00,2026-07-01T08:40:21+00:00,2026-06-15,qwen3:8b,ollama,0.0,42,4096,192,false,false,ollama_format_schema,news_single_dimension_v3_strict_calibration,2026-07-01T08:40:17+00:00,05_raw_model_outputs/news_final_full/NEWS_NESTLE_2024_04_25_e0b190ae68_N02_raw.json,,parsed,valid
NEWS_NESTLE_2024_04_25_e0b190ae68_N03,NEWS_NESTLE_2024_04_25_e0b190ae68,news,news_quality,news_general_quality,filter_news_final,qwen3:8b,N03,Balance and objectivity,3,1,5,0.15,50.0,7.5,NEWS_P001,"AMID the unprecedented challenges posed by the onset of the global pandemic in 2020, Nestle Malaysia Berhad (Nestle) launched its ‘Salary for Life’ campaign. This marked the company’s largest ever consumer contest, offer",model,"The article presents Nestle's initiatives with positive language and focuses on the benefits to charities and communities, but lacks balanced treatment of potential criticisms or alternative perspectives.",,2026-07-01T08:40:21+00:00,2026-07-01T08:40:25+00:00,2026-06-15,qwen3:8b,ollama,0.0,42,4096,192,false,false,ollama_format_schema,news_single_dimension_v3_strict_calibration,2026-07-01T08:40:21+00:00,05_raw_model_outputs/news_final_full/NEWS_NESTLE_2024_04_25_e0b190ae68_N03_raw.json,,parsed,valid
NEWS_NESTLE_2024_04_25_e0b190ae68_N04,NEWS_NESTLE_2024_04_25_e0b190ae68,news,news_quality,news_general_quality,filter_news_final,qwen3:8b,N04,Relevance and information increment,3,1,5,0.2,50.0,10.0,NEWS_P001,"AMID the unprecedented challenges posed by the onset of the global pandemic in 2020, Nestle Malaysia Berhad (Nestle) launched its ‘Salary for Life’ campaign. This marked the company’s largest ever consumer contest, offer",model,"The article provides information about Nestle's charitable initiatives and community impact, but it is more focused on promotional aspects of the contest rather than substantive business or F&B information.",,2026-07-01T08:40:25+00:00,2026-07-01T08:40:30+00:00,2026-06-15,qwen3:8b,ollama,0.0,42,4096,192,false,false,ollama_format_schema,news_single_dimension_v3_strict_calibration,2026-07-01T08:40:25+00:00,05_raw_model_outputs/news_final_full/NEWS_NESTLE_2024_04_25_e0b190ae68_N04_raw.json,,parsed,valid
NEWS_NESTLE_2024_04_25_e0b190ae68_N05,NEWS_NESTLE_2024_04_25_e0b190ae68,news,news_quality,news_general_quality,filter_news_final,qwen3:8b,N05,Expression clarity and headline fit,4,1,5,0.1,75.0,7.5,TITLE,NESTLE’S ‘SALARY FOR LIFE’ CONTEST RETURNS,model,Headline clearly reflects the article's focus on the return of the contest and its community impact.,,2026-07-01T08:40:30+00:00,2026-07-01T08:40:34+00:00,2026-06-15,qwen3:8b,ollama,0.0,42,4096,192,false,false,ollama_format_schema,news_single_dimension_v3_strict_calibration,2026-07-01T08:40:30+00:00,05_raw_model_outputs/news_final_full/NEWS_NESTLE_2024_04_25_e0b190ae68_N05_raw.json,,parsed,valid
NEWS_NESTLE_2024_04_16_9f0218476d_N01,NEWS_NESTLE_2024_04_16_9f0218476d,news,news_quality,news_general_quality,filter_news_final,qwen3:8b,N01,Factual accuracy and internal consistency,3,1,5,0.3,50.0,15.0,NEWS_P001,"IN RESPONSE to a growing trend towards plant-protein foods, Nestle Malaysia has expanded its Harvest Gourmet product range with the launch of Puff Pastries. The puffs are a fusion of plant-protein goodness with pastry, p",model,"The article mentions Nestle Malaysia expanding its product range with Puff Pastries, but lacks specific details on the expansion, such as dates, quantities, or third-party verification, making the factual claims basic and internally consistent but not robust.",,2026-07-01T08:40:34+00:00,2026-07-01T08:40:36+00:00,2026-06-15,qwen3:8b,ollama,0.0,42,4096,192,false,false,ollama_format_schema,news_single_dimension_v3_strict_calibration,2026-07-01T08:40:34+00:00,05_raw_model_outputs/news_final_full/NEWS_NESTLE_2024_04_16_9f0218476d_N01_raw.json,,parsed,valid
NEWS_NESTLE_2024_04_16_9f0218476d_N02,NEWS_NESTLE_2024_04_16_9f0218476d,news,news_quality,news_general_quality,filter_news_final,qwen3:8b,N02,Source transparency and verifiability,3,1,5,0.25,50.0,12.5,NEWS_P001,"IN RESPONSE to a growing trend towards plant-protein foods, Nestle Malaysia has expanded its Harvest Gourmet product range with the launch of Puff Pastries. The puffs are a fusion of plant-protein goodness with pastry, p",model,"The article mentions Nestle Malaysia's expansion but lacks clear attribution to specific sources, third-party verification, or official announcements, limiting verifiability.",,2026-07-01T08:40:36+00:00,2026-07-01T08:40:38+00:00,2026-06-15,qwen3:8b,ollama,0.0,42,4096,192,false,false,ollama_format_schema,news_single_dimension_v3_strict_calibration,2026-07-01T08:40:36+00:00,05_raw_model_outputs/news_final_full/NEWS_NESTLE_2024_04_16_9f0218476d_N02_raw.json,,parsed,valid
NEWS_NESTLE_2024_04_16_9f0218476d_N03,NEWS_NESTLE_2024_04_16_9f0218476d,news,news_quality,news_general_quality,filter_news_final,qwen3:8b,N03,Balance and objectivity,3,1,5,0.15,50.0,7.5,NEWS_P001,"IN RESPONSE to a growing trend towards plant-protein foods, Nestle Malaysia has expanded its Harvest Gourmet product range with the launch of Puff Pastries. The puffs are a fusion of plant-protein goodness with pastry, p",model,"The article presents Nestle's product launch without critical analysis or third-party perspectives, lacking balance and objectivity.",,2026-07-01T08:40:38+00:00,2026-07-01T08:40:40+00:00,2026-06-15,qwen3:8b,ollama,0.0,42,4096,192,false,false,ollama_format_schema,news_single_dimension_v3_strict_calibration,2026-07-01T08:40:38+00:00,05_raw_model_outputs/news_final_full/NEWS_NESTLE_2024_04_16_9f0218476d_N03_raw.json,,parsed,valid
NEWS_NESTLE_2024_04_16_9f0218476d_N04,NEWS_NESTLE_2024_04_16_9f0218476d,news,news_quality,news_general_quality,filter_news_final,qwen3:8b,N04,Relevance and information increment,3,1,5,0.2,50.0,10.0,NEWS_P001,"IN RESPONSE to a growing trend towards plant-protein foods, Nestle Malaysia has expanded its Harvest Gourmet product range with the launch of Puff Pastries. The puffs are a fusion of plant-protein goodness with pastry, p",model,"The article mentions Nestle's product expansion into plant-protein pastries, which provides some business-related information, but lacks deeper analysis or context on market impact, strategic moves, or financial implications.",,2026-07-01T08:40:40+00:00,2026-07-01T08:40:42+00:00,2026-06-15,qwen3:8b,ollama,0.0,42,4096,192,false,false,ollama_format_schema,news_single_dimension_v3_strict_calibration,2026-07-01T08:40:40+00:00,05_raw_model_outputs/news_final_full/NEWS_NESTLE_2024_04_16_9f0218476d_N04_raw.json,,parsed,valid
NEWS_NESTLE_2024_04_16_9f0218476d_N05,NEWS_NESTLE_2024_04_16_9f0218476d,news,news_quality,news_general_quality,filter_news_final,qwen3:8b,N05,Expression clarity and headline fit,3,1,5,0.1,50.0,5.0,NEWS_P001,"IN RESPONSE to a growing trend towards plant-protein foods, Nestle Malaysia has expanded its Harvest Gourmet product range with the launch of Puff Pastries. The puffs are a fusion of plant-protein goodness with pastry, p",model,"Headline and content partially align, but the article focuses on product launch rather than clear expression of time-saving pastries as snacks.",,2026-07-01T08:40:42+00:00,2026-07-01T08:40:43+00:00,2026-06-15,qwen3:8b,ollama,0.0,42,4096,192,false,false,ollama_format_schema,news_single_dimension_v3_strict_calibration,2026-07-01T08:40:42+00:00,05_raw_model_outputs/news_final_full/NEWS_NESTLE_2024_04_16_9f0218476d_N05_raw.json,,parsed,valid
NEWS_NESTLE_2024_04_08_80db6e4ffd_N01,NEWS_NESTLE_2024_04_08_80db6e4ffd,news,news_quality,news_general_quality,filter_news_final,qwen3:8b,N01,Factual accuracy and internal consistency,3,1,5,0.3,50.0,15.0,NEWS_P001,"PETALING JAYA: Invictus Blue, which is Asia’s first media agency, has appointed Tan Sri Norza Zakaria as its chairman of its advisory board to guide the agency through to its next phase of growth. The interim advisory bo",model,"The article provides factual claims about the advisory board appointments and company leadership, but lacks verifiable details or third-party sources to confirm the accuracy of the information.",,2026-07-01T08:40:43+00:00,2026-07-01T08:40:46+00:00,2026-06-15,qwen3:8b,ollama,0.0,42,4096,192,false,false,ollama_format_schema,news_single_dimension_v3_strict_calibration,2026-07-01T08:40:43+00:00,05_raw_model_outputs/news_final_full/NEWS_NESTLE_2024_04_08_80db6e4ffd_N01_raw.json,,parsed,valid
NEWS_NESTLE_2024_04_08_80db6e4ffd_N02,NEWS_NESTLE_2024_04_08_80db6e4ffd,news,news_quality,news_general_quality,filter_news_final,qwen3:8b,N02,Source transparency and verifiability,3,1,5,0.25,50.0,12.5,NEWS_P001,"PETALING JAYA: Invictus Blue, which is Asia’s first media agency, has appointed Tan Sri Norza Zakaria as its chairman of its advisory board to guide the agency through to its next phase of growth. The interim advisory bo",model,"The article mentions specific individuals and their roles but lacks independent verification sources or third-party confirmation, which limits source transparency.",,2026-07-01T08:40:46+00:00,2026-07-01T08:40:49+00:00,2026-06-15,qwen3:8b,ollama,0.0,42,4096,192,false,false,ollama_format_schema,news_single_dimension_v3_strict_calibration,2026-07-01T08:40:46+00:00,05_raw_model_outputs/news_final_full/NEWS_NESTLE_2024_04_08_80db6e4ffd_N02_raw.json,,parsed,valid
NEWS_NESTLE_2024_04_08_80db6e4ffd_N03,NEWS_NESTLE_2024_04_08_80db6e4ffd,news,news_quality,news_general_quality,filter_news_final,qwen3:8b,N03,Balance and objectivity,3,1,5,0.15,50.0,7.5,NEWS_P001,"PETALING JAYA: Invictus Blue, which is Asia’s first media agency, has appointed Tan Sri Norza Zakaria as its chairman of its advisory board to guide the agency through to its next phase of growth. The interim advisory bo",model,"The article presents company appointments and leadership changes without critical analysis or alternative perspectives, showing a one-sided promotional tone.",,2026-07-01T08:40:49+00:00,2026-07-01T08:40:52+00:00,2026-06-15,qwen3:8b,ollama,0.0,42,4096,192,false,false,ollama_format_schema,news_single_dimension_v3_strict_calibration,2026-07-01T08:40:49+00:00,05_raw_model_outputs/news_final_full/NEWS_NESTLE_2024_04_08_80db6e4ffd_N03_raw.json,,parsed,valid
NEWS_NESTLE_2024_04_08_80db6e4ffd_N04,NEWS_NESTLE_2024_04_08_80db6e4ffd,news,news_quality,news_general_quality,filter_news_final,qwen3:8b,N04,Relevance and information increment,3,1,5,0.2,50.0,10.0,NEWS_P001,"PETALING JAYA: Invictus Blue, which is Asia’s first media agency, has appointed Tan Sri Norza Zakaria as its chairman of its advisory board to guide the agency through to its next phase of growth. The interim advisory bo",model,"The article discusses new appointments at Invictus Blue, a media agency, which adds some substance about leadership changes but lacks deeper insights into business strategies or operational impacts.",,2026-07-01T08:40:52+00:00,2026-07-01T08:40:55+00:00,2026-06-15,qwen3:8b,ollama,0.0,42,4096,192,false,false,ollama_format_schema,news_single_dimension_v3_strict_calibration,2026-07-01T08:40:52+00:00,05_raw_model_outputs/news_final_full/NEWS_NESTLE_2024_04_08_80db6e4ffd_N04_raw.json,,parsed,valid
NEWS_NESTLE_2024_04_08_80db6e4ffd_N05,NEWS_NESTLE_2024_04_08_80db6e4ffd,news,news_quality,news_general_quality,filter_news_final,qwen3:8b,N05,Expression clarity and headline fit,3,1,5,0.1,50.0,5.0,TITLE,New appointments set to guide Invictus Blue’s integrated proposition,model,"Headline mentions appointments but the article focuses on leadership changes and industry insights, which may not fully align with the headline's focus on appointments.",,2026-07-01T08:40:55+00:00,2026-07-01T08:40:57+00:00,2026-06-15,qwen3:8b,ollama,0.0,42,4096,192,false,false,ollama_format_schema,news_single_dimension_v3_strict_calibration,2026-07-01T08:40:55+00:00,05_raw_model_outputs/news_final_full/NEWS_NESTLE_2024_04_08_80db6e4ffd_N05_raw.json,,parsed,valid
NEWS_NESTLE_2024_03_08_b10239edc7_N01,NEWS_NESTLE_2024_03_08_b10239edc7,news,news_quality,news_general_quality,filter_news_final,qwen3:8b,N01,Factual accuracy and internal consistency,4,1,5,0.3,75.0,22.5,NEWS_P001,"NESTLE Malaysia has commissioned a biomass boiler at its industrial complex in Chembong, Negri Sembilan, which also houses its largest Milo plant in the world, as it makes greater strides towards reducing its carbon foot",model,"Article provides specific details about the biomass boiler's cost, operation date, and renewable energy sources, showing internal consistency and factual claims.",,2026-07-01T08:40:57+00:00,2026-07-01T08:41:01+00:00,2026-06-15,qwen3:8b,ollama,0.0,42,4096,192,false,false,ollama_format_schema,news_single_dimension_v3_strict_calibration,2026-07-01T08:40:57+00:00,05_raw_model_outputs/news_final_full/NEWS_NESTLE_2024_03_08_b10239edc7_N01_raw.json,,parsed,valid
NEWS_NESTLE_2024_03_08_b10239edc7_N02,NEWS_NESTLE_2024_03_08_b10239edc7,news,news_quality,news_general_quality,filter_news_final,qwen3:8b,N02,Source transparency and verifiability,4,1,5,0.25,75.0,18.75,NEWS_P001,"NESTLE Malaysia has commissioned a biomass boiler at its industrial complex in Chembong, Negri Sembilan, which also houses its largest Milo plant in the world, as it makes greater strides towards reducing its carbon foot",model,"Clear attribution to Nestle Malaysia and specific details about the biomass boiler's cost and operation, with quotes from the CEO.",,2026-07-01T08:41:01+00:00,2026-07-01T08:41:05+00:00,2026-06-15,qwen3:8b,ollama,0.0,42,4096,192,false,false,ollama_format_schema,news_single_dimension_v3_strict_calibration,2026-07-01T08:41:01+00:00,05_raw_model_outputs/news_final_full/NEWS_NESTLE_2024_03_08_b10239edc7_N02_raw.json,,parsed,valid
NEWS_NESTLE_2024_03_08_b10239edc7_N03,NEWS_NESTLE_2024_03_08_b10239edc7,news,news_quality,news_general_quality,filter_news_final,qwen3:8b,N03,Balance and objectivity,3,1,5,0.15,50.0,7.5,NEWS_P001,"NESTLE Malaysia has commissioned a biomass boiler at its industrial complex in Chembong, Negri Sembilan, which also houses its largest Milo plant in the world, as it makes greater strides towards reducing its carbon foot",model,"The article presents Nestle's initiative as a positive step towards sustainability without critical analysis or alternative perspectives, lacking balanced treatment of claims.",,2026-07-01T08:41:05+00:00,2026-07-01T08:41:08+00:00,2026-06-15,qwen3:8b,ollama,0.0,42,4096,192,false,false,ollama_format_schema,news_single_dimension_v3_strict_calibration,2026-07-01T08:41:05+00:00,05_raw_model_outputs/news_final_full/NEWS_NESTLE_2024_03_08_b10239edc7_N03_raw.json,,parsed,valid
NEWS_NESTLE_2024_03_08_b10239edc7_N04,NEWS_NESTLE_2024_03_08_b10239edc7,news,news_quality,news_general_quality,filter_news_final,qwen3:8b,N04,Relevance and information increment,3,1,5,0.2,50.0,10.0,NEWS_P001,"NESTLE Malaysia has commissioned a biomass boiler at its industrial complex in Chembong, Negri Sembilan, which also houses its largest Milo plant in the world, as it makes greater strides towards reducing its carbon foot",model,"The article provides specific details about Nestle Malaysia's biomass boiler initiative, including cost, operational start date, and the use of renewable energy sources. However, it also includes promotional language and mentions of community impact, which may dilute the substantive information increment.",,2026-07-01T08:41:08+00:00,2026-07-01T08:41:12+00:00,2026-06-15,qwen3:8b,ollama,0.0,42,4096,192,false,false,ollama_format_schema,news_single_dimension_v3_strict_calibration,2026-07-01T08:41:08+00:00,05_raw_model_outputs/news_final_full/NEWS_NESTLE_2024_03_08_b10239edc7_N04_raw.json,,parsed,valid
NEWS_NESTLE_2024_03_08_b10239edc7_N05,NEWS_NESTLE_2024_03_08_b10239edc7,news,news_quality,news_general_quality,filter_news_final,qwen3:8b,N05,Expression clarity and headline fit,5,1,5,0.1,100.0,10.0,TITLE,Nestle Malaysia commissions RM18mil biomass boiler at Chembong complex to reduce carbon footprint,model,Headline clearly states the initiative and aligns with the article's focus on sustainability and carbon reduction efforts.,,2026-07-01T08:41:12+00:00,2026-07-01T08:41:15+00:00,2026-06-15,qwen3:8b,ollama,0.0,42,4096,192,false,false,ollama_format_schema,news_single_dimension_v3_strict_calibration,2026-07-01T08:41:12+00:00,05_raw_model_outputs/news_final_full/NEWS_NESTLE_2024_03_08_b10239edc7_N05_raw.json,,parsed,valid
NEWS_OFI_2024_05_29_04c8df5867_N01,NEWS_OFI_2024_05_29_04c8df5867,news,news_quality,news_general_quality,filter_news_final,qwen3:8b,N01,Factual accuracy and internal consistency,5,1,5,0.3,100.0,30.0,NEWS_P001,"KUALA LUMPUR: Oriental Food Industries Holdings Bhd remains positive about the sustained growth in local product demand, thanks to the underlying strength in domestic demand. “The development in export sales meanwhile re",model,"The article provides internally consistent factual claims about the company's financial performance, including specific figures and explanations for the profit increase, with no contradictions or inconsistencies.",,2026-07-01T08:41:15+00:00,2026-07-01T08:41:18+00:00,2026-06-15,qwen3:8b,ollama,0.0,42,4096,192,false,false,ollama_format_schema,news_single_dimension_v3_strict_calibration,2026-07-01T08:41:15+00:00,05_raw_model_outputs/news_final_full/NEWS_OFI_2024_05_29_04c8df5867_N01_raw.json,,parsed,valid
NEWS_OFI_2024_05_29_04c8df5867_N02,NEWS_OFI_2024_05_29_04c8df5867,news,news_quality,news_general_quality,filter_news_final,qwen3:8b,N02,Source transparency and verifiability,4,1,5,0.25,75.0,18.75,NEWS_P001,"KUALA LUMPUR: Oriental Food Industries Holdings Bhd remains positive about the sustained growth in local product demand, thanks to the underlying strength in domestic demand. “The development in export sales meanwhile re",model,"The article provides clear attribution to the company and includes verifiable financial figures with context, though it lacks independent third-party verification or official announcements.",,2026-07-01T08:41:18+00:00,2026-07-01T08:41:21+00:00,2026-06-15,qwen3:8b,ollama,0.0,42,4096,192,false,false,ollama_format_schema,news_single_dimension_v3_strict_calibration,2026-07-01T08:41:18+00:00,05_raw_model_outputs/news_final_full/NEWS_OFI_2024_05_29_04c8df5867_N02_raw.json,,parsed,valid
NEWS_OFI_2024_05_29_04c8df5867_N03,NEWS_OFI_2024_05_29_04c8df5867,news,news_quality,news_general_quality,filter_news_final,qwen3:8b,N03,Balance and objectivity,3,1,5,0.15,50.0,7.5,NEWS_P001,"KUALA LUMPUR: Oriental Food Industries Holdings Bhd remains positive about the sustained growth in local product demand, thanks to the underlying strength in domestic demand. “The development in export sales meanwhile re",model,"The article presents the company's positive outlook and performance without critical analysis or alternative perspectives, lacking balanced treatment of claims.",,2026-07-01T08:41:21+00:00,2026-07-01T08:41:24+00:00,2026-06-15,qwen3:8b,ollama,0.0,42,4096,192,false,false,ollama_format_schema,news_single_dimension_v3_strict_calibration,2026-07-01T08:41:21+00:00,05_raw_model_outputs/news_final_full/NEWS_OFI_2024_05_29_04c8df5867_N03_raw.json,,parsed,valid
NEWS_OFI_2024_05_29_04c8df5867_N04,NEWS_OFI_2024_05_29_04c8df5867,news,news_quality,news_general_quality,filter_news_final,qwen3:8b,N04,Relevance and information increment,4,1,5,0.2,75.0,15.0,NEWS_P001,"KUALA LUMPUR: Oriental Food Industries Holdings Bhd remains positive about the sustained growth in local product demand, thanks to the underlying strength in domestic demand. “The development in export sales meanwhile re",model,"The article provides relevant financial performance details and contextualizes the company's growth and challenges, adding substantive information beyond generic market noise.",,2026-07-01T08:41:24+00:00,2026-07-01T08:41:26+00:00,2026-06-15,qwen3:8b,ollama,0.0,42,4096,192,false,false,ollama_format_schema,news_single_dimension_v3_strict_calibration,2026-07-01T08:41:24+00:00,05_raw_model_outputs/news_final_full/NEWS_OFI_2024_05_29_04c8df5867_N04_raw.json,,parsed,valid
NEWS_OFI_2024_05_29_04c8df5867_N05,NEWS_OFI_2024_05_29_04c8df5867,news,news_quality,news_general_quality,filter_news_final,qwen3:8b,N05,Expression clarity and headline fit,5,1,5,0.1,100.0,10.0,TITLE,Super Ring maker Oriental Food posts over 4-fold profit jump in 4Q24,model,Headline clearly states the key financial result and aligns with the article's focus on profit growth and performance metrics.,,2026-07-01T08:41:26+00:00,2026-07-01T08:41:29+00:00,2026-06-15,qwen3:8b,ollama,0.0,42,4096,192,false,false,ollama_format_schema,news_single_dimension_v3_strict_calibration,2026-07-01T08:41:26+00:00,05_raw_model_outputs/news_final_full/NEWS_OFI_2024_05_29_04c8df5867_N05_raw.json,,parsed,valid
NEWS_ORGABIO_2025_05_22_63f5a4d15c_N01,NEWS_ORGABIO_2025_05_22_63f5a4d15c,news,news_quality,news_general_quality,filter_news_final,qwen3:8b,N01,Factual accuracy and internal consistency,3,1,5,0.3,50.0,15.0,NEWS_P001,"KUALA LUMPUR: Orgabio Holdings Bhd remains optimistic, supported by the instant beverage market’s growth from US$61.64bil in 2023 to US$103.75bil by 2031, at a compound annual growth rate (CAGR) of 6.94%. “Malaysia’s pre",model,"The article provides numerical data and growth projections, showing internal consistency. However, it lacks third-party verification and detailed sources for the market growth figures, which limits factual accuracy.",,2026-07-01T08:41:29+00:00,2026-07-01T08:41:32+00:00,2026-06-15,qwen3:8b,ollama,0.0,42,4096,192,false,false,ollama_format_schema,news_single_dimension_v3_strict_calibration,2026-07-01T08:41:29+00:00,05_raw_model_outputs/news_final_full/NEWS_ORGABIO_2025_05_22_63f5a4d15c_N01_raw.json,,parsed,valid
NEWS_ORGABIO_2025_05_22_63f5a4d15c_N02,NEWS_ORGABIO_2025_05_22_63f5a4d15c,news,news_quality,news_general_quality,filter_news_final,qwen3:8b,N02,Source transparency and verifiability,3,1,5,0.25,50.0,12.5,NEWS_P001,"KUALA LUMPUR: Orgabio Holdings Bhd remains optimistic, supported by the instant beverage market’s growth from US$61.64bil in 2023 to US$103.75bil by 2031, at a compound annual growth rate (CAGR) of 6.94%. “Malaysia’s pre",model,"The article provides some verifiable data points like market growth figures and CAGR, but lacks named third-party sources or official announcements, which limits source transparency.",,2026-07-01T08:41:32+00:00,2026-07-01T08:41:35+00:00,2026-06-15,qwen3:8b,ollama,0.0,42,4096,192,false,false,ollama_format_schema,news_single_dimension_v3_strict_calibration,2026-07-01T08:41:32+00:00,05_raw_model_outputs/news_final_full/NEWS_ORGABIO_2025_05_22_63f5a4d15c_N02_raw.json,,parsed,valid
NEWS_ORGABIO_2025_05_22_63f5a4d15c_N03,NEWS_ORGABIO_2025_05_22_63f5a4d15c,news,news_quality,news_general_quality,filter_news_final,qwen3:8b,N03,Balance and objectivity,3,1,5,0.15,50.0,7.5,NEWS_P001,"KUALA LUMPUR: Orgabio Holdings Bhd remains optimistic, supported by the instant beverage market’s growth from US$61.64bil in 2023 to US$103.75bil by 2031, at a compound annual growth rate (CAGR) of 6.94%. “Malaysia’s pre",model,"The article presents the company's optimistic outlook without counterpoints or independent analysis, lacking balanced treatment of claims.",,2026-07-01T08:41:35+00:00,2026-07-01T08:41:37+00:00,2026-06-15,qwen3:8b,ollama,0.0,42,4096,192,false,false,ollama_format_schema,news_single_dimension_v3_strict_calibration,2026-07-01T08:41:35+00:00,05_raw_model_outputs/news_final_full/NEWS_ORGABIO_2025_05_22_63f5a4d15c_N03_raw.json,,parsed,valid
NEWS_ORGABIO_2025_05_22_63f5a4d15c_N04,NEWS_ORGABIO_2025_05_22_63f5a4d15c,news,news_quality,news_general_quality,filter_news_final,qwen3:8b,N04,Relevance and information increment,3,1,5,0.2,50.0,10.0,NEWS_P001,"KUALA LUMPUR: Orgabio Holdings Bhd remains optimistic, supported by the instant beverage market’s growth from US$61.64bil in 2023 to US$103.75bil by 2031, at a compound annual growth rate (CAGR) of 6.94%. “Malaysia’s pre",model,"The article provides market growth figures and company strategy, but lacks detailed operational or financial specifics beyond general statements.",,2026-07-01T08:41:37+00:00,2026-07-01T08:41:40+00:00,2026-06-15,qwen3:8b,ollama,0.0,42,4096,192,false,false,ollama_format_schema,news_single_dimension_v3_strict_calibration,2026-07-01T08:41:37+00:00,05_raw_model_outputs/news_final_full/NEWS_ORGABIO_2025_05_22_63f5a4d15c_N04_raw.json,,parsed,valid
NEWS_ORGABIO_2025_05_22_63f5a4d15c_N05,NEWS_ORGABIO_2025_05_22_63f5a4d15c,news,news_quality,news_general_quality,filter_news_final,qwen3:8b,N05,Expression clarity and headline fit,4,1,5,0.1,75.0,7.5,TITLE,Orgabio optimistic on instant beverage market growth,model,"Headline clearly reflects the article's focus on market growth and Orgabio's optimism, with clear and concise expression.",,2026-07-01T08:41:40+00:00,2026-07-01T08:41:42+00:00,2026-06-15,qwen3:8b,ollama,0.0,42,4096,192,false,false,ollama_format_schema,news_single_dimension_v3_strict_calibration,2026-07-01T08:41:40+00:00,05_raw_model_outputs/news_final_full/NEWS_ORGABIO_2025_05_22_63f5a4d15c_N05_raw.json,,parsed,valid
NEWS_PPB_2025_11_27_5769e41c44_N01,NEWS_PPB_2025_11_27_5769e41c44,news,news_quality,news_general_quality,filter_news_final,qwen3:8b,N01,Factual accuracy and internal consistency,4,1,5,0.3,75.0,22.5,NEWS_P001,"PPB posts 3Q25 loss, sees better performance ahead KUALA LUMPUR: PPB Group Bhd slipped into the red, posting a net loss of RM199.5mil in the third quarter ended Sept 30, 2025 (3Q25), compared with a net profit of RM208.1",model,"The article provides clear financial figures and explanations for the loss, showing internal consistency with the reasons given for the net loss.",,2026-07-01T08:41:42+00:00,2026-07-01T08:41:46+00:00,2026-06-15,qwen3:8b,ollama,0.0,42,4096,192,false,false,ollama_format_schema,news_single_dimension_v3_strict_calibration,2026-07-01T08:41:42+00:00,05_raw_model_outputs/news_final_full/NEWS_PPB_2025_11_27_5769e41c44_N01_raw.json,,parsed,valid
NEWS_PPB_2025_11_27_5769e41c44_N02,NEWS_PPB_2025_11_27_5769e41c44,news,news_quality,news_general_quality,filter_news_final,qwen3:8b,N02,Source transparency and verifiability,4,1,5,0.25,75.0,18.75,NEWS_P001,"PPB posts 3Q25 loss, sees better performance ahead KUALA LUMPUR: PPB Group Bhd slipped into the red, posting a net loss of RM199.5mil in the third quarter ended Sept 30, 2025 (3Q25), compared with a net profit of RM208.1",model,"The article provides clear financial figures and attributions to the company's performance, with verifiable data on losses and revenue, though it lacks independent third-party verification or official announcements.",,2026-07-01T08:41:46+00:00,2026-07-01T08:41:49+00:00,2026-06-15,qwen3:8b,ollama,0.0,42,4096,192,false,false,ollama_format_schema,news_single_dimension_v3_strict_calibration,2026-07-01T08:41:46+00:00,05_raw_model_outputs/news_final_full/NEWS_PPB_2025_11_27_5769e41c44_N02_raw.json,,parsed,valid
NEWS_PPB_2025_11_27_5769e41c44_N03,NEWS_PPB_2025_11_27_5769e41c44,news,news_quality,news_general_quality,filter_news_final,qwen3:8b,N03,Balance and objectivity,3,1,5,0.15,50.0,7.5,NEWS_P001,"PPB posts 3Q25 loss, sees better performance ahead KUALA LUMPUR: PPB Group Bhd slipped into the red, posting a net loss of RM199.5mil in the third quarter ended Sept 30, 2025 (3Q25), compared with a net profit of RM208.1",model,"The article reports PPB's financial loss but lacks balanced context, such as explanations for the loss or external factors impacting performance, which affects objectivity.",,2026-07-01T08:41:49+00:00,2026-07-01T08:41:52+00:00,2026-06-15,qwen3:8b,ollama,0.0,42,4096,192,false,false,ollama_format_schema,news_single_dimension_v3_strict_calibration,2026-07-01T08:41:49+00:00,05_raw_model_outputs/news_final_full/NEWS_PPB_2025_11_27_5769e41c44_N03_raw.json,,parsed,valid
NEWS_PPB_2025_11_27_5769e41c44_N04,NEWS_PPB_2025_11_27_5769e41c44,news,news_quality,news_general_quality,filter_news_final,qwen3:8b,N04,Relevance and information increment,4,1,5,0.2,75.0,15.0,NEWS_P001,"PPB posts 3Q25 loss, sees better performance ahead KUALA LUMPUR: PPB Group Bhd slipped into the red, posting a net loss of RM199.5mil in the third quarter ended Sept 30, 2025 (3Q25), compared with a net profit of RM208.1",model,"The article provides specific financial figures and reasons for the loss, indicating relevant business performance data beyond generic market noise.",,2026-07-01T08:41:52+00:00,2026-07-01T08:41:56+00:00,2026-06-15,qwen3:8b,ollama,0.0,42,4096,192,false,false,ollama_format_schema,news_single_dimension_v3_strict_calibration,2026-07-01T08:41:52+00:00,05_raw_model_outputs/news_final_full/NEWS_PPB_2025_11_27_5769e41c44_N04_raw.json,,parsed,valid
NEWS_PPB_2025_11_27_5769e41c44_N05,NEWS_PPB_2025_11_27_5769e41c44,news,news_quality,news_general_quality,filter_news_final,qwen3:8b,N05,Expression clarity and headline fit,5,1,5,0.1,100.0,10.0,TITLE,"PPB posts 3Q25 loss, sees better performance ahead",model,Headline clearly reflects the article's content on PPB's 3Q25 loss and expectations of improved performance.,,2026-07-01T08:41:56+00:00,2026-07-01T08:41:58+00:00,2026-06-15,qwen3:8b,ollama,0.0,42,4096,192,false,false,ollama_format_schema,news_single_dimension_v3_strict_calibration,2026-07-01T08:41:56+00:00,05_raw_model_outputs/news_final_full/NEWS_PPB_2025_11_27_5769e41c44_N05_raw.json,,parsed,valid
NEWS_PPB_2025_10_23_8c35deb984_N01,NEWS_PPB_2025_10_23_8c35deb984,news,news_quality,news_general_quality,filter_news_final,qwen3:8b,N01,Factual accuracy and internal consistency,5,1,5,0.3,100.0,30.0,NEWS_P001,PETALING JAYA: PPB Group Bhd could face a minimal impact to its financial results should Wilmar International Ltd’s sugar subsidiary operating in Indonesia lose its raw sugar importation case. PPB Group owns an 18.8% sta,model,"The article provides clear, internally consistent factual claims about PPB's potential financial impact from the Wilmar case, including specific figures and references to legal actions and financial forecasts.",,2026-07-01T08:41:58+00:00,2026-07-01T08:42:01+00:00,2026-06-15,qwen3:8b,ollama,0.0,42,4096,192,false,false,ollama_format_schema,news_single_dimension_v3_strict_calibration,2026-07-01T08:41:58+00:00,05_raw_model_outputs/news_final_full/NEWS_PPB_2025_10_23_8c35deb984_N01_raw.json,,parsed,valid
NEWS_PPB_2025_10_23_8c35deb984_N02,NEWS_PPB_2025_10_23_8c35deb984,news,news_quality,news_general_quality,filter_news_final,qwen3:8b,N02,Source transparency and verifiability,4,1,5,0.25,75.0,18.75,NEWS_P001,PETALING JAYA: PPB Group Bhd could face a minimal impact to its financial results should Wilmar International Ltd’s sugar subsidiary operating in Indonesia lose its raw sugar importation case. PPB Group owns an 18.8% sta,model,"The article provides clear attribution to the Attorney General's charges and includes verifiable details such as the US$36mil state losses and the US$2.5mil security deposit, supporting source transparency and verifiability.",,2026-07-01T08:42:01+00:00,2026-07-01T08:42:04+00:00,2026-06-15,qwen3:8b,ollama,0.0,42,4096,192,false,false,ollama_format_schema,news_single_dimension_v3_strict_calibration,2026-07-01T08:42:01+00:00,05_raw_model_outputs/news_final_full/NEWS_PPB_2025_10_23_8c35deb984_N02_raw.json,,parsed,valid
NEWS_PPB_2025_10_23_8c35deb984_N03,NEWS_PPB_2025_10_23_8c35deb984,news,news_quality,news_general_quality,filter_news_final,qwen3:8b,N03,Balance and objectivity,3,1,5,0.15,50.0,7.5,NEWS_P001,PETALING JAYA: PPB Group Bhd could face a minimal impact to its financial results should Wilmar International Ltd’s sugar subsidiary operating in Indonesia lose its raw sugar importation case. PPB Group owns an 18.8% sta,model,The article presents PPB's potential financial impact from the Wilmar case but lacks balanced treatment by not including opposing viewpoints or additional context on the legal proceedings.,,2026-07-01T08:42:04+00:00,2026-07-01T08:42:07+00:00,2026-06-15,qwen3:8b,ollama,0.0,42,4096,192,false,false,ollama_format_schema,news_single_dimension_v3_strict_calibration,2026-07-01T08:42:04+00:00,05_raw_model_outputs/news_final_full/NEWS_PPB_2025_10_23_8c35deb984_N03_raw.json,,parsed,valid
NEWS_PPB_2025_10_23_8c35deb984_N04,NEWS_PPB_2025_10_23_8c35deb984,news,news_quality,news_general_quality,filter_news_final,qwen3:8b,N04,Relevance and information increment,3,1,5,0.2,50.0,10.0,NEWS_P001,PETALING JAYA: PPB Group Bhd could face a minimal impact to its financial results should Wilmar International Ltd’s sugar subsidiary operating in Indonesia lose its raw sugar importation case. PPB Group owns an 18.8% sta,model,"The article provides specific details about PPB's potential financial impact from the Wilmar case, which adds relevant business information beyond generic market noise.",,2026-07-01T08:42:07+00:00,2026-07-01T08:42:09+00:00,2026-06-15,qwen3:8b,ollama,0.0,42,4096,192,false,false,ollama_format_schema,news_single_dimension_v3_strict_calibration,2026-07-01T08:42:07+00:00,05_raw_model_outputs/news_final_full/NEWS_PPB_2025_10_23_8c35deb984_N04_raw.json,,parsed,valid
NEWS_PPB_2025_10_23_8c35deb984_N05,NEWS_PPB_2025_10_23_8c35deb984,news,news_quality,news_general_quality,filter_news_final,qwen3:8b,N05,Expression clarity and headline fit,5,1,5,0.1,100.0,10.0,TITLE,PPB likely to endure minor hit from Wilmar case,model,"Headline clearly reflects the article's focus on PPB's potential minor financial impact from the Wilmar case, with clear and concise expression.",,2026-07-01T08:42:09+00:00,2026-07-01T08:42:12+00:00,2026-06-15,qwen3:8b,ollama,0.0,42,4096,192,false,false,ollama_format_schema,news_single_dimension_v3_strict_calibration,2026-07-01T08:42:09+00:00,05_raw_model_outputs/news_final_full/NEWS_PPB_2025_10_23_8c35deb984_N05_raw.json,,parsed,valid
NEWS_PPB_2025_10_22_07c30b4b87_N01,NEWS_PPB_2025_10_22_07c30b4b87,news,news_quality,news_general_quality,filter_news_final,qwen3:8b,N01,Factual accuracy and internal consistency,4,1,5,0.3,75.0,22.5,NEWS_P001,"PETALING JAYA: The Indonesian subsidiary of PPB Group Bhd ’s 18.8%-owned associate, Wilmar International Ltd, has been charged by the Indonesian Public Prosecutor for carrying out unlawful acts relating to the import of ",model,"The article provides clear factual claims about the charges against Wilmar's Indonesia unit and includes verifiable details such as financial figures and legal actions, showing internal consistency.",,2026-07-01T08:42:12+00:00,2026-07-01T08:42:15+00:00,2026-06-15,qwen3:8b,ollama,0.0,42,4096,192,false,false,ollama_format_schema,news_single_dimension_v3_strict_calibration,2026-07-01T08:42:12+00:00,05_raw_model_outputs/news_final_full/NEWS_PPB_2025_10_22_07c30b4b87_N01_raw.json,,parsed,valid
NEWS_PPB_2025_10_22_07c30b4b87_N02,NEWS_PPB_2025_10_22_07c30b4b87,news,news_quality,news_general_quality,filter_news_final,qwen3:8b,N02,Source transparency and verifiability,4,1,5,0.25,75.0,18.75,NEWS_P001,"PETALING JAYA: The Indonesian subsidiary of PPB Group Bhd ’s 18.8%-owned associate, Wilmar International Ltd, has been charged by the Indonesian Public Prosecutor for carrying out unlawful acts relating to the import of ",model,"The article provides clear attribution to the Indonesian Public Prosecutor and includes verifiable details such as the amount of losses and the security deposit, though it lacks direct links to official announcements or third-party sources.",,2026-07-01T08:42:15+00:00,2026-07-01T08:42:18+00:00,2026-06-15,qwen3:8b,ollama,0.0,42,4096,192,false,false,ollama_format_schema,news_single_dimension_v3_strict_calibration,2026-07-01T08:42:15+00:00,05_raw_model_outputs/news_final_full/NEWS_PPB_2025_10_22_07c30b4b87_N02_raw.json,,parsed,valid
NEWS_PPB_2025_10_22_07c30b4b87_N03,NEWS_PPB_2025_10_22_07c30b4b87,news,news_quality,news_general_quality,filter_news_final,qwen3:8b,N03,Balance and objectivity,3,1,5,0.15,50.0,7.5,NEWS_P001,"PETALING JAYA: The Indonesian subsidiary of PPB Group Bhd ’s 18.8%-owned associate, Wilmar International Ltd, has been charged by the Indonesian Public Prosecutor for carrying out unlawful acts relating to the import of ",model,"The article presents the charges against Wilmar's Indonesia unit but lacks balanced treatment of the context, such as the former minister's directive and the state's position, which could provide a more objective view.",,2026-07-01T08:42:18+00:00,2026-07-01T08:42:21+00:00,2026-06-15,qwen3:8b,ollama,0.0,42,4096,192,false,false,ollama_format_schema,news_single_dimension_v3_strict_calibration,2026-07-01T08:42:18+00:00,05_raw_model_outputs/news_final_full/NEWS_PPB_2025_10_22_07c30b4b87_N03_raw.json,,parsed,valid
NEWS_PPB_2025_10_22_07c30b4b87_N04,NEWS_PPB_2025_10_22_07c30b4b87,news,news_quality,news_general_quality,filter_news_final,qwen3:8b,N04,Relevance and information increment,3,1,5,0.2,50.0,10.0,NEWS_P001,"PETALING JAYA: The Indonesian subsidiary of PPB Group Bhd ’s 18.8%-owned associate, Wilmar International Ltd, has been charged by the Indonesian Public Prosecutor for carrying out unlawful acts relating to the import of ",model,"The article provides specific details about PPB Group Berhad's associate being charged for sugar import violations, which adds relevant business information beyond generic market noise.",,2026-07-01T08:42:21+00:00,2026-07-01T08:42:24+00:00,2026-06-15,qwen3:8b,ollama,0.0,42,4096,192,false,false,ollama_format_schema,news_single_dimension_v3_strict_calibration,2026-07-01T08:42:21+00:00,05_raw_model_outputs/news_final_full/NEWS_PPB_2025_10_22_07c30b4b87_N04_raw.json,,parsed,valid
NEWS_PPB_2025_10_22_07c30b4b87_N05,NEWS_PPB_2025_10_22_07c30b4b87,news,news_quality,news_general_quality,filter_news_final,qwen3:8b,N05,Expression clarity and headline fit,5,1,5,0.1,100.0,10.0,TITLE,Wilmar’s Indonesia unit charged for sugar import,model,Headline clearly states the main event and aligns with the article's content about the charge against Wilmar's Indonesia unit for sugar import.,,2026-07-01T08:42:24+00:00,2026-07-01T08:42:26+00:00,2026-06-15,qwen3:8b,ollama,0.0,42,4096,192,false,false,ollama_format_schema,news_single_dimension_v3_strict_calibration,2026-07-01T08:42:24+00:00,05_raw_model_outputs/news_final_full/NEWS_PPB_2025_10_22_07c30b4b87_N05_raw.json,,parsed,valid
NEWS_PPB_2025_10_03_5e4771fefe_N01,NEWS_PPB_2025_10_03_5e4771fefe,news,news_quality,news_general_quality,filter_news_final,qwen3:8b,N01,Factual accuracy and internal consistency,4,1,5,0.3,75.0,22.5,NEWS_P001,"PETALING JAYA: Leong Hup International Bhd has secured a favourable ruling in its ongoing dispute with the Malaysia Competition Commission (MyCC), after the KL High Court allowed the judicial review application by its su",model,"The article provides a coherent account of the legal dispute, includes specific details like the RM5,000 costs awarded and the quashing of the CAT's decision, and is internally consistent with the context of the case.",,2026-07-01T08:42:26+00:00,2026-07-01T08:42:30+00:00,2026-06-15,qwen3:8b,ollama,0.0,42,4096,192,false,false,ollama_format_schema,news_single_dimension_v3_strict_calibration,2026-07-01T08:42:26+00:00,05_raw_model_outputs/news_final_full/NEWS_PPB_2025_10_03_5e4771fefe_N01_raw.json,,parsed,valid
NEWS_PPB_2025_10_03_5e4771fefe_N02,NEWS_PPB_2025_10_03_5e4771fefe,news,news_quality,news_general_quality,filter_news_final,qwen3:8b,N02,Source transparency and verifiability,4,1,5,0.25,75.0,18.75,NEWS_P001,"PETALING JAYA: Leong Hup International Bhd has secured a favourable ruling in its ongoing dispute with the Malaysia Competition Commission (MyCC), after the KL High Court allowed the judicial review application by its su",model,"The article provides clear attribution to the court and includes verifiable details such as the RM5,000 costs awarded and the court's decision to quash the CAT's stay order.",,2026-07-01T08:42:30+00:00,2026-07-01T08:42:32+00:00,2026-06-15,qwen3:8b,ollama,0.0,42,4096,192,false,false,ollama_format_schema,news_single_dimension_v3_strict_calibration,2026-07-01T08:42:30+00:00,05_raw_model_outputs/news_final_full/NEWS_PPB_2025_10_03_5e4771fefe_N02_raw.json,,parsed,valid
NEWS_PPB_2025_10_03_5e4771fefe_N03,NEWS_PPB_2025_10_03_5e4771fefe,news,news_quality,news_general_quality,filter_news_final,qwen3:8b,N03,Balance and objectivity,3,1,5,0.15,50.0,7.5,NEWS_P001,"PETALING JAYA: Leong Hup International Bhd has secured a favourable ruling in its ongoing dispute with the Malaysia Competition Commission (MyCC), after the KL High Court allowed the judicial review application by its su",model,"The article presents the company's victory in a legal dispute without providing independent perspectives or critical analysis, leading to a one-sided narrative.",,2026-07-01T08:42:32+00:00,2026-07-01T08:42:35+00:00,2026-06-15,qwen3:8b,ollama,0.0,42,4096,192,false,false,ollama_format_schema,news_single_dimension_v3_strict_calibration,2026-07-01T08:42:32+00:00,05_raw_model_outputs/news_final_full/NEWS_PPB_2025_10_03_5e4771fefe_N03_raw.json,,parsed,valid
NEWS_PPB_2025_10_03_5e4771fefe_N04,NEWS_PPB_2025_10_03_5e4771fefe,news,news_quality,news_general_quality,filter_news_final,qwen3:8b,N04,Relevance and information increment,3,1,5,0.2,50.0,10.0,NEWS_P001,"PETALING JAYA: Leong Hup International Bhd has secured a favourable ruling in its ongoing dispute with the Malaysia Competition Commission (MyCC), after the KL High Court allowed the judicial review application by its su",model,"The article provides specific details about a legal dispute and its financial implications for the company, adding relevant business information beyond generic market noise.",,2026-07-01T08:42:35+00:00,2026-07-01T08:42:37+00:00,2026-06-15,qwen3:8b,ollama,0.0,42,4096,192,false,false,ollama_format_schema,news_single_dimension_v3_strict_calibration,2026-07-01T08:42:35+00:00,05_raw_model_outputs/news_final_full/NEWS_PPB_2025_10_03_5e4771fefe_N04_raw.json,,parsed,valid
NEWS_PPB_2025_10_03_5e4771fefe_N05,NEWS_PPB_2025_10_03_5e4771fefe,news,news_quality,news_general_quality,filter_news_final,qwen3:8b,N05,Expression clarity and headline fit,4,1,5,0.1,75.0,7.5,NEWS_P001,"PETALING JAYA: Leong Hup International Bhd has secured a favourable ruling in its ongoing dispute with the Malaysia Competition Commission (MyCC), after the KL High Court allowed the judicial review application by its su",model,"Headline clearly reflects the court's decision on the relief from the fine, and the article body provides concise and straightforward details about the ruling and its implications.",,2026-07-01T08:42:37+00:00,2026-07-01T08:42:40+00:00,2026-06-15,qwen3:8b,ollama,0.0,42,4096,192,false,false,ollama_format_schema,news_single_dimension_v3_strict_calibration,2026-07-01T08:42:37+00:00,05_raw_model_outputs/news_final_full/NEWS_PPB_2025_10_03_5e4771fefe_N05_raw.json,,parsed,valid
NEWS_PPB_2025_10_02_62db2f4c6a_N01,NEWS_PPB_2025_10_02_62db2f4c6a,news,news_quality,news_general_quality,filter_news_final,qwen3:8b,N01,Factual accuracy and internal consistency,4,1,5,0.3,75.0,22.5,NEWS_P001,"PETALING JAYA: Leong Hup International Bhd has secured a favourable ruling in its ongoing dispute with the Malaysia Competition Commission (MyCC), after the KL High Court allowed the judicial review application by its su",model,"The article provides clear, internally consistent factual claims about the court's decision and the legal actions taken by Leong Hup and PPB Group Berhad, with verifiable details from the stock exchange filings.",,2026-07-01T08:42:40+00:00,2026-07-01T08:42:43+00:00,2026-06-15,qwen3:8b,ollama,0.0,42,4096,192,false,false,ollama_format_schema,news_single_dimension_v3_strict_calibration,2026-07-01T08:42:40+00:00,05_raw_model_outputs/news_final_full/NEWS_PPB_2025_10_02_62db2f4c6a_N01_raw.json,,parsed,valid
NEWS_PPB_2025_10_02_62db2f4c6a_N02,NEWS_PPB_2025_10_02_62db2f4c6a,news,news_quality,news_general_quality,filter_news_final,qwen3:8b,N02,Source transparency and verifiability,4,1,5,0.25,75.0,18.75,NEWS_P001,"PETALING JAYA: Leong Hup International Bhd has secured a favourable ruling in its ongoing dispute with the Malaysia Competition Commission (MyCC), after the KL High Court allowed the judicial review application by its su",model,Clear attribution to the company and verifiable details about the court ruling and costs awarded.,,2026-07-01T08:42:43+00:00,2026-07-01T08:42:45+00:00,2026-06-15,qwen3:8b,ollama,0.0,42,4096,192,false,false,ollama_format_schema,news_single_dimension_v3_strict_calibration,2026-07-01T08:42:43+00:00,05_raw_model_outputs/news_final_full/NEWS_PPB_2025_10_02_62db2f4c6a_N02_raw.json,,parsed,valid
NEWS_PPB_2025_10_02_62db2f4c6a_N03,NEWS_PPB_2025_10_02_62db2f4c6a,news,news_quality,news_general_quality,filter_news_final,qwen3:8b,N03,Balance and objectivity,3,1,5,0.15,50.0,7.5,NEWS_P001,"PETALING JAYA: Leong Hup International Bhd has secured a favourable ruling in its ongoing dispute with the Malaysia Competition Commission (MyCC), after the KL High Court allowed the judicial review application by its su",model,"The article presents the company's perspective without counterpoints or independent verification, lacking balanced treatment of claims.",,2026-07-01T08:42:45+00:00,2026-07-01T08:42:48+00:00,2026-06-15,qwen3:8b,ollama,0.0,42,4096,192,false,false,ollama_format_schema,news_single_dimension_v3_strict_calibration,2026-07-01T08:42:45+00:00,05_raw_model_outputs/news_final_full/NEWS_PPB_2025_10_02_62db2f4c6a_N03_raw.json,,parsed,valid
NEWS_PPB_2025_10_02_62db2f4c6a_N04,NEWS_PPB_2025_10_02_62db2f4c6a,news,news_quality,news_general_quality,filter_news_final,qwen3:8b,N04,Relevance and information increment,3,1,5,0.2,50.0,10.0,NEWS_P001,"PETALING JAYA: Leong Hup International Bhd has secured a favourable ruling in its ongoing dispute with the Malaysia Competition Commission (MyCC), after the KL High Court allowed the judicial review application by its su",model,"The article provides specific details about a legal dispute involving PPB Group Berhad and the Malaysia Competition Commission, which adds relevant business information beyond generic market noise.",,2026-07-01T08:42:48+00:00,2026-07-01T08:42:51+00:00,2026-06-15,qwen3:8b,ollama,0.0,42,4096,192,false,false,ollama_format_schema,news_single_dimension_v3_strict_calibration,2026-07-01T08:42:48+00:00,05_raw_model_outputs/news_final_full/NEWS_PPB_2025_10_02_62db2f4c6a_N04_raw.json,,parsed,valid
NEWS_PPB_2025_10_02_62db2f4c6a_N05,NEWS_PPB_2025_10_02_62db2f4c6a,news,news_quality,news_general_quality,filter_news_final,qwen3:8b,N05,Expression clarity and headline fit,4,1,5,0.1,75.0,7.5,TITLE,"High Court grants Leong Hup, PPB’s FFM stay on MyCC penalties",model,"Headline clearly reflects the court's grant of a stay on penalties, aligning with the article's content on the legal developments and rulings.",,2026-07-01T08:42:51+00:00,2026-07-01T08:42:53+00:00,2026-06-15,qwen3:8b,ollama,0.0,42,4096,192,false,false,ollama_format_schema,news_single_dimension_v3_strict_calibration,2026-07-01T08:42:51+00:00,05_raw_model_outputs/news_final_full/NEWS_PPB_2025_10_02_62db2f4c6a_N05_raw.json,,parsed,valid
NEWS_PPB_2025_10_01_44446a28fe_N01,NEWS_PPB_2025_10_01_44446a28fe,news,news_quality,news_general_quality,filter_news_final,qwen3:8b,N01,Factual accuracy and internal consistency,4,1,5,0.3,75.0,22.5,NEWS_P001,"PETALING JAYA: Conglomerate PPB Group Bhd ’s outlook is clearer following the conclusion of the case against 18.8%-owned associate Wilmar International Ltd, a Singapore-listed company involved in oil palm cultivation. On",model,"The article provides clear factual claims about the legal verdict and its financial implications, with internal consistency in reporting the outcomes and their impact on PPB's financials.",,2026-07-01T08:42:53+00:00,2026-07-01T08:42:57+00:00,2026-06-15,qwen3:8b,ollama,0.0,42,4096,192,false,false,ollama_format_schema,news_single_dimension_v3_strict_calibration,2026-07-01T08:42:53+00:00,05_raw_model_outputs/news_final_full/NEWS_PPB_2025_10_01_44446a28fe_N01_raw.json,,parsed,valid
NEWS_PPB_2025_10_01_44446a28fe_N02,NEWS_PPB_2025_10_01_44446a28fe,news,news_quality,news_general_quality,filter_news_final,qwen3:8b,N02,Source transparency and verifiability,4,1,5,0.25,75.0,18.75,NEWS_P001,"PETALING JAYA: Conglomerate PPB Group Bhd ’s outlook is clearer following the conclusion of the case against 18.8%-owned associate Wilmar International Ltd, a Singapore-listed company involved in oil palm cultivation. On",model,"The article provides clear attribution to the Indonesian supreme court and includes verifiable details about the legal case and financial implications, though it lacks named third-party sources or official announcements.",,2026-07-01T08:42:57+00:00,2026-07-01T08:43:01+00:00,2026-06-15,qwen3:8b,ollama,0.0,42,4096,192,false,false,ollama_format_schema,news_single_dimension_v3_strict_calibration,2026-07-01T08:42:57+00:00,05_raw_model_outputs/news_final_full/NEWS_PPB_2025_10_01_44446a28fe_N02_raw.json,,parsed,valid
NEWS_PPB_2025_10_01_44446a28fe_N03,NEWS_PPB_2025_10_01_44446a28fe,news,news_quality,news_general_quality,filter_news_final,qwen3:8b,N03,Balance and objectivity,3,1,5,0.15,50.0,7.5,NEWS_P001,"PETALING JAYA: Conglomerate PPB Group Bhd ’s outlook is clearer following the conclusion of the case against 18.8%-owned associate Wilmar International Ltd, a Singapore-listed company involved in oil palm cultivation. On",model,The article presents PPB's positive outlook following the Wilmar verdict but lacks balanced treatment of potential risks and does not provide independent perspectives or critical analysis.,,2026-07-01T08:43:01+00:00,2026-07-01T08:43:04+00:00,2026-06-15,qwen3:8b,ollama,0.0,42,4096,192,false,false,ollama_format_schema,news_single_dimension_v3_strict_calibration,2026-07-01T08:43:01+00:00,05_raw_model_outputs/news_final_full/NEWS_PPB_2025_10_01_44446a28fe_N03_raw.json,,parsed,valid
NEWS_PPB_2025_10_01_44446a28fe_N04,NEWS_PPB_2025_10_01_44446a28fe,news,news_quality,news_general_quality,filter_news_final,qwen3:8b,N04,Relevance and information increment,4,1,5,0.2,75.0,15.0,NEWS_P001,"PETALING JAYA: Conglomerate PPB Group Bhd ’s outlook is clearer following the conclusion of the case against 18.8%-owned associate Wilmar International Ltd, a Singapore-listed company involved in oil palm cultivation. On",model,"The article provides specific details about the legal verdict impacting PPB's associate, Wilmar, and its financial implications, adding substantive information beyond generic market noise.",,2026-07-01T08:43:04+00:00,2026-07-01T08:43:08+00:00,2026-06-15,qwen3:8b,ollama,0.0,42,4096,192,false,false,ollama_format_schema,news_single_dimension_v3_strict_calibration,2026-07-01T08:43:04+00:00,05_raw_model_outputs/news_final_full/NEWS_PPB_2025_10_01_44446a28fe_N04_raw.json,,parsed,valid
NEWS_PPB_2025_10_01_44446a28fe_N05,NEWS_PPB_2025_10_01_44446a28fe,news,news_quality,news_general_quality,filter_news_final,qwen3:8b,N05,Expression clarity and headline fit,4,1,5,0.1,75.0,7.5,TITLE,PPB outlook brightens after Wilmar verdict,model,"Headline clearly reflects the article's focus on PPB's improved outlook following the Wilmar verdict, with clear and concise expression.",,2026-07-01T08:43:08+00:00,2026-07-01T08:43:11+00:00,2026-06-15,qwen3:8b,ollama,0.0,42,4096,192,false,false,ollama_format_schema,news_single_dimension_v3_strict_calibration,2026-07-01T08:43:08+00:00,05_raw_model_outputs/news_final_full/NEWS_PPB_2025_10_01_44446a28fe_N05_raw.json,,parsed,valid
NEWS_PPB_2025_09_25_2ed0f53daf_N01,NEWS_PPB_2025_09_25_2ed0f53daf,news,news_quality,news_general_quality,filter_news_final,qwen3:8b,N01,Factual accuracy and internal consistency,4,1,5,0.3,75.0,22.5,NEWS_P001,"PETALING JAYA: Analysts remain positive on diversified group PPB Group Bhd ’s second half of financial year 2025 (2H25) earnings, with the company’s core operations expected to continue to perform well. UOB Kay Hian (UOB",model,"The article provides coherent analysis with factual claims about PPB's performance, supported by specific data points like crude palm oil prices and SST impact.",,2026-07-01T08:43:11+00:00,2026-07-01T08:43:15+00:00,2026-06-15,qwen3:8b,ollama,0.0,42,4096,192,false,false,ollama_format_schema,news_single_dimension_v3_strict_calibration,2026-07-01T08:43:11+00:00,05_raw_model_outputs/news_final_full/NEWS_PPB_2025_09_25_2ed0f53daf_N01_raw.json,,parsed,valid
NEWS_PPB_2025_09_25_2ed0f53daf_N02,NEWS_PPB_2025_09_25_2ed0f53daf,news,news_quality,news_general_quality,filter_news_final,qwen3:8b,N02,Source transparency and verifiability,4,1,5,0.25,75.0,18.75,NEWS_P001,"PETALING JAYA: Analysts remain positive on diversified group PPB Group Bhd ’s second half of financial year 2025 (2H25) earnings, with the company’s core operations expected to continue to perform well. UOB Kay Hian (UOB",model,"The article cites UOB Kay Hian Research with specific details and verifiable factors like crude palm oil prices, wheat supply, and SST impact, showing clear attribution and verifiable cues.",,2026-07-01T08:43:15+00:00,2026-07-01T08:43:18+00:00,2026-06-15,qwen3:8b,ollama,0.0,42,4096,192,false,false,ollama_format_schema,news_single_dimension_v3_strict_calibration,2026-07-01T08:43:15+00:00,05_raw_model_outputs/news_final_full/NEWS_PPB_2025_09_25_2ed0f53daf_N02_raw.json,,parsed,valid
NEWS_PPB_2025_09_25_2ed0f53daf_N03,NEWS_PPB_2025_09_25_2ed0f53daf,news,news_quality,news_general_quality,filter_news_final,qwen3:8b,N03,Balance and objectivity,3,1,5,0.15,50.0,7.5,NEWS_P001,"PETALING JAYA: Analysts remain positive on diversified group PPB Group Bhd ’s second half of financial year 2025 (2H25) earnings, with the company’s core operations expected to continue to perform well. UOB Kay Hian (UOB",model,"The article presents positive analysis but lacks balanced treatment of potential risks, such as the legal case and SST impact, which are mentioned without counterpoints.",,2026-07-01T08:43:18+00:00,2026-07-01T08:43:21+00:00,2026-06-15,qwen3:8b,ollama,0.0,42,4096,192,false,false,ollama_format_schema,news_single_dimension_v3_strict_calibration,2026-07-01T08:43:18+00:00,05_raw_model_outputs/news_final_full/NEWS_PPB_2025_09_25_2ed0f53daf_N03_raw.json,,parsed,valid
NEWS_PPB_2025_09_25_2ed0f53daf_N04,NEWS_PPB_2025_09_25_2ed0f53daf,news,news_quality,news_general_quality,filter_news_final,qwen3:8b,N04,Relevance and information increment,3,1,5,0.2,50.0,10.0,NEWS_P001,"PETALING JAYA: Analysts remain positive on diversified group PPB Group Bhd ’s second half of financial year 2025 (2H25) earnings, with the company’s core operations expected to continue to perform well. UOB Kay Hian (UOB",model,"The article provides specific details on PPB's business segments and financial outlook, adding substance beyond generic market noise.",,2026-07-01T08:43:21+00:00,2026-07-01T08:43:24+00:00,2026-06-15,qwen3:8b,ollama,0.0,42,4096,192,false,false,ollama_format_schema,news_single_dimension_v3_strict_calibration,2026-07-01T08:43:21+00:00,05_raw_model_outputs/news_final_full/NEWS_PPB_2025_09_25_2ed0f53daf_N04_raw.json,,parsed,valid
NEWS_PPB_2025_09_25_2ed0f53daf_N05,NEWS_PPB_2025_09_25_2ed0f53daf,news,news_quality,news_general_quality,filter_news_final,qwen3:8b,N05,Expression clarity and headline fit,4,1,5,0.1,75.0,7.5,TITLE,PPB valuations remain attractive,model,"Headline clearly reflects the article's focus on PPB's attractive valuations, with supporting details in the body about earnings, segments, and valuation metrics.",,2026-07-01T08:43:24+00:00,2026-07-01T08:43:27+00:00,2026-06-15,qwen3:8b,ollama,0.0,42,4096,192,false,false,ollama_format_schema,news_single_dimension_v3_strict_calibration,2026-07-01T08:43:24+00:00,05_raw_model_outputs/news_final_full/NEWS_PPB_2025_09_25_2ed0f53daf_N05_raw.json,,parsed,valid
NEWS_PPB_2025_09_03_38f13f7a40_N01,NEWS_PPB_2025_09_03_38f13f7a40,news,news_quality,news_general_quality,filter_news_final,qwen3:8b,N01,Factual accuracy and internal consistency,5,1,5,0.3,100.0,30.0,NEWS_P001,KUALA LUMPUR: Plantation company PPB Group has expressed confidence that the ongoing legal case in Indonesia involving its unit Wilmar International Ltd will not affect its dividend commitment. Wilmar was charged in 2022,model,"The article provides clear, consistent factual claims about the legal case, financial commitments, and company statements, with verifiable details like the security deposit amount and dividend figures.",,2026-07-01T08:43:27+00:00,2026-07-01T08:43:31+00:00,2026-06-15,qwen3:8b,ollama,0.0,42,4096,192,false,false,ollama_format_schema,news_single_dimension_v3_strict_calibration,2026-07-01T08:43:27+00:00,05_raw_model_outputs/news_final_full/NEWS_PPB_2025_09_03_38f13f7a40_N01_raw.json,,parsed,valid
NEWS_PPB_2025_09_03_38f13f7a40_N02,NEWS_PPB_2025_09_03_38f13f7a40,news,news_quality,news_general_quality,filter_news_final,qwen3:8b,N02,Source transparency and verifiability,4,1,5,0.25,75.0,18.75,NEWS_P001,KUALA LUMPUR: Plantation company PPB Group has expressed confidence that the ongoing legal case in Indonesia involving its unit Wilmar International Ltd will not affect its dividend commitment. Wilmar was charged in 2022,model,"The article provides clear attribution to the source (The Star) and includes verifiable details such as the legal case, financial figures, and quotes from the managing director, supporting source transparency and verifiability.",,2026-07-01T08:43:31+00:00,2026-07-01T08:43:34+00:00,2026-06-15,qwen3:8b,ollama,0.0,42,4096,192,false,false,ollama_format_schema,news_single_dimension_v3_strict_calibration,2026-07-01T08:43:31+00:00,05_raw_model_outputs/news_final_full/NEWS_PPB_2025_09_03_38f13f7a40_N02_raw.json,,parsed,valid
NEWS_PPB_2025_09_03_38f13f7a40_N03,NEWS_PPB_2025_09_03_38f13f7a40,news,news_quality,news_general_quality,filter_news_final,qwen3:8b,N03,Balance and objectivity,4,1,5,0.15,75.0,11.25,NEWS_P001,KUALA LUMPUR: Plantation company PPB Group has expressed confidence that the ongoing legal case in Indonesia involving its unit Wilmar International Ltd will not affect its dividend commitment. Wilmar was charged in 2022,model,"The article presents PPB Group's confidence in maintaining dividend commitments without providing independent verification or alternative perspectives, which limits balance.",,2026-07-01T08:43:34+00:00,2026-07-01T08:43:37+00:00,2026-06-15,qwen3:8b,ollama,0.0,42,4096,192,false,false,ollama_format_schema,news_single_dimension_v3_strict_calibration,2026-07-01T08:43:34+00:00,05_raw_model_outputs/news_final_full/NEWS_PPB_2025_09_03_38f13f7a40_N03_raw.json,,parsed,valid
NEWS_PPB_2025_09_03_38f13f7a40_N04,NEWS_PPB_2025_09_03_38f13f7a40,news,news_quality,news_general_quality,filter_news_final,qwen3:8b,N04,Relevance and information increment,4,1,5,0.2,75.0,15.0,NEWS_P001,KUALA LUMPUR: Plantation company PPB Group has expressed confidence that the ongoing legal case in Indonesia involving its unit Wilmar International Ltd will not affect its dividend commitment. Wilmar was charged in 2022,model,"The article provides specific details about the legal case involving Wilmar and its financial implications for PPB Group, showing relevance beyond generic market noise.",,2026-07-01T08:43:37+00:00,2026-07-01T08:43:40+00:00,2026-06-15,qwen3:8b,ollama,0.0,42,4096,192,false,false,ollama_format_schema,news_single_dimension_v3_strict_calibration,2026-07-01T08:43:37+00:00,05_raw_model_outputs/news_final_full/NEWS_PPB_2025_09_03_38f13f7a40_N04_raw.json,,parsed,valid
NEWS_PPB_2025_09_03_38f13f7a40_N05,NEWS_PPB_2025_09_03_38f13f7a40,news,news_quality,news_general_quality,filter_news_final,qwen3:8b,N05,Expression clarity and headline fit,5,1,5,0.1,100.0,10.0,TITLE,PPB Group confident Wilmar case will not affect dividend commitment,model,Headline clearly states the main point about the dividend commitment and aligns with the article's focus on PPB Group's confidence in the Wilmar case not affecting dividends.,,2026-07-01T08:43:40+00:00,2026-07-01T08:43:44+00:00,2026-06-15,qwen3:8b,ollama,0.0,42,4096,192,false,false,ollama_format_schema,news_single_dimension_v3_strict_calibration,2026-07-01T08:43:40+00:00,05_raw_model_outputs/news_final_full/NEWS_PPB_2025_09_03_38f13f7a40_N05_raw.json,,parsed,valid
NEWS_PPB_2025_08_28_07d20392fa_N01,NEWS_PPB_2025_08_28_07d20392fa,news,news_quality,news_general_quality,filter_news_final,qwen3:8b,N01,Factual accuracy and internal consistency,4,1,5,0.3,75.0,22.5,NEWS_P001,"PETALING JAYA: PPB Group Bhd ’s net profit for the second quarter ended June 30, (2Q25) has fallen by 9% year-on-year (y-o-y) due to a decrease in contributions from Wilmar International Ltd. For 2Q25, the diversified co",model,"The article provides consistent financial data and explains the reasons for the profit decline, showing internal coherence.",,2026-07-01T08:43:44+00:00,2026-07-01T08:43:46+00:00,2026-06-15,qwen3:8b,ollama,0.0,42,4096,192,false,false,ollama_format_schema,news_single_dimension_v3_strict_calibration,2026-07-01T08:43:44+00:00,05_raw_model_outputs/news_final_full/NEWS_PPB_2025_08_28_07d20392fa_N01_raw.json,,parsed,valid
NEWS_PPB_2025_08_28_07d20392fa_N02,NEWS_PPB_2025_08_28_07d20392fa,news,news_quality,news_general_quality,filter_news_final,qwen3:8b,N02,Source transparency and verifiability,4,1,5,0.25,75.0,18.75,NEWS_P001,"PETALING JAYA: PPB Group Bhd ’s net profit for the second quarter ended June 30, (2Q25) has fallen by 9% year-on-year (y-o-y) due to a decrease in contributions from Wilmar International Ltd. For 2Q25, the diversified co",model,"The article provides verifiable financial data and references a filing with Bursa Malaysia, supporting source transparency.",,2026-07-01T08:43:46+00:00,2026-07-01T08:43:48+00:00,2026-06-15,qwen3:8b,ollama,0.0,42,4096,192,false,false,ollama_format_schema,news_single_dimension_v3_strict_calibration,2026-07-01T08:43:46+00:00,05_raw_model_outputs/news_final_full/NEWS_PPB_2025_08_28_07d20392fa_N02_raw.json,,parsed,valid
NEWS_PPB_2025_08_28_07d20392fa_N03,NEWS_PPB_2025_08_28_07d20392fa,news,news_quality,news_general_quality,filter_news_final,qwen3:8b,N03,Balance and objectivity,3,1,5,0.15,50.0,7.5,NEWS_P001,"PETALING JAYA: PPB Group Bhd ’s net profit for the second quarter ended June 30, (2Q25) has fallen by 9% year-on-year (y-o-y) due to a decrease in contributions from Wilmar International Ltd. For 2Q25, the diversified co",model,"The article presents PPB's financial results and mentions Wilmar's contribution but lacks independent analysis or third-party perspectives, indicating limited balance.",,2026-07-01T08:43:48+00:00,2026-07-01T08:43:50+00:00,2026-06-15,qwen3:8b,ollama,0.0,42,4096,192,false,false,ollama_format_schema,news_single_dimension_v3_strict_calibration,2026-07-01T08:43:48+00:00,05_raw_model_outputs/news_final_full/NEWS_PPB_2025_08_28_07d20392fa_N03_raw.json,,parsed,valid
NEWS_PPB_2025_08_28_07d20392fa_N04,NEWS_PPB_2025_08_28_07d20392fa,news,news_quality,news_general_quality,filter_news_final,qwen3:8b,N04,Relevance and information increment,3,1,5,0.2,50.0,10.0,NEWS_P001,"PETALING JAYA: PPB Group Bhd ’s net profit for the second quarter ended June 30, (2Q25) has fallen by 9% year-on-year (y-o-y) due to a decrease in contributions from Wilmar International Ltd. For 2Q25, the diversified co",model,"The article provides basic financial performance data and mentions grain prices, but lacks deeper analysis or context on how these factors impact PPB's operations or strategic direction.",,2026-07-01T08:43:50+00:00,2026-07-01T08:43:52+00:00,2026-06-15,qwen3:8b,ollama,0.0,42,4096,192,false,false,ollama_format_schema,news_single_dimension_v3_strict_calibration,2026-07-01T08:43:50+00:00,05_raw_model_outputs/news_final_full/NEWS_PPB_2025_08_28_07d20392fa_N04_raw.json,,parsed,valid
NEWS_PPB_2025_08_28_07d20392fa_N05,NEWS_PPB_2025_08_28_07d20392fa,news,news_quality,news_general_quality,filter_news_final,qwen3:8b,N05,Expression clarity and headline fit,4,1,5,0.1,75.0,7.5,NEWS_P001,"PETALING JAYA: PPB Group Bhd ’s net profit for the second quarter ended June 30, (2Q25) has fallen by 9% year-on-year (y-o-y) due to a decrease in contributions from Wilmar International Ltd. For 2Q25, the diversified co",model,"Headline aligns with content about grain prices and stability, but lacks deeper analysis or context on how grain stability impacts broader operations.",,2026-07-01T08:43:52+00:00,2026-07-01T08:43:54+00:00,2026-06-15,qwen3:8b,ollama,0.0,42,4096,192,false,false,ollama_format_schema,news_single_dimension_v3_strict_calibration,2026-07-01T08:43:52+00:00,05_raw_model_outputs/news_final_full/NEWS_PPB_2025_08_28_07d20392fa_N05_raw.json,,parsed,valid
NEWS_PPB_2025_08_27_2d730571a9_N01,NEWS_PPB_2025_08_27_2d730571a9,news,news_quality,news_general_quality,filter_news_final,qwen3:8b,N01,Factual accuracy and internal consistency,4,1,5,0.3,75.0,22.5,NEWS_P001,"PETALING JAYA: PPB Group Bhd ’s net profit for the second quarter ended June 30, 2025 (2Q25) fell by 9% year-on-year (y-o-y) due to a decrease in contribution from Wilmar International Ltd. For 2Q25, the diversified cong",model,"Article provides clear, consistent financial figures and explains the reasons for the profit decline, showing internal coherence.",,2026-07-01T08:43:54+00:00,2026-07-01T08:43:57+00:00,2026-06-15,qwen3:8b,ollama,0.0,42,4096,192,false,false,ollama_format_schema,news_single_dimension_v3_strict_calibration,2026-07-01T08:43:54+00:00,05_raw_model_outputs/news_final_full/NEWS_PPB_2025_08_27_2d730571a9_N01_raw.json,,parsed,valid
NEWS_PPB_2025_08_27_2d730571a9_N02,NEWS_PPB_2025_08_27_2d730571a9,news,news_quality,news_general_quality,filter_news_final,qwen3:8b,N02,Source transparency and verifiability,4,1,5,0.25,75.0,18.75,NEWS_P001,"PETALING JAYA: PPB Group Bhd ’s net profit for the second quarter ended June 30, 2025 (2Q25) fell by 9% year-on-year (y-o-y) due to a decrease in contribution from Wilmar International Ltd. For 2Q25, the diversified cong",model,"The article provides verifiable financial data and references a filing with Bursa Malaysia, supporting source transparency.",,2026-07-01T08:43:57+00:00,2026-07-01T08:43:59+00:00,2026-06-15,qwen3:8b,ollama,0.0,42,4096,192,false,false,ollama_format_schema,news_single_dimension_v3_strict_calibration,2026-07-01T08:43:57+00:00,05_raw_model_outputs/news_final_full/NEWS_PPB_2025_08_27_2d730571a9_N02_raw.json,,parsed,valid
NEWS_PPB_2025_08_27_2d730571a9_N03,NEWS_PPB_2025_08_27_2d730571a9,news,news_quality,news_general_quality,filter_news_final,qwen3:8b,N03,Balance and objectivity,3,1,5,0.15,50.0,7.5,NEWS_P001,"PETALING JAYA: PPB Group Bhd ’s net profit for the second quarter ended June 30, 2025 (2Q25) fell by 9% year-on-year (y-o-y) due to a decrease in contribution from Wilmar International Ltd. For 2Q25, the diversified cong",model,"The article presents PPB's financial results with some context but lacks balanced treatment of the factors affecting performance, such as the impact of Wilmar International Ltd.",,2026-07-01T08:43:59+00:00,2026-07-01T08:44:01+00:00,2026-06-15,qwen3:8b,ollama,0.0,42,4096,192,false,false,ollama_format_schema,news_single_dimension_v3_strict_calibration,2026-07-01T08:43:59+00:00,05_raw_model_outputs/news_final_full/NEWS_PPB_2025_08_27_2d730571a9_N03_raw.json,,parsed,valid
NEWS_PPB_2025_08_27_2d730571a9_N04,NEWS_PPB_2025_08_27_2d730571a9,news,news_quality,news_general_quality,filter_news_final,qwen3:8b,N04,Relevance and information increment,4,1,5,0.2,75.0,15.0,NEWS_P001,"PETALING JAYA: PPB Group Bhd ’s net profit for the second quarter ended June 30, 2025 (2Q25) fell by 9% year-on-year (y-o-y) due to a decrease in contribution from Wilmar International Ltd. For 2Q25, the diversified cong",model,"The article provides specific financial figures and explains the reasons for the profit decline, adding relevant business context beyond generic market noise.",,2026-07-01T08:44:01+00:00,2026-07-01T08:44:04+00:00,2026-06-15,qwen3:8b,ollama,0.0,42,4096,192,false,false,ollama_format_schema,news_single_dimension_v3_strict_calibration,2026-07-01T08:44:01+00:00,05_raw_model_outputs/news_final_full/NEWS_PPB_2025_08_27_2d730571a9_N04_raw.json,,parsed,valid
NEWS_PPB_2025_08_27_2d730571a9_N05,NEWS_PPB_2025_08_27_2d730571a9,news,news_quality,news_general_quality,filter_news_final,qwen3:8b,N05,Expression clarity and headline fit,5,1,5,0.1,100.0,10.0,NEWS_P001,"PETALING JAYA: PPB Group Bhd ’s net profit for the second quarter ended June 30, 2025 (2Q25) fell by 9% year-on-year (y-o-y) due to a decrease in contribution from Wilmar International Ltd. For 2Q25, the diversified cong",model,"Headline clearly states the key financial result, and the article body provides specific figures and context supporting the headline.",,2026-07-01T08:44:04+00:00,2026-07-01T08:44:06+00:00,2026-06-15,qwen3:8b,ollama,0.0,42,4096,192,false,false,ollama_format_schema,news_single_dimension_v3_strict_calibration,2026-07-01T08:44:04+00:00,05_raw_model_outputs/news_final_full/NEWS_PPB_2025_08_27_2d730571a9_N05_raw.json,,parsed,valid
NEWS_PPB_2025_08_08_9f5b2b8a71_N01,NEWS_PPB_2025_08_08_9f5b2b8a71,news,news_quality,news_general_quality,filter_news_final,qwen3:8b,N01,Factual accuracy and internal consistency,3,1,5,0.3,50.0,15.0,NEWS_P001,"KUALA LUMPUR: The FBM KLCI traded marginally higher at midday on Friday, supported by selective buying in heavyweights despite a weaker broader market. At 12.30pm, the benchmark FBM KLCI climbed 4.22 points, or 0.27% to ",model,"The article provides factual data on KLCI performance and market activity, but lacks deeper analysis or verification of claims, making it basic reporting.",,2026-07-01T08:44:06+00:00,2026-07-01T08:44:09+00:00,2026-06-15,qwen3:8b,ollama,0.0,42,4096,192,false,false,ollama_format_schema,news_single_dimension_v3_strict_calibration,2026-07-01T08:44:06+00:00,05_raw_model_outputs/news_final_full/NEWS_PPB_2025_08_08_9f5b2b8a71_N01_raw.json,,parsed,valid
NEWS_PPB_2025_08_08_9f5b2b8a71_N02,NEWS_PPB_2025_08_08_9f5b2b8a71,news,news_quality,news_general_quality,filter_news_final,qwen3:8b,N02,Source transparency and verifiability,3,1,5,0.25,50.0,12.5,NEWS_P001,"KUALA LUMPUR: The FBM KLCI traded marginally higher at midday on Friday, supported by selective buying in heavyweights despite a weaker broader market. At 12.30pm, the benchmark FBM KLCI climbed 4.22 points, or 0.27% to ",model,"The article provides verifiable data such as stock prices, trading volumes, and quotes from TA Securities, but lacks named third-party sources or official announcements, which limits source transparency.",,2026-07-01T08:44:09+00:00,2026-07-01T08:44:13+00:00,2026-06-15,qwen3:8b,ollama,0.0,42,4096,192,false,false,ollama_format_schema,news_single_dimension_v3_strict_calibration,2026-07-01T08:44:09+00:00,05_raw_model_outputs/news_final_full/NEWS_PPB_2025_08_08_9f5b2b8a71_N02_raw.json,,parsed,valid
NEWS_PPB_2025_08_08_9f5b2b8a71_N03,NEWS_PPB_2025_08_08_9f5b2b8a71,news,news_quality,news_general_quality,filter_news_final,qwen3:8b,N03,Balance and objectivity,3,1,5,0.15,50.0,7.5,NEWS_P001,"KUALA LUMPUR: The FBM KLCI traded marginally higher at midday on Friday, supported by selective buying in heavyweights despite a weaker broader market. At 12.30pm, the benchmark FBM KLCI climbed 4.22 points, or 0.27% to ",model,"The article provides a neutral tone and balanced treatment of market conditions, mentioning both positive and negative factors affecting the KLCI.",,2026-07-01T08:44:13+00:00,2026-07-01T08:44:16+00:00,2026-06-15,qwen3:8b,ollama,0.0,42,4096,192,false,false,ollama_format_schema,news_single_dimension_v3_strict_calibration,2026-07-01T08:44:13+00:00,05_raw_model_outputs/news_final_full/NEWS_PPB_2025_08_08_9f5b2b8a71_N03_raw.json,,parsed,valid
NEWS_PPB_2025_08_08_9f5b2b8a71_N04,NEWS_PPB_2025_08_08_9f5b2b8a71,news,news_quality,news_general_quality,filter_news_final,qwen3:8b,N04,Relevance and information increment,3,1,5,0.2,50.0,10.0,NEWS_P001,"KUALA LUMPUR: The FBM KLCI traded marginally higher at midday on Friday, supported by selective buying in heavyweights despite a weaker broader market. At 12.30pm, the benchmark FBM KLCI climbed 4.22 points, or 0.27% to ",model,"The article provides general market movement information without specific details about PPB Group Berhad's business activities, financial performance, or strategic developments, which are required for N04 relevance.",,2026-07-01T08:44:16+00:00,2026-07-01T08:44:19+00:00,2026-06-15,qwen3:8b,ollama,0.0,42,4096,192,false,false,ollama_format_schema,news_single_dimension_v3_strict_calibration,2026-07-01T08:44:16+00:00,05_raw_model_outputs/news_final_full/NEWS_PPB_2025_08_08_9f5b2b8a71_N04_raw.json,,parsed,valid
NEWS_PPB_2025_08_08_9f5b2b8a71_N05,NEWS_PPB_2025_08_08_9f5b2b8a71,news,news_quality,news_general_quality,filter_news_final,qwen3:8b,N05,Expression clarity and headline fit,5,1,5,0.1,100.0,10.0,TITLE,KLCI edges higher at midday on selective buying in heavyweights,model,"Headline clearly reflects the article's focus on the KLCI's movement due to selective buying in heavyweights, with clear and concise expression.",,2026-07-01T08:44:19+00:00,2026-07-01T08:44:22+00:00,2026-06-15,qwen3:8b,ollama,0.0,42,4096,192,false,false,ollama_format_schema,news_single_dimension_v3_strict_calibration,2026-07-01T08:44:19+00:00,05_raw_model_outputs/news_final_full/NEWS_PPB_2025_08_08_9f5b2b8a71_N05_raw.json,,parsed,valid
NEWS_PPB_2025_06_19_a37ef2f9bf_N01,NEWS_PPB_2025_06_19_a37ef2f9bf,news,news_quality,news_general_quality,filter_news_final,qwen3:8b,N01,Factual accuracy and internal consistency,5,1,5,0.3,100.0,30.0,NEWS_P001,"PETALING JAYA: Investors will likely demand a higher risk premium for PPB Group Bhd after its associate company, Wilmar International Ltd, revealed that its subsidiaries were charged by the Attorney General’s Office (AGO",model,"The article provides clear, internally consistent factual claims about the legal case in Indonesia, the security deposit, and the impact on PPB's risk premium, with verifiable details from the AGO and Kenanga Research.",,2026-07-01T08:44:22+00:00,2026-07-01T08:44:25+00:00,2026-06-15,qwen3:8b,ollama,0.0,42,4096,192,false,false,ollama_format_schema,news_single_dimension_v3_strict_calibration,2026-07-01T08:44:22+00:00,05_raw_model_outputs/news_final_full/NEWS_PPB_2025_06_19_a37ef2f9bf_N01_raw.json,,parsed,valid
NEWS_PPB_2025_06_19_a37ef2f9bf_N02,NEWS_PPB_2025_06_19_a37ef2f9bf,news,news_quality,news_general_quality,filter_news_final,qwen3:8b,N02,Source transparency and verifiability,4,1,5,0.25,75.0,18.75,NEWS_P001,"PETALING JAYA: Investors will likely demand a higher risk premium for PPB Group Bhd after its associate company, Wilmar International Ltd, revealed that its subsidiaries were charged by the Attorney General’s Office (AGO",model,"The article provides clear attribution to sources such as the Attorney General’s Office and Kenanga Research, and includes verifiable details like the security deposit amount and legal proceedings.",,2026-07-01T08:44:25+00:00,2026-07-01T08:44:28+00:00,2026-06-15,qwen3:8b,ollama,0.0,42,4096,192,false,false,ollama_format_schema,news_single_dimension_v3_strict_calibration,2026-07-01T08:44:25+00:00,05_raw_model_outputs/news_final_full/NEWS_PPB_2025_06_19_a37ef2f9bf_N02_raw.json,,parsed,valid
NEWS_PPB_2025_06_19_a37ef2f9bf_N03,NEWS_PPB_2025_06_19_a37ef2f9bf,news,news_quality,news_general_quality,filter_news_final,qwen3:8b,N03,Balance and objectivity,3,1,5,0.15,50.0,7.5,NEWS_P001,"PETALING JAYA: Investors will likely demand a higher risk premium for PPB Group Bhd after its associate company, Wilmar International Ltd, revealed that its subsidiaries were charged by the Attorney General’s Office (AGO",model,"The article presents the legal case against Wilmar with some neutral wording but lacks balanced treatment of the claims, focusing more on the risk implications for PPB without providing counterpoints or additional perspectives.",,2026-07-01T08:44:28+00:00,2026-07-01T08:44:31+00:00,2026-06-15,qwen3:8b,ollama,0.0,42,4096,192,false,false,ollama_format_schema,news_single_dimension_v3_strict_calibration,2026-07-01T08:44:28+00:00,05_raw_model_outputs/news_final_full/NEWS_PPB_2025_06_19_a37ef2f9bf_N03_raw.json,,parsed,valid
NEWS_PPB_2025_06_19_a37ef2f9bf_N04,NEWS_PPB_2025_06_19_a37ef2f9bf,news,news_quality,news_general_quality,filter_news_final,qwen3:8b,N04,Relevance and information increment,4,1,5,0.2,75.0,15.0,NEWS_P001,"PETALING JAYA: Investors will likely demand a higher risk premium for PPB Group Bhd after its associate company, Wilmar International Ltd, revealed that its subsidiaries were charged by the Attorney General’s Office (AGO",model,"The article provides specific details about a legal case in Indonesia affecting PPB's risk premium, which adds substantive information beyond generic market noise.",,2026-07-01T08:44:31+00:00,2026-07-01T08:44:33+00:00,2026-06-15,qwen3:8b,ollama,0.0,42,4096,192,false,false,ollama_format_schema,news_single_dimension_v3_strict_calibration,2026-07-01T08:44:31+00:00,05_raw_model_outputs/news_final_full/NEWS_PPB_2025_06_19_a37ef2f9bf_N04_raw.json,,parsed,valid
NEWS_PPB_2025_06_19_a37ef2f9bf_N05,NEWS_PPB_2025_06_19_a37ef2f9bf,news,news_quality,news_general_quality,filter_news_final,qwen3:8b,N05,Expression clarity and headline fit,5,1,5,0.1,100.0,10.0,NEWS_P001,"PETALING JAYA: Investors will likely demand a higher risk premium for PPB Group Bhd after its associate company, Wilmar International Ltd, revealed that its subsidiaries were charged by the Attorney General’s Office (AGO",model,"Headline clearly reflects the legal case in Indonesia impacting PPB's risk premium, with article body providing detailed context and supporting the headline.",,2026-07-01T08:44:33+00:00,2026-07-01T08:44:36+00:00,2026-06-15,qwen3:8b,ollama,0.0,42,4096,192,false,false,ollama_format_schema,news_single_dimension_v3_strict_calibration,2026-07-01T08:44:33+00:00,05_raw_model_outputs/news_final_full/NEWS_PPB_2025_06_19_a37ef2f9bf_N05_raw.json,,parsed,valid
NEWS_PPB_2025_05_29_e6341f2fd8_N01,NEWS_PPB_2025_05_29_e6341f2fd8,news,news_quality,news_general_quality,filter_news_final,qwen3:8b,N01,Factual accuracy and internal consistency,4,1,5,0.3,75.0,22.5,NEWS_P001,"KUALA LUMPUR: PPB Group Bhd ’s net profit rose to RM375.83mil in the first quarter ended March 31, 2025 (1Q25) from RM337.17mil in 1Q24, while its revenue also increased to RM1.35bil from RM1.29bil previously. In a filin",model,"The article provides specific figures and attributes the profit increase to Wilmar International Ltd with verifiable data, showing internal consistency and factual claims.",,2026-07-01T08:44:36+00:00,2026-07-01T08:44:39+00:00,2026-06-15,qwen3:8b,ollama,0.0,42,4096,192,false,false,ollama_format_schema,news_single_dimension_v3_strict_calibration,2026-07-01T08:44:36+00:00,05_raw_model_outputs/news_final_full/NEWS_PPB_2025_05_29_e6341f2fd8_N01_raw.json,,parsed,valid
NEWS_PPB_2025_05_29_e6341f2fd8_N02,NEWS_PPB_2025_05_29_e6341f2fd8,news,news_quality,news_general_quality,filter_news_final,qwen3:8b,N02,Source transparency and verifiability,4,1,5,0.25,75.0,18.75,NEWS_P001,"KUALA LUMPUR: PPB Group Bhd ’s net profit rose to RM375.83mil in the first quarter ended March 31, 2025 (1Q25) from RM337.17mil in 1Q24, while its revenue also increased to RM1.35bil from RM1.29bil previously. In a filin",model,"The article provides verifiable financial figures and references a filing with Bursa Malaysia, supporting source transparency.",,2026-07-01T08:44:39+00:00,2026-07-01T08:44:40+00:00,2026-06-15,qwen3:8b,ollama,0.0,42,4096,192,false,false,ollama_format_schema,news_single_dimension_v3_strict_calibration,2026-07-01T08:44:39+00:00,05_raw_model_outputs/news_final_full/NEWS_PPB_2025_05_29_e6341f2fd8_N02_raw.json,,parsed,valid
NEWS_PPB_2025_05_29_e6341f2fd8_N03,NEWS_PPB_2025_05_29_e6341f2fd8,news,news_quality,news_general_quality,filter_news_final,qwen3:8b,N03,Balance and objectivity,3,1,5,0.15,50.0,7.5,NEWS_P001,"KUALA LUMPUR: PPB Group Bhd ’s net profit rose to RM375.83mil in the first quarter ended March 31, 2025 (1Q25) from RM337.17mil in 1Q24, while its revenue also increased to RM1.35bil from RM1.29bil previously. In a filin",model,"The article presents PPB's financial results without critical analysis or alternative perspectives, lacking balanced treatment of claims.",,2026-07-01T08:44:40+00:00,2026-07-01T08:44:42+00:00,2026-06-15,qwen3:8b,ollama,0.0,42,4096,192,false,false,ollama_format_schema,news_single_dimension_v3_strict_calibration,2026-07-01T08:44:40+00:00,05_raw_model_outputs/news_final_full/NEWS_PPB_2025_05_29_e6341f2fd8_N03_raw.json,,parsed,valid
NEWS_PPB_2025_05_29_e6341f2fd8_N04,NEWS_PPB_2025_05_29_e6341f2fd8,news,news_quality,news_general_quality,filter_news_final,qwen3:8b,N04,Relevance and information increment,3,1,5,0.2,50.0,10.0,NEWS_P001,"KUALA LUMPUR: PPB Group Bhd ’s net profit rose to RM375.83mil in the first quarter ended March 31, 2025 (1Q25) from RM337.17mil in 1Q24, while its revenue also increased to RM1.35bil from RM1.29bil previously. In a filin",model,"Provides specific financial figures and mentions Wilmar International Ltd, adding substance beyond generic market noise.",,2026-07-01T08:44:42+00:00,2026-07-01T08:44:44+00:00,2026-06-15,qwen3:8b,ollama,0.0,42,4096,192,false,false,ollama_format_schema,news_single_dimension_v3_strict_calibration,2026-07-01T08:44:42+00:00,05_raw_model_outputs/news_final_full/NEWS_PPB_2025_05_29_e6341f2fd8_N04_raw.json,,parsed,valid
NEWS_PPB_2025_05_29_e6341f2fd8_N05,NEWS_PPB_2025_05_29_e6341f2fd8,news,news_quality,news_general_quality,filter_news_final,qwen3:8b,N05,Expression clarity and headline fit,5,1,5,0.1,100.0,10.0,NEWS_P001,"KUALA LUMPUR: PPB Group Bhd ’s net profit rose to RM375.83mil in the first quarter ended March 31, 2025 (1Q25) from RM337.17mil in 1Q24, while its revenue also increased to RM1.35bil from RM1.29bil previously. In a filin",model,Headline clearly reflects the article's content on higher net profit and provides verifiable data with specific figures and sources.,,2026-07-01T08:44:44+00:00,2026-07-01T08:44:46+00:00,2026-06-15,qwen3:8b,ollama,0.0,42,4096,192,false,false,ollama_format_schema,news_single_dimension_v3_strict_calibration,2026-07-01T08:44:44+00:00,05_raw_model_outputs/news_final_full/NEWS_PPB_2025_05_29_e6341f2fd8_N05_raw.json,,parsed,valid
NEWS_PPB_2025_03_06_130c19688a_N01,NEWS_PPB_2025_03_06_130c19688a,news,news_quality,news_general_quality,filter_news_final,qwen3:8b,N01,Factual accuracy and internal consistency,4,1,5,0.3,75.0,22.5,NEWS_P001,"KUALA LUMPUR: PPB Group Bhd anticipates its core business segment, grains and agribusiness, will continue to perform satisfactorily in 2025, bolstered by the group’s expertise in grain sourcing and technical capabilities",model,"The article provides internal consistency with factual claims about PPB's performance, challenges, and strategies, supported by metadata and quotes from the managing director.",,2026-07-01T08:44:46+00:00,2026-07-01T08:44:49+00:00,2026-06-15,qwen3:8b,ollama,0.0,42,4096,192,false,false,ollama_format_schema,news_single_dimension_v3_strict_calibration,2026-07-01T08:44:46+00:00,05_raw_model_outputs/news_final_full/NEWS_PPB_2025_03_06_130c19688a_N01_raw.json,,parsed,valid
NEWS_PPB_2025_03_06_130c19688a_N02,NEWS_PPB_2025_03_06_130c19688a,news,news_quality,news_general_quality,filter_news_final,qwen3:8b,N02,Source transparency and verifiability,4,1,5,0.25,75.0,18.75,NEWS_P001,"KUALA LUMPUR: PPB Group Bhd anticipates its core business segment, grains and agribusiness, will continue to perform satisfactorily in 2025, bolstered by the group’s expertise in grain sourcing and technical capabilities",model,"The article attributes statements to PPB Group's managing director and provides context about the company's business segments and challenges, showing clear source attribution and verifiable details.",,2026-07-01T08:44:49+00:00,2026-07-01T08:44:52+00:00,2026-06-15,qwen3:8b,ollama,0.0,42,4096,192,false,false,ollama_format_schema,news_single_dimension_v3_strict_calibration,2026-07-01T08:44:49+00:00,05_raw_model_outputs/news_final_full/NEWS_PPB_2025_03_06_130c19688a_N02_raw.json,,parsed,valid
NEWS_PPB_2025_03_06_130c19688a_N03,NEWS_PPB_2025_03_06_130c19688a,news,news_quality,news_general_quality,filter_news_final,qwen3:8b,N03,Balance and objectivity,3,1,5,0.15,50.0,7.5,NEWS_P001,"KUALA LUMPUR: PPB Group Bhd anticipates its core business segment, grains and agribusiness, will continue to perform satisfactorily in 2025, bolstered by the group’s expertise in grain sourcing and technical capabilities",model,"The article presents PPB Group's expectations and strategies without critical analysis or external perspectives, lacking balanced treatment of claims.",,2026-07-01T08:44:52+00:00,2026-07-01T08:44:54+00:00,2026-06-15,qwen3:8b,ollama,0.0,42,4096,192,false,false,ollama_format_schema,news_single_dimension_v3_strict_calibration,2026-07-01T08:44:52+00:00,05_raw_model_outputs/news_final_full/NEWS_PPB_2025_03_06_130c19688a_N03_raw.json,,parsed,valid
NEWS_PPB_2025_03_06_130c19688a_N04,NEWS_PPB_2025_03_06_130c19688a,news,news_quality,news_general_quality,filter_news_final,qwen3:8b,N04,Relevance and information increment,4,1,5,0.2,75.0,15.0,NEWS_P001,"KUALA LUMPUR: PPB Group Bhd anticipates its core business segment, grains and agribusiness, will continue to perform satisfactorily in 2025, bolstered by the group’s expertise in grain sourcing and technical capabilities",model,"The article provides specific details about PPB Group's business strategies, challenges, and operational plans, which add substantive information beyond generic market noise.",,2026-07-01T08:44:54+00:00,2026-07-01T08:44:57+00:00,2026-06-15,qwen3:8b,ollama,0.0,42,4096,192,false,false,ollama_format_schema,news_single_dimension_v3_strict_calibration,2026-07-01T08:44:54+00:00,05_raw_model_outputs/news_final_full/NEWS_PPB_2025_03_06_130c19688a_N04_raw.json,,parsed,valid
NEWS_PPB_2025_03_06_130c19688a_N05,NEWS_PPB_2025_03_06_130c19688a,news,news_quality,news_general_quality,filter_news_final,qwen3:8b,N05,Expression clarity and headline fit,5,1,5,0.1,100.0,10.0,TITLE,PPB Group expects sound performance in 2025,model,"Headline clearly reflects the article's focus on PPB Group's performance expectations for 2025, with clear and concise expression.",,2026-07-01T08:44:57+00:00,2026-07-01T08:45:00+00:00,2026-06-15,qwen3:8b,ollama,0.0,42,4096,192,false,false,ollama_format_schema,news_single_dimension_v3_strict_calibration,2026-07-01T08:44:57+00:00,05_raw_model_outputs/news_final_full/NEWS_PPB_2025_03_06_130c19688a_N05_raw.json,,parsed,valid
NEWS_PPB_2025_03_05_270cb8e52d_N01,NEWS_PPB_2025_03_05_270cb8e52d,news,news_quality,news_general_quality,filter_news_final,qwen3:8b,N01,Factual accuracy and internal consistency,3,1,5,0.3,50.0,15.0,NEWS_P001,"KUALA LUMPUR: PPB Group Bhd anticipates its core business segment, grains and agribusiness, will continue to perform satisfactorily in 2025, bolstered by the group’s expertise in grain sourcing and technical capabilities",model,"The article provides internal consistency with statements from the managing director and aligns with financial data, but lacks third-party verification and detailed specifics on performance metrics.",,2026-07-01T08:45:00+00:00,2026-07-01T08:45:03+00:00,2026-06-15,qwen3:8b,ollama,0.0,42,4096,192,false,false,ollama_format_schema,news_single_dimension_v3_strict_calibration,2026-07-01T08:45:00+00:00,05_raw_model_outputs/news_final_full/NEWS_PPB_2025_03_05_270cb8e52d_N01_raw.json,,parsed,valid
NEWS_PPB_2025_03_05_270cb8e52d_N02,NEWS_PPB_2025_03_05_270cb8e52d,news,news_quality,news_general_quality,filter_news_final,qwen3:8b,N02,Source transparency and verifiability,3,1,5,0.25,50.0,12.5,NEWS_P001,"KUALA LUMPUR: PPB Group Bhd anticipates its core business segment, grains and agribusiness, will continue to perform satisfactorily in 2025, bolstered by the group’s expertise in grain sourcing and technical capabilities",model,"The article provides direct quotes from the Group Managing Director and mentions specific strategies and challenges, but lacks third-party verification or official sources for the claims.",,2026-07-01T08:45:03+00:00,2026-07-01T08:45:05+00:00,2026-06-15,qwen3:8b,ollama,0.0,42,4096,192,false,false,ollama_format_schema,news_single_dimension_v3_strict_calibration,2026-07-01T08:45:03+00:00,05_raw_model_outputs/news_final_full/NEWS_PPB_2025_03_05_270cb8e52d_N02_raw.json,,parsed,valid
NEWS_PPB_2025_03_05_270cb8e52d_N03,NEWS_PPB_2025_03_05_270cb8e52d,news,news_quality,news_general_quality,filter_news_final,qwen3:8b,N03,Balance and objectivity,3,1,5,0.15,50.0,7.5,NEWS_P001,"KUALA LUMPUR: PPB Group Bhd anticipates its core business segment, grains and agribusiness, will continue to perform satisfactorily in 2025, bolstered by the group’s expertise in grain sourcing and technical capabilities",model,"The article presents PPB Group's expectations and strategies without critical analysis or opposing viewpoints, lacking balanced treatment of claims.",,2026-07-01T08:45:05+00:00,2026-07-01T08:45:08+00:00,2026-06-15,qwen3:8b,ollama,0.0,42,4096,192,false,false,ollama_format_schema,news_single_dimension_v3_strict_calibration,2026-07-01T08:45:05+00:00,05_raw_model_outputs/news_final_full/NEWS_PPB_2025_03_05_270cb8e52d_N03_raw.json,,parsed,valid
NEWS_PPB_2025_03_05_270cb8e52d_N04,NEWS_PPB_2025_03_05_270cb8e52d,news,news_quality,news_general_quality,filter_news_final,qwen3:8b,N04,Relevance and information increment,3,1,5,0.2,50.0,10.0,NEWS_P001,"KUALA LUMPUR: PPB Group Bhd anticipates its core business segment, grains and agribusiness, will continue to perform satisfactorily in 2025, bolstered by the group’s expertise in grain sourcing and technical capabilities",model,"The article provides specific details about PPB Group's core business, challenges, and strategies, which add substance beyond generic market noise.",,2026-07-01T08:45:08+00:00,2026-07-01T08:45:11+00:00,2026-06-15,qwen3:8b,ollama,0.0,42,4096,192,false,false,ollama_format_schema,news_single_dimension_v3_strict_calibration,2026-07-01T08:45:08+00:00,05_raw_model_outputs/news_final_full/NEWS_PPB_2025_03_05_270cb8e52d_N04_raw.json,,parsed,valid
NEWS_PPB_2025_03_05_270cb8e52d_N05,NEWS_PPB_2025_03_05_270cb8e52d,news,news_quality,news_general_quality,filter_news_final,qwen3:8b,N05,Expression clarity and headline fit,4,1,5,0.1,75.0,7.5,TITLE,PPB Group expects core business to continue delivering satisfactory performance in 2025,model,"Headline clearly reflects the article's focus on PPB's expectations for core business performance in 2025, with clear and concise language.",,2026-07-01T08:45:11+00:00,2026-07-01T08:45:14+00:00,2026-06-15,qwen3:8b,ollama,0.0,42,4096,192,false,false,ollama_format_schema,news_single_dimension_v3_strict_calibration,2026-07-01T08:45:11+00:00,05_raw_model_outputs/news_final_full/NEWS_PPB_2025_03_05_270cb8e52d_N05_raw.json,,parsed,valid
NEWS_PPB_2025_02_12_81559aea86_N01,NEWS_PPB_2025_02_12_81559aea86,news,news_quality,news_general_quality,filter_news_final,qwen3:8b,N01,Factual accuracy and internal consistency,4,1,5,0.3,75.0,22.5,NEWS_P001,"PETALING JAYA: The earnings for Singapore-listed Wilmar International Ltd in the fourth quarter of 2024 (4Q24) may come in below expectations, analysts say. UOB Kay Hian Research (UOBKH Research) said the agribusiness gr",model,"The article provides consistent and verifiable financial projections and details about Wilmar's acquisition of AWL, including specific figures and conditions met, showing internal coherence.",,2026-07-01T08:45:14+00:00,2026-07-01T08:45:18+00:00,2026-06-15,qwen3:8b,ollama,0.0,42,4096,192,false,false,ollama_format_schema,news_single_dimension_v3_strict_calibration,2026-07-01T08:45:14+00:00,05_raw_model_outputs/news_final_full/NEWS_PPB_2025_02_12_81559aea86_N01_raw.json,,parsed,valid
NEWS_PPB_2025_02_12_81559aea86_N02,NEWS_PPB_2025_02_12_81559aea86,news,news_quality,news_general_quality,filter_news_final,qwen3:8b,N02,Source transparency and verifiability,4,1,5,0.25,75.0,18.75,NEWS_P001,"PETALING JAYA: The earnings for Singapore-listed Wilmar International Ltd in the fourth quarter of 2024 (4Q24) may come in below expectations, analysts say. UOB Kay Hian Research (UOBKH Research) said the agribusiness gr",model,Clear attribution to UOBKH Research with verifiable financial projections and conditions for the acquisition.,,2026-07-01T08:45:18+00:00,2026-07-01T08:45:22+00:00,2026-06-15,qwen3:8b,ollama,0.0,42,4096,192,false,false,ollama_format_schema,news_single_dimension_v3_strict_calibration,2026-07-01T08:45:18+00:00,05_raw_model_outputs/news_final_full/NEWS_PPB_2025_02_12_81559aea86_N02_raw.json,,parsed,valid
NEWS_PPB_2025_02_12_81559aea86_N03,NEWS_PPB_2025_02_12_81559aea86,news,news_quality,news_general_quality,filter_news_final,qwen3:8b,N03,Balance and objectivity,3,1,5,0.15,50.0,7.5,NEWS_P001,"PETALING JAYA: The earnings for Singapore-listed Wilmar International Ltd in the fourth quarter of 2024 (4Q24) may come in below expectations, analysts say. UOB Kay Hian Research (UOBKH Research) said the agribusiness gr",model,"The article presents Wilmar's acquisition in a positive light without significant counterpoints or balanced perspectives, lacking neutral wording and balanced treatment of claims.",,2026-07-01T08:45:22+00:00,2026-07-01T08:45:25+00:00,2026-06-15,qwen3:8b,ollama,0.0,42,4096,192,false,false,ollama_format_schema,news_single_dimension_v3_strict_calibration,2026-07-01T08:45:22+00:00,05_raw_model_outputs/news_final_full/NEWS_PPB_2025_02_12_81559aea86_N03_raw.json,,parsed,valid
NEWS_PPB_2025_02_12_81559aea86_N04,NEWS_PPB_2025_02_12_81559aea86,news,news_quality,news_general_quality,filter_news_final,qwen3:8b,N04,Relevance and information increment,3,1,5,0.2,50.0,10.0,NEWS_P001,"PETALING JAYA: The earnings for Singapore-listed Wilmar International Ltd in the fourth quarter of 2024 (4Q24) may come in below expectations, analysts say. UOB Kay Hian Research (UOBKH Research) said the agribusiness gr",model,"The article provides specific details about Wilmar's acquisition of AWL, including regulatory requirements and financial terms, which adds relevant information beyond generic market noise.",,2026-07-01T08:45:25+00:00,2026-07-01T08:45:29+00:00,2026-06-15,qwen3:8b,ollama,0.0,42,4096,192,false,false,ollama_format_schema,news_single_dimension_v3_strict_calibration,2026-07-01T08:45:25+00:00,05_raw_model_outputs/news_final_full/NEWS_PPB_2025_02_12_81559aea86_N04_raw.json,,parsed,valid
NEWS_PPB_2025_02_12_81559aea86_N05,NEWS_PPB_2025_02_12_81559aea86,news,news_quality,news_general_quality,filter_news_final,qwen3:8b,N05,Expression clarity and headline fit,4,1,5,0.1,75.0,7.5,NEWS_P001,"PETALING JAYA: The earnings for Singapore-listed Wilmar International Ltd in the fourth quarter of 2024 (4Q24) may come in below expectations, analysts say. UOB Kay Hian Research (UOBKH Research) said the agribusiness gr",model,"Headline clearly references the acquisition and its impact on earnings, aligning with the article's focus on Wilmar's financial outlook and strategic moves.",,2026-07-01T08:45:29+00:00,2026-07-01T08:45:33+00:00,2026-06-15,qwen3:8b,ollama,0.0,42,4096,192,false,false,ollama_format_schema,news_single_dimension_v3_strict_calibration,2026-07-01T08:45:29+00:00,05_raw_model_outputs/news_final_full/NEWS_PPB_2025_02_12_81559aea86_N05_raw.json,,parsed,valid
NEWS_PPB_2024_11_28_542e8052de_N01,NEWS_PPB_2024_11_28_542e8052de,news,news_quality,news_general_quality,filter_news_final,qwen3:8b,N01,Factual accuracy and internal consistency,4,1,5,0.3,75.0,22.5,NEWS_P001,"KUALA LUMPUR: PPB Group Bhd ’s net profit fell to RM208.12 million in the third quarter ended Sept 30, 2024 (3Q 2024), from RM372.56 million posted in the same quarter last year. Revenue decreased to RM1.35 billion again",model,"The article provides clear, consistent financial figures and explains the reasons for the profit decline, including specific factors like the divestiture of Indonesian flour operations and lower contributions from Wilmar International Ltd.",,2026-07-01T08:45:33+00:00,2026-07-01T08:45:36+00:00,2026-06-15,qwen3:8b,ollama,0.0,42,4096,192,false,false,ollama_format_schema,news_single_dimension_v3_strict_calibration,2026-07-01T08:45:33+00:00,05_raw_model_outputs/news_final_full/NEWS_PPB_2024_11_28_542e8052de_N01_raw.json,,parsed,valid
NEWS_PPB_2024_11_28_542e8052de_N02,NEWS_PPB_2024_11_28_542e8052de,news,news_quality,news_general_quality,filter_news_final,qwen3:8b,N02,Source transparency and verifiability,4,1,5,0.25,75.0,18.75,NEWS_P001,"KUALA LUMPUR: PPB Group Bhd ’s net profit fell to RM208.12 million in the third quarter ended Sept 30, 2024 (3Q 2024), from RM372.56 million posted in the same quarter last year. Revenue decreased to RM1.35 billion again",model,"The article provides verifiable financial data from a filing with Bursa Malaysia and includes specific reasons for the profit decline, enhancing source transparency.",,2026-07-01T08:45:36+00:00,2026-07-01T08:45:39+00:00,2026-06-15,qwen3:8b,ollama,0.0,42,4096,192,false,false,ollama_format_schema,news_single_dimension_v3_strict_calibration,2026-07-01T08:45:36+00:00,05_raw_model_outputs/news_final_full/NEWS_PPB_2024_11_28_542e8052de_N02_raw.json,,parsed,valid
NEWS_PPB_2024_11_28_542e8052de_N03,NEWS_PPB_2024_11_28_542e8052de,news,news_quality,news_general_quality,filter_news_final,qwen3:8b,N03,Balance and objectivity,3,1,5,0.15,50.0,7.5,NEWS_P001,"KUALA LUMPUR: PPB Group Bhd ’s net profit fell to RM208.12 million in the third quarter ended Sept 30, 2024 (3Q 2024), from RM372.56 million posted in the same quarter last year. Revenue decreased to RM1.35 billion again",model,"The article presents factual data on PPB's financial performance without overt bias, but lacks independent analysis or contrasting viewpoints, resulting in a basic balance.",,2026-07-01T08:45:39+00:00,2026-07-01T08:45:42+00:00,2026-06-15,qwen3:8b,ollama,0.0,42,4096,192,false,false,ollama_format_schema,news_single_dimension_v3_strict_calibration,2026-07-01T08:45:39+00:00,05_raw_model_outputs/news_final_full/NEWS_PPB_2024_11_28_542e8052de_N03_raw.json,,parsed,valid
NEWS_PPB_2024_11_28_542e8052de_N04,NEWS_PPB_2024_11_28_542e8052de,news,news_quality,news_general_quality,filter_news_final,qwen3:8b,N04,Relevance and information increment,3,1,5,0.2,50.0,10.0,NEWS_P001,"KUALA LUMPUR: PPB Group Bhd ’s net profit fell to RM208.12 million in the third quarter ended Sept 30, 2024 (3Q 2024), from RM372.56 million posted in the same quarter last year. Revenue decreased to RM1.35 billion again",model,"The article provides specific financial figures and reasons for the decline in profit, including the impact of divesting Indonesian flour operations and lower contributions from Wilmar International Ltd, which adds relevant business information beyond generic market noise.",,2026-07-01T08:45:42+00:00,2026-07-01T08:45:45+00:00,2026-06-15,qwen3:8b,ollama,0.0,42,4096,192,false,false,ollama_format_schema,news_single_dimension_v3_strict_calibration,2026-07-01T08:45:42+00:00,05_raw_model_outputs/news_final_full/NEWS_PPB_2024_11_28_542e8052de_N04_raw.json,,parsed,valid
NEWS_PPB_2024_11_28_542e8052de_N05,NEWS_PPB_2024_11_28_542e8052de,news,news_quality,news_general_quality,filter_news_final,qwen3:8b,N05,Expression clarity and headline fit,5,1,5,0.1,100.0,10.0,NEWS_P001,"KUALA LUMPUR: PPB Group Bhd ’s net profit fell to RM208.12 million in the third quarter ended Sept 30, 2024 (3Q 2024), from RM372.56 million posted in the same quarter last year. Revenue decreased to RM1.35 billion again",model,"Headline clearly states the key financial result, and the article body provides precise details supporting the headline with verifiable data.",,2026-07-01T08:45:45+00:00,2026-07-01T08:45:47+00:00,2026-06-15,qwen3:8b,ollama,0.0,42,4096,192,false,false,ollama_format_schema,news_single_dimension_v3_strict_calibration,2026-07-01T08:45:45+00:00,05_raw_model_outputs/news_final_full/NEWS_PPB_2024_11_28_542e8052de_N05_raw.json,,parsed,valid
NEWS_PPB_2024_09_06_37ef99cc5c_N01,NEWS_PPB_2024_09_06_37ef99cc5c,news,news_quality,news_general_quality,filter_news_final,qwen3:8b,N01,Factual accuracy and internal consistency,4,1,5,0.3,75.0,22.5,NEWS_P001,"KUALA LUMPUR: Plantation companies are expected to see steady performance for the second half of 2024 amid stable crude palm oil (CPO) prices through the year. According to MIDF Research, the CPO price is expected to ave",model,"The article provides internal consistency with factual claims about CPO prices, sector performance, and risks, though some details like specific company performance may lack independent verification.",,2026-07-01T08:45:47+00:00,2026-07-01T08:45:51+00:00,2026-06-15,qwen3:8b,ollama,0.0,42,4096,192,false,false,ollama_format_schema,news_single_dimension_v3_strict_calibration,2026-07-01T08:45:47+00:00,05_raw_model_outputs/news_final_full/NEWS_PPB_2024_09_06_37ef99cc5c_N01_raw.json,,parsed,valid
NEWS_PPB_2024_09_06_37ef99cc5c_N02,NEWS_PPB_2024_09_06_37ef99cc5c,news,news_quality,news_general_quality,filter_news_final,qwen3:8b,N02,Source transparency and verifiability,4,1,5,0.25,75.0,18.75,NEWS_P001,"KUALA LUMPUR: Plantation companies are expected to see steady performance for the second half of 2024 amid stable crude palm oil (CPO) prices through the year. According to MIDF Research, the CPO price is expected to ave",model,"The article cites MIDF Research as a source and provides verifiable data on CPO prices and sector performance, though it lacks independent third-party verification or official announcements.",,2026-07-01T08:45:51+00:00,2026-07-01T08:45:55+00:00,2026-06-15,qwen3:8b,ollama,0.0,42,4096,192,false,false,ollama_format_schema,news_single_dimension_v3_strict_calibration,2026-07-01T08:45:51+00:00,05_raw_model_outputs/news_final_full/NEWS_PPB_2024_09_06_37ef99cc5c_N02_raw.json,,parsed,valid
NEWS_PPB_2024_09_06_37ef99cc5c_N03,NEWS_PPB_2024_09_06_37ef99cc5c,news,news_quality,news_general_quality,filter_news_final,qwen3:8b,N03,Balance and objectivity,4,1,5,0.15,75.0,11.25,NEWS_P001,"KUALA LUMPUR: Plantation companies are expected to see steady performance for the second half of 2024 amid stable crude palm oil (CPO) prices through the year. According to MIDF Research, the CPO price is expected to ave",model,"The article presents a balanced view by acknowledging both positive outlooks and potential risks for plantation companies, including neutral language and diverse perspectives from MIDF Research.",,2026-07-01T08:45:55+00:00,2026-07-01T08:45:58+00:00,2026-06-15,qwen3:8b,ollama,0.0,42,4096,192,false,false,ollama_format_schema,news_single_dimension_v3_strict_calibration,2026-07-01T08:45:55+00:00,05_raw_model_outputs/news_final_full/NEWS_PPB_2024_09_06_37ef99cc5c_N03_raw.json,,parsed,valid
NEWS_PPB_2024_09_06_37ef99cc5c_N04,NEWS_PPB_2024_09_06_37ef99cc5c,news,news_quality,news_general_quality,filter_news_final,qwen3:8b,N04,Relevance and information increment,4,1,5,0.2,75.0,15.0,NEWS_P001,"KUALA LUMPUR: Plantation companies are expected to see steady performance for the second half of 2024 amid stable crude palm oil (CPO) prices through the year. According to MIDF Research, the CPO price is expected to ave",model,"The article provides specific analysis on CPO prices, production costs, and sector risks, offering relevant insights beyond generic market noise.",,2026-07-01T08:45:58+00:00,2026-07-01T08:46:01+00:00,2026-06-15,qwen3:8b,ollama,0.0,42,4096,192,false,false,ollama_format_schema,news_single_dimension_v3_strict_calibration,2026-07-01T08:45:58+00:00,05_raw_model_outputs/news_final_full/NEWS_PPB_2024_09_06_37ef99cc5c_N04_raw.json,,parsed,valid
NEWS_PPB_2024_09_06_37ef99cc5c_N05,NEWS_PPB_2024_09_06_37ef99cc5c,news,news_quality,news_general_quality,filter_news_final,qwen3:8b,N05,Expression clarity and headline fit,4,1,5,0.1,75.0,7.5,TITLE,Better prospects for plantation companies in 2H24,model,"Headline clearly reflects the article's focus on improved prospects for plantation companies in the second half of 2024, with supporting details in the body.",,2026-07-01T08:46:01+00:00,2026-07-01T08:46:05+00:00,2026-06-15,qwen3:8b,ollama,0.0,42,4096,192,false,false,ollama_format_schema,news_single_dimension_v3_strict_calibration,2026-07-01T08:46:01+00:00,05_raw_model_outputs/news_final_full/NEWS_PPB_2024_09_06_37ef99cc5c_N05_raw.json,,parsed,valid
NEWS_PPB_2024_09_06_c0abc7d33f_N01,NEWS_PPB_2024_09_06_c0abc7d33f,news,news_quality,news_general_quality,filter_news_final,qwen3:8b,N01,Factual accuracy and internal consistency,4,1,5,0.3,75.0,22.5,NEWS_P001,KUALA LUMPUR: PPB Group Bhd does not expect the high operational costs which impacted its consumer product segment in the first half of 2024 (1H24) to persist into 2H24. The consumer product segment was one of the two di,model,"The article provides clear, consistent factual claims about PPB's consumer product segment performance, including specific figures and reasons for the decline and expected uptick.",,2026-07-01T08:46:05+00:00,2026-07-01T08:46:09+00:00,2026-06-15,qwen3:8b,ollama,0.0,42,4096,192,false,false,ollama_format_schema,news_single_dimension_v3_strict_calibration,2026-07-01T08:46:05+00:00,05_raw_model_outputs/news_final_full/NEWS_PPB_2024_09_06_c0abc7d33f_N01_raw.json,,parsed,valid
NEWS_PPB_2024_09_06_c0abc7d33f_N02,NEWS_PPB_2024_09_06_c0abc7d33f,news,news_quality,news_general_quality,filter_news_final,qwen3:8b,N02,Source transparency and verifiability,4,1,5,0.25,75.0,18.75,NEWS_P001,KUALA LUMPUR: PPB Group Bhd does not expect the high operational costs which impacted its consumer product segment in the first half of 2024 (1H24) to persist into 2H24. The consumer product segment was one of the two di,model,Clear attribution to PPB Group and verifiable financial data provided.,,2026-07-01T08:46:09+00:00,2026-07-01T08:46:12+00:00,2026-06-15,qwen3:8b,ollama,0.0,42,4096,192,false,false,ollama_format_schema,news_single_dimension_v3_strict_calibration,2026-07-01T08:46:09+00:00,05_raw_model_outputs/news_final_full/NEWS_PPB_2024_09_06_c0abc7d33f_N02_raw.json,,parsed,valid
NEWS_PPB_2024_09_06_c0abc7d33f_N03,NEWS_PPB_2024_09_06_c0abc7d33f,news,news_quality,news_general_quality,filter_news_final,qwen3:8b,N03,Balance and objectivity,3,1,5,0.15,50.0,7.5,NEWS_P001,KUALA LUMPUR: PPB Group Bhd does not expect the high operational costs which impacted its consumer product segment in the first half of 2024 (1H24) to persist into 2H24. The consumer product segment was one of the two di,model,"The article presents PPB's expectations and statements without independent verification, lacks balanced perspectives, and is primarily promotional.",,2026-07-01T08:46:12+00:00,2026-07-01T08:46:15+00:00,2026-06-15,qwen3:8b,ollama,0.0,42,4096,192,false,false,ollama_format_schema,news_single_dimension_v3_strict_calibration,2026-07-01T08:46:12+00:00,05_raw_model_outputs/news_final_full/NEWS_PPB_2024_09_06_c0abc7d33f_N03_raw.json,,parsed,valid
NEWS_PPB_2024_09_06_c0abc7d33f_N04,NEWS_PPB_2024_09_06_c0abc7d33f,news,news_quality,news_general_quality,filter_news_final,qwen3:8b,N04,Relevance and information increment,3,1,5,0.2,50.0,10.0,NEWS_P001,KUALA LUMPUR: PPB Group Bhd does not expect the high operational costs which impacted its consumer product segment in the first half of 2024 (1H24) to persist into 2H24. The consumer product segment was one of the two di,model,"The article provides basic operational updates on the consumer product segment but lacks deeper analysis or specific data on performance drivers, making it somewhat generic.",,2026-07-01T08:46:15+00:00,2026-07-01T08:46:18+00:00,2026-06-15,qwen3:8b,ollama,0.0,42,4096,192,false,false,ollama_format_schema,news_single_dimension_v3_strict_calibration,2026-07-01T08:46:15+00:00,05_raw_model_outputs/news_final_full/NEWS_PPB_2024_09_06_c0abc7d33f_N04_raw.json,,parsed,valid
NEWS_PPB_2024_09_06_c0abc7d33f_N05,NEWS_PPB_2024_09_06_c0abc7d33f,news,news_quality,news_general_quality,filter_news_final,qwen3:8b,N05,Expression clarity and headline fit,4,1,5,0.1,75.0,7.5,TITLE,PPB expects uptick in consumer product ops,model,"Headline clearly reflects the article's focus on expected improvement in consumer product operations, with supporting details in the body.",,2026-07-01T08:46:18+00:00,2026-07-01T08:46:21+00:00,2026-06-15,qwen3:8b,ollama,0.0,42,4096,192,false,false,ollama_format_schema,news_single_dimension_v3_strict_calibration,2026-07-01T08:46:18+00:00,05_raw_model_outputs/news_final_full/NEWS_PPB_2024_09_06_c0abc7d33f_N05_raw.json,,parsed,valid
NEWS_PPB_2024_09_05_b64b39b6ec_N01,NEWS_PPB_2024_09_05_b64b39b6ec,news,news_quality,news_general_quality,filter_news_final,qwen3:8b,N01,Factual accuracy and internal consistency,4,1,5,0.3,75.0,22.5,NEWS_P001,"PETALING JAYA: Plantation companies posted a mixed bag of earnings results in the second quarter of financial year 2024 (2Q24) amid lower crude palm oil (CPO) prices and higher operating costs, say analysts. In its resul",model,"The article provides internal consistency with factual claims about plantation companies' earnings, mentioning specific companies and data points, though it lacks independent verification sources.",,2026-07-01T08:46:21+00:00,2026-07-01T08:46:26+00:00,2026-06-15,qwen3:8b,ollama,0.0,42,4096,192,false,false,ollama_format_schema,news_single_dimension_v3_strict_calibration,2026-07-01T08:46:21+00:00,05_raw_model_outputs/news_final_full/NEWS_PPB_2024_09_05_b64b39b6ec_N01_raw.json,,parsed,valid
NEWS_PPB_2024_09_05_b64b39b6ec_N02,NEWS_PPB_2024_09_05_b64b39b6ec,news,news_quality,news_general_quality,filter_news_final,qwen3:8b,N02,Source transparency and verifiability,4,1,5,0.25,75.0,18.75,NEWS_P001,"PETALING JAYA: Plantation companies posted a mixed bag of earnings results in the second quarter of financial year 2024 (2Q24) amid lower crude palm oil (CPO) prices and higher operating costs, say analysts. In its resul",model,Clear attribution to TA Research with verifiable data on earnings and production figures.,,2026-07-01T08:46:26+00:00,2026-07-01T08:46:30+00:00,2026-06-15,qwen3:8b,ollama,0.0,42,4096,192,false,false,ollama_format_schema,news_single_dimension_v3_strict_calibration,2026-07-01T08:46:26+00:00,05_raw_model_outputs/news_final_full/NEWS_PPB_2024_09_05_b64b39b6ec_N02_raw.json,,parsed,valid
NEWS_PPB_2024_09_05_b64b39b6ec_N03,NEWS_PPB_2024_09_05_b64b39b6ec,news,news_quality,news_general_quality,filter_news_final,qwen3:8b,N03,Balance and objectivity,4,1,5,0.15,75.0,11.25,NEWS_P001,"PETALING JAYA: Plantation companies posted a mixed bag of earnings results in the second quarter of financial year 2024 (2Q24) amid lower crude palm oil (CPO) prices and higher operating costs, say analysts. In its resul",model,"The article presents a balanced view of plantation companies' earnings, citing both positive and negative factors, including analyst perspectives and company-specific performance.",,2026-07-01T08:46:30+00:00,2026-07-01T08:46:34+00:00,2026-06-15,qwen3:8b,ollama,0.0,42,4096,192,false,false,ollama_format_schema,news_single_dimension_v3_strict_calibration,2026-07-01T08:46:30+00:00,05_raw_model_outputs/news_final_full/NEWS_PPB_2024_09_05_b64b39b6ec_N03_raw.json,,parsed,valid
NEWS_PPB_2024_09_05_b64b39b6ec_N04,NEWS_PPB_2024_09_05_b64b39b6ec,news,news_quality,news_general_quality,filter_news_final,qwen3:8b,N04,Relevance and information increment,3,1,5,0.2,50.0,10.0,NEWS_P001,"PETALING JAYA: Plantation companies posted a mixed bag of earnings results in the second quarter of financial year 2024 (2Q24) amid lower crude palm oil (CPO) prices and higher operating costs, say analysts. In its resul",model,"The article provides general industry trends and some company-specific data but lacks detailed information on PPB Group Berhad's performance, which is required for N04 relevance and information increment.",,2026-07-01T08:46:34+00:00,2026-07-01T08:46:38+00:00,2026-06-15,qwen3:8b,ollama,0.0,42,4096,192,false,false,ollama_format_schema,news_single_dimension_v3_strict_calibration,2026-07-01T08:46:34+00:00,05_raw_model_outputs/news_final_full/NEWS_PPB_2024_09_05_b64b39b6ec_N04_raw.json,,parsed,valid
NEWS_PPB_2024_09_05_b64b39b6ec_N05,NEWS_PPB_2024_09_05_b64b39b6ec,news,news_quality,news_general_quality,filter_news_final,qwen3:8b,N05,Expression clarity and headline fit,4,1,5,0.1,75.0,7.5,TITLE,Higher yearly earnings for plantation companies,model,"Headline clearly states the main topic of higher earnings, aligning with the article's focus on plantation companies' financial performance.",,2026-07-01T08:46:38+00:00,2026-07-01T08:46:42+00:00,2026-06-15,qwen3:8b,ollama,0.0,42,4096,192,false,false,ollama_format_schema,news_single_dimension_v3_strict_calibration,2026-07-01T08:46:38+00:00,05_raw_model_outputs/news_final_full/NEWS_PPB_2024_09_05_b64b39b6ec_N05_raw.json,,parsed,valid
NEWS_PPB_2024_08_30_013fe4fff4_N01,NEWS_PPB_2024_08_30_013fe4fff4,news,news_quality,news_general_quality,filter_news_final,qwen3:8b,N01,Factual accuracy and internal consistency,5,1,5,0.3,100.0,30.0,NEWS_P001,"KUALA LUMPUR: PPB Group Bhd ’s net profit for the second quarter ended June 30, 2024 (2Q24) increased to RM308.92mil against RM202.81mil in the same period last year. Revenue, however, fell to RM1.32bil from RM1.48bil pr",model,"The article provides clear, consistent factual data on earnings and revenue, with verifiable figures and explanations for changes, meeting the criteria for internal coherence and factual accuracy.",,2026-07-01T08:46:42+00:00,2026-07-01T08:46:45+00:00,2026-06-15,qwen3:8b,ollama,0.0,42,4096,192,false,false,ollama_format_schema,news_single_dimension_v3_strict_calibration,2026-07-01T08:46:42+00:00,05_raw_model_outputs/news_final_full/NEWS_PPB_2024_08_30_013fe4fff4_N01_raw.json,,parsed,valid
NEWS_PPB_2024_08_30_013fe4fff4_N02,NEWS_PPB_2024_08_30_013fe4fff4,news,news_quality,news_general_quality,filter_news_final,qwen3:8b,N02,Source transparency and verifiability,5,1,5,0.25,100.0,25.0,NEWS_P001,"KUALA LUMPUR: PPB Group Bhd ’s net profit for the second quarter ended June 30, 2024 (2Q24) increased to RM308.92mil against RM202.81mil in the same period last year. Revenue, however, fell to RM1.32bil from RM1.48bil pr",model,Clear attribution to Bursa Malaysia filing and verifiable financial data provided,,2026-07-01T08:46:45+00:00,2026-07-01T08:46:47+00:00,2026-06-15,qwen3:8b,ollama,0.0,42,4096,192,false,false,ollama_format_schema,news_single_dimension_v3_strict_calibration,2026-07-01T08:46:45+00:00,05_raw_model_outputs/news_final_full/NEWS_PPB_2024_08_30_013fe4fff4_N02_raw.json,,parsed,valid
NEWS_PPB_2024_08_30_013fe4fff4_N03,NEWS_PPB_2024_08_30_013fe4fff4,news,news_quality,news_general_quality,filter_news_final,qwen3:8b,N03,Balance and objectivity,4,1,5,0.15,75.0,11.25,NEWS_P001,"KUALA LUMPUR: PPB Group Bhd ’s net profit for the second quarter ended June 30, 2024 (2Q24) increased to RM308.92mil against RM202.81mil in the same period last year. Revenue, however, fell to RM1.32bil from RM1.48bil pr",model,"The article presents both revenue decline and profit increase, providing context for the figures, but lacks independent analysis or third-party perspectives.",,2026-07-01T08:46:47+00:00,2026-07-01T08:46:49+00:00,2026-06-15,qwen3:8b,ollama,0.0,42,4096,192,false,false,ollama_format_schema,news_single_dimension_v3_strict_calibration,2026-07-01T08:46:47+00:00,05_raw_model_outputs/news_final_full/NEWS_PPB_2024_08_30_013fe4fff4_N03_raw.json,,parsed,valid
NEWS_PPB_2024_08_30_013fe4fff4_N04,NEWS_PPB_2024_08_30_013fe4fff4,news,news_quality,news_general_quality,filter_news_final,qwen3:8b,N04,Relevance and information increment,4,1,5,0.2,75.0,15.0,NEWS_P001,"KUALA LUMPUR: PPB Group Bhd ’s net profit for the second quarter ended June 30, 2024 (2Q24) increased to RM308.92mil against RM202.81mil in the same period last year. Revenue, however, fell to RM1.32bil from RM1.48bil pr",model,"Provides specific financial figures and explains the reasons for revenue changes, adding relevant business context beyond generic market noise.",,2026-07-01T08:46:49+00:00,2026-07-01T08:46:52+00:00,2026-06-15,qwen3:8b,ollama,0.0,42,4096,192,false,false,ollama_format_schema,news_single_dimension_v3_strict_calibration,2026-07-01T08:46:49+00:00,05_raw_model_outputs/news_final_full/NEWS_PPB_2024_08_30_013fe4fff4_N04_raw.json,,parsed,valid
NEWS_PPB_2024_08_30_013fe4fff4_N05,NEWS_PPB_2024_08_30_013fe4fff4,news,news_quality,news_general_quality,filter_news_final,qwen3:8b,N05,Expression clarity and headline fit,5,1,5,0.1,100.0,10.0,NEWS_P001,"KUALA LUMPUR: PPB Group Bhd ’s net profit for the second quarter ended June 30, 2024 (2Q24) increased to RM308.92mil against RM202.81mil in the same period last year. Revenue, however, fell to RM1.32bil from RM1.48bil pr",model,"Headline clearly states the key financial result, and the article body provides precise figures and context, aligning well with the headline.",,2026-07-01T08:46:52+00:00,2026-07-01T08:46:54+00:00,2026-06-15,qwen3:8b,ollama,0.0,42,4096,192,false,false,ollama_format_schema,news_single_dimension_v3_strict_calibration,2026-07-01T08:46:52+00:00,05_raw_model_outputs/news_final_full/NEWS_PPB_2024_08_30_013fe4fff4_N05_raw.json,,parsed,valid
NEWS_PPB_2024_08_29_3b94579d0a_N01,NEWS_PPB_2024_08_29_3b94579d0a,news,news_quality,news_general_quality,filter_news_final,qwen3:8b,N01,Factual accuracy and internal consistency,5,1,5,0.3,100.0,30.0,NEWS_P001,"KUALA LUMPUR: PPB Group Bhd ’s net profit for the second quarter ended June 30, 2024 (2Q 2024) increased to RM308.919 million against RM202.814 million in the same period last year. Revenue, however, fell to RM1.319 bill",model,"The article provides clear, consistent financial figures and explains the reasons for changes in revenue and net profit, demonstrating internal coherence and factual precision.",,2026-07-01T08:46:54+00:00,2026-07-01T08:46:57+00:00,2026-06-15,qwen3:8b,ollama,0.0,42,4096,192,false,false,ollama_format_schema,news_single_dimension_v3_strict_calibration,2026-07-01T08:46:54+00:00,05_raw_model_outputs/news_final_full/NEWS_PPB_2024_08_29_3b94579d0a_N01_raw.json,,parsed,valid
NEWS_PPB_2024_08_29_3b94579d0a_N02,NEWS_PPB_2024_08_29_3b94579d0a,news,news_quality,news_general_quality,filter_news_final,qwen3:8b,N02,Source transparency and verifiability,4,1,5,0.25,75.0,18.75,NEWS_P001,"KUALA LUMPUR: PPB Group Bhd ’s net profit for the second quarter ended June 30, 2024 (2Q 2024) increased to RM308.919 million against RM202.814 million in the same period last year. Revenue, however, fell to RM1.319 bill",model,"The article provides verifiable financial data from a filing with Bursa Malaysia and includes specific figures and explanations for changes in profit and revenue, meeting the criteria for source transparency and verifiability.",,2026-07-01T08:46:57+00:00,2026-07-01T08:47:00+00:00,2026-06-15,qwen3:8b,ollama,0.0,42,4096,192,false,false,ollama_format_schema,news_single_dimension_v3_strict_calibration,2026-07-01T08:46:57+00:00,05_raw_model_outputs/news_final_full/NEWS_PPB_2024_08_29_3b94579d0a_N02_raw.json,,parsed,valid
NEWS_PPB_2024_08_29_3b94579d0a_N03,NEWS_PPB_2024_08_29_3b94579d0a,news,news_quality,news_general_quality,filter_news_final,qwen3:8b,N03,Balance and objectivity,4,1,5,0.15,75.0,11.25,NEWS_P001,"KUALA LUMPUR: PPB Group Bhd ’s net profit for the second quarter ended June 30, 2024 (2Q 2024) increased to RM308.919 million against RM202.814 million in the same period last year. Revenue, however, fell to RM1.319 bill",model,"The article presents both revenue decline and profit increase with neutral language, explaining the reasons for the changes, showing balance.",,2026-07-01T08:47:00+00:00,2026-07-01T08:47:02+00:00,2026-06-15,qwen3:8b,ollama,0.0,42,4096,192,false,false,ollama_format_schema,news_single_dimension_v3_strict_calibration,2026-07-01T08:47:00+00:00,05_raw_model_outputs/news_final_full/NEWS_PPB_2024_08_29_3b94579d0a_N03_raw.json,,parsed,valid
NEWS_PPB_2024_08_29_3b94579d0a_N04,NEWS_PPB_2024_08_29_3b94579d0a,news,news_quality,news_general_quality,filter_news_final,qwen3:8b,N04,Relevance and information increment,4,1,5,0.2,75.0,15.0,NEWS_P001,"KUALA LUMPUR: PPB Group Bhd ’s net profit for the second quarter ended June 30, 2024 (2Q 2024) increased to RM308.919 million against RM202.814 million in the same period last year. Revenue, however, fell to RM1.319 bill",model,"The article provides specific financial figures and explains the reasons behind the profit increase and revenue decline, adding relevant information beyond generic market noise.",,2026-07-01T08:47:02+00:00,2026-07-01T08:47:05+00:00,2026-06-15,qwen3:8b,ollama,0.0,42,4096,192,false,false,ollama_format_schema,news_single_dimension_v3_strict_calibration,2026-07-01T08:47:02+00:00,05_raw_model_outputs/news_final_full/NEWS_PPB_2024_08_29_3b94579d0a_N04_raw.json,,parsed,valid
NEWS_PPB_2024_08_29_3b94579d0a_N05,NEWS_PPB_2024_08_29_3b94579d0a,news,news_quality,news_general_quality,filter_news_final,qwen3:8b,N05,Expression clarity and headline fit,5,1,5,0.1,100.0,10.0,TITLE,PPB Group 2Q net profit higher at RM308.919mil,model,Headline clearly states the key financial result and aligns with the article's content on net profit increase and revenue details.,,2026-07-01T08:47:05+00:00,2026-07-01T08:47:07+00:00,2026-06-15,qwen3:8b,ollama,0.0,42,4096,192,false,false,ollama_format_schema,news_single_dimension_v3_strict_calibration,2026-07-01T08:47:05+00:00,05_raw_model_outputs/news_final_full/NEWS_PPB_2024_08_29_3b94579d0a_N05_raw.json,,parsed,valid
NEWS_PPB_2024_08_15_76917e3c4c_N01,NEWS_PPB_2024_08_15_76917e3c4c,news,news_quality,news_general_quality,filter_news_final,qwen3:8b,N01,Factual accuracy and internal consistency,4,1,5,0.3,75.0,22.5,NEWS_P001,"PETALING JAYA: PPB Group Bhd is likely to report softer earnings for the first half of this year (1H24) in line with the disappointing results from its 19%-owned associate, Wilmar International Ltd. Wilmar’s results came",model,"The article provides internal consistency with factual claims about PPB's earnings and Wilmar's performance, supported by specific figures and analysis.",,2026-07-01T08:47:07+00:00,2026-07-01T08:47:11+00:00,2026-06-15,qwen3:8b,ollama,0.0,42,4096,192,false,false,ollama_format_schema,news_single_dimension_v3_strict_calibration,2026-07-01T08:47:07+00:00,05_raw_model_outputs/news_final_full/NEWS_PPB_2024_08_15_76917e3c4c_N01_raw.json,,parsed,valid
NEWS_PPB_2024_08_15_76917e3c4c_N02,NEWS_PPB_2024_08_15_76917e3c4c,news,news_quality,news_general_quality,filter_news_final,qwen3:8b,N02,Source transparency and verifiability,4,1,5,0.25,75.0,18.75,NEWS_P001,"PETALING JAYA: PPB Group Bhd is likely to report softer earnings for the first half of this year (1H24) in line with the disappointing results from its 19%-owned associate, Wilmar International Ltd. Wilmar’s results came",model,"The article cites Wilmar International Ltd's results and provides verifiable data on earnings, including specific figures and comparisons to consensus forecasts, demonstrating source transparency and verifiability.",,2026-07-01T08:47:11+00:00,2026-07-01T08:47:15+00:00,2026-06-15,qwen3:8b,ollama,0.0,42,4096,192,false,false,ollama_format_schema,news_single_dimension_v3_strict_calibration,2026-07-01T08:47:11+00:00,05_raw_model_outputs/news_final_full/NEWS_PPB_2024_08_15_76917e3c4c_N02_raw.json,,parsed,valid
NEWS_PPB_2024_08_15_76917e3c4c_N03,NEWS_PPB_2024_08_15_76917e3c4c,news,news_quality,news_general_quality,filter_news_final,qwen3:8b,N03,Balance and objectivity,4,1,5,0.15,75.0,11.25,NEWS_P001,"PETALING JAYA: PPB Group Bhd is likely to report softer earnings for the first half of this year (1H24) in line with the disappointing results from its 19%-owned associate, Wilmar International Ltd. Wilmar’s results came",model,"The article presents PPB's likely softer earnings in context of Wilmar's performance, includes analyst downgrades and maintains a neutral tone without overt bias.",,2026-07-01T08:47:15+00:00,2026-07-01T08:47:18+00:00,2026-06-15,qwen3:8b,ollama,0.0,42,4096,192,false,false,ollama_format_schema,news_single_dimension_v3_strict_calibration,2026-07-01T08:47:15+00:00,05_raw_model_outputs/news_final_full/NEWS_PPB_2024_08_15_76917e3c4c_N03_raw.json,,parsed,valid
NEWS_PPB_2024_08_15_76917e3c4c_N04,NEWS_PPB_2024_08_15_76917e3c4c,news,news_quality,news_general_quality,filter_news_final,qwen3:8b,N04,Relevance and information increment,4,1,5,0.2,75.0,15.0,NEWS_P001,"PETALING JAYA: PPB Group Bhd is likely to report softer earnings for the first half of this year (1H24) in line with the disappointing results from its 19%-owned associate, Wilmar International Ltd. Wilmar’s results came",model,"The article provides specific details about PPB Group's likely softer earnings linked to its associate Wilmar International's performance, including financial figures and market analysis, which adds substantive information beyond generic market noise.",,2026-07-01T08:47:18+00:00,2026-07-01T08:47:22+00:00,2026-06-15,qwen3:8b,ollama,0.0,42,4096,192,false,false,ollama_format_schema,news_single_dimension_v3_strict_calibration,2026-07-01T08:47:18+00:00,05_raw_model_outputs/news_final_full/NEWS_PPB_2024_08_15_76917e3c4c_N04_raw.json,,parsed,valid
NEWS_PPB_2024_08_15_76917e3c4c_N05,NEWS_PPB_2024_08_15_76917e3c4c,news,news_quality,news_general_quality,filter_news_final,qwen3:8b,N05,Expression clarity and headline fit,5,1,5,0.1,100.0,10.0,TITLE,Softer earnings likely for PPB Group in 1H24,model,"Headline clearly states the expectation of softer earnings for PPB Group in 1H24, aligning with the article's focus on Wilmar's underperformance and its impact on PPB's earnings forecast.",,2026-07-01T08:47:22+00:00,2026-07-01T08:47:26+00:00,2026-06-15,qwen3:8b,ollama,0.0,42,4096,192,false,false,ollama_format_schema,news_single_dimension_v3_strict_calibration,2026-07-01T08:47:22+00:00,05_raw_model_outputs/news_final_full/NEWS_PPB_2024_08_15_76917e3c4c_N05_raw.json,,parsed,valid
NEWS_PPB_2024_06_25_1f5058a240_N01,NEWS_PPB_2024_06_25_1f5058a240,news,news_quality,news_general_quality,filter_news_final,qwen3:8b,N01,Factual accuracy and internal consistency,3,1,5,0.3,50.0,15.0,NEWS_P001,"Imagine a vibrant space where laughter echoes, creativity flourishes and community bonds strengthen. This vision has come to life with the launch of Re:Play Toy Library at Block C PPR (People’s Housing Project) Lembah Su",model,"The article describes the toy library's purpose and operations internally consistently, but it lacks verifiable details about the library's impact or specific data on its effectiveness, which limits factual depth.",,2026-07-01T08:47:26+00:00,2026-07-01T08:47:30+00:00,2026-06-15,qwen3:8b,ollama,0.0,42,4096,192,false,false,ollama_format_schema,news_single_dimension_v3_strict_calibration,2026-07-01T08:47:26+00:00,05_raw_model_outputs/news_final_full/NEWS_PPB_2024_06_25_1f5058a240_N01_raw.json,,parsed,valid
NEWS_PPB_2024_06_25_1f5058a240_N02,NEWS_PPB_2024_06_25_1f5058a240,news,news_quality,news_general_quality,filter_news_final,qwen3:8b,N02,Source transparency and verifiability,3,1,5,0.25,50.0,12.5,NEWS_P001,"Imagine a vibrant space where laughter echoes, creativity flourishes and community bonds strengthen. This vision has come to life with the launch of Re:Play Toy Library at Block C PPR (People’s Housing Project) Lembah Su",model,"The article mentions the toy library's launch and quotes from Wong Poai Hong and other officials, but lacks independent verification or third-party sources, which limits source transparency.",,2026-07-01T08:47:30+00:00,2026-07-01T08:47:33+00:00,2026-06-15,qwen3:8b,ollama,0.0,42,4096,192,false,false,ollama_format_schema,news_single_dimension_v3_strict_calibration,2026-07-01T08:47:30+00:00,05_raw_model_outputs/news_final_full/NEWS_PPB_2024_06_25_1f5058a240_N02_raw.json,,parsed,valid
NEWS_PPB_2024_06_25_1f5058a240_N03,NEWS_PPB_2024_06_25_1f5058a240,news,news_quality,news_general_quality,filter_news_final,qwen3:8b,N03,Balance and objectivity,3,1,5,0.15,50.0,7.5,NEWS_P001,"Imagine a vibrant space where laughter echoes, creativity flourishes and community bonds strengthen. This vision has come to life with the launch of Re:Play Toy Library at Block C PPR (People’s Housing Project) Lembah Su",model,The article presents the toy library as a community initiative with positive impacts but lacks critical perspectives or balanced reporting on potential challenges or limitations.,,2026-07-01T08:47:33+00:00,2026-07-01T08:47:37+00:00,2026-06-15,qwen3:8b,ollama,0.0,42,4096,192,false,false,ollama_format_schema,news_single_dimension_v3_strict_calibration,2026-07-01T08:47:33+00:00,05_raw_model_outputs/news_final_full/NEWS_PPB_2024_06_25_1f5058a240_N03_raw.json,,parsed,valid
NEWS_PPB_2024_06_25_1f5058a240_N04,NEWS_PPB_2024_06_25_1f5058a240,news,news_quality,news_general_quality,filter_news_final,qwen3:8b,N04,Relevance and information increment,3,1,5,0.2,50.0,10.0,NEWS_P001,"Imagine a vibrant space where laughter echoes, creativity flourishes and community bonds strengthen. This vision has come to life with the launch of Re:Play Toy Library at Block C PPR (People’s Housing Project) Lembah Su",model,"The article describes a community initiative focused on social benefits and child development, but lacks direct company-related information or business relevance beyond PPB's general support.",,2026-07-01T08:47:37+00:00,2026-07-01T08:47:40+00:00,2026-06-15,qwen3:8b,ollama,0.0,42,4096,192,false,false,ollama_format_schema,news_single_dimension_v3_strict_calibration,2026-07-01T08:47:37+00:00,05_raw_model_outputs/news_final_full/NEWS_PPB_2024_06_25_1f5058a240_N04_raw.json,,parsed,valid
NEWS_PPB_2024_06_25_1f5058a240_N05,NEWS_PPB_2024_06_25_1f5058a240,news,news_quality,news_general_quality,filter_news_final,qwen3:8b,N05,Expression clarity and headline fit,4,1,5,0.1,75.0,7.5,TITLE,Toy library a treasure trove for B40 in Lembah Subang,model,"Headline clearly reflects the article's focus on a toy library benefiting the B40 community, with clear and engaging language.",,2026-07-01T08:47:40+00:00,2026-07-01T08:47:44+00:00,2026-06-15,qwen3:8b,ollama,0.0,42,4096,192,false,false,ollama_format_schema,news_single_dimension_v3_strict_calibration,2026-07-01T08:47:40+00:00,05_raw_model_outputs/news_final_full/NEWS_PPB_2024_06_25_1f5058a240_N05_raw.json,,parsed,valid
NEWS_PPB_2024_06_19_90873d2b58_N01,NEWS_PPB_2024_06_19_90873d2b58,news,news_quality,news_general_quality,filter_news_final,qwen3:8b,N01,Factual accuracy and internal consistency,4,1,5,0.3,75.0,22.5,NEWS_P001,"PETALING JAYA: Adhesive maker Techbond Group Bhd , which saw the emergence of PPB Group Bhd as its substantial shareholder last Friday, rallied by as much as 30% to 56.5 sen in the morning trading session yesterday. At 5",model,"The article provides clear and consistent factual information about PPB's acquisition of a 15% stake in Techbond, including financial details and market reactions, which supports internal coherence.",,2026-07-01T08:47:44+00:00,2026-07-01T08:47:47+00:00,2026-06-15,qwen3:8b,ollama,0.0,42,4096,192,false,false,ollama_format_schema,news_single_dimension_v3_strict_calibration,2026-07-01T08:47:44+00:00,05_raw_model_outputs/news_final_full/NEWS_PPB_2024_06_19_90873d2b58_N01_raw.json,,parsed,valid
NEWS_PPB_2024_06_19_90873d2b58_N02,NEWS_PPB_2024_06_19_90873d2b58,news,news_quality,news_general_quality,filter_news_final,qwen3:8b,N02,Source transparency and verifiability,4,1,5,0.25,75.0,18.75,NEWS_P001,"PETALING JAYA: Adhesive maker Techbond Group Bhd , which saw the emergence of PPB Group Bhd as its substantial shareholder last Friday, rallied by as much as 30% to 56.5 sen in the morning trading session yesterday. At 5",model,"The article provides clear attribution to PPB Group Bhd and includes verifiable details such as the acquisition of a 15% stake, the transaction amount, and the share price movements. However, it lacks independent third-party verification beyond the company's own statements.",,2026-07-01T08:47:47+00:00,2026-07-01T08:47:51+00:00,2026-06-15,qwen3:8b,ollama,0.0,42,4096,192,false,false,ollama_format_schema,news_single_dimension_v3_strict_calibration,2026-07-01T08:47:47+00:00,05_raw_model_outputs/news_final_full/NEWS_PPB_2024_06_19_90873d2b58_N02_raw.json,,parsed,valid
NEWS_PPB_2024_06_19_90873d2b58_N03,NEWS_PPB_2024_06_19_90873d2b58,news,news_quality,news_general_quality,filter_news_final,qwen3:8b,N03,Balance and objectivity,3,1,5,0.15,50.0,7.5,NEWS_P001,"PETALING JAYA: Adhesive maker Techbond Group Bhd , which saw the emergence of PPB Group Bhd as its substantial shareholder last Friday, rallied by as much as 30% to 56.5 sen in the morning trading session yesterday. At 5",model,The article presents PPB's acquisition of Techbond with positive language but lacks balanced treatment of potential risks or counterpoints.,,2026-07-01T08:47:51+00:00,2026-07-01T08:47:54+00:00,2026-06-15,qwen3:8b,ollama,0.0,42,4096,192,false,false,ollama_format_schema,news_single_dimension_v3_strict_calibration,2026-07-01T08:47:51+00:00,05_raw_model_outputs/news_final_full/NEWS_PPB_2024_06_19_90873d2b58_N03_raw.json,,parsed,valid
NEWS_PPB_2024_06_19_90873d2b58_N04,NEWS_PPB_2024_06_19_90873d2b58,news,news_quality,news_general_quality,filter_news_final,qwen3:8b,N04,Relevance and information increment,4,1,5,0.2,75.0,15.0,NEWS_P001,"PETALING JAYA: Adhesive maker Techbond Group Bhd , which saw the emergence of PPB Group Bhd as its substantial shareholder last Friday, rallied by as much as 30% to 56.5 sen in the morning trading session yesterday. At 5",model,"The article provides specific details about PPB's acquisition of a 15% stake in Techbond, including the financial terms and market reaction, which adds substantive information beyond generic market noise.",,2026-07-01T08:47:54+00:00,2026-07-01T08:47:57+00:00,2026-06-15,qwen3:8b,ollama,0.0,42,4096,192,false,false,ollama_format_schema,news_single_dimension_v3_strict_calibration,2026-07-01T08:47:54+00:00,05_raw_model_outputs/news_final_full/NEWS_PPB_2024_06_19_90873d2b58_N04_raw.json,,parsed,valid
NEWS_PPB_2024_06_19_90873d2b58_N05,NEWS_PPB_2024_06_19_90873d2b58,news,news_quality,news_general_quality,filter_news_final,qwen3:8b,N05,Expression clarity and headline fit,4,1,5,0.1,75.0,7.5,NEWS_P001,"PETALING JAYA: Adhesive maker Techbond Group Bhd , which saw the emergence of PPB Group Bhd as its substantial shareholder last Friday, rallied by as much as 30% to 56.5 sen in the morning trading session yesterday. At 5",model,"Headline clearly reflects the article's focus on Techbond's stock movement and PPB's stake acquisition, with clear and concise expression.",,2026-07-01T08:47:57+00:00,2026-07-01T08:48:00+00:00,2026-06-15,qwen3:8b,ollama,0.0,42,4096,192,false,false,ollama_format_schema,news_single_dimension_v3_strict_calibration,2026-07-01T08:47:57+00:00,05_raw_model_outputs/news_final_full/NEWS_PPB_2024_06_19_90873d2b58_N05_raw.json,,parsed,valid
NEWS_PPB_2024_06_11_be261e3503_N01,NEWS_PPB_2024_06_11_be261e3503,news,news_quality,news_general_quality,filter_news_final,qwen3:8b,N01,Factual accuracy and internal consistency,4,1,5,0.3,75.0,22.5,NEWS_P001,PETALING JAYA: Hong Leong Investment Bank (HLIB) Research says the plantation sector is likely to see subdued near-term downstream earnings due to the overcapacity of refineries in Indonesia and a weak global economy. In,model,"The article provides internal consistency with data from HLIB Research, including specific planters, performance metrics, and explanations for underperformance, though it lacks independent verification sources.",,2026-07-01T08:48:00+00:00,2026-07-01T08:48:04+00:00,2026-06-15,qwen3:8b,ollama,0.0,42,4096,192,false,false,ollama_format_schema,news_single_dimension_v3_strict_calibration,2026-07-01T08:48:00+00:00,05_raw_model_outputs/news_final_full/NEWS_PPB_2024_06_11_be261e3503_N01_raw.json,,parsed,valid
NEWS_PPB_2024_06_11_be261e3503_N02,NEWS_PPB_2024_06_11_be261e3503,news,news_quality,news_general_quality,filter_news_final,qwen3:8b,N02,Source transparency and verifiability,4,1,5,0.25,75.0,18.75,NEWS_P001,PETALING JAYA: Hong Leong Investment Bank (HLIB) Research says the plantation sector is likely to see subdued near-term downstream earnings due to the overcapacity of refineries in Indonesia and a weak global economy. In,model,Clear attribution to HLIB Research with verifiable data on planters' performance and market conditions.,,2026-07-01T08:48:04+00:00,2026-07-01T08:48:07+00:00,2026-06-15,qwen3:8b,ollama,0.0,42,4096,192,false,false,ollama_format_schema,news_single_dimension_v3_strict_calibration,2026-07-01T08:48:04+00:00,05_raw_model_outputs/news_final_full/NEWS_PPB_2024_06_11_be261e3503_N02_raw.json,,parsed,valid
NEWS_PPB_2024_06_11_be261e3503_N03,NEWS_PPB_2024_06_11_be261e3503,news,news_quality,news_general_quality,filter_news_final,qwen3:8b,N03,Balance and objectivity,3,1,5,0.15,50.0,7.5,NEWS_P001,PETALING JAYA: Hong Leong Investment Bank (HLIB) Research says the plantation sector is likely to see subdued near-term downstream earnings due to the overcapacity of refineries in Indonesia and a weak global economy. In,model,"The article presents analysis from HLIB Research and Kenanga Research, but lacks direct quotes or independent perspectives, showing limited balance.",,2026-07-01T08:48:07+00:00,2026-07-01T08:48:11+00:00,2026-06-15,qwen3:8b,ollama,0.0,42,4096,192,false,false,ollama_format_schema,news_single_dimension_v3_strict_calibration,2026-07-01T08:48:07+00:00,05_raw_model_outputs/news_final_full/NEWS_PPB_2024_06_11_be261e3503_N03_raw.json,,parsed,valid
NEWS_PPB_2024_06_11_be261e3503_N04,NEWS_PPB_2024_06_11_be261e3503,news,news_quality,news_general_quality,filter_news_final,qwen3:8b,N04,Relevance and information increment,3,1,5,0.2,50.0,10.0,NEWS_P001,PETALING JAYA: Hong Leong Investment Bank (HLIB) Research says the plantation sector is likely to see subdued near-term downstream earnings due to the overcapacity of refineries in Indonesia and a weak global economy. In,model,"The article provides specific analysis on plantation sector performance, including refinery overcapacity and global economic factors, but lacks deeper insights into PPB Group Berhad's specific operations or strategic moves.",,2026-07-01T08:48:11+00:00,2026-07-01T08:48:14+00:00,2026-06-15,qwen3:8b,ollama,0.0,42,4096,192,false,false,ollama_format_schema,news_single_dimension_v3_strict_calibration,2026-07-01T08:48:11+00:00,05_raw_model_outputs/news_final_full/NEWS_PPB_2024_06_11_be261e3503_N04_raw.json,,parsed,valid
NEWS_PPB_2024_06_11_be261e3503_N05,NEWS_PPB_2024_06_11_be261e3503,news,news_quality,news_general_quality,filter_news_final,qwen3:8b,N05,Expression clarity and headline fit,4,1,5,0.1,75.0,7.5,TITLE,Muted near-term downstream earnings likely for planters,model,"Headline clearly reflects the article's focus on subdued downstream earnings for planters, with clear and concise expression.",,2026-07-01T08:48:14+00:00,2026-07-01T08:48:18+00:00,2026-06-15,qwen3:8b,ollama,0.0,42,4096,192,false,false,ollama_format_schema,news_single_dimension_v3_strict_calibration,2026-07-01T08:48:14+00:00,05_raw_model_outputs/news_final_full/NEWS_PPB_2024_06_11_be261e3503_N05_raw.json,,parsed,valid
NEWS_PPB_2024_06_04_85c6d017d5_N01,NEWS_PPB_2024_06_04_85c6d017d5,news,news_quality,news_general_quality,filter_news_final,qwen3:8b,N01,Factual accuracy and internal consistency,4,1,5,0.3,75.0,22.5,NEWS_P001,"PETALING JAYA: PPB Group Bhd ’s prospects are expected to improve after weak first-quarter (1Q24) results, according to Affin Hwang Investment Bank Research. PPB reported a lower 1Q24 revenue of RM1.29bil, a decrease of ",model,"The article provides detailed financial figures and explanations for the performance, showing internal consistency and factual claims about revenue and profit changes.",,2026-07-01T08:48:18+00:00,2026-07-01T08:48:21+00:00,2026-06-15,qwen3:8b,ollama,0.0,42,4096,192,false,false,ollama_format_schema,news_single_dimension_v3_strict_calibration,2026-07-01T08:48:18+00:00,05_raw_model_outputs/news_final_full/NEWS_PPB_2024_06_04_85c6d017d5_N01_raw.json,,parsed,valid
NEWS_PPB_2024_06_04_85c6d017d5_N02,NEWS_PPB_2024_06_04_85c6d017d5,news,news_quality,news_general_quality,filter_news_final,qwen3:8b,N02,Source transparency and verifiability,4,1,5,0.25,75.0,18.75,NEWS_P001,"PETALING JAYA: PPB Group Bhd ’s prospects are expected to improve after weak first-quarter (1Q24) results, according to Affin Hwang Investment Bank Research. PPB reported a lower 1Q24 revenue of RM1.29bil, a decrease of ",model,"The article provides clear attribution to Affin Hwang Investment Bank Research and includes verifiable financial data, though it is based on a research report rather than independent verification.",,2026-07-01T08:48:21+00:00,2026-07-01T08:48:24+00:00,2026-06-15,qwen3:8b,ollama,0.0,42,4096,192,false,false,ollama_format_schema,news_single_dimension_v3_strict_calibration,2026-07-01T08:48:21+00:00,05_raw_model_outputs/news_final_full/NEWS_PPB_2024_06_04_85c6d017d5_N02_raw.json,,parsed,valid
NEWS_PPB_2024_06_04_85c6d017d5_N03,NEWS_PPB_2024_06_04_85c6d017d5,news,news_quality,news_general_quality,filter_news_final,qwen3:8b,N03,Balance and objectivity,3,1,5,0.15,50.0,7.5,NEWS_P001,"PETALING JAYA: PPB Group Bhd ’s prospects are expected to improve after weak first-quarter (1Q24) results, according to Affin Hwang Investment Bank Research. PPB reported a lower 1Q24 revenue of RM1.29bil, a decrease of ",model,"The article presents PPB's financial performance with some neutral language but lacks balanced treatment of the company's challenges and opportunities, focusing more on the negative aspects and less on counterbalancing positive factors.",,2026-07-01T08:48:24+00:00,2026-07-01T08:48:27+00:00,2026-06-15,qwen3:8b,ollama,0.0,42,4096,192,false,false,ollama_format_schema,news_single_dimension_v3_strict_calibration,2026-07-01T08:48:24+00:00,05_raw_model_outputs/news_final_full/NEWS_PPB_2024_06_04_85c6d017d5_N03_raw.json,,parsed,valid
NEWS_PPB_2024_06_04_85c6d017d5_N04,NEWS_PPB_2024_06_04_85c6d017d5,news,news_quality,news_general_quality,filter_news_final,qwen3:8b,N04,Relevance and information increment,4,1,5,0.2,75.0,15.0,NEWS_P001,"PETALING JAYA: PPB Group Bhd ’s prospects are expected to improve after weak first-quarter (1Q24) results, according to Affin Hwang Investment Bank Research. PPB reported a lower 1Q24 revenue of RM1.29bil, a decrease of ",model,"The article provides specific financial data and analysis on PPB Group's performance, including revenue and profit figures, contributing to the dimension of relevance and information increment.",,2026-07-01T08:48:27+00:00,2026-07-01T08:48:30+00:00,2026-06-15,qwen3:8b,ollama,0.0,42,4096,192,false,false,ollama_format_schema,news_single_dimension_v3_strict_calibration,2026-07-01T08:48:27+00:00,05_raw_model_outputs/news_final_full/NEWS_PPB_2024_06_04_85c6d017d5_N04_raw.json,,parsed,valid
NEWS_PPB_2024_06_04_85c6d017d5_N05,NEWS_PPB_2024_06_04_85c6d017d5,news,news_quality,news_general_quality,filter_news_final,qwen3:8b,N05,Expression clarity and headline fit,5,1,5,0.1,100.0,10.0,TITLE,Brighter prospects for PPB Group on China recovery,model,"Headline clearly reflects the article's focus on PPB Group's improved prospects linked to China's recovery, with clear and concise expression.",,2026-07-01T08:48:30+00:00,2026-07-01T08:48:33+00:00,2026-06-15,qwen3:8b,ollama,0.0,42,4096,192,false,false,ollama_format_schema,news_single_dimension_v3_strict_calibration,2026-07-01T08:48:30+00:00,05_raw_model_outputs/news_final_full/NEWS_PPB_2024_06_04_85c6d017d5_N05_raw.json,,parsed,valid
NEWS_PPB_2024_06_04_c7ed71f649_N01,NEWS_PPB_2024_06_04_c7ed71f649,news,news_quality,news_general_quality,filter_news_final,qwen3:8b,N01,Factual accuracy and internal consistency,3,1,5,0.3,50.0,15.0,NEWS_P001,"PETALING JAYA: Corporate Malaysia ended the first quarter of 2024 (1Q24) with a mixed bag of results that caused investors to offload local shares and drove the FBM KLCI to below 1,600 points. The benchmark index of Burs",model,"The article provides factual data on corporate earnings and market performance, but lacks specific verifiable details or third-party sources to strongly support the claims, leading to a basic level of internal consistency.",,2026-07-01T08:48:33+00:00,2026-07-01T08:48:38+00:00,2026-06-15,qwen3:8b,ollama,0.0,42,4096,192,false,false,ollama_format_schema,news_single_dimension_v3_strict_calibration,2026-07-01T08:48:33+00:00,05_raw_model_outputs/news_final_full/NEWS_PPB_2024_06_04_c7ed71f649_N01_raw.json,,parsed,valid
NEWS_PPB_2024_06_04_c7ed71f649_N02,NEWS_PPB_2024_06_04_c7ed71f649,news,news_quality,news_general_quality,filter_news_final,qwen3:8b,N02,Source transparency and verifiability,4,1,5,0.25,75.0,18.75,NEWS_P001,"PETALING JAYA: Corporate Malaysia ended the first quarter of 2024 (1Q24) with a mixed bag of results that caused investors to offload local shares and drove the FBM KLCI to below 1,600 points. The benchmark index of Burs",model,"The article provides clear attribution to Bloomberg and includes verifiable data points such as earnings percentages and index movements, supporting source transparency and verifiability.",,2026-07-01T08:48:38+00:00,2026-07-01T08:48:42+00:00,2026-06-15,qwen3:8b,ollama,0.0,42,4096,192,false,false,ollama_format_schema,news_single_dimension_v3_strict_calibration,2026-07-01T08:48:38+00:00,05_raw_model_outputs/news_final_full/NEWS_PPB_2024_06_04_c7ed71f649_N02_raw.json,,parsed,valid
NEWS_PPB_2024_06_04_c7ed71f649_N03,NEWS_PPB_2024_06_04_c7ed71f649,news,news_quality,news_general_quality,filter_news_final,qwen3:8b,N03,Balance and objectivity,3,1,5,0.15,50.0,7.5,NEWS_P001,"PETALING JAYA: Corporate Malaysia ended the first quarter of 2024 (1Q24) with a mixed bag of results that caused investors to offload local shares and drove the FBM KLCI to below 1,600 points. The benchmark index of Burs",model,"The article presents mixed results without clear bias, but lacks depth in balancing perspectives on underperforming sectors and does not provide independent verification for claims.",,2026-07-01T08:48:42+00:00,2026-07-01T08:48:46+00:00,2026-06-15,qwen3:8b,ollama,0.0,42,4096,192,false,false,ollama_format_schema,news_single_dimension_v3_strict_calibration,2026-07-01T08:48:42+00:00,05_raw_model_outputs/news_final_full/NEWS_PPB_2024_06_04_c7ed71f649_N03_raw.json,,parsed,valid
NEWS_PPB_2024_06_04_c7ed71f649_N04,NEWS_PPB_2024_06_04_c7ed71f649,news,news_quality,news_general_quality,filter_news_final,qwen3:8b,N04,Relevance and information increment,3,1,5,0.2,50.0,10.0,NEWS_P001,"PETALING JAYA: Corporate Malaysia ended the first quarter of 2024 (1Q24) with a mixed bag of results that caused investors to offload local shares and drove the FBM KLCI to below 1,600 points. The benchmark index of Burs",model,"The article discusses mixed corporate earnings and sector performance but lacks specific details about PPB Group Berhad's operations, financials, or strategic moves, providing only general market context.",,2026-07-01T08:48:46+00:00,2026-07-01T08:48:51+00:00,2026-06-15,qwen3:8b,ollama,0.0,42,4096,192,false,false,ollama_format_schema,news_single_dimension_v3_strict_calibration,2026-07-01T08:48:46+00:00,05_raw_model_outputs/news_final_full/NEWS_PPB_2024_06_04_c7ed71f649_N04_raw.json,,parsed,valid
NEWS_PPB_2024_06_04_c7ed71f649_N05,NEWS_PPB_2024_06_04_c7ed71f649,news,news_quality,news_general_quality,filter_news_final,qwen3:8b,N05,Expression clarity and headline fit,4,1,5,0.1,75.0,7.5,NEWS_P001,"PETALING JAYA: Corporate Malaysia ended the first quarter of 2024 (1Q24) with a mixed bag of results that caused investors to offload local shares and drove the FBM KLCI to below 1,600 points. The benchmark index of Burs",model,"Headline clearly sets the context for the article's discussion on corporate earnings, aligning with the body's analysis of market performance and investor sentiment.",,2026-07-01T08:48:51+00:00,2026-07-01T08:48:55+00:00,2026-06-15,qwen3:8b,ollama,0.0,42,4096,192,false,false,ollama_format_schema,news_single_dimension_v3_strict_calibration,2026-07-01T08:48:51+00:00,05_raw_model_outputs/news_final_full/NEWS_PPB_2024_06_04_c7ed71f649_N05_raw.json,,parsed,valid
NEWS_PPB_2024_05_30_4398a6b842_N01,NEWS_PPB_2024_05_30_4398a6b842,news,news_quality,news_general_quality,filter_news_final,qwen3:8b,N01,Factual accuracy and internal consistency,4,1,5,0.3,75.0,22.5,NEWS_P001,"KUALA LUMPUR: PPB Group Bhd ’s net profit for the first quarter ended March 31, 2024 (1Q 2024) fell to RM337.17 million from RM377.54 million in the same quarter last year. Revenue dropped 15 per cent to RM1.29 billion f",model,"Article provides clear, consistent financial figures and explains the reasons for the profit decline with specific details.",,2026-07-01T08:48:55+00:00,2026-07-01T08:48:58+00:00,2026-06-15,qwen3:8b,ollama,0.0,42,4096,192,false,false,ollama_format_schema,news_single_dimension_v3_strict_calibration,2026-07-01T08:48:55+00:00,05_raw_model_outputs/news_final_full/NEWS_PPB_2024_05_30_4398a6b842_N01_raw.json,,parsed,valid
NEWS_PPB_2024_05_30_4398a6b842_N02,NEWS_PPB_2024_05_30_4398a6b842,news,news_quality,news_general_quality,filter_news_final,qwen3:8b,N02,Source transparency and verifiability,3,1,5,0.25,50.0,12.5,NEWS_P001,"KUALA LUMPUR: PPB Group Bhd ’s net profit for the first quarter ended March 31, 2024 (1Q 2024) fell to RM337.17 million from RM377.54 million in the same quarter last year. Revenue dropped 15 per cent to RM1.29 billion f",model,"The article provides verifiable financial data and mentions the source as The Star, but lacks named third-party sources or official announcements for key claims.",,2026-07-01T08:48:58+00:00,2026-07-01T08:49:01+00:00,2026-06-15,qwen3:8b,ollama,0.0,42,4096,192,false,false,ollama_format_schema,news_single_dimension_v3_strict_calibration,2026-07-01T08:48:58+00:00,05_raw_model_outputs/news_final_full/NEWS_PPB_2024_05_30_4398a6b842_N02_raw.json,,parsed,valid
NEWS_PPB_2024_05_30_4398a6b842_N03,NEWS_PPB_2024_05_30_4398a6b842,news,news_quality,news_general_quality,filter_news_final,qwen3:8b,N03,Balance and objectivity,3,1,5,0.15,50.0,7.5,NEWS_P001,"KUALA LUMPUR: PPB Group Bhd ’s net profit for the first quarter ended March 31, 2024 (1Q 2024) fell to RM337.17 million from RM377.54 million in the same quarter last year. Revenue dropped 15 per cent to RM1.29 billion f",model,"The article presents the company's financial results and outlook but lacks independent perspectives or critical analysis, showing a one-sided promotional tone.",,2026-07-01T08:49:01+00:00,2026-07-01T08:49:04+00:00,2026-06-15,qwen3:8b,ollama,0.0,42,4096,192,false,false,ollama_format_schema,news_single_dimension_v3_strict_calibration,2026-07-01T08:49:01+00:00,05_raw_model_outputs/news_final_full/NEWS_PPB_2024_05_30_4398a6b842_N03_raw.json,,parsed,valid
NEWS_PPB_2024_05_30_4398a6b842_N04,NEWS_PPB_2024_05_30_4398a6b842,news,news_quality,news_general_quality,filter_news_final,qwen3:8b,N04,Relevance and information increment,3,1,5,0.2,50.0,10.0,NEWS_P001,"KUALA LUMPUR: PPB Group Bhd ’s net profit for the first quarter ended March 31, 2024 (1Q 2024) fell to RM337.17 million from RM377.54 million in the same quarter last year. Revenue dropped 15 per cent to RM1.29 billion f",model,"The article provides specific financial figures and reasons for the decline, but lacks deeper analysis or context beyond the company's own statements.",,2026-07-01T08:49:04+00:00,2026-07-01T08:49:06+00:00,2026-06-15,qwen3:8b,ollama,0.0,42,4096,192,false,false,ollama_format_schema,news_single_dimension_v3_strict_calibration,2026-07-01T08:49:04+00:00,05_raw_model_outputs/news_final_full/NEWS_PPB_2024_05_30_4398a6b842_N04_raw.json,,parsed,valid
NEWS_PPB_2024_05_30_4398a6b842_N05,NEWS_PPB_2024_05_30_4398a6b842,news,news_quality,news_general_quality,filter_news_final,qwen3:8b,N05,Expression clarity and headline fit,3,1,5,0.1,50.0,5.0,TITLE,PPB posts lower net profit of RM337.17mil in 1Q,model,"Headline clearly states the key financial result, but the article's body includes additional context and details that could have been more prominently featured for better alignment with the headline.",,2026-07-01T08:49:06+00:00,2026-07-01T08:49:09+00:00,2026-06-15,qwen3:8b,ollama,0.0,42,4096,192,false,false,ollama_format_schema,news_single_dimension_v3_strict_calibration,2026-07-01T08:49:06+00:00,05_raw_model_outputs/news_final_full/NEWS_PPB_2024_05_30_4398a6b842_N05_raw.json,,parsed,valid
NEWS_PPB_2024_03_20_e106615fa1_N01,NEWS_PPB_2024_03_20_e106615fa1,news,news_quality,news_general_quality,filter_news_final,qwen3:8b,N01,Factual accuracy and internal consistency,4,1,5,0.3,75.0,22.5,NEWS_P001,PETALING JAYA: There is mixed reaction in the plantation sector as poor downstream margins are expected to continue dragging down earnings of large integrated players for another two quarters. These include IOI Group Bhd,model,"The article provides a coherent analysis of the plantation sector's mixed outlook, citing specific companies and market factors with internal consistency.",,2026-07-01T08:49:09+00:00,2026-07-01T08:49:12+00:00,2026-06-15,qwen3:8b,ollama,0.0,42,4096,192,false,false,ollama_format_schema,news_single_dimension_v3_strict_calibration,2026-07-01T08:49:09+00:00,05_raw_model_outputs/news_final_full/NEWS_PPB_2024_03_20_e106615fa1_N01_raw.json,,parsed,valid
NEWS_PPB_2024_03_20_e106615fa1_N02,NEWS_PPB_2024_03_20_e106615fa1,news,news_quality,news_general_quality,filter_news_final,qwen3:8b,N02,Source transparency and verifiability,4,1,5,0.25,75.0,18.75,NEWS_P001,PETALING JAYA: There is mixed reaction in the plantation sector as poor downstream margins are expected to continue dragging down earnings of large integrated players for another two quarters. These include IOI Group Bhd,model,"The article cites Kenanga Research as a source and provides specific details about the plantation sector, including company names and market analysis, which supports verifiability.",,2026-07-01T08:49:12+00:00,2026-07-01T08:49:15+00:00,2026-06-15,qwen3:8b,ollama,0.0,42,4096,192,false,false,ollama_format_schema,news_single_dimension_v3_strict_calibration,2026-07-01T08:49:12+00:00,05_raw_model_outputs/news_final_full/NEWS_PPB_2024_03_20_e106615fa1_N02_raw.json,,parsed,valid
NEWS_PPB_2024_03_20_e106615fa1_N03,NEWS_PPB_2024_03_20_e106615fa1,news,news_quality,news_general_quality,filter_news_final,qwen3:8b,N03,Balance and objectivity,4,1,5,0.15,75.0,11.25,NEWS_P001,PETALING JAYA: There is mixed reaction in the plantation sector as poor downstream margins are expected to continue dragging down earnings of large integrated players for another two quarters. These include IOI Group Bhd,model,"The article presents a mixed outlook with balanced analysis of both challenges and opportunities in the plantation sector, citing multiple sources and perspectives.",,2026-07-01T08:49:15+00:00,2026-07-01T08:49:18+00:00,2026-06-15,qwen3:8b,ollama,0.0,42,4096,192,false,false,ollama_format_schema,news_single_dimension_v3_strict_calibration,2026-07-01T08:49:15+00:00,05_raw_model_outputs/news_final_full/NEWS_PPB_2024_03_20_e106615fa1_N03_raw.json,,parsed,valid
NEWS_PPB_2024_03_20_e106615fa1_N04,NEWS_PPB_2024_03_20_e106615fa1,news,news_quality,news_general_quality,filter_news_final,qwen3:8b,N04,Relevance and information increment,3,1,5,0.2,50.0,10.0,NEWS_P001,PETALING JAYA: There is mixed reaction in the plantation sector as poor downstream margins are expected to continue dragging down earnings of large integrated players for another two quarters. These include IOI Group Bhd,model,"The article provides specific information on the plantation sector's mixed outlook, mentioning specific companies and market conditions, which adds substance beyond generic market noise.",,2026-07-01T08:49:18+00:00,2026-07-01T08:49:21+00:00,2026-06-15,qwen3:8b,ollama,0.0,42,4096,192,false,false,ollama_format_schema,news_single_dimension_v3_strict_calibration,2026-07-01T08:49:18+00:00,05_raw_model_outputs/news_final_full/NEWS_PPB_2024_03_20_e106615fa1_N04_raw.json,,parsed,valid
NEWS_PPB_2024_03_20_e106615fa1_N05,NEWS_PPB_2024_03_20_e106615fa1,news,news_quality,news_general_quality,filter_news_final,qwen3:8b,N05,Expression clarity and headline fit,4,1,5,0.1,75.0,7.5,TITLE,Mixed outlook for plantations on downstream margin drag,model,Headline clearly reflects the mixed outlook discussed in the article body.,,2026-07-01T08:49:21+00:00,2026-07-01T08:49:23+00:00,2026-06-15,qwen3:8b,ollama,0.0,42,4096,192,false,false,ollama_format_schema,news_single_dimension_v3_strict_calibration,2026-07-01T08:49:21+00:00,05_raw_model_outputs/news_final_full/NEWS_PPB_2024_03_20_e106615fa1_N05_raw.json,,parsed,valid
NEWS_PPB_2024_03_07_9a5d462dbc_N01,NEWS_PPB_2024_03_07_9a5d462dbc,news,news_quality,news_general_quality,filter_news_final,qwen3:8b,N01,Factual accuracy and internal consistency,3,1,5,0.3,50.0,15.0,NEWS_P001,PETALING JAYA: PPB Group Bhd will likely spend about RM418.5mil in capital expenditure over the medium term to expand its flour and feed milling unit. The diversified conglomerate is expected to enjoy robust demand for i,model,"The article provides internal consistency with factual claims about PPB's capital expenditure and expansion plans, but lacks independent verification and third-party sources.",,2026-07-01T08:49:23+00:00,2026-07-01T08:49:27+00:00,2026-06-15,qwen3:8b,ollama,0.0,42,4096,192,false,false,ollama_format_schema,news_single_dimension_v3_strict_calibration,2026-07-01T08:49:23+00:00,05_raw_model_outputs/news_final_full/NEWS_PPB_2024_03_07_9a5d462dbc_N01_raw.json,,parsed,valid
NEWS_PPB_2024_03_07_9a5d462dbc_N02,NEWS_PPB_2024_03_07_9a5d462dbc,news,news_quality,news_general_quality,filter_news_final,qwen3:8b,N02,Source transparency and verifiability,3,1,5,0.25,50.0,12.5,NEWS_P001,PETALING JAYA: PPB Group Bhd will likely spend about RM418.5mil in capital expenditure over the medium term to expand its flour and feed milling unit. The diversified conglomerate is expected to enjoy robust demand for i,model,"The article cites Kenanga Research as the source and provides specific details about PPB's plans, but lacks direct quotes or official statements from PPB itself, limiting verifiability.",,2026-07-01T08:49:27+00:00,2026-07-01T08:49:30+00:00,2026-06-15,qwen3:8b,ollama,0.0,42,4096,192,false,false,ollama_format_schema,news_single_dimension_v3_strict_calibration,2026-07-01T08:49:27+00:00,05_raw_model_outputs/news_final_full/NEWS_PPB_2024_03_07_9a5d462dbc_N02_raw.json,,parsed,valid
NEWS_PPB_2024_03_07_9a5d462dbc_N03,NEWS_PPB_2024_03_07_9a5d462dbc,news,news_quality,news_general_quality,filter_news_final,qwen3:8b,N03,Balance and objectivity,3,1,5,0.15,50.0,7.5,NEWS_P001,PETALING JAYA: PPB Group Bhd will likely spend about RM418.5mil in capital expenditure over the medium term to expand its flour and feed milling unit. The diversified conglomerate is expected to enjoy robust demand for i,model,"The article presents PPB's expansion plans with positive outlooks but lacks balanced treatment of potential risks or challenges, showing a one-sided promotional tone.",,2026-07-01T08:49:30+00:00,2026-07-01T08:49:34+00:00,2026-06-15,qwen3:8b,ollama,0.0,42,4096,192,false,false,ollama_format_schema,news_single_dimension_v3_strict_calibration,2026-07-01T08:49:30+00:00,05_raw_model_outputs/news_final_full/NEWS_PPB_2024_03_07_9a5d462dbc_N03_raw.json,,parsed,valid
NEWS_PPB_2024_03_07_9a5d462dbc_N04,NEWS_PPB_2024_03_07_9a5d462dbc,news,news_quality,news_general_quality,filter_news_final,qwen3:8b,N04,Relevance and information increment,3,1,5,0.2,50.0,10.0,NEWS_P001,PETALING JAYA: PPB Group Bhd will likely spend about RM418.5mil in capital expenditure over the medium term to expand its flour and feed milling unit. The diversified conglomerate is expected to enjoy robust demand for i,model,"The article provides specific details about PPB's capital expenditure and expansion plans in flour and feed milling, which adds relevant business information beyond generic market noise.",,2026-07-01T08:49:34+00:00,2026-07-01T08:49:37+00:00,2026-06-15,qwen3:8b,ollama,0.0,42,4096,192,false,false,ollama_format_schema,news_single_dimension_v3_strict_calibration,2026-07-01T08:49:34+00:00,05_raw_model_outputs/news_final_full/NEWS_PPB_2024_03_07_9a5d462dbc_N04_raw.json,,parsed,valid
NEWS_PPB_2024_03_07_9a5d462dbc_N05,NEWS_PPB_2024_03_07_9a5d462dbc,news,news_quality,news_general_quality,filter_news_final,qwen3:8b,N05,Expression clarity and headline fit,3,1,5,0.1,50.0,5.0,TITLE,"PPB to spend RM419mil on flour, feed milling unit",model,Headline clearly states the investment but the article focuses more on analysis and projections rather than detailed explanation of the investment itself.,,2026-07-01T08:49:37+00:00,2026-07-01T08:49:40+00:00,2026-06-15,qwen3:8b,ollama,0.0,42,4096,192,false,false,ollama_format_schema,news_single_dimension_v3_strict_calibration,2026-07-01T08:49:37+00:00,05_raw_model_outputs/news_final_full/NEWS_PPB_2024_03_07_9a5d462dbc_N05_raw.json,,parsed,valid
NEWS_SPRITZER_2026_01_01_29fb9054f6_N01,NEWS_SPRITZER_2026_01_01_29fb9054f6,news,news_quality,news_general_quality,filter_news_final,qwen3:8b,N01,Factual accuracy and internal consistency,3,1,5,0.3,50.0,15.0,NEWS_P001,"Farm Fresh Bhd slipped below the short-term simple moving averages (SMA) in the closing days of 2025, which could signal accelerated profit-taking for the share. The stock has failed to surpass the resistance at RM2.95 o",model,"The article provides technical analysis with internal consistency but lacks external verification and context, making it adequate but not exceptional for factual accuracy.",,2026-07-01T08:49:40+00:00,2026-07-01T08:49:43+00:00,2026-06-15,qwen3:8b,ollama,0.0,42,4096,192,false,false,ollama_format_schema,news_single_dimension_v3_strict_calibration,2026-07-01T08:49:40+00:00,05_raw_model_outputs/news_final_full/NEWS_SPRITZER_2026_01_01_29fb9054f6_N01_raw.json,,parsed,valid
NEWS_SPRITZER_2026_01_01_29fb9054f6_N02,NEWS_SPRITZER_2026_01_01_29fb9054f6,news,news_quality,news_general_quality,filter_news_final,qwen3:8b,N02,Source transparency and verifiability,3,1,5,0.25,50.0,12.5,NEWS_P001,"Farm Fresh Bhd slipped below the short-term simple moving averages (SMA) in the closing days of 2025, which could signal accelerated profit-taking for the share. The stock has failed to surpass the resistance at RM2.95 o",model,The article provides technical analysis with specific data points but lacks clear attribution to sources or verifiable facts beyond the stock price movements.,,2026-07-01T08:49:43+00:00,2026-07-01T08:49:46+00:00,2026-06-15,qwen3:8b,ollama,0.0,42,4096,192,false,false,ollama_format_schema,news_single_dimension_v3_strict_calibration,2026-07-01T08:49:43+00:00,05_raw_model_outputs/news_final_full/NEWS_SPRITZER_2026_01_01_29fb9054f6_N02_raw.json,,parsed,valid
NEWS_SPRITZER_2026_01_01_29fb9054f6_N03,NEWS_SPRITZER_2026_01_01_29fb9054f6,news,news_quality,news_general_quality,filter_news_final,qwen3:8b,N03,Balance and objectivity,3,1,5,0.15,50.0,7.5,NEWS_P001,"Farm Fresh Bhd slipped below the short-term simple moving averages (SMA) in the closing days of 2025, which could signal accelerated profit-taking for the share. The stock has failed to surpass the resistance at RM2.95 o",model,"The article presents technical analysis of SPRITZER's stock without balanced perspectives or opposing viewpoints, leaning towards a neutral tone but lacking objectivity in its focus on price movements.",,2026-07-01T08:49:46+00:00,2026-07-01T08:49:49+00:00,2026-06-15,qwen3:8b,ollama,0.0,42,4096,192,false,false,ollama_format_schema,news_single_dimension_v3_strict_calibration,2026-07-01T08:49:46+00:00,05_raw_model_outputs/news_final_full/NEWS_SPRITZER_2026_01_01_29fb9054f6_N03_raw.json,,parsed,valid
NEWS_SPRITZER_2026_01_01_29fb9054f6_N04,NEWS_SPRITZER_2026_01_01_29fb9054f6,news,news_quality,news_general_quality,filter_news_final,qwen3:8b,N04,Relevance and information increment,3,1,5,0.2,50.0,10.0,NEWS_P001,"Farm Fresh Bhd slipped below the short-term simple moving averages (SMA) in the closing days of 2025, which could signal accelerated profit-taking for the share. The stock has failed to surpass the resistance at RM2.95 o",model,"The article provides technical analysis of SPRITZER's stock performance, including SMA levels, resistance, and support, which adds some substance beyond generic market noise.",,2026-07-01T08:49:49+00:00,2026-07-01T08:49:51+00:00,2026-06-15,qwen3:8b,ollama,0.0,42,4096,192,false,false,ollama_format_schema,news_single_dimension_v3_strict_calibration,2026-07-01T08:49:49+00:00,05_raw_model_outputs/news_final_full/NEWS_SPRITZER_2026_01_01_29fb9054f6_N04_raw.json,,parsed,valid
NEWS_SPRITZER_2026_01_01_29fb9054f6_N05,NEWS_SPRITZER_2026_01_01_29fb9054f6,news,news_quality,news_general_quality,filter_news_final,qwen3:8b,N05,Expression clarity and headline fit,3,1,5,0.1,50.0,5.0,NEWS_P001,"Farm Fresh Bhd slipped below the short-term simple moving averages (SMA) in the closing days of 2025, which could signal accelerated profit-taking for the share. The stock has failed to surpass the resistance at RM2.95 o",model,"Headline 'SupportLine' is vague and does not clearly reflect the technical analysis content of the article, which focuses on stock price movements and indicators.",,2026-07-01T08:49:51+00:00,2026-07-01T08:49:54+00:00,2026-06-15,qwen3:8b,ollama,0.0,42,4096,192,false,false,ollama_format_schema,news_single_dimension_v3_strict_calibration,2026-07-01T08:49:51+00:00,05_raw_model_outputs/news_final_full/NEWS_SPRITZER_2026_01_01_29fb9054f6_N05_raw.json,,parsed,valid
NEWS_SPRITZER_2025_12_19_5cfa1fd486_N01,NEWS_SPRITZER_2025_12_19_5cfa1fd486,news,news_quality,news_general_quality,filter_news_final,qwen3:8b,N01,Factual accuracy and internal consistency,3,1,5,0.3,50.0,15.0,NEWS_P001,PETALING JAYA: The consumer sector is poised to benefit from a convergence of tourism momentum and domestic policy support as spending patterns adjusted ahead of a busier travel calendar. Near-term demand visibility had ,model,"The article provides internal consistency with factual claims about tourism and policy support, but lacks specific verifiable details or third-party sources to strongly affirm factual accuracy.",,2026-07-01T08:49:54+00:00,2026-07-01T08:49:58+00:00,2026-06-15,qwen3:8b,ollama,0.0,42,4096,192,false,false,ollama_format_schema,news_single_dimension_v3_strict_calibration,2026-07-01T08:49:54+00:00,05_raw_model_outputs/news_final_full/NEWS_SPRITZER_2025_12_19_5cfa1fd486_N01_raw.json,,parsed,valid
NEWS_SPRITZER_2025_12_19_5cfa1fd486_N02,NEWS_SPRITZER_2025_12_19_5cfa1fd486,news,news_quality,news_general_quality,filter_news_final,qwen3:8b,N02,Source transparency and verifiability,3,1,5,0.25,50.0,12.5,NEWS_P001,PETALING JAYA: The consumer sector is poised to benefit from a convergence of tourism momentum and domestic policy support as spending patterns adjusted ahead of a busier travel calendar. Near-term demand visibility had ,model,"The article attributes information to Kenanga Research but does not provide direct quotes or named third-party sources, limiting verifiability.",,2026-07-01T08:49:58+00:00,2026-07-01T08:50:02+00:00,2026-06-15,qwen3:8b,ollama,0.0,42,4096,192,false,false,ollama_format_schema,news_single_dimension_v3_strict_calibration,2026-07-01T08:49:58+00:00,05_raw_model_outputs/news_final_full/NEWS_SPRITZER_2025_12_19_5cfa1fd486_N02_raw.json,,parsed,valid
NEWS_SPRITZER_2025_12_19_5cfa1fd486_N03,NEWS_SPRITZER_2025_12_19_5cfa1fd486,news,news_quality,news_general_quality,filter_news_final,qwen3:8b,N03,Balance and objectivity,3,1,5,0.15,50.0,7.5,NEWS_P001,PETALING JAYA: The consumer sector is poised to benefit from a convergence of tourism momentum and domestic policy support as spending patterns adjusted ahead of a busier travel calendar. Near-term demand visibility had ,model,"The article presents a neutral analysis of the consumer sector's potential growth driven by tourism and policy support, but lacks balanced treatment of opposing views or limitations in the analysis.",,2026-07-01T08:50:02+00:00,2026-07-01T08:50:05+00:00,2026-06-15,qwen3:8b,ollama,0.0,42,4096,192,false,false,ollama_format_schema,news_single_dimension_v3_strict_calibration,2026-07-01T08:50:02+00:00,05_raw_model_outputs/news_final_full/NEWS_SPRITZER_2025_12_19_5cfa1fd486_N03_raw.json,,parsed,valid
NEWS_SPRITZER_2025_12_19_5cfa1fd486_N04,NEWS_SPRITZER_2025_12_19_5cfa1fd486,news,news_quality,news_general_quality,filter_news_final,qwen3:8b,N04,Relevance and information increment,3,1,5,0.2,50.0,10.0,NEWS_P004,"Tourism was expected to drive on-the-go consumption following the government’s allocation of over RM700mil under Budget 2026, including RM500mil for VM2026. Food and beverage players such as F&N were seen benefitting fro",model,"The article mentions Spritzer Bhd as a beneficiary of higher tourist footfall, providing specific company-related information beyond generic market noise.",,2026-07-01T08:50:05+00:00,2026-07-01T08:50:09+00:00,2026-06-15,qwen3:8b,ollama,0.0,42,4096,192,false,false,ollama_format_schema,news_single_dimension_v3_strict_calibration,2026-07-01T08:50:05+00:00,05_raw_model_outputs/news_final_full/NEWS_SPRITZER_2025_12_19_5cfa1fd486_N04_raw.json,,parsed,valid
NEWS_SPRITZER_2025_12_19_5cfa1fd486_N05,NEWS_SPRITZER_2025_12_19_5cfa1fd486,news,news_quality,news_general_quality,filter_news_final,qwen3:8b,N05,Expression clarity and headline fit,4,1,5,0.1,75.0,7.5,NEWS_P001,PETALING JAYA: The consumer sector is poised to benefit from a convergence of tourism momentum and domestic policy support as spending patterns adjusted ahead of a busier travel calendar. Near-term demand visibility had ,model,"Headline clearly reflects the article's focus on tourism and policy support for the consumer sector, with clear and concise language.",,2026-07-01T08:50:09+00:00,2026-07-01T08:50:12+00:00,2026-06-15,qwen3:8b,ollama,0.0,42,4096,192,false,false,ollama_format_schema,news_single_dimension_v3_strict_calibration,2026-07-01T08:50:09+00:00,05_raw_model_outputs/news_final_full/NEWS_SPRITZER_2025_12_19_5cfa1fd486_N05_raw.json,,parsed,valid
NEWS_SPRITZER_2025_12_05_51db7c5d1a_N01,NEWS_SPRITZER_2025_12_05_51db7c5d1a,news,news_quality,news_general_quality,filter_news_final,qwen3:8b,N01,Factual accuracy and internal consistency,3,1,5,0.3,50.0,15.0,NEWS_P001,"PETALING JAYA: While Spritzer Bhd ’s fundamentals remain solid, its valuation is stretched which presents an opportunity for investors to take profit on the stock, according to MBSB Research. The research house downgrade",model,"The article provides internal consistency with factual claims about Spritzer's financials and strategic focus, but lacks independent verification and third-party sources, which limits its factual accuracy score.",,2026-07-01T08:50:12+00:00,2026-07-01T08:50:15+00:00,2026-06-15,qwen3:8b,ollama,0.0,42,4096,192,false,false,ollama_format_schema,news_single_dimension_v3_strict_calibration,2026-07-01T08:50:12+00:00,05_raw_model_outputs/news_final_full/NEWS_SPRITZER_2025_12_05_51db7c5d1a_N01_raw.json,,parsed,valid
NEWS_SPRITZER_2025_12_05_51db7c5d1a_N02,NEWS_SPRITZER_2025_12_05_51db7c5d1a,news,news_quality,news_general_quality,filter_news_final,qwen3:8b,N02,Source transparency and verifiability,3,1,5,0.25,50.0,12.5,NEWS_P001,"PETALING JAYA: While Spritzer Bhd ’s fundamentals remain solid, its valuation is stretched which presents an opportunity for investors to take profit on the stock, according to MBSB Research. The research house downgrade",model,"The article attributes the analysis to MBSB Research and includes specific details about the company's strategy and financials, but lacks direct quotes or named third-party sources, which limits verifiability.",,2026-07-01T08:50:15+00:00,2026-07-01T08:50:18+00:00,2026-06-15,qwen3:8b,ollama,0.0,42,4096,192,false,false,ollama_format_schema,news_single_dimension_v3_strict_calibration,2026-07-01T08:50:15+00:00,05_raw_model_outputs/news_final_full/NEWS_SPRITZER_2025_12_05_51db7c5d1a_N02_raw.json,,parsed,valid
NEWS_SPRITZER_2025_12_05_51db7c5d1a_N03,NEWS_SPRITZER_2025_12_05_51db7c5d1a,news,news_quality,news_general_quality,filter_news_final,qwen3:8b,N03,Balance and objectivity,3,1,5,0.15,50.0,7.5,NEWS_P001,"PETALING JAYA: While Spritzer Bhd ’s fundamentals remain solid, its valuation is stretched which presents an opportunity for investors to take profit on the stock, according to MBSB Research. The research house downgrade",model,"The article presents a positive outlook on Spritzer with emphasis on opportunities for investors, but lacks balanced perspectives or critical analysis of potential risks or challenges.",,2026-07-01T08:50:18+00:00,2026-07-01T08:50:21+00:00,2026-06-15,qwen3:8b,ollama,0.0,42,4096,192,false,false,ollama_format_schema,news_single_dimension_v3_strict_calibration,2026-07-01T08:50:18+00:00,05_raw_model_outputs/news_final_full/NEWS_SPRITZER_2025_12_05_51db7c5d1a_N03_raw.json,,parsed,valid
NEWS_SPRITZER_2025_12_05_51db7c5d1a_N04,NEWS_SPRITZER_2025_12_05_51db7c5d1a,news,news_quality,news_general_quality,filter_news_final,qwen3:8b,N04,Relevance and information increment,3,1,5,0.2,50.0,10.0,NEWS_P001,"PETALING JAYA: While Spritzer Bhd ’s fundamentals remain solid, its valuation is stretched which presents an opportunity for investors to take profit on the stock, according to MBSB Research. The research house downgrade",model,"The article provides some relevant information about Spritzer's strategic focus and operational performance, but lacks depth and specific details beyond generic market noise.",,2026-07-01T08:50:21+00:00,2026-07-01T08:50:24+00:00,2026-06-15,qwen3:8b,ollama,0.0,42,4096,192,false,false,ollama_format_schema,news_single_dimension_v3_strict_calibration,2026-07-01T08:50:21+00:00,05_raw_model_outputs/news_final_full/NEWS_SPRITZER_2025_12_05_51db7c5d1a_N04_raw.json,,parsed,valid
NEWS_SPRITZER_2025_12_05_51db7c5d1a_N05,NEWS_SPRITZER_2025_12_05_51db7c5d1a,news,news_quality,news_general_quality,filter_news_final,qwen3:8b,N05,Expression clarity and headline fit,3,1,5,0.1,50.0,5.0,NEWS_P001,"PETALING JAYA: While Spritzer Bhd ’s fundamentals remain solid, its valuation is stretched which presents an opportunity for investors to take profit on the stock, according to MBSB Research. The research house downgrade",model,"Headline is promotional and lacks clarity, while the article provides detailed analysis but the title does not align well with the content.",,2026-07-01T08:50:24+00:00,2026-07-01T08:50:26+00:00,2026-06-15,qwen3:8b,ollama,0.0,42,4096,192,false,false,ollama_format_schema,news_single_dimension_v3_strict_calibration,2026-07-01T08:50:24+00:00,05_raw_model_outputs/news_final_full/NEWS_SPRITZER_2025_12_05_51db7c5d1a_N05_raw.json,,parsed,valid
NEWS_SPRITZER_2025_11_14_13ba2ae89f_N01,NEWS_SPRITZER_2025_11_14_13ba2ae89f,news,news_quality,news_general_quality,filter_news_final,qwen3:8b,N01,Factual accuracy and internal consistency,4,1,5,0.3,75.0,22.5,TITLE,Inbound tourists to bring growth along for the ride,model,"The title is clear and directly relates to the content about inbound tourists driving growth, showing internal consistency with the article's focus on economic impact and tourism metrics.",,2026-07-01T08:50:26+00:00,2026-07-01T08:50:30+00:00,2026-06-15,qwen3:8b,ollama,0.0,42,4096,192,false,false,ollama_format_schema,news_single_dimension_v3_strict_calibration,2026-07-01T08:50:26+00:00,05_raw_model_outputs/news_final_full/NEWS_SPRITZER_2025_11_14_13ba2ae89f_N01_raw.json,,parsed,valid
NEWS_SPRITZER_2025_11_14_13ba2ae89f_N02,NEWS_SPRITZER_2025_11_14_13ba2ae89f,news,news_quality,news_general_quality,filter_news_final,qwen3:8b,N02,Source transparency and verifiability,4,1,5,0.25,75.0,18.75,NEWS_P001,"PETALING JAYA: Visit Malaysia 2026 (VM26) is expected to be a catalyst for sustainable economic growth as it aims to attract 47 million visitors and generate RM329bil in tourism receipts, analysts say. MBSB Research said",model,"The article cites MBSB Research as the source and provides verifiable data such as visitor numbers, GDP contribution, and receipts, supporting source transparency and verifiability.",,2026-07-01T08:50:30+00:00,2026-07-01T08:50:33+00:00,2026-06-15,qwen3:8b,ollama,0.0,42,4096,192,false,false,ollama_format_schema,news_single_dimension_v3_strict_calibration,2026-07-01T08:50:30+00:00,05_raw_model_outputs/news_final_full/NEWS_SPRITZER_2025_11_14_13ba2ae89f_N02_raw.json,,parsed,valid
NEWS_SPRITZER_2025_11_14_13ba2ae89f_N03,NEWS_SPRITZER_2025_11_14_13ba2ae89f,news,news_quality,news_general_quality,filter_news_final,qwen3:8b,N03,Balance and objectivity,3,1,5,0.15,50.0,7.5,NEWS_P001,"PETALING JAYA: Visit Malaysia 2026 (VM26) is expected to be a catalyst for sustainable economic growth as it aims to attract 47 million visitors and generate RM329bil in tourism receipts, analysts say. MBSB Research said",model,"The article presents a positive outlook on the economic impact of inbound tourism without critical analysis or alternative perspectives, lacking balanced treatment of claims.",,2026-07-01T08:50:33+00:00,2026-07-01T08:50:36+00:00,2026-06-15,qwen3:8b,ollama,0.0,42,4096,192,false,false,ollama_format_schema,news_single_dimension_v3_strict_calibration,2026-07-01T08:50:33+00:00,05_raw_model_outputs/news_final_full/NEWS_SPRITZER_2025_11_14_13ba2ae89f_N03_raw.json,,parsed,valid
NEWS_SPRITZER_2025_11_14_13ba2ae89f_N04,NEWS_SPRITZER_2025_11_14_13ba2ae89f,news,news_quality,news_general_quality,filter_news_final,qwen3:8b,N04,Relevance and information increment,4,1,5,0.2,75.0,15.0,NEWS_P001,"PETALING JAYA: Visit Malaysia 2026 (VM26) is expected to be a catalyst for sustainable economic growth as it aims to attract 47 million visitors and generate RM329bil in tourism receipts, analysts say. MBSB Research said",model,"The article provides specific data on expected tourist numbers and economic impact, showing relevance to SPRITZER's business context beyond generic market noise.",,2026-07-01T08:50:36+00:00,2026-07-01T08:50:40+00:00,2026-06-15,qwen3:8b,ollama,0.0,42,4096,192,false,false,ollama_format_schema,news_single_dimension_v3_strict_calibration,2026-07-01T08:50:36+00:00,05_raw_model_outputs/news_final_full/NEWS_SPRITZER_2025_11_14_13ba2ae89f_N04_raw.json,,parsed,valid
NEWS_SPRITZER_2025_11_14_13ba2ae89f_N05,NEWS_SPRITZER_2025_11_14_13ba2ae89f,news,news_quality,news_general_quality,filter_news_final,qwen3:8b,N05,Expression clarity and headline fit,4,1,5,0.1,75.0,7.5,TITLE,Inbound tourists to bring growth along for the ride,model,Headline is clear and aligns with the article's focus on tourism growth and its economic impact.,,2026-07-01T08:50:40+00:00,2026-07-01T08:50:42+00:00,2026-06-15,qwen3:8b,ollama,0.0,42,4096,192,false,false,ollama_format_schema,news_single_dimension_v3_strict_calibration,2026-07-01T08:50:40+00:00,05_raw_model_outputs/news_final_full/NEWS_SPRITZER_2025_11_14_13ba2ae89f_N05_raw.json,,parsed,valid
NEWS_SPRITZER_2025_10_01_77c6d3d985_N01,NEWS_SPRITZER_2025_10_01_77c6d3d985,news,news_quality,news_general_quality,filter_news_final,qwen3:8b,N01,Factual accuracy and internal consistency,4,1,5,0.3,75.0,22.5,NEWS_P001,"PETALING JAYA: Retail momentum is expected to stay resilient, supported by firm labour market conditions, benign inflation and targeted fiscal measures, say analysts at MBSB Research. According to the research house, wag",model,"The article provides coherent analysis with factual claims about retail growth, subsidies, and economic indicators, though it lacks independent verification of some claims.",,2026-07-01T08:50:42+00:00,2026-07-01T08:50:45+00:00,2026-06-15,qwen3:8b,ollama,0.0,42,4096,192,false,false,ollama_format_schema,news_single_dimension_v3_strict_calibration,2026-07-01T08:50:42+00:00,05_raw_model_outputs/news_final_full/NEWS_SPRITZER_2025_10_01_77c6d3d985_N01_raw.json,,parsed,valid
NEWS_SPRITZER_2025_10_01_77c6d3d985_N02,NEWS_SPRITZER_2025_10_01_77c6d3d985,news,news_quality,news_general_quality,filter_news_final,qwen3:8b,N02,Source transparency and verifiability,4,1,5,0.25,75.0,18.75,NEWS_P001,"PETALING JAYA: Retail momentum is expected to stay resilient, supported by firm labour market conditions, benign inflation and targeted fiscal measures, say analysts at MBSB Research. According to the research house, wag",model,"The article attributes claims to MBSB Research and provides specific details about subsidies and economic indicators, showing verifiable sources and factual content.",,2026-07-01T08:50:45+00:00,2026-07-01T08:50:48+00:00,2026-06-15,qwen3:8b,ollama,0.0,42,4096,192,false,false,ollama_format_schema,news_single_dimension_v3_strict_calibration,2026-07-01T08:50:45+00:00,05_raw_model_outputs/news_final_full/NEWS_SPRITZER_2025_10_01_77c6d3d985_N02_raw.json,,parsed,valid
NEWS_SPRITZER_2025_10_01_77c6d3d985_N03,NEWS_SPRITZER_2025_10_01_77c6d3d985,news,news_quality,news_general_quality,filter_news_final,qwen3:8b,N03,Balance and objectivity,3,1,5,0.15,50.0,7.5,NEWS_P001,"PETALING JAYA: Retail momentum is expected to stay resilient, supported by firm labour market conditions, benign inflation and targeted fiscal measures, say analysts at MBSB Research. According to the research house, wag",model,"The article presents analysis from MBSB Research but lacks balanced treatment of claims, focusing more on positive aspects of retail growth and subsidies without addressing potential counterarguments or limitations.",,2026-07-01T08:50:48+00:00,2026-07-01T08:50:51+00:00,2026-06-15,qwen3:8b,ollama,0.0,42,4096,192,false,false,ollama_format_schema,news_single_dimension_v3_strict_calibration,2026-07-01T08:50:48+00:00,05_raw_model_outputs/news_final_full/NEWS_SPRITZER_2025_10_01_77c6d3d985_N03_raw.json,,parsed,valid
NEWS_SPRITZER_2025_10_01_77c6d3d985_N04,NEWS_SPRITZER_2025_10_01_77c6d3d985,news,news_quality,news_general_quality,filter_news_final,qwen3:8b,N04,Relevance and information increment,3,1,5,0.2,50.0,10.0,NEWS_P001,"PETALING JAYA: Retail momentum is expected to stay resilient, supported by firm labour market conditions, benign inflation and targeted fiscal measures, say analysts at MBSB Research. According to the research house, wag",model,"The article discusses targeted subsidies and their impact on retail growth, providing specific details on fiscal measures and their effects on purchasing power, which adds relevant information beyond generic market noise.",,2026-07-01T08:50:51+00:00,2026-07-01T08:50:54+00:00,2026-06-15,qwen3:8b,ollama,0.0,42,4096,192,false,false,ollama_format_schema,news_single_dimension_v3_strict_calibration,2026-07-01T08:50:51+00:00,05_raw_model_outputs/news_final_full/NEWS_SPRITZER_2025_10_01_77c6d3d985_N04_raw.json,,parsed,valid
NEWS_SPRITZER_2025_10_01_77c6d3d985_N05,NEWS_SPRITZER_2025_10_01_77c6d3d985,news,news_quality,news_general_quality,filter_news_final,qwen3:8b,N05,Expression clarity and headline fit,5,1,5,0.1,100.0,10.0,TITLE,Retail growth to remain resilient with subsidies,model,Headline clearly reflects the article's focus on retail resilience through subsidies and aligns with the content about fiscal measures and consumer sentiment.,,2026-07-01T08:50:54+00:00,2026-07-01T08:50:56+00:00,2026-06-15,qwen3:8b,ollama,0.0,42,4096,192,false,false,ollama_format_schema,news_single_dimension_v3_strict_calibration,2026-07-01T08:50:54+00:00,05_raw_model_outputs/news_final_full/NEWS_SPRITZER_2025_10_01_77c6d3d985_N05_raw.json,,parsed,valid
NEWS_SPRITZER_2025_09_11_1b0940a58d_N01,NEWS_SPRITZER_2025_09_11_1b0940a58d,news,news_quality,news_general_quality,filter_news_final,qwen3:8b,N01,Factual accuracy and internal consistency,4,1,5,0.3,75.0,22.5,NEWS_P001,"PETALING JAYA: There could be further upside for investors in value-for-money retailing brands and consumer staples amid frequent bargain hunting in the current economic environment, analysts say. According to BIMB Resea",model,"The article provides internally consistent analysis with factual claims about consumer behavior, market segments, and specific company performances, though some details like subsidy rationalisation risks are speculative.",,2026-07-01T08:50:56+00:00,2026-07-01T08:51:00+00:00,2026-06-15,qwen3:8b,ollama,0.0,42,4096,192,false,false,ollama_format_schema,news_single_dimension_v3_strict_calibration,2026-07-01T08:50:56+00:00,05_raw_model_outputs/news_final_full/NEWS_SPRITZER_2025_09_11_1b0940a58d_N01_raw.json,,parsed,valid
NEWS_SPRITZER_2025_09_11_1b0940a58d_N02,NEWS_SPRITZER_2025_09_11_1b0940a58d,news,news_quality,news_general_quality,filter_news_final,qwen3:8b,N02,Source transparency and verifiability,4,1,5,0.25,75.0,18.75,NEWS_P001,"PETALING JAYA: There could be further upside for investors in value-for-money retailing brands and consumer staples amid frequent bargain hunting in the current economic environment, analysts say. According to BIMB Resea",model,"The article attributes analysis to BIMB Research and includes verifiable data points such as earnings figures and target prices, demonstrating source transparency and verifiability.",,2026-07-01T08:51:00+00:00,2026-07-01T08:51:04+00:00,2026-06-15,qwen3:8b,ollama,0.0,42,4096,192,false,false,ollama_format_schema,news_single_dimension_v3_strict_calibration,2026-07-01T08:51:00+00:00,05_raw_model_outputs/news_final_full/NEWS_SPRITZER_2025_09_11_1b0940a58d_N02_raw.json,,parsed,valid
NEWS_SPRITZER_2025_09_11_1b0940a58d_N03,NEWS_SPRITZER_2025_09_11_1b0940a58d,news,news_quality,news_general_quality,filter_news_final,qwen3:8b,N03,Balance and objectivity,4,1,5,0.15,75.0,11.25,NEWS_P001,"PETALING JAYA: There could be further upside for investors in value-for-money retailing brands and consumer staples amid frequent bargain hunting in the current economic environment, analysts say. According to BIMB Resea",model,"The article presents a balanced view by discussing both positive and cautionary factors, including risks and mixed performance across different stocks.",,2026-07-01T08:51:04+00:00,2026-07-01T08:51:07+00:00,2026-06-15,qwen3:8b,ollama,0.0,42,4096,192,false,false,ollama_format_schema,news_single_dimension_v3_strict_calibration,2026-07-01T08:51:04+00:00,05_raw_model_outputs/news_final_full/NEWS_SPRITZER_2025_09_11_1b0940a58d_N03_raw.json,,parsed,valid
NEWS_SPRITZER_2025_09_11_1b0940a58d_N04,NEWS_SPRITZER_2025_09_11_1b0940a58d,news,news_quality,news_general_quality,filter_news_final,qwen3:8b,N04,Relevance and information increment,3,1,5,0.2,50.0,10.0,NEWS_P003,"Moreover, the research house said it anticipates a slower third quarter, particularly in the discretionary segment, given the absence of festive-driven spending. The recent second quarter results season for the 12 compan",model,"The article provides specific performance data on Spritzer Bhd, including its above-expectations results and factors contributing to its performance, which adds substance beyond generic market noise.",,2026-07-01T08:51:07+00:00,2026-07-01T08:51:10+00:00,2026-06-15,qwen3:8b,ollama,0.0,42,4096,192,false,false,ollama_format_schema,news_single_dimension_v3_strict_calibration,2026-07-01T08:51:07+00:00,05_raw_model_outputs/news_final_full/NEWS_SPRITZER_2025_09_11_1b0940a58d_N04_raw.json,,parsed,valid
NEWS_SPRITZER_2025_09_11_1b0940a58d_N05,NEWS_SPRITZER_2025_09_11_1b0940a58d,news,news_quality,news_general_quality,filter_news_final,qwen3:8b,N05,Expression clarity and headline fit,4,1,5,0.1,75.0,7.5,TITLE,Switch to value stocks holds investor potential,model,"Headline clearly reflects the article's focus on value stocks and investor potential, with clear and concise expression.",,2026-07-01T08:51:10+00:00,2026-07-01T08:51:13+00:00,2026-06-15,qwen3:8b,ollama,0.0,42,4096,192,false,false,ollama_format_schema,news_single_dimension_v3_strict_calibration,2026-07-01T08:51:10+00:00,05_raw_model_outputs/news_final_full/NEWS_SPRITZER_2025_09_11_1b0940a58d_N05_raw.json,,parsed,valid
NEWS_SPRITZER_2025_08_29_069113b9dc_N01,NEWS_SPRITZER_2025_08_29_069113b9dc,news,news_quality,news_general_quality,filter_news_final,qwen3:8b,N01,Factual accuracy and internal consistency,4,1,5,0.3,75.0,22.5,NEWS_P001,"PETALING JAYA: Analysts are positive on Spritzer Bhd as its second quarter ended June 30, 2025 (2Q25) results came in above expectations for many research houses, on the back of steady bottled water sales, firmer average",model,"The article provides consistent financial figures and aligns with analyst reports, showing internal coherence and factual claims about Spritzer's performance.",,2026-07-01T08:51:13+00:00,2026-07-01T08:51:17+00:00,2026-06-15,qwen3:8b,ollama,0.0,42,4096,192,false,false,ollama_format_schema,news_single_dimension_v3_strict_calibration,2026-07-01T08:51:13+00:00,05_raw_model_outputs/news_final_full/NEWS_SPRITZER_2025_08_29_069113b9dc_N01_raw.json,,parsed,valid
NEWS_SPRITZER_2025_08_29_069113b9dc_N02,NEWS_SPRITZER_2025_08_29_069113b9dc,news,news_quality,news_general_quality,filter_news_final,qwen3:8b,N02,Source transparency and verifiability,4,1,5,0.25,75.0,18.75,NEWS_P001,"PETALING JAYA: Analysts are positive on Spritzer Bhd as its second quarter ended June 30, 2025 (2Q25) results came in above expectations for many research houses, on the back of steady bottled water sales, firmer average",model,"The article cites analysts and research houses with specific details, but lacks direct quotes or named third-party sources, limiting verifiability.",,2026-07-01T08:51:17+00:00,2026-07-01T08:51:21+00:00,2026-06-15,qwen3:8b,ollama,0.0,42,4096,192,false,false,ollama_format_schema,news_single_dimension_v3_strict_calibration,2026-07-01T08:51:17+00:00,05_raw_model_outputs/news_final_full/NEWS_SPRITZER_2025_08_29_069113b9dc_N02_raw.json,,parsed,valid
NEWS_SPRITZER_2025_08_29_069113b9dc_N03,NEWS_SPRITZER_2025_08_29_069113b9dc,news,news_quality,news_general_quality,filter_news_final,qwen3:8b,N03,Balance and objectivity,3,1,5,0.15,50.0,7.5,TITLE,Strong 2Q25 performance positions Spritzer for gains,model,The title is positive and highlights Spritzer's performance without presenting opposing views or balanced perspectives.,,2026-07-01T08:51:21+00:00,2026-07-01T08:51:24+00:00,2026-06-15,qwen3:8b,ollama,0.0,42,4096,192,false,false,ollama_format_schema,news_single_dimension_v3_strict_calibration,2026-07-01T08:51:21+00:00,05_raw_model_outputs/news_final_full/NEWS_SPRITZER_2025_08_29_069113b9dc_N03_raw.json,,parsed,valid
NEWS_SPRITZER_2025_08_29_069113b9dc_N04,NEWS_SPRITZER_2025_08_29_069113b9dc,news,news_quality,news_general_quality,filter_news_final,qwen3:8b,N04,Relevance and information increment,4,1,5,0.2,75.0,15.0,NEWS_P001,"PETALING JAYA: Analysts are positive on Spritzer Bhd as its second quarter ended June 30, 2025 (2Q25) results came in above expectations for many research houses, on the back of steady bottled water sales, firmer average",model,"Provides specific financial results and operational details beyond generic market noise, showing Spritzer's performance and strategic direction.",,2026-07-01T08:51:24+00:00,2026-07-01T08:51:27+00:00,2026-06-15,qwen3:8b,ollama,0.0,42,4096,192,false,false,ollama_format_schema,news_single_dimension_v3_strict_calibration,2026-07-01T08:51:24+00:00,05_raw_model_outputs/news_final_full/NEWS_SPRITZER_2025_08_29_069113b9dc_N04_raw.json,,parsed,valid
NEWS_SPRITZER_2025_08_29_069113b9dc_N05,NEWS_SPRITZER_2025_08_29_069113b9dc,news,news_quality,news_general_quality,filter_news_final,qwen3:8b,N05,Expression clarity and headline fit,5,1,5,0.1,100.0,10.0,TITLE,Strong 2Q25 performance positions Spritzer for gains,model,Headline clearly reflects the article's focus on Spritzer's strong 2Q25 performance and positive outlook.,,2026-07-01T08:51:27+00:00,2026-07-01T08:51:30+00:00,2026-06-15,qwen3:8b,ollama,0.0,42,4096,192,false,false,ollama_format_schema,news_single_dimension_v3_strict_calibration,2026-07-01T08:51:27+00:00,05_raw_model_outputs/news_final_full/NEWS_SPRITZER_2025_08_29_069113b9dc_N05_raw.json,,parsed,valid
NEWS_SPRITZER_2025_06_19_a751838def_N01,NEWS_SPRITZER_2025_06_19_a751838def,news,news_quality,news_general_quality,filter_news_final,qwen3:8b,N01,Factual accuracy and internal consistency,4,1,5,0.3,75.0,22.5,NEWS_P001,"PETALING JAYA: Spending priorities among consumers are expected to impact the outlook of consumer stocks, with stocks offering staples having more traction over consumer discretionary stocks. Analysts expected a “muted” ",model,"The article provides coherent analysis with factual claims about consumer spending trends, tax impacts, and analyst recommendations, showing internal consistency.",,2026-07-01T08:51:30+00:00,2026-07-01T08:51:33+00:00,2026-06-15,qwen3:8b,ollama,0.0,42,4096,192,false,false,ollama_format_schema,news_single_dimension_v3_strict_calibration,2026-07-01T08:51:30+00:00,05_raw_model_outputs/news_final_full/NEWS_SPRITZER_2025_06_19_a751838def_N01_raw.json,,parsed,valid
NEWS_SPRITZER_2025_06_19_a751838def_N02,NEWS_SPRITZER_2025_06_19_a751838def,news,news_quality,news_general_quality,filter_news_final,qwen3:8b,N02,Source transparency and verifiability,4,1,5,0.25,75.0,18.75,NEWS_P001,"PETALING JAYA: Spending priorities among consumers are expected to impact the outlook of consumer stocks, with stocks offering staples having more traction over consumer discretionary stocks. Analysts expected a “muted” ",model,"The article cites MIDF Research as a source, provides specific details about the expanded SST and consumer behavior, and includes analyst comments with target prices, which supports verifiability and transparency.",,2026-07-01T08:51:33+00:00,2026-07-01T08:51:37+00:00,2026-06-15,qwen3:8b,ollama,0.0,42,4096,192,false,false,ollama_format_schema,news_single_dimension_v3_strict_calibration,2026-07-01T08:51:33+00:00,05_raw_model_outputs/news_final_full/NEWS_SPRITZER_2025_06_19_a751838def_N02_raw.json,,parsed,valid
NEWS_SPRITZER_2025_06_19_a751838def_N03,NEWS_SPRITZER_2025_06_19_a751838def,news,news_quality,news_general_quality,filter_news_final,qwen3:8b,N03,Balance and objectivity,3,1,5,0.15,50.0,7.5,NEWS_P001,"PETALING JAYA: Spending priorities among consumers are expected to impact the outlook of consumer stocks, with stocks offering staples having more traction over consumer discretionary stocks. Analysts expected a “muted” ",model,"The article presents a balanced view of consumer staples and discretionary items, but lacks independent perspectives and relies heavily on analyst opinions without counterpoints.",,2026-07-01T08:51:37+00:00,2026-07-01T08:51:40+00:00,2026-06-15,qwen3:8b,ollama,0.0,42,4096,192,false,false,ollama_format_schema,news_single_dimension_v3_strict_calibration,2026-07-01T08:51:37+00:00,05_raw_model_outputs/news_final_full/NEWS_SPRITZER_2025_06_19_a751838def_N03_raw.json,,parsed,valid
NEWS_SPRITZER_2025_06_19_a751838def_N04,NEWS_SPRITZER_2025_06_19_a751838def,news,news_quality,news_general_quality,filter_news_final,qwen3:8b,N04,Relevance and information increment,4,1,5,0.2,75.0,15.0,NEWS_P001,"PETALING JAYA: Spending priorities among consumers are expected to impact the outlook of consumer stocks, with stocks offering staples having more traction over consumer discretionary stocks. Analysts expected a “muted” ",model,"The article provides relevant analysis on consumer staples and their performance amid expanded SST, offering insights beyond generic market noise.",,2026-07-01T08:51:40+00:00,2026-07-01T08:51:42+00:00,2026-06-15,qwen3:8b,ollama,0.0,42,4096,192,false,false,ollama_format_schema,news_single_dimension_v3_strict_calibration,2026-07-01T08:51:40+00:00,05_raw_model_outputs/news_final_full/NEWS_SPRITZER_2025_06_19_a751838def_N04_raw.json,,parsed,valid
NEWS_SPRITZER_2025_06_19_a751838def_N05,NEWS_SPRITZER_2025_06_19_a751838def,news,news_quality,news_general_quality,filter_news_final,qwen3:8b,N05,Expression clarity and headline fit,4,1,5,0.1,75.0,7.5,TITLE,Consumer staples favourable amid expanded SST,model,"Headline clearly reflects the article's focus on consumer staples and expanded SST, with clear and concise expression.",,2026-07-01T08:51:42+00:00,2026-07-01T08:51:45+00:00,2026-06-15,qwen3:8b,ollama,0.0,42,4096,192,false,false,ollama_format_schema,news_single_dimension_v3_strict_calibration,2026-07-01T08:51:42+00:00,05_raw_model_outputs/news_final_full/NEWS_SPRITZER_2025_06_19_a751838def_N05_raw.json,,parsed,valid
NEWS_SPRITZER_2025_06_19_2524a9463e_N01,NEWS_SPRITZER_2025_06_19_2524a9463e,news,news_quality,news_general_quality,filter_news_final,qwen3:8b,N01,Factual accuracy and internal consistency,3,1,5,0.3,50.0,15.0,NEWS_P001,Innoprise Plantations Bhd is showing signs of life as it seeks to close a trading gap that opened during the recent correction. The technical indices have signaled improving momentum with the slow-stochastic rising to 43,model,The article provides technical analysis with internal consistency but lacks external verification and concrete factual claims about the company's performance.,,2026-07-01T08:51:45+00:00,2026-07-01T08:51:48+00:00,2026-06-15,qwen3:8b,ollama,0.0,42,4096,192,false,false,ollama_format_schema,news_single_dimension_v3_strict_calibration,2026-07-01T08:51:45+00:00,05_raw_model_outputs/news_final_full/NEWS_SPRITZER_2025_06_19_2524a9463e_N01_raw.json,,parsed,valid
NEWS_SPRITZER_2025_06_19_2524a9463e_N02,NEWS_SPRITZER_2025_06_19_2524a9463e,news,news_quality,news_general_quality,filter_news_final,qwen3:8b,N02,Source transparency and verifiability,3,1,5,0.25,50.0,12.5,NEWS_P001,Innoprise Plantations Bhd is showing signs of life as it seeks to close a trading gap that opened during the recent correction. The technical indices have signaled improving momentum with the slow-stochastic rising to 43,model,The article provides technical analysis with specific indicators but lacks clear attribution to sources or verifiable facts beyond the company's own data.,,2026-07-01T08:51:48+00:00,2026-07-01T08:51:50+00:00,2026-06-15,qwen3:8b,ollama,0.0,42,4096,192,false,false,ollama_format_schema,news_single_dimension_v3_strict_calibration,2026-07-01T08:51:48+00:00,05_raw_model_outputs/news_final_full/NEWS_SPRITZER_2025_06_19_2524a9463e_N02_raw.json,,parsed,valid
NEWS_SPRITZER_2025_06_19_2524a9463e_N03,NEWS_SPRITZER_2025_06_19_2524a9463e,news,news_quality,news_general_quality,filter_news_final,qwen3:8b,N03,Balance and objectivity,3,1,5,0.15,50.0,7.5,NEWS_P001,Innoprise Plantations Bhd is showing signs of life as it seeks to close a trading gap that opened during the recent correction. The technical indices have signaled improving momentum with the slow-stochastic rising to 43,model,"The article provides technical analysis without clear bias, but lacks independent perspectives or balanced treatment of claims.",,2026-07-01T08:51:50+00:00,2026-07-01T08:51:53+00:00,2026-06-15,qwen3:8b,ollama,0.0,42,4096,192,false,false,ollama_format_schema,news_single_dimension_v3_strict_calibration,2026-07-01T08:51:50+00:00,05_raw_model_outputs/news_final_full/NEWS_SPRITZER_2025_06_19_2524a9463e_N03_raw.json,,parsed,valid
NEWS_SPRITZER_2025_06_19_2524a9463e_N04,NEWS_SPRITZER_2025_06_19_2524a9463e,news,news_quality,news_general_quality,filter_news_final,qwen3:8b,N04,Relevance and information increment,3,1,5,0.2,50.0,10.0,NEWS_P003,The MACD histogram is also looking optimistic with a succession of positive bars. Support for the share is pegged to RM2.44 and RM1.87. Spritzer Bhd could be halting its descent as it finds support at RM1.50. Both the sl,model,"The article provides some technical analysis on Spritzer Bhd's stock performance, indicating potential positive retracement and support levels, but lacks substantive business or operational information beyond market noise.",,2026-07-01T08:51:53+00:00,2026-07-01T08:51:55+00:00,2026-06-15,qwen3:8b,ollama,0.0,42,4096,192,false,false,ollama_format_schema,news_single_dimension_v3_strict_calibration,2026-07-01T08:51:53+00:00,05_raw_model_outputs/news_final_full/NEWS_SPRITZER_2025_06_19_2524a9463e_N04_raw.json,,parsed,valid
NEWS_SPRITZER_2025_06_19_2524a9463e_N05,NEWS_SPRITZER_2025_06_19_2524a9463e,news,news_quality,news_general_quality,filter_news_final,qwen3:8b,N05,Expression clarity and headline fit,3,1,5,0.1,50.0,5.0,NEWS_P001,Innoprise Plantations Bhd is showing signs of life as it seeks to close a trading gap that opened during the recent correction. The technical indices have signaled improving momentum with the slow-stochastic rising to 43,model,"Headline 'SupportLine' is vague and does not clearly reflect the content about stock analysis and technical indicators, leading to a mismatch between the headline and the article body.",,2026-07-01T08:51:55+00:00,2026-07-01T08:51:58+00:00,2026-06-15,qwen3:8b,ollama,0.0,42,4096,192,false,false,ollama_format_schema,news_single_dimension_v3_strict_calibration,2026-07-01T08:51:55+00:00,05_raw_model_outputs/news_final_full/NEWS_SPRITZER_2025_06_19_2524a9463e_N05_raw.json,,parsed,valid
NEWS_SPRITZER_2025_04_16_1dd4fe73e3_N01,NEWS_SPRITZER_2025_04_16_1dd4fe73e3,news,news_quality,news_general_quality,filter_news_final,qwen3:8b,N01,Factual accuracy and internal consistency,4,1,5,0.3,75.0,22.5,NEWS_P001,"PETALING JAYA: Life Water Bhd is well-positioned to scale up rapidly and unlock its long-term earnings potential, underpinned by its dominant foothold in Sabah and vertically integrated operations. Based in Sabah, Life W",model,"The article provides consistent factual claims about Life Water's market position, production capacity, and growth strategies, supported by MIDF Research data.",,2026-07-01T08:51:58+00:00,2026-07-01T08:52:02+00:00,2026-06-15,qwen3:8b,ollama,0.0,42,4096,192,false,false,ollama_format_schema,news_single_dimension_v3_strict_calibration,2026-07-01T08:51:58+00:00,05_raw_model_outputs/news_final_full/NEWS_SPRITZER_2025_04_16_1dd4fe73e3_N01_raw.json,,parsed,valid
NEWS_SPRITZER_2025_04_16_1dd4fe73e3_N02,NEWS_SPRITZER_2025_04_16_1dd4fe73e3,news,news_quality,news_general_quality,filter_news_final,qwen3:8b,N02,Source transparency and verifiability,3,1,5,0.25,50.0,12.5,NEWS_P001,"PETALING JAYA: Life Water Bhd is well-positioned to scale up rapidly and unlock its long-term earnings potential, underpinned by its dominant foothold in Sabah and vertically integrated operations. Based in Sabah, Life W",model,"The article attributes information to MIDF Research but does not provide direct quotes or named sources beyond the research firm, limiting verifiability.",,2026-07-01T08:52:02+00:00,2026-07-01T08:52:05+00:00,2026-06-15,qwen3:8b,ollama,0.0,42,4096,192,false,false,ollama_format_schema,news_single_dimension_v3_strict_calibration,2026-07-01T08:52:02+00:00,05_raw_model_outputs/news_final_full/NEWS_SPRITZER_2025_04_16_1dd4fe73e3_N02_raw.json,,parsed,valid
NEWS_SPRITZER_2025_04_16_1dd4fe73e3_N03,NEWS_SPRITZER_2025_04_16_1dd4fe73e3,news,news_quality,news_general_quality,filter_news_final,qwen3:8b,N03,Balance and objectivity,3,1,5,0.15,50.0,7.5,NEWS_P001,"PETALING JAYA: Life Water Bhd is well-positioned to scale up rapidly and unlock its long-term earnings potential, underpinned by its dominant foothold in Sabah and vertically integrated operations. Based in Sabah, Life W",model,"The article presents Life Water's expansion plans and market position with positive language, but lacks balanced perspectives or critical analysis of potential challenges.",,2026-07-01T08:52:05+00:00,2026-07-01T08:52:09+00:00,2026-06-15,qwen3:8b,ollama,0.0,42,4096,192,false,false,ollama_format_schema,news_single_dimension_v3_strict_calibration,2026-07-01T08:52:05+00:00,05_raw_model_outputs/news_final_full/NEWS_SPRITZER_2025_04_16_1dd4fe73e3_N03_raw.json,,parsed,valid
NEWS_SPRITZER_2025_04_16_1dd4fe73e3_N04,NEWS_SPRITZER_2025_04_16_1dd4fe73e3,news,news_quality,news_general_quality,filter_news_final,qwen3:8b,N04,Relevance and information increment,3,1,5,0.2,50.0,10.0,NEWS_P001,"PETALING JAYA: Life Water Bhd is well-positioned to scale up rapidly and unlock its long-term earnings potential, underpinned by its dominant foothold in Sabah and vertically integrated operations. Based in Sabah, Life W",model,The article provides basic company information and market position but lacks deeper insights or substantive details beyond generic expansion plans.,,2026-07-01T08:52:09+00:00,2026-07-01T08:52:12+00:00,2026-06-15,qwen3:8b,ollama,0.0,42,4096,192,false,false,ollama_format_schema,news_single_dimension_v3_strict_calibration,2026-07-01T08:52:09+00:00,05_raw_model_outputs/news_final_full/NEWS_SPRITZER_2025_04_16_1dd4fe73e3_N04_raw.json,,parsed,valid
NEWS_SPRITZER_2025_04_16_1dd4fe73e3_N05,NEWS_SPRITZER_2025_04_16_1dd4fe73e3,news,news_quality,news_general_quality,filter_news_final,qwen3:8b,N05,Expression clarity and headline fit,4,1,5,0.1,75.0,7.5,TITLE,Life Water targets high-capacity expansion,model,Headline clearly reflects the article's focus on expansion and growth strategies.,,2026-07-01T08:52:12+00:00,2026-07-01T08:52:14+00:00,2026-06-15,qwen3:8b,ollama,0.0,42,4096,192,false,false,ollama_format_schema,news_single_dimension_v3_strict_calibration,2026-07-01T08:52:12+00:00,05_raw_model_outputs/news_final_full/NEWS_SPRITZER_2025_04_16_1dd4fe73e3_N05_raw.json,,parsed,valid
NEWS_SPRITZER_2025_03_19_8da837678a_N01,NEWS_SPRITZER_2025_03_19_8da837678a,news,news_quality,news_general_quality,filter_news_final,qwen3:8b,N01,Factual accuracy and internal consistency,3,1,5,0.3,50.0,15.0,NEWS_P001,"PETALING JAYA: Retail trade grew 8.2% year-on-year in January 2025 reflecting a positive start to the year. Growth was driven by higher spending on food, beverages and tobacco and non-specialised stores, according to MID",model,"The article provides internal consistency with data on retail growth, employment rates, and policy impacts. However, it lacks independent verification of claims and relies on a single source (MIDF Research), which may limit factual accuracy.",,2026-07-01T08:52:14+00:00,2026-07-01T08:52:18+00:00,2026-06-15,qwen3:8b,ollama,0.0,42,4096,192,false,false,ollama_format_schema,news_single_dimension_v3_strict_calibration,2026-07-01T08:52:14+00:00,05_raw_model_outputs/news_final_full/NEWS_SPRITZER_2025_03_19_8da837678a_N01_raw.json,,parsed,valid
NEWS_SPRITZER_2025_03_19_8da837678a_N02,NEWS_SPRITZER_2025_03_19_8da837678a,news,news_quality,news_general_quality,filter_news_final,qwen3:8b,N02,Source transparency and verifiability,3,1,5,0.25,50.0,12.5,NEWS_P001,"PETALING JAYA: Retail trade grew 8.2% year-on-year in January 2025 reflecting a positive start to the year. Growth was driven by higher spending on food, beverages and tobacco and non-specialised stores, according to MID",model,"The article cites MIDF Research as a source, providing verifiable data on retail trade growth and macroeconomic indicators. However, it lacks direct quotes or named third-party sources for specific claims about companies like Spritzer Bhd and Oriental Kopi Holdings Bhd, which limits source transparency.",,2026-07-01T08:52:18+00:00,2026-07-01T08:52:22+00:00,2026-06-15,qwen3:8b,ollama,0.0,42,4096,192,false,false,ollama_format_schema,news_single_dimension_v3_strict_calibration,2026-07-01T08:52:18+00:00,05_raw_model_outputs/news_final_full/NEWS_SPRITZER_2025_03_19_8da837678a_N02_raw.json,,parsed,valid
NEWS_SPRITZER_2025_03_19_8da837678a_N03,NEWS_SPRITZER_2025_03_19_8da837678a,news,news_quality,news_general_quality,filter_news_final,qwen3:8b,N03,Balance and objectivity,3,1,5,0.15,50.0,7.5,NEWS_P001,"PETALING JAYA: Retail trade grew 8.2% year-on-year in January 2025 reflecting a positive start to the year. Growth was driven by higher spending on food, beverages and tobacco and non-specialised stores, according to MID",model,"The article provides balanced economic data and mentions both positive and challenging factors, such as policy adjustments and price pressures, but lacks direct quotes or third-party perspectives, limiting objectivity.",,2026-07-01T08:52:22+00:00,2026-07-01T08:52:25+00:00,2026-06-15,qwen3:8b,ollama,0.0,42,4096,192,false,false,ollama_format_schema,news_single_dimension_v3_strict_calibration,2026-07-01T08:52:22+00:00,05_raw_model_outputs/news_final_full/NEWS_SPRITZER_2025_03_19_8da837678a_N03_raw.json,,parsed,valid
NEWS_SPRITZER_2025_03_19_8da837678a_N04,NEWS_SPRITZER_2025_03_19_8da837678a,news,news_quality,news_general_quality,filter_news_final,qwen3:8b,N04,Relevance and information increment,4,1,5,0.2,75.0,15.0,NEWS_P003,"The tourism sector is also experiencing a resounding resurgence and key consumer centric businesses stand to reap substantial benefits. “Spritzer Bhd is poised to capitalise on increased bottled water demand, fuelled by ",model,"The article provides specific company-related insights on how SPRITZER and other firms are positioned to benefit from tourism growth, adding substance beyond general market trends.",,2026-07-01T08:52:25+00:00,2026-07-01T08:52:28+00:00,2026-06-15,qwen3:8b,ollama,0.0,42,4096,192,false,false,ollama_format_schema,news_single_dimension_v3_strict_calibration,2026-07-01T08:52:25+00:00,05_raw_model_outputs/news_final_full/NEWS_SPRITZER_2025_03_19_8da837678a_N04_raw.json,,parsed,valid
NEWS_SPRITZER_2025_03_19_8da837678a_N05,NEWS_SPRITZER_2025_03_19_8da837678a,news,news_quality,news_general_quality,filter_news_final,qwen3:8b,N05,Expression clarity and headline fit,4,1,5,0.1,75.0,7.5,TITLE,Consumer sector poised to capitalise on tourism windfall,model,"Headline clearly reflects the article's focus on consumer sector benefiting from tourism growth, with clear and concise expression.",,2026-07-01T08:52:28+00:00,2026-07-01T08:52:30+00:00,2026-06-15,qwen3:8b,ollama,0.0,42,4096,192,false,false,ollama_format_schema,news_single_dimension_v3_strict_calibration,2026-07-01T08:52:28+00:00,05_raw_model_outputs/news_final_full/NEWS_SPRITZER_2025_03_19_8da837678a_N05_raw.json,,parsed,valid
NEWS_SPRITZER_2025_02_19_6e3a70e56b_N01,NEWS_SPRITZER_2025_02_19_6e3a70e56b,news,news_quality,news_general_quality,filter_news_final,qwen3:8b,N01,Factual accuracy and internal consistency,4,1,5,0.3,75.0,22.5,NEWS_P001,"PETALING JAYA: The consumer sector outlook remains optimistic, backed by strong government initiatives, including a RM550mil allocation for tourism promotion in Budget 2025 and the extension of visa-free travel for Chine",model,"The article provides specific figures and references to government initiatives, research reports, and economic data, showing internal consistency and factual claims.",,2026-07-01T08:52:30+00:00,2026-07-01T08:52:34+00:00,2026-06-15,qwen3:8b,ollama,0.0,42,4096,192,false,false,ollama_format_schema,news_single_dimension_v3_strict_calibration,2026-07-01T08:52:30+00:00,05_raw_model_outputs/news_final_full/NEWS_SPRITZER_2025_02_19_6e3a70e56b_N01_raw.json,,parsed,valid
NEWS_SPRITZER_2025_02_19_6e3a70e56b_N02,NEWS_SPRITZER_2025_02_19_6e3a70e56b,news,news_quality,news_general_quality,filter_news_final,qwen3:8b,N02,Source transparency and verifiability,4,1,5,0.25,75.0,18.75,NEWS_P001,"PETALING JAYA: The consumer sector outlook remains optimistic, backed by strong government initiatives, including a RM550mil allocation for tourism promotion in Budget 2025 and the extension of visa-free travel for Chine",model,Clear attribution to MIDF Research with verifiable data and government initiatives mentioned.,,2026-07-01T08:52:34+00:00,2026-07-01T08:52:37+00:00,2026-06-15,qwen3:8b,ollama,0.0,42,4096,192,false,false,ollama_format_schema,news_single_dimension_v3_strict_calibration,2026-07-01T08:52:34+00:00,05_raw_model_outputs/news_final_full/NEWS_SPRITZER_2025_02_19_6e3a70e56b_N02_raw.json,,parsed,valid
NEWS_SPRITZER_2025_02_19_6e3a70e56b_N03,NEWS_SPRITZER_2025_02_19_6e3a70e56b,news,news_quality,news_general_quality,filter_news_final,qwen3:8b,N03,Balance and objectivity,3,1,5,0.15,50.0,7.5,NEWS_P001,"PETALING JAYA: The consumer sector outlook remains optimistic, backed by strong government initiatives, including a RM550mil allocation for tourism promotion in Budget 2025 and the extension of visa-free travel for Chine",model,"The article presents a positive outlook on the consumer sector without critical analysis or counterpoints, lacking balanced treatment of claims.",,2026-07-01T08:52:37+00:00,2026-07-01T08:52:40+00:00,2026-06-15,qwen3:8b,ollama,0.0,42,4096,192,false,false,ollama_format_schema,news_single_dimension_v3_strict_calibration,2026-07-01T08:52:37+00:00,05_raw_model_outputs/news_final_full/NEWS_SPRITZER_2025_02_19_6e3a70e56b_N03_raw.json,,parsed,valid
NEWS_SPRITZER_2025_02_19_6e3a70e56b_N04,NEWS_SPRITZER_2025_02_19_6e3a70e56b,news,news_quality,news_general_quality,filter_news_final,qwen3:8b,N04,Relevance and information increment,4,1,5,0.2,75.0,15.0,NEWS_P001,"PETALING JAYA: The consumer sector outlook remains optimistic, backed by strong government initiatives, including a RM550mil allocation for tourism promotion in Budget 2025 and the extension of visa-free travel for Chine",model,"The article provides specific information about SPRITZER's potential benefits from rising tourism, including direct mentions of increased demand for bottled water and government initiatives, which adds substance beyond generic market noise.",,2026-07-01T08:52:40+00:00,2026-07-01T08:52:44+00:00,2026-06-15,qwen3:8b,ollama,0.0,42,4096,192,false,false,ollama_format_schema,news_single_dimension_v3_strict_calibration,2026-07-01T08:52:40+00:00,05_raw_model_outputs/news_final_full/NEWS_SPRITZER_2025_02_19_6e3a70e56b_N04_raw.json,,parsed,valid
NEWS_SPRITZER_2025_02_19_6e3a70e56b_N05,NEWS_SPRITZER_2025_02_19_6e3a70e56b,news,news_quality,news_general_quality,filter_news_final,qwen3:8b,N05,Expression clarity and headline fit,5,1,5,0.1,100.0,10.0,TITLE,Rising tourism brightens consumer sector outlook,model,"Headline clearly reflects the article's focus on tourism's positive impact on the consumer sector, with clear and concise expression.",,2026-07-01T08:52:44+00:00,2026-07-01T08:52:47+00:00,2026-06-15,qwen3:8b,ollama,0.0,42,4096,192,false,false,ollama_format_schema,news_single_dimension_v3_strict_calibration,2026-07-01T08:52:44+00:00,05_raw_model_outputs/news_final_full/NEWS_SPRITZER_2025_02_19_6e3a70e56b_N05_raw.json,,parsed,valid
NEWS_SPRITZER_2024_12_04_989e7aaf2a_N01,NEWS_SPRITZER_2024_12_04_989e7aaf2a,news,news_quality,news_general_quality,filter_news_final,qwen3:8b,N01,Factual accuracy and internal consistency,4,1,5,0.3,75.0,22.5,NEWS_P001,"PETALING JAYA: There are several positive factors which are expected to drive bottler Spritzer Bhd ’s business momentum moving ahead despite some downside risks, analysts say. A boost in production capacity, strategic ca",model,"The article provides coherent information about Spritzer's production capacity expansion and strategic investments, with consistent claims supported by specific details like the 50 million litres per year contribution from the new line.",,2026-07-01T08:52:47+00:00,2026-07-01T08:52:50+00:00,2026-06-15,qwen3:8b,ollama,0.0,42,4096,192,false,false,ollama_format_schema,news_single_dimension_v3_strict_calibration,2026-07-01T08:52:47+00:00,05_raw_model_outputs/news_final_full/NEWS_SPRITZER_2024_12_04_989e7aaf2a_N01_raw.json,,parsed,valid
NEWS_SPRITZER_2024_12_04_989e7aaf2a_N02,NEWS_SPRITZER_2024_12_04_989e7aaf2a,news,news_quality,news_general_quality,filter_news_final,qwen3:8b,N02,Source transparency and verifiability,3,1,5,0.25,50.0,12.5,NEWS_P001,"PETALING JAYA: There are several positive factors which are expected to drive bottler Spritzer Bhd ’s business momentum moving ahead despite some downside risks, analysts say. A boost in production capacity, strategic ca",model,"The article attributes information to MIDF Research and mentions the company's briefing, but lacks direct quotes or named sources for key claims, limiting verifiability.",,2026-07-01T08:52:50+00:00,2026-07-01T08:52:53+00:00,2026-06-15,qwen3:8b,ollama,0.0,42,4096,192,false,false,ollama_format_schema,news_single_dimension_v3_strict_calibration,2026-07-01T08:52:50+00:00,05_raw_model_outputs/news_final_full/NEWS_SPRITZER_2024_12_04_989e7aaf2a_N02_raw.json,,parsed,valid
NEWS_SPRITZER_2024_12_04_989e7aaf2a_N03,NEWS_SPRITZER_2024_12_04_989e7aaf2a,news,news_quality,news_general_quality,filter_news_final,qwen3:8b,N03,Balance and objectivity,3,1,5,0.15,50.0,7.5,NEWS_P001,"PETALING JAYA: There are several positive factors which are expected to drive bottler Spritzer Bhd ’s business momentum moving ahead despite some downside risks, analysts say. A boost in production capacity, strategic ca",model,"The article presents positive factors but lacks balanced treatment of potential risks, with a focus on company's strengths without addressing counterpoints.",,2026-07-01T08:52:53+00:00,2026-07-01T08:52:55+00:00,2026-06-15,qwen3:8b,ollama,0.0,42,4096,192,false,false,ollama_format_schema,news_single_dimension_v3_strict_calibration,2026-07-01T08:52:53+00:00,05_raw_model_outputs/news_final_full/NEWS_SPRITZER_2024_12_04_989e7aaf2a_N03_raw.json,,parsed,valid
NEWS_SPRITZER_2024_12_04_989e7aaf2a_N04,NEWS_SPRITZER_2024_12_04_989e7aaf2a,news,news_quality,news_general_quality,filter_news_final,qwen3:8b,N04,Relevance and information increment,3,1,5,0.2,50.0,10.0,NEWS_P001,"PETALING JAYA: There are several positive factors which are expected to drive bottler Spritzer Bhd ’s business momentum moving ahead despite some downside risks, analysts say. A boost in production capacity, strategic ca",model,"The article provides specific details about Spritzer's production capacity expansion and strategic investments, which add substance beyond generic market noise.",,2026-07-01T08:52:55+00:00,2026-07-01T08:52:58+00:00,2026-06-15,qwen3:8b,ollama,0.0,42,4096,192,false,false,ollama_format_schema,news_single_dimension_v3_strict_calibration,2026-07-01T08:52:55+00:00,05_raw_model_outputs/news_final_full/NEWS_SPRITZER_2024_12_04_989e7aaf2a_N04_raw.json,,parsed,valid
NEWS_SPRITZER_2024_12_04_989e7aaf2a_N05,NEWS_SPRITZER_2024_12_04_989e7aaf2a,news,news_quality,news_general_quality,filter_news_final,qwen3:8b,N05,Expression clarity and headline fit,4,1,5,0.1,75.0,7.5,TITLE,Higher production capacity to buoy Spritzer showing,model,Headline clearly reflects the article's focus on increased production capacity and its positive impact on Spritzer's performance.,,2026-07-01T08:52:58+00:00,2026-07-01T08:53:00+00:00,2026-06-15,qwen3:8b,ollama,0.0,42,4096,192,false,false,ollama_format_schema,news_single_dimension_v3_strict_calibration,2026-07-01T08:52:58+00:00,05_raw_model_outputs/news_final_full/NEWS_SPRITZER_2024_12_04_989e7aaf2a_N05_raw.json,,parsed,valid
NEWS_SPRITZER_2024_11_14_d25845d8ea_N01,NEWS_SPRITZER_2024_11_14_d25845d8ea,news,news_quality,news_general_quality,filter_news_final,qwen3:8b,N01,Factual accuracy and internal consistency,4,1,5,0.3,75.0,22.5,NEWS_P001,"PETALING JAYA: Spritzer Bhd ’s resilient business and dominant market position is likely undervalued by the market as its stock is trading at a 30% discount to the industry average, says RHB Research. According to the re",model,"The article provides consistent factual claims about Spritzer's financial performance, growth metrics, and market position, supported by RHB Research data.",,2026-07-01T08:53:00+00:00,2026-07-01T08:53:04+00:00,2026-06-15,qwen3:8b,ollama,0.0,42,4096,192,false,false,ollama_format_schema,news_single_dimension_v3_strict_calibration,2026-07-01T08:53:00+00:00,05_raw_model_outputs/news_final_full/NEWS_SPRITZER_2024_11_14_d25845d8ea_N01_raw.json,,parsed,valid
NEWS_SPRITZER_2024_11_14_d25845d8ea_N02,NEWS_SPRITZER_2024_11_14_d25845d8ea,news,news_quality,news_general_quality,filter_news_final,qwen3:8b,N02,Source transparency and verifiability,4,1,5,0.25,75.0,18.75,NEWS_P001,"PETALING JAYA: Spritzer Bhd ’s resilient business and dominant market position is likely undervalued by the market as its stock is trading at a 30% discount to the industry average, says RHB Research. According to the re",model,"The article cites RHB Research with specific data points and growth metrics, providing verifiable cues and clear attribution to the source.",,2026-07-01T08:53:04+00:00,2026-07-01T08:53:07+00:00,2026-06-15,qwen3:8b,ollama,0.0,42,4096,192,false,false,ollama_format_schema,news_single_dimension_v3_strict_calibration,2026-07-01T08:53:04+00:00,05_raw_model_outputs/news_final_full/NEWS_SPRITZER_2024_11_14_d25845d8ea_N02_raw.json,,parsed,valid
NEWS_SPRITZER_2024_11_14_d25845d8ea_N03,NEWS_SPRITZER_2024_11_14_d25845d8ea,news,news_quality,news_general_quality,filter_news_final,qwen3:8b,N03,Balance and objectivity,3,1,5,0.15,50.0,7.5,NEWS_P001,"PETALING JAYA: Spritzer Bhd ’s resilient business and dominant market position is likely undervalued by the market as its stock is trading at a 30% discount to the industry average, says RHB Research. According to the re",model,"The article presents Spritzer's positive growth factors but lacks balanced treatment by not addressing potential risks or counterarguments, which is required for objectivity.",,2026-07-01T08:53:07+00:00,2026-07-01T08:53:09+00:00,2026-06-15,qwen3:8b,ollama,0.0,42,4096,192,false,false,ollama_format_schema,news_single_dimension_v3_strict_calibration,2026-07-01T08:53:07+00:00,05_raw_model_outputs/news_final_full/NEWS_SPRITZER_2024_11_14_d25845d8ea_N03_raw.json,,parsed,valid
NEWS_SPRITZER_2024_11_14_d25845d8ea_N04,NEWS_SPRITZER_2024_11_14_d25845d8ea,news,news_quality,news_general_quality,filter_news_final,qwen3:8b,N04,Relevance and information increment,4,1,5,0.2,75.0,15.0,NEWS_P001,"PETALING JAYA: Spritzer Bhd ’s resilient business and dominant market position is likely undervalued by the market as its stock is trading at a 30% discount to the industry average, says RHB Research. According to the re",model,"The article provides specific financial metrics and growth drivers, adding substantive information beyond generic market noise.",,2026-07-01T08:53:09+00:00,2026-07-01T08:53:12+00:00,2026-06-15,qwen3:8b,ollama,0.0,42,4096,192,false,false,ollama_format_schema,news_single_dimension_v3_strict_calibration,2026-07-01T08:53:09+00:00,05_raw_model_outputs/news_final_full/NEWS_SPRITZER_2024_11_14_d25845d8ea_N04_raw.json,,parsed,valid
NEWS_SPRITZER_2024_11_14_d25845d8ea_N05,NEWS_SPRITZER_2024_11_14_d25845d8ea,news,news_quality,news_general_quality,filter_news_final,qwen3:8b,N05,Expression clarity and headline fit,4,1,5,0.1,75.0,7.5,TITLE,Spritzer’s sparkling potential undervalued by market,model,Headline clearly reflects the article's focus on market undervaluation and growth potential.,,2026-07-01T08:53:12+00:00,2026-07-01T08:53:15+00:00,2026-06-15,qwen3:8b,ollama,0.0,42,4096,192,false,false,ollama_format_schema,news_single_dimension_v3_strict_calibration,2026-07-01T08:53:12+00:00,05_raw_model_outputs/news_final_full/NEWS_SPRITZER_2024_11_14_d25845d8ea_N05_raw.json,,parsed,valid
