document_id,ticker,company_name,title,source_name,publish_date,url,text_length,alias_hits,strong_alias_hits,medium_alias_hits,weak_alias_hits,relevance_status,relevance_reason,include_flag,exclude_reason,confidence_tier,main_model_include_flag,broad_include_flag,strict_company_focus_flag,high_confidence_include_flag,needs_manual_review,review_reason,shared_article_flag,multi_company_article_flag,raw_article_hash,raw_row_key,filter_mode,filter_version,original_file,original_file_hash
NEWS_CANDIDATE_000634_951263d8,AJI,Ajinomoto,Trapper Group continues to lead,The Star,2025-10-31,https://www.thestar.com.my/news/nation/2025/10/31/trapper-group-continues-to-lead,4083,Ajinomoto,Ajinomoto,,,low_confidence_company_news,"Target-company alias appears, but company-specific relevance is weak.",Manual,,low,No,Yes,No,No,Yes,weak_company_specific_context,1,0,0e5edf3e6b88c000d4efcff981968ca81c1185c23dcd65a45472c4497ff367f8,"New_news_AJI_AJI_news_csv:{""row_number"": 206}:562eeb781a64",manual_preserve,manual_preserve_v1,New_news/AJI/AJI_news.csv,1c7ae39f5f5b99fb2c5422b287ac63f2aac5f84db8d4acf10712771a137a2da9
NEWS_CANDIDATE_000710_e260168f,AJI,Ajinomoto,Soccer-Casemiro embraces leadership role as Brazil captain under Ancelotti,The Star,2025-10-09,https://www.thestar.com.my/sport/football/2025/10/09/soccer-casemiro-embraces-leadership-role-as-brazil-captain-under-ancelotti,1626,Ajinomoto,Ajinomoto,,,no_target_alias_industry_news,Target words refer to a venue/event name rather than the listed company.,Manual,not_company_news,none,No,No,No,No,Yes,venue_not_company_news,0,0,f38d6eff31d07a138733a83033e2d1cb17fd6e984dfe83b5d2b8514a66768e6b,"New_news_AJI_AJI_news_csv:{""row_number"": 282}:24e69e33f053",manual_preserve,manual_preserve_v1,New_news/AJI/AJI_news.csv,1c7ae39f5f5b99fb2c5422b287ac63f2aac5f84db8d4acf10712771a137a2da9
NEWS_CANDIDATE_000711_4c42089a,AJI,Ajinomoto,Soccer-Brazil's Ancelotti credits team spirit as key to World Cup ambitions,The Star,2025-10-09,https://www.thestar.com.my/sport/football/2025/10/09/soccer-brazil039s-ancelotti-credits-team-spirit-as-key-to-world-cup-ambitions,2233,Ajinomoto,Ajinomoto,,,no_target_alias_industry_news,Target words refer to a venue/event name rather than the listed company.,Manual,not_company_news,none,No,No,No,No,Yes,venue_not_company_news,0,0,e6d9502f7c633fc5b2b689b0f0d4b88db1ba02c690690e7b11d42f724d88eb9a,"New_news_AJI_AJI_news_csv:{""row_number"": 283}:c15b556a1e52",manual_preserve,manual_preserve_v1,New_news/AJI/AJI_news.csv,1c7ae39f5f5b99fb2c5422b287ac63f2aac5f84db8d4acf10712771a137a2da9
NEWS_CANDIDATE_002644_a3cfb855,APOLLO,Apollo,Apollo to become majority shareholder in Atletico Madrid,The Star,2025-11-10,https://www.thestar.com.my/sport/others/2025/11/10/apollo-to-become-majority-shareholder-in-atletico-madrid,1638,APOLLO,,,APOLLO,low_confidence_company_news,Ticker-only weak alias appears in title with business or F&B context.,Manual,,low,No,No,No,No,Yes,ticker_only_title_context,1,0,493e77f0d8149fff5f9e8db620965141218b5d0bf09b9ab0aea753e12b9e1e10,"New_news_APOLLO_APOLLO_news_csv:{""row_number"": 16}:4143b6f53f5e",manual_preserve,manual_preserve_v1,New_news/APOLLO/APOLLO_news.csv,5f0cca94ae07ce6cf04290515c46110de7027f6855271de6768221bd297cf4b2
NEWS_CANDIDATE_002664_aacfcf76,APOLLO,Apollo,"Atletico de Madrid owners in advanced talks to sell majority stake to Apollo, sources say",The Star,2025-09-19,https://www.thestar.com.my/sport/others/2025/09/19/atletico-de-madrid-owners-in-advanced-talks-to-sell-majority-stake-to-apollo-sources-say,2419,APOLLO,,,APOLLO,low_confidence_company_news,Ticker-only weak alias appears in title with business or F&B context.,Manual,,low,No,No,No,No,Yes,ticker_only_title_context,0,0,f26b82336e3ff24c7dab89fbe1faf53e984f7d16ed7dbe8b15a35e4d47fa55c7,"New_news_APOLLO_APOLLO_news_csv:{""row_number"": 36}:21ee4941982b",manual_preserve,manual_preserve_v1,New_news/APOLLO/APOLLO_news.csv,5f0cca94ae07ce6cf04290515c46110de7027f6855271de6768221bd297cf4b2
NEWS_CANDIDATE_002676_2e17a137,APOLLO,Apollo,"Soccer-US fund Apollo in talks to invest in Atletico Madrid, sources say",The Star,2025-07-16,https://www.thestar.com.my/sport/football/2025/07/16/soccer-apollo-in-talks-to-take-stake-in-atletico-madrid-report-says,1560,APOLLO,,,APOLLO,low_confidence_company_news,Ticker-only weak alias appears in title with business or F&B context.,Manual,,low,No,No,No,No,Yes,ticker_only_title_context,0,0,d98b5ed40cfc4e115c5c0783b664fcf6b461818504d3ee5c52d3bbb4f94a1d94,"New_news_APOLLO_APOLLO_news_csv:{""row_number"": 48}:8a3f19cde171",manual_preserve,manual_preserve_v1,New_news/APOLLO/APOLLO_news.csv,5f0cca94ae07ce6cf04290515c46110de7027f6855271de6768221bd297cf4b2
NEWS_CANDIDATE_002698_1126eba0,APOLLO,Apollo,Baidu's Apollo teams with Car Inc to launch autonomous driving rental service,The Star,2025-05-08,https://www.thestar.com.my/tech/tech-news/2025/05/08/baidu039s-apollo-teams-with-car-inc-to-launch-autonomous-driving-rental-service,455,APOLLO,,,APOLLO,low_confidence_company_news,Ticker-only weak alias appears in title with business or F&B context.,Manual,,low,No,No,No,No,Yes,ticker_only_title_context,0,0,c1d1288df85af6be370aa8c8c6ab12532020998c26e701aa7e937247d44d1add,"New_news_APOLLO_APOLLO_news_csv:{""row_number"": 70}:409022922b45",manual_preserve,manual_preserve_v1,New_news/APOLLO/APOLLO_news.csv,5f0cca94ae07ce6cf04290515c46110de7027f6855271de6768221bd297cf4b2
NEWS_CANDIDATE_002699_64153781,APOLLO,Apollo,"Apollo, Carlyle acquire first loan-linked private debt",The Star,2025-05-02,https://www.thestar.com.my/business/business-news/2025/05/02/apollo-carlyle-acquire-first-loan-linked-private-debt,2478,APOLLO,,,APOLLO,low_confidence_company_news,Ticker-only weak alias appears in title with business or F&B context.,Manual,,low,No,No,No,No,Yes,ticker_only_title_context,0,0,8f2f2cbb4d5ee1da9b6c0c9133dde20164db1569f1ba0e6abbc72200f033bd0f,"New_news_APOLLO_APOLLO_news_csv:{""row_number"": 71}:07ab7b0cd1c4",manual_preserve,manual_preserve_v1,New_news/APOLLO/APOLLO_news.csv,5f0cca94ae07ce6cf04290515c46110de7027f6855271de6768221bd297cf4b2
NEWS_CANDIDATE_002713_0ac9beb6,APOLLO,Apollo,India's Apollo Hospitals bets on AI to tackle staff workload,The Star,2025-03-13,https://www.thestar.com.my/tech/tech-news/2025/03/13/india039s-apollo-hospitals-bets-on-ai-to-tackle-staff-workload,2393,APOLLO,,,APOLLO,low_confidence_company_news,Ticker-only weak alias appears in title with business or F&B context.,Manual,,low,No,No,No,No,Yes,ticker_only_title_context,1,0,36abc93e8dce8c992cda7199deca722ab5f29e85a9e584bc74d7466ac63ef144,"New_news_APOLLO_APOLLO_news_csv:{""row_number"": 85}:12130ebcae2e",manual_preserve,manual_preserve_v1,New_news/APOLLO/APOLLO_news.csv,5f0cca94ae07ce6cf04290515c46110de7027f6855271de6768221bd297cf4b2
NEWS_CANDIDATE_002719_0fe8f79e,APOLLO,Apollo,"Meta in talks to raise $35 billion for data center financing led by Apollo, Bloomberg News reports",The Star,2025-02-28,https://www.thestar.com.my/tech/tech-news/2025/02/28/meta-in-talks-to-raise-35-billion-for-data-center-financing-led-by-apollo-bloomberg-news-reports,1465,APOLLO,,,APOLLO,low_confidence_company_news,Ticker-only weak alias appears in title with business or F&B context.,Manual,,low,No,No,No,No,Yes,ticker_only_title_context,1,0,fd4eee14895b628ac8e02819deca85c7c9cf91038d17655913aa4e9a3b0b074c,"New_news_APOLLO_APOLLO_news_csv:{""row_number"": 91}:70ca6b7f94ea",manual_preserve,manual_preserve_v1,New_news/APOLLO/APOLLO_news.csv,5f0cca94ae07ce6cf04290515c46110de7027f6855271de6768221bd297cf4b2
NEWS_CANDIDATE_002737_9fa30d57,APOLLO,Apollo,"Apollo boosting hybrid credit, equity business",The Star,2024-12-12,https://www.thestar.com.my/business/business-news/2024/12/12/apollo-boosting-hybrid-credit-equity-business,3714,APOLLO,,,APOLLO,low_confidence_company_news,Ticker-only weak alias appears in title with business or F&B context.,Manual,,low,No,No,No,No,Yes,ticker_only_title_context,0,0,563e950b99c94a192529d678ba03edb3b0c0776d3295518b9a8251404fea058d,"New_news_APOLLO_APOLLO_news_csv:{""row_number"": 109}:5345af34a1d7",manual_preserve,manual_preserve_v1,New_news/APOLLO/APOLLO_news.csv,5f0cca94ae07ce6cf04290515c46110de7027f6855271de6768221bd297cf4b2
NEWS_CANDIDATE_002760_8e32549b,APOLLO,Apollo,"Apollo eyes $5 billion investment in Intel, Bloomberg News reports",The Star,2024-09-23,https://www.thestar.com.my/tech/tech-news/2024/09/23/apollo-eyes-5-billion-investment-in-intel-bloomberg-news-reports,1751,APOLLO,,,APOLLO,low_confidence_company_news,Ticker-only weak alias appears in title with business or F&B context.,Manual,,low,No,No,No,No,Yes,ticker_only_title_context,0,0,c2b92454493527491193ec7554479ee39e45dd01dcb7d5b0ff45787219cab6b7,"New_news_APOLLO_APOLLO_news_csv:{""row_number"": 132}:4a34168b63f5",manual_preserve,manual_preserve_v1,New_news/APOLLO/APOLLO_news.csv,5f0cca94ae07ce6cf04290515c46110de7027f6855271de6768221bd297cf4b2
NEWS_CANDIDATE_002766_70169413,APOLLO,Apollo,Gold Apollo says it did not make pagers used in Lebanon explosion,The Star,2024-09-18,https://www.thestar.com.my/news/world/2024/09/18/gold-apollo-says-it-did-not-make-pagers-used-in-lebanon-explosion,657,APOLLO,,,APOLLO,low_confidence_company_news,Ticker-only weak alias appears in title with business or F&B context.,Manual,,low,No,No,No,No,Yes,ticker_only_title_context,0,0,2266258f4a4c6e49750f0c4eb894fdb4afed05f23741466435f0ebe576c2f895,"New_news_APOLLO_APOLLO_news_csv:{""row_number"": 138}:9be4e55c4118",manual_preserve,manual_preserve_v1,New_news/APOLLO/APOLLO_news.csv,5f0cca94ae07ce6cf04290515c46110de7027f6855271de6768221bd297cf4b2
NEWS_CANDIDATE_002772_d2137f7e,APOLLO,Apollo,Factbox-Key charges against Philippines' 'Appointed Son of God' Apollo Quiboloy,The Star,2024-09-11,https://www.thestar.com.my/news/world/2024/09/11/factbox-key-charges-against-philippines039-039appointed-son-of-god039-apollo-quiboloy,2436,APOLLO,,,APOLLO,low_confidence_company_news,Ticker-only weak alias appears in title with business or F&B context.,Manual,,low,No,No,No,No,Yes,ticker_only_title_context,1,0,bb7d0803c5bb39111a227cc1f2ce177d4456332cdb028da09ec5b199ea576767,"New_news_APOLLO_APOLLO_news_csv:{""row_number"": 144}:3162846559bb",manual_preserve,manual_preserve_v1,New_news/APOLLO/APOLLO_news.csv,5f0cca94ae07ce6cf04290515c46110de7027f6855271de6768221bd297cf4b2
NEWS_CANDIDATE_002786_ae0c4329,APOLLO,Apollo,Encounter with Apollo,The Star,2024-08-06,https://www.thestar.com.my/food/food-news/2024/08/06/encounter-with-apollo,3072,APOLLO,,,APOLLO,low_confidence_company_news,Ticker-only weak alias appears in title with business or F&B context.,Manual,,low,No,No,No,No,Yes,ticker_only_title_context,1,0,e92bd29c0a91cf33b4f162ba22c80a975458c9d7185c92f1e148f89f6432301f,"New_news_APOLLO_APOLLO_news_csv:{""row_number"": 158}:934cffd3bf59",manual_preserve,manual_preserve_v1,New_news/APOLLO/APOLLO_news.csv,5f0cca94ae07ce6cf04290515c46110de7027f6855271de6768221bd297cf4b2
NEWS_CANDIDATE_002801_44a72bd0,APOLLO,Apollo,"Exclusive-Apollo, Kyndryl in bid for DXC Technology, sources say",The Star,2024-06-11,https://www.thestar.com.my/tech/tech-news/2024/06/11/exclusive-apollo-kyndryl-in-bid-for-dxc-technology-sources-say,1978,APOLLO,,,APOLLO,low_confidence_company_news,Ticker-only weak alias appears in title with business or F&B context.,Manual,,low,No,No,No,No,Yes,ticker_only_title_context,1,0,182b138d453e94bf5e4438ca503fb9ca24ff92cd057a3402c42b0f00f85e7dbf,"New_news_APOLLO_APOLLO_news_csv:{""row_number"": 173}:365188945b5e",manual_preserve,manual_preserve_v1,New_news/APOLLO/APOLLO_news.csv,5f0cca94ae07ce6cf04290515c46110de7027f6855271de6768221bd297cf4b2
NEWS_CANDIDATE_002804_52f76086,APOLLO,Apollo,Apollo buys 49% of Irish Intel factory,The Star,2024-06-06,https://www.thestar.com.my/business/business-news/2024/06/06/apollo-buys-49-of-irish-intel-factory,1131,APOLLO,,,APOLLO,low_confidence_company_news,Ticker-only weak alias appears in title with business or F&B context.,Manual,,low,No,No,No,No,Yes,ticker_only_title_context,0,0,f019af6a8e6061f7ffceb7cfc56e758c153c4eb86097fcf9322d8b9f1173161f,"New_news_APOLLO_APOLLO_news_csv:{""row_number"": 176}:8755280451c4",manual_preserve,manual_preserve_v1,New_news/APOLLO/APOLLO_news.csv,5f0cca94ae07ce6cf04290515c46110de7027f6855271de6768221bd297cf4b2
NEWS_CANDIDATE_002808_38239b49,APOLLO,Apollo,Apollo Global to provide $11 billion to Intel for Ireland facility,The Star,2024-06-05,https://www.thestar.com.my/tech/tech-news/2024/06/05/intel-and-apollo-agree-on-jv-related-to-intel039s-manufacturing-facility-in-ireland,1363,APOLLO,,,APOLLO,low_confidence_company_news,Ticker-only weak alias appears in title with business or F&B context.,Manual,,low,No,No,No,No,Yes,ticker_only_title_context,1,0,3f9d8a058173603d2e1d5d940851e2646f3c1464d423e973eff84e4b299e99ad,"New_news_APOLLO_APOLLO_news_csv:{""row_number"": 180}:21f0a80c65fd",manual_preserve,manual_preserve_v1,New_news/APOLLO/APOLLO_news.csv,5f0cca94ae07ce6cf04290515c46110de7027f6855271de6768221bd297cf4b2
NEWS_CANDIDATE_002817_7acd900d,APOLLO,Apollo,"Intel nears $11 billion deal with Apollo for Ireland factory, WSJ reports",The Star,2024-05-13,https://www.thestar.com.my/tech/tech-news/2024/05/13/intel-nears-deal-with-apollo-for-11-billion-ireland-partnership-wsj-reports,1287,APOLLO,,,APOLLO,low_confidence_company_news,Ticker-only weak alias appears in title with business or F&B context.,Manual,,low,No,No,No,No,Yes,ticker_only_title_context,1,0,9905d80cd922097ac13533682cc46cbac1af8a7caee62ab28f5d67e177119135,"New_news_APOLLO_APOLLO_news_csv:{""row_number"": 189}:f5147ca74f06",manual_preserve,manual_preserve_v1,New_news/APOLLO/APOLLO_news.csv,5f0cca94ae07ce6cf04290515c46110de7027f6855271de6768221bd297cf4b2
NEWS_CANDIDATE_002819_d05de2eb,APOLLO,Apollo,Apollo accused of illegal life policy scheme,The Star,2024-05-01,https://www.thestar.com.my/business/business-news/2024/05/01/apollo-accused-of-illegal-life-policy-scheme,1357,APOLLO,,,APOLLO,low_confidence_company_news,Ticker-only weak alias appears in title with business or F&B context.,Manual,,low,No,No,No,No,Yes,ticker_only_title_context,0,0,deaa78b41f5650acc5eefc0e21bd7cb4fe9afad4f7acdf3d49869f95aec2b4ca,"New_news_APOLLO_APOLLO_news_csv:{""row_number"": 191}:8307a1c9678e",manual_preserve,manual_preserve_v1,New_news/APOLLO/APOLLO_news.csv,5f0cca94ae07ce6cf04290515c46110de7027f6855271de6768221bd297cf4b2
NEWS_CANDIDATE_002821_e25e1a9e,APOLLO,Apollo,"Apollo, KKR and Stonepeak to invest in JV to fund Intel's Ireland facility, Bloomberg reports",The Star,2024-04-27,https://www.thestar.com.my/tech/tech-news/2024/04/27/apollo-kkr-and-stonepeak-to-invest-in-jv-to-fund-intel039s-ireland-facility-bloomberg-reports,272,APOLLO,,,APOLLO,low_confidence_company_news,Ticker-only weak alias appears in title with business or F&B context.,Manual,,low,No,No,No,No,Yes,ticker_only_title_context,0,0,7b02d71af099d8552aa18ff177cd56cbc8e4a76604a5079e929419632d44c23b,"New_news_APOLLO_APOLLO_news_csv:{""row_number"": 193}:6bcb4e4db8d6",manual_preserve,manual_preserve_v1,New_news/APOLLO/APOLLO_news.csv,5f0cca94ae07ce6cf04290515c46110de7027f6855271de6768221bd297cf4b2
NEWS_CANDIDATE_002833_da5b202a,APOLLO,Apollo,Shareholding spread on Apollo’s agenda,The Star,2024-03-21,https://www.thestar.com.my/business/business-news/2024/03/21/shareholding-spread-on-apollos-agenda,586,Apollo Food|APOLLO,,Apollo Food,APOLLO,low_confidence_company_news,Ticker-only weak alias appears in title with business or F&B context.,Manual,,low,No,No,No,No,Yes,ticker_only_title_context,1,0,cf70079bf7e56904564f2ecf900abfba975911ac77464f8d4898bf7837eb5ae1,"New_news_APOLLO_APOLLO_news_csv:{""row_number"": 205}:94ace01c11a7",manual_preserve,manual_preserve_v1,New_news/APOLLO/APOLLO_news.csv,5f0cca94ae07ce6cf04290515c46110de7027f6855271de6768221bd297cf4b2
NEWS_CANDIDATE_002834_821fef53,APOLLO,Apollo,Apollo Food to address shareholding spread,The Star,2024-03-20,https://www.thestar.com.my/business/business-news/2024/03/20/apollo-food-to-address-shareholding-spread,927,Apollo Food|APOLLO,,Apollo Food,APOLLO,low_confidence_company_news,Ticker-only weak alias appears in title with business or F&B context.,Manual,,low,No,Yes,Yes,No,Yes,ticker_only_title_context,1,0,0b6e6fedf27512944552f11eefa54aedac7ac98e0fdbf7b06a4c03135479289a,"New_news_APOLLO_APOLLO_news_csv:{""row_number"": 206}:2938f439ce19",manual_preserve,manual_preserve_v1,New_news/APOLLO/APOLLO_news.csv,5f0cca94ae07ce6cf04290515c46110de7027f6855271de6768221bd297cf4b2
NEWS_CANDIDATE_003326_45c226ed,CCK,CCK,CCK shares rise after special dividend announcement,The Star,2024-12-27,https://www.thestar.com.my/business/business-news/2024/12/27/cck-shares-rise-after-special-dividend-announcement,830,CCK,,,CCK,low_confidence_company_news,Ticker-only weak alias appears in title with business or F&B context.,Manual,,low,No,No,No,No,Yes,ticker_only_title_context,1,0,26be45febfa5e4ef34cf4cac53ed545ec0661e588f238c03899a25f83982dfd8,"New_news_CCK_CCK_news_csv:{""row_number"": 10}:ebde45838488",manual_preserve,manual_preserve_v1,New_news/CCK/CCK_news.csv,24b22fa75c5756fc2a7ce4dd74181c862ecab1937cdf05b0625b0bef9abd1d34
NEWS_CANDIDATE_003328_e7b8b362,CCK,CCK,CCK Consolidated declares special dividend of 5.0 sen,The Star,2024-12-26,https://www.thestar.com.my/business/business-news/2024/12/26/cck-consolidated-declares-special-dividend-of-50-sen,421,CCK,,,CCK,low_confidence_company_news,Ticker-only weak alias appears in title with business or F&B context.,Manual,,low,No,No,No,No,Yes,ticker_only_title_context,1,0,17b455c2d79576d79b0c65de82379f107776c4a59a7aa4597f6a1365a64ab5ab,"New_news_CCK_CCK_news_csv:{""row_number"": 12}:be9f70e8970c",manual_preserve,manual_preserve_v1,New_news/CCK/CCK_news.csv,24b22fa75c5756fc2a7ce4dd74181c862ecab1937cdf05b0625b0bef9abd1d34
NEWS_CANDIDATE_003335_823a779e,CCK,CCK,CCK sells 40% stake in Indonesian subsidiary PT Adilmart to Creador,The Star,2024-09-12,https://www.thestar.com.my/business/business-news/2024/09/12/cck-sells-40-stake-in-indonesian-subsidiary-pt-adilmart-to-creador,1427,CCK,,,CCK,low_confidence_company_news,Ticker-only weak alias appears in title with business or F&B context.,Manual,,low,No,No,No,No,Yes,ticker_only_title_context,0,0,aff049515500c9e201fea2be540a3c9c7e4d3284139fbd067155b8de90f1021a,"New_news_CCK_CCK_news_csv:{""row_number"": 19}:0209466dfd24",manual_preserve,manual_preserve_v1,New_news/CCK/CCK_news.csv,24b22fa75c5756fc2a7ce4dd74181c862ecab1937cdf05b0625b0bef9abd1d34
NEWS_CANDIDATE_005592_5b2c55b2,ETA,Annual Report 2020,"Rex Industry changes name to ETA Group, effective Dec 8",The Star,2025-12-03,https://www.thestar.com.my/business/business-news/2025/12/03/rex-industry-changes-name-to-eta-group-effective-dec-8,384,ETA,,,ETA,low_confidence_company_news,Ticker-only weak alias appears in title with business or F&B context.,Manual,,low,No,No,No,No,Yes,ticker_only_title_context,0,0,ff520997408472744ef30749d0becf5fb25a79d8a042c7909a6266429d4e6e5c,"New_news_ETA_ETA_news_csv:{""row_number"": 1762}:8e2dda2f74e8",manual_preserve,manual_preserve_v1,New_news/ETA/ETA_news.csv,f0b55954c0065ebcf31054445af35d2e9e0477f868dfeb0feb6c2a7fbf338a69
NEWS_CANDIDATE_014798_1de07235,ETA,Annual Report 2020,Beware of scam sites when applying for ETA to Britain,The Star,2025-07-11,https://www.thestar.com.my/lifestyle/travel/2025/07/11/beware-of-scam-sites-when-applying-for-eta-to-britain,1932,ETA,,,ETA,low_confidence_company_news,Ticker-only weak alias appears in title with business or F&B context.,Manual,,low,No,No,No,No,Yes,ticker_only_title_context,0,0,0ae7a09c59528d4121b27bd131cbb91745e501042c0b89e3c34c0baf60ba9c9d,"New_news_ETA_ETA_news_csv:{""row_number"": 10968}:d2bc29c3e06e",manual_preserve,manual_preserve_v1,New_news/ETA/ETA_news.csv,f0b55954c0065ebcf31054445af35d2e9e0477f868dfeb0feb6c2a7fbf338a69
NEWS_CANDIDATE_031859_037ed224,ETA,Annual Report 2020,"Singaporeans will need ETA permit to enter the UK from Jan 8, 2025",The Star,2024-09-13,https://www.thestar.com.my/aseanplus/aseanplus-news/2024/09/13/singaporeans-will-need-eta-permit-to-enter-the-uk-from-jan-8-2025,1434,ETA,,,ETA,low_confidence_company_news,Ticker-only weak alias appears in title with business or F&B context.,Manual,,low,No,No,No,No,Yes,ticker_only_title_context,0,0,130af59f0883795110559d2d8a5c5e581ca7ee47d7ae709cfed2fa78b67d7d54,"New_news_ETA_ETA_news_csv:{""row_number"": 28029}:3175640777a7",manual_preserve,manual_preserve_v1,New_news/ETA/ETA_news.csv,f0b55954c0065ebcf31054445af35d2e9e0477f868dfeb0feb6c2a7fbf338a69
NEWS_CANDIDATE_044230_fc929745,FFB,FarmFresh,FFB production increase poised to buoy Kim Loong,The Star,2025-12-31,https://www.thestar.com.my/business/business-news/2025/12/31/ffb-production-increase-poised-to-buoy-kim-loong,2646,FFB,,,FFB,low_confidence_company_news,Ticker-only weak alias appears in title with business or F&B context.,Manual,,low,No,No,No,No,Yes,ticker_only_title_context,1,0,3baafda9b1c135b348bd7bdf1b4a24b4488c7d199a055b416c9d455c76071da3,"New_news_FFB_FFB_news_csv:{""row_number"": 1}:3ad44e44805f",manual_preserve,manual_preserve_v1,New_news/FFB/FFB_news.csv,3b1438da63b59562389e6dc91e200a750645acbb8934b7e0a0ecf1b3b63bd2ec
NEWS_CANDIDATE_044236_11b6492f,FFB,FarmFresh,"United Malacca 2Q net profit surges to RM55.37mil on higher CPO, FFB output",The Star,2025-12-18,https://www.thestar.com.my/business/business-news/2025/12/18/united-malacca-2q-net-profit-surges-to-rm5537mil-on-higher-cpo-ffb-output,1504,FFB,,,FFB,low_confidence_company_news,Ticker-only weak alias appears in title with business or F&B context.,Manual,,low,No,No,No,No,Yes,ticker_only_title_context,1,0,af89947eeee08d3cfa47785df4826c3926b79f36afb91dac8e80065adb19a65d,"New_news_FFB_FFB_news_csv:{""row_number"": 7}:b3ac83f47a6e",manual_preserve,manual_preserve_v1,New_news/FFB/FFB_news.csv,3b1438da63b59562389e6dc91e200a750645acbb8934b7e0a0ecf1b3b63bd2ec
NEWS_CANDIDATE_044248_c7d79509,FFB,FarmFresh,Hap Seng Plantations to benefit from higher FFB,The Star,2025-11-14,https://www.thestar.com.my/business/business-news/2025/11/14/hap-seng-plantations-to-benefit-from-higher-ffb,1570,FFB,,,FFB,low_confidence_company_news,Ticker-only weak alias appears in title with business or F&B context.,Manual,,low,No,No,No,No,Yes,ticker_only_title_context,1,0,35248d876a29e7a81e4a83cebaad23c4d3e8275148d8c8477d1cb19caa16901a,"New_news_FFB_FFB_news_csv:{""row_number"": 19}:81618da8ce61",manual_preserve,manual_preserve_v1,New_news/FFB/FFB_news.csv,3b1438da63b59562389e6dc91e200a750645acbb8934b7e0a0ecf1b3b63bd2ec
NEWS_CANDIDATE_044262_3da636fc,FFB,FarmFresh,Negeri Sembilan lifts nearly 30% of poor households out of poverty,The Star,2025-08-28,https://www.thestar.com.my/news/nation/2025/08/28/negeri-sembilan-lifts-nearly-30-of-poor-households-out-of-poverty,2199,Farm Fresh Berhad|Farm Fresh,Farm Fresh Berhad|Farm Fresh,,,low_confidence_company_news,"Target-company alias appears, but company-specific relevance is weak.",Manual,,low,No,Yes,No,No,Yes,weak_company_specific_context,1,0,f419979dbaffbe1354af199334871feef305755333088528697611a0c55205c9,"New_news_FFB_FFB_news_csv:{""row_number"": 33}:f4259e7fdb9d",manual_preserve,manual_preserve_v1,New_news/FFB/FFB_news.csv,3b1438da63b59562389e6dc91e200a750645acbb8934b7e0a0ecf1b3b63bd2ec
NEWS_CANDIDATE_044278_ac1553c1,FFB,FarmFresh,"‘Form Six, not a last resort’",The Star,2025-07-06,https://www.thestar.com.my/news/education/2025/07/06/form-six-not-a-last-resort,5349,Farm Fresh Berhad|Farm Fresh,Farm Fresh Berhad|Farm Fresh,,,low_confidence_company_news,"Target-company alias appears, but company-specific relevance is weak.",Manual,,low,No,Yes,No,No,Yes,weak_company_specific_context,1,0,e04a937393f43e08eae88041323b302ef60ba06c9ff5b67e3403f3288a536538,"New_news_FFB_FFB_news_csv:{""row_number"": 49}:e76a0ddfe571",manual_preserve,manual_preserve_v1,New_news/FFB/FFB_news.csv,3b1438da63b59562389e6dc91e200a750645acbb8934b7e0a0ecf1b3b63bd2ec
NEWS_CANDIDATE_044282_046b3037,FFB,FarmFresh,Kim Loong hopes for better FFB production in FY26,The Star,2025-06-26,https://www.thestar.com.my/business/business-news/2025/06/26/kim-loong-hopes-for-better-ffb-production-in-fy26,1044,FFB,,,FFB,low_confidence_company_news,Ticker-only weak alias appears in title with business or F&B context.,Manual,,low,No,No,No,No,Yes,ticker_only_title_context,1,0,0d58245aa55ed802c467d3cfb81facea332d6e5e8318acdbf58f0c74ec7967c2,"New_news_FFB_FFB_news_csv:{""row_number"": 53}:57ca576b8dd2",manual_preserve,manual_preserve_v1,New_news/FFB/FFB_news.csv,3b1438da63b59562389e6dc91e200a750645acbb8934b7e0a0ecf1b3b63bd2ec
NEWS_CANDIDATE_044291_93e9ea1a,FFB,FarmFresh,"FGV's 1Q earnings bolstered by higher FFB yields, price",The Star,2025-05-28,https://www.thestar.com.my/business/business-news/2025/05/28/fgv039s-1q-earnings-bolstered-by-higher-ffb-yields-price,3716,FFB,,,FFB,low_confidence_company_news,Ticker-only weak alias appears in title with business or F&B context.,Manual,,low,No,No,No,No,Yes,ticker_only_title_context,1,0,f5a1b06fc94f0db9e2f44708da32fa8d66856508a07ee39d19cafcabd2aafd61,"New_news_FFB_FFB_news_csv:{""row_number"": 62}:43149521e172",manual_preserve,manual_preserve_v1,New_news/FFB/FFB_news.csv,3b1438da63b59562389e6dc91e200a750645acbb8934b7e0a0ecf1b3b63bd2ec
NEWS_CANDIDATE_044300_70861348,FFB,FarmFresh,KLK’s FY25 FFB output growth assumption lowered,The Star,2025-04-04,https://www.thestar.com.my/business/business-news/2025/04/04/klksfy25-ffb-output-growth-assumption-lowered,2137,FFB,,,FFB,low_confidence_company_news,Ticker-only weak alias appears in title with business or F&B context.,Manual,,low,No,No,No,No,Yes,ticker_only_title_context,1,0,d688c8af84fec9151ee8b3e3546c2ae167ab8d3637079a89b10e95be4c876dd0,"New_news_FFB_FFB_news_csv:{""row_number"": 71}:601995b7a5a4",manual_preserve,manual_preserve_v1,New_news/FFB/FFB_news.csv,3b1438da63b59562389e6dc91e200a750645acbb8934b7e0a0ecf1b3b63bd2ec
NEWS_CANDIDATE_044304_54f3fa69,FFB,FarmFresh,Kim Loong poised for growth with higher FFB output,The Star,2025-03-28,https://www.thestar.com.my/business/business-news/2025/03/28/kim-loong-poised-for-growth-with-higher-ffb-output,2152,FFB,,,FFB,low_confidence_company_news,Ticker-only weak alias appears in title with business or F&B context.,Manual,,low,No,No,No,No,Yes,ticker_only_title_context,1,0,f9932ee4df2f0664ac28537bde9913345671d2e817aba390054a66d68cc7f6fa,"New_news_FFB_FFB_news_csv:{""row_number"": 75}:51587a945ef2",manual_preserve,manual_preserve_v1,New_news/FFB/FFB_news.csv,3b1438da63b59562389e6dc91e200a750645acbb8934b7e0a0ecf1b3b63bd2ec
NEWS_CANDIDATE_044305_df8e9c10,FFB,FarmFresh,Kim Loong aims to increase FFB production,The Star,2025-03-27,https://www.thestar.com.my/business/business-news/2025/03/27/kim-loong-aims-to-increase-ffb-production,935,FFB,,,FFB,low_confidence_company_news,Ticker-only weak alias appears in title with business or F&B context.,Manual,,low,No,No,No,No,Yes,ticker_only_title_context,1,0,22d970eaba62ce650c420d614037a95b7dc40691c90fd84eb82d031336e71c3d,"New_news_FFB_FFB_news_csv:{""row_number"": 76}:252ddd906f99",manual_preserve,manual_preserve_v1,New_news/FFB/FFB_news.csv,3b1438da63b59562389e6dc91e200a750645acbb8934b7e0a0ecf1b3b63bd2ec
NEWS_CANDIDATE_044306_c9f18567,FFB,FarmFresh,Kim Loong targets up to 10% increase in FFB production for FY26,The Star,2025-03-26,https://www.thestar.com.my/business/business-news/2025/03/26/kim-loong-targets-up-to-10-increase-in-ffb-production-for-fy26,1120,FFB,,,FFB,low_confidence_company_news,Ticker-only weak alias appears in title with business or F&B context.,Manual,,low,No,No,No,No,Yes,ticker_only_title_context,1,0,cbdcb198fcb924758b872dcb4514c5eefce4ad41a438c7bdc69a40d0a8bea9d4,"New_news_FFB_FFB_news_csv:{""row_number"": 77}:02147cb7bb8e",manual_preserve,manual_preserve_v1,New_news/FFB/FFB_news.csv,3b1438da63b59562389e6dc91e200a750645acbb8934b7e0a0ecf1b3b63bd2ec
NEWS_CANDIDATE_044309_c2b46592,FFB,FarmFresh,"FFB growth, land expansion to drive KLK earnings",The Star,2025-03-20,https://www.thestar.com.my/business/business-news/2025/03/20/ffb-growth-land-expansion-to-drive-klk-earnings,3267,FFB,,,FFB,low_confidence_company_news,Ticker-only weak alias appears in title with business or F&B context.,Manual,,low,No,No,No,No,Yes,ticker_only_title_context,1,0,46ea840f612933289b8283a62d2b3c0a33db801fdf9360e8ddb3f1e4768a1944,"New_news_FFB_FFB_news_csv:{""row_number"": 80}:0751262027fe",manual_preserve,manual_preserve_v1,New_news/FFB/FFB_news.csv,3b1438da63b59562389e6dc91e200a750645acbb8934b7e0a0ecf1b3b63bd2ec
NEWS_CANDIDATE_044328_b3a85799,FFB,FarmFresh,Kim Loong Resources expects lower FFB production for FY25,The Star,2024-12-27,https://www.thestar.com.my/business/business-news/2024/12/27/kim-loong-resources-expects-lower-ffb-production-for-fy25,1337,FFB,,,FFB,low_confidence_company_news,Ticker-only weak alias appears in title with business or F&B context.,Manual,,low,No,No,No,No,Yes,ticker_only_title_context,1,0,4626fe9717ab0857f1d1e038f1fcdf985c7daff6efda7ca85771e8e5b270496e,"New_news_FFB_FFB_news_csv:{""row_number"": 99}:fcc987a9256f",manual_preserve,manual_preserve_v1,New_news/FFB/FFB_news.csv,3b1438da63b59562389e6dc91e200a750645acbb8934b7e0a0ecf1b3b63bd2ec
NEWS_CANDIDATE_044349_ce3b11ed,FFB,FarmFresh,Kim Loong targets earnings growth on higher FFB production,The Star,2024-09-18,https://www.thestar.com.my/business/business-news/2024/09/18/kim-loong-targets-earnings-growth-on-higher-ffb-production,2628,FFB,,,FFB,low_confidence_company_news,Ticker-only weak alias appears in title with business or F&B context.,Manual,,low,No,No,No,No,Yes,ticker_only_title_context,1,0,b694e4cbcfe9d840e66e81aac2e2409fd51bfb4394aa85f3c40f75e8e387e4a5,"New_news_FFB_FFB_news_csv:{""row_number"": 120}:626fd2e515ea",manual_preserve,manual_preserve_v1,New_news/FFB/FFB_news.csv,3b1438da63b59562389e6dc91e200a750645acbb8934b7e0a0ecf1b3b63bd2ec
NEWS_CANDIDATE_044366_5a85f9e7,FFB,FarmFresh,Kim Loong aiming for higher FFB production,The Star,2024-06-28,https://www.thestar.com.my/business/business-news/2024/06/28/kim-loong-aiming-for-higher-ffb-production,894,FFB,,,FFB,low_confidence_company_news,Ticker-only weak alias appears in title with business or F&B context.,Manual,,low,No,No,No,No,Yes,ticker_only_title_context,1,0,41e6cad1b29b88a34b44abd2ca3693e771c87648bd8ea2ea749c8f8a5037c7c8,"New_news_FFB_FFB_news_csv:{""row_number"": 137}:3bf60dda4c82",manual_preserve,manual_preserve_v1,New_news/FFB/FFB_news.csv,3b1438da63b59562389e6dc91e200a750645acbb8934b7e0a0ecf1b3b63bd2ec
NEWS_CANDIDATE_044367_14711a68,FFB,FarmFresh,United Malacca expects spike in FFB production,The Star,2024-06-28,https://www.thestar.com.my/business/business-news/2024/06/28/united-malacca-expects-spike-in-ffb-production,1349,FFB,,,FFB,low_confidence_company_news,Ticker-only weak alias appears in title with business or F&B context.,Manual,,low,No,No,No,No,Yes,ticker_only_title_context,1,0,3a37ab2404dc10c5356c2239e5b6af60495a898d74c43695b2cba4272b1d4191,"New_news_FFB_FFB_news_csv:{""row_number"": 138}:707ed7c6926a",manual_preserve,manual_preserve_v1,New_news/FFB/FFB_news.csv,3b1438da63b59562389e6dc91e200a750645acbb8934b7e0a0ecf1b3b63bd2ec
NEWS_CANDIDATE_044368_9d37f4cb,FFB,FarmFresh,"Kim Loong targets 5% FFB production increase, plans 1,000 hectares replanting",The Star,2024-06-27,https://www.thestar.com.my/business/business-news/2024/06/27/kim-loong-targets-5-ffb-production-increase-plans-1000-hectares-replanting,1501,FFB,,,FFB,low_confidence_company_news,Ticker-only weak alias appears in title with business or F&B context.,Manual,,low,No,No,No,No,Yes,ticker_only_title_context,1,0,18223f8f6c9b96967cfa2fb0d3990a7e720a2134d9706119d4f8b0f0e9d99d31,"New_news_FFB_FFB_news_csv:{""row_number"": 139}:95c7f106cc1b",manual_preserve,manual_preserve_v1,New_news/FFB/FFB_news.csv,3b1438da63b59562389e6dc91e200a750645acbb8934b7e0a0ecf1b3b63bd2ec
NEWS_CANDIDATE_044375_e2c7b2fd,FFB,FarmFresh,Stronger 2H likely for KLK on robust FFB output,The Star,2024-05-23,https://www.thestar.com.my/business/business-news/2024/05/23/stronger-2h-likely-for-klk-on-robust-ffb-output,4248,FFB,,,FFB,low_confidence_company_news,Ticker-only weak alias appears in title with business or F&B context.,Manual,,low,No,No,No,No,Yes,ticker_only_title_context,1,0,ae325e5dda104a02dcfbd9e4383b571ec172873fedd322c431aee814bac349a6,"New_news_FFB_FFB_news_csv:{""row_number"": 146}:5bf0bf17e20a",manual_preserve,manual_preserve_v1,New_news/FFB/FFB_news.csv,3b1438da63b59562389e6dc91e200a750645acbb8934b7e0a0ecf1b3b63bd2ec
NEWS_CANDIDATE_044383_9143a471,FFB,FarmFresh,Kim Loong targets 5% growth in FFB output,The Star,2024-03-27,https://www.thestar.com.my/business/business-news/2024/03/27/kim-loong-targets-5-growth-in-ffb-output,1525,FFB,,,FFB,low_confidence_company_news,Ticker-only weak alias appears in title with business or F&B context.,Manual,,low,No,No,No,No,Yes,ticker_only_title_context,1,0,8a52bbc230d3ac56289c29c68420a26e8c8df6b8e8bcfdd4a9dd60fcdcb4b1c0,"New_news_FFB_FFB_news_csv:{""row_number"": 154}:31b49def39e4",manual_preserve,manual_preserve_v1,New_news/FFB/FFB_news.csv,3b1438da63b59562389e6dc91e200a750645acbb8934b7e0a0ecf1b3b63bd2ec
NEWS_CANDIDATE_044386_633da1cf,FFB,FarmFresh,Johari: Palm oil industry players need to increase FFB yields,The Star,2024-03-14,https://www.thestar.com.my/business/business-news/2024/03/14/johari-palm-oil-industry-players-need-to-increase-ffb-yields,1439,FFB,,,FFB,low_confidence_company_news,Ticker-only weak alias appears in title with business or F&B context.,Manual,,low,No,No,No,No,Yes,ticker_only_title_context,0,0,2da6e2a2d58712d519fde01b6647a0fba136918b82a2d4e9643bdf8961e2fe7c,"New_news_FFB_FFB_news_csv:{""row_number"": 157}:7c91ce13fe41",manual_preserve,manual_preserve_v1,New_news/FFB/FFB_news.csv,3b1438da63b59562389e6dc91e200a750645acbb8934b7e0a0ecf1b3b63bd2ec
NEWS_CANDIDATE_050370_afa0e112,HEIM,Heineken,"Tipsy-Turvy Quick Shots: Scotch for a cause, cognac craft, peachy beer",The Star,2024-10-30,https://www.thestar.com.my/lifestyle/living/tipsy-turvy/2024/10/30/tipsy-turvy-quick-shots-scotch-for-a-cause-cognac-craft-peachy-beer,3976,Heineken|Heineken Malaysia Berhad|Heineken Malaysia,Heineken|Heineken Malaysia Berhad|Heineken Malaysia,,,low_confidence_company_news,"Target-company alias appears, but company-specific relevance is weak.",Manual,,low,No,Yes,No,No,Yes,weak_company_specific_context,0,0,3ad6f4d03436401fa07ae6b479e1afe85ba6e694842a5d0843f6c97510c5cfaa,"New_news_HEIM_HEIM_news_csv:{""row_number"": 240}:d2f00b0e2a4d",manual_preserve,manual_preserve_v1,New_news/HEIM/HEIM_news.csv,247e95521f79a6c947c7c3cd40597ce8ac8a4d71ef9ad136d9b9abb400f6269c
NEWS_CANDIDATE_050385_04946e70,HEIM,Heineken,"Tipsy-Turvy Quick Shots: Beer champs, highballs, and swift nights",The Star,2024-09-26,https://www.thestar.com.my/lifestyle/living/tipsy-turvy/2024/09/26/tipsy-turvy-quick-shots-beer-champs-highballs-and-swift-nights,5111,Heineken|Heineken Malaysia Berhad|Heineken Malaysia,Heineken|Heineken Malaysia Berhad|Heineken Malaysia,,,low_confidence_company_news,"CSR, sponsorship, metro, lifestyle, or event story with target-company participation but limited firm-level information.",Manual,,low,No,No,No,No,Yes,csr_sponsorship_lifestyle_review,1,0,fa17f8691f96aa8cbf32e753eb7364e92be21cd7c45612695b5a3ef82b2271c5,"New_news_HEIM_HEIM_news_csv:{""row_number"": 255}:c6ae1a83a372",manual_preserve,manual_preserve_v1,New_news/HEIM/HEIM_news.csv,247e95521f79a6c947c7c3cd40597ce8ac8a4d71ef9ad136d9b9abb400f6269c
NEWS_CANDIDATE_050535_35173e78,KAWAN,Kawan Food,"Growth in data centres, energy demand to lift Kawan Renergy",The Star,2025-12-31,https://www.thestar.com.my/business/business-news/2025/12/31/growth-in-data-centres-energy-demand-to-lift-kawan-renergy,2406,KAWAN,,,KAWAN,low_confidence_company_news,Ticker-only weak alias appears in title with business or F&B context.,Manual,,low,No,No,No,No,Yes,ticker_only_title_context,1,0,2823a88949218c97cb3cd0a099278fd7587f3b6aae1118133685bb87bf99975c,"New_news_KAWAN_KAWAN_news_csv:{""row_number"": 1}:b114efbdea64",manual_preserve,manual_preserve_v1,New_news/KAWAN/KAWAN_news.csv,7dc0ddda81f7e0e7b35a0791e25479e7c03c4059f2a35afaa3b7d28c76904b49
NEWS_CANDIDATE_050547_8f5c2b78,KAWAN,Kawan Food,Batu Kawan records higher FY25 net profit of RM467.75mil,The Star,2025-11-26,https://www.thestar.com.my/business/business-news/2025/11/26/batu-kawan-records-higher-fy25-net-profit-of-rm46775mil,1764,KAWAN,,,KAWAN,low_confidence_company_news,Ticker-only weak alias appears in title with business or F&B context.,Manual,,low,No,No,No,No,Yes,ticker_only_title_context,1,0,5fc2eea221214232e1be8926e899437dc753a76874add137b607e288df802fd8,"New_news_KAWAN_KAWAN_news_csv:{""row_number"": 13}:d969ae4f64c2",manual_preserve,manual_preserve_v1,New_news/KAWAN/KAWAN_news.csv,7dc0ddda81f7e0e7b35a0791e25479e7c03c4059f2a35afaa3b7d28c76904b49
NEWS_CANDIDATE_050560_bff404d7,KAWAN,Kawan Food,Kawan Renergy wins contract in Port Klang,The Star,2025-10-24,https://www.thestar.com.my/business/business-news/2025/10/24/kawan-renergy-wins-contract-in-port-klang,873,KAWAN,,,KAWAN,low_confidence_company_news,Ticker-only weak alias appears in title with business or F&B context.,Manual,,low,No,No,No,No,Yes,ticker_only_title_context,1,0,e5e178fa40a96ac06dd7852db8ed5f061b8519f872515ed2e3758624fd2341bf,"New_news_KAWAN_KAWAN_news_csv:{""row_number"": 26}:72b21bc7a1c5",manual_preserve,manual_preserve_v1,New_news/KAWAN/KAWAN_news.csv,7dc0ddda81f7e0e7b35a0791e25479e7c03c4059f2a35afaa3b7d28c76904b49
NEWS_CANDIDATE_050562_56bd7a75,KAWAN,Kawan Food,Kawan Renergy unit secures RM12.75mil contract in Port Klang,The Star,2025-10-23,https://www.thestar.com.my/business/business-news/2025/10/23/kawan-renergy-unit-secures-rm1275mil-contract-in-port-klang,543,KAWAN,,,KAWAN,low_confidence_company_news,Ticker-only weak alias appears in title with business or F&B context.,Manual,,low,No,No,No,No,Yes,ticker_only_title_context,1,0,4541ca5a82e678cc4230f90cbee002be1e99e36b2a294acccf241d643356910d,"New_news_KAWAN_KAWAN_news_csv:{""row_number"": 28}:413f0504cc9e",manual_preserve,manual_preserve_v1,New_news/KAWAN/KAWAN_news.csv,7dc0ddda81f7e0e7b35a0791e25479e7c03c4059f2a35afaa3b7d28c76904b49
NEWS_CANDIDATE_050608_9ba6d4bf,KAWAN,Kawan Food,Kawan Renergy in RM39mil contract win,The Star,2025-07-17,https://www.thestar.com.my/business/business-news/2025/07/17/kawan-renergy-in-rm39mil-contract-win,861,KAWAN,,,KAWAN,low_confidence_company_news,Ticker-only weak alias appears in title with business or F&B context.,Manual,,low,No,No,No,No,Yes,ticker_only_title_context,1,0,d262a06f7c297e9217f0622a8f0847c14689cbb40f69064e639b95ca5548fccc,"New_news_KAWAN_KAWAN_news_csv:{""row_number"": 74}:2e52c61c3a5f",manual_preserve,manual_preserve_v1,New_news/KAWAN/KAWAN_news.csv,7dc0ddda81f7e0e7b35a0791e25479e7c03c4059f2a35afaa3b7d28c76904b49
NEWS_CANDIDATE_050609_51ee8f65,KAWAN,Kawan Food,Kawan Renergy bags RM38.81mil EPCC contract in Port Klang,The Star,2025-07-16,https://www.thestar.com.my/business/business-news/2025/07/16/kawan-renergy-bags-rm3881mil-epcc-contract-in-port-klang,701,KAWAN,,,KAWAN,low_confidence_company_news,Ticker-only weak alias appears in title with business or F&B context.,Manual,,low,No,No,No,No,Yes,ticker_only_title_context,0,0,13e3c1cc58c89abab89e4245ebd20c62f95682d61c7ead81a864074a78130d3e,"New_news_KAWAN_KAWAN_news_csv:{""row_number"": 75}:4263b2a34f1b",manual_preserve,manual_preserve_v1,New_news/KAWAN/KAWAN_news.csv,7dc0ddda81f7e0e7b35a0791e25479e7c03c4059f2a35afaa3b7d28c76904b49
NEWS_CANDIDATE_050612_1bb7ad00,KAWAN,Kawan Food,Landmark market for Batu Kawan ready in 2027,The Star,2025-07-07,https://www.thestar.com.my/metro/metro-news/2025/07/07/landmark-market-for-batu-kawan-ready-in-2027,2657,KAWAN,,,KAWAN,low_confidence_company_news,Ticker-only weak alias appears in title with business or F&B context.,Manual,,low,No,No,No,No,Yes,ticker_only_title_context,0,0,c09509e4a053a7b6c4cec82aad0deae842d35e83205436f6ad079ae0aa0d9d1c,"New_news_KAWAN_KAWAN_news_csv:{""row_number"": 78}:50006b04d78b",manual_preserve,manual_preserve_v1,New_news/KAWAN/KAWAN_news.csv,7dc0ddda81f7e0e7b35a0791e25479e7c03c4059f2a35afaa3b7d28c76904b49
NEWS_CANDIDATE_050634_a89b28fd,KAWAN,Kawan Food,Malaysia’s halal product exports up 15% to RM62bil last year,The Star,2025-05-02,https://www.thestar.com.my/business/business-news/2025/05/02/malaysias-halal-product-exports-up-15-to-rm62bil-last-year,1702,Kawan Food|KAWAN,Kawan Food,,KAWAN,low_confidence_company_news,"Target-company alias appears, but company-specific relevance is weak.",Manual,,low,No,Yes,No,No,Yes,weak_company_specific_context,1,0,92be1ce1ee1ce68b889b1e2226c666b76f64bbe087c6120752b564f52f19f56f,"New_news_KAWAN_KAWAN_news_csv:{""row_number"": 100}:3351f55cbe16",manual_preserve,manual_preserve_v1,New_news/KAWAN/KAWAN_news.csv,7dc0ddda81f7e0e7b35a0791e25479e7c03c4059f2a35afaa3b7d28c76904b49
NEWS_CANDIDATE_050637_d8fd85a0,KAWAN,Kawan Food,Malaysia’s halal product exports up 15% to RM61.79bil in 2024,The Star,2025-05-01,https://www.thestar.com.my/business/business-news/2025/05/01/malaysias-halal-product-exports-up-15-to-rm6179bil-in-2024,3723,Kawan Food|KAWAN,Kawan Food,,KAWAN,low_confidence_company_news,"Target-company alias appears, but company-specific relevance is weak.",Manual,,low,No,Yes,No,No,Yes,weak_company_specific_context,1,1,93db4ae48e42d92d32c24be3e6c7b4ec0a3b498465d09d8d0a333ff4daa5e413,"New_news_KAWAN_KAWAN_news_csv:{""row_number"": 103}:360d95356f43",manual_preserve,manual_preserve_v1,New_news/KAWAN/KAWAN_news.csv,7dc0ddda81f7e0e7b35a0791e25479e7c03c4059f2a35afaa3b7d28c76904b49
NEWS_CANDIDATE_050674_88814fb3,KAWAN,Kawan Food,Kawan Renergy reports record earnings for FY24,The Star,2024-12-20,https://www.thestar.com.my/business/business-news/2024/12/20/kawan-renergy-reports-record-earnings-for-fy24,1382,KAWAN,,,KAWAN,low_confidence_company_news,Ticker-only weak alias appears in title with business or F&B context.,Manual,,low,No,No,No,No,Yes,ticker_only_title_context,1,0,f30a5c1ab11778c50472eb7a9f774493a176b87038aea94dcb22320784564849,"New_news_KAWAN_KAWAN_news_csv:{""row_number"": 140}:1fcf2fcc2800",manual_preserve,manual_preserve_v1,New_news/KAWAN/KAWAN_news.csv,7dc0ddda81f7e0e7b35a0791e25479e7c03c4059f2a35afaa3b7d28c76904b49
NEWS_CANDIDATE_050702_ea476430,KAWAN,Kawan Food,Lim Hun Soon is chairman of Kawan Food,The Star,2024-10-17,https://www.thestar.com.my/business/business-news/2024/10/17/lim-hun-soon-is-chairman-of-kawan-food,703,Kawan Food|KAWAN,Kawan Food,,KAWAN,low_confidence_company_news,Ticker-only weak alias appears in title with business or F&B context.,Manual,,low,No,Yes,Yes,No,Yes,ticker_only_title_context,1,0,2536298274d6a4a99c32dd129826defdac760a539a685af2531478af25d04a3d,"New_news_KAWAN_KAWAN_news_csv:{""row_number"": 168}:8f28c0784898",manual_preserve,manual_preserve_v1,New_news/KAWAN/KAWAN_news.csv,7dc0ddda81f7e0e7b35a0791e25479e7c03c4059f2a35afaa3b7d28c76904b49
NEWS_CANDIDATE_050713_b18e3eb7,KAWAN,Kawan Food,RM60mil market earmarked for Batu Kawan,The Star,2024-09-25,https://www.thestar.com.my/metro/metro-news/2024/09/25/rm60mil-market-earmarked-for-batu-kawan,1741,KAWAN,,,KAWAN,low_confidence_company_news,Ticker-only weak alias appears in title with business or F&B context.,Manual,,low,No,No,No,No,Yes,ticker_only_title_context,0,0,6c1f80cd745ebc1a5ba8c4f3b2a5144ced05e3f411278ebee5b65a83193cd33b,"New_news_KAWAN_KAWAN_news_csv:{""row_number"": 179}:641e413a1d9d",manual_preserve,manual_preserve_v1,New_news/KAWAN/KAWAN_news.csv,7dc0ddda81f7e0e7b35a0791e25479e7c03c4059f2a35afaa3b7d28c76904b49
NEWS_CANDIDATE_050726_834712f8,KAWAN,Kawan Food,Kawan Renergy bags RM58mil contract,The Star,2024-08-08,https://www.thestar.com.my/business/business-news/2024/08/08/kawan-renergy-bags-rm58mil-contract,731,KAWAN,,,KAWAN,low_confidence_company_news,Ticker-only weak alias appears in title with business or F&B context.,Manual,,low,No,No,No,No,Yes,ticker_only_title_context,1,0,0dfda375e756a5bb9d357959051b5903a8588fdbc7c6ef2db468e4d1ea2ee7ea,"New_news_KAWAN_KAWAN_news_csv:{""row_number"": 192}:97d4f202829b",manual_preserve,manual_preserve_v1,New_news/KAWAN/KAWAN_news.csv,7dc0ddda81f7e0e7b35a0791e25479e7c03c4059f2a35afaa3b7d28c76904b49
NEWS_CANDIDATE_050727_e6599d8d,KAWAN,Kawan Food,Kawan Renergy bags RM58mil power plant subcontract,The Star,2024-08-07,https://www.thestar.com.my/business/business-news/2024/08/07/kawan-renergy-bags-rm58mil-power-plant-subcontract,1292,KAWAN,,,KAWAN,low_confidence_company_news,Ticker-only weak alias appears in title with business or F&B context.,Manual,,low,No,No,No,No,Yes,ticker_only_title_context,0,0,834e0794b9877ceefb9630cd428e5ed9ef93e7c24d603f524d3835106acb4143,"New_news_KAWAN_KAWAN_news_csv:{""row_number"": 193}:27d2cfdaf8bf",manual_preserve,manual_preserve_v1,New_news/KAWAN/KAWAN_news.csv,7dc0ddda81f7e0e7b35a0791e25479e7c03c4059f2a35afaa3b7d28c76904b49
NEWS_CANDIDATE_050741_a1054e16,KAWAN,Kawan Food,Kawan Renergy targets RM100mil revenue this year,The Star,2024-05-30,https://www.thestar.com.my/business/business-news/2024/05/30/kawan-renergy-targets-rm100mil-revenue-this-year,2263,KAWAN,,,KAWAN,low_confidence_company_news,Ticker-only weak alias appears in title with business or F&B context.,Manual,,low,No,No,No,No,Yes,ticker_only_title_context,1,0,082a4681d8bb6d08294a345c4328bee23369fbdb604a608fe8a4f6712ca6b111,"New_news_KAWAN_KAWAN_news_csv:{""row_number"": 207}:ed463da3d36a",manual_preserve,manual_preserve_v1,New_news/KAWAN/KAWAN_news.csv,7dc0ddda81f7e0e7b35a0791e25479e7c03c4059f2a35afaa3b7d28c76904b49
NEWS_CANDIDATE_050742_d62386f3,KAWAN,Kawan Food,Kawan Renergy leaps 50% on ACE Market debut,The Star,2024-05-29,https://www.thestar.com.my/business/business-news/2024/05/29/kawan-renergy-leaps-50-on-ace-market-debut,1858,KAWAN,,,KAWAN,low_confidence_company_news,Ticker-only weak alias appears in title with business or F&B context.,Manual,,low,No,No,No,No,Yes,ticker_only_title_context,1,0,b7d418aa6b4bc6dac8a059cc34c27574c4da3eb8cc9cff539b8339c3220800c8,"New_news_KAWAN_KAWAN_news_csv:{""row_number"": 208}:c596f8b60b43",manual_preserve,manual_preserve_v1,New_news/KAWAN/KAWAN_news.csv,7dc0ddda81f7e0e7b35a0791e25479e7c03c4059f2a35afaa3b7d28c76904b49
NEWS_CANDIDATE_050750_ac4d5ba5,KAWAN,Kawan Food,Kerjaya Prospek Property to jointly develop Batu Kawan land for proposed mixed development,The Star,2024-05-09,https://www.thestar.com.my/business/business-news/2024/05/09/kerjaya-prospek-property-to-jointly-develop-batu-kawan-land-for-proposed-mixed-development,1469,KAWAN,,,KAWAN,low_confidence_company_news,Ticker-only weak alias appears in title with business or F&B context.,Manual,,low,No,No,No,No,Yes,ticker_only_title_context,1,0,ea62ed2235a0c4f22a32228a2e64249ec6e1720795fdd16471853b6f59ee0d8d,"New_news_KAWAN_KAWAN_news_csv:{""row_number"": 216}:06a002c96c95",manual_preserve,manual_preserve_v1,New_news/KAWAN/KAWAN_news.csv,7dc0ddda81f7e0e7b35a0791e25479e7c03c4059f2a35afaa3b7d28c76904b49
NEWS_CANDIDATE_050757_1a1fe838,KAWAN,Kawan Food,ACE Market-bound Kawan Renergy signs underwriting agreement,The Star,2024-04-04,https://www.thestar.com.my/business/business-news/2024/04/04/ace-market-bound-kawan-renergy-signs-underwriting-agreement,3239,KAWAN,,,KAWAN,low_confidence_company_news,Ticker-only weak alias appears in title with business or F&B context.,Manual,,low,No,No,No,No,Yes,ticker_only_title_context,1,0,a12813705536c179de7c914defe20d1b0cc69a115b9bcb4db29606cd65c80bd1,"New_news_KAWAN_KAWAN_news_csv:{""row_number"": 223}:547d28828127",manual_preserve,manual_preserve_v1,New_news/KAWAN/KAWAN_news.csv,7dc0ddda81f7e0e7b35a0791e25479e7c03c4059f2a35afaa3b7d28c76904b49
NEWS_CANDIDATE_051199_c3b2c580,LOTUS,Lotus KFM Berhad,“White Lotus” success boosts Thailand’s appeal,The Star,2025-04-17,https://www.thestar.com.my/business/business-news/2025/04/17/white-lotus-success-boosts-thailands-appeal,3126,LOTUS,,,LOTUS,low_confidence_company_news,Ticker-only weak alias appears in title with business or F&B context.,Manual,,low,No,No,No,No,Yes,ticker_only_title_context,1,0,ffcd84aa57f80eeec9b68a3d7dc389c8505ebc465250f4aaeac0ef78c8cfd7e5,"New_news_LOTUS_LOTUS_news_csv:{""row_number"": 65}:eac912d83a1f",manual_preserve,manual_preserve_v1,New_news/LOTUS/LOTUS_news.csv,8dcb32b71a4886944bec0e015bb1ee0894ef54d3324d396f497b2147a40c5f59
NEWS_CANDIDATE_051221_27410280,LOTUS,Lotus KFM Berhad,"Thai hotelier eyes US expansion to draw on White Lotus craze, the HBO hit TV series",The Star,2025-03-13,https://www.thestar.com.my/aseanplus/aseanplus-news/2025/03/13/thai-hotelier-eyes-us-expansion-to-draw-on-white-lotus-craze-the-hbo-hit-tv-series,3874,LOTUS,,,LOTUS,low_confidence_company_news,Ticker-only weak alias appears in title with business or F&B context.,Manual,,low,No,No,No,No,Yes,ticker_only_title_context,1,0,77a14d2f8661de41aebf826bc621682db209d8d8e7811a4741b4bbbc904485f0,"New_news_LOTUS_LOTUS_news_csv:{""row_number"": 87}:275ee68e283c",manual_preserve,manual_preserve_v1,New_news/LOTUS/LOTUS_news.csv,8dcb32b71a4886944bec0e015bb1ee0894ef54d3324d396f497b2147a40c5f59
NEWS_CANDIDATE_051248_9b1c9092,LOTUS,Lotus KFM Berhad,"Lotus Circular to acquire Earthwise Resources, Expert Resource for RM100mil",The Star,2024-12-19,https://www.thestar.com.my/business/business-news/2024/12/19/lotus-circular-to-acquire-earthwise-resources-expert-resource-for-rm100mil,2372,LOTUS,,,LOTUS,low_confidence_company_news,Ticker-only weak alias appears in title with business or F&B context.,Manual,,low,No,No,No,No,Yes,ticker_only_title_context,1,0,4700e7c3afdd82324aea719c0e9746c878f3ce5b94040d953d25973b3e3e0451,"New_news_LOTUS_LOTUS_news_csv:{""row_number"": 114}:5439577f6da7",manual_preserve,manual_preserve_v1,New_news/LOTUS/LOTUS_news.csv,8dcb32b71a4886944bec0e015bb1ee0894ef54d3324d396f497b2147a40c5f59
NEWS_CANDIDATE_051251_c7a14d5b,LOTUS,Lotus KFM Berhad,Blackpink’s Lisa shares seductive glimpse of her 'The White Lotus' character,The Star,2024-12-17,https://www.thestar.com.my/lifestyle/entertainment/2024/12/17/blackpinks-lisa-shares-seductive-glimpse-of-her-039the-white-lotus039-character,1676,LOTUS,,,LOTUS,low_confidence_company_news,Ticker-only weak alias appears in title with business or F&B context.,Manual,,low,No,No,No,No,Yes,ticker_only_title_context,0,0,28ca4fb17204422b84e3b825caf71e610bf1363e987e5b2cc61632ab626e9899,"New_news_LOTUS_LOTUS_news_csv:{""row_number"": 117}:01492cbbb975",manual_preserve,manual_preserve_v1,New_news/LOTUS/LOTUS_news.csv,8dcb32b71a4886944bec0e015bb1ee0894ef54d3324d396f497b2147a40c5f59
NEWS_CANDIDATE_051342_dbac1952,LOTUS,Lotus KFM Berhad,Blackpink’s Lisa poised to star in ‘White Lotus’,The Star,2024-02-14,https://www.thestar.com.my/aseanplus/aseanplus-news/2024/02/14/blackpinks-lisa-poised-to-star-in-white-lotus,1248,LOTUS,,,LOTUS,low_confidence_company_news,Ticker-only weak alias appears in title with business or F&B context.,Manual,,low,No,No,No,No,Yes,ticker_only_title_context,0,0,b003053d156e9b6c87ca00901bf4ace77141ed66bcaaab8021f8ddcd509fe6e1,"New_news_LOTUS_LOTUS_news_csv:{""row_number"": 208}:1cb7cf21e162",manual_preserve,manual_preserve_v1,New_news/LOTUS/LOTUS_news.csv,8dcb32b71a4886944bec0e015bb1ee0894ef54d3324d396f497b2147a40c5f59
NEWS_CANDIDATE_057422_a8ba6b9c,MAGMA,Impiana Hotels Bhd,Magma wraps up RM379mil capital reduction,The Star,2025-08-14,https://www.thestar.com.my/business/business-news/2025/08/14/magma-wraps-up-rm379mil-capital-reduction,693,MAGMA,,,MAGMA,low_confidence_company_news,Ticker-only weak alias appears in title with business or F&B context.,Manual,,low,No,No,No,No,Yes,ticker_only_title_context,1,0,6f8506fe2dae40811e8442166586b638155c240817ee5593285789024a64c91c,"New_news_MAGMA_MAGMA_news_csv:{""row_number"": 9}:291115216b42",manual_preserve,manual_preserve_v1,New_news/MAGMA/MAGMA_news.csv,e65944d9f9b04e42d881d92680d71d4771fe937b70810a22f8d68e6993700d07
NEWS_CANDIDATE_057423_c73cfeb0,MAGMA,Impiana Hotels Bhd,Magma completes RM379mil capital reduction,The Star,2025-08-13,https://www.thestar.com.my/business/business-news/2025/08/13/magma-completes-rm379mil-capital-reduction,1337,MAGMA,,,MAGMA,low_confidence_company_news,Ticker-only weak alias appears in title with business or F&B context.,Manual,,low,No,No,No,No,Yes,ticker_only_title_context,1,0,3172b632cf6756afd3d7fbf548a575c66f1a50153748848c29f2547eb34dc5fc,"New_news_MAGMA_MAGMA_news_csv:{""row_number"": 10}:a32648a9a780",manual_preserve,manual_preserve_v1,New_news/MAGMA/MAGMA_news.csv,e65944d9f9b04e42d881d92680d71d4771fe937b70810a22f8d68e6993700d07
NEWS_CANDIDATE_057436_b92f4ad3,MAGMA,Impiana Hotels Bhd,Magma partners Chagee Malaysia to grow tea business to 300 outlets,The Star,2025-05-16,https://www.thestar.com.my/business/business-news/2025/05/16/magma-partners-chagee-malaysia-to-grow-tea-business-to-300-outlets,1275,MAGMA,,,MAGMA,low_confidence_company_news,Ticker-only weak alias appears in title with business or F&B context.,Manual,,low,No,No,No,No,Yes,ticker_only_title_context,1,0,65ae5fa5571e1622da6055a508ef367b92de0872c113241744038552626aa2bf,"New_news_MAGMA_MAGMA_news_csv:{""row_number"": 23}:4667ce2606d3",manual_preserve,manual_preserve_v1,New_news/MAGMA/MAGMA_news.csv,e65944d9f9b04e42d881d92680d71d4771fe937b70810a22f8d68e6993700d07
NEWS_CANDIDATE_057439_a3678bd0,MAGMA,Impiana Hotels Bhd,Magma posts net loss of RM2.89mil on one-off costs in 3Q,The Star,2024-11-27,https://www.thestar.com.my/business/business-news/2024/11/27/magma-posts-net-loss-of-rm289mil-on-one-off-costs-in-3q,1560,MAGMA,,,MAGMA,low_confidence_company_news,Ticker-only weak alias appears in title with business or F&B context.,Manual,,low,No,No,No,No,Yes,ticker_only_title_context,0,0,be31e27dcbf02c7327a5a6331dd8df4df74b121e73abec9fad1b9adf52eabb66,"New_news_MAGMA_MAGMA_news_csv:{""row_number"": 26}:38c93f05b1d6",manual_preserve,manual_preserve_v1,New_news/MAGMA/MAGMA_news.csv,e65944d9f9b04e42d881d92680d71d4771fe937b70810a22f8d68e6993700d07
NEWS_CANDIDATE_057443_77252623,MAGMA,Impiana Hotels Bhd,Magma acquires RM80mil Dutamas land from Skyload,The Star,2024-09-25,https://www.thestar.com.my/business/business-news/2024/09/25/magma-acquires-rm80mil-dutamas-land-from-skyload,848,MAGMA,,,MAGMA,low_confidence_company_news,Ticker-only weak alias appears in title with business or F&B context.,Manual,,low,No,No,No,No,Yes,ticker_only_title_context,1,0,e60e5f91a84e49586d52c37d21412e21e213d615dd847c8dbc9df7c39fd751a4,"New_news_MAGMA_MAGMA_news_csv:{""row_number"": 30}:5b298bfe16ee",manual_preserve,manual_preserve_v1,New_news/MAGMA/MAGMA_news.csv,e65944d9f9b04e42d881d92680d71d4771fe937b70810a22f8d68e6993700d07
NEWS_CANDIDATE_057444_93340956,MAGMA,Impiana Hotels Bhd,Magma buys RM80mil Dutamas land from Lee Chong Wei's Skyload,The Star,2024-09-24,https://www.thestar.com.my/business/business-news/2024/09/24/magma-buys-rm80mil-dutamas-land-from-lee-chong-wei039s-skyload,1500,MAGMA,,,MAGMA,low_confidence_company_news,Ticker-only weak alias appears in title with business or F&B context.,Manual,,low,No,No,No,No,Yes,ticker_only_title_context,1,0,1f2a3e2380f304fd24daa65fac819266c3f3fb1ff1ab064dbdf4beb4c90c8fa2,"New_news_MAGMA_MAGMA_news_csv:{""row_number"": 31}:22d1044a5297",manual_preserve,manual_preserve_v1,New_news/MAGMA/MAGMA_news.csv,e65944d9f9b04e42d881d92680d71d4771fe937b70810a22f8d68e6993700d07
NEWS_CANDIDATE_057447_d97e5657,MAGMA,Impiana Hotels Bhd,Magma Group sees positive hospitality outlook amid challenges,The Star,2024-08-30,https://www.thestar.com.my/business/business-news/2024/08/30/magma-group-sees-positive-hospitality-outlook-amid-challenges,1842,MAGMA,,,MAGMA,low_confidence_company_news,Ticker-only weak alias appears in title with business or F&B context.,Manual,,low,No,No,No,No,Yes,ticker_only_title_context,1,0,b9a4278e64295f4394f58efaba03db3bb531e2f9d5d17b985d4833b44a47043f,"New_news_MAGMA_MAGMA_news_csv:{""row_number"": 34}:6e4f6ac04dcd",manual_preserve,manual_preserve_v1,New_news/MAGMA/MAGMA_news.csv,e65944d9f9b04e42d881d92680d71d4771fe937b70810a22f8d68e6993700d07
NEWS_CANDIDATE_057448_684d573c,MAGMA,Impiana Hotels Bhd,Magma Group's subsidiary faces legal challenge over Tioman land deal,The Star,2024-08-21,https://www.thestar.com.my/business/business-news/2024/08/21/magma-group039s-subsidiary-faces-legal-challenge-over-tioman-land-deal,1566,MAGMA,,,MAGMA,low_confidence_company_news,Ticker-only weak alias appears in title with business or F&B context.,Manual,,low,No,No,No,No,Yes,ticker_only_title_context,0,0,8ab3011a1af9bb71667d91a44d5a873d6191bc0417d9a7a1068b18a8277e0843,"New_news_MAGMA_MAGMA_news_csv:{""row_number"": 35}:e6e7c4091884",manual_preserve,manual_preserve_v1,New_news/MAGMA/MAGMA_news.csv,e65944d9f9b04e42d881d92680d71d4771fe937b70810a22f8d68e6993700d07
NEWS_CANDIDATE_057452_e30536f0,MAGMA,Impiana Hotels Bhd,Magma focuses on hospitality growth,The Star,2024-06-26,https://www.thestar.com.my/business/business-news/2024/06/26/magma-focuses-on-hospitality-growth,934,MAGMA,,,MAGMA,low_confidence_company_news,Ticker-only weak alias appears in title with business or F&B context.,Manual,,low,No,No,No,No,Yes,ticker_only_title_context,1,0,fb4d4128770d1ff4cd075ec98232442a9d0489b5243ce0b41d6bc551b7893dfe,"New_news_MAGMA_MAGMA_news_csv:{""row_number"": 39}:091f6947cd5a",manual_preserve,manual_preserve_v1,New_news/MAGMA/MAGMA_news.csv,e65944d9f9b04e42d881d92680d71d4771fe937b70810a22f8d68e6993700d07
NEWS_CANDIDATE_057511_cc23cf7d,MSM,MSM Malaysia Holdings Berhad,Felda: Abolish permits for refined sugar,The Star,2025-09-18,https://www.thestar.com.my/news/nation/2025/09/18/felda-abolish-permits-for-refined-sugar,2747,MSM Malaysia Holdings Berhad|MSM|MSM Malaysia,MSM Malaysia Holdings Berhad|MSM Malaysia,,MSM,low_confidence_company_news,"Target-company alias appears, but company-specific relevance is weak.",Manual,,low,No,Yes,Yes,No,Yes,weak_company_specific_context,1,0,fb503a0cc124f3da6eaef8f907a4a978a2bc4657582af9fe726c1304266896da,"New_news_MSM_MSM_news_csv:{""row_number"": 51}:fcfbc634ffa4",manual_preserve,manual_preserve_v1,New_news/MSM/MSM_news.csv,531d6d96b12be620b5c134481caa51bd1d3eadc1c3f9cf62583b68eea069f4aa
NEWS_CANDIDATE_057543_1a0405d8,MSM,MSM Malaysia Holdings Berhad,MSM appoints new acting group CEO,The Star,2025-07-03,https://www.thestar.com.my/business/business-news/2025/07/03/msm-appoints-new-acting-group-ceo,759,MSM|MSM Malaysia,MSM Malaysia,,MSM,low_confidence_company_news,Ticker-only weak alias appears in title with business or F&B context.,Manual,,low,No,Yes,Yes,No,Yes,ticker_only_title_context,1,0,230c00023ae18d21f7b517e7992cbbcd5ca023f2a41d05c7386156c4941f1d2e,"New_news_MSM_MSM_news_csv:{""row_number"": 83}:e466332e07bf",manual_preserve,manual_preserve_v1,New_news/MSM/MSM_news.csv,531d6d96b12be620b5c134481caa51bd1d3eadc1c3f9cf62583b68eea069f4aa
NEWS_CANDIDATE_057544_3c5e02ee,MSM,MSM Malaysia Holdings Berhad,MSM appoints Hasni Ahmad as acting CEO following Syed Feizal’s resignation,The Star,2025-07-02,https://www.thestar.com.my/business/business-news/2025/07/02/msm-appoints-hasni-ahmad-as-acting-ceo-following-syed-feizals-resignation,503,MSM|MSM Malaysia,MSM Malaysia,,MSM,low_confidence_company_news,Ticker-only weak alias appears in title with business or F&B context.,Manual,,low,No,Yes,No,No,Yes,ticker_only_title_context,0,0,172b4b1e02f95b779a8da808a06ed2ebe3ecf86dd36f2569008969dc05381595,"New_news_MSM_MSM_news_csv:{""row_number"": 84}:e261497ed691",manual_preserve,manual_preserve_v1,New_news/MSM/MSM_news.csv,531d6d96b12be620b5c134481caa51bd1d3eadc1c3f9cf62583b68eea069f4aa
NEWS_CANDIDATE_057553_d45188d2,MSM,MSM Malaysia Holdings Berhad,MSM reiterates call for tariff to curb dumping of imported sugar,The Star,2025-06-19,https://www.thestar.com.my/business/business-news/2025/06/19/msm-reiterates-call-for-tariff-to-curb-dumping-of-imported-sugar,1987,MSM|MSM Malaysia,MSM Malaysia,,MSM,low_confidence_company_news,Ticker-only weak alias appears in title with business or F&B context.,Manual,,low,No,Yes,Yes,No,Yes,ticker_only_title_context,1,0,3c15cbd0a4b9c66301d6f7c3db5bfaf56de3ffec03c571dbe8f0089dfcd1e9ce,"New_news_MSM_MSM_news_csv:{""row_number"": 93}:ef6a353393a8",manual_preserve,manual_preserve_v1,New_news/MSM/MSM_news.csv,531d6d96b12be620b5c134481caa51bd1d3eadc1c3f9cf62583b68eea069f4aa
NEWS_CANDIDATE_057565_996961a1,MSM,MSM Malaysia Holdings Berhad,Intraday short selling for MSM Malaysia suspended,The Star,2025-05-22,https://www.thestar.com.my/business/business-news/2025/05/22/intraday-short-selling-for-msm-malaysia-suspended,590,MSM|MSM Malaysia,MSM Malaysia,,MSM,low_confidence_company_news,Ticker-only weak alias appears in title with business or F&B context.,Manual,,low,No,No,No,No,Yes,ticker_only_title_context,0,0,c102d844b93013700c2d60be09877539f79f1dda26739a71305f95b8f4444c72,"New_news_MSM_MSM_news_csv:{""row_number"": 105}:9e4d1698c45f",manual_preserve,manual_preserve_v1,New_news/MSM/MSM_news.csv,531d6d96b12be620b5c134481caa51bd1d3eadc1c3f9cf62583b68eea069f4aa
NEWS_CANDIDATE_057630_9c5af9b4,MSM,MSM Malaysia Holdings Berhad,SupportLine,The Star,2024-10-03,https://www.thestar.com.my/business/business-news/2024/10/03/supportline,1860,MSM|MSM Malaysia,MSM Malaysia,,MSM,low_confidence_company_news,"Target-company alias appears, but company-specific relevance is weak.",Manual,,low,No,No,No,No,Yes,weak_company_specific_context,0,1,196724573e0602c0d3d431cef941a144d631660e8ed238becf7998ce02590ab6,"New_news_MSM_MSM_news_csv:{""row_number"": 170}:f24f3b31a8f8",manual_preserve,manual_preserve_v1,New_news/MSM/MSM_news.csv,531d6d96b12be620b5c134481caa51bd1d3eadc1c3f9cf62583b68eea069f4aa
NEWS_CANDIDATE_057641_c9bb6ecd,MSM,MSM Malaysia Holdings Berhad,FGV on track for a better 2H on rising production,The Star,2024-08-29,https://www.thestar.com.my/business/business-news/2024/08/29/fgv-on-track-for-a-better-2h-on-rising-production,2485,MSM|MSM Malaysia,MSM Malaysia,,MSM,low_confidence_company_news,"Target-company alias appears, but company-specific relevance is weak.",Manual,,low,No,Yes,No,No,Yes,weak_company_specific_context,1,0,5f64fe993aa4599e8924175418c1fa2fe0017baf309d017827a0981a4cd540ff,"New_news_MSM_MSM_news_csv:{""row_number"": 181}:18acd34f3304",manual_preserve,manual_preserve_v1,New_news/MSM/MSM_news.csv,531d6d96b12be620b5c134481caa51bd1d3eadc1c3f9cf62583b68eea069f4aa
NEWS_CANDIDATE_057706_5291717d,MSM,MSM Malaysia Holdings Berhad,FGV targets submission of petition to US customs by end-June,The Star,2024-04-03,https://www.thestar.com.my/business/business-news/2024/04/03/fgv-targets-submission-of-petition-to-us-customs-by-end-june,2166,MSM|MSM Malaysia,MSM Malaysia,,MSM,low_confidence_company_news,"Target-company alias appears, but company-specific relevance is weak.",Manual,,low,No,Yes,No,No,Yes,weak_company_specific_context,1,0,3eef702a4f4484ed0d52d5210f4bf9b9a227fb16ac5646ace9ef6c933da865d0,"New_news_MSM_MSM_news_csv:{""row_number"": 246}:f7fc2d07eba6",manual_preserve,manual_preserve_v1,New_news/MSM/MSM_news.csv,531d6d96b12be620b5c134481caa51bd1d3eadc1c3f9cf62583b68eea069f4aa
NEWS_CANDIDATE_057710_f1fea501,MSM,MSM Malaysia Holdings Berhad,Lack of refinement in sugar policy,The Star,2024-03-21,https://www.thestar.com.my/news/nation/2024/03/21/lack-of-refinement-in-sugar-policy,3041,MSM|MSM Malaysia,MSM Malaysia,,MSM,low_confidence_company_news,"Target-company alias appears, but company-specific relevance is weak.",Manual,,low,No,Yes,Yes,No,Yes,weak_company_specific_context,1,0,ff7cd654a12ead2358c9b7329726f31b33d66c9d9b72ccb92c353ef418919de2,"New_news_MSM_MSM_news_csv:{""row_number"": 250}:bc4282599c64",manual_preserve,manual_preserve_v1,New_news/MSM/MSM_news.csv,531d6d96b12be620b5c134481caa51bd1d3eadc1c3f9cf62583b68eea069f4aa
NEWS_CANDIDATE_057711_f135a262,MSM,MSM Malaysia Holdings Berhad,Govt acknowledges providing incentives to sugar producer after stopping sugar subsidies,The Star,2024-03-20,https://www.thestar.com.my/news/nation/2024/03/20/govt-acknowledges-providing-incentives-to-sugar-producer-after-stopping-sugar-subsidies,3198,MSM|MSM Malaysia,MSM Malaysia,,MSM,low_confidence_company_news,"Target-company alias appears, but company-specific relevance is weak.",Manual,,low,No,Yes,Yes,No,Yes,weak_company_specific_context,1,0,504df7a5b2585decafa0f2b3453db806eb9ddc5d10961997c0d2d5ba95d12611,"New_news_MSM_MSM_news_csv:{""row_number"": 251}:426e341fc05a",manual_preserve,manual_preserve_v1,New_news/MSM/MSM_news.csv,531d6d96b12be620b5c134481caa51bd1d3eadc1c3f9cf62583b68eea069f4aa
NEWS_CANDIDATE_057725_f9813d5d,MSM,MSM Malaysia Holdings Berhad,"Quit flip-flopping on sugar policies, Dr Wee tells govt",The Star,2024-02-28,https://www.thestar.com.my/news/nation/2024/02/28/quit-flip-flopping-on-sugar-policies-dr-wee-tells-govt,2202,MSM Malaysia Holdings Berhad|MSM|MSM Malaysia,MSM Malaysia Holdings Berhad|MSM Malaysia,,MSM,low_confidence_company_news,"Target-company alias appears, but company-specific relevance is weak.",Manual,,low,No,Yes,Yes,No,Yes,weak_company_specific_context,0,0,0c374dc077b292975d925032cadeea09ae2b842d9a37c2e8081aadfbf0579995,"New_news_MSM_MSM_news_csv:{""row_number"": 265}:28407b733dc1",manual_preserve,manual_preserve_v1,New_news/MSM/MSM_news.csv,531d6d96b12be620b5c134481caa51bd1d3eadc1c3f9cf62583b68eea069f4aa
NEWS_CANDIDATE_057746_e91cdefd,NESTLE,Nestle Malaysia Berhad,Yearender: From Green ambition to caution: EU recalibrates climate strategy amid economic headwinds,The Star,2025-12-25,https://www.thestar.com.my/aseanplus/aseanplus-news/2025/12/25/yearender-from-green-ambition-to-caution-eu-recalibrates-climate-strategy-amid-economic-headwinds,5615,Nestle,,Nestle,,low_confidence_company_news,"Target-company alias appears, but company-specific relevance is weak.",Manual,,low,No,No,No,No,Yes,weak_company_specific_context,1,0,c824a9cc2c1b6f7c003b1361c59c3a14231433b13ab6b145dd8d8b6e32ff9224,"New_news_NESTLE_NESTLE_news_csv:{""row_number"": 15}:563f4b62972c",manual_preserve,manual_preserve_v1,New_news/NESTLE/NESTLE_news.csv,437626b696797b38605fd99fa0d515d8b54f29dfede3ecdc300a8f4dce97e6a4
NEWS_CANDIDATE_057762_d9701be6,NESTLE,Nestle Malaysia Berhad,San Francisco sues over ultra-processed food harm,The Star,2025-12-09,https://www.thestar.com.my/lifestyle/health/2025/12/09/san-francisco-sues-over-ultra-processed-food-harm,2532,Nestle,,Nestle,,low_confidence_company_news,"Target-company alias appears, but company-specific relevance is weak.",Manual,,low,No,No,No,No,Yes,weak_company_specific_context,1,0,7b1d2830afefed0a2d1b082148d3b7654d87561ae4161c426df8f0969c97b6df,"New_news_NESTLE_NESTLE_news_csv:{""row_number"": 31}:ff066a4f77a8",manual_preserve,manual_preserve_v1,New_news/NESTLE/NESTLE_news.csv,437626b696797b38605fd99fa0d515d8b54f29dfede3ecdc300a8f4dce97e6a4
NEWS_CANDIDATE_057768_5eb6fa94,NESTLE,Nestle Malaysia Berhad,STRATEGICALLY BUILT FOR SPEED AND SCALE,The Star,2025-12-02,https://www.thestar.com.my/metro/metro-news/2025/12/02/strategically-built-for-speed-and-scale,6313,Nestle,,Nestle,,low_confidence_company_news,"Target-company alias appears, but company-specific relevance is weak.",Manual,,low,No,No,No,No,Yes,weak_company_specific_context,1,1,505a08956a5a16352945da7ddbc9f1e82de06a958a20ff2ab3bd1f4b097d9f84,"New_news_NESTLE_NESTLE_news_csv:{""row_number"": 37}:a50072e460ef",manual_preserve,manual_preserve_v1,New_news/NESTLE/NESTLE_news.csv,437626b696797b38605fd99fa0d515d8b54f29dfede3ecdc300a8f4dce97e6a4
NEWS_CANDIDATE_057772_cfb7857e,NESTLE,Nestle Malaysia Berhad,"Selangor to expand door-to-door recycling initiative to 11 of 12 local authorities by year end, says MB",The Star,2025-11-25,https://www.thestar.com.my/metro/metro-news/2025/11/25/selangor-to-expand-door-to-door-recycling-initiative-to-11-of-12-local-authorities-by-year-end-says-mb,3062,Nestle|Nestle Malaysia,Nestle Malaysia,Nestle,,low_confidence_company_news,"Target-company alias appears, but company-specific relevance is weak.",Manual,,low,No,Yes,No,No,Yes,weak_company_specific_context,1,0,54b14e7b9317c19a7f6d4de62d1edc6a05ff009e30cd4a86d751c8caf5440009,"New_news_NESTLE_NESTLE_news_csv:{""row_number"": 41}:b2abfcea6656",manual_preserve,manual_preserve_v1,New_news/NESTLE/NESTLE_news.csv,437626b696797b38605fd99fa0d515d8b54f29dfede3ecdc300a8f4dce97e6a4
NEWS_CANDIDATE_057773_a0f04c18,NESTLE,Nestle Malaysia Berhad,"‘410,000 Selangor households now recycling’",The Star,2025-11-21,https://www.thestar.com.my/metro/metro-news/2025/11/21/410000-selangor-households-now-recycling,1864,Nestle|Nestle Malaysia,Nestle Malaysia,Nestle,,low_confidence_company_news,"Target-company alias appears, but company-specific relevance is weak.",Manual,,low,No,Yes,No,No,Yes,weak_company_specific_context,1,0,b28b87c6d6091f7d352fa0b3f92ed43e7dd445c5cecc7e672c614e784aeaa1bd,"New_news_NESTLE_NESTLE_news_csv:{""row_number"": 42}:adf1b21c2e71",manual_preserve,manual_preserve_v1,New_news/NESTLE/NESTLE_news.csv,437626b696797b38605fd99fa0d515d8b54f29dfede3ecdc300a8f4dce97e6a4
NEWS_CANDIDATE_057774_d075e3e7,NESTLE,Nestle Malaysia Berhad,Pay-As-You-Throw policy proposed to reduce waste,The Star,2025-11-20,https://www.thestar.com.my/metro/metro-news/2025/11/20/pay-as-you-throw-policy-proposed-to-reduce-waste,2610,Nestle|Nestle Malaysia,Nestle Malaysia,Nestle,,low_confidence_company_news,"Target-company alias appears, but company-specific relevance is weak.",Manual,,low,No,Yes,No,No,Yes,weak_company_specific_context,1,0,c948dbef9a7e0e388edb01f997b413ba8dd4fe98949952be59a32c0814667fa7,"New_news_NESTLE_NESTLE_news_csv:{""row_number"": 43}:cdf1ba40c599",manual_preserve,manual_preserve_v1,New_news/NESTLE/NESTLE_news.csv,437626b696797b38605fd99fa0d515d8b54f29dfede3ecdc300a8f4dce97e6a4
NEWS_CANDIDATE_057775_da332f02,NESTLE,Nestle Malaysia Berhad,T’ganu pupils win national craft contest,The Star,2025-11-19,https://www.thestar.com.my/metro/metro-news/2025/11/19/tganu-pupils-win-national-craft-contest,2994,Nestle|Nestle Malaysia,Nestle Malaysia,Nestle,,low_confidence_company_news,"CSR, sponsorship, metro, lifestyle, or event story with target-company participation but limited firm-level information.",Manual,,low,No,No,No,No,Yes,csr_sponsorship_lifestyle_review,1,0,5f214c1b3a6e375bd0f86fd8c1c759aa6d008b51a6b279b4e584eeb17bce7dfe,"New_news_NESTLE_NESTLE_news_csv:{""row_number"": 44}:db699a40929b",manual_preserve,manual_preserve_v1,New_news/NESTLE/NESTLE_news.csv,437626b696797b38605fd99fa0d515d8b54f29dfede3ecdc300a8f4dce97e6a4
NEWS_CANDIDATE_057776_63227c6c,NESTLE,Nestle Malaysia Berhad,Race walking picks up pace,The Star,2025-11-17,https://www.thestar.com.my/metro/metro-news/2025/11/17/race-walking-picks-up-pace,3012,Nestle|Nestle Malaysia,Nestle Malaysia,Nestle,,low_confidence_company_news,"CSR, sponsorship, metro, lifestyle, or event story with target-company participation but limited firm-level information.",Manual,,low,No,No,No,No,Yes,csr_sponsorship_lifestyle_review,1,0,23fdcc00713bc4fa88e4a87da794996e3ab25f270a539f0c96999558c8280b0d,"New_news_NESTLE_NESTLE_news_csv:{""row_number"": 45}:a12386921040",manual_preserve,manual_preserve_v1,New_news/NESTLE/NESTLE_news.csv,437626b696797b38605fd99fa0d515d8b54f29dfede3ecdc300a8f4dce97e6a4
NEWS_CANDIDATE_057778_97f2ed88,NESTLE,Nestle Malaysia Berhad,New tech could help COP30's Amazon rainforest protection goals,The Star,2025-11-28,https://www.thestar.com.my/tech/tech-news/2025/11/28/new-tech-could-help-cop30039s-amazon-rainforest-protection-goals,5511,Nestle,,Nestle,,low_confidence_company_news,"Target-company alias appears, but company-specific relevance is weak.",Manual,,low,No,No,No,No,Yes,weak_company_specific_context,1,0,da038479a662de54abebe7b91bac4d9cd2ee6f8fa74cab59907436ad05c1cb27,"New_news_NESTLE_NESTLE_news_csv:{""row_number"": 47}:eab9df99c568",manual_preserve,manual_preserve_v1,New_news/NESTLE/NESTLE_news.csv,437626b696797b38605fd99fa0d515d8b54f29dfede3ecdc300a8f4dce97e6a4
NEWS_CANDIDATE_057779_d8131167,NESTLE,Nestle Malaysia Berhad,European Parliament supports year-long deforestation law delay,The Star,2025-11-26,https://www.thestar.com.my/news/world/2025/11/26/european-parliament-supports-year-long-deforestation-law-delay,1341,Nestle,,Nestle,,low_confidence_company_news,"Target-company alias appears, but company-specific relevance is weak.",Manual,,low,No,No,No,No,Yes,weak_company_specific_context,0,0,7fa1456c5a96cc99db9318273ef23db27348353774daf8600bde6810a7e873b8,"New_news_NESTLE_NESTLE_news_csv:{""row_number"": 48}:74829e8d550f",manual_preserve,manual_preserve_v1,New_news/NESTLE/NESTLE_news.csv,437626b696797b38605fd99fa0d515d8b54f29dfede3ecdc300a8f4dce97e6a4
NEWS_CANDIDATE_057789_ecdfcef5,NESTLE,Nestle Malaysia Berhad,"Volunteers pack 5,500 aid boxes for flood relief",The Star,2025-11-12,https://www.thestar.com.my/metro/metro-news/2025/11/12/volunteers-pack-5500-aid-boxes-for-flood-relief,3214,Nestle|Nestle Malaysia,Nestle Malaysia,Nestle,,low_confidence_company_news,"Target-company alias appears, but company-specific relevance is weak.",Manual,,low,No,Yes,No,No,Yes,weak_company_specific_context,0,0,623d1a64d53f54b12496e504b46d3fe455ecb6e2a10772a438b166a8c4638087,"New_news_NESTLE_NESTLE_news_csv:{""row_number"": 58}:7464c0a3c8ce",manual_preserve,manual_preserve_v1,New_news/NESTLE/NESTLE_news.csv,437626b696797b38605fd99fa0d515d8b54f29dfede3ecdc300a8f4dce97e6a4
NEWS_CANDIDATE_057799_73745f3c,NESTLE,Nestle Malaysia Berhad,World Economic Forum chief warns of three possible 'bubbles' in global economy,The Star,2025-11-05,https://www.thestar.com.my/tech/tech-news/2025/11/05/world-economic-forum-chief-warns-of-three-possible-039bubbles039-in-global-economy,1825,Nestle,,Nestle,,low_confidence_company_news,"Target-company alias appears, but company-specific relevance is weak.",Manual,,low,No,No,No,No,Yes,weak_company_specific_context,1,0,f2e12eadd1398685e4bc7d1482e3d70dc67c64cea10e99f9c6c31a28a73738c6,"New_news_NESTLE_NESTLE_news_csv:{""row_number"": 68}:9ce2d98599dd",manual_preserve,manual_preserve_v1,New_news/NESTLE/NESTLE_news.csv,437626b696797b38605fd99fa0d515d8b54f29dfede3ecdc300a8f4dce97e6a4
NEWS_CANDIDATE_057810_994a9248,NESTLE,Nestle Malaysia Berhad,Company to nurture 20 women food entrepreneurs,The Star,2025-10-31,https://www.thestar.com.my/metro/metro-news/2025/10/31/company-to-nurture-20-women-food-entrepreneurs,3206,Nestle|Nestle Malaysia,Nestle Malaysia,Nestle,,low_confidence_company_news,"Target-company alias appears, but company-specific relevance is weak.",Manual,,low,No,Yes,No,No,Yes,weak_company_specific_context,1,0,17585069fc467ecd8b1dc2c907e33b1495049a78dc07d3e891b56e176fdab423,"New_news_NESTLE_NESTLE_news_csv:{""row_number"": 79}:cea1ac27f24f",manual_preserve,manual_preserve_v1,New_news/NESTLE/NESTLE_news.csv,437626b696797b38605fd99fa0d515d8b54f29dfede3ecdc300a8f4dce97e6a4
NEWS_CANDIDATE_057811_bac8af1a,NESTLE,Nestle Malaysia Berhad,Subang Jaya cleanup bags 10 tonnes of waste,The Star,2025-10-29,https://www.thestar.com.my/metro/metro-news/2025/10/29/subang-jaya-cleanup-bags-10-tonnes-of-waste,1869,Nestle|Nestle Malaysia,Nestle Malaysia,Nestle,,low_confidence_company_news,"Target-company alias appears, but company-specific relevance is weak.",Manual,,low,No,Yes,No,No,Yes,weak_company_specific_context,0,0,8b214465c7ea0850fedea09c92edc3525d4cd86d5ff3f2852698524db946f9e3,"New_news_NESTLE_NESTLE_news_csv:{""row_number"": 80}:f5437073d933",manual_preserve,manual_preserve_v1,New_news/NESTLE/NESTLE_news.csv,437626b696797b38605fd99fa0d515d8b54f29dfede3ecdc300a8f4dce97e6a4
NEWS_CANDIDATE_057812_9b9dd3e7,NESTLE,Nestle Malaysia Berhad,"Global firms slash jobs amid weak sentiment, AI push",The Star,2025-10-29,https://www.thestar.com.my/tech/tech-news/2025/10/29/global-firms-slash-jobs-amid-weak-sentiment-ai-push,4358,Nestle|Nestlé,Nestlé,Nestle,,low_confidence_company_news,"Target-company alias appears, but company-specific relevance is weak.",Manual,,low,No,No,No,No,Yes,weak_company_specific_context,1,0,0137decf2ff574e4f6c9e261ca769cda811cf7647a0b45818ea86ff433312ecc,"New_news_NESTLE_NESTLE_news_csv:{""row_number"": 81}:517a738eebd8",manual_preserve,manual_preserve_v1,New_news/NESTLE/NESTLE_news.csv,437626b696797b38605fd99fa0d515d8b54f29dfede3ecdc300a8f4dce97e6a4
NEWS_CANDIDATE_057829_dd11976e,NESTLE,Nestle Malaysia Berhad,"Cost, policy challenges key for consumer sector",The Star,2025-10-08,https://www.thestar.com.my/business/business-news/2025/10/08/cost-policy-challenges-key-for-consumer-sector,2899,Nestle,,Nestle,,low_confidence_company_news,"Target-company alias appears, but company-specific relevance is weak.",Manual,,low,No,No,No,No,Yes,weak_company_specific_context,1,1,a44c1d0a7300b2662aac95e07b279289f8671f9b60ea559af13fd87caab3f453,"New_news_NESTLE_NESTLE_news_csv:{""row_number"": 98}:df6198578869",manual_preserve,manual_preserve_v1,New_news/NESTLE/NESTLE_news.csv,437626b696797b38605fd99fa0d515d8b54f29dfede3ecdc300a8f4dce97e6a4
NEWS_CANDIDATE_057841_e235ccbe,NESTLE,Nestle Malaysia Berhad,Ripple effects likely for sectoral earnings,The Star,2025-09-24,https://www.thestar.com.my/business/business-news/2025/09/24/ripple-effects-likely-forsectoral-earnings,4251,Nestle,,Nestle,,low_confidence_company_news,"Target-company alias appears, but company-specific relevance is weak.",Manual,,low,No,No,No,No,Yes,weak_company_specific_context,1,1,b4b317547acbeb2dfb51c7f5128d084f3f2a4c345a7d877c9de02ad698cceb30,"New_news_NESTLE_NESTLE_news_csv:{""row_number"": 110}:c807f1793ed8",manual_preserve,manual_preserve_v1,New_news/NESTLE/NESTLE_news.csv,437626b696797b38605fd99fa0d515d8b54f29dfede3ecdc300a8f4dce97e6a4
NEWS_CANDIDATE_057850_55aea41a,NESTLE,Nestle Malaysia Berhad,"Take Five: Chop, chop!",The Star,2025-09-19,https://www.thestar.com.my/business/business-news/2025/09/19/take-five-chop-chop,4874,Nestle,,Nestle,,low_confidence_company_news,"Target-company alias appears, but company-specific relevance is weak.",Manual,,low,No,No,No,No,Yes,weak_company_specific_context,1,0,94705572c2068d0c68de4d9cdc59124a18f52de62ff281dda5fb60d2296aba19,"New_news_NESTLE_NESTLE_news_csv:{""row_number"": 119}:d69bf4c5837e",manual_preserve,manual_preserve_v1,New_news/NESTLE/NESTLE_news.csv,437626b696797b38605fd99fa0d515d8b54f29dfede3ecdc300a8f4dce97e6a4
NEWS_CANDIDATE_057853_9f07b3ec,NESTLE,Nestle Malaysia Berhad,Firms take action to safeguard Vietnam’s water,The Star,2025-09-18,https://www.thestar.com.my/business/business-news/2025/09/18/firms-take-action-to-safeguard-vietnams-water,3214,Nestle,,Nestle,,low_confidence_company_news,"Target-company alias appears, but company-specific relevance is weak.",Manual,,low,No,No,No,No,Yes,weak_company_specific_context,1,1,90c6dd11827e747ec3294630a4a7b8644fd8c237a6865c3a0e34198fb763fd06,"New_news_NESTLE_NESTLE_news_csv:{""row_number"": 122}:b38264108d74",manual_preserve,manual_preserve_v1,New_news/NESTLE/NESTLE_news.csv,437626b696797b38605fd99fa0d515d8b54f29dfede3ecdc300a8f4dce97e6a4
NEWS_CANDIDATE_057874_9a9bbed4,NESTLE,Nestle Malaysia Berhad,Bursa investors take breather as Wall St stocks fall ahead of Fed summit,The Star,2025-08-20,https://www.thestar.com.my/business/business-news/2025/08/20/bursa-investors-take-breather-as-wall-st-stocks-fall-ahead-of-fed-summit,1408,Nestle,,Nestle,,low_confidence_company_news,"Target-company alias appears, but company-specific relevance is weak.",Manual,,low,No,No,No,No,Yes,weak_company_specific_context,1,1,32723b8f657facfbaf9304005b6e0a7835da2ebed43d063e14d4733bf1123327,"New_news_NESTLE_NESTLE_news_csv:{""row_number"": 143}:c9a8107f4001",manual_preserve,manual_preserve_v1,New_news/NESTLE/NESTLE_news.csv,437626b696797b38605fd99fa0d515d8b54f29dfede3ecdc300a8f4dce97e6a4
NEWS_CANDIDATE_057879_e3cf3bd4,NESTLE,Nestle Malaysia Berhad,Massive turnout for Milo Hidup Bola futsal tournament,The Star,2025-08-12,https://www.thestar.com.my/sport/football/2025/08/12/massive-turnout-for-milo-hidup-bola-futsal-tournament,1433,Nestle|Nestle Malaysia,Nestle Malaysia,Nestle,,low_confidence_company_news,"CSR, sponsorship, metro, lifestyle, or event story with target-company participation but limited firm-level information.",Manual,,low,No,No,No,No,Yes,csr_sponsorship_lifestyle_review,1,0,d8cf83d16034b58a8e379251a6d87fb46f66048395875f369099d01800863c17,"New_news_NESTLE_NESTLE_news_csv:{""row_number"": 148}:2fc1a2287f62",manual_preserve,manual_preserve_v1,New_news/NESTLE/NESTLE_news.csv,437626b696797b38605fd99fa0d515d8b54f29dfede3ecdc300a8f4dce97e6a4
NEWS_CANDIDATE_057882_1cb7780f,NESTLE,Nestle Malaysia Berhad,The Ifugao mountain folk and their Unesco World Heritage Site rice terraces,The Star,2025-08-13,https://www.thestar.com.my/lifestyle/travel/2025/08/13/the-ifugao-mountain-folk-and-their-unesco-world-heritage-site-rice-terraces,4758,Nestle,,Nestle,,low_confidence_company_news,"Target-company alias appears, but company-specific relevance is weak.",Manual,,low,No,No,No,No,Yes,weak_company_specific_context,1,0,feb5eb20091a72162b312461f51b15404783a6ca4397e87453e16e23178eb33e,"New_news_NESTLE_NESTLE_news_csv:{""row_number"": 151}:093609e85342",manual_preserve,manual_preserve_v1,New_news/NESTLE/NESTLE_news.csv,437626b696797b38605fd99fa0d515d8b54f29dfede3ecdc300a8f4dce97e6a4
NEWS_CANDIDATE_057904_80e0c7ff,NESTLE,Nestle Malaysia Berhad,"In earnings season, it's AI good, everything else, not so much",The Star,2025-07-25,https://www.thestar.com.my/tech/tech-news/2025/07/25/in-earnings-season-it039s-ai-good-everything-else-not-so-much,5331,Nestle,,Nestle,,low_confidence_company_news,"Target-company alias appears, but company-specific relevance is weak.",Manual,,low,No,No,No,No,Yes,weak_company_specific_context,1,0,89d0d7d6ff39be855567125020cf4c5adaea614f71650a981a1bdf80fa991325,"New_news_NESTLE_NESTLE_news_csv:{""row_number"": 173}:09f911877198",manual_preserve,manual_preserve_v1,New_news/NESTLE/NESTLE_news.csv,437626b696797b38605fd99fa0d515d8b54f29dfede3ecdc300a8f4dce97e6a4
NEWS_CANDIDATE_057910_53d9bb95,NESTLE,Nestle Malaysia Berhad,Italy’s Ferrero nears deal to buy Froot Loops maker WK Kellogg,The Star,2025-07-11,https://www.thestar.com.my/business/business-news/2025/07/11/italys-ferrero-nears-deal-to-buy-froot-loops-maker-wk-kellogg,1379,Nestle,,Nestle,,low_confidence_company_news,"Target-company alias appears, but company-specific relevance is weak.",Manual,,low,No,No,No,No,Yes,weak_company_specific_context,1,0,3f854da12cd19cab08a92c095e7c811780a3def814f0ea9f69236614317f0c20,"New_news_NESTLE_NESTLE_news_csv:{""row_number"": 179}:11bfb686d790",manual_preserve,manual_preserve_v1,New_news/NESTLE/NESTLE_news.csv,437626b696797b38605fd99fa0d515d8b54f29dfede3ecdc300a8f4dce97e6a4
NEWS_CANDIDATE_057915_e41f3788,NESTLE,Nestle Malaysia Berhad,Bursa trading subdued ahead of OPR decision,The Star,2025-07-09,https://www.thestar.com.my/business/business-news/2025/07/09/bursa-trading-subdued-ahead-of-opr-decision,1266,Nestle,,Nestle,,low_confidence_company_news,"Target-company alias appears, but company-specific relevance is weak.",Manual,,low,No,No,No,No,Yes,weak_company_specific_context,1,0,7e81d3204b3fca25fb83212bfcdcf4546fecdffaa7f370da879ff33615ce17bf,"New_news_NESTLE_NESTLE_news_csv:{""row_number"": 184}:316af4da7291",manual_preserve,manual_preserve_v1,New_news/NESTLE/NESTLE_news.csv,437626b696797b38605fd99fa0d515d8b54f29dfede3ecdc300a8f4dce97e6a4
NEWS_CANDIDATE_057948_7478f8d3,NESTLE,Nestle Malaysia Berhad,Tiny homes made from wind turbines,The Star,2025-06-10,https://www.thestar.com.my/lifestyle/living/2025/06/10/tiny-homes-made-from-wind-turbines,1797,Nestle,,Nestle,,low_confidence_company_news,"Target-company alias appears, but company-specific relevance is weak.",Manual,,low,No,No,No,No,Yes,weak_company_specific_context,0,0,86f2561b30bf1b2517c0b8e0e1653367f2634a3882971999f0d3d5790e8ac18e,"New_news_NESTLE_NESTLE_news_csv:{""row_number"": 217}:36cdfa4adc12",manual_preserve,manual_preserve_v1,New_news/NESTLE/NESTLE_news.csv,437626b696797b38605fd99fa0d515d8b54f29dfede3ecdc300a8f4dce97e6a4
NEWS_CANDIDATE_057950_7fcb4cdc,NESTLE,Nestle Malaysia Berhad,Haagen-Dazs maker to raise US$4.5bil as PAI seeks to keep stake,The Star,2025-06-05,https://www.thestar.com.my/business/business-news/2025/06/05/haagen-dazs-maker-to-raise-us45bil-as-pai-seeks-to-keep-stake,2759,Nestle,,Nestle,,low_confidence_company_news,"CSR, sponsorship, metro, lifestyle, or event story with target-company participation but limited firm-level information.",Manual,,low,No,No,No,No,Yes,csr_sponsorship_lifestyle_review,1,0,1d83cefd9632a23eecdf69a3f5eba3df3530d39563fb3d7d210dbedc5ce62af9,"New_news_NESTLE_NESTLE_news_csv:{""row_number"": 219}:2f7223a13a5f",manual_preserve,manual_preserve_v1,New_news/NESTLE/NESTLE_news.csv,437626b696797b38605fd99fa0d515d8b54f29dfede3ecdc300a8f4dce97e6a4
NEWS_CANDIDATE_057979_e874bfc4,NESTLE,Nestle Malaysia Berhad,Malaysia’s halal product exports up 15% to RM62bil last year,The Star,2025-05-02,https://www.thestar.com.my/business/business-news/2025/05/02/malaysias-halal-product-exports-up-15-to-rm62bil-last-year,1702,Nestle,,Nestle,,low_confidence_company_news,"Target-company alias appears, but company-specific relevance is weak.",Manual,,low,No,No,No,No,Yes,weak_company_specific_context,1,1,92be1ce1ee1ce68b889b1e2226c666b76f64bbe087c6120752b564f52f19f56f,"New_news_NESTLE_NESTLE_news_csv:{""row_number"": 248}:0f321f07e239",manual_preserve,manual_preserve_v1,New_news/NESTLE/NESTLE_news.csv,437626b696797b38605fd99fa0d515d8b54f29dfede3ecdc300a8f4dce97e6a4
NEWS_CANDIDATE_057986_c11abdf7,NESTLE,Nestle Malaysia Berhad,"Recycling project expands to Subang Jaya, Sepang",The Star,2025-04-26,https://www.thestar.com.my/metro/metro-news/2025/04/26/recycling-project-expands-to-subang-jaya-sepang,3035,Nestle|Nestle Malaysia,Nestle Malaysia,Nestle,,low_confidence_company_news,"Target-company alias appears, but company-specific relevance is weak.",Manual,,low,No,Yes,No,No,Yes,weak_company_specific_context,1,0,556c225e50bd4d64108165d1a080b921b38af356bdf0a694a47c7eca8600ccaf,"New_news_NESTLE_NESTLE_news_csv:{""row_number"": 255}:84a44fb1a420",manual_preserve,manual_preserve_v1,New_news/NESTLE/NESTLE_news.csv,437626b696797b38605fd99fa0d515d8b54f29dfede3ecdc300a8f4dce97e6a4
NEWS_CANDIDATE_057987_801af91d,NESTLE,Nestle Malaysia Berhad,"UPS cuts 20,000 jobs, GM delays investor call as Trump's tariffs create corporate chaos",The Star,2025-04-29,https://www.thestar.com.my/news/world/2025/04/29/profit-warnings-and-uncertainty-as-trump-tariffs-send-a-chill-through-businesses,5214,Nestle,,Nestle,,low_confidence_company_news,"Target-company alias appears, but company-specific relevance is weak.",Manual,,low,No,No,No,No,Yes,weak_company_specific_context,1,1,a52299c935dfbf312c059a7bdc29f6afeb336817f168b1de239d60b991493554,"New_news_NESTLE_NESTLE_news_csv:{""row_number"": 256}:9aacf044074a",manual_preserve,manual_preserve_v1,New_news/NESTLE/NESTLE_news.csv,437626b696797b38605fd99fa0d515d8b54f29dfede3ecdc300a8f4dce97e6a4
NEWS_CANDIDATE_057989_ccfa0b84,NESTLE,Nestle Malaysia Berhad,MSPO to launch Impact Alliance platform by 3Q to boost certification value - Johari Ghani,The Star,2025-04-18,https://www.thestar.com.my/business/business-news/2025/04/18/mspo-to-launch-impact-alliance-platform-by-3q-to-boost-certification-value---johari-ghani,3004,Nestle|Nestle Malaysia|Nestlé,Nestle Malaysia|Nestlé,Nestle,,low_confidence_company_news,"Target-company alias appears, but company-specific relevance is weak.",Manual,,low,No,Yes,No,No,Yes,weak_company_specific_context,0,0,5e0666e2255dc11614e5e33ea1dd649cda5ecd2e6185f7d219609dea571252c6,"New_news_NESTLE_NESTLE_news_csv:{""row_number"": 258}:acce9f093e32",manual_preserve,manual_preserve_v1,New_news/NESTLE/NESTLE_news.csv,437626b696797b38605fd99fa0d515d8b54f29dfede3ecdc300a8f4dce97e6a4
NEWS_CANDIDATE_058000_7cb27144,NESTLE,Nestle Malaysia Berhad,Why Trump’s tariffs are rattling even Meta,The Star,2025-04-07,https://www.thestar.com.my/tech/tech-news/2025/04/07/why-trumps-tariffs-are-rattling-even-meta,5320,Nestle,,Nestle,,low_confidence_company_news,"Target-company alias appears, but company-specific relevance is weak.",Manual,,low,No,No,No,No,Yes,weak_company_specific_context,1,0,e568f7b08923a26340f80247d7a4b020a1e923e2a62838f9f91881285f9e5a7c,"New_news_NESTLE_NESTLE_news_csv:{""row_number"": 269}:e1fe3dce39bd",manual_preserve,manual_preserve_v1,New_news/NESTLE/NESTLE_news.csv,437626b696797b38605fd99fa0d515d8b54f29dfede3ecdc300a8f4dce97e6a4
NEWS_CANDIDATE_058021_520aa934,NESTLE,Nestle Malaysia Berhad,Kampung flavour with touch of whimsy for Raya,The Star,2025-03-22,https://www.thestar.com.my/metro/metro-news/2025/03/22/kampung-flavour-with-touch-of-whimsy-for-raya,6659,Nestle,,Nestle,,low_confidence_company_news,"Target-company alias appears, but company-specific relevance is weak.",Manual,,low,No,No,No,No,Yes,weak_company_specific_context,1,0,d3bd6a4bed3aa83beab4deaaba5c4088fed44e35d5969c0dd6ca95fc855816c9,"New_news_NESTLE_NESTLE_news_csv:{""row_number"": 290}:576cb041063f",manual_preserve,manual_preserve_v1,New_news/NESTLE/NESTLE_news.csv,437626b696797b38605fd99fa0d515d8b54f29dfede3ecdc300a8f4dce97e6a4
NEWS_CANDIDATE_058041_bbe77730,NESTLE,Nestle Malaysia Berhad,"Fast-delivery companies Zomato, Swiggy, Zepto face India antitrust case over discounts",The Star,2025-03-06,https://www.thestar.com.my/tech/tech-news/2025/03/06/fast-delivery-companies-zomato-swiggy-zepto-face-india-antitrust-case-over-discounts,3187,Nestle,,Nestle,,low_confidence_company_news,"Target-company alias appears, but company-specific relevance is weak.",Manual,,low,No,No,No,No,Yes,weak_company_specific_context,1,0,a1c4f439f41210c3a2a284092096d1d96af9456911858b3fc2645b6a89632772,"New_news_NESTLE_NESTLE_news_csv:{""row_number"": 310}:e846c67bf863",manual_preserve,manual_preserve_v1,New_news/NESTLE/NESTLE_news.csv,437626b696797b38605fd99fa0d515d8b54f29dfede3ecdc300a8f4dce97e6a4
NEWS_CANDIDATE_058065_f4804ee0,NESTLE,Nestle Malaysia Berhad,Siemens shareholders reject proposal to allow virtual AGMs,The Star,2025-02-14,https://www.thestar.com.my/tech/tech-news/2025/02/14/siemens-shareholders-reject-proposal-to-allow-virtual-agms,1376,Nestle,,Nestle,,low_confidence_company_news,"Target-company alias appears, but company-specific relevance is weak.",Manual,,low,No,No,No,No,Yes,weak_company_specific_context,0,0,6c26f38f2771ba129d9e9af38a1584e1136f2b87574c1d00480bf17949e1aafc,"New_news_NESTLE_NESTLE_news_csv:{""row_number"": 334}:9108bed9a686",manual_preserve,manual_preserve_v1,New_news/NESTLE/NESTLE_news.csv,437626b696797b38605fd99fa0d515d8b54f29dfede3ecdc300a8f4dce97e6a4
NEWS_CANDIDATE_058066_7842b64e,NESTLE,Nestle Malaysia Berhad,Siemens investor Deka to vote against Jim Hagemann Snabe as chairman,The Star,2025-02-10,https://www.thestar.com.my/tech/tech-news/2025/02/10/siemens-investor-deka-to-vote-against-jim-hagemann-snabe-as-chairman,1677,Nestle,,Nestle,,low_confidence_company_news,"Target-company alias appears, but company-specific relevance is weak.",Manual,,low,No,No,No,No,Yes,weak_company_specific_context,0,0,5e470430523d9940b0a153a079ab50c1ec4839252f6333d18bed5b01b9dcbb36,"New_news_NESTLE_NESTLE_news_csv:{""row_number"": 335}:9f94e2f370a9",manual_preserve,manual_preserve_v1,New_news/NESTLE/NESTLE_news.csv,437626b696797b38605fd99fa0d515d8b54f29dfede3ecdc300a8f4dce97e6a4
NEWS_CANDIDATE_058076_5b7728e9,NESTLE,Nestle Malaysia Berhad,Green hydrogen hub coming to Bintulu,The Star,2025-01-24,https://www.thestar.com.my/news/nation/2025/01/24/green-hydrogen-hub-coming-to-bintulu,2846,Nestle,,Nestle,,low_confidence_company_news,"Target-company alias appears, but company-specific relevance is weak.",Manual,,low,No,No,No,No,Yes,weak_company_specific_context,1,0,ce6711be38632a3ce32e446e584928a63b75a0f89aebdebb4be995ee0fa50094,"New_news_NESTLE_NESTLE_news_csv:{""row_number"": 345}:6eff35f54b6e",manual_preserve,manual_preserve_v1,New_news/NESTLE/NESTLE_news.csv,437626b696797b38605fd99fa0d515d8b54f29dfede3ecdc300a8f4dce97e6a4
NEWS_CANDIDATE_058077_2a52e485,NESTLE,Nestle Malaysia Berhad,"WEF 2025: Australian firm to invest in green hydrogen alternative energy in Sarawak, says PM Anwar",The Star,2025-01-23,https://www.thestar.com.my/news/nation/2025/01/23/wef-2025-australian-firm-to-invest-in-green-hydrogen-alternative-energy-in-sarawak-says-pm-anwar,2254,Nestle,,Nestle,,low_confidence_company_news,"Target-company alias appears, but company-specific relevance is weak.",Manual,,low,No,No,No,No,Yes,weak_company_specific_context,1,0,13cfa0a81fb731a36ce53e7d640e11822b23b6d322cdd2f33cc6583795b5283d,"New_news_NESTLE_NESTLE_news_csv:{""row_number"": 346}:38b3c63adefb",manual_preserve,manual_preserve_v1,New_news/NESTLE/NESTLE_news.csv,437626b696797b38605fd99fa0d515d8b54f29dfede3ecdc300a8f4dce97e6a4
NEWS_CANDIDATE_058086_2dda9750,NESTLE,Nestle Malaysia Berhad,Reckitt to boost US production on tariff risks,The Star,2025-01-16,https://www.thestar.com.my/business/business-news/2025/01/16/reckitt-to-boost-us-production-on-tariff-risks,2652,Nestle,,Nestle,,low_confidence_company_news,"Target-company alias appears, but company-specific relevance is weak.",Manual,,low,No,No,No,No,Yes,weak_company_specific_context,1,0,fa3e06f327a2dbd060d7e36165237b0339172895d2597cc7ee05d47dd7199e61,"New_news_NESTLE_NESTLE_news_csv:{""row_number"": 355}:8d4748e88d40",manual_preserve,manual_preserve_v1,New_news/NESTLE/NESTLE_news.csv,437626b696797b38605fd99fa0d515d8b54f29dfede3ecdc300a8f4dce97e6a4
NEWS_CANDIDATE_058095_536b470c,NESTLE,Nestle Malaysia Berhad,'Police Academy' actor Steve Guttenberg helps people evacuate in LA fires,The Star,2025-01-09,https://www.thestar.com.my/lifestyle/entertainment/2025/01/09/039police-academy039-actor-steve-guttenberg-helps-people-evacuate-in-la-fires,1931,Nestle,,Nestle,,low_confidence_company_news,"Target-company alias appears, but company-specific relevance is weak.",Manual,,low,No,No,No,No,Yes,weak_company_specific_context,0,0,c1f37178490351ddc530f2d1f9ad1a9df09eddbfc1867570f3ad1603ddbf284b,"New_news_NESTLE_NESTLE_news_csv:{""row_number"": 364}:988b83e7423e",manual_preserve,manual_preserve_v1,New_news/NESTLE/NESTLE_news.csv,437626b696797b38605fd99fa0d515d8b54f29dfede3ecdc300a8f4dce97e6a4
NEWS_CANDIDATE_058096_b73fcaf6,NESTLE,Nestle Malaysia Berhad,Enjoy the health benefits that come with a cup of coffee or tea,The Star,2025-01-08,https://www.thestar.com.my/lifestyle/health/2025/01/08/enjoy-the-health-benefits-that-come-with-a-cup-of-coffee-or-tea,2782,Nestle,,Nestle,,low_confidence_company_news,"Target-company alias appears, but company-specific relevance is weak.",Manual,,low,No,No,No,No,Yes,weak_company_specific_context,0,0,feb8d9a74b2b425cb5d095aed21d1f416247407f44d119c642723ef1ce1cdb77,"New_news_NESTLE_NESTLE_news_csv:{""row_number"": 365}:eba64b02ffe8",manual_preserve,manual_preserve_v1,New_news/NESTLE/NESTLE_news.csv,437626b696797b38605fd99fa0d515d8b54f29dfede3ecdc300a8f4dce97e6a4
NEWS_CANDIDATE_058097_afc49d60,NESTLE,Nestle Malaysia Berhad,"Profit-taking, caution take stocks lower on first trading day of 2025",The Star,2025-01-02,https://www.thestar.com.my/business/business-news/2025/01/02/profit-taking-caution-take-stocks-lower-on-first-trading-day-of-2025,1935,Nestle,,Nestle,,low_confidence_company_news,"Target-company alias appears, but company-specific relevance is weak.",Manual,,low,No,No,No,No,Yes,weak_company_specific_context,0,0,b80a60221760d38c344442344b3bdcde499b4f915b4425a67cd42c12d32a2479,"New_news_NESTLE_NESTLE_news_csv:{""row_number"": 366}:8fa0b0954452",manual_preserve,manual_preserve_v1,New_news/NESTLE/NESTLE_news.csv,437626b696797b38605fd99fa0d515d8b54f29dfede3ecdc300a8f4dce97e6a4
NEWS_CANDIDATE_058107_3ef7e9db,NESTLE,Nestle Malaysia Berhad,Cadbury loses royal warrant under King Charles III,The Star,2024-12-24,https://www.thestar.com.my/news/world/2024/12/24/cadbury-loses-royal-warrant-under-king-charles-iii,2006,Nestle,,Nestle,,low_confidence_company_news,"Target-company alias appears, but company-specific relevance is weak.",Manual,,low,No,No,No,No,Yes,weak_company_specific_context,1,0,a804169030ae2786694e71e648a43514dfbe9e6bde1f9481da1a6a6e86bd6294,"New_news_NESTLE_NESTLE_news_csv:{""row_number"": 376}:515dbb6d65ab",manual_preserve,manual_preserve_v1,New_news/NESTLE/NESTLE_news.csv,437626b696797b38605fd99fa0d515d8b54f29dfede3ecdc300a8f4dce97e6a4
NEWS_CANDIDATE_058108_7a3328a1,NESTLE,Nestle Malaysia Berhad,"Red Crescent distributes flood aid to over 6,000 families nationwide",The Star,2024-12-18,https://www.thestar.com.my/news/nation/2024/12/18/red-crescent-distributes-flood-aid-to-over-6000-families-nationwide,1477,Nestle|Nestle Malaysia,Nestle Malaysia,Nestle,,low_confidence_company_news,"Target-company alias appears, but company-specific relevance is weak.",Manual,,low,No,Yes,Yes,No,Yes,weak_company_specific_context,0,0,231560241828aedcdd2bdf6ab665c1decde95da3fe8ea9a79b2529a3c79215fe,"New_news_NESTLE_NESTLE_news_csv:{""row_number"": 377}:2d0b924d6fbb",manual_preserve,manual_preserve_v1,New_news/NESTLE/NESTLE_news.csv,437626b696797b38605fd99fa0d515d8b54f29dfede3ecdc300a8f4dce97e6a4
NEWS_CANDIDATE_058112_3b991f2a,NESTLE,Nestle Malaysia Berhad,Rising incomes to drive demand for staple goods,The Star,2024-12-18,https://www.thestar.com.my/business/business-news/2024/12/18/rising-incomes-to-drive-demand-for-staple-goods,3090,Nestle,,Nestle,,low_confidence_company_news,"Target-company alias appears, but company-specific relevance is weak.",Manual,,low,No,No,No,No,Yes,weak_company_specific_context,1,1,762abbee93f546c8076a511f022766d4539a8e0aeb5c1ba3bf3398c3e1561778,"New_news_NESTLE_NESTLE_news_csv:{""row_number"": 381}:1e8511388d3a",manual_preserve,manual_preserve_v1,New_news/NESTLE/NESTLE_news.csv,437626b696797b38605fd99fa0d515d8b54f29dfede3ecdc300a8f4dce97e6a4
NEWS_CANDIDATE_058115_be0a6562,NESTLE,Nestle Malaysia Berhad,"Malls shine bright, decked to the nines",The Star,2024-12-14,https://www.thestar.com.my/metro/metro-news/2024/12/14/malls-shine-bright-decked-to-the-nines,7000,Nestle,,Nestle,,low_confidence_company_news,"Target-company alias appears, but company-specific relevance is weak.",Manual,,low,No,No,No,No,Yes,weak_company_specific_context,1,0,6901f23c49c678f4c016eb954384a92b971300dfcc2bc647e67bfdabdc014eb1,"New_news_NESTLE_NESTLE_news_csv:{""row_number"": 384}:48db651a4b79",manual_preserve,manual_preserve_v1,New_news/NESTLE/NESTLE_news.csv,437626b696797b38605fd99fa0d515d8b54f29dfede3ecdc300a8f4dce97e6a4
NEWS_CANDIDATE_058119_41f297c7,NESTLE,Nestle Malaysia Berhad,Mondelez exploring bid for US chocolate maker,The Star,2024-12-11,https://www.thestar.com.my/business/business-news/2024/12/11/mondelez-exploring-bid-for-us-chocolate-maker,4635,Nestle,,Nestle,,low_confidence_company_news,"Target-company alias appears, but company-specific relevance is weak.",Manual,,low,No,No,No,No,Yes,weak_company_specific_context,1,0,2103c3f89e7019843c068d66f4cb97c47d447077458b5b97d4cb14ad7b422e36,"New_news_NESTLE_NESTLE_news_csv:{""row_number"": 388}:c47d8464e36f",manual_preserve,manual_preserve_v1,New_news/NESTLE/NESTLE_news.csv,437626b696797b38605fd99fa0d515d8b54f29dfede3ecdc300a8f4dce97e6a4
NEWS_CANDIDATE_058124_0dd21e59,NESTLE,Nestle Malaysia Berhad,"5,000 boxes of food aid head east",The Star,2024-12-04,https://www.thestar.com.my/metro/metro-news/2024/12/04/5000-boxes-of-food-aid-head-east,2255,Nestle|Nestle Malaysia,Nestle Malaysia,Nestle,,low_confidence_company_news,"Target-company alias appears, but company-specific relevance is weak.",Manual,,low,No,Yes,No,No,Yes,weak_company_specific_context,1,0,1bf51b8c840e6bd9bea64e000232a496c19d9d3c2019c7d2d77736b2a93d1229,"New_news_NESTLE_NESTLE_news_csv:{""row_number"": 393}:c0c2d4b4cd6b",manual_preserve,manual_preserve_v1,New_news/NESTLE/NESTLE_news.csv,437626b696797b38605fd99fa0d515d8b54f29dfede3ecdc300a8f4dce97e6a4
NEWS_CANDIDATE_058125_80e1230a,NESTLE,Nestle Malaysia Berhad,Race walking gains popularity among youths,The Star,2024-12-03,https://www.thestar.com.my/metro/metro-news/2024/12/03/race-walking-gains-popularity-among-youths,3640,Nestle|Nestle Malaysia,Nestle Malaysia,Nestle,,low_confidence_company_news,"CSR, sponsorship, metro, lifestyle, or event story with target-company participation but limited firm-level information.",Manual,,low,No,No,No,No,Yes,csr_sponsorship_lifestyle_review,1,0,12920f2d3e56eb2c1ce513c3640107bdb2dabc70c909ed762bdd295c157da8b9,"New_news_NESTLE_NESTLE_news_csv:{""row_number"": 394}:8c6aa9198191",manual_preserve,manual_preserve_v1,New_news/NESTLE/NESTLE_news.csv,437626b696797b38605fd99fa0d515d8b54f29dfede3ecdc300a8f4dce97e6a4
NEWS_CANDIDATE_058128_0f4ec310,NESTLE,Nestle Malaysia Berhad,Loss of control behind Unilever’s Russian exit,The Star,2024-11-28,https://www.thestar.com.my/business/business-news/2024/11/28/loss-of-control-behind-unilevers-russian-exit,2206,Nestle,,Nestle,,low_confidence_company_news,"Target-company alias appears, but company-specific relevance is weak.",Manual,,low,No,No,No,No,Yes,weak_company_specific_context,1,0,d1d3b0a88cfc768012458e5027c00426682059af211feccf3d50c6249016068c,"New_news_NESTLE_NESTLE_news_csv:{""row_number"": 397}:1712d9b80a34",manual_preserve,manual_preserve_v1,New_news/NESTLE/NESTLE_news.csv,437626b696797b38605fd99fa0d515d8b54f29dfede3ecdc300a8f4dce97e6a4
NEWS_CANDIDATE_058137_20a6815d,NESTLE,Nestle Malaysia Berhad,Nestle's KitKat signs Formula 1 deal as CEO Freixe seeks broader appeal,The Star,2024-11-11,https://www.thestar.com.my/sport/motorsport/2024/11/11/nestle039s-kitkat-signs-formula-1-deal-as-ceo-freixe-seeks-broader-appeal,3070,Nestle,,Nestle,,low_confidence_company_news,"CSR, sponsorship, metro, lifestyle, or event story with target-company participation but limited firm-level information.",Manual,,low,No,No,No,No,Yes,csr_sponsorship_lifestyle_review,1,0,28ab5bd017d467b463edf98dd0fee08008310877177f7e826fa650a0d12eaeab,"New_news_NESTLE_NESTLE_news_csv:{""row_number"": 406}:a0fc39a99c4d",manual_preserve,manual_preserve_v1,New_news/NESTLE/NESTLE_news.csv,437626b696797b38605fd99fa0d515d8b54f29dfede3ecdc300a8f4dce97e6a4
NEWS_CANDIDATE_058138_91892907,NESTLE,Nestle Malaysia Berhad,Lucky duo gets salary for lifetime,The Star,2024-11-14,https://www.thestar.com.my/metro/metro-news/2024/11/14/lucky-duo-gets-salary-for-lifetime,4206,Nestle|Nestle Malaysia,Nestle Malaysia,Nestle,,low_confidence_company_news,"Target-company alias appears, but company-specific relevance is weak.",Manual,,low,No,Yes,No,No,Yes,weak_company_specific_context,1,0,77cef8465b6373c078c44e5a0d9fd728f877142546bec0f22d845726e546c3f7,"New_news_NESTLE_NESTLE_news_csv:{""row_number"": 407}:7a6bc090401f",manual_preserve,manual_preserve_v1,New_news/NESTLE/NESTLE_news.csv,437626b696797b38605fd99fa0d515d8b54f29dfede3ecdc300a8f4dce97e6a4
NEWS_CANDIDATE_058140_08ead4e8,NESTLE,Nestle Malaysia Berhad,On a magical mystery monastery tour through India’s Ladakh,The Star,2024-11-11,https://www.thestar.com.my/lifestyle/travel/2024/11/11/on-a-magical-mystery-monastery-tour-through-indias-ladakh,5081,Nestle,,Nestle,,low_confidence_company_news,"CSR, sponsorship, metro, lifestyle, or event story with target-company participation but limited firm-level information.",Manual,,low,No,No,No,No,Yes,csr_sponsorship_lifestyle_review,1,0,c358c82bf728be0f39343666fe81a70f69a73cead71715e2d36518c4880d780e,"New_news_NESTLE_NESTLE_news_csv:{""row_number"": 409}:9f9ab061b66e",manual_preserve,manual_preserve_v1,New_news/NESTLE/NESTLE_news.csv,437626b696797b38605fd99fa0d515d8b54f29dfede3ecdc300a8f4dce97e6a4
NEWS_CANDIDATE_058151_589d3217,NESTLE,Nestle Malaysia Berhad,A boost for consumption from Budget 2025,The Star,2024-10-25,https://www.thestar.com.my/business/business-news/2024/10/25/a-boost-for-consumption-from-budget-2025,4811,Nestle|Nestle Malaysia,Nestle Malaysia,Nestle,,low_confidence_company_news,"Target-company alias appears, but company-specific relevance is weak.",Manual,,low,No,Yes,No,No,Yes,weak_company_specific_context,1,1,ebd12d9f62f0d1c43ddf6ef0d04cfa2a3bf07bf78b990aedee940f06127a05ac,"New_news_NESTLE_NESTLE_news_csv:{""row_number"": 420}:2e9c0bdb5d56",manual_preserve,manual_preserve_v1,New_news/NESTLE/NESTLE_news.csv,437626b696797b38605fd99fa0d515d8b54f29dfede3ecdc300a8f4dce97e6a4
NEWS_CANDIDATE_058153_d62c66f0,NESTLE,Nestle Malaysia Berhad,"Nestle posts RM85mil net profit in 3Q, declares 35 sen dividend",The Star,2024-10-24,https://www.thestar.com.my/business/business-news/2024/10/24/nestle-posts-rm85mil-net-profit-in-3q-declares-35-sen-dividend,1928,Nestle,,Nestle,,low_confidence_company_news,"CSR, sponsorship, metro, lifestyle, or event story with target-company participation but limited firm-level information.",Manual,,low,No,No,No,No,Yes,csr_sponsorship_lifestyle_review,1,0,d9119a02ed745ff1a202ad04ef0f44cfc3ab96e4db7c43f1e06e9457764f4038,"New_news_NESTLE_NESTLE_news_csv:{""row_number"": 422}:b7fb4d71adaa",manual_preserve,manual_preserve_v1,New_news/NESTLE/NESTLE_news.csv,437626b696797b38605fd99fa0d515d8b54f29dfede3ecdc300a8f4dce97e6a4
NEWS_CANDIDATE_058174_8bc3f357,NESTLE,Nestle Malaysia Berhad,Futsal tourney crowns two new champions,The Star,2024-10-09,https://www.thestar.com.my/metro/metro-news/2024/10/09/futsal-tourney-crowns-two-new-champions,2568,Nestle,,Nestle,,low_confidence_company_news,"CSR, sponsorship, metro, lifestyle, or event story with target-company participation but limited firm-level information.",Manual,,low,No,No,No,No,Yes,csr_sponsorship_lifestyle_review,1,0,d65db965602f893b32295808e41f4171ea18cbf7403cabddbfa50e94ee039253,"New_news_NESTLE_NESTLE_news_csv:{""row_number"": 443}:87c1c28e8cfc",manual_preserve,manual_preserve_v1,New_news/NESTLE/NESTLE_news.csv,437626b696797b38605fd99fa0d515d8b54f29dfede3ecdc300a8f4dce97e6a4
NEWS_CANDIDATE_058181_161c73e8,NESTLE,Nestle Malaysia Berhad,Company pitches in with food aid for flood victims,The Star,2024-09-30,https://www.thestar.com.my/metro/metro-news/2024/09/30/company-pitches-in-with-food-aid-for-flood-victims,1421,Nestle|Nestle Malaysia,Nestle Malaysia,Nestle,,low_confidence_company_news,"Target-company alias appears, but company-specific relevance is weak.",Manual,,low,No,Yes,No,No,Yes,weak_company_specific_context,0,0,161dc4b2497fb4ff6f7997d6443ff17af4f48962b65b5cbe917ad89a7a17be41,"New_news_NESTLE_NESTLE_news_csv:{""row_number"": 450}:a0c629640677",manual_preserve,manual_preserve_v1,New_news/NESTLE/NESTLE_news.csv,437626b696797b38605fd99fa0d515d8b54f29dfede3ecdc300a8f4dce97e6a4
NEWS_CANDIDATE_058186_033458c9,NESTLE,Nestle Malaysia Berhad,Constellation of catalysts boosting consumer stocks,The Star,2024-09-26,https://www.thestar.com.my/business/business-news/2024/09/26/constellation-of-catalysts-boosting-consumer-stocks,3092,Nestle,,Nestle,,low_confidence_company_news,"Target-company alias appears, but company-specific relevance is weak.",Manual,,low,No,No,No,No,Yes,weak_company_specific_context,1,1,0019fa8c7220964fa0fb92c5c37421a4927c13bbe7f37ae27ed42efd8298bed5,"New_news_NESTLE_NESTLE_news_csv:{""row_number"": 455}:e5504ad2a5a0",manual_preserve,manual_preserve_v1,New_news/NESTLE/NESTLE_news.csv,437626b696797b38605fd99fa0d515d8b54f29dfede3ecdc300a8f4dce97e6a4
NEWS_CANDIDATE_058192_7803b24a,NESTLE,Nestle Malaysia Berhad,Meta closes deal to buy up to 3.9 million carbon credits in Latin America,The Star,2024-09-18,https://www.thestar.com.my/tech/tech-news/2024/09/18/meta-closes-deal-to-buy-up-to-39-million-carbon-credits-in-latin-america,1700,Nestle,,Nestle,,low_confidence_company_news,"Target-company alias appears, but company-specific relevance is weak.",Manual,,low,No,No,No,No,Yes,weak_company_specific_context,1,0,9996ea392f9fa14796c7d758c5d24456ebaa8e0ae6fdfeaf25c0c33a4a916f8d,"New_news_NESTLE_NESTLE_news_csv:{""row_number"": 461}:fcef6f692ec6",manual_preserve,manual_preserve_v1,New_news/NESTLE/NESTLE_news.csv,437626b696797b38605fd99fa0d515d8b54f29dfede3ecdc300a8f4dce97e6a4
NEWS_CANDIDATE_058193_335b5577,NESTLE,Nestle Malaysia Berhad,Resorts World Genting reveals signing of MoUs worth RM12mil,The Star,2024-09-12,https://www.thestar.com.my/news/nation/2024/09/12/resorts-world-genting-reveals-signing-of-mous-worth-rm12mil,3682,Nestle|Nestle Malaysia,Nestle Malaysia,Nestle,,low_confidence_company_news,"CSR, sponsorship, metro, lifestyle, or event story with target-company participation but limited firm-level information.",Manual,,low,No,No,No,No,Yes,csr_sponsorship_lifestyle_review,1,1,918ff791c584e24be38bd9bd0ad7794cc5f963b659f34b9fffd55028ea85479a,"New_news_NESTLE_NESTLE_news_csv:{""row_number"": 462}:c9f668468ed6",manual_preserve,manual_preserve_v1,New_news/NESTLE/NESTLE_news.csv,437626b696797b38605fd99fa0d515d8b54f29dfede3ecdc300a8f4dce97e6a4
NEWS_CANDIDATE_058197_fb9bbe13,NESTLE,Nestle Malaysia Berhad,Minimal impact forecast from proposed sugar tax,The Star,2024-09-12,https://www.thestar.com.my/business/business-news/2024/09/12/minimal-impact-forecast-from-proposed-sugar-tax,3279,Nestle,,Nestle,,low_confidence_company_news,"Target-company alias appears, but company-specific relevance is weak.",Manual,,low,No,No,No,No,Yes,weak_company_specific_context,1,1,623b57f4171c7db2927d52c8a73a8846a46e6340096ccdefac0be63b5b934505,"New_news_NESTLE_NESTLE_news_csv:{""row_number"": 466}:e5e345b62382",manual_preserve,manual_preserve_v1,New_news/NESTLE/NESTLE_news.csv,437626b696797b38605fd99fa0d515d8b54f29dfede3ecdc300a8f4dce97e6a4
NEWS_CANDIDATE_058209_494781e7,NESTLE,Nestle Malaysia Berhad,Alice Guo back in the Philippines; Seeks government help against death threats,The Star,2024-09-06,https://www.thestar.com.my/aseanplus/aseanplus-news/2024/09/06/alice-guo-back-in-the-philippines-seeks-government-help-against-death-threats,8686,Nestle,,Nestle,,low_confidence_company_news,"Target-company alias appears, but company-specific relevance is weak.",Manual,,low,No,No,No,No,Yes,weak_company_specific_context,1,0,a3e891a060ee3d72f1e6c6150ee0aabceffbda171596d0700ad93b74ea56a119,"New_news_NESTLE_NESTLE_news_csv:{""row_number"": 478}:0358b43ccc2b",manual_preserve,manual_preserve_v1,New_news/NESTLE/NESTLE_news.csv,437626b696797b38605fd99fa0d515d8b54f29dfede3ecdc300a8f4dce97e6a4
NEWS_CANDIDATE_058210_2cdd7084,NESTLE,Nestle Malaysia Berhad,Local grad honoured for leading green initiatives,The Star,2024-09-05,https://www.thestar.com.my/metro/metro-news/2024/09/05/local-grad-honoured-for-leading-green-initiatives,2647,Nestle|Nestle Malaysia,Nestle Malaysia,Nestle,,low_confidence_company_news,"Target-company alias appears, but company-specific relevance is weak.",Manual,,low,No,Yes,No,No,Yes,weak_company_specific_context,1,0,a47f91ddce6e81103ad0dda564c455538e3111b4c78a9f65feec5dc353b3ef96,"New_news_NESTLE_NESTLE_news_csv:{""row_number"": 479}:1ab474099cde",manual_preserve,manual_preserve_v1,New_news/NESTLE/NESTLE_news.csv,437626b696797b38605fd99fa0d515d8b54f29dfede3ecdc300a8f4dce97e6a4
NEWS_CANDIDATE_058244_0a4235f7,NESTLE,Nestle Malaysia Berhad,Young walkers put best foot forward,The Star,2024-08-02,https://www.thestar.com.my/metro/community-sports/2024/08/02/young-walkers-put-best-foot-forward,2475,Nestle|Nestle Malaysia,Nestle Malaysia,Nestle,,low_confidence_company_news,"CSR, sponsorship, metro, lifestyle, or event story with target-company participation but limited firm-level information.",Manual,,low,No,No,No,No,Yes,csr_sponsorship_lifestyle_review,1,0,55bb704f99390c23fe4a67c01081ac05b65c2c1725c1e3079145d598391fa024,"New_news_NESTLE_NESTLE_news_csv:{""row_number"": 513}:99b215f9ea35",manual_preserve,manual_preserve_v1,New_news/NESTLE/NESTLE_news.csv,437626b696797b38605fd99fa0d515d8b54f29dfede3ecdc300a8f4dce97e6a4
NEWS_CANDIDATE_058246_581cff43,NESTLE,Nestle Malaysia Berhad,Swiss stock exchange says trading set to resume after outage,The Star,2024-07-31,https://www.thestar.com.my/tech/tech-news/2024/07/31/swiss-stock-exchange-says-trading-halted-due-to-data-problems,1254,Nestle,,Nestle,,low_confidence_company_news,"Target-company alias appears, but company-specific relevance is weak.",Manual,,low,No,No,No,No,Yes,weak_company_specific_context,1,0,5d3955b73da2359e6c00ffe6eb346e3de326d7f013b178db309277ab77ea03cb,"New_news_NESTLE_NESTLE_news_csv:{""row_number"": 515}:0c3d5bf6cd8b",manual_preserve,manual_preserve_v1,New_news/NESTLE/NESTLE_news.csv,437626b696797b38605fd99fa0d515d8b54f29dfede3ecdc300a8f4dce97e6a4
NEWS_CANDIDATE_058273_b3419e7e,NESTLE,Nestle Malaysia Berhad,175 from 32 schools attend racewalking clinic,The Star,2024-06-17,https://www.thestar.com.my/metro/metro-news/2024/06/17/175-from-32-schools-attend-racewalking-clinic,1639,Nestle|Nestle Malaysia,Nestle Malaysia,Nestle,,low_confidence_company_news,"CSR, sponsorship, metro, lifestyle, or event story with target-company participation but limited firm-level information.",Manual,,low,No,No,No,No,Yes,csr_sponsorship_lifestyle_review,0,0,971cc8db3a2b476010ec309f83230f7d7a8977f08835c3a1c7d2fe567c6f3bcb,"New_news_NESTLE_NESTLE_news_csv:{""row_number"": 542}:4f8e83d71706",manual_preserve,manual_preserve_v1,New_news/NESTLE/NESTLE_news.csv,437626b696797b38605fd99fa0d515d8b54f29dfede3ecdc300a8f4dce97e6a4
NEWS_CANDIDATE_058277_514f37e7,NESTLE,Nestle Malaysia Berhad,Sailor Hafizin and sprinter Afrina win best MOE-MSSM-MILO male and female awards,The Star,2024-06-10,https://www.thestar.com.my/sport/others/2024/06/10/sailor-hafizin-and-sprinter-afrina-win-best-moe-mssm-milo-male-and-female-awards,2503,Nestle,,Nestle,,low_confidence_company_news,"CSR, sponsorship, metro, lifestyle, or event story with target-company participation but limited firm-level information.",Manual,,low,No,No,No,No,Yes,csr_sponsorship_lifestyle_review,1,0,48487e34b7dafed66ee781e81dd8e4b5245ca17e7cb89dd6cd324c91375ce955,"New_news_NESTLE_NESTLE_news_csv:{""row_number"": 546}:86a598bcf302",manual_preserve,manual_preserve_v1,New_news/NESTLE/NESTLE_news.csv,437626b696797b38605fd99fa0d515d8b54f29dfede3ecdc300a8f4dce97e6a4
NEWS_CANDIDATE_058283_904c6d8f,NESTLE,Nestle Malaysia Berhad,New app makes recycling a breeze in PJ,The Star,2024-06-03,https://www.thestar.com.my/metro/metro-news/2024/06/03/new-app-makes-recycling-a-breeze-in-pj,2573,Nestle,,Nestle,,low_confidence_company_news,"Target-company alias appears, but company-specific relevance is weak.",Manual,,low,No,No,No,No,Yes,weak_company_specific_context,1,0,93bc5b1cfaf226af0c43321ed033966cbb14a5456f73b0a55bed70950a3e4821,"New_news_NESTLE_NESTLE_news_csv:{""row_number"": 552}:aae4e558229b",manual_preserve,manual_preserve_v1,New_news/NESTLE/NESTLE_news.csv,437626b696797b38605fd99fa0d515d8b54f29dfede3ecdc300a8f4dce97e6a4
NEWS_CANDIDATE_058297_56de2791,NESTLE,Nestle Malaysia Berhad,Ultra-processed foods increase the risk of death,The Star,2024-05-21,https://www.thestar.com.my/lifestyle/health/2024/05/21/ultra-processed-foods-increase-the-risk-of-death,2250,Nestle,,Nestle,,low_confidence_company_news,"CSR, sponsorship, metro, lifestyle, or event story with target-company participation but limited firm-level information.",Manual,,low,No,No,No,No,Yes,csr_sponsorship_lifestyle_review,1,0,b7535d39a303dfae852572e183a6f1bd5cccf861787546c603e6905f62274eb0,"New_news_NESTLE_NESTLE_news_csv:{""row_number"": 566}:0b97cbc26c27",manual_preserve,manual_preserve_v1,New_news/NESTLE/NESTLE_news.csv,437626b696797b38605fd99fa0d515d8b54f29dfede3ecdc300a8f4dce97e6a4
NEWS_CANDIDATE_058323_6bc9cd5a,NESTLE,Nestle Malaysia Berhad,Home repairs for Orang Asli,The Star,2024-04-23,https://www.thestar.com.my/metro/metro-news/2024/04/23/home-repairs-for-orang-asli,3195,Nestle|Nestle Malaysia,Nestle Malaysia,Nestle,,low_confidence_company_news,"CSR, sponsorship, metro, lifestyle, or event story with target-company participation but limited firm-level information.",Manual,,low,No,No,No,No,Yes,csr_sponsorship_lifestyle_review,1,0,547aaccad6a1e6f6fca2e516999d3b78fbe1a5708082497488f0a4446257715e,"New_news_NESTLE_NESTLE_news_csv:{""row_number"": 592}:71042d416518",manual_preserve,manual_preserve_v1,New_news/NESTLE/NESTLE_news.csv,437626b696797b38605fd99fa0d515d8b54f29dfede3ecdc300a8f4dce97e6a4
NEWS_CANDIDATE_058339_2fc7bde2,NESTLE,Nestle Malaysia Berhad,New appointments set to guide Invictus Blue’s integrated proposition,The Star,2024-04-08,https://www.thestar.com.my/business/business-news/2024/04/08/new-appointments-set-to-guide-invictus-blues-integrated-proposition,1911,Nestle|Nestle Malaysia,Nestle Malaysia,Nestle,,low_confidence_company_news,"Target-company alias appears, but company-specific relevance is weak.",Manual,,low,No,Yes,Yes,No,Yes,weak_company_specific_context,1,0,025216799947cb3d3f194b4b8d4020a0ba97c6fd85eb1937971e79d02e67e50c,"New_news_NESTLE_NESTLE_news_csv:{""row_number"": 608}:22514a2216f9",manual_preserve,manual_preserve_v1,New_news/NESTLE/NESTLE_news.csv,437626b696797b38605fd99fa0d515d8b54f29dfede3ecdc300a8f4dce97e6a4
NEWS_CANDIDATE_058347_6d8fbdee,NESTLE,Nestle Malaysia Berhad,"'Biscuity, very delicious' new 'blond' chocolate is tempting French pastry chefs",The Star,2024-04-01,https://www.thestar.com.my/lifestyle/living/2024/04/01/039biscuity039-and-039delicious039-new-039blond039-chocolate-is-tempting-french-pastry-chefs,3016,Nestle,,Nestle,,low_confidence_company_news,"Target-company alias appears, but company-specific relevance is weak.",Manual,,low,No,No,No,No,Yes,weak_company_specific_context,1,0,be8df22ce34cb4f2ba9099e7a0345f2286f703a0b5e3e76257e7eefde97af9c6,"New_news_NESTLE_NESTLE_news_csv:{""row_number"": 616}:897d032fb54b",manual_preserve,manual_preserve_v1,New_news/NESTLE/NESTLE_news.csv,437626b696797b38605fd99fa0d515d8b54f29dfede3ecdc300a8f4dce97e6a4
NEWS_CANDIDATE_058348_c60a8bc1,NESTLE,Nestle Malaysia Berhad,PJ recycling ideal grows ever stronger,The Star,2024-03-22,https://www.thestar.com.my/metro/metro-news/2024/03/22/pj-recycling-ideal-grows-ever-stronger,6740,Nestle,,Nestle,,low_confidence_company_news,"CSR, sponsorship, metro, lifestyle, or event story with target-company participation but limited firm-level information.",Manual,,low,No,No,No,No,Yes,csr_sponsorship_lifestyle_review,1,0,8ebf17be85ebf8f2eeffa632cca9f8796bf03360c5cec1b5c8a68b280c3610d2,"New_news_NESTLE_NESTLE_news_csv:{""row_number"": 617}:fe3aa1dc1167",manual_preserve,manual_preserve_v1,New_news/NESTLE/NESTLE_news.csv,437626b696797b38605fd99fa0d515d8b54f29dfede3ecdc300a8f4dce97e6a4
NEWS_CANDIDATE_058349_2728d76e,NESTLE,Nestle Malaysia Berhad,Walmart-backed tech firm Ibotta files for US IPO,The Star,2024-03-23,https://www.thestar.com.my/tech/tech-news/2024/03/23/walmart-backed-technology-firm-ibotta-files-to-go-public-in-us,1164,Nestle,,Nestle,,low_confidence_company_news,"Target-company alias appears, but company-specific relevance is weak.",Manual,,low,No,No,No,No,Yes,weak_company_specific_context,1,0,913fa3065900f5fe20c046977b5b1dd93d5589db2a145ece2ab03f1ece1f4089,"New_news_NESTLE_NESTLE_news_csv:{""row_number"": 618}:d924feaa658a",manual_preserve,manual_preserve_v1,New_news/NESTLE/NESTLE_news.csv,437626b696797b38605fd99fa0d515d8b54f29dfede3ecdc300a8f4dce97e6a4
NEWS_CANDIDATE_058364_7557f101,NESTLE,Nestle Malaysia Berhad,Scientists launch hub to channel quantum power for good,The Star,2024-03-06,https://www.thestar.com.my/tech/tech-news/2024/03/06/scientists-launch-hub-to-channel-quantum-power-for-good,3326,Nestle,,Nestle,,low_confidence_company_news,"Target-company alias appears, but company-specific relevance is weak.",Manual,,low,No,No,No,No,Yes,weak_company_specific_context,1,0,b48e5059405a968fadced455b52c3aaa424fb2ef3f3cece2b673060d438a5d8f,"New_news_NESTLE_NESTLE_news_csv:{""row_number"": 633}:7b40f286dbed",manual_preserve,manual_preserve_v1,New_news/NESTLE/NESTLE_news.csv,437626b696797b38605fd99fa0d515d8b54f29dfede3ecdc300a8f4dce97e6a4
NEWS_CANDIDATE_058373_3dfbdace,NESTLE,Nestle Malaysia Berhad,Mondelez revamps European operations after boycotts over Russia,The Star,2024-02-20,https://www.thestar.com.my/business/business-news/2024/02/20/mondelez-revamps-european-operations-after-boycotts-over-russia,4294,Nestle,,Nestle,,low_confidence_company_news,"CSR, sponsorship, metro, lifestyle, or event story with target-company participation but limited firm-level information.",Manual,,low,No,No,No,No,Yes,csr_sponsorship_lifestyle_review,1,0,8e71ebbe263f9924443c29db805cc7a26c014d9af2a650a883244428a8fbf8e9,"New_news_NESTLE_NESTLE_news_csv:{""row_number"": 642}:bdc121d26b54",manual_preserve,manual_preserve_v1,New_news/NESTLE/NESTLE_news.csv,437626b696797b38605fd99fa0d515d8b54f29dfede3ecdc300a8f4dce97e6a4
NEWS_CANDIDATE_070934_e5ae0d98,PPB,PPB Group Berhad,Wilmar’s Indonesia unit charged for sugar import,The Star,2025-10-22,https://www.thestar.com.my/business/business-news/2025/10/22/wilmars-indonesia-unit-charged-for-sugar-import,2042,PPB|PPB Group,PPB Group,,PPB,low_confidence_company_news,"Target-company alias appears, but company-specific relevance is weak.",Manual,,low,No,Yes,Yes,No,Yes,weak_company_specific_context,1,0,c83b3b83452663ac6f23ecba72cfe37834b2b7b67277570c30d13067192bfebd,"New_news_PPB_PPB_news_csv:{""row_number"": 20}:060f6e0bc215",manual_preserve,manual_preserve_v1,New_news/PPB/PPB_news.csv,ebffdac47db3b0ac2eb44a1b3940e1bae79ecfdd1d23d11f0d8629f713b35ff7
NEWS_CANDIDATE_070939_0fd8c564,PPB,PPB Group Berhad,Leong Hup unit wins relief from MyCC fine,The Star,2025-10-03,https://www.thestar.com.my/business/business-news/2025/10/03/leong-hup-unit-wins-relief-from-mycc-fine,1364,PPB|PPB Group,PPB Group,,PPB,low_confidence_company_news,"Target-company alias appears, but company-specific relevance is weak.",Manual,,low,No,Yes,No,No,Yes,weak_company_specific_context,1,1,34e0df6b64b67f732011f7079b243b3aaeeb5058ce27c8a734f2c779884d33ca,"New_news_PPB_PPB_news_csv:{""row_number"": 25}:c95b7fac9080",manual_preserve,manual_preserve_v1,New_news/PPB/PPB_news.csv,ebffdac47db3b0ac2eb44a1b3940e1bae79ecfdd1d23d11f0d8629f713b35ff7
NEWS_CANDIDATE_070940_10fd2dbc,PPB,PPB Group Berhad,"High Court grants Leong Hup, PPB’s FFM stay on MyCC penalties",The Star,2025-10-02,https://www.thestar.com.my/business/business-news/2025/10/02/high-court-grants-leong-hup-ppbs-ffm-stay-on-mycc-penalties,1769,PPB|PPB Group,PPB Group,,PPB,low_confidence_company_news,Ticker-only weak alias appears in title with business or F&B context.,Manual,,low,No,Yes,No,No,Yes,ticker_only_title_context,1,1,73397dd31daf45cfba36500a9b953a7b287619cbc147c392b38949ca98e865ae,"New_news_PPB_PPB_news_csv:{""row_number"": 26}:4d142764aaa6",manual_preserve,manual_preserve_v1,New_news/PPB/PPB_news.csv,ebffdac47db3b0ac2eb44a1b3940e1bae79ecfdd1d23d11f0d8629f713b35ff7
NEWS_CANDIDATE_070974_2fb3aa4b,PPB,PPB Group Berhad,PPB risk premium higher amid legal case in Indonesia,The Star,2025-06-19,https://www.thestar.com.my/business/business-news/2025/06/19/ppb-risk-premium-higher-amid-legal-case-in-indonesia,1809,PPB|PPB Group,PPB Group,,PPB,low_confidence_company_news,Ticker-only weak alias appears in title with business or F&B context.,Manual,,low,No,Yes,Yes,No,Yes,ticker_only_title_context,1,0,f80a774e5c320f5308180c276a195c71a87bf26f237bd6d4866577e247c9d175,"New_news_PPB_PPB_news_csv:{""row_number"": 60}:b297a4496440",manual_preserve,manual_preserve_v1,New_news/PPB/PPB_news.csv,ebffdac47db3b0ac2eb44a1b3940e1bae79ecfdd1d23d11f0d8629f713b35ff7
NEWS_CANDIDATE_070984_c6b00d6f,PPB,PPB Group Berhad,More AEDs in S’gor public spaces,The Star,2025-05-01,https://www.thestar.com.my/metro/metro-news/2025/05/01/more-aeds-in-sgor-public-spaces,3703,PPB|PPB Group,PPB Group,,PPB,low_confidence_company_news,"CSR, sponsorship, metro, lifestyle, or event story with target-company participation but limited firm-level information.",Manual,,low,No,No,No,No,Yes,csr_sponsorship_lifestyle_review,1,0,55489b9cccc3ec5f704c8e86bce398fe5ad02b861463814b08e3f3e286e7a998,"New_news_PPB_PPB_news_csv:{""row_number"": 70}:2653d1361dd0",manual_preserve,manual_preserve_v1,New_news/PPB/PPB_news.csv,ebffdac47db3b0ac2eb44a1b3940e1bae79ecfdd1d23d11f0d8629f713b35ff7
NEWS_CANDIDATE_070985_13e3015a,PPB,PPB Group Berhad,Empowering the public with life-saving resuscitation skills,The Star,2025-04-17,https://www.thestar.com.my/metro/metro-news/2025/04/17/empowering-the-public-with-life-saving-resuscitation-skills,2963,PPB|PPB Group,PPB Group,,PPB,low_confidence_company_news,"CSR, sponsorship, metro, lifestyle, or event story with target-company participation but limited firm-level information.",Manual,,low,No,No,No,No,Yes,csr_sponsorship_lifestyle_review,1,0,f019f63f9cf48d21939dcd36897a9b090e1ec564dce47c1b6d250faab2a178f6,"New_news_PPB_PPB_news_csv:{""row_number"": 71}:8131634379e3",manual_preserve,manual_preserve_v1,New_news/PPB/PPB_news.csv,ebffdac47db3b0ac2eb44a1b3940e1bae79ecfdd1d23d11f0d8629f713b35ff7
NEWS_CANDIDATE_070997_cf1a5039,PPB,PPB Group Berhad,Wilmar’s latest acquisition to bolster earnings,The Star,2025-02-12,https://www.thestar.com.my/business/business-news/2025/02/12/wilmars-latest-acquisition-to-bolster-earnings,3569,PPB|PPB Group,PPB Group,,PPB,low_confidence_company_news,"Target-company alias appears, but company-specific relevance is weak.",Manual,,low,No,Yes,Yes,No,Yes,weak_company_specific_context,1,0,8d84f9d6bc03f60d52cd4cf9a16fa2f229daf435c3ed219b05df2e13c1f578a3,"New_news_PPB_PPB_news_csv:{""row_number"": 83}:40b75dcdb03f",manual_preserve,manual_preserve_v1,New_news/PPB/PPB_news.csv,ebffdac47db3b0ac2eb44a1b3940e1bae79ecfdd1d23d11f0d8629f713b35ff7
NEWS_CANDIDATE_071030_c5014d3a,PPB,PPB Group Berhad,Better prospects for plantation companies in 2H24,The Star,2024-09-06,https://www.thestar.com.my/business/business-news/2024/09/06/better-prospects-for-plantation-companies-in-2h24,3368,PPB|PPB Group,PPB Group,,PPB,low_confidence_company_news,"Target-company alias appears, but company-specific relevance is weak.",Manual,,low,No,Yes,No,No,Yes,weak_company_specific_context,1,0,4484a08adf750adbafa8e9db80b9a0e641977532121d8afa07f7ca6371cffc3a,"New_news_PPB_PPB_news_csv:{""row_number"": 116}:0c1322892b54",manual_preserve,manual_preserve_v1,New_news/PPB/PPB_news.csv,ebffdac47db3b0ac2eb44a1b3940e1bae79ecfdd1d23d11f0d8629f713b35ff7
NEWS_CANDIDATE_071034_6941f782,PPB,PPB Group Berhad,Higher yearly earnings for plantation companies,The Star,2024-09-05,https://www.thestar.com.my/business/business-news/2024/09/05/higher-yearly-earnings-for-plantation-companies,4384,PPB|PPB Group,PPB Group,,PPB,low_confidence_company_news,"Target-company alias appears, but company-specific relevance is weak.",Manual,,low,No,Yes,No,No,Yes,weak_company_specific_context,1,0,3e475b59ccb758eb061cfe99780bcfbf3e333432279fa3f883c84fb10556b770,"New_news_PPB_PPB_news_csv:{""row_number"": 120}:9f9cbf1ae679",manual_preserve,manual_preserve_v1,New_news/PPB/PPB_news.csv,ebffdac47db3b0ac2eb44a1b3940e1bae79ecfdd1d23d11f0d8629f713b35ff7
NEWS_CANDIDATE_071053_a1698a74,PPB,PPB Group Berhad,Toy library a treasure trove for B40 in Lembah Subang,The Star,2024-06-25,https://www.thestar.com.my/metro/metro-news/2024/06/25/toy-library-a-treasure-trove-for-b40-in-lembah-subang,3455,PPB|PPB Group,PPB Group,,PPB,low_confidence_company_news,"Target-company alias appears, but company-specific relevance is weak.",Manual,,low,No,Yes,No,No,Yes,weak_company_specific_context,1,0,e4295e763d7db8cbab1e090b61c68425a4538bb79396e5f50a78e18fd76cd76a,"New_news_PPB_PPB_news_csv:{""row_number"": 139}:3cdbe775843c",manual_preserve,manual_preserve_v1,New_news/PPB/PPB_news.csv,ebffdac47db3b0ac2eb44a1b3940e1bae79ecfdd1d23d11f0d8629f713b35ff7
NEWS_CANDIDATE_071055_6bf7c353,PPB,PPB Group Berhad,Techbond in the spotlight,The Star,2024-06-19,https://www.thestar.com.my/business/business-news/2024/06/19/techbond-in-the-spotlight,2560,PPB|PPB Group,PPB Group,,PPB,low_confidence_company_news,"Target-company alias appears, but company-specific relevance is weak.",Manual,,low,No,Yes,Yes,No,Yes,weak_company_specific_context,1,0,07d5ca0c803c5d441e1ed4ea3e83ecf469bbd3bc4202ecfa74c1dd6f4d272dce,"New_news_PPB_PPB_news_csv:{""row_number"": 141}:1d9f01f09b0f",manual_preserve,manual_preserve_v1,New_news/PPB/PPB_news.csv,ebffdac47db3b0ac2eb44a1b3940e1bae79ecfdd1d23d11f0d8629f713b35ff7
NEWS_CANDIDATE_071058_01e84683,PPB,PPB Group Berhad,Muted near-term downstream earnings likely for planters,The Star,2024-06-11,https://www.thestar.com.my/business/business-news/2024/06/11/muted-near-term-downstream-earnings-likely-for-planters,3311,PPB|PPB Group,PPB Group,,PPB,low_confidence_company_news,"Target-company alias appears, but company-specific relevance is weak.",Manual,,low,No,Yes,No,No,Yes,weak_company_specific_context,1,0,55250d78034157d6722f4d846dd02f15bd1093f75e003b863072e1ce87cf657a,"New_news_PPB_PPB_news_csv:{""row_number"": 144}:c4b8edb8d8f6",manual_preserve,manual_preserve_v1,New_news/PPB/PPB_news.csv,ebffdac47db3b0ac2eb44a1b3940e1bae79ecfdd1d23d11f0d8629f713b35ff7
NEWS_CANDIDATE_071079_e68694a4,PPB,PPB Group Berhad,Mixed outlook for plantations on downstream margin drag,The Star,2024-03-20,https://www.thestar.com.my/business/business-news/2024/03/20/mixed-outlook-for-plantations-on-downstream-margin-drag,2313,PPB|PPB Group,PPB Group,,PPB,low_confidence_company_news,"Target-company alias appears, but company-specific relevance is weak.",Manual,,low,No,Yes,No,No,Yes,weak_company_specific_context,1,0,bb42bcdbecb2830b7cd38429398b53c36681be70431c8c28a8e6996ef9587a2c,"New_news_PPB_PPB_news_csv:{""row_number"": 165}:12e405e5e08a",manual_preserve,manual_preserve_v1,New_news/PPB/PPB_news.csv,ebffdac47db3b0ac2eb44a1b3940e1bae79ecfdd1d23d11f0d8629f713b35ff7
NEWS_CANDIDATE_071830_deeab656,SDS,SDS Group Berhad,SDS plans to open outlets in the Klang Valley,The Star,2025-09-24,https://www.thestar.com.my/business/business-news/2025/09/24/sds-plans-to-open-outlets-in-the-klang-valley,3062,SDS,,,SDS,low_confidence_company_news,Ticker-only weak alias appears in title with business or F&B context.,Manual,,low,No,No,No,No,Yes,ticker_only_title_context,1,0,5ae25889ada2f64a86de1773cfa9837c78738433ec67ad6a648ef7b58dd0e7dd,"New_news_SDS_SDS_news_csv:{""row_number"": 57}:5108267fd625",manual_preserve,manual_preserve_v1,New_news/SDS/SDS_news.csv,4cb1c5a72ce90fbb8933ef0c5ba7eb790426606411abd0a8b3371c4a44dd9f96
NEWS_CANDIDATE_071849_dc98a936,SDS,SDS Group Berhad,"SDS unit acquires factories, production lines for RM28mil",The Star,2025-08-15,https://www.thestar.com.my/business/business-news/2025/08/15/sds-unit-acquires-factories-production-lines-for-rm28mil,725,SDS,,,SDS,low_confidence_company_news,Ticker-only weak alias appears in title with business or F&B context.,Manual,,low,No,No,No,No,Yes,ticker_only_title_context,1,0,06191192e5fac4da648c9299d0b74c7d3d4b9f4da6d97f50f068a9df086fb407,"New_news_SDS_SDS_news_csv:{""row_number"": 76}:c5de14ce5947",manual_preserve,manual_preserve_v1,New_news/SDS/SDS_news.csv,4cb1c5a72ce90fbb8933ef0c5ba7eb790426606411abd0a8b3371c4a44dd9f96
NEWS_CANDIDATE_071984_8b1439d4,SDS,SDS Group Berhad,"Muhyiddin lacked support to be PM because of overlapping SDs, says Anwar",The Star,2024-08-23,https://www.thestar.com.my/news/nation/2024/08/23/muhyiddin-lacked-support-to-be-pm-because-of-overlapping-sds-says-anwar,2487,SDS,,,SDS,low_confidence_company_news,Ticker-only weak alias appears in title with business or F&B context.,Manual,,low,No,No,No,No,Yes,ticker_only_title_context,1,0,1e6262ca041847dabb424470f99cf5008ae20052053ea40e91379904181f2961,"New_news_SDS_SDS_news_csv:{""row_number"": 211}:83a228526357",manual_preserve,manual_preserve_v1,New_news/SDS/SDS_news.csv,4cb1c5a72ce90fbb8933ef0c5ba7eb790426606411abd0a8b3371c4a44dd9f96
NEWS_CANDIDATE_071987_0abc15e1,SDS,SDS Group Berhad,"Muhyiddin only had 105 SDs as 10 MPs also signed for Barisan, says Zahid",The Star,2024-08-22,https://www.thestar.com.my/news/nation/2024/08/22/muhyiddin-only-had-105-sds-as-10-mps-also-signed-for-barisan-says-zahid,1580,SDS,,,SDS,low_confidence_company_news,Ticker-only weak alias appears in title with business or F&B context.,Manual,,low,No,No,No,No,Yes,ticker_only_title_context,0,0,0e4dd9925a956cd5ad4fd7f44bfb43f4f8e3ec861ef350485e1306138ee794f4,"New_news_SDS_SDS_news_csv:{""row_number"": 214}:bfe4b1c2235f",manual_preserve,manual_preserve_v1,New_news/SDS/SDS_news.csv,4cb1c5a72ce90fbb8933ef0c5ba7eb790426606411abd0a8b3371c4a44dd9f96
NEWS_CANDIDATE_071988_d030ec4e,SDS,SDS Group Berhad,"SDs alone no guarantee of PM's post, Salleh tells Muhyiddin",The Star,2024-08-22,https://www.thestar.com.my/news/nation/2024/08/22/sds-alone-no-guarantee-of-pm039s-post-salleh-tells-muhyiddin,1898,SDS,,,SDS,low_confidence_company_news,Ticker-only weak alias appears in title with business or F&B context.,Manual,,low,No,No,No,No,Yes,ticker_only_title_context,1,0,854fd615afc8a7490bcf2b03b1d9c27637dd3a9c807d01ef4af433d624d553a2,"New_news_SDS_SDS_news_csv:{""row_number"": 215}:8a7436cc8ba3",manual_preserve,manual_preserve_v1,New_news/SDS/SDS_news.csv,4cb1c5a72ce90fbb8933ef0c5ba7eb790426606411abd0a8b3371c4a44dd9f96
NEWS_CANDIDATE_073583_4d833ad9,SG,Saudee Group Berhad,MRCB confirms withdrawal from KL-SG HSR consortium,The Star,2024-12-19,https://www.thestar.com.my/business/business-news/2024/12/19/mrcb-confirms-withdrawal-from-kl-sg-hsr-consortium,1299,SG,,,SG,low_confidence_company_news,Ticker-only weak alias appears in title with business or F&B context.,Manual,,low,No,No,No,No,Yes,ticker_only_title_context,1,0,5e73750c1490949f3d7f8772d9c7091d9f033d53745c9ece7e6601b0b034f05c,"New_news_SG_SG_news_csv:{""row_number"": 1515}:ee1fe479b558",manual_preserve,manual_preserve_v1,New_news/SG/SG_news.csv,d647267f9e21d2308fb5266675133ae3c7ce3e00a198331d18e15c0bdd453255
NEWS_CANDIDATE_073736_7967971a,SG,Saudee Group Berhad,Sg Long traders welcome planned new market but question govt funds spent on temporary premises,The Star,2024-11-15,https://www.thestar.com.my/metro/metro-news/2024/11/15/sg-long-traders-welcome-planned-new-market-but-question-govt-funds-spent-on-temporary-premises,2375,SG,,,SG,low_confidence_company_news,Ticker-only weak alias appears in title with business or F&B context.,Manual,,low,No,No,No,No,Yes,ticker_only_title_context,1,0,f23373c22b2feee373f329caea19cf4974c0a0af393ce190aed076ef61374d0f,"New_news_SG_SG_news_csv:{""row_number"": 1668}:712b113c6c02",manual_preserve,manual_preserve_v1,New_news/SG/SG_news.csv,d647267f9e21d2308fb5266675133ae3c7ce3e00a198331d18e15c0bdd453255
NEWS_CANDIDATE_074032_49957f27,SG,Saudee Group Berhad,Chemical waste found dumped at banks of Sg Plentong tributary in Johor,The Star,2024-09-06,https://www.thestar.com.my/news/nation/2024/09/06/chemical-waste-found-dumped-at-banks-of-sg-plentong-tributary-in-johor,1678,SG,,,SG,low_confidence_company_news,Ticker-only weak alias appears in title with business or F&B context.,Manual,,low,No,No,No,No,Yes,ticker_only_title_context,0,0,90d7877f5d2d4ef9b5ffd14757d9c7a082651406ba7b5751c8e2bf58a9a550f4,"New_news_SG_SG_news_csv:{""row_number"": 1964}:073dd7a2a3e1",manual_preserve,manual_preserve_v1,New_news/SG/SG_news.csv,d647267f9e21d2308fb5266675133ae3c7ce3e00a198331d18e15c0bdd453255
NEWS_CANDIDATE_074035_5ed4b375,SG,Saudee Group Berhad,DOE finds unknown objects in stream flowing into Sg Pandan,The Star,2024-09-05,https://www.thestar.com.my/news/nation/2024/09/05/doe-finds-unknown-objects-in-stream-flowing-into-sg-pandan,3135,SG,,,SG,low_confidence_company_news,Ticker-only weak alias appears in title with business or F&B context.,Manual,,low,No,No,No,No,Yes,ticker_only_title_context,0,0,8aa416be57d591981c85bdaea5910b352a769e4efd22af95b7e0c4ccc99d1175,"New_news_SG_SG_news_csv:{""row_number"": 1967}:8aa8ef498c43",manual_preserve,manual_preserve_v1,New_news/SG/SG_news.csv,d647267f9e21d2308fb5266675133ae3c7ce3e00a198331d18e15c0bdd453255
NEWS_CANDIDATE_074295_f5e14b95,SG,Saudee Group Berhad,"Sg Bakap polls: Pakatan stands chance to recapture seat, say analysts",The Star,2024-06-26,https://www.thestar.com.my/news/nation/2024/06/26/sg-bakap-polls-pakatan-stands-chance-to-recapture-seat-say-analysts,3667,SG,,,SG,low_confidence_company_news,Ticker-only weak alias appears in title with business or F&B context.,Manual,,low,No,No,No,No,Yes,ticker_only_title_context,0,0,c222afad6b8b4feb4481d396f4c6aa43c3c60d3978491a19dafaa54dbdfc0eff,"New_news_SG_SG_news_csv:{""row_number"": 2227}:10e5ec440886",manual_preserve,manual_preserve_v1,New_news/SG/SG_news.csv,d647267f9e21d2308fb5266675133ae3c7ce3e00a198331d18e15c0bdd453255
NEWS_CANDIDATE_074601_49e7c0e7,SG,Saudee Group Berhad,"Sg Linggi water treatment plant had to be stopped due to garbage at intakes, says Negri MB",The Star,2024-04-17,https://www.thestar.com.my/news/nation/2024/04/17/sg-linggi-water-treatment-plant-had-to-be-stopped-due-to-garbage-at-intakes-says-negri-mb,2459,SG,,,SG,low_confidence_company_news,Ticker-only weak alias appears in title with business or F&B context.,Manual,,low,No,No,No,No,Yes,ticker_only_title_context,0,0,23e2bfaea6dc296e9e28013926ae574f8bb1844f427d804b42fd29bcf63dd9a3,"New_news_SG_SG_news_csv:{""row_number"": 2533}:4acf6925914f",manual_preserve,manual_preserve_v1,New_news/SG/SG_news.csv,d647267f9e21d2308fb5266675133ae3c7ce3e00a198331d18e15c0bdd453255
NEWS_CANDIDATE_074911_183b0866,SPRITZER,SPRITZER,SupportLine,The Star,2026-01-01,https://www.thestar.com.my/business/business-news/2026/01/01/supportline,1997,Spritzer Bhd|Spritzer,Spritzer Bhd,Spritzer,,low_confidence_company_news,"Target-company alias appears, but company-specific relevance is weak.",Manual,,low,No,Yes,No,No,Yes,weak_company_specific_context,1,1,cd96b203d23d045e926bf9124316f372faa567de34125ad0a3aff0f7118872e2,"New_news_SPRITZER_SPRITZER_news_csv:{""row_number"": 1}:053687951a06",manual_preserve,manual_preserve_v1,New_news/SPRITZER/SPRITZER_news.csv,773d67a6f9c6dae5777b3e0a0ad1ed087c722bea6cb6a23296e9c18ef3f12c48
NEWS_CANDIDATE_074912_487fcecf,SPRITZER,SPRITZER,Cocktail tribute to local botanical heritage,The Star,2026-01-02,https://www.thestar.com.my/metro/metro-news/2026/01/02/cocktail-tribute-to-local-botanical-heritage,4019,Spritzer,,Spritzer,,low_confidence_company_news,"CSR, sponsorship, metro, lifestyle, or event story with target-company participation but limited firm-level information.",Manual,,low,No,No,No,No,Yes,csr_sponsorship_lifestyle_review,1,0,271d5d83a42aaa388a0281bff0a20e1b9ee1f77292c5d3e85ee15684fd1034e2,"New_news_SPRITZER_SPRITZER_news_csv:{""row_number"": 2}:d3fe34b05c06",manual_preserve,manual_preserve_v1,New_news/SPRITZER/SPRITZER_news.csv,773d67a6f9c6dae5777b3e0a0ad1ed087c722bea6cb6a23296e9c18ef3f12c48
NEWS_CANDIDATE_074913_e4cb9a5b,SPRITZER,SPRITZER,"Tourism, policy support to boost consumer sector",The Star,2025-12-19,https://www.thestar.com.my/business/business-news/2025/12/19/tourism-policy-support-to-boost-consumer-sector,3712,Spritzer Bhd|Spritzer,Spritzer Bhd,Spritzer,,low_confidence_company_news,"Target-company alias appears, but company-specific relevance is weak.",Manual,,low,No,Yes,No,No,Yes,weak_company_specific_context,1,1,83849b2882822d2c657ca3fe55237ab00141c1b1daa3fff1cf0d5f2e44a6b1ef,"New_news_SPRITZER_SPRITZER_news_csv:{""row_number"": 3}:11c77ed89595",manual_preserve,manual_preserve_v1,New_news/SPRITZER/SPRITZER_news.csv,773d67a6f9c6dae5777b3e0a0ad1ed087c722bea6cb6a23296e9c18ef3f12c48
NEWS_CANDIDATE_074914_d7f37d96,SPRITZER,SPRITZER,Subdued trading on Bursa continues as traders await Fed rate decision,The Star,2025-12-05,https://www.thestar.com.my/business/business-news/2025/12/05/subdued-trading-on-bursa-continues-as-traders-await-fed-rate-decision,1768,Spritzer,,Spritzer,,low_confidence_company_news,"Target-company alias appears, but company-specific relevance is weak.",Manual,,low,No,No,No,No,Yes,weak_company_specific_context,1,1,a2538ea60c834b13e8f56d881b0ccce4a985e1e63a6f1fd77109057601104343,"New_news_SPRITZER_SPRITZER_news_csv:{""row_number"": 4}:f8e888d40ecf",manual_preserve,manual_preserve_v1,New_news/SPRITZER/SPRITZER_news.csv,773d67a6f9c6dae5777b3e0a0ad1ed087c722bea6cb6a23296e9c18ef3f12c48
NEWS_CANDIDATE_074916_8f1ef134,SPRITZER,SPRITZER,Inbound tourists to bring growth along for the ride,The Star,2025-11-14,https://www.thestar.com.my/business/business-news/2025/11/14/inbound-tourists-to-bring-growth-along-for-the-ride,2957,Spritzer Bhd|Spritzer,Spritzer Bhd,Spritzer,,low_confidence_company_news,"Target-company alias appears, but company-specific relevance is weak.",Manual,,low,No,Yes,No,No,Yes,weak_company_specific_context,1,1,f715bbe9c18b9619a3913cb97bcc65ca66cb9d7b4694395514319fcf043ecce2,"New_news_SPRITZER_SPRITZER_news_csv:{""row_number"": 6}:79e6cd08392f",manual_preserve,manual_preserve_v1,New_news/SPRITZER/SPRITZER_news.csv,773d67a6f9c6dae5777b3e0a0ad1ed087c722bea6cb6a23296e9c18ef3f12c48
NEWS_CANDIDATE_074921_3603984b,SPRITZER,SPRITZER,Special Olympics badminton meet in KL,The Star,2025-09-19,https://www.thestar.com.my/metro/community-sports/2025/09/19/special-olympics-badminton-meet-in-kl,5545,Spritzer,,Spritzer,,low_confidence_company_news,"CSR, sponsorship, metro, lifestyle, or event story with target-company participation but limited firm-level information.",Manual,,low,No,No,No,No,Yes,csr_sponsorship_lifestyle_review,1,0,fdd3c79fdbbd547d792fc5966d599192aface177e23bbbe42f301ac0873cdd94,"New_news_SPRITZER_SPRITZER_news_csv:{""row_number"": 11}:e9adad4124e8",manual_preserve,manual_preserve_v1,New_news/SPRITZER/SPRITZER_news.csv,773d67a6f9c6dae5777b3e0a0ad1ed087c722bea6cb6a23296e9c18ef3f12c48
NEWS_CANDIDATE_074924_1a190b1c,SPRITZER,SPRITZER,Consumer staples favourable amid expanded SST,The Star,2025-06-19,https://www.thestar.com.my/business/business-news/2025/06/19/consumer-staples-favourable-amid-expanded-sst,2696,Spritzer Bhd|Spritzer,Spritzer Bhd,Spritzer,,low_confidence_company_news,"Target-company alias appears, but company-specific relevance is weak.",Manual,,low,No,Yes,No,No,Yes,weak_company_specific_context,1,1,1042c62114a3b28997af5b857c2db022787fc66b01c1bcb66746aa9bab6a3d10,"New_news_SPRITZER_SPRITZER_news_csv:{""row_number"": 14}:2786b15d9b80",manual_preserve,manual_preserve_v1,New_news/SPRITZER/SPRITZER_news.csv,773d67a6f9c6dae5777b3e0a0ad1ed087c722bea6cb6a23296e9c18ef3f12c48
NEWS_CANDIDATE_074925_9ac55aa7,SPRITZER,SPRITZER,SupportLine,The Star,2025-06-19,https://www.thestar.com.my/business/business-news/2025/06/19/supportline,1785,Spritzer Bhd|Spritzer,Spritzer Bhd,Spritzer,,low_confidence_company_news,"Target-company alias appears, but company-specific relevance is weak.",Manual,,low,No,Yes,No,No,Yes,weak_company_specific_context,0,0,2d89bf2596b6c6b0adaaf43c5aeaae4a2dfa945dea8bffdf23b5d1a1d4848a1a,"New_news_SPRITZER_SPRITZER_news_csv:{""row_number"": 15}:fde08e6270d2",manual_preserve,manual_preserve_v1,New_news/SPRITZER/SPRITZER_news.csv,773d67a6f9c6dae5777b3e0a0ad1ed087c722bea6cb6a23296e9c18ef3f12c48
NEWS_CANDIDATE_074926_0f8811bc,SPRITZER,SPRITZER,"Motor neuron disease patients take on Taiping by rail, air",The Star,2025-05-12,https://www.thestar.com.my/metro/metro-news/2025/05/12/motor-neuron-disease-patients-take-on-taiping-by-rail-air,2475,Spritzer,,Spritzer,,low_confidence_company_news,"Target-company alias appears, but company-specific relevance is weak.",Manual,,low,No,No,No,No,Yes,weak_company_specific_context,0,0,4c325928940829b5d440b47f6630ef23063edbb24e7f598709fe29ecdd0e9612,"New_news_SPRITZER_SPRITZER_news_csv:{""row_number"": 16}:3d1034a0d26f",manual_preserve,manual_preserve_v1,New_news/SPRITZER/SPRITZER_news.csv,773d67a6f9c6dae5777b3e0a0ad1ed087c722bea6cb6a23296e9c18ef3f12c48
NEWS_CANDIDATE_074927_e6269880,SPRITZER,SPRITZER,Life Water targets high-capacity expansion,The Star,2025-04-16,https://www.thestar.com.my/business/business-news/2025/04/16/life-water-targets-high-capacity-expansion,2616,Spritzer Bhd|Spritzer,Spritzer Bhd,Spritzer,,low_confidence_company_news,"Target-company alias appears, but company-specific relevance is weak.",Manual,,low,No,Yes,No,No,Yes,weak_company_specific_context,1,0,23e6fe704fd4b5b2deff2f4d15bed4f5a148f056060b47038dc3bca925801f02,"New_news_SPRITZER_SPRITZER_news_csv:{""row_number"": 17}:86641b053c4b",manual_preserve,manual_preserve_v1,New_news/SPRITZER/SPRITZER_news.csv,773d67a6f9c6dae5777b3e0a0ad1ed087c722bea6cb6a23296e9c18ef3f12c48
NEWS_CANDIDATE_074928_55708158,SPRITZER,SPRITZER,Consumer sector poised to capitalise on tourism windfall,The Star,2025-03-19,https://www.thestar.com.my/business/business-news/2025/03/19/consumer-sector-poised-to-capitalise-on-tourism-windfall,2109,Spritzer Bhd|Spritzer,Spritzer Bhd,Spritzer,,low_confidence_company_news,"Target-company alias appears, but company-specific relevance is weak.",Manual,,low,No,Yes,No,No,Yes,weak_company_specific_context,1,0,0229323303d70e5331c5ff5490fac96d1342b7c8df4f2032bf1edce5f6bf07dd,"New_news_SPRITZER_SPRITZER_news_csv:{""row_number"": 18}:4b072a65216d",manual_preserve,manual_preserve_v1,New_news/SPRITZER/SPRITZER_news.csv,773d67a6f9c6dae5777b3e0a0ad1ed087c722bea6cb6a23296e9c18ef3f12c48
NEWS_CANDIDATE_074929_d54f2799,SPRITZER,SPRITZER,Rising tourism brightens consumer sector outlook,The Star,2025-02-19,https://www.thestar.com.my/business/business-news/2025/02/19/rising-tourism-brightens-consumer-sector-outlook,2632,Spritzer Bhd|Spritzer,Spritzer Bhd,Spritzer,,low_confidence_company_news,"Target-company alias appears, but company-specific relevance is weak.",Manual,,low,No,Yes,Yes,No,Yes,weak_company_specific_context,1,0,d801934c5f6420e5a3004c05e3b92cc44ed44bc80edf4687ab5da16d4dccdf9d,"New_news_SPRITZER_SPRITZER_news_csv:{""row_number"": 19}:d0609279d3a7",manual_preserve,manual_preserve_v1,New_news/SPRITZER/SPRITZER_news.csv,773d67a6f9c6dae5777b3e0a0ad1ed087c722bea6cb6a23296e9c18ef3f12c48
NEWS_CANDIDATE_074930_48844c4c,SPRITZER,SPRITZER,Ecopark in Taiping offers free entry until Feb 16,The Star,2025-01-31,https://www.thestar.com.my/metro/metro-news/2025/01/31/ecopark-in-taiping-offers-free-entry-until-feb-16,1558,Spritzer,,Spritzer,,low_confidence_company_news,"Target-company alias appears, but company-specific relevance is weak.",Manual,,low,No,No,No,No,Yes,weak_company_specific_context,0,0,3f1272087513a5df1244014b781213d8b406308498a59ac2866601438e7f78a3,"New_news_SPRITZER_SPRITZER_news_csv:{""row_number"": 20}:67560f81ec29",manual_preserve,manual_preserve_v1,New_news/SPRITZER/SPRITZER_news.csv,773d67a6f9c6dae5777b3e0a0ad1ed087c722bea6cb6a23296e9c18ef3f12c48
NEWS_CANDIDATE_074936_f3b7680f,SPRITZER,SPRITZER,Racing to raise funds for kids with Down syndrome,The Star,2024-06-20,https://www.thestar.com.my/metro/metro-news/2024/06/20/racing-to-raise-funds-for-kids-with-down-syndrome,2450,Spritzer Bhd|Spritzer,Spritzer Bhd,Spritzer,,low_confidence_company_news,"CSR, sponsorship, metro, lifestyle, or event story with target-company participation but limited firm-level information.",Manual,,low,No,No,No,No,Yes,csr_sponsorship_lifestyle_review,1,0,cb45d71b4c7d9de9fb9829d10c17d25e6528a3b57a5180111a2f1af38ba7f62a,"New_news_SPRITZER_SPRITZER_news_csv:{""row_number"": 26}:9742d8b91387",manual_preserve,manual_preserve_v1,New_news/SPRITZER/SPRITZER_news.csv,773d67a6f9c6dae5777b3e0a0ad1ed087c722bea6cb6a23296e9c18ef3f12c48
NEWS_CANDIDATE_074937_ffadd264,SPRITZER,SPRITZER,Japanese spring blooms with gin-based cocktails,The Star,2024-05-31,https://www.thestar.com.my/metro/metro-news/2024/05/31/japanese-spring-blooms-with-gin-based-cocktails,2747,Spritzer,,Spritzer,,low_confidence_company_news,"Target-company alias appears, but company-specific relevance is weak.",Manual,,low,No,No,No,No,Yes,weak_company_specific_context,1,0,be6c0e271f6cf22bb7a5f4b30d45892fd033d0fde92b71cc6d3091d7047577cc,"New_news_SPRITZER_SPRITZER_news_csv:{""row_number"": 27}:4753008fbc1e",manual_preserve,manual_preserve_v1,New_news/SPRITZER/SPRITZER_news.csv,773d67a6f9c6dae5777b3e0a0ad1ed087c722bea6cb6a23296e9c18ef3f12c48
NEWS_CANDIDATE_074939_cf389845,SPRITZER,SPRITZER,Dazzling night of well-known names,The Star,2024-02-07,https://www.thestar.com.my/metro/metro-news/2024/02/07/dazzling-night-of-well-known-names,3113,Spritzer,,Spritzer,,low_confidence_company_news,"Target-company alias appears, but company-specific relevance is weak.",Manual,,low,No,No,No,No,Yes,weak_company_specific_context,1,0,2969429814de9e884b35b0fdb26c0d69656cdea9b20befe8dc891dd84a5870ca,"New_news_SPRITZER_SPRITZER_news_csv:{""row_number"": 29}:0b92859eae27",manual_preserve,manual_preserve_v1,New_news/SPRITZER/SPRITZER_news.csv,773d67a6f9c6dae5777b3e0a0ad1ed087c722bea6cb6a23296e9c18ef3f12c48
