document_id,dimension_code,source_paragraph_count,selected_paragraph_count,selected_paragraph_ids,selection_reason,input_char_count,estimated_token_count,context_budget,budget_passed,fallback_used
MDA_0012_3A_2020,AR01,13,5,MDA_P001|MDA_P002|MDA_P003|MDA_P004|MDA_P006,coverage_map_and_representative_sections,5709,1428,1606,True,True
MDA_0012_3A_2020,AR02,13,5,MDA_P002|MDA_P003|MDA_P004|MDA_P005|MDA_P006,financial_numeric_keywords_with_neighbor_context_and_numeric_summary,5915,1479,1606,True,True
MDA_0012_3A_2020,AR03,13,6,MDA_P001|MDA_P002|MDA_P003|MDA_P004|MDA_P005|MDA_P007,operating_driver_keywords_with_causal_priority,6255,1564,1606,True,True
MDA_0012_3A_2020,AR04,13,6,MDA_P001|MDA_P002|MDA_P003|MDA_P006|MDA_P009|MDA_P010,risk_outlook_challenge_keywords,5841,1461,1606,True,True
MDA_0012_3A_2020,AR05,13,5,MDA_P001|MDA_P004|MDA_P007|MDA_P010|MDA_P013,python_structure_features_and_representative_paragraphs,4953,1239,1606,True,False
MDA_0012_3A_2021,AR01,10,6,MDA_P001|MDA_P002|MDA_P003|MDA_P005|MDA_P006|MDA_P007,coverage_map_and_representative_sections,5801,1451,1606,True,True
MDA_0012_3A_2021,AR02,10,6,MDA_P001|MDA_P002|MDA_P003|MDA_P004|MDA_P005|MDA_P006,financial_numeric_keywords_with_neighbor_context_and_numeric_summary,6377,1595,1606,True,True
MDA_0012_3A_2021,AR03,10,5,MDA_P001|MDA_P002|MDA_P003|MDA_P004|MDA_P005,operating_driver_keywords_with_causal_priority,5661,1416,1606,True,True
MDA_0012_3A_2021,AR04,10,2,MDA_P005|MDA_P007,risk_outlook_challenge_keywords,2599,650,1606,True,False
MDA_0012_3A_2021,AR05,10,5,MDA_P001|MDA_P003|MDA_P006|MDA_P008|MDA_P010,python_structure_features_and_representative_paragraphs,4532,1133,1606,True,False
MDA_0012_3A_2022,AR01,23,7,MDA_P001|MDA_P003|MDA_P005|MDA_P007|MDA_P010|MDA_P012|MDA_P014,coverage_map_and_representative_sections,6370,1593,1606,True,True
MDA_0012_3A_2022,AR02,23,9,MDA_P001|MDA_P002|MDA_P003|MDA_P004|MDA_P005|MDA_P006|MDA_P007|MDA_P008|MDA_P009,financial_numeric_keywords_with_neighbor_context_and_numeric_summary,6057,1515,1606,True,True
MDA_0012_3A_2022,AR03,23,8,MDA_P001|MDA_P002|MDA_P003|MDA_P004|MDA_P005|MDA_P006|MDA_P007|MDA_P008,operating_driver_keywords_with_causal_priority,5573,1394,1606,True,True
MDA_0012_3A_2022,AR04,23,5,MDA_P002|MDA_P003|MDA_P010|MDA_P011|MDA_P012,risk_outlook_challenge_keywords,5497,1375,1606,True,True
MDA_0012_3A_2022,AR05,23,5,MDA_P001|MDA_P006|MDA_P012|MDA_P018|MDA_P023,python_structure_features_and_representative_paragraphs,3445,862,1606,True,False
MDA_0012_3A_2023,AR01,18,5,MDA_P001|MDA_P002|MDA_P003|MDA_P006|MDA_P007,coverage_map_and_representative_sections,5636,1409,1606,True,True
MDA_0012_3A_2023,AR02,18,6,MDA_P001|MDA_P002|MDA_P003|MDA_P004|MDA_P005|MDA_P006,financial_numeric_keywords_with_neighbor_context_and_numeric_summary,6241,1561,1606,True,True
MDA_0012_3A_2023,AR03,18,6,MDA_P001|MDA_P003|MDA_P005|MDA_P006|MDA_P007|MDA_P008,operating_driver_keywords_with_causal_priority,6354,1589,1606,True,True
MDA_0012_3A_2023,AR04,18,5,MDA_P003|MDA_P005|MDA_P006|MDA_P007|MDA_P010,risk_outlook_challenge_keywords,5829,1458,1606,True,True
MDA_0012_3A_2023,AR05,18,5,MDA_P001|MDA_P005|MDA_P010|MDA_P014|MDA_P018,python_structure_features_and_representative_paragraphs,4662,1166,1606,True,False
MDA_0012_3A_2024,AR01,8,5,MDA_P001|MDA_P002|MDA_P003|MDA_P004|MDA_P005,coverage_map_and_representative_sections,5462,1366,1606,True,True
MDA_0012_3A_2024,AR02,8,5,MDA_P001|MDA_P002|MDA_P003|MDA_P004|MDA_P005,financial_numeric_keywords_with_neighbor_context_and_numeric_summary,5918,1480,1606,True,True
MDA_0012_3A_2024,AR03,8,5,MDA_P001|MDA_P002|MDA_P003|MDA_P004|MDA_P005,operating_driver_keywords_with_causal_priority,5462,1366,1606,True,True
MDA_0012_3A_2024,AR04,8,5,MDA_P001|MDA_P002|MDA_P003|MDA_P004|MDA_P006,risk_outlook_challenge_keywords,5681,1421,1606,True,True
MDA_0012_3A_2024,AR05,8,5,MDA_P001|MDA_P003|MDA_P005|MDA_P007|MDA_P008,python_structure_features_and_representative_paragraphs,5647,1412,1606,True,False
MDA_0212_SDS_2020,AR01,17,5,MDA_P001|MDA_P004|MDA_P006|MDA_P008|MDA_P009,coverage_map_and_representative_sections,5593,1399,1606,True,True
MDA_0212_SDS_2020,AR02,17,5,MDA_P001|MDA_P002|MDA_P007|MDA_P008|MDA_P009,financial_numeric_keywords_with_neighbor_context_and_numeric_summary,5607,1402,1606,True,True
MDA_0212_SDS_2020,AR03,17,5,MDA_P001|MDA_P002|MDA_P004|MDA_P006|MDA_P008,operating_driver_keywords_with_causal_priority,6020,1505,1606,True,True
MDA_0212_SDS_2020,AR04,17,5,MDA_P006|MDA_P012|MDA_P013|MDA_P015|MDA_P016,risk_outlook_challenge_keywords,5794,1449,1606,True,False
MDA_0212_SDS_2020,AR05,17,5,MDA_P001|MDA_P005|MDA_P009|MDA_P013|MDA_P017,python_structure_features_and_representative_paragraphs,5186,1297,1606,True,False
MDA_0212_SDS_2021,AR01,37,7,MDA_P001|MDA_P004|MDA_P005|MDA_P006|MDA_P009|MDA_P011|MDA_P019,coverage_map_and_representative_sections,6191,1548,1606,True,True
MDA_0212_SDS_2021,AR02,37,7,MDA_P001|MDA_P002|MDA_P003|MDA_P005|MDA_P006|MDA_P007|MDA_P008,financial_numeric_keywords_with_neighbor_context_and_numeric_summary,5298,1325,1606,True,True
MDA_0212_SDS_2021,AR03,37,5,MDA_P001|MDA_P002|MDA_P004|MDA_P005|MDA_P006,operating_driver_keywords_with_causal_priority,5642,1411,1606,True,True
MDA_0212_SDS_2021,AR04,37,6,MDA_P005|MDA_P006|MDA_P028|MDA_P029|MDA_P030|MDA_P031,risk_outlook_challenge_keywords,5775,1444,1606,True,True
MDA_0212_SDS_2021,AR05,37,5,MDA_P001|MDA_P010|MDA_P019|MDA_P028|MDA_P037,python_structure_features_and_representative_paragraphs,4083,1021,1606,True,False
MDA_0212_SDS_2022,AR01,14,5,MDA_P001|MDA_P006|MDA_P007|MDA_P008|MDA_P010,coverage_map_and_representative_sections,6070,1518,1606,True,True
MDA_0212_SDS_2022,AR02,14,4,MDA_P001|MDA_P002|MDA_P003|MDA_P004,financial_numeric_keywords_with_neighbor_context_and_numeric_summary,5434,1359,1606,True,True
MDA_0212_SDS_2022,AR03,14,5,MDA_P002|MDA_P004|MDA_P005|MDA_P006|MDA_P007,operating_driver_keywords_with_causal_priority,6258,1565,1606,True,True
MDA_0212_SDS_2022,AR04,14,5,MDA_P001|MDA_P002|MDA_P011|MDA_P012|MDA_P013,risk_outlook_challenge_keywords,5925,1482,1606,True,True
MDA_0212_SDS_2022,AR05,14,5,MDA_P001|MDA_P004|MDA_P008|MDA_P011|MDA_P014,python_structure_features_and_representative_paragraphs,5961,1491,1606,True,False
MDA_0212_SDS_2023,AR01,34,6,MDA_P001|MDA_P002|MDA_P007|MDA_P008|MDA_P018|MDA_P028,coverage_map_and_representative_sections,5576,1394,1606,True,True
MDA_0212_SDS_2023,AR02,34,8,MDA_P001|MDA_P002|MDA_P003|MDA_P004|MDA_P005|MDA_P006|MDA_P007|MDA_P008,financial_numeric_keywords_with_neighbor_context_and_numeric_summary,6215,1554,1606,True,True
MDA_0212_SDS_2023,AR03,34,10,MDA_P001|MDA_P002|MDA_P004|MDA_P005|MDA_P006|MDA_P007|MDA_P008|MDA_P011|MDA_P012|MDA_P013,operating_driver_keywords_with_causal_priority,6359,1590,1606,True,True
MDA_0212_SDS_2023,AR04,34,6,MDA_P002|MDA_P005|MDA_P026|MDA_P028|MDA_P029|MDA_P030,risk_outlook_challenge_keywords,5393,1349,1606,True,True
MDA_0212_SDS_2023,AR05,34,5,MDA_P001|MDA_P009|MDA_P018|MDA_P026|MDA_P034,python_structure_features_and_representative_paragraphs,3496,874,1606,True,False
MDA_0212_SDS_2024,AR01,29,6,MDA_P001|MDA_P002|MDA_P003|MDA_P006|MDA_P008|MDA_P015,coverage_map_and_representative_sections,5849,1463,1606,True,True
MDA_0212_SDS_2024,AR02,29,4,MDA_P001|MDA_P002|MDA_P003|MDA_P004,financial_numeric_keywords_with_neighbor_context_and_numeric_summary,5624,1406,1606,True,True
MDA_0212_SDS_2024,AR03,29,6,MDA_P001|MDA_P002|MDA_P003|MDA_P004|MDA_P005|MDA_P006,operating_driver_keywords_with_causal_priority,6155,1539,1606,True,True
MDA_0212_SDS_2024,AR04,29,5,MDA_P003|MDA_P006|MDA_P008|MDA_P024|MDA_P025,risk_outlook_challenge_keywords,5586,1397,1606,True,True
MDA_0212_SDS_2024,AR05,29,5,MDA_P001|MDA_P008|MDA_P015|MDA_P022|MDA_P029,python_structure_features_and_representative_paragraphs,3766,942,1606,True,False
MDA_2658_AJI_2020,AR01,36,6,MDA_P001|MDA_P002|MDA_P003|MDA_P019|MDA_P034|MDA_P036,coverage_map_and_representative_sections,3999,1054,1606,True,False
MDA_2658_AJI_2020,AR02,36,3,MDA_P033|MDA_P034|MDA_P035,financial_numeric_keywords_with_neighbor_context_and_numeric_summary,1488,490,1606,True,False
MDA_2658_AJI_2020,AR03,36,8,MDA_P002|MDA_P003|MDA_P004|MDA_P006|MDA_P007|MDA_P015|MDA_P028|MDA_P034,operating_driver_keywords_with_causal_priority,5663,1546,1606,True,False
MDA_2658_AJI_2020,AR04,36,1,MDA_P002,risk_outlook_challenge_keywords,1842,461,1606,True,False
MDA_2658_AJI_2020,AR05,36,5,MDA_P001|MDA_P010|MDA_P019|MDA_P028|MDA_P036,python_structure_features_and_representative_paragraphs,1618,476,1606,True,False
MDA_2658_AJI_2021,AR01,34,5,MDA_P001|MDA_P002|MDA_P018|MDA_P033|MDA_P034,coverage_map_and_representative_sections,3031,758,1606,True,False
MDA_2658_AJI_2021,AR02,34,3,MDA_P032|MDA_P033|MDA_P034,financial_numeric_keywords_with_neighbor_context_and_numeric_summary,2403,622,1606,True,False
MDA_2658_AJI_2021,AR03,34,8,MDA_P002|MDA_P003|MDA_P004|MDA_P005|MDA_P006|MDA_P014|MDA_P027|MDA_P033,operating_driver_keywords_with_causal_priority,5157,1290,1606,True,False
MDA_2658_AJI_2021,AR04,34,1,MDA_P032,risk_outlook_challenge_keywords,1276,347,1606,True,False
MDA_2658_AJI_2021,AR05,34,5,MDA_P001|MDA_P009|MDA_P018|MDA_P026|MDA_P034,python_structure_features_and_representative_paragraphs,1649,419,1606,True,False
MDA_2658_AJI_2022,AR01,33,5,MDA_P001|MDA_P003|MDA_P004|MDA_P017|MDA_P033,coverage_map_and_representative_sections,4462,1116,1606,True,False
MDA_2658_AJI_2022,AR02,33,2,MDA_P032|MDA_P033,financial_numeric_keywords_with_neighbor_context_and_numeric_summary,2429,624,1606,True,False
MDA_2658_AJI_2022,AR03,33,7,MDA_P002|MDA_P003|MDA_P004|MDA_P005|MDA_P006|MDA_P014|MDA_P027,operating_driver_keywords_with_causal_priority,6101,1526,1606,True,True
MDA_2658_AJI_2022,AR04,33,5,MDA_P001|MDA_P002|MDA_P003|MDA_P004|MDA_P032,risk_outlook_challenge_keywords,6359,1590,1606,True,False
MDA_2658_AJI_2022,AR05,33,5,MDA_P001|MDA_P009|MDA_P017|MDA_P025|MDA_P033,python_structure_features_and_representative_paragraphs,2451,613,1606,True,False
MDA_2658_AJI_2023,AR01,52,5,MDA_P001|MDA_P007|MDA_P008|MDA_P010|MDA_P011,coverage_map_and_representative_sections,5471,1368,1606,True,True
MDA_2658_AJI_2023,AR02,52,6,MDA_P001|MDA_P002|MDA_P005|MDA_P006|MDA_P007|MDA_P008,financial_numeric_keywords_with_neighbor_context_and_numeric_summary,5671,1418,1606,True,True
MDA_2658_AJI_2023,AR03,52,6,MDA_P001|MDA_P004|MDA_P005|MDA_P006|MDA_P007|MDA_P008,operating_driver_keywords_with_causal_priority,5719,1430,1606,True,True
MDA_2658_AJI_2023,AR04,52,7,MDA_P001|MDA_P003|MDA_P004|MDA_P010|MDA_P015|MDA_P018|MDA_P020,risk_outlook_challenge_keywords,6133,1534,1606,True,True
MDA_2658_AJI_2023,AR05,52,5,MDA_P001|MDA_P014|MDA_P027|MDA_P040|MDA_P052,python_structure_features_and_representative_paragraphs,4428,1107,1606,True,False
MDA_2658_AJI_2024,AR01,56,6,MDA_P001|MDA_P005|MDA_P029|MDA_P037|MDA_P038|MDA_P039,coverage_map_and_representative_sections,6310,1578,1606,True,True
MDA_2658_AJI_2024,AR02,56,6,MDA_P005|MDA_P006|MDA_P007|MDA_P035|MDA_P036|MDA_P037,financial_numeric_keywords_with_neighbor_context_and_numeric_summary,5778,1445,1606,True,True
MDA_2658_AJI_2024,AR03,56,4,MDA_P001|MDA_P005|MDA_P006|MDA_P007,operating_driver_keywords_with_causal_priority,5630,1408,1606,True,True
MDA_2658_AJI_2024,AR04,56,4,MDA_P001|MDA_P004|MDA_P005|MDA_P038,risk_outlook_challenge_keywords,5871,1468,1606,True,True
MDA_2658_AJI_2024,AR05,56,5,MDA_P001|MDA_P015|MDA_P029|MDA_P043|MDA_P056,python_structure_features_and_representative_paragraphs,3699,925,1606,True,False
MDA_2828_CIHLDG_2020,AR01,16,5,MDA_P001|MDA_P004|MDA_P006|MDA_P009|MDA_P010,coverage_map_and_representative_sections,5786,1447,1606,True,True
MDA_2828_CIHLDG_2020,AR02,16,5,MDA_P001|MDA_P002|MDA_P003|MDA_P004|MDA_P005,financial_numeric_keywords_with_neighbor_context_and_numeric_summary,5374,1344,1606,True,True
MDA_2828_CIHLDG_2020,AR03,16,5,MDA_P001|MDA_P002|MDA_P003|MDA_P004|MDA_P006,operating_driver_keywords_with_causal_priority,6116,1529,1606,True,True
MDA_2828_CIHLDG_2020,AR04,16,3,MDA_P014|MDA_P015|MDA_P016,risk_outlook_challenge_keywords,3107,777,1606,True,False
MDA_2828_CIHLDG_2020,AR05,16,5,MDA_P001|MDA_P005|MDA_P009|MDA_P013|MDA_P016,python_structure_features_and_representative_paragraphs,3998,1000,1606,True,False
MDA_2828_CIHLDG_2021,AR01,13,6,MDA_P001|MDA_P002|MDA_P005|MDA_P006|MDA_P007|MDA_P010,coverage_map_and_representative_sections,6360,1590,1606,True,True
MDA_2828_CIHLDG_2021,AR02,13,6,MDA_P001|MDA_P002|MDA_P003|MDA_P004|MDA_P005|MDA_P006,financial_numeric_keywords_with_neighbor_context_and_numeric_summary,6051,1513,1606,True,True
MDA_2828_CIHLDG_2021,AR03,13,5,MDA_P002|MDA_P003|MDA_P005|MDA_P006|MDA_P007,operating_driver_keywords_with_causal_priority,6314,1579,1606,True,True
MDA_2828_CIHLDG_2021,AR04,13,4,MDA_P010|MDA_P011|MDA_P012|MDA_P013,risk_outlook_challenge_keywords,4365,1092,1606,True,False
MDA_2828_CIHLDG_2021,AR05,13,5,MDA_P001|MDA_P004|MDA_P007|MDA_P010|MDA_P013,python_structure_features_and_representative_paragraphs,3877,970,1606,True,False
MDA_2828_CIHLDG_2022,AR01,16,5,MDA_P001|MDA_P004|MDA_P006|MDA_P007|MDA_P008,coverage_map_and_representative_sections,6365,1592,1606,True,True
MDA_2828_CIHLDG_2022,AR02,16,5,MDA_P001|MDA_P002|MDA_P003|MDA_P004|MDA_P005,financial_numeric_keywords_with_neighbor_context_and_numeric_summary,5495,1374,1606,True,True
MDA_2828_CIHLDG_2022,AR03,16,5,MDA_P001|MDA_P002|MDA_P003|MDA_P004|MDA_P006,operating_driver_keywords_with_causal_priority,6396,1599,1606,True,True
MDA_2828_CIHLDG_2022,AR04,16,6,MDA_P009|MDA_P010|MDA_P011|MDA_P013|MDA_P014|MDA_P016,risk_outlook_challenge_keywords,6293,1574,1606,True,False
MDA_2828_CIHLDG_2022,AR05,16,5,MDA_P001|MDA_P005|MDA_P009|MDA_P013|MDA_P016,python_structure_features_and_representative_paragraphs,4336,1084,1606,True,False
MDA_2828_CIHLDG_2023,AR01,16,6,MDA_P001|MDA_P003|MDA_P004|MDA_P005|MDA_P008|MDA_P009,coverage_map_and_representative_sections,5763,1441,1606,True,True
MDA_2828_CIHLDG_2023,AR02,16,5,MDA_P002|MDA_P003|MDA_P004|MDA_P005|MDA_P006,financial_numeric_keywords_with_neighbor_context_and_numeric_summary,5358,1340,1606,True,True
MDA_2828_CIHLDG_2023,AR03,16,5,MDA_P003|MDA_P004|MDA_P005|MDA_P006|MDA_P007,operating_driver_keywords_with_causal_priority,6048,1512,1606,True,True
MDA_2828_CIHLDG_2023,AR04,16,5,MDA_P007|MDA_P008|MDA_P009|MDA_P010|MDA_P013,risk_outlook_challenge_keywords,5578,1395,1606,True,True
MDA_2828_CIHLDG_2023,AR05,16,5,MDA_P001|MDA_P005|MDA_P009|MDA_P013|MDA_P016,python_structure_features_and_representative_paragraphs,4918,1230,1606,True,False
MDA_2828_CIHLDG_2024,AR01,27,6,MDA_P001|MDA_P002|MDA_P004|MDA_P005|MDA_P006|MDA_P007,coverage_map_and_representative_sections,6039,1510,1606,True,True
MDA_2828_CIHLDG_2024,AR02,27,5,MDA_P003|MDA_P004|MDA_P005|MDA_P006|MDA_P007,financial_numeric_keywords_with_neighbor_context_and_numeric_summary,6375,1594,1606,True,True
MDA_2828_CIHLDG_2024,AR03,27,5,MDA_P003|MDA_P004|MDA_P005|MDA_P006|MDA_P007,operating_driver_keywords_with_causal_priority,5402,1351,1606,True,True
MDA_2828_CIHLDG_2024,AR04,27,5,MDA_P002|MDA_P010|MDA_P011|MDA_P012|MDA_P016,risk_outlook_challenge_keywords,5989,1498,1606,True,True
MDA_2828_CIHLDG_2024,AR05,27,5,MDA_P001|MDA_P007|MDA_P014|MDA_P021|MDA_P027,python_structure_features_and_representative_paragraphs,5357,1340,1606,True,False
MDA_2836_CARLSBG_2020,AR01,47,5,MDA_P001|MDA_P002|MDA_P005|MDA_P009|MDA_P024,coverage_map_and_representative_sections,5725,1432,1606,True,True
MDA_2836_CARLSBG_2020,AR02,47,8,MDA_P002|MDA_P003|MDA_P004|MDA_P006|MDA_P007|MDA_P008|MDA_P009|MDA_P010,financial_numeric_keywords_with_neighbor_context_and_numeric_summary,6424,1606,1606,True,True
MDA_2836_CARLSBG_2020,AR03,47,6,MDA_P001|MDA_P003|MDA_P004|MDA_P007|MDA_P009|MDA_P011,operating_driver_keywords_with_causal_priority,6185,1547,1606,True,True
MDA_2836_CARLSBG_2020,AR04,47,6,MDA_P002|MDA_P008|MDA_P009|MDA_P022|MDA_P025|MDA_P028,risk_outlook_challenge_keywords,5794,1449,1606,True,True
MDA_2836_CARLSBG_2020,AR05,47,5,MDA_P001|MDA_P012|MDA_P024|MDA_P036|MDA_P047,python_structure_features_and_representative_paragraphs,5415,1354,1606,True,False
MDA_2836_CARLSBG_2021,AR01,55,6,MDA_P001|MDA_P010|MDA_P015|MDA_P017|MDA_P024|MDA_P027,coverage_map_and_representative_sections,6397,1600,1606,True,True
MDA_2836_CARLSBG_2021,AR02,55,5,MDA_P001|MDA_P002|MDA_P003|MDA_P004|MDA_P005,financial_numeric_keywords_with_neighbor_context_and_numeric_summary,5886,1472,1606,True,True
MDA_2836_CARLSBG_2021,AR03,55,5,MDA_P001|MDA_P002|MDA_P004|MDA_P005|MDA_P006,operating_driver_keywords_with_causal_priority,5454,1364,1606,True,True
MDA_2836_CARLSBG_2021,AR04,55,6,MDA_P005|MDA_P010|MDA_P024|MDA_P027|MDA_P028|MDA_P035,risk_outlook_challenge_keywords,6334,1584,1606,True,True
MDA_2836_CARLSBG_2021,AR05,55,5,MDA_P001|MDA_P014|MDA_P028|MDA_P042|MDA_P055,python_structure_features_and_representative_paragraphs,4485,1122,1606,True,False
MDA_2836_CARLSBG_2022,AR01,68,6,MDA_P001|MDA_P012|MDA_P015|MDA_P025|MDA_P026|MDA_P027,coverage_map_and_representative_sections,6267,1567,1606,True,True
MDA_2836_CARLSBG_2022,AR02,68,6,MDA_P001|MDA_P002|MDA_P003|MDA_P006|MDA_P007|MDA_P008,financial_numeric_keywords_with_neighbor_context_and_numeric_summary,6077,1520,1606,True,True
MDA_2836_CARLSBG_2022,AR03,68,5,MDA_P001|MDA_P002|MDA_P007|MDA_P010|MDA_P011,operating_driver_keywords_with_causal_priority,5339,1335,1606,True,True
MDA_2836_CARLSBG_2022,AR04,68,6,MDA_P005|MDA_P013|MDA_P014|MDA_P015|MDA_P016|MDA_P021,risk_outlook_challenge_keywords,6400,1600,1606,True,True
MDA_2836_CARLSBG_2022,AR05,68,5,MDA_P001|MDA_P018|MDA_P035|MDA_P052|MDA_P068,python_structure_features_and_representative_paragraphs,5328,1332,1606,True,False
MDA_2836_CARLSBG_2023,AR01,14,6,MDA_P001|MDA_P002|MDA_P003|MDA_P004|MDA_P008|MDA_P014,coverage_map_and_representative_sections,2730,683,1606,True,False
MDA_2836_CARLSBG_2023,AR02,14,3,MDA_P002|MDA_P003|MDA_P004,financial_numeric_keywords_with_neighbor_context_and_numeric_summary,2408,602,1606,True,False
MDA_2836_CARLSBG_2023,AR03,14,1,MDA_P003,operating_driver_keywords_with_causal_priority,1229,308,1606,True,False
MDA_2836_CARLSBG_2023,AR04,14,4,MDA_P001|MDA_P002|MDA_P004|MDA_P005,risk_outlook_challenge_keywords,2599,650,1606,True,False
MDA_2836_CARLSBG_2023,AR05,14,5,MDA_P001|MDA_P004|MDA_P008|MDA_P011|MDA_P014,python_structure_features_and_representative_paragraphs,1801,451,1606,True,False
MDA_2836_CARLSBG_2024,AR01,13,4,MDA_P001|MDA_P005|MDA_P007|MDA_P013,coverage_map_and_representative_sections,1763,441,1606,True,False
MDA_2836_CARLSBG_2024,AR02,13,11,MDA_P001|MDA_P002|MDA_P004|MDA_P005|MDA_P006|MDA_P007|MDA_P008|MDA_P009|MDA_P010|MDA_P012|MDA_P013,financial_numeric_keywords_with_neighbor_context_and_numeric_summary,2826,707,1606,True,False
MDA_2836_CARLSBG_2024,AR03,13,5,MDA_P001|MDA_P005|MDA_P007|MDA_P009|MDA_P013,operating_driver_keywords_with_causal_priority,2157,540,1606,True,False
MDA_2836_CARLSBG_2024,AR04,13,5,MDA_P001|MDA_P005|MDA_P007|MDA_P009|MDA_P013,risk_outlook_challenge_keywords,2157,540,1606,True,False
MDA_2836_CARLSBG_2024,AR05,13,5,MDA_P001|MDA_P004|MDA_P007|MDA_P010|MDA_P013,python_structure_features_and_representative_paragraphs,1972,493,1606,True,False
MDA_3026_DLADY_2020,AR01,24,6,MDA_P001|MDA_P002|MDA_P004|MDA_P013|MDA_P019|MDA_P020,coverage_map_and_representative_sections,5670,1418,1606,True,True
MDA_3026_DLADY_2020,AR02,24,6,MDA_P001|MDA_P002|MDA_P003|MDA_P004|MDA_P005|MDA_P006,financial_numeric_keywords_with_neighbor_context_and_numeric_summary,6339,1585,1606,True,True
MDA_3026_DLADY_2020,AR03,24,6,MDA_P002|MDA_P005|MDA_P006|MDA_P007|MDA_P008|MDA_P015,operating_driver_keywords_with_causal_priority,6004,1501,1606,True,True
MDA_3026_DLADY_2020,AR04,24,5,MDA_P002|MDA_P004|MDA_P010|MDA_P011|MDA_P012,risk_outlook_challenge_keywords,5423,1356,1606,True,True
MDA_3026_DLADY_2020,AR05,24,5,MDA_P001|MDA_P007|MDA_P013|MDA_P019|MDA_P024,python_structure_features_and_representative_paragraphs,4758,1190,1606,True,False
MDA_3026_DLADY_2021,AR01,27,6,MDA_P001|MDA_P005|MDA_P009|MDA_P014|MDA_P018|MDA_P021,coverage_map_and_representative_sections,5768,1442,1606,True,True
MDA_3026_DLADY_2021,AR02,27,5,MDA_P005|MDA_P006|MDA_P007|MDA_P009|MDA_P010,financial_numeric_keywords_with_neighbor_context_and_numeric_summary,6208,1552,1606,True,True
MDA_3026_DLADY_2021,AR03,27,5,MDA_P002|MDA_P004|MDA_P018|MDA_P019|MDA_P020,operating_driver_keywords_with_causal_priority,5611,1403,1606,True,True
MDA_3026_DLADY_2021,AR04,27,6,MDA_P005|MDA_P009|MDA_P010|MDA_P023|MDA_P024|MDA_P025,risk_outlook_challenge_keywords,5824,1456,1606,True,True
MDA_3026_DLADY_2021,AR05,27,5,MDA_P001|MDA_P007|MDA_P014|MDA_P021|MDA_P027,python_structure_features_and_representative_paragraphs,4702,1176,1606,True,False
MDA_3026_DLADY_2022,AR01,67,7,MDA_P001|MDA_P007|MDA_P011|MDA_P021|MDA_P023|MDA_P032|MDA_P034,coverage_map_and_representative_sections,6048,1512,1606,True,True
MDA_3026_DLADY_2022,AR02,67,4,MDA_P005|MDA_P006|MDA_P007|MDA_P008,financial_numeric_keywords_with_neighbor_context_and_numeric_summary,5463,1366,1606,True,True
MDA_3026_DLADY_2022,AR03,67,8,MDA_P004|MDA_P005|MDA_P007|MDA_P008|MDA_P011|MDA_P013|MDA_P014|MDA_P015,operating_driver_keywords_with_causal_priority,6093,1524,1606,True,True
MDA_3026_DLADY_2022,AR04,67,8,MDA_P004|MDA_P005|MDA_P007|MDA_P010|MDA_P016|MDA_P017|MDA_P019|MDA_P020,risk_outlook_challenge_keywords,5600,1400,1606,True,True
MDA_3026_DLADY_2022,AR05,67,5,MDA_P001|MDA_P017|MDA_P034|MDA_P051|MDA_P067,python_structure_features_and_representative_paragraphs,3370,843,1606,True,False
MDA_3026_DLADY_2023,AR01,70,6,MDA_P001|MDA_P005|MDA_P012|MDA_P015|MDA_P028|MDA_P036,coverage_map_and_representative_sections,6225,1557,1606,True,True
MDA_3026_DLADY_2023,AR02,70,5,MDA_P003|MDA_P004|MDA_P005|MDA_P006|MDA_P009,financial_numeric_keywords_with_neighbor_context_and_numeric_summary,5540,1385,1606,True,True
MDA_3026_DLADY_2023,AR03,70,5,MDA_P004|MDA_P005|MDA_P012|MDA_P014|MDA_P015,operating_driver_keywords_with_causal_priority,5865,1467,1606,True,True
MDA_3026_DLADY_2023,AR04,70,5,MDA_P002|MDA_P004|MDA_P010|MDA_P012|MDA_P013,risk_outlook_challenge_keywords,5968,1492,1606,True,True
MDA_3026_DLADY_2023,AR05,70,5,MDA_P001|MDA_P018|MDA_P036|MDA_P053|MDA_P070,python_structure_features_and_representative_paragraphs,4403,1101,1606,True,False
MDA_3026_DLADY_2024,AR01,73,5,MDA_P001|MDA_P004|MDA_P005|MDA_P019|MDA_P020,coverage_map_and_representative_sections,6029,1508,1606,True,True
MDA_3026_DLADY_2024,AR02,73,5,MDA_P002|MDA_P003|MDA_P004|MDA_P005|MDA_P006,financial_numeric_keywords_with_neighbor_context_and_numeric_summary,6120,1530,1606,True,True
MDA_3026_DLADY_2024,AR03,73,5,MDA_P001|MDA_P003|MDA_P004|MDA_P005|MDA_P008,operating_driver_keywords_with_causal_priority,5796,1449,1606,True,True
MDA_3026_DLADY_2024,AR04,73,5,MDA_P002|MDA_P003|MDA_P004|MDA_P005|MDA_P006,risk_outlook_challenge_keywords,5662,1416,1606,True,True
MDA_3026_DLADY_2024,AR05,73,5,MDA_P001|MDA_P019|MDA_P037|MDA_P055|MDA_P073,python_structure_features_and_representative_paragraphs,5096,1274,1606,True,False
MDA_3255_HEIM_2020,AR01,77,5,MDA_P001|MDA_P002|MDA_P006|MDA_P007|MDA_P011,coverage_map_and_representative_sections,5421,1356,1606,True,True
MDA_3255_HEIM_2020,AR02,77,5,MDA_P002|MDA_P003|MDA_P004|MDA_P005|MDA_P006,financial_numeric_keywords_with_neighbor_context_and_numeric_summary,5946,1487,1606,True,True
MDA_3255_HEIM_2020,AR03,77,5,MDA_P003|MDA_P006|MDA_P007|MDA_P008|MDA_P010,operating_driver_keywords_with_causal_priority,5936,1484,1606,True,True
MDA_3255_HEIM_2020,AR04,77,5,MDA_P001|MDA_P002|MDA_P007|MDA_P012|MDA_P016,risk_outlook_challenge_keywords,5343,1336,1606,True,True
MDA_3255_HEIM_2020,AR05,77,5,MDA_P001|MDA_P020|MDA_P039|MDA_P058|MDA_P077,python_structure_features_and_representative_paragraphs,5028,1257,1606,True,False
MDA_3255_HEIM_2021,AR01,73,6,MDA_P001|MDA_P002|MDA_P003|MDA_P004|MDA_P005|MDA_P011,coverage_map_and_representative_sections,5909,1478,1606,True,True
MDA_3255_HEIM_2021,AR02,73,6,MDA_P001|MDA_P002|MDA_P003|MDA_P004|MDA_P005|MDA_P006,financial_numeric_keywords_with_neighbor_context_and_numeric_summary,6392,1598,1606,True,True
MDA_3255_HEIM_2021,AR03,73,5,MDA_P002|MDA_P003|MDA_P004|MDA_P005|MDA_P006,operating_driver_keywords_with_causal_priority,5505,1377,1606,True,True
MDA_3255_HEIM_2021,AR04,73,5,MDA_P002|MDA_P003|MDA_P009|MDA_P011|MDA_P015,risk_outlook_challenge_keywords,5664,1416,1606,True,True
MDA_3255_HEIM_2021,AR05,73,5,MDA_P001|MDA_P019|MDA_P037|MDA_P055|MDA_P073,python_structure_features_and_representative_paragraphs,4007,1002,1606,True,False
MDA_3255_HEIM_2022,AR01,36,5,MDA_P001|MDA_P002|MDA_P004|MDA_P005|MDA_P013,coverage_map_and_representative_sections,5819,1455,1606,True,True
MDA_3255_HEIM_2022,AR02,36,4,MDA_P002|MDA_P003|MDA_P004|MDA_P005,financial_numeric_keywords_with_neighbor_context_and_numeric_summary,5251,1313,1606,True,True
MDA_3255_HEIM_2022,AR03,36,5,MDA_P001|MDA_P002|MDA_P003|MDA_P004|MDA_P005,operating_driver_keywords_with_causal_priority,5864,1466,1606,True,True
MDA_3255_HEIM_2022,AR04,36,6,MDA_P001|MDA_P002|MDA_P003|MDA_P004|MDA_P013|MDA_P014,risk_outlook_challenge_keywords,6398,1600,1606,True,True
MDA_3255_HEIM_2022,AR05,36,5,MDA_P001|MDA_P010|MDA_P019|MDA_P028|MDA_P036,python_structure_features_and_representative_paragraphs,4995,1249,1606,True,False
MDA_3255_HEIM_2023,AR01,59,5,MDA_P001|MDA_P002|MDA_P003|MDA_P004|MDA_P005,coverage_map_and_representative_sections,5534,1384,1606,True,True
MDA_3255_HEIM_2023,AR02,59,4,MDA_P002|MDA_P003|MDA_P004|MDA_P005,financial_numeric_keywords_with_neighbor_context_and_numeric_summary,5523,1381,1606,True,True
MDA_3255_HEIM_2023,AR03,59,5,MDA_P003|MDA_P004|MDA_P005|MDA_P016|MDA_P017,operating_driver_keywords_with_causal_priority,6274,1569,1606,True,True
MDA_3255_HEIM_2023,AR04,59,5,MDA_P002|MDA_P003|MDA_P004|MDA_P008|MDA_P013,risk_outlook_challenge_keywords,5923,1481,1606,True,True
MDA_3255_HEIM_2023,AR05,59,5,MDA_P001|MDA_P015|MDA_P030|MDA_P045|MDA_P059,python_structure_features_and_representative_paragraphs,5792,1448,1606,True,False
MDA_3255_HEIM_2024,AR01,44,5,MDA_P001|MDA_P002|MDA_P003|MDA_P004|MDA_P007,coverage_map_and_representative_sections,6021,1506,1606,True,True
MDA_3255_HEIM_2024,AR02,44,5,MDA_P001|MDA_P002|MDA_P003|MDA_P004|MDA_P005,financial_numeric_keywords_with_neighbor_context_and_numeric_summary,6382,1596,1606,True,True
MDA_3255_HEIM_2024,AR03,44,5,MDA_P001|MDA_P002|MDA_P003|MDA_P004|MDA_P006,operating_driver_keywords_with_causal_priority,5995,1499,1606,True,True
MDA_3255_HEIM_2024,AR04,44,4,MDA_P001|MDA_P002|MDA_P007|MDA_P014,risk_outlook_challenge_keywords,4807,1202,1606,True,True
MDA_3255_HEIM_2024,AR05,44,5,MDA_P001|MDA_P012|MDA_P023|MDA_P034|MDA_P044,python_structure_features_and_representative_paragraphs,5192,1298,1606,True,False
MDA_3662_MFLOUR_2020,AR01,9,6,MDA_P001|MDA_P002|MDA_P003|MDA_P004|MDA_P005|MDA_P006,coverage_map_and_representative_sections,5337,1335,1606,True,True
MDA_3662_MFLOUR_2020,AR02,9,7,MDA_P001|MDA_P002|MDA_P003|MDA_P004|MDA_P005|MDA_P006|MDA_P008,financial_numeric_keywords_with_neighbor_context_and_numeric_summary,5844,1461,1606,True,True
MDA_3662_MFLOUR_2020,AR03,9,6,MDA_P002|MDA_P003|MDA_P004|MDA_P005|MDA_P006|MDA_P007,operating_driver_keywords_with_causal_priority,5831,1458,1606,True,True
MDA_3662_MFLOUR_2020,AR04,9,4,MDA_P002|MDA_P004|MDA_P006|MDA_P007,risk_outlook_challenge_keywords,4094,1024,1606,True,False
MDA_3662_MFLOUR_2020,AR05,9,5,MDA_P001|MDA_P003|MDA_P005|MDA_P007|MDA_P009,python_structure_features_and_representative_paragraphs,4072,1018,1606,True,False
MDA_3662_MFLOUR_2021,AR01,8,7,MDA_P001|MDA_P002|MDA_P003|MDA_P004|MDA_P005|MDA_P006|MDA_P008,coverage_map_and_representative_sections,5403,1351,1606,True,False
MDA_3662_MFLOUR_2021,AR02,8,6,MDA_P001|MDA_P002|MDA_P003|MDA_P004|MDA_P005|MDA_P006,financial_numeric_keywords_with_neighbor_context_and_numeric_summary,5680,1420,1606,True,False
MDA_3662_MFLOUR_2021,AR03,8,6,MDA_P002|MDA_P003|MDA_P004|MDA_P005|MDA_P006|MDA_P007,operating_driver_keywords_with_causal_priority,5949,1488,1606,True,False
MDA_3662_MFLOUR_2021,AR04,8,4,MDA_P003|MDA_P004|MDA_P006|MDA_P007,risk_outlook_challenge_keywords,4444,1111,1606,True,False
MDA_3662_MFLOUR_2021,AR05,8,5,MDA_P001|MDA_P003|MDA_P005|MDA_P007|MDA_P008,python_structure_features_and_representative_paragraphs,3159,790,1606,True,False
MDA_3662_MFLOUR_2022,AR01,12,6,MDA_P001|MDA_P003|MDA_P004|MDA_P005|MDA_P006|MDA_P007,coverage_map_and_representative_sections,5563,1391,1606,True,True
MDA_3662_MFLOUR_2022,AR02,12,6,MDA_P001|MDA_P002|MDA_P003|MDA_P004|MDA_P005|MDA_P006,financial_numeric_keywords_with_neighbor_context_and_numeric_summary,5845,1462,1606,True,True
MDA_3662_MFLOUR_2022,AR03,12,5,MDA_P002|MDA_P003|MDA_P004|MDA_P005|MDA_P006,operating_driver_keywords_with_causal_priority,5341,1336,1606,True,True
MDA_3662_MFLOUR_2022,AR04,12,5,MDA_P003|MDA_P005|MDA_P006|MDA_P007|MDA_P008,risk_outlook_challenge_keywords,5573,1394,1606,True,True
MDA_3662_MFLOUR_2022,AR05,12,5,MDA_P001|MDA_P004|MDA_P007|MDA_P010|MDA_P012,python_structure_features_and_representative_paragraphs,4115,1029,1606,True,False
MDA_3662_MFLOUR_2023,AR01,18,6,MDA_P001|MDA_P002|MDA_P003|MDA_P004|MDA_P006|MDA_P007,coverage_map_and_representative_sections,5935,1484,1606,True,True
MDA_3662_MFLOUR_2023,AR02,18,6,MDA_P001|MDA_P002|MDA_P003|MDA_P004|MDA_P005|MDA_P006,financial_numeric_keywords_with_neighbor_context_and_numeric_summary,5671,1418,1606,True,True
MDA_3662_MFLOUR_2023,AR03,18,6,MDA_P002|MDA_P003|MDA_P004|MDA_P005|MDA_P006|MDA_P007,operating_driver_keywords_with_causal_priority,6325,1582,1606,True,True
MDA_3662_MFLOUR_2023,AR04,18,5,MDA_P002|MDA_P004|MDA_P006|MDA_P007|MDA_P010,risk_outlook_challenge_keywords,5835,1459,1606,True,True
MDA_3662_MFLOUR_2023,AR05,18,5,MDA_P001|MDA_P005|MDA_P010|MDA_P014|MDA_P018,python_structure_features_and_representative_paragraphs,3663,916,1606,True,False
MDA_3662_MFLOUR_2024,AR01,14,6,MDA_P001|MDA_P002|MDA_P003|MDA_P006|MDA_P008|MDA_P010,coverage_map_and_representative_sections,6097,1525,1606,True,True
MDA_3662_MFLOUR_2024,AR02,14,6,MDA_P001|MDA_P002|MDA_P003|MDA_P004|MDA_P005|MDA_P006,financial_numeric_keywords_with_neighbor_context_and_numeric_summary,5538,1385,1606,True,True
MDA_3662_MFLOUR_2024,AR03,14,6,MDA_P002|MDA_P003|MDA_P004|MDA_P005|MDA_P006|MDA_P007,operating_driver_keywords_with_causal_priority,6215,1554,1606,True,True
MDA_3662_MFLOUR_2024,AR04,14,6,MDA_P002|MDA_P003|MDA_P005|MDA_P006|MDA_P007|MDA_P008,risk_outlook_challenge_keywords,6223,1556,1606,True,True
MDA_3662_MFLOUR_2024,AR05,14,5,MDA_P001|MDA_P004|MDA_P008|MDA_P011|MDA_P014,python_structure_features_and_representative_paragraphs,4954,1239,1606,True,False
MDA_3689_FN_2020,AR01,37,6,MDA_P001|MDA_P004|MDA_P007|MDA_P008|MDA_P019|MDA_P026,coverage_map_and_representative_sections,5414,1354,1606,True,True
MDA_3689_FN_2020,AR02,37,5,MDA_P001|MDA_P002|MDA_P003|MDA_P004|MDA_P005,financial_numeric_keywords_with_neighbor_context_and_numeric_summary,5443,1361,1606,True,True
MDA_3689_FN_2020,AR03,37,5,MDA_P002|MDA_P003|MDA_P004|MDA_P005|MDA_P006,operating_driver_keywords_with_causal_priority,5909,1478,1606,True,True
MDA_3689_FN_2020,AR04,37,4,MDA_P003|MDA_P007|MDA_P025|MDA_P027,risk_outlook_challenge_keywords,4712,1178,1606,True,False
MDA_3689_FN_2020,AR05,37,5,MDA_P001|MDA_P010|MDA_P019|MDA_P028|MDA_P037,python_structure_features_and_representative_paragraphs,3610,903,1606,True,False
MDA_3689_FN_2021,AR01,89,6,MDA_P001|MDA_P002|MDA_P004|MDA_P006|MDA_P023|MDA_P027,coverage_map_and_representative_sections,5557,1390,1606,True,True
MDA_3689_FN_2021,AR02,89,6,MDA_P002|MDA_P003|MDA_P004|MDA_P005|MDA_P006|MDA_P007,financial_numeric_keywords_with_neighbor_context_and_numeric_summary,6031,1508,1606,True,True
MDA_3689_FN_2021,AR03,89,5,MDA_P002|MDA_P003|MDA_P004|MDA_P005|MDA_P006,operating_driver_keywords_with_causal_priority,5383,1346,1606,True,True
MDA_3689_FN_2021,AR04,89,5,MDA_P002|MDA_P004|MDA_P005|MDA_P006|MDA_P009,risk_outlook_challenge_keywords,5981,1496,1606,True,True
MDA_3689_FN_2021,AR05,89,5,MDA_P001|MDA_P023|MDA_P045|MDA_P067|MDA_P089,python_structure_features_and_representative_paragraphs,3573,894,1606,True,False
MDA_3689_FN_2022,AR01,83,4,MDA_P001|MDA_P010|MDA_P013|MDA_P026,coverage_map_and_representative_sections,5478,1370,1606,True,True
MDA_3689_FN_2022,AR02,83,4,MDA_P001|MDA_P002|MDA_P003|MDA_P004,financial_numeric_keywords_with_neighbor_context_and_numeric_summary,5754,1439,1606,True,True
MDA_3689_FN_2022,AR03,83,5,MDA_P001|MDA_P002|MDA_P005|MDA_P008|MDA_P009,operating_driver_keywords_with_causal_priority,5772,1443,1606,True,True
MDA_3689_FN_2022,AR04,83,5,MDA_P002|MDA_P003|MDA_P004|MDA_P007|MDA_P009,risk_outlook_challenge_keywords,5774,1444,1606,True,True
MDA_3689_FN_2022,AR05,83,5,MDA_P001|MDA_P021|MDA_P042|MDA_P063|MDA_P083,python_structure_features_and_representative_paragraphs,6258,1565,1606,True,False
MDA_3689_FN_2023,AR01,55,6,MDA_P001|MDA_P002|MDA_P003|MDA_P012|MDA_P015|MDA_P028,coverage_map_and_representative_sections,5703,1426,1606,True,True
MDA_3689_FN_2023,AR02,55,5,MDA_P001|MDA_P002|MDA_P003|MDA_P004|MDA_P006,financial_numeric_keywords_with_neighbor_context_and_numeric_summary,5389,1348,1606,True,True
MDA_3689_FN_2023,AR03,55,5,MDA_P002|MDA_P003|MDA_P007|MDA_P008|MDA_P012,operating_driver_keywords_with_causal_priority,6032,1508,1606,True,True
MDA_3689_FN_2023,AR04,55,6,MDA_P001|MDA_P002|MDA_P003|MDA_P004|MDA_P005|MDA_P010,risk_outlook_challenge_keywords,6358,1590,1606,True,True
MDA_3689_FN_2023,AR05,55,5,MDA_P001|MDA_P014|MDA_P028|MDA_P042|MDA_P055,python_structure_features_and_representative_paragraphs,3373,844,1606,True,False
MDA_4065_PPB_2020,AR01,12,5,MDA_P001|MDA_P003|MDA_P004|MDA_P006|MDA_P007,coverage_map_and_representative_sections,5551,1388,1606,True,True
MDA_4065_PPB_2020,AR02,12,5,MDA_P001|MDA_P002|MDA_P003|MDA_P004|MDA_P005,financial_numeric_keywords_with_neighbor_context_and_numeric_summary,5575,1394,1606,True,True
MDA_4065_PPB_2020,AR03,12,6,MDA_P001|MDA_P002|MDA_P003|MDA_P004|MDA_P005|MDA_P006,operating_driver_keywords_with_causal_priority,6210,1553,1606,True,True
MDA_4065_PPB_2020,AR04,12,4,MDA_P001|MDA_P007|MDA_P009|MDA_P010,risk_outlook_challenge_keywords,4953,1239,1606,True,False
MDA_4065_PPB_2020,AR05,12,5,MDA_P001|MDA_P004|MDA_P007|MDA_P010|MDA_P012,python_structure_features_and_representative_paragraphs,5373,1344,1606,True,False
MDA_4065_PPB_2021,AR01,33,5,MDA_P001|MDA_P002|MDA_P005|MDA_P006|MDA_P016,coverage_map_and_representative_sections,5396,1349,1606,True,True
MDA_4065_PPB_2021,AR02,33,5,MDA_P001|MDA_P002|MDA_P003|MDA_P004|MDA_P005,financial_numeric_keywords_with_neighbor_context_and_numeric_summary,6139,1535,1606,True,True
MDA_4065_PPB_2021,AR03,33,6,MDA_P002|MDA_P003|MDA_P004|MDA_P005|MDA_P006|MDA_P007,operating_driver_keywords_with_causal_priority,6112,1528,1606,True,True
MDA_4065_PPB_2021,AR04,33,5,MDA_P005|MDA_P006|MDA_P008|MDA_P011|MDA_P012,risk_outlook_challenge_keywords,5577,1395,1606,True,True
MDA_4065_PPB_2021,AR05,33,5,MDA_P001|MDA_P009|MDA_P017|MDA_P025|MDA_P033,python_structure_features_and_representative_paragraphs,4877,1220,1606,True,False
MDA_4065_PPB_2022,AR01,32,5,MDA_P001|MDA_P003|MDA_P004|MDA_P009|MDA_P011,coverage_map_and_representative_sections,5965,1492,1606,True,True
MDA_4065_PPB_2022,AR02,32,5,MDA_P001|MDA_P002|MDA_P003|MDA_P004|MDA_P005,financial_numeric_keywords_with_neighbor_context_and_numeric_summary,6007,1502,1606,True,True
MDA_4065_PPB_2022,AR03,32,5,MDA_P001|MDA_P002|MDA_P003|MDA_P004|MDA_P006,operating_driver_keywords_with_causal_priority,6141,1536,1606,True,True
MDA_4065_PPB_2022,AR04,32,5,MDA_P001|MDA_P004|MDA_P007|MDA_P008|MDA_P009,risk_outlook_challenge_keywords,6188,1547,1606,True,True
MDA_4065_PPB_2022,AR05,32,5,MDA_P001|MDA_P009|MDA_P017|MDA_P025|MDA_P032,python_structure_features_and_representative_paragraphs,4656,1164,1606,True,False
MDA_4065_PPB_2023,AR01,43,5,MDA_P001|MDA_P002|MDA_P004|MDA_P006|MDA_P008,coverage_map_and_representative_sections,6205,1552,1606,True,True
MDA_4065_PPB_2023,AR02,43,5,MDA_P001|MDA_P002|MDA_P003|MDA_P004|MDA_P005,financial_numeric_keywords_with_neighbor_context_and_numeric_summary,6092,1523,1606,True,True
MDA_4065_PPB_2023,AR03,43,5,MDA_P001|MDA_P002|MDA_P003|MDA_P004|MDA_P006,operating_driver_keywords_with_causal_priority,6189,1548,1606,True,True
MDA_4065_PPB_2023,AR04,43,5,MDA_P001|MDA_P004|MDA_P006|MDA_P007|MDA_P008,risk_outlook_challenge_keywords,6152,1538,1606,True,True
MDA_4065_PPB_2023,AR05,43,5,MDA_P001|MDA_P011|MDA_P022|MDA_P033|MDA_P043,python_structure_features_and_representative_paragraphs,4065,1017,1606,True,False
MDA_4065_PPB_2024,AR01,21,10,MDA_P001|MDA_P004|MDA_P005|MDA_P006|MDA_P009|MDA_P011|MDA_P014|MDA_P016|MDA_P017|MDA_P021,coverage_map_and_representative_sections,2663,666,1606,True,False
MDA_4065_PPB_2024,AR02,21,15,MDA_P007|MDA_P008|MDA_P009|MDA_P010|MDA_P011|MDA_P012|MDA_P013|MDA_P014|MDA_P015|MDA_P016|MDA_P017|MDA_P018|MDA_P019|MDA_P020|MDA_P021,financial_numeric_keywords_with_neighbor_context_and_numeric_summary,4290,1073,1606,True,False
MDA_4065_PPB_2024,AR03,21,9,MDA_P005|MDA_P008|MDA_P009|MDA_P010|MDA_P011|MDA_P016|MDA_P017|MDA_P018|MDA_P019,operating_driver_keywords_with_causal_priority,2955,739,1606,True,False
MDA_4065_PPB_2024,AR04,21,4,MDA_P004|MDA_P005|MDA_P006|MDA_P007,risk_outlook_challenge_keywords,1922,481,1606,True,False
MDA_4065_PPB_2024,AR05,21,5,MDA_P001|MDA_P006|MDA_P011|MDA_P016|MDA_P021,python_structure_features_and_representative_paragraphs,1680,420,1606,True,False
MDA_4707_NESTLE_2020,AR01,20,6,MDA_P001|MDA_P002|MDA_P003|MDA_P005|MDA_P006|MDA_P011,coverage_map_and_representative_sections,6203,1551,1606,True,True
MDA_4707_NESTLE_2020,AR02,20,5,MDA_P001|MDA_P002|MDA_P003|MDA_P004|MDA_P005,financial_numeric_keywords_with_neighbor_context_and_numeric_summary,5720,1430,1606,True,True
MDA_4707_NESTLE_2020,AR03,20,6,MDA_P001|MDA_P003|MDA_P004|MDA_P006|MDA_P007|MDA_P010,operating_driver_keywords_with_causal_priority,5983,1496,1606,True,True
MDA_4707_NESTLE_2020,AR04,20,6,MDA_P002|MDA_P003|MDA_P004|MDA_P005|MDA_P006|MDA_P009,risk_outlook_challenge_keywords,6385,1597,1606,True,True
MDA_4707_NESTLE_2020,AR05,20,5,MDA_P001|MDA_P006|MDA_P011|MDA_P016|MDA_P020,python_structure_features_and_representative_paragraphs,5607,1402,1606,True,False
MDA_4707_NESTLE_2021,AR01,14,5,MDA_P001|MDA_P002|MDA_P003|MDA_P004|MDA_P008,coverage_map_and_representative_sections,5858,1465,1606,True,True
MDA_4707_NESTLE_2021,AR02,14,5,MDA_P001|MDA_P002|MDA_P003|MDA_P004|MDA_P005,financial_numeric_keywords_with_neighbor_context_and_numeric_summary,6279,1570,1606,True,True
MDA_4707_NESTLE_2021,AR03,14,5,MDA_P001|MDA_P002|MDA_P003|MDA_P004|MDA_P005,operating_driver_keywords_with_causal_priority,5820,1455,1606,True,True
MDA_4707_NESTLE_2021,AR04,14,5,MDA_P002|MDA_P003|MDA_P004|MDA_P009|MDA_P010,risk_outlook_challenge_keywords,5365,1342,1606,True,False
MDA_4707_NESTLE_2021,AR05,14,5,MDA_P001|MDA_P004|MDA_P008|MDA_P011|MDA_P014,python_structure_features_and_representative_paragraphs,4737,1185,1606,True,False
MDA_4707_NESTLE_2022,AR01,13,6,MDA_P001|MDA_P002|MDA_P003|MDA_P005|MDA_P007|MDA_P010,coverage_map_and_representative_sections,6404,1601,1606,True,True
MDA_4707_NESTLE_2022,AR02,13,5,MDA_P001|MDA_P002|MDA_P003|MDA_P004|MDA_P005,financial_numeric_keywords_with_neighbor_context_and_numeric_summary,6064,1516,1606,True,True
MDA_4707_NESTLE_2022,AR03,13,5,MDA_P001|MDA_P002|MDA_P003|MDA_P004|MDA_P005,operating_driver_keywords_with_causal_priority,5605,1402,1606,True,True
MDA_4707_NESTLE_2022,AR04,13,4,MDA_P001|MDA_P003|MDA_P012|MDA_P013,risk_outlook_challenge_keywords,4679,1170,1606,True,False
MDA_4707_NESTLE_2022,AR05,13,5,MDA_P001|MDA_P004|MDA_P007|MDA_P010|MDA_P013,python_structure_features_and_representative_paragraphs,5832,1458,1606,True,False
MDA_4707_NESTLE_2023,AR01,8,5,MDA_P001|MDA_P002|MDA_P004|MDA_P005|MDA_P007,coverage_map_and_representative_sections,5900,1475,1606,True,True
MDA_4707_NESTLE_2023,AR02,8,5,MDA_P001|MDA_P002|MDA_P003|MDA_P004|MDA_P005,financial_numeric_keywords_with_neighbor_context_and_numeric_summary,6289,1573,1606,True,True
MDA_4707_NESTLE_2023,AR03,8,5,MDA_P001|MDA_P002|MDA_P003|MDA_P004|MDA_P005,operating_driver_keywords_with_causal_priority,5830,1458,1606,True,False
MDA_4707_NESTLE_2023,AR04,8,4,MDA_P001|MDA_P006|MDA_P007|MDA_P008,risk_outlook_challenge_keywords,4592,1148,1606,True,False
MDA_4707_NESTLE_2023,AR05,8,5,MDA_P001|MDA_P003|MDA_P005|MDA_P007|MDA_P008,python_structure_features_and_representative_paragraphs,5931,1483,1606,True,False
MDA_4707_NESTLE_2024,AR01,21,5,MDA_P001|MDA_P002|MDA_P003|MDA_P004|MDA_P006,coverage_map_and_representative_sections,5746,1437,1606,True,True
MDA_4707_NESTLE_2024,AR02,21,5,MDA_P001|MDA_P002|MDA_P003|MDA_P004|MDA_P005,financial_numeric_keywords_with_neighbor_context_and_numeric_summary,6142,1536,1606,True,True
MDA_4707_NESTLE_2024,AR03,21,5,MDA_P001|MDA_P002|MDA_P003|MDA_P004|MDA_P005,operating_driver_keywords_with_causal_priority,5683,1421,1606,True,True
MDA_4707_NESTLE_2024,AR04,21,5,MDA_P001|MDA_P004|MDA_P005|MDA_P006|MDA_P011,risk_outlook_challenge_keywords,5756,1439,1606,True,True
MDA_4707_NESTLE_2024,AR05,21,5,MDA_P001|MDA_P006|MDA_P011|MDA_P016|MDA_P021,python_structure_features_and_representative_paragraphs,5740,1435,1606,True,False
MDA_5008_HARISON_2021,AR01,9,6,MDA_P001|MDA_P002|MDA_P004|MDA_P005|MDA_P006|MDA_P009,coverage_map_and_representative_sections,5008,1252,1606,True,False
MDA_5008_HARISON_2021,AR02,9,3,MDA_P005|MDA_P006|MDA_P007,financial_numeric_keywords_with_neighbor_context_and_numeric_summary,3597,900,1606,True,False
MDA_5008_HARISON_2021,AR03,9,2,MDA_P004|MDA_P006,operating_driver_keywords_with_causal_priority,1902,476,1606,True,False
MDA_5008_HARISON_2021,AR04,9,2,MDA_P004|MDA_P008,risk_outlook_challenge_keywords,2525,632,1606,True,False
MDA_5008_HARISON_2021,AR05,9,5,MDA_P001|MDA_P003|MDA_P005|MDA_P007|MDA_P009,python_structure_features_and_representative_paragraphs,4519,1130,1606,True,False
MDA_5008_HARISON_2022,AR01,36,10,MDA_P001|MDA_P003|MDA_P005|MDA_P014|MDA_P019|MDA_P022|MDA_P024|MDA_P027|MDA_P031|MDA_P036,coverage_map_and_representative_sections,3229,808,1606,True,False
MDA_5008_HARISON_2022,AR02,36,29,MDA_P001|MDA_P002|MDA_P003|MDA_P004|MDA_P005|MDA_P006|MDA_P007|MDA_P008|MDA_P012|MDA_P013|MDA_P014|MDA_P015|MDA_P016|MDA_P017|MDA_P018|MDA_P019|MDA_P020|MDA_P021|MDA_P022|MDA_P023|MDA_P024|MDA_P025|MDA_P026|MDA_P027|MDA_P028|MDA_P029|MDA_P030|MDA_P031|MDA_P032,financial_numeric_keywords_with_neighbor_context_and_numeric_summary,6182,1546,1606,True,True
MDA_5008_HARISON_2022,AR03,36,17,MDA_P002|MDA_P003|MDA_P004|MDA_P005|MDA_P006|MDA_P007|MDA_P015|MDA_P017|MDA_P019|MDA_P022|MDA_P023|MDA_P024|MDA_P030|MDA_P031|MDA_P032|MDA_P033|MDA_P035,operating_driver_keywords_with_causal_priority,5376,1344,1606,True,False
MDA_5008_HARISON_2022,AR04,36,4,MDA_P027|MDA_P031|MDA_P033|MDA_P035,risk_outlook_challenge_keywords,1933,484,1606,True,False
MDA_5008_HARISON_2022,AR05,36,5,MDA_P001|MDA_P010|MDA_P019|MDA_P028|MDA_P036,python_structure_features_and_representative_paragraphs,963,297,1606,True,False
MDA_5008_HARISON_2023,AR01,53,8,MDA_P001|MDA_P006|MDA_P023|MDA_P027|MDA_P030|MDA_P050|MDA_P052|MDA_P053,coverage_map_and_representative_sections,3934,984,1606,True,False
MDA_5008_HARISON_2023,AR02,53,38,MDA_P002|MDA_P003|MDA_P004|MDA_P005|MDA_P006|MDA_P008|MDA_P009|MDA_P010|MDA_P011|MDA_P012|MDA_P013|MDA_P014|MDA_P022|MDA_P023|MDA_P024|MDA_P025|MDA_P026|MDA_P027|MDA_P028|MDA_P029|MDA_P030|MDA_P031|MDA_P032|MDA_P033|MDA_P034|MDA_P035|MDA_P036|MDA_P037|MDA_P039|MDA_P040|MDA_P041|MDA_P042|MDA_P043|MDA_P044|MDA_P045|MDA_P046|MDA_P047|MDA_P049,financial_numeric_keywords_with_neighbor_context_and_numeric_summary,5927,1482,1606,True,True
MDA_5008_HARISON_2023,AR03,53,21,MDA_P003|MDA_P004|MDA_P005|MDA_P006|MDA_P009|MDA_P011|MDA_P023|MDA_P024|MDA_P027|MDA_P028|MDA_P029|MDA_P030|MDA_P031|MDA_P032|MDA_P033|MDA_P034|MDA_P036|MDA_P042|MDA_P044|MDA_P046|MDA_P050,operating_driver_keywords_with_causal_priority,5505,1377,1606,True,True
MDA_5008_HARISON_2023,AR04,53,2,MDA_P052|MDA_P053,risk_outlook_challenge_keywords,1735,434,1606,True,False
MDA_5008_HARISON_2023,AR05,53,5,MDA_P001|MDA_P014|MDA_P027|MDA_P040|MDA_P053,python_structure_features_and_representative_paragraphs,1112,313,1606,True,False
MDA_5008_HARISON_2024,AR01,42,8,MDA_P001|MDA_P002|MDA_P003|MDA_P009|MDA_P022|MDA_P030|MDA_P037|MDA_P042,coverage_map_and_representative_sections,4880,1220,1606,True,False
MDA_5008_HARISON_2024,AR02,42,14,MDA_P001|MDA_P002|MDA_P003|MDA_P004|MDA_P005|MDA_P006|MDA_P007|MDA_P008|MDA_P009|MDA_P010|MDA_P011|MDA_P012|MDA_P013|MDA_P014,financial_numeric_keywords_with_neighbor_context_and_numeric_summary,6285,1572,1606,True,True
MDA_5008_HARISON_2024,AR03,42,17,MDA_P001|MDA_P002|MDA_P003|MDA_P004|MDA_P006|MDA_P007|MDA_P008|MDA_P009|MDA_P010|MDA_P011|MDA_P012|MDA_P013|MDA_P015|MDA_P021|MDA_P023|MDA_P025|MDA_P030,operating_driver_keywords_with_causal_priority,6312,1578,1606,True,True
MDA_5008_HARISON_2024,AR04,42,1,MDA_P037,risk_outlook_challenge_keywords,440,138,1606,True,False
MDA_5008_HARISON_2024,AR05,42,5,MDA_P001|MDA_P011|MDA_P022|MDA_P032|MDA_P042,python_structure_features_and_representative_paragraphs,2508,627,1606,True,False
MDA_5102_GCB_2020,AR01,18,6,MDA_P001|MDA_P003|MDA_P004|MDA_P005|MDA_P008|MDA_P009,coverage_map_and_representative_sections,6337,1585,1606,True,True
MDA_5102_GCB_2020,AR02,18,7,MDA_P001|MDA_P002|MDA_P003|MDA_P004|MDA_P005|MDA_P006|MDA_P007,financial_numeric_keywords_with_neighbor_context_and_numeric_summary,5859,1465,1606,True,True
MDA_5102_GCB_2020,AR03,18,6,MDA_P001|MDA_P003|MDA_P004|MDA_P005|MDA_P008|MDA_P009,operating_driver_keywords_with_causal_priority,6337,1585,1606,True,True
MDA_5102_GCB_2020,AR04,18,5,MDA_P003|MDA_P008|MDA_P009|MDA_P010|MDA_P011,risk_outlook_challenge_keywords,5460,1365,1606,True,True
MDA_5102_GCB_2020,AR05,18,5,MDA_P001|MDA_P005|MDA_P010|MDA_P014|MDA_P018,python_structure_features_and_representative_paragraphs,5281,1321,1606,True,False
MDA_5102_GCB_2021,AR01,98,5,MDA_P001|MDA_P010|MDA_P011|MDA_P033|MDA_P035,coverage_map_and_representative_sections,5869,1468,1606,True,True
MDA_5102_GCB_2021,AR02,98,5,MDA_P001|MDA_P002|MDA_P008|MDA_P009|MDA_P010,financial_numeric_keywords_with_neighbor_context_and_numeric_summary,5519,1380,1606,True,True
MDA_5102_GCB_2021,AR03,98,5,MDA_P001|MDA_P007|MDA_P010|MDA_P011|MDA_P012,operating_driver_keywords_with_causal_priority,5907,1477,1606,True,True
MDA_5102_GCB_2021,AR04,98,5,MDA_P003|MDA_P010|MDA_P011|MDA_P012|MDA_P013,risk_outlook_challenge_keywords,5767,1442,1606,True,True
MDA_5102_GCB_2021,AR05,98,5,MDA_P001|MDA_P025|MDA_P050|MDA_P074|MDA_P098,python_structure_features_and_representative_paragraphs,5377,1345,1606,True,False
MDA_5102_GCB_2022,AR01,67,4,MDA_P001|MDA_P003|MDA_P010|MDA_P034,coverage_map_and_representative_sections,5686,1422,1606,True,True
MDA_5102_GCB_2022,AR02,67,5,MDA_P001|MDA_P002|MDA_P003|MDA_P004|MDA_P005,financial_numeric_keywords_with_neighbor_context_and_numeric_summary,6188,1547,1606,True,True
MDA_5102_GCB_2022,AR03,67,5,MDA_P001|MDA_P002|MDA_P003|MDA_P004|MDA_P005,operating_driver_keywords_with_causal_priority,5732,1433,1606,True,True
MDA_5102_GCB_2022,AR04,67,5,MDA_P001|MDA_P002|MDA_P003|MDA_P005|MDA_P006,risk_outlook_challenge_keywords,5771,1443,1606,True,True
MDA_5102_GCB_2022,AR05,67,5,MDA_P001|MDA_P017|MDA_P034|MDA_P051|MDA_P067,python_structure_features_and_representative_paragraphs,5188,1297,1606,True,False
MDA_5102_GCB_2023,AR01,82,4,MDA_P001|MDA_P003|MDA_P009|MDA_P018,coverage_map_and_representative_sections,4066,1017,1606,True,True
MDA_5102_GCB_2023,AR02,82,6,MDA_P001|MDA_P002|MDA_P003|MDA_P006|MDA_P007|MDA_P008,financial_numeric_keywords_with_neighbor_context_and_numeric_summary,5996,1499,1606,True,True
MDA_5102_GCB_2023,AR03,82,6,MDA_P002|MDA_P003|MDA_P004|MDA_P005|MDA_P006|MDA_P007,operating_driver_keywords_with_causal_priority,5989,1498,1606,True,True
MDA_5102_GCB_2023,AR04,82,6,MDA_P001|MDA_P002|MDA_P003|MDA_P004|MDA_P005|MDA_P007,risk_outlook_challenge_keywords,5887,1472,1606,True,True
MDA_5102_GCB_2023,AR05,82,3,MDA_P001|MDA_P021|MDA_P042,python_structure_features_and_representative_paragraphs,6199,1550,1606,True,True
MDA_5102_GCB_2024,AR01,13,5,MDA_P001|MDA_P002|MDA_P003|MDA_P005|MDA_P006,coverage_map_and_representative_sections,5950,1488,1606,True,True
MDA_5102_GCB_2024,AR02,13,5,MDA_P001|MDA_P002|MDA_P003|MDA_P004|MDA_P005,financial_numeric_keywords_with_neighbor_context_and_numeric_summary,5845,1462,1606,True,True
MDA_5102_GCB_2024,AR03,13,5,MDA_P001|MDA_P002|MDA_P003|MDA_P005|MDA_P006,operating_driver_keywords_with_causal_priority,5950,1488,1606,True,True
MDA_5102_GCB_2024,AR04,13,5,MDA_P001|MDA_P002|MDA_P003|MDA_P004|MDA_P005,risk_outlook_challenge_keywords,5389,1348,1606,True,True
MDA_5102_GCB_2024,AR05,13,5,MDA_P001|MDA_P004|MDA_P007|MDA_P010|MDA_P013,python_structure_features_and_representative_paragraphs,4986,1247,1606,True,False
MDA_5157_SG_2020,AR01,12,7,MDA_P001|MDA_P002|MDA_P003|MDA_P004|MDA_P007|MDA_P011|MDA_P012,coverage_map_and_representative_sections,6367,1592,1606,True,False
MDA_5157_SG_2020,AR02,12,7,MDA_P001|MDA_P002|MDA_P003|MDA_P004|MDA_P005|MDA_P006|MDA_P007,financial_numeric_keywords_with_neighbor_context_and_numeric_summary,6384,1596,1606,True,True
MDA_5157_SG_2020,AR03,12,6,MDA_P002|MDA_P003|MDA_P004|MDA_P005|MDA_P006|MDA_P007,operating_driver_keywords_with_causal_priority,5842,1461,1606,True,True
MDA_5157_SG_2020,AR04,12,4,MDA_P002|MDA_P007|MDA_P011|MDA_P012,risk_outlook_challenge_keywords,3920,980,1606,True,False
MDA_5157_SG_2020,AR05,12,5,MDA_P001|MDA_P004|MDA_P007|MDA_P010|MDA_P012,python_structure_features_and_representative_paragraphs,5032,1258,1606,True,False
MDA_5157_SG_2021,AR01,18,7,MDA_P001|MDA_P002|MDA_P003|MDA_P005|MDA_P007|MDA_P010|MDA_P012,coverage_map_and_representative_sections,6078,1520,1606,True,True
MDA_5157_SG_2021,AR02,18,6,MDA_P001|MDA_P002|MDA_P003|MDA_P004|MDA_P005|MDA_P006,financial_numeric_keywords_with_neighbor_context_and_numeric_summary,5411,1353,1606,True,True
MDA_5157_SG_2021,AR03,18,6,MDA_P002|MDA_P003|MDA_P004|MDA_P005|MDA_P006|MDA_P007,operating_driver_keywords_with_causal_priority,6048,1512,1606,True,True
MDA_5157_SG_2021,AR04,18,5,MDA_P002|MDA_P007|MDA_P008|MDA_P012|MDA_P013,risk_outlook_challenge_keywords,5771,1443,1606,True,True
MDA_5157_SG_2021,AR05,18,5,MDA_P001|MDA_P005|MDA_P010|MDA_P014|MDA_P018,python_structure_features_and_representative_paragraphs,3029,758,1606,True,False
MDA_5157_SG_2022,AR01,19,5,MDA_P001|MDA_P002|MDA_P003|MDA_P004|MDA_P005,coverage_map_and_representative_sections,5576,1394,1606,True,True
MDA_5157_SG_2022,AR02,19,5,MDA_P001|MDA_P002|MDA_P003|MDA_P004|MDA_P005,financial_numeric_keywords_with_neighbor_context_and_numeric_summary,6020,1505,1606,True,True
MDA_5157_SG_2022,AR03,19,5,MDA_P001|MDA_P002|MDA_P003|MDA_P004|MDA_P005,operating_driver_keywords_with_causal_priority,5576,1394,1606,True,True
MDA_5157_SG_2022,AR04,19,6,MDA_P002|MDA_P003|MDA_P007|MDA_P008|MDA_P009|MDA_P013,risk_outlook_challenge_keywords,6262,1566,1606,True,True
MDA_5157_SG_2022,AR05,19,5,MDA_P001|MDA_P005|MDA_P010|MDA_P015|MDA_P019,python_structure_features_and_representative_paragraphs,5002,1251,1606,True,False
MDA_5157_SG_2023,AR01,15,5,MDA_P001|MDA_P002|MDA_P003|MDA_P004|MDA_P005,coverage_map_and_representative_sections,5548,1387,1606,True,True
MDA_5157_SG_2023,AR02,15,5,MDA_P001|MDA_P002|MDA_P003|MDA_P004|MDA_P005,financial_numeric_keywords_with_neighbor_context_and_numeric_summary,5992,1498,1606,True,True
MDA_5157_SG_2023,AR03,15,5,MDA_P001|MDA_P002|MDA_P003|MDA_P004|MDA_P005,operating_driver_keywords_with_causal_priority,5548,1387,1606,True,True
MDA_5157_SG_2023,AR04,15,6,MDA_P003|MDA_P008|MDA_P009|MDA_P012|MDA_P013|MDA_P014,risk_outlook_challenge_keywords,6359,1590,1606,True,False
MDA_5157_SG_2023,AR05,15,5,MDA_P001|MDA_P004|MDA_P008|MDA_P012|MDA_P015,python_structure_features_and_representative_paragraphs,5590,1398,1606,True,False
MDA_5157_SG_2024,AR01,12,6,MDA_P001|MDA_P002|MDA_P003|MDA_P004|MDA_P006|MDA_P007,coverage_map_and_representative_sections,5961,1491,1606,True,True
MDA_5157_SG_2024,AR02,12,6,MDA_P001|MDA_P002|MDA_P003|MDA_P004|MDA_P005|MDA_P006,financial_numeric_keywords_with_neighbor_context_and_numeric_summary,6201,1551,1606,True,True
MDA_5157_SG_2024,AR03,12,5,MDA_P002|MDA_P003|MDA_P004|MDA_P006|MDA_P007,operating_driver_keywords_with_causal_priority,5917,1480,1606,True,True
MDA_5157_SG_2024,AR04,12,5,MDA_P006|MDA_P007|MDA_P008|MDA_P010|MDA_P011,risk_outlook_challenge_keywords,5980,1495,1606,True,False
MDA_5157_SG_2024,AR05,12,5,MDA_P001|MDA_P004|MDA_P007|MDA_P010|MDA_P012,python_structure_features_and_representative_paragraphs,4839,1210,1606,True,False
MDA_5187_HBGLOB_2020,AR01,7,7,MDA_P001|MDA_P002|MDA_P003|MDA_P004|MDA_P005|MDA_P006|MDA_P007,coverage_map_and_representative_sections,5575,1394,1606,True,False
MDA_5187_HBGLOB_2020,AR02,7,6,MDA_P001|MDA_P002|MDA_P003|MDA_P004|MDA_P005|MDA_P006,financial_numeric_keywords_with_neighbor_context_and_numeric_summary,6164,1541,1606,True,True
MDA_5187_HBGLOB_2020,AR03,7,5,MDA_P002|MDA_P003|MDA_P004|MDA_P005|MDA_P006,operating_driver_keywords_with_causal_priority,5144,1286,1606,True,False
MDA_5187_HBGLOB_2020,AR04,7,4,MDA_P002|MDA_P004|MDA_P005|MDA_P006,risk_outlook_challenge_keywords,3935,984,1606,True,False
MDA_5187_HBGLOB_2020,AR05,7,5,MDA_P001|MDA_P002|MDA_P004|MDA_P006|MDA_P007,python_structure_features_and_representative_paragraphs,4019,1005,1606,True,False
MDA_5187_HBGLOB_2021,AR01,22,7,MDA_P001|MDA_P004|MDA_P012|MDA_P014|MDA_P017|MDA_P020|MDA_P022,coverage_map_and_representative_sections,5914,1479,1606,True,False
MDA_5187_HBGLOB_2021,AR02,22,7,MDA_P013|MDA_P014|MDA_P015|MDA_P016|MDA_P018|MDA_P019|MDA_P020,financial_numeric_keywords_with_neighbor_context_and_numeric_summary,5786,1447,1606,True,True
MDA_5187_HBGLOB_2021,AR03,22,4,MDA_P004|MDA_P015|MDA_P017|MDA_P019,operating_driver_keywords_with_causal_priority,3460,865,1606,True,True
MDA_5187_HBGLOB_2021,AR04,22,2,MDA_P017|MDA_P020,risk_outlook_challenge_keywords,4476,1119,1606,True,False
MDA_5187_HBGLOB_2021,AR05,22,5,MDA_P001|MDA_P006|MDA_P012|MDA_P017|MDA_P022,python_structure_features_and_representative_paragraphs,2171,543,1606,True,False
MDA_5187_HBGLOB_2022,AR01,13,5,MDA_P001|MDA_P004|MDA_P005|MDA_P007|MDA_P008,coverage_map_and_representative_sections,5773,1444,1606,True,True
MDA_5187_HBGLOB_2022,AR02,13,5,MDA_P001|MDA_P002|MDA_P003|MDA_P004|MDA_P005,financial_numeric_keywords_with_neighbor_context_and_numeric_summary,6344,1586,1606,True,True
MDA_5187_HBGLOB_2022,AR03,13,5,MDA_P004|MDA_P005|MDA_P006|MDA_P007|MDA_P008,operating_driver_keywords_with_causal_priority,5719,1430,1606,True,True
MDA_5187_HBGLOB_2022,AR04,13,5,MDA_P004|MDA_P005|MDA_P007|MDA_P008|MDA_P009,risk_outlook_challenge_keywords,5741,1436,1606,True,True
MDA_5187_HBGLOB_2022,AR05,13,5,MDA_P001|MDA_P004|MDA_P007|MDA_P010|MDA_P013,python_structure_features_and_representative_paragraphs,5042,1261,1606,True,False
MDA_5187_HBGLOB_2023,AR01,11,5,MDA_P001|MDA_P002|MDA_P003|MDA_P006|MDA_P007,coverage_map_and_representative_sections,6148,1537,1606,True,True
MDA_5187_HBGLOB_2023,AR02,11,5,MDA_P001|MDA_P002|MDA_P003|MDA_P004|MDA_P005,financial_numeric_keywords_with_neighbor_context_and_numeric_summary,5561,1391,1606,True,True
MDA_5187_HBGLOB_2023,AR03,11,5,MDA_P002|MDA_P003|MDA_P005|MDA_P006|MDA_P007,operating_driver_keywords_with_causal_priority,6152,1538,1606,True,True
MDA_5187_HBGLOB_2023,AR04,11,5,MDA_P003|MDA_P007|MDA_P008|MDA_P009|MDA_P010,risk_outlook_challenge_keywords,6101,1526,1606,True,False
MDA_5187_HBGLOB_2023,AR05,11,5,MDA_P001|MDA_P003|MDA_P006|MDA_P009|MDA_P011,python_structure_features_and_representative_paragraphs,5523,1381,1606,True,False
MDA_5187_HBGLOB_2024,AR01,14,5,MDA_P001|MDA_P006|MDA_P007|MDA_P008|MDA_P009,coverage_map_and_representative_sections,5876,1469,1606,True,True
MDA_5187_HBGLOB_2024,AR02,14,4,MDA_P005|MDA_P006|MDA_P007|MDA_P008,financial_numeric_keywords_with_neighbor_context_and_numeric_summary,6209,1553,1606,True,True
MDA_5187_HBGLOB_2024,AR03,14,5,MDA_P002|MDA_P003|MDA_P005|MDA_P006|MDA_P007,operating_driver_keywords_with_causal_priority,5859,1465,1606,True,True
MDA_5187_HBGLOB_2024,AR04,14,5,MDA_P005|MDA_P006|MDA_P008|MDA_P009|MDA_P011,risk_outlook_challenge_keywords,5814,1454,1606,True,True
MDA_5187_HBGLOB_2024,AR05,14,5,MDA_P001|MDA_P004|MDA_P008|MDA_P011|MDA_P014,python_structure_features_and_representative_paragraphs,5071,1268,1606,True,False
MDA_5188_CNOUHUA_2020,AR01,4,3,MDA_P001|MDA_P003|MDA_P004,coverage_map_and_representative_sections,2340,585,1606,True,False
MDA_5188_CNOUHUA_2020,AR02,4,3,MDA_P002|MDA_P003|MDA_P004,financial_numeric_keywords_with_neighbor_context_and_numeric_summary,2716,679,1606,True,False
MDA_5188_CNOUHUA_2020,AR03,4,2,MDA_P003|MDA_P004,operating_driver_keywords_with_causal_priority,2224,556,1606,True,False
MDA_5188_CNOUHUA_2020,AR04,4,1,MDA_P003,risk_outlook_challenge_keywords,1582,396,1606,True,False
MDA_5188_CNOUHUA_2020,AR05,4,4,MDA_P001|MDA_P002|MDA_P003|MDA_P004,python_structure_features_and_representative_paragraphs,2578,645,1606,True,False
MDA_5188_CNOUHUA_2021,AR01,4,3,MDA_P001|MDA_P003|MDA_P004,coverage_map_and_representative_sections,2599,650,1606,True,False
MDA_5188_CNOUHUA_2021,AR02,4,3,MDA_P002|MDA_P003|MDA_P004,financial_numeric_keywords_with_neighbor_context_and_numeric_summary,2975,744,1606,True,False
MDA_5188_CNOUHUA_2021,AR03,4,2,MDA_P003|MDA_P004,operating_driver_keywords_with_causal_priority,2483,621,1606,True,False
MDA_5188_CNOUHUA_2021,AR04,4,1,MDA_P001,risk_outlook_challenge_keywords,509,146,1606,True,False
MDA_5188_CNOUHUA_2021,AR05,4,4,MDA_P001|MDA_P002|MDA_P003|MDA_P004,python_structure_features_and_representative_paragraphs,2837,710,1606,True,False
MDA_5188_CNOUHUA_2022,AR01,5,3,MDA_P001|MDA_P003|MDA_P005,coverage_map_and_representative_sections,2412,603,1606,True,False
MDA_5188_CNOUHUA_2022,AR02,5,4,MDA_P002|MDA_P003|MDA_P004|MDA_P005,financial_numeric_keywords_with_neighbor_context_and_numeric_summary,2904,726,1606,True,False
MDA_5188_CNOUHUA_2022,AR03,5,3,MDA_P003|MDA_P004|MDA_P005,operating_driver_keywords_with_causal_priority,2412,603,1606,True,False
MDA_5188_CNOUHUA_2022,AR04,5,1,MDA_P001,risk_outlook_challenge_keywords,509,146,1606,True,False
MDA_5188_CNOUHUA_2022,AR05,5,5,MDA_P001|MDA_P002|MDA_P003|MDA_P004|MDA_P005,python_structure_features_and_representative_paragraphs,2766,692,1606,True,False
MDA_5188_CNOUHUA_2023,AR01,4,3,MDA_P001|MDA_P003|MDA_P004,coverage_map_and_representative_sections,2483,621,1606,True,False
MDA_5188_CNOUHUA_2023,AR02,4,3,MDA_P002|MDA_P003|MDA_P004,financial_numeric_keywords_with_neighbor_context_and_numeric_summary,2859,715,1606,True,False
MDA_5188_CNOUHUA_2023,AR03,4,2,MDA_P003|MDA_P004,operating_driver_keywords_with_causal_priority,2367,592,1606,True,False
MDA_5188_CNOUHUA_2023,AR04,4,1,MDA_P003,risk_outlook_challenge_keywords,1564,391,1606,True,False
MDA_5188_CNOUHUA_2023,AR05,4,4,MDA_P001|MDA_P002|MDA_P003|MDA_P004,python_structure_features_and_representative_paragraphs,2722,681,1606,True,False
MDA_5188_CNOUHUA_2024,AR01,5,4,MDA_P001|MDA_P003|MDA_P004|MDA_P005,coverage_map_and_representative_sections,2551,638,1606,True,False
MDA_5188_CNOUHUA_2024,AR02,5,4,MDA_P002|MDA_P003|MDA_P004|MDA_P005,financial_numeric_keywords_with_neighbor_context_and_numeric_summary,2927,732,1606,True,False
MDA_5188_CNOUHUA_2024,AR03,5,2,MDA_P003|MDA_P004,operating_driver_keywords_with_causal_priority,2346,587,1606,True,False
MDA_5188_CNOUHUA_2024,AR04,5,1,MDA_P001,risk_outlook_challenge_keywords,509,146,1606,True,False
MDA_5188_CNOUHUA_2024,AR05,5,5,MDA_P001|MDA_P002|MDA_P003|MDA_P004|MDA_P005,python_structure_features_and_representative_paragraphs,2789,698,1606,True,False
MDA_5202_MSM_2020,AR01,87,6,MDA_P001|MDA_P002|MDA_P007|MDA_P015|MDA_P036|MDA_P044,coverage_map_and_representative_sections,6098,1525,1606,True,True
MDA_5202_MSM_2020,AR02,87,5,MDA_P001|MDA_P002|MDA_P003|MDA_P004|MDA_P005,financial_numeric_keywords_with_neighbor_context_and_numeric_summary,5543,1386,1606,True,True
MDA_5202_MSM_2020,AR03,87,5,MDA_P001|MDA_P002|MDA_P003|MDA_P005|MDA_P006,operating_driver_keywords_with_causal_priority,5972,1493,1606,True,True
MDA_5202_MSM_2020,AR04,87,5,MDA_P002|MDA_P007|MDA_P009|MDA_P011|MDA_P013,risk_outlook_challenge_keywords,5909,1478,1606,True,True
MDA_5202_MSM_2020,AR05,87,5,MDA_P001|MDA_P022|MDA_P044|MDA_P066|MDA_P087,python_structure_features_and_representative_paragraphs,4369,1093,1606,True,False
MDA_5202_MSM_2021,AR01,30,9,MDA_P001|MDA_P005|MDA_P012|MDA_P014|MDA_P016|MDA_P021|MDA_P024|MDA_P026|MDA_P030,coverage_map_and_representative_sections,4103,1026,1606,True,False
MDA_5202_MSM_2021,AR02,30,22,MDA_P002|MDA_P003|MDA_P004|MDA_P005|MDA_P006|MDA_P007|MDA_P008|MDA_P009|MDA_P010|MDA_P011|MDA_P012|MDA_P013|MDA_P014|MDA_P015|MDA_P016|MDA_P017|MDA_P021|MDA_P022|MDA_P023|MDA_P024|MDA_P025|MDA_P026,financial_numeric_keywords_with_neighbor_context_and_numeric_summary,6422,1606,1606,True,True
MDA_5202_MSM_2021,AR03,30,16,MDA_P003|MDA_P004|MDA_P005|MDA_P006|MDA_P008|MDA_P009|MDA_P010|MDA_P012|MDA_P013|MDA_P014|MDA_P015|MDA_P016|MDA_P021|MDA_P022|MDA_P024|MDA_P026,operating_driver_keywords_with_causal_priority,5660,1415,1606,True,False
MDA_5202_MSM_2021,AR04,30,2,MDA_P014|MDA_P021,risk_outlook_challenge_keywords,2168,542,1606,True,False
MDA_5202_MSM_2021,AR05,30,5,MDA_P001|MDA_P008|MDA_P016|MDA_P023|MDA_P030,python_structure_features_and_representative_paragraphs,907,269,1606,True,False
MDA_5202_MSM_2022,AR01,121,6,MDA_P001|MDA_P003|MDA_P004|MDA_P008|MDA_P009|MDA_P013,coverage_map_and_representative_sections,5873,1469,1606,True,True
MDA_5202_MSM_2022,AR02,121,6,MDA_P001|MDA_P002|MDA_P003|MDA_P004|MDA_P005|MDA_P006,financial_numeric_keywords_with_neighbor_context_and_numeric_summary,5472,1368,1606,True,True
MDA_5202_MSM_2022,AR03,121,7,MDA_P001|MDA_P002|MDA_P003|MDA_P004|MDA_P006|MDA_P008|MDA_P010,operating_driver_keywords_with_causal_priority,5750,1438,1606,True,True
MDA_5202_MSM_2022,AR04,121,6,MDA_P003|MDA_P004|MDA_P008|MDA_P009|MDA_P016|MDA_P017,risk_outlook_challenge_keywords,6010,1503,1606,True,True
MDA_5202_MSM_2022,AR05,121,5,MDA_P001|MDA_P031|MDA_P061|MDA_P091|MDA_P121,python_structure_features_and_representative_paragraphs,2639,660,1606,True,False
MDA_5202_MSM_2023,AR01,70,5,MDA_P001|MDA_P005|MDA_P006|MDA_P007|MDA_P024,coverage_map_and_representative_sections,6093,1524,1606,True,True
MDA_5202_MSM_2023,AR02,70,4,MDA_P001|MDA_P002|MDA_P003|MDA_P004,financial_numeric_keywords_with_neighbor_context_and_numeric_summary,5454,1364,1606,True,True
MDA_5202_MSM_2023,AR03,70,5,MDA_P001|MDA_P002|MDA_P003|MDA_P004|MDA_P006,operating_driver_keywords_with_causal_priority,5674,1419,1606,True,True
MDA_5202_MSM_2023,AR04,70,7,MDA_P001|MDA_P004|MDA_P005|MDA_P007|MDA_P009|MDA_P011|MDA_P016,risk_outlook_challenge_keywords,6047,1512,1606,True,True
MDA_5202_MSM_2023,AR05,70,5,MDA_P001|MDA_P018|MDA_P036|MDA_P053|MDA_P070,python_structure_features_and_representative_paragraphs,4989,1248,1606,True,False
MDA_5202_MSM_2024,AR01,4,4,MDA_P001|MDA_P002|MDA_P003|MDA_P004,coverage_map_and_representative_sections,2478,620,1606,True,False
MDA_5202_MSM_2024,AR02,4,1,MDA_P001,financial_numeric_keywords_with_neighbor_context_and_numeric_summary,1623,409,1606,True,False
MDA_5202_MSM_2024,AR03,4,1,MDA_P001,operating_driver_keywords_with_causal_priority,1164,291,1606,True,False
MDA_5202_MSM_2024,AR04,4,3,MDA_P002|MDA_P003|MDA_P004,risk_outlook_challenge_keywords,1704,426,1606,True,False
MDA_5202_MSM_2024,AR05,4,4,MDA_P001|MDA_P002|MDA_P003|MDA_P004,python_structure_features_and_representative_paragraphs,2687,672,1606,True,False
MDA_5306_FFB_2022,AR01,41,5,MDA_P001|MDA_P002|MDA_P003|MDA_P004|MDA_P012,coverage_map_and_representative_sections,5387,1347,1606,True,True
MDA_5306_FFB_2022,AR02,41,6,MDA_P001|MDA_P002|MDA_P003|MDA_P004|MDA_P005|MDA_P007,financial_numeric_keywords_with_neighbor_context_and_numeric_summary,6260,1565,1606,True,True
MDA_5306_FFB_2022,AR03,41,5,MDA_P002|MDA_P003|MDA_P004|MDA_P005|MDA_P008,operating_driver_keywords_with_causal_priority,5571,1393,1606,True,True
MDA_5306_FFB_2022,AR04,41,5,MDA_P003|MDA_P004|MDA_P007|MDA_P008|MDA_P009,risk_outlook_challenge_keywords,5658,1415,1606,True,True
MDA_5306_FFB_2022,AR05,41,5,MDA_P001|MDA_P011|MDA_P021|MDA_P031|MDA_P041,python_structure_features_and_representative_paragraphs,4376,1094,1606,True,False
MDA_5306_FFB_2023,AR01,54,5,MDA_P001|MDA_P003|MDA_P005|MDA_P013|MDA_P022,coverage_map_and_representative_sections,4930,1233,1606,True,True
MDA_5306_FFB_2023,AR02,54,6,MDA_P002|MDA_P003|MDA_P004|MDA_P005|MDA_P006|MDA_P007,financial_numeric_keywords_with_neighbor_context_and_numeric_summary,6053,1514,1606,True,True
MDA_5306_FFB_2023,AR03,54,6,MDA_P003|MDA_P004|MDA_P005|MDA_P010|MDA_P012|MDA_P013,operating_driver_keywords_with_causal_priority,5777,1445,1606,True,True
MDA_5306_FFB_2023,AR04,54,6,MDA_P001|MDA_P003|MDA_P005|MDA_P007|MDA_P008|MDA_P010,risk_outlook_challenge_keywords,6269,1568,1606,True,True
MDA_5306_FFB_2023,AR05,54,5,MDA_P001|MDA_P014|MDA_P028|MDA_P041|MDA_P054,python_structure_features_and_representative_paragraphs,5279,1320,1606,True,False
MDA_5306_FFB_2024,AR01,14,6,MDA_P001|MDA_P002|MDA_P005|MDA_P008|MDA_P010|MDA_P012,coverage_map_and_representative_sections,5551,1388,1606,True,True
MDA_5306_FFB_2024,AR02,14,5,MDA_P003|MDA_P004|MDA_P005|MDA_P006|MDA_P007,financial_numeric_keywords_with_neighbor_context_and_numeric_summary,6309,1578,1606,True,True
MDA_5306_FFB_2024,AR03,14,5,MDA_P003|MDA_P004|MDA_P005|MDA_P007|MDA_P008,operating_driver_keywords_with_causal_priority,5859,1465,1606,True,True
MDA_5306_FFB_2024,AR04,14,4,MDA_P002|MDA_P006|MDA_P010|MDA_P014,risk_outlook_challenge_keywords,3987,997,1606,True,False
MDA_5306_FFB_2024,AR05,14,5,MDA_P001|MDA_P004|MDA_P008|MDA_P011|MDA_P014,python_structure_features_and_representative_paragraphs,4887,1222,1606,True,False
MDA_5533_OCB_2020,AR01,14,7,MDA_P001|MDA_P002|MDA_P004|MDA_P006|MDA_P008|MDA_P010|MDA_P011,coverage_map_and_representative_sections,6318,1580,1606,True,True
MDA_5533_OCB_2020,AR02,14,6,MDA_P001|MDA_P002|MDA_P003|MDA_P004|MDA_P005|MDA_P006,financial_numeric_keywords_with_neighbor_context_and_numeric_summary,6140,1535,1606,True,True
MDA_5533_OCB_2020,AR03,14,6,MDA_P002|MDA_P003|MDA_P004|MDA_P005|MDA_P006|MDA_P007,operating_driver_keywords_with_causal_priority,5954,1489,1606,True,True
MDA_5533_OCB_2020,AR04,14,5,MDA_P004|MDA_P006|MDA_P010|MDA_P012|MDA_P013,risk_outlook_challenge_keywords,5428,1357,1606,True,False
MDA_5533_OCB_2020,AR05,14,5,MDA_P001|MDA_P004|MDA_P008|MDA_P011|MDA_P014,python_structure_features_and_representative_paragraphs,4615,1154,1606,True,False
MDA_5533_OCB_2021,AR01,15,6,MDA_P001|MDA_P004|MDA_P008|MDA_P012|MDA_P013|MDA_P014,coverage_map_and_representative_sections,6177,1545,1606,True,True
MDA_5533_OCB_2021,AR02,15,6,MDA_P001|MDA_P002|MDA_P003|MDA_P004|MDA_P005|MDA_P006,financial_numeric_keywords_with_neighbor_context_and_numeric_summary,5717,1430,1606,True,True
MDA_5533_OCB_2021,AR03,15,5,MDA_P002|MDA_P003|MDA_P004|MDA_P006|MDA_P007,operating_driver_keywords_with_causal_priority,6027,1507,1606,True,True
MDA_5533_OCB_2021,AR04,15,5,MDA_P002|MDA_P003|MDA_P004|MDA_P010|MDA_P011,risk_outlook_challenge_keywords,6048,1512,1606,True,True
MDA_5533_OCB_2021,AR05,15,5,MDA_P001|MDA_P004|MDA_P008|MDA_P012|MDA_P015,python_structure_features_and_representative_paragraphs,5319,1330,1606,True,False
MDA_5533_OCB_2022,AR01,32,5,MDA_P001|MDA_P002|MDA_P006|MDA_P010|MDA_P013,coverage_map_and_representative_sections,5732,1433,1606,True,True
MDA_5533_OCB_2022,AR02,32,6,MDA_P001|MDA_P002|MDA_P003|MDA_P004|MDA_P005|MDA_P006,financial_numeric_keywords_with_neighbor_context_and_numeric_summary,6077,1520,1606,True,True
MDA_5533_OCB_2022,AR03,32,5,MDA_P002|MDA_P006|MDA_P007|MDA_P008|MDA_P009,operating_driver_keywords_with_causal_priority,5741,1436,1606,True,True
MDA_5533_OCB_2022,AR04,32,5,MDA_P009|MDA_P010|MDA_P011|MDA_P018|MDA_P019,risk_outlook_challenge_keywords,5397,1350,1606,True,True
MDA_5533_OCB_2022,AR05,32,5,MDA_P001|MDA_P009|MDA_P017|MDA_P025|MDA_P032,python_structure_features_and_representative_paragraphs,5172,1293,1606,True,False
MDA_5533_OCB_2023,AR01,32,5,MDA_P001|MDA_P010|MDA_P011|MDA_P013|MDA_P015,coverage_map_and_representative_sections,5642,1411,1606,True,True
MDA_5533_OCB_2023,AR02,32,6,MDA_P001|MDA_P002|MDA_P003|MDA_P004|MDA_P005|MDA_P006,financial_numeric_keywords_with_neighbor_context_and_numeric_summary,6315,1579,1606,True,True
MDA_5533_OCB_2023,AR03,32,6,MDA_P002|MDA_P006|MDA_P007|MDA_P008|MDA_P009|MDA_P010,operating_driver_keywords_with_causal_priority,6410,1603,1606,True,True
MDA_5533_OCB_2023,AR04,32,6,MDA_P009|MDA_P011|MDA_P012|MDA_P015|MDA_P017|MDA_P030,risk_outlook_challenge_keywords,5983,1496,1606,True,True
MDA_5533_OCB_2023,AR05,32,5,MDA_P001|MDA_P009|MDA_P017|MDA_P025|MDA_P032,python_structure_features_and_representative_paragraphs,5118,1280,1606,True,False
MDA_5533_OCB_2024,AR01,16,7,MDA_P001|MDA_P002|MDA_P003|MDA_P008|MDA_P009|MDA_P012|MDA_P014,coverage_map_and_representative_sections,6046,1512,1606,True,True
MDA_5533_OCB_2024,AR02,16,6,MDA_P001|MDA_P002|MDA_P003|MDA_P004|MDA_P005|MDA_P006,financial_numeric_keywords_with_neighbor_context_and_numeric_summary,5891,1473,1606,True,True
MDA_5533_OCB_2024,AR03,16,6,MDA_P002|MDA_P003|MDA_P004|MDA_P005|MDA_P006|MDA_P007,operating_driver_keywords_with_causal_priority,6377,1595,1606,True,True
MDA_5533_OCB_2024,AR04,16,3,MDA_P004|MDA_P014|MDA_P015,risk_outlook_challenge_keywords,3837,960,1606,True,False
MDA_5533_OCB_2024,AR05,16,5,MDA_P001|MDA_P005|MDA_P009|MDA_P013|MDA_P016,python_structure_features_and_representative_paragraphs,1836,459,1606,True,False
MDA_6203_KHEESAN_2021,AR01,10,6,MDA_P001|MDA_P002|MDA_P003|MDA_P005|MDA_P006|MDA_P007,coverage_map_and_representative_sections,5640,1410,1606,True,True
MDA_6203_KHEESAN_2021,AR02,10,6,MDA_P001|MDA_P002|MDA_P003|MDA_P004|MDA_P005|MDA_P006,financial_numeric_keywords_with_neighbor_context_and_numeric_summary,5971,1493,1606,True,True
MDA_6203_KHEESAN_2021,AR03,10,6,MDA_P002|MDA_P003|MDA_P004|MDA_P005|MDA_P006|MDA_P007,operating_driver_keywords_with_causal_priority,6282,1571,1606,True,True
MDA_6203_KHEESAN_2021,AR04,10,4,MDA_P006|MDA_P007|MDA_P008|MDA_P009,risk_outlook_challenge_keywords,4633,1159,1606,True,False
MDA_6203_KHEESAN_2021,AR05,10,5,MDA_P001|MDA_P003|MDA_P006|MDA_P008|MDA_P010,python_structure_features_and_representative_paragraphs,4957,1240,1606,True,False
MDA_6203_KHEESAN_2022,AR01,33,10,MDA_P001|MDA_P003|MDA_P006|MDA_P008|MDA_P016|MDA_P017|MDA_P023|MDA_P030|MDA_P031|MDA_P033,coverage_map_and_representative_sections,3888,972,1606,True,False
MDA_6203_KHEESAN_2022,AR02,33,20,MDA_P002|MDA_P003|MDA_P004|MDA_P005|MDA_P006|MDA_P007|MDA_P008|MDA_P009|MDA_P010|MDA_P011|MDA_P012|MDA_P013|MDA_P015|MDA_P016|MDA_P017|MDA_P022|MDA_P023|MDA_P024|MDA_P029|MDA_P030,financial_numeric_keywords_with_neighbor_context_and_numeric_summary,6362,1591,1606,True,True
MDA_6203_KHEESAN_2022,AR03,33,15,MDA_P003|MDA_P005|MDA_P006|MDA_P008|MDA_P009|MDA_P010|MDA_P011|MDA_P012|MDA_P016|MDA_P020|MDA_P021|MDA_P023|MDA_P025|MDA_P026|MDA_P027,operating_driver_keywords_with_causal_priority,6359,1590,1606,True,True
MDA_6203_KHEESAN_2022,AR04,33,8,MDA_P016|MDA_P017|MDA_P020|MDA_P021|MDA_P023|MDA_P027|MDA_P029|MDA_P030,risk_outlook_challenge_keywords,3350,838,1606,True,False
MDA_6203_KHEESAN_2022,AR05,33,5,MDA_P001|MDA_P009|MDA_P017|MDA_P025|MDA_P033,python_structure_features_and_representative_paragraphs,1905,477,1606,True,False
MDA_6203_KHEESAN_2023,AR01,38,7,MDA_P001|MDA_P002|MDA_P007|MDA_P014|MDA_P016|MDA_P020|MDA_P022,coverage_map_and_representative_sections,5340,1335,1606,True,True
MDA_6203_KHEESAN_2023,AR02,38,16,MDA_P001|MDA_P002|MDA_P003|MDA_P005|MDA_P006|MDA_P007|MDA_P008|MDA_P012|MDA_P013|MDA_P014|MDA_P015|MDA_P016|MDA_P017|MDA_P018|MDA_P020|MDA_P021,financial_numeric_keywords_with_neighbor_context_and_numeric_summary,5799,1450,1606,True,True
MDA_6203_KHEESAN_2023,AR03,38,6,MDA_P001|MDA_P002|MDA_P007|MDA_P014|MDA_P016|MDA_P022,operating_driver_keywords_with_causal_priority,5327,1332,1606,True,True
MDA_6203_KHEESAN_2023,AR04,38,6,MDA_P028|MDA_P029|MDA_P030|MDA_P031|MDA_P034|MDA_P035,risk_outlook_challenge_keywords,5729,1433,1606,True,False
MDA_6203_KHEESAN_2023,AR05,38,5,MDA_P001|MDA_P010|MDA_P020|MDA_P029|MDA_P038,python_structure_features_and_representative_paragraphs,2956,739,1606,True,False
MDA_6203_KHEESAN_2024,AR01,15,6,MDA_P001|MDA_P002|MDA_P004|MDA_P006|MDA_P008|MDA_P009,coverage_map_and_representative_sections,6093,1524,1606,True,True
MDA_6203_KHEESAN_2024,AR02,15,6,MDA_P001|MDA_P002|MDA_P003|MDA_P004|MDA_P005|MDA_P006,financial_numeric_keywords_with_neighbor_context_and_numeric_summary,6136,1534,1606,True,True
MDA_6203_KHEESAN_2024,AR03,15,5,MDA_P002|MDA_P004|MDA_P005|MDA_P006|MDA_P007,operating_driver_keywords_with_causal_priority,5476,1369,1606,True,True
MDA_6203_KHEESAN_2024,AR04,15,4,MDA_P009|MDA_P010|MDA_P012|MDA_P015,risk_outlook_challenge_keywords,4136,1034,1606,True,False
MDA_6203_KHEESAN_2024,AR05,15,5,MDA_P001|MDA_P004|MDA_P008|MDA_P012|MDA_P015,python_structure_features_and_representative_paragraphs,4574,1144,1606,True,False
MDA_6432_APOLLO_2020,AR01,41,12,MDA_P001|MDA_P005|MDA_P007|MDA_P012|MDA_P014|MDA_P019|MDA_P021|MDA_P022|MDA_P028|MDA_P036|MDA_P038|MDA_P041,coverage_map_and_representative_sections,3453,864,1606,True,False
MDA_6432_APOLLO_2020,AR02,41,18,MDA_P010|MDA_P011|MDA_P012|MDA_P013|MDA_P014|MDA_P015|MDA_P016|MDA_P018|MDA_P019|MDA_P020|MDA_P021|MDA_P025|MDA_P026|MDA_P027|MDA_P038|MDA_P039|MDA_P040|MDA_P041,financial_numeric_keywords_with_neighbor_context_and_numeric_summary,4470,1118,1606,True,False
MDA_6432_APOLLO_2020,AR03,41,9,MDA_P011|MDA_P012|MDA_P013|MDA_P014|MDA_P023|MDA_P024|MDA_P030|MDA_P038|MDA_P039,operating_driver_keywords_with_causal_priority,3050,763,1606,True,False
MDA_6432_APOLLO_2020,AR04,41,9,MDA_P009|MDA_P021|MDA_P022|MDA_P023|MDA_P024|MDA_P028|MDA_P030|MDA_P036|MDA_P038,risk_outlook_challenge_keywords,2906,727,1606,True,False
MDA_6432_APOLLO_2020,AR05,41,5,MDA_P001|MDA_P011|MDA_P021|MDA_P031|MDA_P041,python_structure_features_and_representative_paragraphs,1143,317,1606,True,False
MDA_6432_APOLLO_2021,AR01,43,11,MDA_P001|MDA_P005|MDA_P007|MDA_P012|MDA_P014|MDA_P020|MDA_P022|MDA_P023|MDA_P029|MDA_P037|MDA_P043,coverage_map_and_representative_sections,2944,736,1606,True,False
MDA_6432_APOLLO_2021,AR02,43,19,MDA_P010|MDA_P011|MDA_P012|MDA_P013|MDA_P014|MDA_P015|MDA_P016|MDA_P019|MDA_P020|MDA_P021|MDA_P022|MDA_P026|MDA_P027|MDA_P028|MDA_P039|MDA_P040|MDA_P041|MDA_P042|MDA_P043,financial_numeric_keywords_with_neighbor_context_and_numeric_summary,4540,1135,1606,True,False
MDA_6432_APOLLO_2021,AR03,43,11,MDA_P011|MDA_P012|MDA_P013|MDA_P014|MDA_P020|MDA_P024|MDA_P025|MDA_P031|MDA_P036|MDA_P039|MDA_P040,operating_driver_keywords_with_causal_priority,3704,926,1606,True,False
MDA_6432_APOLLO_2021,AR04,43,9,MDA_P009|MDA_P022|MDA_P023|MDA_P024|MDA_P025|MDA_P029|MDA_P031|MDA_P037|MDA_P039,risk_outlook_challenge_keywords,2885,722,1606,True,False
MDA_6432_APOLLO_2021,AR05,43,5,MDA_P001|MDA_P011|MDA_P022|MDA_P033|MDA_P043,python_structure_features_and_representative_paragraphs,1123,312,1606,True,False
MDA_6432_APOLLO_2022,AR01,42,9,MDA_P001|MDA_P005|MDA_P007|MDA_P012|MDA_P014|MDA_P022|MDA_P023|MDA_P037|MDA_P042,coverage_map_and_representative_sections,2262,566,1606,True,False
MDA_6432_APOLLO_2022,AR02,42,19,MDA_P010|MDA_P011|MDA_P012|MDA_P013|MDA_P014|MDA_P015|MDA_P016|MDA_P019|MDA_P020|MDA_P021|MDA_P022|MDA_P026|MDA_P027|MDA_P028|MDA_P038|MDA_P039|MDA_P040|MDA_P041|MDA_P042,financial_numeric_keywords_with_neighbor_context_and_numeric_summary,3642,911,1606,True,False
MDA_6432_APOLLO_2022,AR03,42,9,MDA_P011|MDA_P012|MDA_P013|MDA_P014|MDA_P024|MDA_P025|MDA_P031|MDA_P039|MDA_P040,operating_driver_keywords_with_causal_priority,2232,558,1606,True,False
MDA_6432_APOLLO_2022,AR04,42,9,MDA_P009|MDA_P014|MDA_P022|MDA_P023|MDA_P024|MDA_P025|MDA_P031|MDA_P037|MDA_P039,risk_outlook_challenge_keywords,2294,574,1606,True,False
MDA_6432_APOLLO_2022,AR05,42,5,MDA_P001|MDA_P011|MDA_P022|MDA_P032|MDA_P042,python_structure_features_and_representative_paragraphs,1210,330,1606,True,False
MDA_6432_APOLLO_2023,AR01,46,12,MDA_P001|MDA_P004|MDA_P012|MDA_P014|MDA_P020|MDA_P022|MDA_P023|MDA_P024|MDA_P033|MDA_P040|MDA_P042|MDA_P046,coverage_map_and_representative_sections,2833,709,1606,True,False
MDA_6432_APOLLO_2023,AR02,46,24,MDA_P010|MDA_P011|MDA_P012|MDA_P013|MDA_P014|MDA_P015|MDA_P016|MDA_P019|MDA_P020|MDA_P021|MDA_P022|MDA_P024|MDA_P025|MDA_P026|MDA_P027|MDA_P028|MDA_P037|MDA_P038|MDA_P039|MDA_P042|MDA_P043|MDA_P044|MDA_P045|MDA_P046,financial_numeric_keywords_with_neighbor_context_and_numeric_summary,5239,1310,1606,True,False
MDA_6432_APOLLO_2023,AR03,46,10,MDA_P011|MDA_P012|MDA_P013|MDA_P014|MDA_P024|MDA_P025|MDA_P031|MDA_P038|MDA_P042|MDA_P043,operating_driver_keywords_with_causal_priority,2709,678,1606,True,False
MDA_6432_APOLLO_2023,AR04,46,9,MDA_P009|MDA_P022|MDA_P023|MDA_P024|MDA_P025|MDA_P031|MDA_P033|MDA_P040|MDA_P043,risk_outlook_challenge_keywords,2524,631,1606,True,False
MDA_6432_APOLLO_2023,AR05,46,5,MDA_P001|MDA_P012|MDA_P024|MDA_P035|MDA_P046,python_structure_features_and_representative_paragraphs,1711,428,1606,True,False
MDA_6432_APOLLO_2024,AR01,44,11,MDA_P001|MDA_P012|MDA_P014|MDA_P022|MDA_P023|MDA_P029|MDA_P033|MDA_P038|MDA_P040|MDA_P041|MDA_P044,coverage_map_and_representative_sections,3658,915,1606,True,False
MDA_6432_APOLLO_2024,AR02,44,20,MDA_P010|MDA_P011|MDA_P012|MDA_P013|MDA_P014|MDA_P015|MDA_P016|MDA_P019|MDA_P020|MDA_P021|MDA_P022|MDA_P024|MDA_P025|MDA_P026|MDA_P027|MDA_P028|MDA_P041|MDA_P042|MDA_P043|MDA_P044,financial_numeric_keywords_with_neighbor_context_and_numeric_summary,4480,1120,1606,True,False
MDA_6432_APOLLO_2024,AR03,44,12,MDA_P011|MDA_P012|MDA_P013|MDA_P014|MDA_P024|MDA_P025|MDA_P029|MDA_P031|MDA_P037|MDA_P038|MDA_P040|MDA_P041,operating_driver_keywords_with_causal_priority,3844,961,1606,True,False
MDA_6432_APOLLO_2024,AR04,44,11,MDA_P009|MDA_P022|MDA_P023|MDA_P024|MDA_P025|MDA_P031|MDA_P033|MDA_P038|MDA_P039|MDA_P040|MDA_P041,risk_outlook_challenge_keywords,3507,877,1606,True,False
MDA_6432_APOLLO_2024,AR05,44,5,MDA_P001|MDA_P012|MDA_P023|MDA_P034|MDA_P044,python_structure_features_and_representative_paragraphs,1636,409,1606,True,False
MDA_7035_CCK_2020,AR01,10,6,MDA_P001|MDA_P003|MDA_P004|MDA_P005|MDA_P006|MDA_P008,coverage_map_and_representative_sections,5626,1407,1606,True,True
MDA_7035_CCK_2020,AR02,10,6,MDA_P002|MDA_P003|MDA_P004|MDA_P005|MDA_P006|MDA_P007,financial_numeric_keywords_with_neighbor_context_and_numeric_summary,5409,1353,1606,True,True
MDA_7035_CCK_2020,AR03,10,6,MDA_P003|MDA_P004|MDA_P005|MDA_P007|MDA_P008|MDA_P009,operating_driver_keywords_with_causal_priority,6234,1559,1606,True,False
MDA_7035_CCK_2020,AR04,10,4,MDA_P004|MDA_P005|MDA_P006|MDA_P009,risk_outlook_challenge_keywords,4327,1082,1606,True,False
MDA_7035_CCK_2020,AR05,10,5,MDA_P001|MDA_P003|MDA_P006|MDA_P008|MDA_P010,python_structure_features_and_representative_paragraphs,4046,1012,1606,True,False
MDA_7035_CCK_2021,AR01,19,8,MDA_P001|MDA_P002|MDA_P003|MDA_P004|MDA_P008|MDA_P010|MDA_P013|MDA_P019,coverage_map_and_representative_sections,6255,1564,1606,True,False
MDA_7035_CCK_2021,AR02,19,7,MDA_P001|MDA_P002|MDA_P003|MDA_P004|MDA_P005|MDA_P006|MDA_P007,financial_numeric_keywords_with_neighbor_context_and_numeric_summary,5875,1469,1606,True,True
MDA_7035_CCK_2021,AR03,19,7,MDA_P001|MDA_P002|MDA_P003|MDA_P004|MDA_P008|MDA_P012|MDA_P015,operating_driver_keywords_with_causal_priority,6398,1600,1606,True,True
MDA_7035_CCK_2021,AR04,19,8,MDA_P004|MDA_P010|MDA_P011|MDA_P012|MDA_P013|MDA_P014|MDA_P017|MDA_P018,risk_outlook_challenge_keywords,5411,1353,1606,True,False
MDA_7035_CCK_2021,AR05,19,5,MDA_P001|MDA_P005|MDA_P010|MDA_P015|MDA_P019,python_structure_features_and_representative_paragraphs,3338,835,1606,True,False
MDA_7035_CCK_2022,AR01,27,8,MDA_P001|MDA_P002|MDA_P007|MDA_P009|MDA_P010|MDA_P014|MDA_P020|MDA_P023,coverage_map_and_representative_sections,5900,1475,1606,True,True
MDA_7035_CCK_2022,AR02,27,8,MDA_P001|MDA_P002|MDA_P003|MDA_P004|MDA_P005|MDA_P006|MDA_P007|MDA_P008,financial_numeric_keywords_with_neighbor_context_and_numeric_summary,6225,1557,1606,True,True
MDA_7035_CCK_2022,AR03,27,6,MDA_P001|MDA_P002|MDA_P005|MDA_P006|MDA_P007|MDA_P008,operating_driver_keywords_with_causal_priority,5412,1353,1606,True,True
MDA_7035_CCK_2022,AR04,27,8,MDA_P006|MDA_P017|MDA_P018|MDA_P019|MDA_P020|MDA_P021|MDA_P023|MDA_P025,risk_outlook_challenge_keywords,5103,1276,1606,True,False
MDA_7035_CCK_2022,AR05,27,5,MDA_P001|MDA_P007|MDA_P014|MDA_P021|MDA_P027,python_structure_features_and_representative_paragraphs,3202,801,1606,True,False
MDA_7035_CCK_2023,AR01,26,7,MDA_P001|MDA_P002|MDA_P005|MDA_P009|MDA_P011|MDA_P014|MDA_P019,coverage_map_and_representative_sections,6005,1502,1606,True,True
MDA_7035_CCK_2023,AR02,26,7,MDA_P001|MDA_P002|MDA_P003|MDA_P004|MDA_P005|MDA_P006|MDA_P007,financial_numeric_keywords_with_neighbor_context_and_numeric_summary,6218,1555,1606,True,True
MDA_7035_CCK_2023,AR03,26,7,MDA_P001|MDA_P002|MDA_P004|MDA_P005|MDA_P006|MDA_P007|MDA_P008,operating_driver_keywords_with_causal_priority,5321,1331,1606,True,True
MDA_7035_CCK_2023,AR04,26,9,MDA_P005|MDA_P011|MDA_P015|MDA_P016|MDA_P017|MDA_P018|MDA_P019|MDA_P020|MDA_P023,risk_outlook_challenge_keywords,5772,1443,1606,True,True
MDA_7035_CCK_2023,AR05,26,5,MDA_P001|MDA_P007|MDA_P014|MDA_P020|MDA_P026,python_structure_features_and_representative_paragraphs,3002,751,1606,True,False
MDA_7035_CCK_2024,AR01,43,8,MDA_P001|MDA_P002|MDA_P004|MDA_P006|MDA_P007|MDA_P012|MDA_P017|MDA_P020,coverage_map_and_representative_sections,6414,1604,1606,True,True
MDA_7035_CCK_2024,AR02,43,5,MDA_P001|MDA_P002|MDA_P003|MDA_P004|MDA_P005,financial_numeric_keywords_with_neighbor_context_and_numeric_summary,6117,1530,1606,True,True
MDA_7035_CCK_2024,AR03,43,6,MDA_P001|MDA_P002|MDA_P003|MDA_P004|MDA_P005|MDA_P006,operating_driver_keywords_with_causal_priority,5252,1313,1606,True,True
MDA_7035_CCK_2024,AR04,43,9,MDA_P004|MDA_P013|MDA_P014|MDA_P015|MDA_P016|MDA_P017|MDA_P018|MDA_P020|MDA_P021,risk_outlook_challenge_keywords,6217,1555,1606,True,True
MDA_7035_CCK_2024,AR05,43,5,MDA_P001|MDA_P011|MDA_P022|MDA_P033|MDA_P043,python_structure_features_and_representative_paragraphs,3401,851,1606,True,False
MDA_7103_SPRITZER_2020,AR01,9,6,MDA_P001|MDA_P003|MDA_P004|MDA_P005|MDA_P006|MDA_P009,coverage_map_and_representative_sections,3763,941,1606,True,False
MDA_7103_SPRITZER_2020,AR02,9,8,MDA_P002|MDA_P003|MDA_P004|MDA_P005|MDA_P006|MDA_P007|MDA_P008|MDA_P009,financial_numeric_keywords_with_neighbor_context_and_numeric_summary,5157,1290,1606,True,False
MDA_7103_SPRITZER_2020,AR03,9,4,MDA_P003|MDA_P005|MDA_P006|MDA_P008,operating_driver_keywords_with_causal_priority,3575,894,1606,True,False
MDA_7103_SPRITZER_2020,AR04,9,1,MDA_P005,risk_outlook_challenge_keywords,1316,329,1606,True,False
MDA_7103_SPRITZER_2020,AR05,9,5,MDA_P001|MDA_P003|MDA_P005|MDA_P007|MDA_P009,python_structure_features_and_representative_paragraphs,2364,591,1606,True,False
MDA_7103_SPRITZER_2021,AR01,12,7,MDA_P001|MDA_P003|MDA_P005|MDA_P006|MDA_P007|MDA_P009|MDA_P012,coverage_map_and_representative_sections,3429,858,1606,True,False
MDA_7103_SPRITZER_2021,AR02,12,9,MDA_P003|MDA_P004|MDA_P005|MDA_P006|MDA_P008|MDA_P009|MDA_P010|MDA_P011|MDA_P012,financial_numeric_keywords_with_neighbor_context_and_numeric_summary,5493,1374,1606,True,False
MDA_7103_SPRITZER_2021,AR03,12,6,MDA_P003|MDA_P006|MDA_P007|MDA_P009|MDA_P010|MDA_P011,operating_driver_keywords_with_causal_priority,4016,1004,1606,True,False
MDA_7103_SPRITZER_2021,AR04,12,1,MDA_P006,risk_outlook_challenge_keywords,1235,309,1606,True,False
MDA_7103_SPRITZER_2021,AR05,12,5,MDA_P001|MDA_P004|MDA_P007|MDA_P010|MDA_P012,python_structure_features_and_representative_paragraphs,1951,488,1606,True,False
MDA_7103_SPRITZER_2022,AR01,15,7,MDA_P001|MDA_P002|MDA_P003|MDA_P008|MDA_P009|MDA_P010|MDA_P015,coverage_map_and_representative_sections,5688,1422,1606,True,False
MDA_7103_SPRITZER_2022,AR02,15,6,MDA_P001|MDA_P002|MDA_P003|MDA_P004|MDA_P005|MDA_P006,financial_numeric_keywords_with_neighbor_context_and_numeric_summary,6211,1553,1606,True,True
MDA_7103_SPRITZER_2022,AR03,15,5,MDA_P002|MDA_P003|MDA_P004|MDA_P005|MDA_P006,operating_driver_keywords_with_causal_priority,5671,1418,1606,True,True
MDA_7103_SPRITZER_2022,AR04,15,2,MDA_P009|MDA_P010,risk_outlook_challenge_keywords,2548,637,1606,True,False
MDA_7103_SPRITZER_2022,AR05,15,5,MDA_P001|MDA_P004|MDA_P008|MDA_P012|MDA_P015,python_structure_features_and_representative_paragraphs,3166,792,1606,True,False
MDA_7103_SPRITZER_2023,AR01,19,5,MDA_P001|MDA_P004|MDA_P005|MDA_P006|MDA_P010,coverage_map_and_representative_sections,6018,1505,1606,True,True
MDA_7103_SPRITZER_2023,AR02,19,4,MDA_P001|MDA_P002|MDA_P003|MDA_P004,financial_numeric_keywords_with_neighbor_context_and_numeric_summary,5806,1452,1606,True,True
MDA_7103_SPRITZER_2023,AR03,19,5,MDA_P001|MDA_P003|MDA_P004|MDA_P005|MDA_P006,operating_driver_keywords_with_causal_priority,5955,1489,1606,True,True
MDA_7103_SPRITZER_2023,AR04,19,5,MDA_P004|MDA_P006|MDA_P012|MDA_P014|MDA_P019,risk_outlook_challenge_keywords,6179,1545,1606,True,False
MDA_7103_SPRITZER_2023,AR05,19,5,MDA_P001|MDA_P005|MDA_P010|MDA_P015|MDA_P019,python_structure_features_and_representative_paragraphs,5667,1417,1606,True,False
MDA_7103_SPRITZER_2024,AR01,29,5,MDA_P001|MDA_P006|MDA_P007|MDA_P010|MDA_P012,coverage_map_and_representative_sections,5649,1413,1606,True,True
MDA_7103_SPRITZER_2024,AR02,29,5,MDA_P001|MDA_P002|MDA_P003|MDA_P004|MDA_P005,financial_numeric_keywords_with_neighbor_context_and_numeric_summary,5894,1474,1606,True,True
MDA_7103_SPRITZER_2024,AR03,29,5,MDA_P001|MDA_P002|MDA_P003|MDA_P005|MDA_P007,operating_driver_keywords_with_causal_priority,5482,1371,1606,True,True
MDA_7103_SPRITZER_2024,AR04,29,5,MDA_P001|MDA_P006|MDA_P021|MDA_P022|MDA_P023,risk_outlook_challenge_keywords,6008,1502,1606,True,True
MDA_7103_SPRITZER_2024,AR05,29,5,MDA_P001|MDA_P008|MDA_P015|MDA_P022|MDA_P029,python_structure_features_and_representative_paragraphs,4886,1222,1606,True,False
MDA_7107_OFI_2020,AR01,29,5,MDA_P001|MDA_P015|MDA_P018|MDA_P028|MDA_P029,coverage_map_and_representative_sections,4066,1017,1606,True,False
MDA_7107_OFI_2020,AR02,29,28,MDA_P001|MDA_P002|MDA_P003|MDA_P004|MDA_P005|MDA_P006|MDA_P007|MDA_P008|MDA_P009|MDA_P010|MDA_P011|MDA_P012|MDA_P013|MDA_P014|MDA_P015|MDA_P017|MDA_P018|MDA_P019|MDA_P020|MDA_P021|MDA_P022|MDA_P023|MDA_P024|MDA_P025|MDA_P026|MDA_P027|MDA_P028|MDA_P029,financial_numeric_keywords_with_neighbor_context_and_numeric_summary,5429,1358,1606,True,False
MDA_7107_OFI_2020,AR03,29,9,MDA_P001|MDA_P004|MDA_P005|MDA_P006|MDA_P008|MDA_P018|MDA_P019|MDA_P028|MDA_P029,operating_driver_keywords_with_causal_priority,4254,1064,1606,True,False
MDA_7107_OFI_2020,AR04,29,1,MDA_P001,risk_outlook_challenge_keywords,1556,389,1606,True,False
MDA_7107_OFI_2020,AR05,29,5,MDA_P001|MDA_P008|MDA_P015|MDA_P022|MDA_P029,python_structure_features_and_representative_paragraphs,2849,713,1606,True,False
MDA_7107_OFI_2021,AR01,26,5,MDA_P001|MDA_P014|MDA_P015|MDA_P025|MDA_P026,coverage_map_and_representative_sections,3702,926,1606,True,False
MDA_7107_OFI_2021,AR02,26,26,MDA_P001|MDA_P002|MDA_P003|MDA_P004|MDA_P005|MDA_P006|MDA_P007|MDA_P008|MDA_P009|MDA_P010|MDA_P011|MDA_P012|MDA_P013|MDA_P014|MDA_P015|MDA_P016|MDA_P017|MDA_P018|MDA_P019|MDA_P020|MDA_P021|MDA_P022|MDA_P023|MDA_P024|MDA_P025|MDA_P026,financial_numeric_keywords_with_neighbor_context_and_numeric_summary,5008,1252,1606,True,False
MDA_7107_OFI_2021,AR03,26,9,MDA_P001|MDA_P004|MDA_P005|MDA_P006|MDA_P008|MDA_P015|MDA_P016|MDA_P025|MDA_P026,operating_driver_keywords_with_causal_priority,3859,965,1606,True,False
MDA_7107_OFI_2021,AR04,26,1,MDA_P001,risk_outlook_challenge_keywords,1557,390,1606,True,False
MDA_7107_OFI_2021,AR05,26,5,MDA_P001|MDA_P007|MDA_P014|MDA_P020|MDA_P026,python_structure_features_and_representative_paragraphs,2328,582,1606,True,False
MDA_7107_OFI_2022,AR01,26,5,MDA_P001|MDA_P014|MDA_P015|MDA_P025|MDA_P026,coverage_map_and_representative_sections,3783,946,1606,True,False
MDA_7107_OFI_2022,AR02,26,26,MDA_P001|MDA_P002|MDA_P003|MDA_P004|MDA_P005|MDA_P006|MDA_P007|MDA_P008|MDA_P009|MDA_P010|MDA_P011|MDA_P012|MDA_P013|MDA_P014|MDA_P015|MDA_P016|MDA_P017|MDA_P018|MDA_P019|MDA_P020|MDA_P021|MDA_P022|MDA_P023|MDA_P024|MDA_P025|MDA_P026,financial_numeric_keywords_with_neighbor_context_and_numeric_summary,5092,1273,1606,True,False
MDA_7107_OFI_2022,AR03,26,9,MDA_P001|MDA_P004|MDA_P005|MDA_P006|MDA_P008|MDA_P015|MDA_P016|MDA_P025|MDA_P026,operating_driver_keywords_with_causal_priority,3945,987,1606,True,False
MDA_7107_OFI_2022,AR04,26,1,MDA_P001,risk_outlook_challenge_keywords,1557,390,1606,True,False
MDA_7107_OFI_2022,AR05,26,5,MDA_P001|MDA_P007|MDA_P014|MDA_P020|MDA_P026,python_structure_features_and_representative_paragraphs,2399,600,1606,True,False
MDA_7107_OFI_2023,AR01,30,5,MDA_P001|MDA_P016|MDA_P018|MDA_P029|MDA_P030,coverage_map_and_representative_sections,3717,930,1606,True,False
MDA_7107_OFI_2023,AR02,30,29,MDA_P001|MDA_P002|MDA_P003|MDA_P004|MDA_P005|MDA_P006|MDA_P007|MDA_P008|MDA_P009|MDA_P010|MDA_P011|MDA_P012|MDA_P013|MDA_P014|MDA_P015|MDA_P017|MDA_P018|MDA_P019|MDA_P020|MDA_P021|MDA_P022|MDA_P023|MDA_P024|MDA_P025|MDA_P026|MDA_P027|MDA_P028|MDA_P029|MDA_P030,financial_numeric_keywords_with_neighbor_context_and_numeric_summary,5105,1277,1606,True,False
MDA_7107_OFI_2023,AR03,30,9,MDA_P001|MDA_P004|MDA_P005|MDA_P006|MDA_P008|MDA_P018|MDA_P019|MDA_P029|MDA_P030,operating_driver_keywords_with_causal_priority,3883,971,1606,True,False
MDA_7107_OFI_2023,AR04,30,1,MDA_P001,risk_outlook_challenge_keywords,1557,390,1606,True,False
MDA_7107_OFI_2023,AR05,30,5,MDA_P001|MDA_P008|MDA_P016|MDA_P023|MDA_P030,python_structure_features_and_representative_paragraphs,2372,593,1606,True,False
MDA_7167_ABLEGLOB_2020,AR01,204,12,MDA_P001|MDA_P004|MDA_P007|MDA_P008|MDA_P009|MDA_P010|MDA_P023|MDA_P025|MDA_P042|MDA_P044|MDA_P103|MDA_P204,coverage_map_and_representative_sections,4004,1001,1606,True,False
MDA_7167_ABLEGLOB_2020,AR02,204,17,MDA_P002|MDA_P003|MDA_P004|MDA_P005|MDA_P006|MDA_P007|MDA_P008|MDA_P009|MDA_P010|MDA_P011|MDA_P012|MDA_P013|MDA_P014|MDA_P015|MDA_P016|MDA_P017|MDA_P018,financial_numeric_keywords_with_neighbor_context_and_numeric_summary,6288,1572,1606,True,True
MDA_7167_ABLEGLOB_2020,AR03,204,17,MDA_P003|MDA_P004|MDA_P005|MDA_P006|MDA_P007|MDA_P008|MDA_P009|MDA_P010|MDA_P011|MDA_P014|MDA_P015|MDA_P016|MDA_P017|MDA_P019|MDA_P020|MDA_P021|MDA_P022,operating_driver_keywords_with_causal_priority,6142,1536,1606,True,True
MDA_7167_ABLEGLOB_2020,AR04,204,17,MDA_P001|MDA_P010|MDA_P019|MDA_P021|MDA_P022|MDA_P023|MDA_P025|MDA_P026|MDA_P027|MDA_P029|MDA_P030|MDA_P031|MDA_P032|MDA_P034|MDA_P040|MDA_P041|MDA_P044,risk_outlook_challenge_keywords,6085,1522,1606,True,True
MDA_7167_ABLEGLOB_2020,AR05,204,5,MDA_P001|MDA_P052|MDA_P103|MDA_P154|MDA_P204,python_structure_features_and_representative_paragraphs,1529,397,1606,True,False
MDA_7167_ABLEGLOB_2021,AR01,51,11,MDA_P001|MDA_P004|MDA_P007|MDA_P009|MDA_P010|MDA_P024|MDA_P026|MDA_P027|MDA_P044|MDA_P047|MDA_P051,coverage_map_and_representative_sections,4821,1206,1606,True,False
MDA_7167_ABLEGLOB_2021,AR02,51,16,MDA_P002|MDA_P003|MDA_P004|MDA_P005|MDA_P006|MDA_P007|MDA_P008|MDA_P009|MDA_P010|MDA_P011|MDA_P012|MDA_P013|MDA_P014|MDA_P015|MDA_P016|MDA_P017,financial_numeric_keywords_with_neighbor_context_and_numeric_summary,6319,1580,1606,True,True
MDA_7167_ABLEGLOB_2021,AR03,51,16,MDA_P003|MDA_P004|MDA_P005|MDA_P006|MDA_P007|MDA_P008|MDA_P009|MDA_P010|MDA_P013|MDA_P014|MDA_P015|MDA_P016|MDA_P017|MDA_P018|MDA_P020|MDA_P021,operating_driver_keywords_with_causal_priority,6331,1583,1606,True,True
MDA_7167_ABLEGLOB_2021,AR04,51,17,MDA_P001|MDA_P014|MDA_P020|MDA_P022|MDA_P023|MDA_P024|MDA_P027|MDA_P028|MDA_P029|MDA_P031|MDA_P032|MDA_P033|MDA_P034|MDA_P037|MDA_P042|MDA_P043|MDA_P047,risk_outlook_challenge_keywords,6251,1563,1606,True,True
MDA_7167_ABLEGLOB_2021,AR05,51,5,MDA_P001|MDA_P013|MDA_P026|MDA_P039|MDA_P051,python_structure_features_and_representative_paragraphs,3012,753,1606,True,False
MDA_7167_ABLEGLOB_2022,AR01,83,11,MDA_P001|MDA_P004|MDA_P006|MDA_P007|MDA_P008|MDA_P010|MDA_P021|MDA_P024|MDA_P042|MDA_P046|MDA_P083,coverage_map_and_representative_sections,4860,1215,1606,True,False
MDA_7167_ABLEGLOB_2022,AR02,83,17,MDA_P002|MDA_P003|MDA_P004|MDA_P005|MDA_P006|MDA_P007|MDA_P008|MDA_P009|MDA_P010|MDA_P011|MDA_P012|MDA_P013|MDA_P014|MDA_P015|MDA_P016|MDA_P017|MDA_P018,financial_numeric_keywords_with_neighbor_context_and_numeric_summary,5981,1496,1606,True,True
MDA_7167_ABLEGLOB_2022,AR03,83,17,MDA_P003|MDA_P004|MDA_P005|MDA_P006|MDA_P007|MDA_P008|MDA_P009|MDA_P010|MDA_P013|MDA_P014|MDA_P015|MDA_P016|MDA_P018|MDA_P019|MDA_P020|MDA_P022|MDA_P025,operating_driver_keywords_with_causal_priority,5864,1466,1606,True,True
MDA_7167_ABLEGLOB_2022,AR04,83,17,MDA_P001|MDA_P010|MDA_P018|MDA_P019|MDA_P020|MDA_P021|MDA_P024|MDA_P025|MDA_P026|MDA_P028|MDA_P029|MDA_P030|MDA_P031|MDA_P033|MDA_P041|MDA_P042|MDA_P046,risk_outlook_challenge_keywords,6320,1580,1606,True,True
MDA_7167_ABLEGLOB_2022,AR05,83,5,MDA_P001|MDA_P021|MDA_P042|MDA_P063|MDA_P083,python_structure_features_and_representative_paragraphs,3162,791,1606,True,False
MDA_7167_ABLEGLOB_2023,AR01,65,11,MDA_P001|MDA_P005|MDA_P007|MDA_P008|MDA_P009|MDA_P021|MDA_P023|MDA_P033|MDA_P043|MDA_P046|MDA_P065,coverage_map_and_representative_sections,3877,970,1606,True,False
MDA_7167_ABLEGLOB_2023,AR02,65,19,MDA_P003|MDA_P004|MDA_P005|MDA_P006|MDA_P007|MDA_P008|MDA_P009|MDA_P010|MDA_P011|MDA_P012|MDA_P013|MDA_P014|MDA_P015|MDA_P016|MDA_P017|MDA_P018|MDA_P019|MDA_P020|MDA_P021,financial_numeric_keywords_with_neighbor_context_and_numeric_summary,6321,1581,1606,True,True
MDA_7167_ABLEGLOB_2023,AR03,65,19,MDA_P004|MDA_P005|MDA_P006|MDA_P007|MDA_P008|MDA_P009|MDA_P010|MDA_P011|MDA_P014|MDA_P015|MDA_P016|MDA_P017|MDA_P019|MDA_P020|MDA_P022|MDA_P026|MDA_P027|MDA_P031|MDA_P032,operating_driver_keywords_with_causal_priority,6349,1588,1606,True,True
MDA_7167_ABLEGLOB_2023,AR04,65,18,MDA_P001|MDA_P014|MDA_P019|MDA_P020|MDA_P021|MDA_P022|MDA_P023|MDA_P025|MDA_P026|MDA_P027|MDA_P029|MDA_P030|MDA_P031|MDA_P032|MDA_P034|MDA_P041|MDA_P042|MDA_P046,risk_outlook_challenge_keywords,6065,1517,1606,True,True
MDA_7167_ABLEGLOB_2023,AR05,65,5,MDA_P001|MDA_P017|MDA_P033|MDA_P049|MDA_P065,python_structure_features_and_representative_paragraphs,3368,842,1606,True,False
MDA_7167_ABLEGLOB_2024,AR01,41,11,MDA_P001|MDA_P003|MDA_P004|MDA_P010|MDA_P012|MDA_P021|MDA_P035|MDA_P036|MDA_P039|MDA_P040|MDA_P041,coverage_map_and_representative_sections,4662,1166,1606,True,False
MDA_7167_ABLEGLOB_2024,AR02,41,20,MDA_P002|MDA_P003|MDA_P004|MDA_P005|MDA_P006|MDA_P007|MDA_P008|MDA_P009|MDA_P010|MDA_P011|MDA_P012|MDA_P013|MDA_P015|MDA_P016|MDA_P017|MDA_P018|MDA_P023|MDA_P024|MDA_P025|MDA_P026,financial_numeric_keywords_with_neighbor_context_and_numeric_summary,6379,1595,1606,True,True
MDA_7167_ABLEGLOB_2024,AR03,41,17,MDA_P003|MDA_P004|MDA_P005|MDA_P006|MDA_P008|MDA_P009|MDA_P011|MDA_P012|MDA_P016|MDA_P017|MDA_P023|MDA_P024|MDA_P027|MDA_P034|MDA_P035|MDA_P036|MDA_P037,operating_driver_keywords_with_causal_priority,6305,1577,1606,True,True
MDA_7167_ABLEGLOB_2024,AR04,41,18,MDA_P001|MDA_P008|MDA_P009|MDA_P010|MDA_P011|MDA_P012|MDA_P015|MDA_P016|MDA_P017|MDA_P020|MDA_P022|MDA_P023|MDA_P024|MDA_P027|MDA_P034|MDA_P035|MDA_P036|MDA_P039,risk_outlook_challenge_keywords,6276,1569,1606,True,True
MDA_7167_ABLEGLOB_2024,AR05,41,5,MDA_P001|MDA_P011|MDA_P021|MDA_P031|MDA_P041,python_structure_features_and_representative_paragraphs,2302,576,1606,True,False
MDA_7216_KAWAN_2020,AR01,37,6,MDA_P001|MDA_P005|MDA_P018|MDA_P019|MDA_P020|MDA_P025,coverage_map_and_representative_sections,5954,1489,1606,True,True
MDA_7216_KAWAN_2020,AR02,37,6,MDA_P001|MDA_P002|MDA_P003|MDA_P004|MDA_P005|MDA_P013,financial_numeric_keywords_with_neighbor_context_and_numeric_summary,6302,1576,1606,True,True
MDA_7216_KAWAN_2020,AR03,37,5,MDA_P001|MDA_P003|MDA_P004|MDA_P005|MDA_P008,operating_driver_keywords_with_causal_priority,5818,1455,1606,True,True
MDA_7216_KAWAN_2020,AR04,37,6,MDA_P001|MDA_P003|MDA_P005|MDA_P007|MDA_P009|MDA_P010,risk_outlook_challenge_keywords,6370,1593,1606,True,True
MDA_7216_KAWAN_2020,AR05,37,5,MDA_P001|MDA_P010|MDA_P019|MDA_P028|MDA_P037,python_structure_features_and_representative_paragraphs,4402,1101,1606,True,False
MDA_7216_KAWAN_2021,AR01,8,6,MDA_P001|MDA_P002|MDA_P003|MDA_P004|MDA_P005|MDA_P008,coverage_map_and_representative_sections,4651,1163,1606,True,False
MDA_7216_KAWAN_2021,AR02,8,7,MDA_P001|MDA_P002|MDA_P003|MDA_P004|MDA_P005|MDA_P006|MDA_P007,financial_numeric_keywords_with_neighbor_context_and_numeric_summary,5735,1434,1606,True,True
MDA_7216_KAWAN_2021,AR03,8,5,MDA_P002|MDA_P003|MDA_P005|MDA_P006|MDA_P008,operating_driver_keywords_with_causal_priority,5109,1278,1606,True,False
MDA_7216_KAWAN_2021,AR04,8,5,MDA_P001|MDA_P003|MDA_P004|MDA_P006|MDA_P008,risk_outlook_challenge_keywords,4113,1029,1606,True,False
MDA_7216_KAWAN_2021,AR05,8,5,MDA_P001|MDA_P003|MDA_P005|MDA_P007|MDA_P008,python_structure_features_and_representative_paragraphs,4105,1027,1606,True,False
MDA_7216_KAWAN_2022,AR01,30,6,MDA_P001|MDA_P002|MDA_P003|MDA_P011|MDA_P013|MDA_P016,coverage_map_and_representative_sections,5922,1481,1606,True,True
MDA_7216_KAWAN_2022,AR02,30,6,MDA_P001|MDA_P002|MDA_P003|MDA_P004|MDA_P005|MDA_P006,financial_numeric_keywords_with_neighbor_context_and_numeric_summary,6404,1601,1606,True,True
MDA_7216_KAWAN_2022,AR03,30,6,MDA_P001|MDA_P002|MDA_P003|MDA_P004|MDA_P005|MDA_P006,operating_driver_keywords_with_causal_priority,5956,1489,1606,True,True
MDA_7216_KAWAN_2022,AR04,30,7,MDA_P001|MDA_P002|MDA_P003|MDA_P011|MDA_P012|MDA_P013|MDA_P014,risk_outlook_challenge_keywords,6364,1591,1606,True,True
MDA_7216_KAWAN_2022,AR05,30,5,MDA_P001|MDA_P008|MDA_P016|MDA_P023|MDA_P030,python_structure_features_and_representative_paragraphs,5064,1266,1606,True,False
MDA_7216_KAWAN_2023,AR01,27,5,MDA_P001|MDA_P005|MDA_P014|MDA_P015|MDA_P018,coverage_map_and_representative_sections,5471,1368,1606,True,True
MDA_7216_KAWAN_2023,AR02,27,6,MDA_P001|MDA_P002|MDA_P003|MDA_P004|MDA_P005|MDA_P006,financial_numeric_keywords_with_neighbor_context_and_numeric_summary,5915,1479,1606,True,True
MDA_7216_KAWAN_2023,AR03,27,5,MDA_P001|MDA_P002|MDA_P005|MDA_P007|MDA_P008,operating_driver_keywords_with_causal_priority,5860,1465,1606,True,True
MDA_7216_KAWAN_2023,AR04,27,5,MDA_P001|MDA_P002|MDA_P003|MDA_P005|MDA_P009,risk_outlook_challenge_keywords,5521,1381,1606,True,True
MDA_7216_KAWAN_2023,AR05,27,5,MDA_P001|MDA_P007|MDA_P014|MDA_P021|MDA_P027,python_structure_features_and_representative_paragraphs,5327,1332,1606,True,False
MDA_7216_KAWAN_2024,AR01,11,5,MDA_P001|MDA_P003|MDA_P005|MDA_P006|MDA_P007,coverage_map_and_representative_sections,6073,1519,1606,True,True
MDA_7216_KAWAN_2024,AR02,11,5,MDA_P002|MDA_P003|MDA_P004|MDA_P005|MDA_P006,financial_numeric_keywords_with_neighbor_context_and_numeric_summary,5731,1433,1606,True,True
MDA_7216_KAWAN_2024,AR03,11,5,MDA_P003|MDA_P004|MDA_P005|MDA_P006|MDA_P007,operating_driver_keywords_with_causal_priority,5974,1494,1606,True,True
MDA_7216_KAWAN_2024,AR04,11,4,MDA_P001|MDA_P005|MDA_P006|MDA_P007,risk_outlook_challenge_keywords,4866,1217,1606,True,False
MDA_7216_KAWAN_2024,AR05,11,5,MDA_P001|MDA_P003|MDA_P006|MDA_P009|MDA_P011,python_structure_features_and_representative_paragraphs,5846,1462,1606,True,False
MDA_7237_PWROOT_2020,AR01,22,6,MDA_P001|MDA_P003|MDA_P012|MDA_P015|MDA_P017|MDA_P019,coverage_map_and_representative_sections,5238,1310,1606,True,True
MDA_7237_PWROOT_2020,AR02,22,7,MDA_P001|MDA_P002|MDA_P003|MDA_P004|MDA_P005|MDA_P006|MDA_P007,financial_numeric_keywords_with_neighbor_context_and_numeric_summary,6312,1578,1606,True,True
MDA_7237_PWROOT_2020,AR03,22,6,MDA_P002|MDA_P003|MDA_P004|MDA_P005|MDA_P006|MDA_P007,operating_driver_keywords_with_causal_priority,5808,1452,1606,True,True
MDA_7237_PWROOT_2020,AR04,22,3,MDA_P003|MDA_P015|MDA_P021,risk_outlook_challenge_keywords,3053,764,1606,True,False
MDA_7237_PWROOT_2020,AR05,22,5,MDA_P001|MDA_P006|MDA_P012|MDA_P017|MDA_P022,python_structure_features_and_representative_paragraphs,4440,1110,1606,True,False
MDA_7237_PWROOT_2021,AR01,25,5,MDA_P001|MDA_P003|MDA_P004|MDA_P005|MDA_P013,coverage_map_and_representative_sections,5917,1480,1606,True,True
MDA_7237_PWROOT_2021,AR02,25,5,MDA_P001|MDA_P002|MDA_P003|MDA_P004|MDA_P005,financial_numeric_keywords_with_neighbor_context_and_numeric_summary,5959,1490,1606,True,True
MDA_7237_PWROOT_2021,AR03,25,5,MDA_P001|MDA_P002|MDA_P003|MDA_P004|MDA_P005,operating_driver_keywords_with_causal_priority,5499,1375,1606,True,True
MDA_7237_PWROOT_2021,AR04,25,6,MDA_P001|MDA_P003|MDA_P007|MDA_P013|MDA_P022|MDA_P025,risk_outlook_challenge_keywords,5738,1435,1606,True,False
MDA_7237_PWROOT_2021,AR05,25,5,MDA_P001|MDA_P007|MDA_P013|MDA_P019|MDA_P025,python_structure_features_and_representative_paragraphs,4640,1160,1606,True,False
MDA_7237_PWROOT_2022,AR01,30,6,MDA_P001|MDA_P002|MDA_P003|MDA_P016|MDA_P021|MDA_P022,coverage_map_and_representative_sections,5923,1481,1606,True,True
MDA_7237_PWROOT_2022,AR02,30,6,MDA_P001|MDA_P002|MDA_P003|MDA_P004|MDA_P005|MDA_P006,financial_numeric_keywords_with_neighbor_context_and_numeric_summary,6162,1541,1606,True,True
MDA_7237_PWROOT_2022,AR03,30,5,MDA_P002|MDA_P003|MDA_P004|MDA_P005|MDA_P006,operating_driver_keywords_with_causal_priority,5593,1399,1606,True,True
MDA_7237_PWROOT_2022,AR04,30,5,MDA_P002|MDA_P004|MDA_P015|MDA_P018|MDA_P021,risk_outlook_challenge_keywords,5843,1461,1606,True,True
MDA_7237_PWROOT_2022,AR05,30,5,MDA_P001|MDA_P008|MDA_P016|MDA_P023|MDA_P030,python_structure_features_and_representative_paragraphs,4385,1097,1606,True,False
MDA_7237_PWROOT_2023,AR01,12,7,MDA_P001|MDA_P002|MDA_P004|MDA_P005|MDA_P006|MDA_P007|MDA_P008,coverage_map_and_representative_sections,6418,1605,1606,True,True
MDA_7237_PWROOT_2023,AR02,12,7,MDA_P001|MDA_P002|MDA_P003|MDA_P004|MDA_P005|MDA_P006|MDA_P007,financial_numeric_keywords_with_neighbor_context_and_numeric_summary,5972,1493,1606,True,True
MDA_7237_PWROOT_2023,AR03,12,7,MDA_P002|MDA_P003|MDA_P004|MDA_P005|MDA_P006|MDA_P009|MDA_P010,operating_driver_keywords_with_causal_priority,6286,1572,1606,True,True
MDA_7237_PWROOT_2023,AR04,12,5,MDA_P002|MDA_P004|MDA_P008|MDA_P009|MDA_P010,risk_outlook_challenge_keywords,5480,1370,1606,True,False
MDA_7237_PWROOT_2023,AR05,12,5,MDA_P001|MDA_P004|MDA_P007|MDA_P010|MDA_P012,python_structure_features_and_representative_paragraphs,4222,1056,1606,True,False
MDA_7237_PWROOT_2024,AR01,18,6,MDA_P001|MDA_P002|MDA_P008|MDA_P010|MDA_P013|MDA_P014,coverage_map_and_representative_sections,5613,1404,1606,True,True
MDA_7237_PWROOT_2024,AR02,18,6,MDA_P003|MDA_P004|MDA_P005|MDA_P006|MDA_P007|MDA_P008,financial_numeric_keywords_with_neighbor_context_and_numeric_summary,5976,1494,1606,True,True
MDA_7237_PWROOT_2024,AR03,18,6,MDA_P001|MDA_P002|MDA_P003|MDA_P004|MDA_P005|MDA_P006,operating_driver_keywords_with_causal_priority,6328,1582,1606,True,True
MDA_7237_PWROOT_2024,AR04,18,6,MDA_P001|MDA_P008|MDA_P011|MDA_P012|MDA_P013|MDA_P016,risk_outlook_challenge_keywords,5895,1474,1606,True,True
MDA_7237_PWROOT_2024,AR05,18,5,MDA_P001|MDA_P005|MDA_P010|MDA_P014|MDA_P018,python_structure_features_and_representative_paragraphs,4610,1153,1606,True,False
MDA_7243_MAGMA_2020,AR01,43,10,MDA_P001|MDA_P002|MDA_P003|MDA_P006|MDA_P021|MDA_P022|MDA_P023|MDA_P026|MDA_P035|MDA_P043,coverage_map_and_representative_sections,5853,1464,1606,True,False
MDA_7243_MAGMA_2020,AR02,43,12,MDA_P001|MDA_P002|MDA_P003|MDA_P004|MDA_P005|MDA_P006|MDA_P007|MDA_P008|MDA_P009|MDA_P010|MDA_P011|MDA_P012,financial_numeric_keywords_with_neighbor_context_and_numeric_summary,6329,1583,1606,True,True
MDA_7243_MAGMA_2020,AR03,43,10,MDA_P002|MDA_P003|MDA_P004|MDA_P006|MDA_P007|MDA_P008|MDA_P013|MDA_P014|MDA_P015|MDA_P016,operating_driver_keywords_with_causal_priority,6153,1539,1606,True,True
MDA_7243_MAGMA_2020,AR04,43,12,MDA_P022|MDA_P023|MDA_P024|MDA_P025|MDA_P027|MDA_P028|MDA_P030|MDA_P032|MDA_P035|MDA_P036|MDA_P040|MDA_P042,risk_outlook_challenge_keywords,4761,1191,1606,True,False
MDA_7243_MAGMA_2020,AR05,43,5,MDA_P001|MDA_P011|MDA_P022|MDA_P033|MDA_P043,python_structure_features_and_representative_paragraphs,1558,398,1606,True,False
MDA_7243_MAGMA_2021,AR01,34,11,MDA_P001|MDA_P003|MDA_P004|MDA_P009|MDA_P010|MDA_P015|MDA_P016|MDA_P018|MDA_P019|MDA_P028|MDA_P034,coverage_map_and_representative_sections,4876,1219,1606,True,False
MDA_7243_MAGMA_2021,AR02,34,11,MDA_P002|MDA_P003|MDA_P004|MDA_P005|MDA_P006|MDA_P007|MDA_P008|MDA_P009|MDA_P010|MDA_P011|MDA_P012,financial_numeric_keywords_with_neighbor_context_and_numeric_summary,5821,1456,1606,True,True
MDA_7243_MAGMA_2021,AR03,34,12,MDA_P003|MDA_P004|MDA_P005|MDA_P007|MDA_P009|MDA_P010|MDA_P015|MDA_P017|MDA_P019|MDA_P022|MDA_P024|MDA_P027,operating_driver_keywords_with_causal_priority,6044,1511,1606,True,True
MDA_7243_MAGMA_2021,AR04,34,11,MDA_P015|MDA_P016|MDA_P017|MDA_P018|MDA_P020|MDA_P022|MDA_P024|MDA_P028|MDA_P029|MDA_P032|MDA_P034,risk_outlook_challenge_keywords,4681,1171,1606,True,False
MDA_7243_MAGMA_2021,AR05,34,5,MDA_P001|MDA_P009|MDA_P018|MDA_P026|MDA_P034,python_structure_features_and_representative_paragraphs,1923,481,1606,True,False
MDA_7243_MAGMA_2022,AR01,47,12,MDA_P001|MDA_P003|MDA_P006|MDA_P008|MDA_P009|MDA_P014|MDA_P022|MDA_P023|MDA_P024|MDA_P038|MDA_P039|MDA_P047,coverage_map_and_representative_sections,4289,1073,1606,True,False
MDA_7243_MAGMA_2022,AR02,47,18,MDA_P002|MDA_P003|MDA_P004|MDA_P005|MDA_P006|MDA_P007|MDA_P008|MDA_P009|MDA_P010|MDA_P011|MDA_P012|MDA_P013|MDA_P014|MDA_P015|MDA_P016|MDA_P017|MDA_P018|MDA_P019,financial_numeric_keywords_with_neighbor_context_and_numeric_summary,6204,1551,1606,True,True
MDA_7243_MAGMA_2022,AR03,47,12,MDA_P003|MDA_P005|MDA_P006|MDA_P008|MDA_P009|MDA_P014|MDA_P015|MDA_P022|MDA_P025|MDA_P034|MDA_P037|MDA_P041,operating_driver_keywords_with_causal_priority,5409,1353,1606,True,False
MDA_7243_MAGMA_2022,AR04,47,14,MDA_P022|MDA_P023|MDA_P025|MDA_P026|MDA_P027|MDA_P028|MDA_P029|MDA_P031|MDA_P034|MDA_P038|MDA_P039|MDA_P040|MDA_P044|MDA_P047,risk_outlook_challenge_keywords,5352,1338,1606,True,False
MDA_7243_MAGMA_2022,AR05,47,5,MDA_P001|MDA_P012|MDA_P024|MDA_P036|MDA_P047,python_structure_features_and_representative_paragraphs,1449,376,1606,True,False
MDA_7243_MAGMA_2023,AR01,26,5,MDA_P001|MDA_P003|MDA_P005|MDA_P006|MDA_P009,coverage_map_and_representative_sections,6088,1522,1606,True,True
MDA_7243_MAGMA_2023,AR02,26,5,MDA_P001|MDA_P002|MDA_P003|MDA_P004|MDA_P005,financial_numeric_keywords_with_neighbor_context_and_numeric_summary,6070,1518,1606,True,True
MDA_7243_MAGMA_2023,AR03,26,5,MDA_P003|MDA_P005|MDA_P006|MDA_P009|MDA_P012,operating_driver_keywords_with_causal_priority,6017,1505,1606,True,True
MDA_7243_MAGMA_2023,AR04,26,8,MDA_P009|MDA_P013|MDA_P014|MDA_P015|MDA_P016|MDA_P017|MDA_P018|MDA_P019,risk_outlook_challenge_keywords,6239,1560,1606,True,True
MDA_7243_MAGMA_2023,AR05,26,5,MDA_P001|MDA_P007|MDA_P014|MDA_P020|MDA_P026,python_structure_features_and_representative_paragraphs,3957,990,1606,True,False
MDA_7243_MAGMA_2024,AR01,34,5,MDA_P001|MDA_P002|MDA_P003|MDA_P005|MDA_P007,coverage_map_and_representative_sections,5292,1323,1606,True,True
MDA_7243_MAGMA_2024,AR02,34,5,MDA_P002|MDA_P003|MDA_P004|MDA_P005|MDA_P006,financial_numeric_keywords_with_neighbor_context_and_numeric_summary,5396,1349,1606,True,True
MDA_7243_MAGMA_2024,AR03,34,6,MDA_P003|MDA_P004|MDA_P005|MDA_P006|MDA_P007|MDA_P009,operating_driver_keywords_with_causal_priority,6080,1520,1606,True,True
MDA_7243_MAGMA_2024,AR04,34,9,MDA_P002|MDA_P003|MDA_P007|MDA_P014|MDA_P016|MDA_P017|MDA_P019|MDA_P024|MDA_P033,risk_outlook_challenge_keywords,6399,1600,1606,True,False
MDA_7243_MAGMA_2024,AR05,34,5,MDA_P001|MDA_P009|MDA_P018|MDA_P026|MDA_P034,python_structure_features_and_representative_paragraphs,4020,1005,1606,True,False
MDA_8303_LOTUS_2020,AR01,14,7,MDA_P001|MDA_P002|MDA_P003|MDA_P004|MDA_P006|MDA_P008|MDA_P009,coverage_map_and_representative_sections,5876,1469,1606,True,True
MDA_8303_LOTUS_2020,AR02,14,7,MDA_P001|MDA_P002|MDA_P003|MDA_P004|MDA_P005|MDA_P006|MDA_P007,financial_numeric_keywords_with_neighbor_context_and_numeric_summary,5489,1373,1606,True,True
MDA_8303_LOTUS_2020,AR03,14,6,MDA_P002|MDA_P003|MDA_P004|MDA_P005|MDA_P006|MDA_P008,operating_driver_keywords_with_causal_priority,5840,1460,1606,True,True
MDA_8303_LOTUS_2020,AR04,14,5,MDA_P004|MDA_P006|MDA_P008|MDA_P009|MDA_P012,risk_outlook_challenge_keywords,4979,1245,1606,True,False
MDA_8303_LOTUS_2020,AR05,14,5,MDA_P001|MDA_P004|MDA_P008|MDA_P011|MDA_P014,python_structure_features_and_representative_paragraphs,3888,972,1606,True,False
MDA_8303_LOTUS_2021,AR01,18,8,MDA_P001|MDA_P002|MDA_P004|MDA_P005|MDA_P006|MDA_P008|MDA_P010|MDA_P012,coverage_map_and_representative_sections,6216,1554,1606,True,True
MDA_8303_LOTUS_2021,AR02,18,6,MDA_P001|MDA_P002|MDA_P003|MDA_P004|MDA_P005|MDA_P006,financial_numeric_keywords_with_neighbor_context_and_numeric_summary,6335,1584,1606,True,True
MDA_8303_LOTUS_2021,AR03,18,6,MDA_P001|MDA_P002|MDA_P004|MDA_P005|MDA_P006|MDA_P007,operating_driver_keywords_with_causal_priority,6415,1604,1606,True,True
MDA_8303_LOTUS_2021,AR04,18,11,MDA_P002|MDA_P005|MDA_P007|MDA_P008|MDA_P009|MDA_P010|MDA_P011|MDA_P012|MDA_P013|MDA_P015|MDA_P016,risk_outlook_challenge_keywords,6043,1511,1606,True,True
MDA_8303_LOTUS_2021,AR05,18,5,MDA_P001|MDA_P005|MDA_P010|MDA_P014|MDA_P018,python_structure_features_and_representative_paragraphs,3376,844,1606,True,False
MDA_8303_LOTUS_2022,AR01,43,8,MDA_P001|MDA_P002|MDA_P003|MDA_P006|MDA_P007|MDA_P008|MDA_P022|MDA_P039,coverage_map_and_representative_sections,6313,1579,1606,True,True
MDA_8303_LOTUS_2022,AR02,43,7,MDA_P001|MDA_P002|MDA_P003|MDA_P004|MDA_P005|MDA_P006|MDA_P007,financial_numeric_keywords_with_neighbor_context_and_numeric_summary,6375,1594,1606,True,True
MDA_8303_LOTUS_2022,AR03,43,6,MDA_P001|MDA_P002|MDA_P003|MDA_P006|MDA_P007|MDA_P008,operating_driver_keywords_with_causal_priority,6070,1518,1606,True,True
MDA_8303_LOTUS_2022,AR04,43,19,MDA_P002|MDA_P003|MDA_P007|MDA_P009|MDA_P013|MDA_P014|MDA_P018|MDA_P019|MDA_P020|MDA_P022|MDA_P023|MDA_P025|MDA_P026|MDA_P028|MDA_P030|MDA_P031|MDA_P035|MDA_P039|MDA_P042,risk_outlook_challenge_keywords,6064,1516,1606,True,True
MDA_8303_LOTUS_2022,AR05,43,5,MDA_P001|MDA_P011|MDA_P022|MDA_P033|MDA_P043,python_structure_features_and_representative_paragraphs,2527,632,1606,True,False
MDA_8303_LOTUS_2023,AR01,23,8,MDA_P001|MDA_P002|MDA_P005|MDA_P006|MDA_P011|MDA_P012|MDA_P016|MDA_P019,coverage_map_and_representative_sections,5622,1406,1606,True,True
MDA_8303_LOTUS_2023,AR02,23,8,MDA_P001|MDA_P002|MDA_P003|MDA_P004|MDA_P005|MDA_P006|MDA_P007|MDA_P008,financial_numeric_keywords_with_neighbor_context_and_numeric_summary,6197,1550,1606,True,True
MDA_8303_LOTUS_2023,AR03,23,10,MDA_P001|MDA_P002|MDA_P003|MDA_P004|MDA_P005|MDA_P006|MDA_P011|MDA_P012|MDA_P013|MDA_P014,operating_driver_keywords_with_causal_priority,6214,1554,1606,True,True
MDA_8303_LOTUS_2023,AR04,23,10,MDA_P001|MDA_P002|MDA_P006|MDA_P007|MDA_P009|MDA_P011|MDA_P012|MDA_P013|MDA_P015|MDA_P016,risk_outlook_challenge_keywords,6099,1525,1606,True,True
MDA_8303_LOTUS_2023,AR05,23,5,MDA_P001|MDA_P006|MDA_P012|MDA_P018|MDA_P023,python_structure_features_and_representative_paragraphs,4037,1010,1606,True,False
MDA_8303_LOTUS_2024,AR01,21,10,MDA_P001|MDA_P002|MDA_P005|MDA_P006|MDA_P007|MDA_P011|MDA_P017|MDA_P018|MDA_P020|MDA_P021,coverage_map_and_representative_sections,6317,1580,1606,True,False
MDA_8303_LOTUS_2024,AR02,21,13,MDA_P001|MDA_P002|MDA_P003|MDA_P004|MDA_P005|MDA_P006|MDA_P007|MDA_P008|MDA_P009|MDA_P010|MDA_P011|MDA_P012|MDA_P013,financial_numeric_keywords_with_neighbor_context_and_numeric_summary,6257,1565,1606,True,True
MDA_8303_LOTUS_2024,AR03,21,13,MDA_P001|MDA_P002|MDA_P003|MDA_P004|MDA_P005|MDA_P006|MDA_P007|MDA_P008|MDA_P013|MDA_P014|MDA_P015|MDA_P016|MDA_P017,operating_driver_keywords_with_causal_priority,6311,1578,1606,True,True
MDA_8303_LOTUS_2024,AR04,21,9,MDA_P002|MDA_P008|MDA_P013|MDA_P014|MDA_P015|MDA_P017|MDA_P018|MDA_P020|MDA_P021,risk_outlook_challenge_keywords,5259,1315,1606,True,False
MDA_8303_LOTUS_2024,AR05,21,5,MDA_P001|MDA_P006|MDA_P011|MDA_P016|MDA_P021,python_structure_features_and_representative_paragraphs,4155,1039,1606,True,False
MDA_8478_HWATAI_2020,AR01,11,6,MDA_P001|MDA_P002|MDA_P004|MDA_P006|MDA_P007|MDA_P008,coverage_map_and_representative_sections,5898,1475,1606,True,True
MDA_8478_HWATAI_2020,AR02,11,6,MDA_P001|MDA_P002|MDA_P003|MDA_P004|MDA_P005|MDA_P006,financial_numeric_keywords_with_neighbor_context_and_numeric_summary,5403,1351,1606,True,True
MDA_8478_HWATAI_2020,AR03,11,5,MDA_P002|MDA_P003|MDA_P004|MDA_P007|MDA_P008,operating_driver_keywords_with_causal_priority,5685,1422,1606,True,True
MDA_8478_HWATAI_2020,AR04,11,5,MDA_P007|MDA_P008|MDA_P009|MDA_P010|MDA_P011,risk_outlook_challenge_keywords,5451,1363,1606,True,False
MDA_8478_HWATAI_2020,AR05,11,5,MDA_P001|MDA_P003|MDA_P006|MDA_P009|MDA_P011,python_structure_features_and_representative_paragraphs,4550,1138,1606,True,False
MDA_8478_HWATAI_2021,AR01,12,5,MDA_P001|MDA_P002|MDA_P003|MDA_P007|MDA_P008,coverage_map_and_representative_sections,5917,1480,1606,True,True
MDA_8478_HWATAI_2021,AR02,12,5,MDA_P001|MDA_P002|MDA_P003|MDA_P004|MDA_P005,financial_numeric_keywords_with_neighbor_context_and_numeric_summary,6190,1548,1606,True,True
MDA_8478_HWATAI_2021,AR03,12,5,MDA_P001|MDA_P002|MDA_P003|MDA_P004|MDA_P005,operating_driver_keywords_with_causal_priority,5742,1436,1606,True,True
MDA_8478_HWATAI_2021,AR04,12,5,MDA_P002|MDA_P004|MDA_P008|MDA_P009|MDA_P010,risk_outlook_challenge_keywords,5526,1382,1606,True,True
MDA_8478_HWATAI_2021,AR05,12,5,MDA_P001|MDA_P004|MDA_P007|MDA_P010|MDA_P012,python_structure_features_and_representative_paragraphs,5755,1439,1606,True,False
MDA_8478_HWATAI_2022,AR01,13,5,MDA_P001|MDA_P002|MDA_P003|MDA_P007|MDA_P008,coverage_map_and_representative_sections,5484,1371,1606,True,True
MDA_8478_HWATAI_2022,AR02,13,5,MDA_P001|MDA_P002|MDA_P003|MDA_P004|MDA_P005,financial_numeric_keywords_with_neighbor_context_and_numeric_summary,5618,1405,1606,True,True
MDA_8478_HWATAI_2022,AR03,13,6,MDA_P001|MDA_P002|MDA_P003|MDA_P004|MDA_P005|MDA_P006,operating_driver_keywords_with_causal_priority,6250,1563,1606,True,True
MDA_8478_HWATAI_2022,AR04,13,5,MDA_P002|MDA_P003|MDA_P008|MDA_P009|MDA_P010,risk_outlook_challenge_keywords,5688,1422,1606,True,True
MDA_8478_HWATAI_2022,AR05,13,5,MDA_P001|MDA_P004|MDA_P007|MDA_P010|MDA_P013,python_structure_features_and_representative_paragraphs,4858,1215,1606,True,False
MDA_8478_HWATAI_2023,AR01,12,5,MDA_P001|MDA_P002|MDA_P004|MDA_P006|MDA_P007,coverage_map_and_representative_sections,6195,1549,1606,True,True
MDA_8478_HWATAI_2023,AR02,12,5,MDA_P001|MDA_P002|MDA_P003|MDA_P006|MDA_P007,financial_numeric_keywords_with_neighbor_context_and_numeric_summary,5538,1385,1606,True,True
MDA_8478_HWATAI_2023,AR03,12,5,MDA_P001|MDA_P004|MDA_P005|MDA_P007|MDA_P008,operating_driver_keywords_with_causal_priority,6220,1555,1606,True,True
MDA_8478_HWATAI_2023,AR04,12,5,MDA_P001|MDA_P004|MDA_P006|MDA_P007|MDA_P008,risk_outlook_challenge_keywords,6153,1539,1606,True,True
MDA_8478_HWATAI_2023,AR05,12,5,MDA_P001|MDA_P004|MDA_P007|MDA_P010|MDA_P012,python_structure_features_and_representative_paragraphs,5444,1361,1606,True,False
MDA_8478_HWATAI_2024,AR01,9,7,MDA_P001|MDA_P002|MDA_P003|MDA_P004|MDA_P005|MDA_P006|MDA_P007,coverage_map_and_representative_sections,6255,1564,1606,True,True
MDA_8478_HWATAI_2024,AR02,9,6,MDA_P001|MDA_P002|MDA_P003|MDA_P004|MDA_P006|MDA_P007,financial_numeric_keywords_with_neighbor_context_and_numeric_summary,5689,1423,1606,True,True
MDA_8478_HWATAI_2024,AR03,9,6,MDA_P002|MDA_P003|MDA_P004|MDA_P005|MDA_P007|MDA_P008,operating_driver_keywords_with_causal_priority,6365,1592,1606,True,True
MDA_8478_HWATAI_2024,AR04,9,4,MDA_P004|MDA_P006|MDA_P007|MDA_P008,risk_outlook_challenge_keywords,4181,1046,1606,True,False
MDA_8478_HWATAI_2024,AR05,9,5,MDA_P001|MDA_P003|MDA_P005|MDA_P007|MDA_P009,python_structure_features_and_representative_paragraphs,4390,1098,1606,True,False
MDA_9946_ETA_2020,AR01,23,8,MDA_P001|MDA_P003|MDA_P012|MDA_P014|MDA_P018|MDA_P020|MDA_P022|MDA_P023,coverage_map_and_representative_sections,4941,1236,1606,True,False
MDA_9946_ETA_2020,AR02,23,18,MDA_P002|MDA_P003|MDA_P004|MDA_P005|MDA_P006|MDA_P007|MDA_P008|MDA_P010|MDA_P011|MDA_P012|MDA_P013|MDA_P014|MDA_P015|MDA_P017|MDA_P018|MDA_P019|MDA_P020|MDA_P021,financial_numeric_keywords_with_neighbor_context_and_numeric_summary,6111,1528,1606,True,False
MDA_9946_ETA_2020,AR03,23,8,MDA_P003|MDA_P005|MDA_P006|MDA_P007|MDA_P014|MDA_P018|MDA_P020|MDA_P022,operating_driver_keywords_with_causal_priority,4918,1230,1606,True,False
MDA_9946_ETA_2020,AR04,23,3,MDA_P018|MDA_P020|MDA_P022,risk_outlook_challenge_keywords,3960,990,1606,True,False
MDA_9946_ETA_2020,AR05,23,5,MDA_P001|MDA_P006|MDA_P012|MDA_P018|MDA_P023,python_structure_features_and_representative_paragraphs,2572,643,1606,True,False
MDA_9946_ETA_2021,AR01,12,7,MDA_P001|MDA_P004|MDA_P005|MDA_P007|MDA_P008|MDA_P009|MDA_P012,coverage_map_and_representative_sections,3907,977,1606,True,False
MDA_9946_ETA_2021,AR02,12,9,MDA_P003|MDA_P004|MDA_P005|MDA_P006|MDA_P007|MDA_P008|MDA_P009|MDA_P010|MDA_P011,financial_numeric_keywords_with_neighbor_context_and_numeric_summary,6385,1597,1606,True,True
MDA_9946_ETA_2021,AR03,12,6,MDA_P005|MDA_P007|MDA_P008|MDA_P009|MDA_P010|MDA_P011,operating_driver_keywords_with_causal_priority,5487,1372,1606,True,False
MDA_9946_ETA_2021,AR04,12,1,MDA_P009,risk_outlook_challenge_keywords,1437,360,1606,True,False
MDA_9946_ETA_2021,AR05,12,5,MDA_P001|MDA_P004|MDA_P007|MDA_P010|MDA_P012,python_structure_features_and_representative_paragraphs,2608,652,1606,True,False
MDA_9946_ETA_2022,AR01,21,8,MDA_P001|MDA_P002|MDA_P003|MDA_P010|MDA_P011|MDA_P017|MDA_P019|MDA_P020,coverage_map_and_representative_sections,6247,1562,1606,True,True
MDA_9946_ETA_2022,AR02,21,17,MDA_P001|MDA_P002|MDA_P003|MDA_P004|MDA_P005|MDA_P006|MDA_P007|MDA_P008|MDA_P009|MDA_P010|MDA_P011|MDA_P013|MDA_P014|MDA_P015|MDA_P016|MDA_P017|MDA_P018,financial_numeric_keywords_with_neighbor_context_and_numeric_summary,6264,1566,1606,True,True
MDA_9946_ETA_2022,AR03,21,9,MDA_P002|MDA_P003|MDA_P006|MDA_P007|MDA_P010|MDA_P017|MDA_P018|MDA_P019|MDA_P020,operating_driver_keywords_with_causal_priority,5916,1479,1606,True,False
MDA_9946_ETA_2022,AR04,21,3,MDA_P001|MDA_P002|MDA_P019,risk_outlook_challenge_keywords,3607,902,1606,True,False
MDA_9946_ETA_2022,AR05,21,5,MDA_P001|MDA_P006|MDA_P011|MDA_P016|MDA_P021,python_structure_features_and_representative_paragraphs,3045,762,1606,True,False
MDA_9946_ETA_2023,AR01,25,7,MDA_P001|MDA_P008|MDA_P013|MDA_P017|MDA_P021|MDA_P023|MDA_P025,coverage_map_and_representative_sections,2989,748,1606,True,False
MDA_9946_ETA_2023,AR02,25,20,MDA_P003|MDA_P004|MDA_P005|MDA_P006|MDA_P007|MDA_P008|MDA_P009|MDA_P010|MDA_P011|MDA_P014|MDA_P015|MDA_P016|MDA_P017|MDA_P018|MDA_P020|MDA_P021|MDA_P022|MDA_P023|MDA_P024|MDA_P025,financial_numeric_keywords_with_neighbor_context_and_numeric_summary,6012,1503,1606,True,False
MDA_9946_ETA_2023,AR03,25,9,MDA_P004|MDA_P005|MDA_P008|MDA_P009|MDA_P010|MDA_P017|MDA_P021|MDA_P023|MDA_P024,operating_driver_keywords_with_causal_priority,4133,1034,1606,True,False
MDA_9946_ETA_2023,AR04,25,1,MDA_P023,risk_outlook_challenge_keywords,1528,382,1606,True,False
MDA_9946_ETA_2023,AR05,25,5,MDA_P001|MDA_P007|MDA_P013|MDA_P019|MDA_P025,python_structure_features_and_representative_paragraphs,1018,295,1606,True,False
MDA_9946_ETA_2024,AR01,21,9,MDA_P001|MDA_P002|MDA_P003|MDA_P010|MDA_P011|MDA_P016|MDA_P019|MDA_P020|MDA_P021,coverage_map_and_representative_sections,5960,1490,1606,True,False
MDA_9946_ETA_2024,AR02,21,16,MDA_P001|MDA_P002|MDA_P003|MDA_P004|MDA_P005|MDA_P006|MDA_P009|MDA_P010|MDA_P011|MDA_P012|MDA_P013|MDA_P014|MDA_P015|MDA_P016|MDA_P017|MDA_P018,financial_numeric_keywords_with_neighbor_context_and_numeric_summary,5580,1395,1606,True,True
MDA_9946_ETA_2024,AR03,21,11,MDA_P002|MDA_P003|MDA_P004|MDA_P005|MDA_P010|MDA_P011|MDA_P012|MDA_P016|MDA_P018|MDA_P019|MDA_P020,operating_driver_keywords_with_causal_priority,5541,1386,1606,True,False
MDA_9946_ETA_2024,AR04,21,4,MDA_P001|MDA_P002|MDA_P019|MDA_P020,risk_outlook_challenge_keywords,4912,1228,1606,True,False
MDA_9946_ETA_2024,AR05,21,5,MDA_P001|MDA_P006|MDA_P011|MDA_P016|MDA_P021,python_structure_features_and_representative_paragraphs,2185,547,1606,True,False
