document_id,ticker,company_name,report_year,dimension_code,raw_score,evidence_locator,evidence_exists,evidence_text_short,evidence_semantic_status,evidence_issue_type,score_evidence_alignment,needs_review,recommended_action
MDA_0012_3A_2020,3A,Three-A Resources Berhad,2020,AR01,2,[MDA_P001],true,"MANAGEMENT DISCUSSION AND ANALYSIS OUR PRODUCT PORTFOLIO • Liquid Caramel, Caramel Colour • Vinegar • Glucose Syrup, High Maltose Syrup • Soya Protein Sauce (“HVP”) • Hydrolysed Vegetable Protein (“HVP”) Powder • Maltodextrin The Group serves businesses of all sizes across a broa",strong,none,aligned,false,accept
MDA_0012_3A_2020,3A,Three-A Resources Berhad,2020,AR02,3,[MDA_P003],true,MANAGEMENT DISCUSSION AND ANALYSIS (CONTINUED) investments on production facilities to improve capacity and efficiency. These business plans were carried out after the Group had carefully conducted comprehensive evaluation and planning involving suitable marketing strategies for ,acceptable,numeric_review_required,partial,false,manual_review
MDA_0012_3A_2020,3A,Three-A Resources Berhad,2020,AR03,2,[MDA_P003],true,MANAGEMENT DISCUSSION AND ANALYSIS (CONTINUED) investments on production facilities to improve capacity and efficiency. These business plans were carried out after the Group had carefully conducted comprehensive evaluation and planning involving suitable marketing strategies for ,strong,none,aligned,false,accept
MDA_0012_3A_2020,3A,Three-A Resources Berhad,2020,AR04,2,[MDA_P001],true,"MANAGEMENT DISCUSSION AND ANALYSIS OUR PRODUCT PORTFOLIO • Liquid Caramel, Caramel Colour • Vinegar • Glucose Syrup, High Maltose Syrup • Soya Protein Sauce (“HVP”) • Hydrolysed Vegetable Protein (“HVP”) Powder • Maltodextrin The Group serves businesses of all sizes across a broa",strong,none,aligned,false,accept
MDA_0012_3A_2020,3A,Three-A Resources Berhad,2020,AR05,2,[MDA_P001],true,"MANAGEMENT DISCUSSION AND ANALYSIS OUR PRODUCT PORTFOLIO • Liquid Caramel, Caramel Colour • Vinegar • Glucose Syrup, High Maltose Syrup • Soya Protein Sauce (“HVP”) • Hydrolysed Vegetable Protein (“HVP”) Powder • Maltodextrin The Group serves businesses of all sizes across a broa",strong,none,aligned,false,accept
MDA_0012_3A_2021,3A,Three-A Resources Berhad,2021,AR01,4,[MDA_P001],true,"MANAGEMENT DISCUSSION AND ANALYSIS REVENUE 10% Malaysia Singapore Other countries Revenue by Geographical Locations for FY2021 BUSINESS OVERVIEW The year 2021 was truly another extraordinary year. For one, the COVID-19 pandemic had dramatically changed our way of life. Although m",strong,none,aligned,false,accept
MDA_0012_3A_2021,3A,Three-A Resources Berhad,2021,AR02,4,[MDA_P002],true,"However, hopes are high as our country was ramping up the vaccination drive together with booster shots for all adults as well as certain groups of children now. But the emergence of new variants had dashed hope to achieving herd immunity and now it would be unrealistic to expect",acceptable,numeric_review_required,partial,false,manual_review
MDA_0012_3A_2021,3A,Three-A Resources Berhad,2021,AR03,4,[MDA_P001],true,"MANAGEMENT DISCUSSION AND ANALYSIS REVENUE 10% Malaysia Singapore Other countries Revenue by Geographical Locations for FY2021 BUSINESS OVERVIEW The year 2021 was truly another extraordinary year. For one, the COVID-19 pandemic had dramatically changed our way of life. Although m",strong,none,aligned,false,accept
MDA_0012_3A_2021,3A,Three-A Resources Berhad,2021,AR04,4,[MDA_P005],true,The Group intends to continue investing in research and development projects to increase the range and appeal of our products. The increase of revenue from our export sales to overseas markets demonstrated the wide acceptance of our products in the global landscape. It is importa,strong,none,aligned,false,accept
MDA_0012_3A_2021,3A,Three-A Resources Berhad,2021,AR05,4,[MDA_P001],true,"MANAGEMENT DISCUSSION AND ANALYSIS REVENUE 10% Malaysia Singapore Other countries Revenue by Geographical Locations for FY2021 BUSINESS OVERVIEW The year 2021 was truly another extraordinary year. For one, the COVID-19 pandemic had dramatically changed our way of life. Although m",strong,none,aligned,false,accept
MDA_0012_3A_2022,3A,Three-A Resources Berhad,2022,AR01,4,[MDA_P001],true,"MANAGEMENT DISCUSSION AND ANALYSIS INDUSTRY OVERVIEW As we reflected on the unparalleled pace of change from the domino impact of COVID-19, companies need to evolve to overcome challenges in order to achieve their business objectives and to shape a better world for all. 3A Group ",strong,none,aligned,false,accept
MDA_0012_3A_2022,3A,Three-A Resources Berhad,2022,AR02,3,[MDA_P001],true,"MANAGEMENT DISCUSSION AND ANALYSIS INDUSTRY OVERVIEW As we reflected on the unparalleled pace of change from the domino impact of COVID-19, companies need to evolve to overcome challenges in order to achieve their business objectives and to shape a better world for all. 3A Group ",acceptable,numeric_review_required,partial,false,manual_review
MDA_0012_3A_2022,3A,Three-A Resources Berhad,2022,AR03,2,[MDA_P001],true,"MANAGEMENT DISCUSSION AND ANALYSIS INDUSTRY OVERVIEW As we reflected on the unparalleled pace of change from the domino impact of COVID-19, companies need to evolve to overcome challenges in order to achieve their business objectives and to shape a better world for all. 3A Group ",strong,none,aligned,false,accept
MDA_0012_3A_2022,3A,Three-A Resources Berhad,2022,AR04,4,[MDA_P015],true,"In reviewing new revenue stream, 3A employs its risk management process on risk identification, impact assessment, profiling matrix and the mitigation plans, based on the general principles of the international risk management framework. The Risk Management Committee continues to",strong,none,aligned,false,accept
MDA_0012_3A_2022,3A,Three-A Resources Berhad,2022,AR05,2,[MDA_P001],true,"MANAGEMENT DISCUSSION AND ANALYSIS INDUSTRY OVERVIEW As we reflected on the unparalleled pace of change from the domino impact of COVID-19, companies need to evolve to overcome challenges in order to achieve their business objectives and to shape a better world for all. 3A Group ",strong,none,aligned,false,accept
MDA_0012_3A_2023,3A,Three-A Resources Berhad,2023,AR01,4,[MDA_P001],true,"MANAGEMENT DISCUSSION AND ANALYSIS Revenue RM 603.9 million Profit After Tax (PAT) RM 45.2 million 1.0 Three-A Resources Management Discussion & Analysis Business Overview Three-A Resources Berhad (""3A"" or ""the Company"") is an investment holding company that has been publicly lis",strong,none,aligned,false,accept
MDA_0012_3A_2023,3A,Three-A Resources Berhad,2023,AR02,3,[MDA_P001],true,"MANAGEMENT DISCUSSION AND ANALYSIS Revenue RM 603.9 million Profit After Tax (PAT) RM 45.2 million 1.0 Three-A Resources Management Discussion & Analysis Business Overview Three-A Resources Berhad (""3A"" or ""the Company"") is an investment holding company that has been publicly lis",acceptable,numeric_review_required,partial,false,manual_review
MDA_0012_3A_2023,3A,Three-A Resources Berhad,2023,AR03,4,[MDA_P001],true,"MANAGEMENT DISCUSSION AND ANALYSIS Revenue RM 603.9 million Profit After Tax (PAT) RM 45.2 million 1.0 Three-A Resources Management Discussion & Analysis Business Overview Three-A Resources Berhad (""3A"" or ""the Company"") is an investment holding company that has been publicly lis",strong,none,aligned,false,accept
MDA_0012_3A_2023,3A,Three-A Resources Berhad,2023,AR04,4,[MDA_P003],true,"This moderation stemmed from various external challenges, including a slowdown in global trade, the impact of the global tech downcycle, geopolitical tensions, and the implementation of tighter monetary policies. In spite of this, the outlook for 2024’s growth according to Bank N",strong,none,aligned,false,accept
MDA_0012_3A_2023,3A,Three-A Resources Berhad,2023,AR05,4,[MDA_P001],true,"MANAGEMENT DISCUSSION AND ANALYSIS Revenue RM 603.9 million Profit After Tax (PAT) RM 45.2 million 1.0 Three-A Resources Management Discussion & Analysis Business Overview Three-A Resources Berhad (""3A"" or ""the Company"") is an investment holding company that has been publicly lis",strong,none,aligned,false,accept
MDA_0012_3A_2024,3A,Three-A Resources Berhad,2024,AR01,4,[MDA_P001],true,"MANAGEMENT DISCUSSION AND ANALYSIS Profit After Tax (PAT) (RM'000) RM43,449 Revenue (RM'000) RM557,116 Industry Overview Three-A Resources Berhad (""3A"" or ""the Group"") continues to strengthen its position as a manufacturer of high-quality food and beverage ingredients. In line wi",strong,none,aligned,false,accept
MDA_0012_3A_2024,3A,Three-A Resources Berhad,2024,AR02,3,[MDA_P001],true,"MANAGEMENT DISCUSSION AND ANALYSIS Profit After Tax (PAT) (RM'000) RM43,449 Revenue (RM'000) RM557,116 Industry Overview Three-A Resources Berhad (""3A"" or ""the Group"") continues to strengthen its position as a manufacturer of high-quality food and beverage ingredients. In line wi",acceptable,numeric_review_required,partial,false,manual_review
MDA_0012_3A_2024,3A,Three-A Resources Berhad,2024,AR03,2,[MDA_P001],true,"MANAGEMENT DISCUSSION AND ANALYSIS Profit After Tax (PAT) (RM'000) RM43,449 Revenue (RM'000) RM557,116 Industry Overview Three-A Resources Berhad (""3A"" or ""the Group"") continues to strengthen its position as a manufacturer of high-quality food and beverage ingredients. In line wi",strong,none,aligned,false,accept
MDA_0012_3A_2024,3A,Three-A Resources Berhad,2024,AR04,4,[MDA_P001],true,"MANAGEMENT DISCUSSION AND ANALYSIS Profit After Tax (PAT) (RM'000) RM43,449 Revenue (RM'000) RM557,116 Industry Overview Three-A Resources Berhad (""3A"" or ""the Group"") continues to strengthen its position as a manufacturer of high-quality food and beverage ingredients. In line wi",strong,none,aligned,false,accept
MDA_0012_3A_2024,3A,Three-A Resources Berhad,2024,AR05,4,[MDA_P001],true,"MANAGEMENT DISCUSSION AND ANALYSIS Profit After Tax (PAT) (RM'000) RM43,449 Revenue (RM'000) RM557,116 Industry Overview Three-A Resources Berhad (""3A"" or ""the Group"") continues to strengthen its position as a manufacturer of high-quality food and beverage ingredients. In line wi",strong,none,aligned,false,accept
MDA_0212_SDS_2020,SDS,SDSG,2020,AR01,4,[MDA_P001],true,"management discussion and analysis Dear valued shareholders, it is our pleasure to present the Annual Report and Audited Financial Statements of SDS Group Berhad (“SDS Group” or the “Group”) for the financial year ended 31 March 2020 (“FY2020”). OVERVIEW OF THE GROUP’S BUSINESS A",strong,none,aligned,false,accept
MDA_0212_SDS_2020,SDS,SDSG,2020,AR02,2,[MDA_P009],true,"Due to the outbreak of the COVID-19 pandemic, the Group has experienced lower revenue from the retail channel since February 2020 as consumers began to avoid crowded places. However, during this period, some of the fixed overhead expenses remained constant, thus resulting in a sl",acceptable,numeric_review_required,partial,false,manual_review
MDA_0212_SDS_2020,SDS,SDSG,2020,AR03,2,[MDA_P008],true,"ANNUAL REPORT 2020 | SDS GROUP BERHAD management discussion and analysis YEAR ON YEAR FINANCIAL REVIEW Financial Indicators FY2020 RM’000 FY2019 RM’000 Difference (%) Revenue 191,520 187,129 2.4 Gross Profit 57,193 57,100 0.2 Gross Profit Margin 29.9% 30.5% -2.0 Profit before tax",strong,none,aligned,false,accept
MDA_0212_SDS_2020,SDS,SDSG,2020,AR04,2,[MDA_P015],true,"Furthermore, the changes in customers’ spending behaviour towards online purchasing has contributed to an increase in delivery sales revenue. The global economy experienced a sharp moderation in the first quarter of 2020. The pandemic of the COVID-19 resulted in the introduction ",acceptable,none,aligned,false,accept
MDA_0212_SDS_2020,SDS,SDSG,2020,AR05,2,[MDA_P001],true,"management discussion and analysis Dear valued shareholders, it is our pleasure to present the Annual Report and Audited Financial Statements of SDS Group Berhad (“SDS Group” or the “Group”) for the financial year ended 31 March 2020 (“FY2020”). OVERVIEW OF THE GROUP’S BUSINESS A",strong,none,aligned,false,accept
MDA_0212_SDS_2021,SDS,SDSG,2021,AR01,4,[MDA_P001],true,"MANAGEMENT DISCUSSION AND ANALYSIS Dear valued shareholders, it is with great pleasure that we present to you the Annual Report and Audited Financial Statements of SDS Group Berhad (“SDS Group” or the “Group”) for the financial year ended 31 March 2021 (“FY2021”). OVERVIEW OF THE",strong,none,aligned,false,accept
MDA_0212_SDS_2021,SDS,SDSG,2021,AR02,3,[MDA_P001],true,"MANAGEMENT DISCUSSION AND ANALYSIS Dear valued shareholders, it is with great pleasure that we present to you the Annual Report and Audited Financial Statements of SDS Group Berhad (“SDS Group” or the “Group”) for the financial year ended 31 March 2021 (“FY2021”). OVERVIEW OF THE",acceptable,numeric_review_required,partial,false,manual_review
MDA_0212_SDS_2021,SDS,SDSG,2021,AR03,4,[MDA_P001],true,"MANAGEMENT DISCUSSION AND ANALYSIS Dear valued shareholders, it is with great pleasure that we present to you the Annual Report and Audited Financial Statements of SDS Group Berhad (“SDS Group” or the “Group”) for the financial year ended 31 March 2021 (“FY2021”). OVERVIEW OF THE",strong,none,aligned,false,accept
MDA_0212_SDS_2021,SDS,SDSG,2021,AR04,5,[MDA_P028],true,MANAGEMENT DISCUSSION AND ANALYSIS KEY RISK FACTORS The Group is cognisant of the importance that the investors and shareholders need to understand the types of risks that it is exposed to and how these risks may impact the Group’s business and its operating performance during th,acceptable,none,aligned,false,accept
MDA_0212_SDS_2021,SDS,SDSG,2021,AR05,4,[MDA_P001],true,"MANAGEMENT DISCUSSION AND ANALYSIS Dear valued shareholders, it is with great pleasure that we present to you the Annual Report and Audited Financial Statements of SDS Group Berhad (“SDS Group” or the “Group”) for the financial year ended 31 March 2021 (“FY2021”). OVERVIEW OF THE",strong,none,aligned,false,accept
MDA_0212_SDS_2022,SDS,SDSG,2022,AR01,4,[MDA_P001],true,"MANAGEMENT DISCUSSION AND ANALYSIS “ ” OVERVIEW & JOURNEY IN THE NEW NORMAL From an operational angle, FYE 2022 has been a challenging year as the nation went through different Movement Control Order (MCO) phases. The constant adjustment to the Group’s operating procedures to ens",strong,none,aligned,false,accept
MDA_0212_SDS_2022,SDS,SDSG,2022,AR02,2,[MDA_P007],true,"Financial Indicators FY2022 RM’000 FY2021 RM’000 Difference (%) Revenue 198,283 173,778 14.1% Gross Profit 61,596 52,988 16.2% Gross Profit Margin 31.1% 30.5% 1.9% Profit Before Tax 14,103 9,589 47.1% Profit After Tax Attributable to Owners of the Company (""PAT"") 10,618 7,271 46.",acceptable,numeric_review_required,partial,false,manual_review
MDA_0212_SDS_2022,SDS,SDSG,2022,AR03,2,[MDA_P002],true,"Governmental SOPs to close all non- essential businesses and services impacted the Group’s operations and potential earnings from the retail channel as the retail outlets had to comply with certain SOPs including restricted dine-in, social distancing, closure of schools, malls an",strong,none,aligned,false,accept
MDA_0212_SDS_2022,SDS,SDSG,2022,AR04,2,[MDA_P001],true,"MANAGEMENT DISCUSSION AND ANALYSIS “ ” OVERVIEW & JOURNEY IN THE NEW NORMAL From an operational angle, FYE 2022 has been a challenging year as the nation went through different Movement Control Order (MCO) phases. The constant adjustment to the Group’s operating procedures to ens",strong,none,aligned,false,accept
MDA_0212_SDS_2022,SDS,SDSG,2022,AR05,4,[MDA_P001],true,"MANAGEMENT DISCUSSION AND ANALYSIS “ ” OVERVIEW & JOURNEY IN THE NEW NORMAL From an operational angle, FYE 2022 has been a challenging year as the nation went through different Movement Control Order (MCO) phases. The constant adjustment to the Group’s operating procedures to ens",strong,none,aligned,false,accept
MDA_0212_SDS_2023,SDS,SDSG,2023,AR01,5,[MDA_P001],true,Management Discussion and Analysis The Group’s unique proposition of wide- ranging product offerings and options on sales channels had allowed SDS to continue to meet the demands of its customers. INDUSTRY OVERVIEW With the recent changes taking place in the presence of globalisa,strong,none,aligned,false,accept
MDA_0212_SDS_2023,SDS,SDSG,2023,AR02,2,[MDA_P007],true,The driving factor for the higher sales has been the uplifting of movement controls at the country’s borders as well as the increased options for value-for-money bakery products given the economic pressure on the customers’ purchasing power. The Group establishment of distributio,acceptable,numeric_review_required,partial,false,manual_review
MDA_0212_SDS_2023,SDS,SDSG,2023,AR03,4,[MDA_P007],true,The driving factor for the higher sales has been the uplifting of movement controls at the country’s borders as well as the increased options for value-for-money bakery products given the economic pressure on the customers’ purchasing power. The Group establishment of distributio,strong,none,aligned,false,accept
MDA_0212_SDS_2023,SDS,SDSG,2023,AR04,4,[MDA_P028],true,"SDS GROUP BERHAD ANNUAL REPORT 2023 Management Discussion and Analysis KEY BUSINESS OPPORTUNITIES AND RISKS Embarking on expansion of its business, performance improvement of fleet and innovation of new product offerings have not only improved market share and provided cost savin",strong,none,aligned,false,accept
MDA_0212_SDS_2023,SDS,SDSG,2023,AR05,2,[MDA_P001],true,Management Discussion and Analysis The Group’s unique proposition of wide- ranging product offerings and options on sales channels had allowed SDS to continue to meet the demands of its customers. INDUSTRY OVERVIEW With the recent changes taking place in the presence of globalisa,strong,none,aligned,false,accept
MDA_0212_SDS_2024,SDS,SDSG,2024,AR01,4,[MDA_P001],true,"Management Discussion and Analysis The Group successfully registered a revenue of RM324.1 million in FY2024, marking an increase of 14.2% over the revenue of RM283.7 million in FY2023. OVERVIEW he financial year ended 31 March 2024 (“FY2024”) proved challenging, despite the expec",strong,none,aligned,false,accept
MDA_0212_SDS_2024,SDS,SDSG,2024,AR02,2,[MDA_P007],true,"Financial indicators as listed below: INDICATOR FY2024 (RM ’000)* FY2023 (RM ’000)* DIFFERENCE (%) Revenue 324,063 283,667 14.2% Gross Profit 110,054 89,292 23.3% Gross Profit Margin (%) 34.0 31.5 7.9% Profit before tax 43,290 32,767 32.1% Profit after tax attributable to owners ",acceptable,numeric_review_required,partial,false,manual_review
MDA_0212_SDS_2024,SDS,SDSG,2024,AR03,5,[MDA_P001],true,"Management Discussion and Analysis The Group successfully registered a revenue of RM324.1 million in FY2024, marking an increase of 14.2% over the revenue of RM283.7 million in FY2023. OVERVIEW he financial year ended 31 March 2024 (“FY2024”) proved challenging, despite the expec",strong,none,aligned,false,accept
MDA_0212_SDS_2024,SDS,SDSG,2024,AR04,4,[MDA_P024],true,"This, and other various strategic measures employed will translate to more accurate profit realisation from its sales channels moving forward. KEY BUSINESS OPPORTUNITIES AND CHALLENGES ur 37 years of experience in this industry has held us in good stead, particularly through the ",strong,none,aligned,false,accept
MDA_0212_SDS_2024,SDS,SDSG,2024,AR05,4,[MDA_P001],true,"Management Discussion and Analysis The Group successfully registered a revenue of RM324.1 million in FY2024, marking an increase of 14.2% over the revenue of RM283.7 million in FY2023. OVERVIEW he financial year ended 31 March 2024 (“FY2024”) proved challenging, despite the expec",strong,none,aligned,false,accept
MDA_2658_AJI_2020,AJI,Ajinomoto,2020,AR01,2,[MDA_P001],true,"MANAGEMENT DISCUSSION & ANALYSIS Our Business History & Milestone Ajinomoto (Malaysia) Berhad (“the CompanyȄǼȱ ȱȱę¢Ȭȱ¢ȱȱȱŗşŜŗȱ ȱȱȱȱȱȱȱ monosodium glutamate (“MSG”) under the brand, AJI-NO-MOTO®, which was imported from its ",strong,none,aligned,false,accept
MDA_2658_AJI_2020,AJI,Ajinomoto,2020,AR02,3,[MDA_P001],true,"MANAGEMENT DISCUSSION & ANALYSIS Our Business History & Milestone Ajinomoto (Malaysia) Berhad (“the CompanyȄǼȱ ȱȱę¢Ȭȱ¢ȱȱȱŗşŜŗȱ ȱȱȱȱȱȱȱ monosodium glutamate (“MSG”) under the brand, AJI-NO-MOTO®, which was imported from its ",invalid,missing_financial_content,misaligned,true,rerun_dimension_only
MDA_2658_AJI_2020,AJI,Ajinomoto,2020,AR03,1,[MDA_P002],true,Inauguration of Effluent Treatment Management (SALAM) Corporate name was changed to Ajinomoto (Malaysia) Sdn Bhd Company name was changed to Ajinomoto (Malaysia) Berhad as the public company Commencement of “AJI-NO-MOTO” plant operation Awarded HALAL Certification Establishment o,acceptable,none,aligned,false,accept
MDA_2658_AJI_2020,AJI,Ajinomoto,2020,AR04,2,[MDA_P002],true,Inauguration of Effluent Treatment Management (SALAM) Corporate name was changed to Ajinomoto (Malaysia) Sdn Bhd Company name was changed to Ajinomoto (Malaysia) Berhad as the public company Commencement of “AJI-NO-MOTO” plant operation Awarded HALAL Certification Establishment o,strong,none,aligned,false,accept
MDA_2658_AJI_2020,AJI,Ajinomoto,2020,AR05,2,[MDA_P001],true,"MANAGEMENT DISCUSSION & ANALYSIS Our Business History & Milestone Ajinomoto (Malaysia) Berhad (“the CompanyȄǼȱ ȱȱę¢Ȭȱ¢ȱȱȱŗşŜŗȱ ȱȱȱȱȱȱȱ monosodium glutamate (“MSG”) under the brand, AJI-NO-MOTO®, which was imported from its ",strong,none,aligned,false,accept
MDA_2658_AJI_2021,AJI,Ajinomoto,2021,AR01,2,[MDA_P001],true,"MANAGEMENT DISCUSSION & ANALYSIS Our Business History & Milestone Ajinomoto (Malaysia) Berhad (“the Company”) was incorporated sixty years ago in 1961 as a distributor of monosodium glutamate (“MSG”) under the brand, AJI-NO-MOTO®, which was imported from its parent company in Jap",strong,none,aligned,false,accept
MDA_2658_AJI_2021,AJI,Ajinomoto,2021,AR02,3,[MDA_P032],true,"store in low temperature. MS1500:2009 1092-02/2004 PROD DATE EXP DATE LOT NO. : : : Manufactured by: AJINOMOTO (MALAYSIA) BERHAD (4295-W) Lot 5710, Jalan Kuchai Lama, Petaling, 58200 Kuala Lumpur, Malaysia. Tel: +603-7980 6958 Fax: +603-7980 6817 URL: http://www.ajinomoto.com.my ",acceptable,numeric_review_required,partial,false,manual_review
MDA_2658_AJI_2021,AJI,Ajinomoto,2021,AR03,2,[MDA_P002],true,"AJINOMOTO (MALAYSIA) BERHAD 196101000252 (4295-W) | ANNUAL REPORT 2021 Our Policy As an established and trusted food seasoning company in Malaysia, it is the Company’s policy to consistently develop and distribute high quality and safe food products that meet customers’ needs and",acceptable,none,aligned,false,accept
MDA_2658_AJI_2021,AJI,Ajinomoto,2021,AR04,1,[MDA_P032],true,"store in low temperature. MS1500:2009 1092-02/2004 PROD DATE EXP DATE LOT NO. : : : Manufactured by: AJINOMOTO (MALAYSIA) BERHAD (4295-W) Lot 5710, Jalan Kuchai Lama, Petaling, 58200 Kuala Lumpur, Malaysia. Tel: +603-7980 6958 Fax: +603-7980 6817 URL: http://www.ajinomoto.com.my ",strong,none,aligned,false,accept
MDA_2658_AJI_2021,AJI,Ajinomoto,2021,AR05,2,[MDA_P001],true,"MANAGEMENT DISCUSSION & ANALYSIS Our Business History & Milestone Ajinomoto (Malaysia) Berhad (“the Company”) was incorporated sixty years ago in 1961 as a distributor of monosodium glutamate (“MSG”) under the brand, AJI-NO-MOTO®, which was imported from its parent company in Jap",strong,none,aligned,false,accept
MDA_2658_AJI_2022,AJI,Ajinomoto,2022,AR01,2,[MDA_P001],true,"MANAGEMENT DISCUSSION & ANALYSIS Our Business History & Milestone Ajinomoto (Malaysia) Berhad (“the Company”) was established in 1961 as distributor of AJI-NO-MOTO® monosodium glutamate (“MSG”) for Ajinomoto Co., Inc., Japan. In 1965, the Company commenced production of MSG at it",strong,none,aligned,false,accept
MDA_2658_AJI_2022,AJI,Ajinomoto,2022,AR02,3,[MDA_P032],true,"store in low temperature. MS1500:2009 1092-02/2004 PROD DATE EXP DATE LOT NO. : : : Manufactured by: AJINOMOTO (MALAYSIA) BERHAD (4295-W) Lot 5710, Jalan Kuchai Lama, Petaling, 58200 Kuala Lumpur, Malaysia. Tel: +603-7980 6958 Fax: +603-7980 6817 URL: http://www.ajinomoto.com.my ",invalid,missing_financial_content,misaligned,true,rerun_dimension_only
MDA_2658_AJI_2022,AJI,Ajinomoto,2022,AR03,2,[MDA_P002],true,Inauguration of Effluent Treatment Management (SALAM) Corporate name was changed to Ajinomoto (Malaysia) Sdn Bhd Company name was changed to Ajinomoto (Malaysia) Berhad as the public company Commencement of “AJI-NO-MOTO” plant operation Awarded HALAL Certification Establishment o,acceptable,none,aligned,false,accept
MDA_2658_AJI_2022,AJI,Ajinomoto,2022,AR04,2,[MDA_P001],true,"MANAGEMENT DISCUSSION & ANALYSIS Our Business History & Milestone Ajinomoto (Malaysia) Berhad (“the Company”) was established in 1961 as distributor of AJI-NO-MOTO® monosodium glutamate (“MSG”) for Ajinomoto Co., Inc., Japan. In 1965, the Company commenced production of MSG at it",strong,none,aligned,false,accept
MDA_2658_AJI_2022,AJI,Ajinomoto,2022,AR05,2,[MDA_P001],true,"MANAGEMENT DISCUSSION & ANALYSIS Our Business History & Milestone Ajinomoto (Malaysia) Berhad (“the Company”) was established in 1961 as distributor of AJI-NO-MOTO® monosodium glutamate (“MSG”) for Ajinomoto Co., Inc., Japan. In 1965, the Company commenced production of MSG at it",strong,none,aligned,false,accept
MDA_2658_AJI_2023,AJI,Ajinomoto,2023,AR01,2,[MDA_P001],true,MANAGEMENT DISCUSSION & ANALYSIS Inauguration of Effluent Treatment Management (SALAM) Corporate name was changed to Ajinomoto (Malaysia) Sdn Bhd Company name was changed to Ajinomoto (Malaysia) Berhad as the public company Commencement of AJI-NO-MOTO® plant operation Awarded HAL,strong,none,aligned,false,accept
MDA_2658_AJI_2023,AJI,Ajinomoto,2023,AR02,3,[MDA_P001],true,MANAGEMENT DISCUSSION & ANALYSIS Inauguration of Effluent Treatment Management (SALAM) Corporate name was changed to Ajinomoto (Malaysia) Sdn Bhd Company name was changed to Ajinomoto (Malaysia) Berhad as the public company Commencement of AJI-NO-MOTO® plant operation Awarded HAL,acceptable,numeric_review_required,partial,false,manual_review
MDA_2658_AJI_2023,AJI,Ajinomoto,2023,AR03,2,[MDA_P001],true,MANAGEMENT DISCUSSION & ANALYSIS Inauguration of Effluent Treatment Management (SALAM) Corporate name was changed to Ajinomoto (Malaysia) Sdn Bhd Company name was changed to Ajinomoto (Malaysia) Berhad as the public company Commencement of AJI-NO-MOTO® plant operation Awarded HAL,strong,none,aligned,false,accept
MDA_2658_AJI_2023,AJI,Ajinomoto,2023,AR04,2,[MDA_P001],true,MANAGEMENT DISCUSSION & ANALYSIS Inauguration of Effluent Treatment Management (SALAM) Corporate name was changed to Ajinomoto (Malaysia) Sdn Bhd Company name was changed to Ajinomoto (Malaysia) Berhad as the public company Commencement of AJI-NO-MOTO® plant operation Awarded HAL,strong,none,aligned,false,accept
MDA_2658_AJI_2023,AJI,Ajinomoto,2023,AR05,2,[MDA_P001],true,MANAGEMENT DISCUSSION & ANALYSIS Inauguration of Effluent Treatment Management (SALAM) Corporate name was changed to Ajinomoto (Malaysia) Sdn Bhd Company name was changed to Ajinomoto (Malaysia) Berhad as the public company Commencement of AJI-NO-MOTO® plant operation Awarded HAL,strong,none,aligned,false,accept
MDA_2658_AJI_2024,AJI,Ajinomoto,2024,AR01,2,[MDA_P001],true,MANAGEMENT DISCUSSION & ANALYSIS Inauguration of Effluent Treatment Management (SALAM) Corporate name was changed to Ajinomoto (Malaysia) Sdn Bhd Company name was changed to Ajinomoto (Malaysia) Berhad as the public company Commencement of AJI-NO-MOTO® plant operation Awarded HAL,strong,none,aligned,false,accept
MDA_2658_AJI_2024,AJI,Ajinomoto,2024,AR02,3,[MDA_P037],true,AJINOMOTO (MALAYSIA) BERHAD 196101000252 (4295-W) Annual Report 2024 Management Discussion & Analysis (cont’d.) RM1092.8MIL TOTAL ASSETS RM636.4MIL REVENUE 660.25SEN EARNINGS PER SHARE 43.44% RETURN ON EQUITY 38.40SEN 212.00SEN ORDINARY DIVIDENDS PER SHARE (DECLARED) SPECIAL ORDI,acceptable,numeric_review_required,partial,false,manual_review
MDA_2658_AJI_2024,AJI,Ajinomoto,2024,AR03,2,[MDA_P001],true,MANAGEMENT DISCUSSION & ANALYSIS Inauguration of Effluent Treatment Management (SALAM) Corporate name was changed to Ajinomoto (Malaysia) Sdn Bhd Company name was changed to Ajinomoto (Malaysia) Berhad as the public company Commencement of AJI-NO-MOTO® plant operation Awarded HAL,acceptable,none,aligned,false,accept
MDA_2658_AJI_2024,AJI,Ajinomoto,2024,AR04,2,[MDA_P001],true,MANAGEMENT DISCUSSION & ANALYSIS Inauguration of Effluent Treatment Management (SALAM) Corporate name was changed to Ajinomoto (Malaysia) Sdn Bhd Company name was changed to Ajinomoto (Malaysia) Berhad as the public company Commencement of AJI-NO-MOTO® plant operation Awarded HAL,strong,none,aligned,false,accept
MDA_2658_AJI_2024,AJI,Ajinomoto,2024,AR05,2,[MDA_P001],true,MANAGEMENT DISCUSSION & ANALYSIS Inauguration of Effluent Treatment Management (SALAM) Corporate name was changed to Ajinomoto (Malaysia) Sdn Bhd Company name was changed to Ajinomoto (Malaysia) Berhad as the public company Commencement of AJI-NO-MOTO® plant operation Awarded HAL,strong,none,aligned,false,accept
MDA_2828_CIHLDG_2020,CIHLDG,CIHB,2020,AR01,5,[MDA_P001],true,"MANAGEMENT DISCUSSION AND ANALYSIS OVERVIEW OF GROUP’S BUSINESS AND OPERATIONS Company Profile The Group is divided into two main divisions, namely the Edible Oil Products Division and the Tap and Sanitary Ware Division. The former focuses on exporting consumer-packed edible oil ",strong,none,aligned,false,accept
MDA_2828_CIHLDG_2020,CIHLDG,CIHB,2020,AR02,4,[MDA_P001],true,"MANAGEMENT DISCUSSION AND ANALYSIS OVERVIEW OF GROUP’S BUSINESS AND OPERATIONS Company Profile The Group is divided into two main divisions, namely the Edible Oil Products Division and the Tap and Sanitary Ware Division. The former focuses on exporting consumer-packed edible oil ",acceptable,numeric_review_required,partial,false,manual_review
MDA_2828_CIHLDG_2020,CIHLDG,CIHB,2020,AR03,5,[MDA_P001],true,"MANAGEMENT DISCUSSION AND ANALYSIS OVERVIEW OF GROUP’S BUSINESS AND OPERATIONS Company Profile The Group is divided into two main divisions, namely the Edible Oil Products Division and the Tap and Sanitary Ware Division. The former focuses on exporting consumer-packed edible oil ",strong,none,aligned,false,accept
MDA_2828_CIHLDG_2020,CIHLDG,CIHB,2020,AR04,4,[MDA_P014],true,"MANAGEMENT DISCUSSION AND ANALYSIS (cont’d) ANTICIPATED OR KNOWN RISKS Foreign Exchange Risk The Group exports approximately 95% of its products worldwide each year, thereby increasing the risk of exposure to currency exchange. However, this risk is mitigated by way of forward cu",strong,none,aligned,false,accept
MDA_2828_CIHLDG_2020,CIHLDG,CIHB,2020,AR05,4,[MDA_P001],true,"MANAGEMENT DISCUSSION AND ANALYSIS OVERVIEW OF GROUP’S BUSINESS AND OPERATIONS Company Profile The Group is divided into two main divisions, namely the Edible Oil Products Division and the Tap and Sanitary Ware Division. The former focuses on exporting consumer-packed edible oil ",strong,none,aligned,false,accept
MDA_2828_CIHLDG_2021,CIHLDG,CIHB,2021,AR01,5,[MDA_P001],true,Management Discussion And Analysis ANNUAL REPORT 2021 C.I. HOLDINGS BERHAD 197801000889 (37918-A),strong,none,aligned,false,accept
MDA_2828_CIHLDG_2021,CIHLDG,CIHB,2021,AR02,4,[MDA_P001],true,Management Discussion And Analysis ANNUAL REPORT 2021 C.I. HOLDINGS BERHAD 197801000889 (37918-A),invalid,missing_financial_content,misaligned,true,rerun_dimension_only
MDA_2828_CIHLDG_2021,CIHLDG,CIHB,2021,AR03,5,[MDA_P002],true,"Highlights of our group’s financial information for the past 5 financial years Financial (in RM’000) Revenue 3,144,549 2,572,493 2,272,914 2,602,701 2,175,392 Profit before interest and tax 127,873 63,584 45,934 58,395 59,528 Finance costs (6,796) (10,517) (12,640) (13,095) (8,68",acceptable,none,aligned,false,accept
MDA_2828_CIHLDG_2021,CIHLDG,CIHB,2021,AR04,5,[MDA_P011],true,"Anticipated Or Known Risks Foreign Exchange Risk The Group exports approximately 95% of its products worldwide each year, thereby increasing the risk of exposure to currency exchange. However, this risk is mitigated by way of forward currency contracts, wherever possible. Country",strong,none,aligned,false,accept
MDA_2828_CIHLDG_2021,CIHLDG,CIHB,2021,AR05,4,[MDA_P001],true,Management Discussion And Analysis ANNUAL REPORT 2021 C.I. HOLDINGS BERHAD 197801000889 (37918-A),strong,none,aligned,false,accept
MDA_2828_CIHLDG_2022,CIHLDG,CIHB,2022,AR01,5,[MDA_P001],true,"MANAGEMENT DISCUSSION AND ANALYSIS Overview Of Group’s Business And Operations Company Profile The Group is divided into two main divisions, being the Edible Oil Products Division and the Tap and Sanitary Ware Division. The Edible Oil Products Division focuses on exporting vegeta",strong,none,aligned,false,accept
MDA_2828_CIHLDG_2022,CIHLDG,CIHB,2022,AR02,4,[MDA_P001],true,"MANAGEMENT DISCUSSION AND ANALYSIS Overview Of Group’s Business And Operations Company Profile The Group is divided into two main divisions, being the Edible Oil Products Division and the Tap and Sanitary Ware Division. The Edible Oil Products Division focuses on exporting vegeta",acceptable,numeric_review_required,partial,false,manual_review
MDA_2828_CIHLDG_2022,CIHLDG,CIHB,2022,AR03,5,[MDA_P001],true,"MANAGEMENT DISCUSSION AND ANALYSIS Overview Of Group’s Business And Operations Company Profile The Group is divided into two main divisions, being the Edible Oil Products Division and the Tap and Sanitary Ware Division. The Edible Oil Products Division focuses on exporting vegeta",strong,none,aligned,false,accept
MDA_2828_CIHLDG_2022,CIHLDG,CIHB,2022,AR04,5,[MDA_P013],true,"ANNUAL REPORT 2022 C.I. HOLDINGS BERHAD 197801000889 (37918-A) MANAGEMENT DISCUSSION AND ANALYSIS (continued) Anticipated Or Known Risks Foreign Exchange Risk The Group exports approximately 95% of its products worldwide each year, thereby increasing the risk of exposure to curre",strong,none,aligned,false,accept
MDA_2828_CIHLDG_2022,CIHLDG,CIHB,2022,AR05,4,[MDA_P001],true,"MANAGEMENT DISCUSSION AND ANALYSIS Overview Of Group’s Business And Operations Company Profile The Group is divided into two main divisions, being the Edible Oil Products Division and the Tap and Sanitary Ware Division. The Edible Oil Products Division focuses on exporting vegeta",strong,none,aligned,false,accept
MDA_2828_CIHLDG_2023,CIHLDG,CIHB,2023,AR01,5,[MDA_P001],true,MANAGEMENT DISCUSSION AND ANALYSIS (continued),strong,none,aligned,false,accept
MDA_2828_CIHLDG_2023,CIHLDG,CIHB,2023,AR02,4,[MDA_P002],true,ANNUAL REPORT 2023 C.I.,invalid,missing_financial_content,misaligned,true,rerun_dimension_only
MDA_2828_CIHLDG_2023,CIHLDG,CIHB,2023,AR03,5,[MDA_P003],true,"HOLDINGS BERHAD 197801000889 (37918-A) Highlights of the Group’s Financial Information for the Past 5 Financial Years Financial (in RM’000) Revenue 5,347,165 4,046,102 3,144,549 2,572,493 2,272,914 Earnings Before Interest And Tax 190,140 128,897 127,873 63,584 45,934 Finance Cos",acceptable,none,aligned,false,accept
MDA_2828_CIHLDG_2023,CIHLDG,CIHB,2023,AR04,4,[MDA_P009],true,"ANNUAL REPORT 2023 C.I. HOLDINGS BERHAD 197801000889 (37918-A) ANTICIPATED OR KNOWN RISKS Foreign Exchange Risk The Group annually exports around 99% of its products worldwide. which increases exposure to currency exchange risk. However, this risk is managed by using forward curr",strong,none,aligned,false,accept
MDA_2828_CIHLDG_2023,CIHLDG,CIHB,2023,AR05,5,[MDA_P001],true,MANAGEMENT DISCUSSION AND ANALYSIS (continued),strong,none,aligned,false,accept
MDA_2828_CIHLDG_2024,CIHLDG,CIHB,2024,AR01,5,[MDA_P001],true,MANAGEMENT DISCUSSION AND ANALYSIS,strong,none,aligned,false,accept
MDA_2828_CIHLDG_2024,CIHLDG,CIHB,2024,AR02,2,[MDA_P006],true,"The overall average for the year stood at RM4.70/USD. This is a 4.47% increase as against the previous financial year average of MYR 4.495 to 1 USD. The Group has successfully navigated global challenges by expanding its product range and diversifying its sales mix, which has min",acceptable,numeric_review_required,partial,false,manual_review
MDA_2828_CIHLDG_2024,CIHLDG,CIHB,2024,AR03,4,[MDA_P005],true,ANNUAL REPORT 2024 C.I. HOLDINGS BERHAD 197801000889 (37918-A) REVIEW OF FINANCIAL RESULTS AND FINANCIAL CONDITION Revenue The Group recorded a decrease in revenue to RM3.90 billion for the financial year ended 30 June 2024 (“FY2024”) as against RM5.35 billion recorded in the pre,strong,none,aligned,false,accept
MDA_2828_CIHLDG_2024,CIHLDG,CIHB,2024,AR04,2,[MDA_P011],true,"ANTICIPATED OR KNOWN RISKS Foreign Exchange Risk The Group faces significant foreign exchange risks due to its extensive international operations, with approximately 95% of its products exported globally each year. This high level of exposure to currency fluctuations poses a pote",strong,none,aligned,false,accept
MDA_2828_CIHLDG_2024,CIHLDG,CIHB,2024,AR05,4,[MDA_P001],true,MANAGEMENT DISCUSSION AND ANALYSIS,strong,none,aligned,false,accept
MDA_2836_CARLSBG_2020,CARLSBG,Carlsberg Brewery Malaysia Berhad,2020,AR01,2,[MDA_P001],true,"MANAGEMENT DISCUSSION & ANALYSIS DEAR SHAREHOLDERS, HELLO EVERYONE. I HOPE THIS NOTE FINDS ALL OF YOU IN GOOD STEAD AND EXCELLENT HEALTH. STEFANO CLINI Managing Director of Carlsberg Malaysia Group The year 2020, long anticipated as a historic milestone for Malaysia and a persona",strong,none,aligned,false,accept
MDA_2836_CARLSBG_2020,CARLSBG,Carlsberg Brewery Malaysia Berhad,2020,AR02,3,[MDA_P002],true,"We essentially suspended production and distribution in compliance with unprecedented restrictions, which led to business disruption. From the beginning, we began engaging with our stakeholders in earnest, communicating our efforts to contain the virus and offering support and re",acceptable,numeric_review_required,partial,false,manual_review
MDA_2836_CARLSBG_2020,CARLSBG,Carlsberg Brewery Malaysia Berhad,2020,AR03,2,[MDA_P001],true,"MANAGEMENT DISCUSSION & ANALYSIS DEAR SHAREHOLDERS, HELLO EVERYONE. I HOPE THIS NOTE FINDS ALL OF YOU IN GOOD STEAD AND EXCELLENT HEALTH. STEFANO CLINI Managing Director of Carlsberg Malaysia Group The year 2020, long anticipated as a historic milestone for Malaysia and a persona",acceptable,none,aligned,false,accept
MDA_2836_CARLSBG_2020,CARLSBG,Carlsberg Brewery Malaysia Berhad,2020,AR04,2,[MDA_P002],true,"We essentially suspended production and distribution in compliance with unprecedented restrictions, which led to business disruption. From the beginning, we began engaging with our stakeholders in earnest, communicating our efforts to contain the virus and offering support and re",acceptable,none,aligned,false,accept
MDA_2836_CARLSBG_2020,CARLSBG,Carlsberg Brewery Malaysia Berhad,2020,AR05,2,[MDA_P001],true,"MANAGEMENT DISCUSSION & ANALYSIS DEAR SHAREHOLDERS, HELLO EVERYONE. I HOPE THIS NOTE FINDS ALL OF YOU IN GOOD STEAD AND EXCELLENT HEALTH. STEFANO CLINI Managing Director of Carlsberg Malaysia Group The year 2020, long anticipated as a historic milestone for Malaysia and a persona",strong,none,aligned,false,accept
MDA_2836_CARLSBG_2021,CARLSBG,Carlsberg Brewery Malaysia Berhad,2021,AR01,2,[MDA_P001],true,MANAGEMENT DISCUSSION & ANALYSIS CORPORATE STRATEGY: SAIL’22 OUR TWO ENABLERS OUR SEVEN STRATEGIC PRIORITIES OUR THREE STRATEGIC LEVERS DEFEND OUR LICENCE TO OPERATE CREATE A WINNING CULTURE STRENGTHEN THE CORE POSITION FOR GROWTH DELIVER VALUE FOR SHAREHOLDERS “Go Big in Premium,strong,none,aligned,false,accept
MDA_2836_CARLSBG_2021,CARLSBG,Carlsberg Brewery Malaysia Berhad,2021,AR02,3,[MDA_P001],true,MANAGEMENT DISCUSSION & ANALYSIS CORPORATE STRATEGY: SAIL’22 OUR TWO ENABLERS OUR SEVEN STRATEGIC PRIORITIES OUR THREE STRATEGIC LEVERS DEFEND OUR LICENCE TO OPERATE CREATE A WINNING CULTURE STRENGTHEN THE CORE POSITION FOR GROWTH DELIVER VALUE FOR SHAREHOLDERS “Go Big in Premium,acceptable,numeric_review_required,partial,false,manual_review
MDA_2836_CARLSBG_2021,CARLSBG,Carlsberg Brewery Malaysia Berhad,2021,AR03,2,[MDA_P001],true,MANAGEMENT DISCUSSION & ANALYSIS CORPORATE STRATEGY: SAIL’22 OUR TWO ENABLERS OUR SEVEN STRATEGIC PRIORITIES OUR THREE STRATEGIC LEVERS DEFEND OUR LICENCE TO OPERATE CREATE A WINNING CULTURE STRENGTHEN THE CORE POSITION FOR GROWTH DELIVER VALUE FOR SHAREHOLDERS “Go Big in Premium,acceptable,none,aligned,false,accept
MDA_2836_CARLSBG_2021,CARLSBG,Carlsberg Brewery Malaysia Berhad,2021,AR04,2,[MDA_P005],true,Our Business Message from Our Leaders Creating Sustainable Value Delivering Strong Governance Financial Statements Other Information Commitment to Sustainability CARLSBERG BREWERY MALAYSIA BERHAD [196901000792 (9210-K)] MANAGEMENT DISCUSSION & ANALYSIS WIN IN EACH STORE FUND THE ,acceptable,none,aligned,false,accept
MDA_2836_CARLSBG_2021,CARLSBG,Carlsberg Brewery Malaysia Berhad,2021,AR05,2,[MDA_P001],true,MANAGEMENT DISCUSSION & ANALYSIS CORPORATE STRATEGY: SAIL’22 OUR TWO ENABLERS OUR SEVEN STRATEGIC PRIORITIES OUR THREE STRATEGIC LEVERS DEFEND OUR LICENCE TO OPERATE CREATE A WINNING CULTURE STRENGTHEN THE CORE POSITION FOR GROWTH DELIVER VALUE FOR SHAREHOLDERS “Go Big in Premium,strong,none,aligned,false,accept
MDA_2836_CARLSBG_2022,CARLSBG,Carlsberg Brewery Malaysia Berhad,2022,AR01,4,[MDA_P001],true,MANAGEMENT DISCUSSION AND ANALYSIS CORPORATE STRATEGY: SAIL’22 OUR TWO ENABLERS OUR SEVEN STRATEGIC PRIORITIES OUR THREE STRATEGIC LEVERS CREATE A WINNING CULTURE STRENGTHEN THE CORE ‘Grow in Mainstream’ with Carlsberg Danish Pilsner and Carlsberg Smooth Draught ‘Win in Each Stor,strong,none,aligned,false,accept
MDA_2836_CARLSBG_2022,CARLSBG,Carlsberg Brewery Malaysia Berhad,2022,AR02,3,[MDA_P001],true,MANAGEMENT DISCUSSION AND ANALYSIS CORPORATE STRATEGY: SAIL’22 OUR TWO ENABLERS OUR SEVEN STRATEGIC PRIORITIES OUR THREE STRATEGIC LEVERS CREATE A WINNING CULTURE STRENGTHEN THE CORE ‘Grow in Mainstream’ with Carlsberg Danish Pilsner and Carlsberg Smooth Draught ‘Win in Each Stor,acceptable,numeric_review_required,partial,false,manual_review
MDA_2836_CARLSBG_2022,CARLSBG,Carlsberg Brewery Malaysia Berhad,2022,AR03,2,[MDA_P001],true,MANAGEMENT DISCUSSION AND ANALYSIS CORPORATE STRATEGY: SAIL’22 OUR TWO ENABLERS OUR SEVEN STRATEGIC PRIORITIES OUR THREE STRATEGIC LEVERS CREATE A WINNING CULTURE STRENGTHEN THE CORE ‘Grow in Mainstream’ with Carlsberg Danish Pilsner and Carlsberg Smooth Draught ‘Win in Each Stor,acceptable,none,aligned,false,accept
MDA_2836_CARLSBG_2022,CARLSBG,Carlsberg Brewery Malaysia Berhad,2022,AR04,2,[MDA_P013],true,"WHO WE ARE SAILING FORWARD PRIORITIES AND COMMITMENTS FINANCIAL STATEMENTS OTHER INFORMATION CARLSBERG BREWERY MALAYSIA BERHAD [196901000792 (9210-K)] LEADERSHIP CREATING SUSTAINABLE VALUE In 2022, we started planning for the implementation of a new industry-leading end-to-end su",strong,none,aligned,false,accept
MDA_2836_CARLSBG_2022,CARLSBG,Carlsberg Brewery Malaysia Berhad,2022,AR05,2,[MDA_P001],true,MANAGEMENT DISCUSSION AND ANALYSIS CORPORATE STRATEGY: SAIL’22 OUR TWO ENABLERS OUR SEVEN STRATEGIC PRIORITIES OUR THREE STRATEGIC LEVERS CREATE A WINNING CULTURE STRENGTHEN THE CORE ‘Grow in Mainstream’ with Carlsberg Danish Pilsner and Carlsberg Smooth Draught ‘Win in Each Stor,strong,none,aligned,false,accept
MDA_2836_CARLSBG_2023,CARLSBG,Carlsberg Brewery Malaysia Berhad,2023,AR01,2,[MDA_P001],true,"MANAGEMENT DISCUSSION AND ANALYSIS In embarking on the transition journey of our corporate strategy from SAIL’22 to SAIL'27 in 2023, Carlsberg Malaysia Group (the Group) remains steadfast in implementing the four strategic levers and stands at the forefront of constantly pursuing",strong,none,aligned,false,accept
MDA_2836_CARLSBG_2023,CARLSBG,Carlsberg Brewery Malaysia Berhad,2023,AR02,3,[MDA_P002],true,"financial targets, and a commitment to sustainability, responsibility and creating long-term value. Sharpening Our Focus for Future Growth SAIL'27 encapsulates four key strategic levers, each designed to prepare the Group to be more agile and resilient in the face of market devel",acceptable,numeric_review_required,partial,false,manual_review
MDA_2836_CARLSBG_2023,CARLSBG,Carlsberg Brewery Malaysia Berhad,2023,AR03,2,[MDA_P003],true,"financial dynamics. The four levers are enhancing our portfolio choices, constantly executing with excellence, driving a winning culture, and ensuring sustainable funding for our journey. Each of these levers are supported by priorities that interlock to create value for our stak",strong,none,aligned,false,accept
MDA_2836_CARLSBG_2023,CARLSBG,Carlsberg Brewery Malaysia Berhad,2023,AR04,2,[MDA_P001],true,"MANAGEMENT DISCUSSION AND ANALYSIS In embarking on the transition journey of our corporate strategy from SAIL’22 to SAIL'27 in 2023, Carlsberg Malaysia Group (the Group) remains steadfast in implementing the four strategic levers and stands at the forefront of constantly pursuing",strong,none,aligned,false,accept
MDA_2836_CARLSBG_2023,CARLSBG,Carlsberg Brewery Malaysia Berhad,2023,AR05,2,[MDA_P001],true,"MANAGEMENT DISCUSSION AND ANALYSIS In embarking on the transition journey of our corporate strategy from SAIL’22 to SAIL'27 in 2023, Carlsberg Malaysia Group (the Group) remains steadfast in implementing the four strategic levers and stands at the forefront of constantly pursuing",strong,none,aligned,false,accept
MDA_2836_CARLSBG_2024,CARLSBG,Carlsberg Brewery Malaysia Berhad,2024,AR01,2,[MDA_P001],true,"MANAGEMENT DISCUSSION AND ANALYSIS Through Portfolio Choices, we are sharpening our focus on premiumisation, innovation and strengthening core beer offerings. Investments in premium brands, Alcohol-Free Brews and Beyond Beer categories position us to cater to evolving consumer pr",strong,none,aligned,false,accept
MDA_2836_CARLSBG_2024,CARLSBG,Carlsberg Brewery Malaysia Berhad,2024,AR02,3,[MDA_P001],true,"MANAGEMENT DISCUSSION AND ANALYSIS Through Portfolio Choices, we are sharpening our focus on premiumisation, innovation and strengthening core beer offerings. Investments in premium brands, Alcohol-Free Brews and Beyond Beer categories position us to cater to evolving consumer pr",acceptable,numeric_review_required,partial,false,manual_review
MDA_2836_CARLSBG_2024,CARLSBG,Carlsberg Brewery Malaysia Berhad,2024,AR03,2,[MDA_P001],true,"MANAGEMENT DISCUSSION AND ANALYSIS Through Portfolio Choices, we are sharpening our focus on premiumisation, innovation and strengthening core beer offerings. Investments in premium brands, Alcohol-Free Brews and Beyond Beer categories position us to cater to evolving consumer pr",strong,none,aligned,false,accept
MDA_2836_CARLSBG_2024,CARLSBG,Carlsberg Brewery Malaysia Berhad,2024,AR04,2,[MDA_P001],true,"MANAGEMENT DISCUSSION AND ANALYSIS Through Portfolio Choices, we are sharpening our focus on premiumisation, innovation and strengthening core beer offerings. Investments in premium brands, Alcohol-Free Brews and Beyond Beer categories position us to cater to evolving consumer pr",strong,none,aligned,false,accept
MDA_2836_CARLSBG_2024,CARLSBG,Carlsberg Brewery Malaysia Berhad,2024,AR05,2,[MDA_P001],true,"MANAGEMENT DISCUSSION AND ANALYSIS Through Portfolio Choices, we are sharpening our focus on premiumisation, innovation and strengthening core beer offerings. Investments in premium brands, Alcohol-Free Brews and Beyond Beer categories position us to cater to evolving consumer pr",strong,none,aligned,false,accept
MDA_3026_DLADY_2020,DLADY,DL,2020,AR01,2,[MDA_P001],true,"MANAGEMENT DISCUSSION & ANALYSIS Number 1 position in Liquid Milk. In line with DLMI’s purpose to Nourish our Nation from Grass to Glass, the business successfully overcame multiple challenges throughout 2020. 66 SKUs which make up 85% of our portfolio in the Consumer Dairy busin",strong,none,aligned,false,accept
MDA_3026_DLADY_2020,DLADY,DL,2020,AR02,3,[MDA_P001],true,"MANAGEMENT DISCUSSION & ANALYSIS Number 1 position in Liquid Milk. In line with DLMI’s purpose to Nourish our Nation from Grass to Glass, the business successfully overcame multiple challenges throughout 2020. 66 SKUs which make up 85% of our portfolio in the Consumer Dairy busin",acceptable,numeric_review_required,partial,false,manual_review
MDA_3026_DLADY_2020,DLADY,DL,2020,AR03,2,[MDA_P007],true,"MANAGEMENT DISCUSSION & ANALYSIS For our Specialised Nutrition portfolio, our Growing Up Milk segment had performed well ahead of the category. We continue to see growth in penetration of Growing Up Milk to 24.4% (+1.2pp vs 2019, source Kantar WIP). This resulted in a further inc",strong,none,aligned,false,accept
MDA_3026_DLADY_2020,DLADY,DL,2020,AR04,2,[MDA_P002],true,"obesity and stunting, especially amongst children. Beyond providing innovative products to better suit the dietary needs of Malaysians, DLMI has raised the awareness of the dual burden issues via multiple platforms leveraging on platforms such as the World Milk Day, online progra",strong,none,aligned,false,accept
MDA_3026_DLADY_2020,DLADY,DL,2020,AR05,2,[MDA_P001],true,"MANAGEMENT DISCUSSION & ANALYSIS Number 1 position in Liquid Milk. In line with DLMI’s purpose to Nourish our Nation from Grass to Glass, the business successfully overcame multiple challenges throughout 2020. 66 SKUs which make up 85% of our portfolio in the Consumer Dairy busin",strong,none,aligned,false,accept
MDA_3026_DLADY_2021,DLADY,DL,2021,AR01,2,[MDA_P001],true,"MANAGEMENT DISCUSSION & ANALYSIS Datin Seri Sunita Mei-Lin Rajakumar Chairperson Ramjeet Kaur Virik Executive Director Distributing over 180,000 milk packs to key frontliners and partnered various Non-Government Organisations, Key Opinion Leaders and Foodbanks Nourishing by Natur",strong,none,aligned,false,accept
MDA_3026_DLADY_2021,DLADY,DL,2021,AR02,3,[MDA_P006],true,"Environmental Sustainability DLMI is constantly working to reduce our environmental footprint. Efforts to care for our environment are practiced every day across our business for example through purchasing 100% green electricity. As such, we’re committed to using less energy and ",acceptable,numeric_review_required,partial,false,manual_review
MDA_3026_DLADY_2021,DLADY,DL,2021,AR03,2,[MDA_P018],true,"While we have been true to our purpose in Nourishing Malaysian, 2021 has really been the year where that purpose is clearly brought to live. Movement Control Orders (MCO) has changed the way consumer consume and perceive dairy. Not only the nutritional value of our milk is highly",strong,none,aligned,false,accept
MDA_3026_DLADY_2021,DLADY,DL,2021,AR04,2,[MDA_P023],true,During the COVID-19 pandemic DLMI has been able to continue to drive its purpose of Nourishing the Malaysian people. Profit performance details are broken down in profit resulting from sales of products sourced from the existing manufacturing facilities (profit from existing oper,strong,none,aligned,false,accept
MDA_3026_DLADY_2021,DLADY,DL,2021,AR05,2,[MDA_P001],true,"MANAGEMENT DISCUSSION & ANALYSIS Datin Seri Sunita Mei-Lin Rajakumar Chairperson Ramjeet Kaur Virik Executive Director Distributing over 180,000 milk packs to key frontliners and partnered various Non-Government Organisations, Key Opinion Leaders and Foodbanks Nourishing by Natur",strong,none,aligned,false,accept
MDA_3026_DLADY_2022,DLADY,DL,2022,AR01,4,[MDA_P001],true,Management Discussion & Analysis,strong,none,aligned,false,accept
MDA_3026_DLADY_2022,DLADY,DL,2022,AR02,2,[MDA_P032],true,"After reconciliation, DLMI paid to its shareholders a total of RM32 million in interim dividends consisting of two standards dividends of RM0.25 each. This represents a distribution of 69% of the profits attributable to shareholders. ANALYSIS OF INCOME Our reported Revenue increa",acceptable,numeric_review_required,partial,false,manual_review
MDA_3026_DLADY_2022,DLADY,DL,2022,AR03,2,[MDA_P011],true,"Management Discussion & Analysis MANAGING DIRECTOR’S REPORT With such a singular focus on purpose and people, we believe performance follows. At DLMI, performance is about ‘Winning Profitably’ in a manner that it is meaningful for both our shareholders and stakeholders. In other ",strong,none,aligned,false,accept
MDA_3026_DLADY_2022,DLADY,DL,2022,AR04,2,[MDA_P004],true,"DUTCH LADY MILK INDUSTRIES BERHAD | INTEGRATED ANNUAL REPORT 2022 MANAGING DIRECTOR’S REPORT DUAL DILEMMA & DAIRY LEADERSHIP The dynamics of business have changed over the last three years. In 2022, the market continued to perform but with uncertainty. There was no stability in p",strong,none,aligned,false,accept
MDA_3026_DLADY_2022,DLADY,DL,2022,AR05,2,[MDA_P001],true,Management Discussion & Analysis,strong,none,aligned,false,accept
MDA_3026_DLADY_2023,DLADY,DL,2023,AR01,5,[MDA_P001],true,Management Discussion & Analysis – Strategic Review | 04 | 05 | 06 | 07 | P e r s p e c t i v e CHAIRPERSON’S,strong,none,aligned,false,accept
MDA_3026_DLADY_2023,DLADY,DL,2023,AR02,3,[MDA_P004],true,"Meanwhile, sustainability KPIs are part of Managing Director and Management Team’s annual targets. Our three-year journey towards transition and adoption of Integrated Reporting principles, which commenced from the reporting cycle of 2022, is currently ongoing. The intent is to t",acceptable,numeric_review_required,partial,false,manual_review
MDA_3026_DLADY_2023,DLADY,DL,2023,AR03,2,[MDA_P004],true,"Meanwhile, sustainability KPIs are part of Managing Director and Management Team’s annual targets. Our three-year journey towards transition and adoption of Integrated Reporting principles, which commenced from the reporting cycle of 2022, is currently ongoing. The intent is to t",acceptable,none,aligned,false,accept
MDA_3026_DLADY_2023,DLADY,DL,2023,AR04,2,[MDA_P002],true,"Our priority during the year was on implementation of our strategic priorities, while operating with resilience” RESPONSIBLE BUSINESS DLMI is committed to strong corporate governance, robust risk management practices, and a conducive culture, enabling us to operate a profitable a",strong,none,aligned,false,accept
MDA_3026_DLADY_2023,DLADY,DL,2023,AR05,2,[MDA_P036],true,"This move reduced raw material but increased finished goods. In addition, we relied on stock build- up of finished goods towards a seamless market transition during the Enstek move. Receivables were managed tightly to preserve working capital. The trade and other receivables bala",strong,none,aligned,false,accept
MDA_3026_DLADY_2024,DLADY,DL,2024,AR01,4,[MDA_P001],true,"A HISTORIC MILESTONE & MASSIVE TRANSITION TOWARDS RESPONSIBLE GROWTH 2024 was history in the making for Dutch Lady Milk Industries Berhad. One notable milestone was bidding farewell to our iconic DLMI@PJ manufacturing facility, established in 1966 to produce our first product, sw",weak,too_generic,partial,true,manual_review
MDA_3026_DLADY_2024,DLADY,DL,2024,AR02,3,[MDA_P002],true,"This transition, a well- orchestrated plan over the past five years, culminated in 2024 with the critical milestone of moving to our Halal IR4.0- enabled production centre. This move will accelerate our strategy to scale operations and innovations, reinforcing our position as Mal",acceptable,numeric_review_required,partial,false,manual_review
MDA_3026_DLADY_2024,DLADY,DL,2024,AR03,2,[MDA_P001],true,"A HISTORIC MILESTONE & MASSIVE TRANSITION TOWARDS RESPONSIBLE GROWTH 2024 was history in the making for Dutch Lady Milk Industries Berhad. One notable milestone was bidding farewell to our iconic DLMI@PJ manufacturing facility, established in 1966 to produce our first product, sw",strong,none,aligned,false,accept
MDA_3026_DLADY_2024,DLADY,DL,2024,AR04,2,[MDA_P002],true,"This transition, a well- orchestrated plan over the past five years, culminated in 2024 with the critical milestone of moving to our Halal IR4.0- enabled production centre. This move will accelerate our strategy to scale operations and innovations, reinforcing our position as Mal",strong,none,aligned,false,accept
MDA_3026_DLADY_2024,DLADY,DL,2024,AR05,2,[MDA_P001],true,"A HISTORIC MILESTONE & MASSIVE TRANSITION TOWARDS RESPONSIBLE GROWTH 2024 was history in the making for Dutch Lady Milk Industries Berhad. One notable milestone was bidding farewell to our iconic DLMI@PJ manufacturing facility, established in 1966 to produce our first product, sw",strong,none,aligned,false,accept
MDA_3255_HEIM_2020,HEIM,Heineken,2020,AR01,2,[MDA_P001],true,"Management Discussion & Analysis “The cover of our Annual Report 2020 is symbolic of our organisation’s collective sentiment during the difficult time, it represents our team spirit to keep the lights shining in the darkness, and it reflects our commitment as One Strong Winning T",strong,none,aligned,false,accept
MDA_3255_HEIM_2020,HEIM,Heineken,2020,AR02,3,[MDA_P002],true,"ANNUAL REPORT 2020 | HEINEKEN MALAYSIA BERHAD Management Discussion & Analysis 2020 was a difficult year. The Covid-19 global pandemic brought the economy to a standstill. Faced with the immediate need to bring the contagion under control, the Malaysian Government introduced the ",acceptable,numeric_review_required,partial,false,manual_review
MDA_3255_HEIM_2020,HEIM,Heineken,2020,AR03,2,[MDA_P003],true,"We are the leading brewer in the country, with a portfolio of iconic international and local brands that are supported by consumers who share the same Passion for Quality that is a key HEINEKEN value. In 2020, we had to respond to the drastic changes in the external environment c",weak,missing_causal_explanation,partial,true,manual_review
MDA_3255_HEIM_2020,HEIM,Heineken,2020,AR04,2,[MDA_P001],true,"Management Discussion & Analysis “The cover of our Annual Report 2020 is symbolic of our organisation’s collective sentiment during the difficult time, it represents our team spirit to keep the lights shining in the darkness, and it reflects our commitment as One Strong Winning T",strong,none,aligned,false,accept
MDA_3255_HEIM_2020,HEIM,Heineken,2020,AR05,2,[MDA_P001],true,"Management Discussion & Analysis “The cover of our Annual Report 2020 is symbolic of our organisation’s collective sentiment during the difficult time, it represents our team spirit to keep the lights shining in the darkness, and it reflects our commitment as One Strong Winning T",strong,none,aligned,false,accept
MDA_3255_HEIM_2021,HEIM,Heineken,2021,AR01,2,[MDA_P001],true,"Management Discussion & Analysis Navigating through the storm We kept an all hands on deck approach by keeping the team connected and motivated through regular communications and updates, despite the many uncertainties in the external environment. Building on our experience in th",strong,none,aligned,false,accept
MDA_3255_HEIM_2021,HEIM,Heineken,2021,AR02,3,[MDA_P001],true,"Management Discussion & Analysis Navigating through the storm We kept an all hands on deck approach by keeping the team connected and motivated through regular communications and updates, despite the many uncertainties in the external environment. Building on our experience in th",acceptable,numeric_review_required,partial,false,manual_review
MDA_3255_HEIM_2021,HEIM,Heineken,2021,AR03,2,[MDA_P003],true,"The pause in our brewery operations was significantly longer than the seven week stoppage we faced in 2020 due to the first MCO and this impeded on the Group’s ability to conduct our normal business operations. Nevertheless, I am pleased to share that the bold moves we took prove",strong,none,aligned,false,accept
MDA_3255_HEIM_2021,HEIM,Heineken,2021,AR04,2,[MDA_P002],true,"Annual REPORT 2021 | HEINEKEN MALAYSIA BERHAD Who We Are Our Business Model Performance Review Sustainability Review How We Are Governed Our Numbers & Other Information After a difficult 2020 due to the COVID-19 pandemic, we went into 2021 hopeful of continued recovery. The prolo",strong,none,aligned,false,accept
MDA_3255_HEIM_2021,HEIM,Heineken,2021,AR05,2,[MDA_P001],true,"Management Discussion & Analysis Navigating through the storm We kept an all hands on deck approach by keeping the team connected and motivated through regular communications and updates, despite the many uncertainties in the external environment. Building on our experience in th",strong,none,aligned,false,accept
MDA_3255_HEIM_2022,HEIM,Heineken,2022,AR01,2,[MDA_P001],true,"Management Discussion & Analysis Emerging Stronger from the Crisis 2022 was a new dawn as we stepped out from the global pandemic. Businesses reopened, social restrictions relaxed, international tourism resumed, and we pushed ahead to accelerate our recovery amidst the evolving c",strong,none,aligned,false,accept
MDA_3255_HEIM_2022,HEIM,Heineken,2022,AR02,3,[MDA_P004],true,"The following is a review of our business and financial performance, the highlights of our commercial campaigns, the progress of our sustainability commitments, as well as the outlook for 2023. OUR PERFORMANCE Compared to 2021, Group revenue rose by 44%, mainly attributable to an",acceptable,numeric_review_required,partial,false,manual_review
MDA_3255_HEIM_2022,HEIM,Heineken,2022,AR03,2,[MDA_P001],true,"Management Discussion & Analysis Emerging Stronger from the Crisis 2022 was a new dawn as we stepped out from the global pandemic. Businesses reopened, social restrictions relaxed, international tourism resumed, and we pushed ahead to accelerate our recovery amidst the evolving c",acceptable,none,aligned,false,accept
MDA_3255_HEIM_2022,HEIM,Heineken,2022,AR04,4,[MDA_P004],true,"The following is a review of our business and financial performance, the highlights of our commercial campaigns, the progress of our sustainability commitments, as well as the outlook for 2023. OUR PERFORMANCE Compared to 2021, Group revenue rose by 44%, mainly attributable to an",acceptable,none,aligned,false,accept
MDA_3255_HEIM_2022,HEIM,Heineken,2022,AR05,2,[MDA_P001],true,"Management Discussion & Analysis Emerging Stronger from the Crisis 2022 was a new dawn as we stepped out from the global pandemic. Businesses reopened, social restrictions relaxed, international tourism resumed, and we pushed ahead to accelerate our recovery amidst the evolving c",strong,none,aligned,false,accept
MDA_3255_HEIM_2023,HEIM,Heineken,2023,AR01,2,[MDA_P001],true,"Management Discussion & Analysis Roland Bala Managing Director Creating Good Times, Celebrating the Joy of True Togetherness In 2023, we celebrated the 150th anniversary of the Heineken® brand, the world’s no. 1 international premium beer. Forget the candles, this was about honou",strong,none,aligned,false,accept
MDA_3255_HEIM_2023,HEIM,Heineken,2023,AR02,3,[MDA_P004],true,"The following is a review of our business and financial performance, the highlights of our commercial campaigns, the progress of our sustainability goals, as well as the outlook for 2024. OUR PERFORMANCE Compared with our 2022 performance, Group revenue decreased by 8%, mainly du",acceptable,numeric_review_required,partial,false,manual_review
MDA_3255_HEIM_2023,HEIM,Heineken,2023,AR03,2,[MDA_P004],true,"The following is a review of our business and financial performance, the highlights of our commercial campaigns, the progress of our sustainability goals, as well as the outlook for 2024. OUR PERFORMANCE Compared with our 2022 performance, Group revenue decreased by 8%, mainly du",strong,none,aligned,false,accept
MDA_3255_HEIM_2023,HEIM,Heineken,2023,AR04,2,[MDA_P004],true,"The following is a review of our business and financial performance, the highlights of our commercial campaigns, the progress of our sustainability goals, as well as the outlook for 2024. OUR PERFORMANCE Compared with our 2022 performance, Group revenue decreased by 8%, mainly du",strong,none,aligned,false,accept
MDA_3255_HEIM_2023,HEIM,Heineken,2023,AR05,1,[MDA_P001],true,"Management Discussion & Analysis Roland Bala Managing Director Creating Good Times, Celebrating the Joy of True Togetherness In 2023, we celebrated the 150th anniversary of the Heineken® brand, the world’s no. 1 international premium beer. Forget the candles, this was about honou",strong,none,aligned,false,accept
MDA_3255_HEIM_2024,HEIM,Heineken,2024,AR01,4,[MDA_P001],true,"Management Discussion & Analysis HEINEKEN Malaysia delivered strong financial results in 2024, showing significant progress from the previous year, fueled by strategic marketing efforts and the successful launch of innovation products that resonated well with consumers. BUSINESS ",strong,none,aligned,false,accept
MDA_3255_HEIM_2024,HEIM,Heineken,2024,AR02,3,[MDA_P001],true,"Management Discussion & Analysis HEINEKEN Malaysia delivered strong financial results in 2024, showing significant progress from the previous year, fueled by strategic marketing efforts and the successful launch of innovation products that resonated well with consumers. BUSINESS ",acceptable,numeric_review_required,partial,false,manual_review
MDA_3255_HEIM_2024,HEIM,Heineken,2024,AR03,2,[MDA_P001],true,"Management Discussion & Analysis HEINEKEN Malaysia delivered strong financial results in 2024, showing significant progress from the previous year, fueled by strategic marketing efforts and the successful launch of innovation products that resonated well with consumers. BUSINESS ",strong,none,aligned,false,accept
MDA_3255_HEIM_2024,HEIM,Heineken,2024,AR04,4,[MDA_P001],true,"Management Discussion & Analysis HEINEKEN Malaysia delivered strong financial results in 2024, showing significant progress from the previous year, fueled by strategic marketing efforts and the successful launch of innovation products that resonated well with consumers. BUSINESS ",strong,none,aligned,false,accept
MDA_3255_HEIM_2024,HEIM,Heineken,2024,AR05,2,[MDA_P001],true,"Management Discussion & Analysis HEINEKEN Malaysia delivered strong financial results in 2024, showing significant progress from the previous year, fueled by strategic marketing efforts and the successful launch of innovation products that resonated well with consumers. BUSINESS ",strong,none,aligned,false,accept
MDA_3662_MFLOUR_2020,MFLOUR,MFM,2020,AR01,5,[MDA_P001],true,MANAGEMENT DISCUSSION AND ANALYSIS,strong,none,aligned,false,accept
MDA_3662_MFLOUR_2020,MFLOUR,MFM,2020,AR02,3,[MDA_P001],true,MANAGEMENT DISCUSSION AND ANALYSIS,invalid,missing_financial_content,misaligned,true,rerun_dimension_only
MDA_3662_MFLOUR_2020,MFLOUR,MFM,2020,AR03,4,[MDA_P002],true,"ANNUAL REPORT 2020 - Malayan Flour Mills Berhad The net interest expenses reduced by RM1.1 million to RM17.3 million in 2020 as compared to the previous year primarily due to the lower interest rate environment throughout the year. As at 31 December 2020, our Group’s total assets",strong,none,aligned,false,accept
MDA_3662_MFLOUR_2020,MFLOUR,MFM,2020,AR04,4,[MDA_P006],true,"ANNUAL REPORT 2020 - Malayan Flour Mills Berhad Anticipated or Known Risks Food safety and compliance to standards are top priorities for us as a food manufacturer as usage of fl our and poultry is very wide and diverse and it cut across different cultural background, race and re",strong,none,aligned,false,accept
MDA_3662_MFLOUR_2020,MFLOUR,MFM,2020,AR05,4,[MDA_P001],true,MANAGEMENT DISCUSSION AND ANALYSIS,strong,none,aligned,false,accept
MDA_3662_MFLOUR_2021,MFLOUR,MFM,2021,AR01,5,[MDA_P001],true,MANAGEMENT DISCUSSION AND ANALYSIS,strong,none,aligned,false,accept
MDA_3662_MFLOUR_2021,MFLOUR,MFM,2021,AR02,3,[MDA_P001],true,MANAGEMENT DISCUSSION AND ANALYSIS,invalid,missing_financial_content,misaligned,true,rerun_dimension_only
MDA_3662_MFLOUR_2021,MFLOUR,MFM,2021,AR03,4,[MDA_P002],true,"ANNUAL REPORT 2021 - Malayan Flour Mills Berhad to favourable margin arising from higher sales volume of fl our and increased selling prices in 2021. On the contrary, grains trading business recorded an operating loss for fi nancial year 2021 due to lower demand and higher commod",strong,none,aligned,false,accept
MDA_3662_MFLOUR_2021,MFLOUR,MFM,2021,AR04,4,[MDA_P003],true,"Our Group’s Earnings before interest, taxes, depreciation and amortisation (“EBITDA”) from continuing operations after fair value loss arising from remeasurement of contingent consideration receivable and provision for profi t guarantee payment of RM77.87 million and RM15.00 mill",strong,none,aligned,false,accept
MDA_3662_MFLOUR_2021,MFLOUR,MFM,2021,AR05,4,[MDA_P001],true,MANAGEMENT DISCUSSION AND ANALYSIS,strong,none,aligned,false,accept
MDA_3662_MFLOUR_2022,MFLOUR,MFM,2022,AR01,5,[MDA_P001],true,MANAGEMENT DISCUSSION AND ANALYSIS,strong,none,aligned,false,accept
MDA_3662_MFLOUR_2022,MFLOUR,MFM,2022,AR02,3,[MDA_P001],true,MANAGEMENT DISCUSSION AND ANALYSIS,acceptable,numeric_review_required,partial,false,manual_review
MDA_3662_MFLOUR_2022,MFLOUR,MFM,2022,AR03,2,[MDA_P002],true,"Annual Report 2022 - Malayan Flour Mills Berhad MANAGEMENT DISCUSSION AND ANALYSIS (CONT’D) Financial Performance Highlights In the financial year ended 31 December 2022 (“FY2022”), MFM performed commendably, delivering a set of financial results that point towards the success of",strong,none,aligned,false,accept
MDA_3662_MFLOUR_2022,MFLOUR,MFM,2022,AR04,4,[MDA_P003],true,"MFM saw a confluence of factors affecting our FGT business, namely the geopolitical conflict in Europe, the economic impact from inflationary pressure which ultimately drove up commodity prices along with interest rates, as well as the indirect effect on currency volatility, amid",strong,none,aligned,false,accept
MDA_3662_MFLOUR_2022,MFLOUR,MFM,2022,AR05,2,[MDA_P001],true,MANAGEMENT DISCUSSION AND ANALYSIS,strong,none,aligned,false,accept
MDA_3662_MFLOUR_2023,MFLOUR,MFM,2023,AR01,4,[MDA_P001],true,MANAGEMENT DISCUSSION AND ANALYSIS,strong,none,aligned,false,accept
MDA_3662_MFLOUR_2023,MFLOUR,MFM,2023,AR02,3,[MDA_P001],true,MANAGEMENT DISCUSSION AND ANALYSIS,invalid,missing_financial_content,misaligned,true,rerun_dimension_only
MDA_3662_MFLOUR_2023,MFLOUR,MFM,2023,AR03,4,[MDA_P002],true,"Annual Report 2023 | Malayan Flour Mills Berhad 23 Financial Performance Highlights To begin with, the operating activities that contribute to MFM’s consolidated revenue are from the Flour and Grain Trading (“FGT”) and aquafeed businesses. The other businesses, namely the Poultry",strong,none,aligned,false,accept
MDA_3662_MFLOUR_2023,MFLOUR,MFM,2023,AR04,2,[MDA_P002],true,"Annual Report 2023 | Malayan Flour Mills Berhad 23 Financial Performance Highlights To begin with, the operating activities that contribute to MFM’s consolidated revenue are from the Flour and Grain Trading (“FGT”) and aquafeed businesses. The other businesses, namely the Poultry",strong,none,aligned,false,accept
MDA_3662_MFLOUR_2023,MFLOUR,MFM,2023,AR05,4,[MDA_P001],true,MANAGEMENT DISCUSSION AND ANALYSIS,strong,none,aligned,false,accept
MDA_3662_MFLOUR_2024,MFLOUR,MFM,2024,AR01,4,[MDA_P001],true,Management Discussion and Analysis,strong,none,aligned,false,accept
MDA_3662_MFLOUR_2024,MFLOUR,MFM,2024,AR02,3,[MDA_P001],true,Management Discussion and Analysis,acceptable,numeric_review_required,partial,false,manual_review
MDA_3662_MFLOUR_2024,MFLOUR,MFM,2024,AR03,4,[MDA_P002],true,"ANNUAL REPORT 2024 | Malayan Flour Mills Berhad 25 Similarly, in aquaculture, we are committed to continuous innovation and refi nement of our products to enhance the quality of our aqua feeds and better meet client specifi cations. Financial Performance Highlights During the fi ",strong,none,aligned,false,accept
MDA_3662_MFLOUR_2024,MFLOUR,MFM,2024,AR04,4,[MDA_P002],true,"ANNUAL REPORT 2024 | Malayan Flour Mills Berhad 25 Similarly, in aquaculture, we are committed to continuous innovation and refi nement of our products to enhance the quality of our aqua feeds and better meet client specifi cations. Financial Performance Highlights During the fi ",strong,none,aligned,false,accept
MDA_3662_MFLOUR_2024,MFLOUR,MFM,2024,AR05,4,[MDA_P001],true,Management Discussion and Analysis,strong,none,aligned,false,accept
MDA_3689_FN_2020,FN,FNHB,2020,AR01,4,[MDA_P001],true,"BUSINESS REVIEW: Food and Beverages Malaysia Managing Director, Domestic Commercial Operations (Peninsular Malaysia) Bryan Lee Chee Kong Director, Domestic Commercial Operations (East Malaysia & Brunei) Bart Lim Siang Chin",strong,none,aligned,false,accept
MDA_3689_FN_2020,FN,FNHB,2020,AR02,4,[MDA_P001],true,"BUSINESS REVIEW: Food and Beverages Malaysia Managing Director, Domestic Commercial Operations (Peninsular Malaysia) Bryan Lee Chee Kong Director, Domestic Commercial Operations (East Malaysia & Brunei) Bart Lim Siang Chin",invalid,missing_financial_content,misaligned,true,rerun_dimension_only
MDA_3689_FN_2020,FN,FNHB,2020,AR03,2,[MDA_P002],true,"ANNUAL REPORT 2020 md&a Complementing online sales, we strengthened our route to market by partnering other merchants as well as F&B outlets with whom we bundled our products. We also penetrated deeper into previously unserved areas throughout Malaysia with pilot van sales to dri",strong,none,aligned,false,accept
MDA_3689_FN_2020,FN,FNHB,2020,AR04,2,[MDA_P007],true,"BUSINESS REVIEW: Food and Beverages Malaysia (Cont’d.) OUTLOOK The immediate future is wrought with the ongoing pandemic as well as local and global uncertainties. Despite the volatile landscape, we have been able to discern emerging trends and harness opportunities as efficientl",strong,none,aligned,false,accept
MDA_3689_FN_2020,FN,FNHB,2020,AR05,5,[MDA_P001],true,"BUSINESS REVIEW: Food and Beverages Malaysia Managing Director, Domestic Commercial Operations (Peninsular Malaysia) Bryan Lee Chee Kong Director, Domestic Commercial Operations (East Malaysia & Brunei) Bart Lim Siang Chin",acceptable,none,aligned,false,accept
MDA_3689_FN_2021,FN,FNHB,2021,AR01,4,[MDA_P001],true,Management Discussion & Analysis,strong,none,aligned,false,accept
MDA_3689_FN_2021,FN,FNHB,2021,AR02,3,[MDA_P002],true,"Market Review FY2021 has been signiﬁcantly more challenging than FY2020 for our Malaysian, Thai and Export operations for three main reasons: Covid-19, the increase in price of commodities, as well as that of freight charges. In both Malaysia and Thailand, after a period during w",invalid,missing_financial_content,misaligned,true,rerun_dimension_only
MDA_3689_FN_2021,FN,FNHB,2021,AR03,2,[MDA_P002],true,"Market Review FY2021 has been signiﬁcantly more challenging than FY2020 for our Malaysian, Thai and Export operations for three main reasons: Covid-19, the increase in price of commodities, as well as that of freight charges. In both Malaysia and Thailand, after a period during w",strong,none,aligned,false,accept
MDA_3689_FN_2021,FN,FNHB,2021,AR04,4,[MDA_P002],true,"Market Review FY2021 has been signiﬁcantly more challenging than FY2020 for our Malaysian, Thai and Export operations for three main reasons: Covid-19, the increase in price of commodities, as well as that of freight charges. In both Malaysia and Thailand, after a period during w",strong,none,aligned,false,accept
MDA_3689_FN_2021,FN,FNHB,2021,AR05,4,[MDA_P001],true,Management Discussion & Analysis,strong,none,aligned,false,accept
MDA_3689_FN_2022,FN,FNHB,2022,AR01,2,[MDA_P001],true,"Management Discussion & Analysis Strategic Review Market Review OUR OPERATING LANDSCAPE The year 2022 has been marked by two key and opposing factors. Positively, it has seen the gradual unravelling of movement and social restrictions imposed to contain COVID-19. Yet, rather than",strong,none,aligned,false,accept
MDA_3689_FN_2022,FN,FNHB,2022,AR02,2,[MDA_P001],true,"Management Discussion & Analysis Strategic Review Market Review OUR OPERATING LANDSCAPE The year 2022 has been marked by two key and opposing factors. Positively, it has seen the gradual unravelling of movement and social restrictions imposed to contain COVID-19. Yet, rather than",acceptable,numeric_review_required,partial,false,manual_review
MDA_3689_FN_2022,FN,FNHB,2022,AR03,2,[MDA_P001],true,"Management Discussion & Analysis Strategic Review Market Review OUR OPERATING LANDSCAPE The year 2022 has been marked by two key and opposing factors. Positively, it has seen the gradual unravelling of movement and social restrictions imposed to contain COVID-19. Yet, rather than",strong,none,aligned,false,accept
MDA_3689_FN_2022,FN,FNHB,2022,AR04,2,[MDA_P002],true,"Key factors reigning in a fuller recovery are high inflation and muted trade with China, which has enforced several lockdowns in attempts to maintain zero-COVID. Economic growth discrepancy aside, both countries continue to be affected by supply chain disruptions and a sharp incr",strong,none,aligned,false,accept
MDA_3689_FN_2022,FN,FNHB,2022,AR05,2,[MDA_P001],true,"Management Discussion & Analysis Strategic Review Market Review OUR OPERATING LANDSCAPE The year 2022 has been marked by two key and opposing factors. Positively, it has seen the gradual unravelling of movement and social restrictions imposed to contain COVID-19. Yet, rather than",strong,none,aligned,false,accept
MDA_3689_FN_2023,FN,FNHB,2023,AR01,2,[MDA_P001],true,"MANAGEMENT DISCUSSION & ANALYSIS Annual Report 2023 MARKET REVIEW A. Strategic Review In May 2023, the World Health Organization (WHO) declared that COVID-19 “no longer constitutes a public health emergency of international concern”. Yet, the global macroenvironment is far from b",strong,none,aligned,false,accept
MDA_3689_FN_2023,FN,FNHB,2023,AR02,3,[MDA_P001],true,"MANAGEMENT DISCUSSION & ANALYSIS Annual Report 2023 MARKET REVIEW A. Strategic Review In May 2023, the World Health Organization (WHO) declared that COVID-19 “no longer constitutes a public health emergency of international concern”. Yet, the global macroenvironment is far from b",acceptable,numeric_review_required,partial,false,manual_review
MDA_3689_FN_2023,FN,FNHB,2023,AR03,2,[MDA_P002],true,"In Malaysia, Bank Negara forecasts that the economy will benefit from robust domestic demand, the implementation of major infrastructure projects as well as recovering tourism to expand between 4.0% and 5.0%. Nevertheless, this is a marked slowdown compared to the growth of 8.7% ",strong,none,aligned,false,accept
MDA_3689_FN_2023,FN,FNHB,2023,AR04,2,[MDA_P001],true,"MANAGEMENT DISCUSSION & ANALYSIS Annual Report 2023 MARKET REVIEW A. Strategic Review In May 2023, the World Health Organization (WHO) declared that COVID-19 “no longer constitutes a public health emergency of international concern”. Yet, the global macroenvironment is far from b",strong,none,aligned,false,accept
MDA_3689_FN_2023,FN,FNHB,2023,AR05,2,[MDA_P001],true,"MANAGEMENT DISCUSSION & ANALYSIS Annual Report 2023 MARKET REVIEW A. Strategic Review In May 2023, the World Health Organization (WHO) declared that COVID-19 “no longer constitutes a public health emergency of international concern”. Yet, the global macroenvironment is far from b",strong,none,aligned,false,accept
MDA_4065_PPB_2020,PPB,PPB,2020,AR01,4,[MDA_P001],true,"Financial Review 4,190,690 1,420,933 4,683,776 1,271,628 The Group achieved total revenue of RM4.19 billion, 11% lower than FY2019. This was mainly attributable to lower revenue from the Film exhibition and distribution segment. Group pre-tax profit was higher by 12% to RM1.42 bi",strong,none,aligned,false,accept
MDA_4065_PPB_2020,PPB,PPB,2020,AR02,3,[MDA_P001],true,"Financial Review 4,190,690 1,420,933 4,683,776 1,271,628 The Group achieved total revenue of RM4.19 billion, 11% lower than FY2019. This was mainly attributable to lower revenue from the Film exhibition and distribution segment. Group pre-tax profit was higher by 12% to RM1.42 bi",acceptable,numeric_review_required,partial,false,manual_review
MDA_4065_PPB_2020,PPB,PPB,2020,AR03,2,[MDA_P001],true,"Financial Review 4,190,690 1,420,933 4,683,776 1,271,628 The Group achieved total revenue of RM4.19 billion, 11% lower than FY2019. This was mainly attributable to lower revenue from the Film exhibition and distribution segment. Group pre-tax profit was higher by 12% to RM1.42 bi",strong,none,aligned,false,accept
MDA_4065_PPB_2020,PPB,PPB,2020,AR04,4,[MDA_P001],true,"Financial Review 4,190,690 1,420,933 4,683,776 1,271,628 The Group achieved total revenue of RM4.19 billion, 11% lower than FY2019. This was mainly attributable to lower revenue from the Film exhibition and distribution segment. Group pre-tax profit was higher by 12% to RM1.42 bi",acceptable,none,aligned,false,accept
MDA_4065_PPB_2020,PPB,PPB,2020,AR05,4,[MDA_P001],true,"Financial Review 4,190,690 1,420,933 4,683,776 1,271,628 The Group achieved total revenue of RM4.19 billion, 11% lower than FY2019. This was mainly attributable to lower revenue from the Film exhibition and distribution segment. Group pre-tax profit was higher by 12% to RM1.42 bi",strong,none,aligned,false,accept
MDA_4065_PPB_2021,PPB,PPB,2021,AR01,4,[MDA_P001],true,Annual Report for a more detailed management discussion and analysis of our business operations and performance in FY2021. COVID-19 Initiatives PPB Group continued to undertake various initiatives to support the community during the COVID-19 pandemic. We spent a total of RM6 mill,strong,none,aligned,false,accept
MDA_4065_PPB_2021,PPB,PPB,2021,AR02,2,[MDA_P004],true,"GRAINS AND AGRIBUSINESS SEGMENT The Grains and Agribusiness segment is the largest contributor to Group revenue. This segment comprises Flour Milling, Feed Milling, Corn Trading and Livestock Farming, contributing 78% of the Group’s revenue and 4% of profit in FY2021. FFM Berhad ",acceptable,numeric_review_required,partial,false,manual_review
MDA_4065_PPB_2021,PPB,PPB,2021,AR03,2,[MDA_P002],true,"MANAGING DIRECTOR’S REVIEW Dear Shareholders, The PPB Group performed satisfactorily in 2021 despite the continuing COVID-19 pandemic. Notwithstanding the difficulties faced by our businesses, the Group results remained stable, due largely to the contribution from Wilmar Internat",strong,none,aligned,false,accept
MDA_4065_PPB_2021,PPB,PPB,2021,AR04,4,[MDA_P005],true,Flour Milling Animal Feed Milling Navigating the Pandemic FFM Group’s increased revenue for 2021 was due to the higher selling prices and sales volume in both Indonesia and Vietnam. The rise in raw materials cost contributed to the increase in selling price of flour; a portion of,strong,none,aligned,false,accept
MDA_4065_PPB_2021,PPB,PPB,2021,AR05,2,[MDA_P001],true,Annual Report for a more detailed management discussion and analysis of our business operations and performance in FY2021. COVID-19 Initiatives PPB Group continued to undertake various initiatives to support the community during the COVID-19 pandemic. We spent a total of RM6 mill,strong,none,aligned,false,accept
MDA_4065_PPB_2022,PPB,PPB,2022,AR01,4,[MDA_P001],true,"PPB Group Berhad | Annual Report 2022 PPB Group Berhad | Annual Report 2022 MESSAGES FROM OUR LEADERS Managing director’s review Dear Shareholders, In 2022, Malaysia’s economy strengthened with the reopening of international borders and the transition to the endemic phase of COVI",strong,none,aligned,false,accept
MDA_4065_PPB_2022,PPB,PPB,2022,AR02,3,[MDA_P001],true,"PPB Group Berhad | Annual Report 2022 PPB Group Berhad | Annual Report 2022 MESSAGES FROM OUR LEADERS Managing director’s review Dear Shareholders, In 2022, Malaysia’s economy strengthened with the reopening of international borders and the transition to the endemic phase of COVI",acceptable,numeric_review_required,partial,false,manual_review
MDA_4065_PPB_2022,PPB,PPB,2022,AR03,4,[MDA_P001],true,"PPB Group Berhad | Annual Report 2022 PPB Group Berhad | Annual Report 2022 MESSAGES FROM OUR LEADERS Managing director’s review Dear Shareholders, In 2022, Malaysia’s economy strengthened with the reopening of international borders and the transition to the endemic phase of COVI",strong,none,aligned,false,accept
MDA_4065_PPB_2022,PPB,PPB,2022,AR04,4,[MDA_P001],true,"PPB Group Berhad | Annual Report 2022 PPB Group Berhad | Annual Report 2022 MESSAGES FROM OUR LEADERS Managing director’s review Dear Shareholders, In 2022, Malaysia’s economy strengthened with the reopening of international borders and the transition to the endemic phase of COVI",strong,none,aligned,false,accept
MDA_4065_PPB_2022,PPB,PPB,2022,AR05,4,[MDA_P001],true,"PPB Group Berhad | Annual Report 2022 PPB Group Berhad | Annual Report 2022 MESSAGES FROM OUR LEADERS Managing director’s review Dear Shareholders, In 2022, Malaysia’s economy strengthened with the reopening of international borders and the transition to the endemic phase of COVI",strong,none,aligned,false,accept
MDA_4065_PPB_2023,PPB,PPB,2023,AR01,5,[MDA_P001],true,"Managing director’s review Managing director’s review NAVIGATING THE YEAR AND BEYOND PPB Group Berhad remained resilient and committed to sustainable growth to navigate the challenging year. As a conglomerate engaged in diverse business activities, we leveraged on the talents and",strong,none,aligned,false,accept
MDA_4065_PPB_2023,PPB,PPB,2023,AR02,3,[MDA_P001],true,"Managing director’s review Managing director’s review NAVIGATING THE YEAR AND BEYOND PPB Group Berhad remained resilient and committed to sustainable growth to navigate the challenging year. As a conglomerate engaged in diverse business activities, we leveraged on the talents and",acceptable,numeric_review_required,partial,false,manual_review
MDA_4065_PPB_2023,PPB,PPB,2023,AR03,4,[MDA_P001],true,"Managing director’s review Managing director’s review NAVIGATING THE YEAR AND BEYOND PPB Group Berhad remained resilient and committed to sustainable growth to navigate the challenging year. As a conglomerate engaged in diverse business activities, we leveraged on the talents and",strong,none,aligned,false,accept
MDA_4065_PPB_2023,PPB,PPB,2023,AR04,4,[MDA_P001],true,"Managing director’s review Managing director’s review NAVIGATING THE YEAR AND BEYOND PPB Group Berhad remained resilient and committed to sustainable growth to navigate the challenging year. As a conglomerate engaged in diverse business activities, we leveraged on the talents and",strong,none,aligned,false,accept
MDA_4065_PPB_2023,PPB,PPB,2023,AR05,4,[MDA_P001],true,"Managing director’s review Managing director’s review NAVIGATING THE YEAR AND BEYOND PPB Group Berhad remained resilient and committed to sustainable growth to navigate the challenging year. As a conglomerate engaged in diverse business activities, we leveraged on the talents and",strong,none,aligned,false,accept
MDA_4065_PPB_2024,PPB,PPB,2024,AR01,2,[MDA_P001],true,PERFORMANCE REVIEW PPB Group Berhad Annual Report 2024,strong,none,aligned,false,accept
MDA_4065_PPB_2024,PPB,PPB,2024,AR02,3,[MDA_P016],true,"Revenue 5,386 5,721 (5.9) Profit before taxation 1,333 1,488 (10.4) Profit after taxation 1,242 1,421 (12.6) Profit attributable to owners of the parent 1,219 1,394 (12.6)",acceptable,numeric_review_required,partial,false,manual_review
MDA_4065_PPB_2024,PPB,PPB,2024,AR03,2,[MDA_P016],true,"Revenue 5,386 5,721 (5.9) Profit before taxation 1,333 1,488 (10.4) Profit after taxation 1,242 1,421 (12.6) Profit attributable to owners of the parent 1,219 1,394 (12.6)",weak,missing_causal_explanation,partial,true,manual_review
MDA_4065_PPB_2024,PPB,PPB,2024,AR04,4,[MDA_P004],true,6. Supply chain disruption risk Disruptive worldwide events such as climate change and geopolitical tensions expose the Group to supply chain,strong,none,aligned,false,accept
MDA_4065_PPB_2024,PPB,PPB,2024,AR05,2,[MDA_P001],true,PERFORMANCE REVIEW PPB Group Berhad Annual Report 2024,strong,none,aligned,false,accept
MDA_4707_NESTLE_2020,NESTLE,Nestle Malaysia Berhad,2020,AR01,4,[MDA_P001],true,"Management Discussion & Analysis FINANCIAL REVIEW At the very onset of the pandemic, we quickly realigned our priorities significantly to ramp up safety, health and preventive measures for our people and to preserve operational continuity. We focused increasingly on the pressing ",strong,none,aligned,false,accept
MDA_4707_NESTLE_2020,NESTLE,Nestle Malaysia Berhad,2020,AR02,3,[MDA_P001],true,"Management Discussion & Analysis FINANCIAL REVIEW At the very onset of the pandemic, we quickly realigned our priorities significantly to ramp up safety, health and preventive measures for our people and to preserve operational continuity. We focused increasingly on the pressing ",acceptable,numeric_review_required,partial,false,manual_review
MDA_4707_NESTLE_2020,NESTLE,Nestle Malaysia Berhad,2020,AR03,2,[MDA_P001],true,"Management Discussion & Analysis FINANCIAL REVIEW At the very onset of the pandemic, we quickly realigned our priorities significantly to ramp up safety, health and preventive measures for our people and to preserve operational continuity. We focused increasingly on the pressing ",strong,none,aligned,false,accept
MDA_4707_NESTLE_2020,NESTLE,Nestle Malaysia Berhad,2020,AR04,2,[MDA_P002],true,"OPERATIONAL & BUSINESS REVIEW Every challenge also brings new opportunities, and our teams remained focused, proactive and entrepreneurial to tap into each potential opportunity. Nestlé Malaysia continued to demonstrate resilience throughout the year, weathering through a global ",strong,none,aligned,false,accept
MDA_4707_NESTLE_2020,NESTLE,Nestle Malaysia Berhad,2020,AR05,4,[MDA_P001],true,"Management Discussion & Analysis FINANCIAL REVIEW At the very onset of the pandemic, we quickly realigned our priorities significantly to ramp up safety, health and preventive measures for our people and to preserve operational continuity. We focused increasingly on the pressing ",strong,none,aligned,false,accept
MDA_4707_NESTLE_2021,NESTLE,Nestle Malaysia Berhad,2021,AR01,4,[MDA_P001],true,"Management Discussion and Analysis “By staying focused on what mattered, Nestlé Malaysia has been able to manage the ongoing challenges of the pandemic in 2021, accelerating growth and improving year-on-year profitability, while supporting the community in times of need and accel",strong,none,aligned,false,accept
MDA_4707_NESTLE_2021,NESTLE,Nestle Malaysia Berhad,2021,AR02,3,[MDA_P001],true,"Management Discussion and Analysis “By staying focused on what mattered, Nestlé Malaysia has been able to manage the ongoing challenges of the pandemic in 2021, accelerating growth and improving year-on-year profitability, while supporting the community in times of need and accel",acceptable,numeric_review_required,partial,false,manual_review
MDA_4707_NESTLE_2021,NESTLE,Nestle Malaysia Berhad,2021,AR03,2,[MDA_P001],true,"Management Discussion and Analysis “By staying focused on what mattered, Nestlé Malaysia has been able to manage the ongoing challenges of the pandemic in 2021, accelerating growth and improving year-on-year profitability, while supporting the community in times of need and accel",strong,none,aligned,false,accept
MDA_4707_NESTLE_2021,NESTLE,Nestle Malaysia Berhad,2021,AR04,4,[MDA_P002],true,"Overall, solid growth in combination with our disciplined approach to cost management and the partial mitigation of the impact from commodity headwinds allowed us to record a recovery in profit after tax of RM569.8 million for the year, up by 3.1%, while profit before tax stood a",acceptable,none,aligned,false,accept
MDA_4707_NESTLE_2021,NESTLE,Nestle Malaysia Berhad,2021,AR05,2,[MDA_P001],true,"Management Discussion and Analysis “By staying focused on what mattered, Nestlé Malaysia has been able to manage the ongoing challenges of the pandemic in 2021, accelerating growth and improving year-on-year profitability, while supporting the community in times of need and accel",strong,none,aligned,false,accept
MDA_4707_NESTLE_2022,NESTLE,Nestle Malaysia Berhad,2022,AR01,4,[MDA_P001],true,"Management Discussion and Analysis FINANCIAL REVIEW The year shaped up to be one of solid recovery post-COVID lockdowns, amidst global volatile conditions and commodities inflation. We sharpened our focus to keep upholding the trust placed in us by Malaysians and meet their expec",strong,none,aligned,false,accept
MDA_4707_NESTLE_2022,NESTLE,Nestle Malaysia Berhad,2022,AR02,3,[MDA_P001],true,"Management Discussion and Analysis FINANCIAL REVIEW The year shaped up to be one of solid recovery post-COVID lockdowns, amidst global volatile conditions and commodities inflation. We sharpened our focus to keep upholding the trust placed in us by Malaysians and meet their expec",acceptable,numeric_review_required,partial,false,manual_review
MDA_4707_NESTLE_2022,NESTLE,Nestle Malaysia Berhad,2022,AR03,2,[MDA_P001],true,"Management Discussion and Analysis FINANCIAL REVIEW The year shaped up to be one of solid recovery post-COVID lockdowns, amidst global volatile conditions and commodities inflation. We sharpened our focus to keep upholding the trust placed in us by Malaysians and meet their expec",strong,none,aligned,false,accept
MDA_4707_NESTLE_2022,NESTLE,Nestle Malaysia Berhad,2022,AR04,4,[MDA_P001],true,"Management Discussion and Analysis FINANCIAL REVIEW The year shaped up to be one of solid recovery post-COVID lockdowns, amidst global volatile conditions and commodities inflation. We sharpened our focus to keep upholding the trust placed in us by Malaysians and meet their expec",acceptable,none,aligned,false,accept
MDA_4707_NESTLE_2022,NESTLE,Nestle Malaysia Berhad,2022,AR05,4,[MDA_P001],true,"Management Discussion and Analysis FINANCIAL REVIEW The year shaped up to be one of solid recovery post-COVID lockdowns, amidst global volatile conditions and commodities inflation. We sharpened our focus to keep upholding the trust placed in us by Malaysians and meet their expec",strong,none,aligned,false,accept
MDA_4707_NESTLE_2023,NESTLE,Nestle Malaysia Berhad,2023,AR01,2,[MDA_P001],true,"Management Discussion and Analysis “In the face of global headwinds and uncertainties, Nestlé Malaysia demonstrated continued resilience in 2023, always guided by our commitment to fulfil the diverse expectations of Malaysians and reinforce our trusted position as the Good food, ",strong,none,aligned,false,accept
MDA_4707_NESTLE_2023,NESTLE,Nestle Malaysia Berhad,2023,AR02,3,[MDA_P001],true,"Management Discussion and Analysis “In the face of global headwinds and uncertainties, Nestlé Malaysia demonstrated continued resilience in 2023, always guided by our commitment to fulfil the diverse expectations of Malaysians and reinforce our trusted position as the Good food, ",acceptable,numeric_review_required,partial,false,manual_review
MDA_4707_NESTLE_2023,NESTLE,Nestle Malaysia Berhad,2023,AR03,2,[MDA_P001],true,"Management Discussion and Analysis “In the face of global headwinds and uncertainties, Nestlé Malaysia demonstrated continued resilience in 2023, always guided by our commitment to fulfil the diverse expectations of Malaysians and reinforce our trusted position as the Good food, ",strong,none,aligned,false,accept
MDA_4707_NESTLE_2023,NESTLE,Nestle Malaysia Berhad,2023,AR04,2,[MDA_P001],true,"Management Discussion and Analysis “In the face of global headwinds and uncertainties, Nestlé Malaysia demonstrated continued resilience in 2023, always guided by our commitment to fulfil the diverse expectations of Malaysians and reinforce our trusted position as the Good food, ",strong,none,aligned,false,accept
MDA_4707_NESTLE_2023,NESTLE,Nestle Malaysia Berhad,2023,AR05,2,[MDA_P001],true,"Management Discussion and Analysis “In the face of global headwinds and uncertainties, Nestlé Malaysia demonstrated continued resilience in 2023, always guided by our commitment to fulfil the diverse expectations of Malaysians and reinforce our trusted position as the Good food, ",strong,none,aligned,false,accept
MDA_4707_NESTLE_2024,NESTLE,Nestle Malaysia Berhad,2024,AR01,4,[MDA_P001],true,"Management Discussion and Analysis “Through the significant external challenges confronted in 2024, Nestlé Malaysia remained focused on consistently delivering on our mission to provide high-quality nutrition, foods and beverages through our vast range of products, all Halal-cert",strong,none,aligned,false,accept
MDA_4707_NESTLE_2024,NESTLE,Nestle Malaysia Berhad,2024,AR02,3,[MDA_P001],true,"Management Discussion and Analysis “Through the significant external challenges confronted in 2024, Nestlé Malaysia remained focused on consistently delivering on our mission to provide high-quality nutrition, foods and beverages through our vast range of products, all Halal-cert",acceptable,numeric_review_required,partial,false,manual_review
MDA_4707_NESTLE_2024,NESTLE,Nestle Malaysia Berhad,2024,AR03,2,[MDA_P001],true,"Management Discussion and Analysis “Through the significant external challenges confronted in 2024, Nestlé Malaysia remained focused on consistently delivering on our mission to provide high-quality nutrition, foods and beverages through our vast range of products, all Halal-cert",acceptable,none,aligned,false,accept
MDA_4707_NESTLE_2024,NESTLE,Nestle Malaysia Berhad,2024,AR04,4,[MDA_P001],true,"Management Discussion and Analysis “Through the significant external challenges confronted in 2024, Nestlé Malaysia remained focused on consistently delivering on our mission to provide high-quality nutrition, foods and beverages through our vast range of products, all Halal-cert",strong,none,aligned,false,accept
MDA_4707_NESTLE_2024,NESTLE,Nestle Malaysia Berhad,2024,AR05,2,[MDA_P001],true,"Management Discussion and Analysis “Through the significant external challenges confronted in 2024, Nestlé Malaysia remained focused on consistently delivering on our mission to provide high-quality nutrition, foods and beverages through our vast range of products, all Halal-cert",strong,none,aligned,false,accept
MDA_5008_HARISON_2021,HARISON,Harrisons Holdings (Malaysia) Berhad - 2020,2021,AR01,2,[MDA_P001],true,Performance Review -Staff Annual Dinner -Employee Events -Knowledge Sharing Sessions -Management Meetings -Satisfaction Survey -Conventions -Roadshows -Marketing Materials -Store Openings -Events and Seminars -Meetings -Briefings and Trainings -Attend Dialogues/Semi nars Organise,strong,none,aligned,false,accept
MDA_5008_HARISON_2021,HARISON,Harrisons Holdings (Malaysia) Berhad - 2020,2021,AR02,3,[MDA_P005],true,"As such, knowing exactly what principals expect from us improves our bottom line and strengthens our reputation in the long term. Engaging with our principals regularly enable us to understand their needs and expectations, identify gaps and enable us to make informed assessments ",acceptable,numeric_review_required,partial,false,manual_review
MDA_5008_HARISON_2021,HARISON,Harrisons Holdings (Malaysia) Berhad - 2020,2021,AR03,2,[MDA_P004],true,6) Managing Sustainability ECONOMIC Financial Performance We are committed to achieving economic sustainability growth for our shareholders. We conduct our business in compliance with applicable laws and regulations and in accordance with high ethical business practices and good ,strong,none,aligned,false,accept
MDA_5008_HARISON_2021,HARISON,Harrisons Holdings (Malaysia) Berhad - 2020,2021,AR04,2,[MDA_P004],true,6) Managing Sustainability ECONOMIC Financial Performance We are committed to achieving economic sustainability growth for our shareholders. We conduct our business in compliance with applicable laws and regulations and in accordance with high ethical business practices and good ,strong,none,aligned,false,accept
MDA_5008_HARISON_2021,HARISON,Harrisons Holdings (Malaysia) Berhad - 2020,2021,AR05,2,[MDA_P001],true,Performance Review -Staff Annual Dinner -Employee Events -Knowledge Sharing Sessions -Management Meetings -Satisfaction Survey -Conventions -Roadshows -Marketing Materials -Store Openings -Events and Seminars -Meetings -Briefings and Trainings -Attend Dialogues/Semi nars Organise,strong,none,aligned,false,accept
MDA_5008_HARISON_2022,HARISON,Harrisons Holdings (Malaysia) Berhad - 2020,2022,AR01,4,[MDA_P001],true,MANAGEMENT DISCUSSION AND ANALYSIS,strong,none,aligned,false,accept
MDA_5008_HARISON_2022,HARISON,Harrisons Holdings (Malaysia) Berhad - 2020,2022,AR02,3,[MDA_P001],true,MANAGEMENT DISCUSSION AND ANALYSIS,invalid,missing_financial_content,misaligned,true,rerun_dimension_only
MDA_5008_HARISON_2022,HARISON,Harrisons Holdings (Malaysia) Berhad - 2020,2022,AR03,2,[MDA_P003],true,Gross Profit increased from RM216.78 million in financial year 2021 to RM254.15 million in financial year 2022. Gross Margin was higher in financial year 2022 due to lower cost of sales arising from higher incentives from principals for achieving sales targets and writebacks of u,acceptable,none,aligned,false,accept
MDA_5008_HARISON_2022,HARISON,Harrisons Holdings (Malaysia) Berhad - 2020,2022,AR04,2,[MDA_P035],true,"On the global front, we expect global geopolitical tensions, slow global growth, increase food prices and affordability to impact the domestic economy 2023. However, 85% of our business is in the FMCG sector and it has been proven that our business is resilient to the effects of ",strong,none,aligned,false,accept
MDA_5008_HARISON_2022,HARISON,Harrisons Holdings (Malaysia) Berhad - 2020,2022,AR05,2,[MDA_P001],true,MANAGEMENT DISCUSSION AND ANALYSIS,strong,none,aligned,false,accept
MDA_5008_HARISON_2023,HARISON,Harrisons Holdings (Malaysia) Berhad - 2020,2023,AR01,5,[MDA_P001],true,MANAGEMENT DISCUSSION AND ANALYSIS,strong,none,aligned,false,accept
MDA_5008_HARISON_2023,HARISON,Harrisons Holdings (Malaysia) Berhad - 2020,2023,AR02,3,[MDA_P002],true,Overview of Business Activities,acceptable,numeric_review_required,partial,false,manual_review
MDA_5008_HARISON_2023,HARISON,Harrisons Holdings (Malaysia) Berhad - 2020,2023,AR03,4,[MDA_P023],true,"Revenue increased from RM2.17 billion in FY2022 to RM2.26 billion in FY2023. The increase is mainly due to increase in cement sales in the Building Materials and Engineering Products Division. Cement sales was driven by tight supplies, rising demands and price increases in Penins",strong,none,aligned,false,accept
MDA_5008_HARISON_2023,HARISON,Harrisons Holdings (Malaysia) Berhad - 2020,2023,AR04,4,[MDA_P052],true,Strategies and Future Profit Growth The distribution business of our Fast-Moving Consumer Goods becomes more challenging in days ahead as more distribution players emerge to compete in the East Malaysia market. We will continue to focus on serving our customers better by improvin,strong,none,aligned,false,accept
MDA_5008_HARISON_2023,HARISON,Harrisons Holdings (Malaysia) Berhad - 2020,2023,AR05,4,[MDA_P001],true,MANAGEMENT DISCUSSION AND ANALYSIS,strong,none,aligned,false,accept
MDA_5008_HARISON_2024,HARISON,Harrisons Holdings (Malaysia) Berhad - 2020,2024,AR01,4,[MDA_P001],true,"MANAGEMENT DISCUSSION AND ANALYSIS Overview of Business Activities Harrisons' income is mainly derived from the marketing, sales, warehousing and distribution of Fast- Moving Consumer Goods, Building Materials and Engineering Products, Fine Wines, Industrial and Agricultural Chem",strong,none,aligned,false,accept
MDA_5008_HARISON_2024,HARISON,Harrisons Holdings (Malaysia) Berhad - 2020,2024,AR02,2,[MDA_P030],true,The Trade and Distribution Segment (“T&D Segment”) comprise mainly of the Fast-Moving Consumer Products businesses in Sabah and Sarawak. Sales of Building Materials and Engineering Products are mainly in Peninsular. This segment is the major segment of the Group which contributed,acceptable,numeric_review_required,partial,false,manual_review
MDA_5008_HARISON_2024,HARISON,Harrisons Holdings (Malaysia) Berhad - 2020,2024,AR03,4,[MDA_P001],true,"MANAGEMENT DISCUSSION AND ANALYSIS Overview of Business Activities Harrisons' income is mainly derived from the marketing, sales, warehousing and distribution of Fast- Moving Consumer Goods, Building Materials and Engineering Products, Fine Wines, Industrial and Agricultural Chem",strong,none,aligned,false,accept
MDA_5008_HARISON_2024,HARISON,Harrisons Holdings (Malaysia) Berhad - 2020,2024,AR04,2,[MDA_P037],true,Strategies and Future Profit Growth,strong,none,aligned,false,accept
MDA_5008_HARISON_2024,HARISON,Harrisons Holdings (Malaysia) Berhad - 2020,2024,AR05,2,[MDA_P001],true,"MANAGEMENT DISCUSSION AND ANALYSIS Overview of Business Activities Harrisons' income is mainly derived from the marketing, sales, warehousing and distribution of Fast- Moving Consumer Goods, Building Materials and Engineering Products, Fine Wines, Industrial and Agricultural Chem",strong,none,aligned,false,accept
MDA_5102_GCB_2020,GCB,GCB,2020,AR01,4,[MDA_P001],true,"Management Discussion & Analysis Dear Shareholders, Despite a tumultuous year amidst the prolonged effects of the COVID19 pandemic, Guan Chong Berhad (GCB or the Group) posted commendable results for the financial year ended 31 December 2020 (FY2020), successfully manoeuvring aro",strong,none,aligned,false,accept
MDA_5102_GCB_2020,GCB,GCB,2020,AR02,3,[MDA_P001],true,"Management Discussion & Analysis Dear Shareholders, Despite a tumultuous year amidst the prolonged effects of the COVID19 pandemic, Guan Chong Berhad (GCB or the Group) posted commendable results for the financial year ended 31 December 2020 (FY2020), successfully manoeuvring aro",acceptable,numeric_review_required,partial,false,manual_review
MDA_5102_GCB_2020,GCB,GCB,2020,AR03,2,[MDA_P001],true,"Management Discussion & Analysis Dear Shareholders, Despite a tumultuous year amidst the prolonged effects of the COVID19 pandemic, Guan Chong Berhad (GCB or the Group) posted commendable results for the financial year ended 31 December 2020 (FY2020), successfully manoeuvring aro",strong,none,aligned,false,accept
MDA_5102_GCB_2020,GCB,GCB,2020,AR04,4,[MDA_P009],true,"Of total borrowings, Shariah-compliant loans made up RM354.7 million from RM237.3 million prior, as the Group looks to maintain its Shariah-compliant status. Due to the higher borrowings, the Group’s net gearing increased to 0.9 times, from 0.7 times in FY2019. DIVIDEND The Group",strong,none,aligned,false,accept
MDA_5102_GCB_2020,GCB,GCB,2020,AR05,2,[MDA_P001],true,"Management Discussion & Analysis Dear Shareholders, Despite a tumultuous year amidst the prolonged effects of the COVID19 pandemic, Guan Chong Berhad (GCB or the Group) posted commendable results for the financial year ended 31 December 2020 (FY2020), successfully manoeuvring aro",strong,none,aligned,false,accept
MDA_5102_GCB_2021,GCB,GCB,2021,AR01,4,[MDA_P001],true,"Management Discussion & Analysis 6 | GUAN CHONG BERHAD Our Financial Performance Continuing our trend of steady year-on-year growth, Group-wide revenue rose by 6.5% in FY2021. However, our net profit decreased by 30.5% mainly due to weaker butter ratio during the year and one-off",strong,none,aligned,false,accept
MDA_5102_GCB_2021,GCB,GCB,2021,AR02,3,[MDA_P001],true,"Management Discussion & Analysis 6 | GUAN CHONG BERHAD Our Financial Performance Continuing our trend of steady year-on-year growth, Group-wide revenue rose by 6.5% in FY2021. However, our net profit decreased by 30.5% mainly due to weaker butter ratio during the year and one-off",acceptable,numeric_review_required,partial,false,manual_review
MDA_5102_GCB_2021,GCB,GCB,2021,AR03,2,[MDA_P001],true,"Management Discussion & Analysis 6 | GUAN CHONG BERHAD Our Financial Performance Continuing our trend of steady year-on-year growth, Group-wide revenue rose by 6.5% in FY2021. However, our net profit decreased by 30.5% mainly due to weaker butter ratio during the year and one-off",strong,none,aligned,false,accept
MDA_5102_GCB_2021,GCB,GCB,2021,AR04,4,[MDA_P010],true,"Sustainability report Corporate Governance & Compliance Financial STATEMENTS Others Integrated ANNUAL REPORT 2021 | 11 Corporate Principal Activities, Market Environment, Competitive Landscape and Market Positioning Corporate Principal Activities Our business is principally invol",strong,none,aligned,false,accept
MDA_5102_GCB_2021,GCB,GCB,2021,AR05,2,[MDA_P001],true,"Management Discussion & Analysis 6 | GUAN CHONG BERHAD Our Financial Performance Continuing our trend of steady year-on-year growth, Group-wide revenue rose by 6.5% in FY2021. However, our net profit decreased by 30.5% mainly due to weaker butter ratio during the year and one-off",strong,none,aligned,false,accept
MDA_5102_GCB_2022,GCB,GCB,2022,AR01,4,[MDA_P001],true,"Management Discussion & Analysis MARKET OVERVIEW Despite global concerns about the economic impact of the Russia-Ukraine conflict, the global demand for chocolate remained strong, as demonstrated by the increase in grinding worldwide. According to regional cocoa associations, tot",strong,none,aligned,false,accept
MDA_5102_GCB_2022,GCB,GCB,2022,AR02,3,[MDA_P001],true,"Management Discussion & Analysis MARKET OVERVIEW Despite global concerns about the economic impact of the Russia-Ukraine conflict, the global demand for chocolate remained strong, as demonstrated by the increase in grinding worldwide. According to regional cocoa associations, tot",acceptable,numeric_review_required,partial,false,manual_review
MDA_5102_GCB_2022,GCB,GCB,2022,AR03,2,[MDA_P001],true,"Management Discussion & Analysis MARKET OVERVIEW Despite global concerns about the economic impact of the Russia-Ukraine conflict, the global demand for chocolate remained strong, as demonstrated by the increase in grinding worldwide. According to regional cocoa associations, tot",strong,none,aligned,false,accept
MDA_5102_GCB_2022,GCB,GCB,2022,AR04,4,[MDA_P001],true,"Management Discussion & Analysis MARKET OVERVIEW Despite global concerns about the economic impact of the Russia-Ukraine conflict, the global demand for chocolate remained strong, as demonstrated by the increase in grinding worldwide. According to regional cocoa associations, tot",strong,none,aligned,false,accept
MDA_5102_GCB_2022,GCB,GCB,2022,AR05,4,[MDA_P001],true,"Management Discussion & Analysis MARKET OVERVIEW Despite global concerns about the economic impact of the Russia-Ukraine conflict, the global demand for chocolate remained strong, as demonstrated by the increase in grinding worldwide. According to regional cocoa associations, tot",strong,none,aligned,false,accept
MDA_5102_GCB_2023,GCB,GCB,2023,AR01,5,[MDA_P001],true,MANAGEMENT DISCUSSION & ANALYSIS Strategic Review Market Overview Outlook Our Value Creation Story Value Creation Business Model Key Stakeholder Engagement Material Matters Key Risks & Mitigation Actions Growth Strategies Financial Review Financial Review Operational Performance ,strong,none,aligned,false,accept
MDA_5102_GCB_2023,GCB,GCB,2023,AR02,3,[MDA_P001],true,MANAGEMENT DISCUSSION & ANALYSIS Strategic Review Market Overview Outlook Our Value Creation Story Value Creation Business Model Key Stakeholder Engagement Material Matters Key Risks & Mitigation Actions Growth Strategies Financial Review Financial Review Operational Performance ,acceptable,numeric_review_required,partial,false,manual_review
MDA_5102_GCB_2023,GCB,GCB,2023,AR03,4,[MDA_P002],true,"GUAN CHONG BERHAD MANAGEMENT DISCUSSION & ANALYSIS Operational Performance Review Financial Review Strategic Review Supply & Demand Dynamics The cocoa industry grappled with a persistent supply deficit in the 2022/23 crop year, following a similar deficit in the previous 2021/22 ",strong,none,aligned,false,accept
MDA_5102_GCB_2023,GCB,GCB,2023,AR04,5,[MDA_P001],true,MANAGEMENT DISCUSSION & ANALYSIS Strategic Review Market Overview Outlook Our Value Creation Story Value Creation Business Model Key Stakeholder Engagement Material Matters Key Risks & Mitigation Actions Growth Strategies Financial Review Financial Review Operational Performance ,strong,none,aligned,false,accept
MDA_5102_GCB_2023,GCB,GCB,2023,AR05,5,[MDA_P001],true,MANAGEMENT DISCUSSION & ANALYSIS Strategic Review Market Overview Outlook Our Value Creation Story Value Creation Business Model Key Stakeholder Engagement Material Matters Key Risks & Mitigation Actions Growth Strategies Financial Review Financial Review Operational Performance ,strong,none,aligned,false,accept
MDA_5102_GCB_2024,GCB,GCB,2024,AR01,4,[MDA_P001],true,"MANAGEMENT DISCUSSION & ANALYSIS MARKET OVERVIEW OUTLOOK As we navigate the strategic landscape of our operations, it is essential to gain a comprehensive understanding of the prevailing conditions in the cocoa market. This includes factors such as supply and demand dynamics, pri",strong,none,aligned,false,accept
MDA_5102_GCB_2024,GCB,GCB,2024,AR02,3,[MDA_P001],true,"MANAGEMENT DISCUSSION & ANALYSIS MARKET OVERVIEW OUTLOOK As we navigate the strategic landscape of our operations, it is essential to gain a comprehensive understanding of the prevailing conditions in the cocoa market. This includes factors such as supply and demand dynamics, pri",acceptable,numeric_review_required,partial,false,manual_review
MDA_5102_GCB_2024,GCB,GCB,2024,AR03,2,[MDA_P001],true,"MANAGEMENT DISCUSSION & ANALYSIS MARKET OVERVIEW OUTLOOK As we navigate the strategic landscape of our operations, it is essential to gain a comprehensive understanding of the prevailing conditions in the cocoa market. This includes factors such as supply and demand dynamics, pri",strong,none,aligned,false,accept
MDA_5102_GCB_2024,GCB,GCB,2024,AR04,4,[MDA_P001],true,"MANAGEMENT DISCUSSION & ANALYSIS MARKET OVERVIEW OUTLOOK As we navigate the strategic landscape of our operations, it is essential to gain a comprehensive understanding of the prevailing conditions in the cocoa market. This includes factors such as supply and demand dynamics, pri",strong,none,aligned,false,accept
MDA_5102_GCB_2024,GCB,GCB,2024,AR05,4,[MDA_P001],true,"MANAGEMENT DISCUSSION & ANALYSIS MARKET OVERVIEW OUTLOOK As we navigate the strategic landscape of our operations, it is essential to gain a comprehensive understanding of the prevailing conditions in the cocoa market. This includes factors such as supply and demand dynamics, pri",strong,none,aligned,false,accept
MDA_5157_SG_2020,SG,Saudee Group Berhad,2020,AR01,4,[MDA_P001],true,MANAGEMENT DISCUSSION & ANALYSIS SAUDEE GROUP BERHAD 200801036832 (838172-P),strong,none,aligned,false,accept
MDA_5157_SG_2020,SG,Saudee Group Berhad,2020,AR02,3,[MDA_P001],true,MANAGEMENT DISCUSSION & ANALYSIS SAUDEE GROUP BERHAD 200801036832 (838172-P),acceptable,numeric_review_required,partial,false,manual_review
MDA_5157_SG_2020,SG,Saudee Group Berhad,2020,AR03,2,[MDA_P003],true,"Analysis of Profit/(Loss) FYE 2020 FYE 2019 01.08.2020 to 31.07.2019 01.08.2018 to 31.07.2019 Analysis of Profit and expenses : Profit/(Loss) Loss before tax (RM’000) (28,007) (2,410) (Loss)/Profit after tax (RM’000) (30,611) (Loss)/Earnings before interest, taxes, depreciation a",strong,none,aligned,false,accept
MDA_5157_SG_2020,SG,Saudee Group Berhad,2020,AR04,2,[MDA_P002],true,"MANAGEMENT DISCUSSION & ANALYSIS (CONT’D) Analysis of Revenue (Cont'd) The Management will continue to monitor the prospect of secondary Covid-19 outbreak leading the re-imposition of containment measures. Therefore, the Management we continue to improve on its production efficie",strong,none,aligned,false,accept
MDA_5157_SG_2020,SG,Saudee Group Berhad,2020,AR05,4,[MDA_P001],true,MANAGEMENT DISCUSSION & ANALYSIS SAUDEE GROUP BERHAD 200801036832 (838172-P),strong,none,aligned,false,accept
MDA_5157_SG_2021,SG,Saudee Group Berhad,2021,AR01,4,[MDA_P001],true,MANAGEMENT DISCUSSION & ANALYSIS SAUDEE GROUP BERHAD 200801036832 (838172-P),strong,none,aligned,false,accept
MDA_5157_SG_2021,SG,Saudee Group Berhad,2021,AR02,3,[MDA_P001],true,MANAGEMENT DISCUSSION & ANALYSIS SAUDEE GROUP BERHAD 200801036832 (838172-P),invalid,missing_financial_content,misaligned,true,rerun_dimension_only
MDA_5157_SG_2021,SG,Saudee Group Berhad,2021,AR03,2,[MDA_P003],true,"Analysis of Profit/(Loss) FYE 2021 FYE 2020 01.08.2020 to 31.07.2021 01.08.2019 to 31.07.2020 Analysis of Profit and expenses : Profit/(Loss) Loss before tax (RM’000) (4,465) (28,007) Loss after tax (RM’000) (4,373) (30,611) Earnings/(Loss) before interest, taxes, depreciation an",strong,none,aligned,false,accept
MDA_5157_SG_2021,SG,Saudee Group Berhad,2021,AR04,2,[MDA_P002],true,"MANAGEMENT DISCUSSION & ANALYSIS (CONT’D) Analysis of Revenue (Cont'd) The Management will continue to monitor the prospect of secondary Covid-19 outbreak leading to the re-imposition of containment measures. Therefore, the Management will continue to improve its production effic",strong,none,aligned,false,accept
MDA_5157_SG_2021,SG,Saudee Group Berhad,2021,AR05,2,[MDA_P001],true,MANAGEMENT DISCUSSION & ANALYSIS SAUDEE GROUP BERHAD 200801036832 (838172-P),strong,none,aligned,false,accept
MDA_5157_SG_2022,SG,Saudee Group Berhad,2022,AR01,4,[MDA_P001],true,MANAGEMENT DISCUSSION & ANALYSIS Introduction The summary of the results of SAUDEE and its subsidiaries (“Group”) for the past two (2) financial years ended 31 July 2021 (“FYE 2021”) to FYE 2022 as summarised below:- FYE 2022 FYE 2021 01.08.2021 to 31.07.2022 01.08.2020 to 31.07.,strong,none,aligned,false,accept
MDA_5157_SG_2022,SG,Saudee Group Berhad,2022,AR02,3,[MDA_P001],true,MANAGEMENT DISCUSSION & ANALYSIS Introduction The summary of the results of SAUDEE and its subsidiaries (“Group”) for the past two (2) financial years ended 31 July 2021 (“FYE 2021”) to FYE 2022 as summarised below:- FYE 2022 FYE 2021 01.08.2021 to 31.07.2022 01.08.2020 to 31.07.,acceptable,numeric_review_required,partial,false,manual_review
MDA_5157_SG_2022,SG,Saudee Group Berhad,2022,AR03,4,[MDA_P001],true,MANAGEMENT DISCUSSION & ANALYSIS Introduction The summary of the results of SAUDEE and its subsidiaries (“Group”) for the past two (2) financial years ended 31 July 2021 (“FYE 2021”) to FYE 2022 as summarised below:- FYE 2022 FYE 2021 01.08.2021 to 31.07.2022 01.08.2020 to 31.07.,weak,missing_causal_explanation,partial,true,manual_review
MDA_5157_SG_2022,SG,Saudee Group Berhad,2022,AR04,4,[MDA_P002],true,"Analysis of Revenue FYE 2022 FYE 2021 (RM’000) (RM’000) Manufacturing-further process products (“FPP”) 64,219 49,432 Food Service (HORECA and OEM) 16,709 13,013 Trading products 15,952 18,334 96,880 80,779 96,880 80,779 Our Group’s total revenue for FYE 2022 stands at RM96.9 mill",strong,none,aligned,false,accept
MDA_5157_SG_2022,SG,Saudee Group Berhad,2022,AR05,4,[MDA_P001],true,MANAGEMENT DISCUSSION & ANALYSIS Introduction The summary of the results of SAUDEE and its subsidiaries (“Group”) for the past two (2) financial years ended 31 July 2021 (“FYE 2021”) to FYE 2022 as summarised below:- FYE 2022 FYE 2021 01.08.2021 to 31.07.2022 01.08.2020 to 31.07.,strong,none,aligned,false,accept
MDA_5157_SG_2023,SG,Saudee Group Berhad,2023,AR01,4,[MDA_P001],true,MANAGEMENT DISCUSSION & ANALYSIS Introduction The summary of the results of SAUDEE and its subsidiaries (“Group”) for the past two (2) financial years ended 31 July 2022 (“FYE 2022”) to FYE 2023 summarised below:- FYE 2023 FYE 2022 01.08.2022 to 31.07.2023 01.08.2021 to 31.07.202,strong,none,aligned,false,accept
MDA_5157_SG_2023,SG,Saudee Group Berhad,2023,AR02,3,[MDA_P001],true,MANAGEMENT DISCUSSION & ANALYSIS Introduction The summary of the results of SAUDEE and its subsidiaries (“Group”) for the past two (2) financial years ended 31 July 2022 (“FYE 2022”) to FYE 2023 summarised below:- FYE 2023 FYE 2022 01.08.2022 to 31.07.2023 01.08.2021 to 31.07.202,acceptable,numeric_review_required,partial,false,manual_review
MDA_5157_SG_2023,SG,Saudee Group Berhad,2023,AR03,4,[MDA_P001],true,MANAGEMENT DISCUSSION & ANALYSIS Introduction The summary of the results of SAUDEE and its subsidiaries (“Group”) for the past two (2) financial years ended 31 July 2022 (“FYE 2022”) to FYE 2023 summarised below:- FYE 2023 FYE 2022 01.08.2022 to 31.07.2023 01.08.2021 to 31.07.202,weak,missing_causal_explanation,partial,true,manual_review
MDA_5157_SG_2023,SG,Saudee Group Berhad,2023,AR04,4,[MDA_P008],true,"Even facing the uncertainty on post Covid-19 pandemic challenge on global and local in material price and forex, the Group was still able to improved its cash inflow from operation and still maintained its current ratio at 3.74 times for FYE 2023 as compared to 8.8 times for FYE ",strong,none,aligned,false,accept
MDA_5157_SG_2023,SG,Saudee Group Berhad,2023,AR05,4,[MDA_P001],true,MANAGEMENT DISCUSSION & ANALYSIS Introduction The summary of the results of SAUDEE and its subsidiaries (“Group”) for the past two (2) financial years ended 31 July 2022 (“FYE 2022”) to FYE 2023 summarised below:- FYE 2023 FYE 2022 01.08.2022 to 31.07.2023 01.08.2021 to 31.07.202,strong,none,aligned,false,accept
MDA_5157_SG_2024,SG,Saudee Group Berhad,2024,AR01,4,[MDA_P001],true,MANAGEMENT DISCUSSION & ANALYSIS,strong,none,aligned,false,accept
MDA_5157_SG_2024,SG,Saudee Group Berhad,2024,AR02,3,[MDA_P001],true,MANAGEMENT DISCUSSION & ANALYSIS,invalid,missing_financial_content,misaligned,true,rerun_dimension_only
MDA_5157_SG_2024,SG,Saudee Group Berhad,2024,AR03,4,[MDA_P002],true,"SAUDIGOLD GROUP BERHAD 200801036832 (838172-P) Analysis of profit/(Loss) FYE 2024 FYE 2023 01.08.2023 to 31.07.2024 01.08.2022 to 31.07.2023 Analysis of Profit and expenses : Profit/(Loss) Loss before tax (RM’000) (5,706) (7,290) Loss after tax (RM’000) (6,063) (7,367) Earnings/(",acceptable,none,aligned,false,accept
MDA_5157_SG_2024,SG,Saudee Group Berhad,2024,AR04,4,[MDA_P006],true,"Even facing the uncertainty on post Covid-19 pandemic challenge on global and local in material price and forex, the Group was still able to generated positive cash inflow from operation and still maintained its current ratio at 5.0 times for FYE 2024 as compared to 3.7 times for",strong,none,aligned,false,accept
MDA_5157_SG_2024,SG,Saudee Group Berhad,2024,AR05,4,[MDA_P001],true,MANAGEMENT DISCUSSION & ANALYSIS,strong,none,aligned,false,accept
MDA_5187_HBGLOB_2020,HBGLOB,HB Global Limited,2020,AR01,4,[MDA_P001],true,MANAGEMENT DISCUSSION AND ANALYSIS,strong,none,aligned,false,accept
MDA_5187_HBGLOB_2020,HBGLOB,HB Global Limited,2020,AR02,2,[MDA_P002],true,HB GLOBAL LIMITED Annual Report 2020 Financial Review Our revenue decreased by RMB59.6 million or approximately 37.8% from RMB157.5 million in financial year ended 31 December 2019 (“FYE2019”) to RMB97.9 million in financial year ended 31 December 2020 (“FYE2020”). The decreased ,acceptable,numeric_review_required,partial,false,manual_review
MDA_5187_HBGLOB_2020,HBGLOB,HB Global Limited,2020,AR03,2,[MDA_P002],true,HB GLOBAL LIMITED Annual Report 2020 Financial Review Our revenue decreased by RMB59.6 million or approximately 37.8% from RMB157.5 million in financial year ended 31 December 2019 (“FYE2019”) to RMB97.9 million in financial year ended 31 December 2020 (“FYE2020”). The decreased ,strong,none,aligned,false,accept
MDA_5187_HBGLOB_2020,HBGLOB,HB Global Limited,2020,AR04,2,[MDA_P002],true,HB GLOBAL LIMITED Annual Report 2020 Financial Review Our revenue decreased by RMB59.6 million or approximately 37.8% from RMB157.5 million in financial year ended 31 December 2019 (“FYE2019”) to RMB97.9 million in financial year ended 31 December 2020 (“FYE2020”). The decreased ,strong,none,aligned,false,accept
MDA_5187_HBGLOB_2020,HBGLOB,HB Global Limited,2020,AR05,2,[MDA_P001],true,MANAGEMENT DISCUSSION AND ANALYSIS,strong,none,aligned,false,accept
MDA_5187_HBGLOB_2021,HBGLOB,HB Global Limited,2021,AR01,2,[MDA_P001],true,HB GLOBAL LIMITED I Annual Report 2021 MANAGEMENT DISCUSSION AND ANALYSIS Dear Valued Shareholders On behalf of the Board of Directors ´the Boardµ of HB Global Limited ´HBGLµ the Audited Financial Statements of the Company and its subsidiaries ´the Groupµ for the financial year e,invalid,non_mda_noise,misaligned,true,check_text_cleaning
MDA_5187_HBGLOB_2021,HBGLOB,HB Global Limited,2021,AR02,3,[MDA_P016],true,million in financial year ended December ´FYE µ to RMB million in financial year ended December,acceptable,numeric_review_required,partial,false,manual_review
MDA_5187_HBGLOB_2021,HBGLOB,HB Global Limited,2021,AR03,2,[MDA_P015],true,Forward Resources construction Sdn Bhd ´FRCµ ² the main operating situated in Malaysia by SLH infra Sdn Bhd As the main subsidiary SHF is principally involved in the design research development of RTS products and marketing activities while JHF are rearing and trading of livestoc,strong,none,aligned,false,accept
MDA_5187_HBGLOB_2021,HBGLOB,HB Global Limited,2021,AR04,2,[MDA_P017],true,´FYE µ The increase was mainly due to increase in demand on products after the Covid outbreak since early The Group achieved a net loss before taxation of RMB million in FYE as compared to net loss before taxation of RMB million in FYE Expectation As the countries around the worl,strong,none,aligned,false,accept
MDA_5187_HBGLOB_2021,HBGLOB,HB Global Limited,2021,AR05,2,[MDA_P001],true,HB GLOBAL LIMITED I Annual Report 2021 MANAGEMENT DISCUSSION AND ANALYSIS Dear Valued Shareholders On behalf of the Board of Directors ´the Boardµ of HB Global Limited ´HBGLµ the Audited Financial Statements of the Company and its subsidiaries ´the Groupµ for the financial year e,invalid,non_mda_noise,misaligned,true,check_text_cleaning
MDA_5187_HBGLOB_2022,HBGLOB,HB Global Limited,2022,AR01,4,[MDA_P001],true,MANAGEMENT DISCUSSION AND ANALYSIS The following MD&A of the operating performance and financial condition of the Group for the twelve (12) months ended 31 December 2022 should be read in conjunction with the Audited Financial Statement for the year ended 31 December 2022 and rel,strong,none,aligned,false,accept
MDA_5187_HBGLOB_2022,HBGLOB,HB Global Limited,2022,AR02,3,[MDA_P001],true,MANAGEMENT DISCUSSION AND ANALYSIS The following MD&A of the operating performance and financial condition of the Group for the twelve (12) months ended 31 December 2022 should be read in conjunction with the Audited Financial Statement for the year ended 31 December 2022 and rel,acceptable,numeric_review_required,partial,false,manual_review
MDA_5187_HBGLOB_2022,HBGLOB,HB Global Limited,2022,AR03,2,[MDA_P004],true,ANNUAL REPORT 2022 HB GLOBAL LIMITED MANAGEMENT DISCUSSION AND ANALYSIS (cont’d) Operation Overview HBGL Group’s revenue had decreased by RMB55.4 million or approximately 42% from RMB131.5 million in financial year ended 31 December 2021 (“FYE2021”) to RMB76.1 million in financia,strong,none,aligned,false,accept
MDA_5187_HBGLOB_2022,HBGLOB,HB Global Limited,2022,AR04,4,[MDA_P004],true,ANNUAL REPORT 2022 HB GLOBAL LIMITED MANAGEMENT DISCUSSION AND ANALYSIS (cont’d) Operation Overview HBGL Group’s revenue had decreased by RMB55.4 million or approximately 42% from RMB131.5 million in financial year ended 31 December 2021 (“FYE2021”) to RMB76.1 million in financia,strong,none,aligned,false,accept
MDA_5187_HBGLOB_2022,HBGLOB,HB Global Limited,2022,AR05,2,[MDA_P001],true,MANAGEMENT DISCUSSION AND ANALYSIS The following MD&A of the operating performance and financial condition of the Group for the twelve (12) months ended 31 December 2022 should be read in conjunction with the Audited Financial Statement for the year ended 31 December 2022 and rel,strong,none,aligned,false,accept
MDA_5187_HBGLOB_2023,HBGLOB,HB Global Limited,2023,AR01,4,[MDA_P001],true,"MANAGEMENT DISCUSSION AND ANALYSIS Overview of Business and Objectives HB Global Limited (“HBGL”) is principally an investment holding company and currently the Group has one active wholly owned subsidiary as below: 100% owned Subsidiary: (i) Shandong Hengbao Foodstuffs Co., Ltd.",strong,none,aligned,false,accept
MDA_5187_HBGLOB_2023,HBGLOB,HB Global Limited,2023,AR02,3,[MDA_P001],true,"MANAGEMENT DISCUSSION AND ANALYSIS Overview of Business and Objectives HB Global Limited (“HBGL”) is principally an investment holding company and currently the Group has one active wholly owned subsidiary as below: 100% owned Subsidiary: (i) Shandong Hengbao Foodstuffs Co., Ltd.",acceptable,numeric_review_required,partial,false,manual_review
MDA_5187_HBGLOB_2023,HBGLOB,HB Global Limited,2023,AR03,2,[MDA_P003],true,"Recognizing that customer preferences evolve, we continuously strive to monitor and refine our offerings to meet their changing needs. By prioritizing quality, the Group aims to fortify its market position and cultivate enduring relationships with its customers. Operation Overvie",strong,none,aligned,false,accept
MDA_5187_HBGLOB_2023,HBGLOB,HB Global Limited,2023,AR04,4,[MDA_P009],true,"ANNUAL REPORT 2023 HB GLOBAL LIMITED MANAGEMENT DISCUSSION AND ANALYSIS (cont’d) Given our role in the food industry, we are acutely aware of the risks associated with product quality and safety. To mitigate these risks, we have implemented rigorous policies and procedures for pr",strong,none,aligned,false,accept
MDA_5187_HBGLOB_2023,HBGLOB,HB Global Limited,2023,AR05,4,[MDA_P001],true,"MANAGEMENT DISCUSSION AND ANALYSIS Overview of Business and Objectives HB Global Limited (“HBGL”) is principally an investment holding company and currently the Group has one active wholly owned subsidiary as below: 100% owned Subsidiary: (i) Shandong Hengbao Foodstuffs Co., Ltd.",strong,none,aligned,false,accept
MDA_5187_HBGLOB_2024,HBGLOB,HB Global Limited,2024,AR01,4,[MDA_P001],true,"MANAGEMENT DISCUSSION AND ANALYSIS OVERVIEW OF BUSINESS AND OPERATIONS HBGL specialises in the food industry, focusing on the processing, packaging, and production of ready-to- serve foods, frozen vegetables, and other culinary products. Utilising advanced technologies such as cl",strong,none,aligned,false,accept
MDA_5187_HBGLOB_2024,HBGLOB,HB Global Limited,2024,AR02,2,[MDA_P008],true,"ANNUAL REPORT 2024 HB GLOBAL LIMITED MANAGEMENT DISCUSSION AND ANALYSIS (cont’d) Gross Margin FYE 2024 FYE 2023 Changes RMB’ million RMB’ million % Revenue 80.726 80.049 0.8 Cost of Sales (65.420) (78.995) -17.18 Gross Profit 15.306 1.054 +1,352 Gross Margin (%) 1.3 +17.70 The gr",acceptable,numeric_review_required,partial,false,manual_review
MDA_5187_HBGLOB_2024,HBGLOB,HB Global Limited,2024,AR03,2,[MDA_P006],true,"The Group has entered into partnerships with regional and international retailers, distributors, and institutional buyers, strengthening its market position across key territories. By aligning its offerings with evolving consumer preferences, HBGL remains competitive in the globa",strong,none,aligned,false,accept
MDA_5187_HBGLOB_2024,HBGLOB,HB Global Limited,2024,AR04,2,[MDA_P005],true,ANNUAL REPORT 2024 HB GLOBAL LIMITED MANAGEMENT DISCUSSION AND ANALYSIS (cont’d) Expansion into High-Growth Sectors HBGL has broadened its portfolio by venturing into large-scale agriculture and aquaculture. These initiatives support both sustainable food production and export ma,strong,none,aligned,false,accept
MDA_5187_HBGLOB_2024,HBGLOB,HB Global Limited,2024,AR05,4,[MDA_P001],true,"MANAGEMENT DISCUSSION AND ANALYSIS OVERVIEW OF BUSINESS AND OPERATIONS HBGL specialises in the food industry, focusing on the processing, packaging, and production of ready-to- serve foods, frozen vegetables, and other culinary products. Utilising advanced technologies such as cl",strong,none,aligned,false,accept
MDA_5188_CNOUHUA_2020,CNOUHUA,China Ouhua Winery Holdings Limited,2020,AR01,4,[MDA_P001],true,Management Discussion and Analysis CHINA OUHUA WINERY HOLDINGS LIMITED Overview of Performance Prospects,strong,none,aligned,false,accept
MDA_5188_CNOUHUA_2020,CNOUHUA,China Ouhua Winery Holdings Limited,2020,AR02,3,[MDA_P002],true,Annual Report 2020,acceptable,numeric_review_required,partial,false,manual_review
MDA_5188_CNOUHUA_2020,CNOUHUA,China Ouhua Winery Holdings Limited,2020,AR03,2,[MDA_P003],true,"a) Revenue For FY 2020, China Ouhua, which is principally involved in importing and sales of grape wines with its sole manufacturing plant which is located in Yantai City, Shandong Province, China recorded a revenue decline of 6.12% or RMB 1.337 million from RMB 21.836 million in",strong,none,aligned,false,accept
MDA_5188_CNOUHUA_2020,CNOUHUA,China Ouhua Winery Holdings Limited,2020,AR04,2,[MDA_P003],true,"a) Revenue For FY 2020, China Ouhua, which is principally involved in importing and sales of grape wines with its sole manufacturing plant which is located in Yantai City, Shandong Province, China recorded a revenue decline of 6.12% or RMB 1.337 million from RMB 21.836 million in",strong,none,aligned,false,accept
MDA_5188_CNOUHUA_2020,CNOUHUA,China Ouhua Winery Holdings Limited,2020,AR05,4,[MDA_P001],true,Management Discussion and Analysis CHINA OUHUA WINERY HOLDINGS LIMITED Overview of Performance Prospects,strong,none,aligned,false,accept
MDA_5188_CNOUHUA_2021,CNOUHUA,China Ouhua Winery Holdings Limited,2021,AR01,4,[MDA_P001],true,Management Discussion and Analysis CHINA OUHUA WINERY HOLDINGS LIMITED Overview of Performance Prospects,strong,none,aligned,false,accept
MDA_5188_CNOUHUA_2021,CNOUHUA,China Ouhua Winery Holdings Limited,2021,AR02,3,[MDA_P002],true,Annual Report 2021,acceptable,numeric_review_required,partial,false,manual_review
MDA_5188_CNOUHUA_2021,CNOUHUA,China Ouhua Winery Holdings Limited,2021,AR03,2,[MDA_P003],true,"a) Revenue For FY 2021, China Ouhua, which is principally involved in importing and sales of grape wines with its sole manufacturing plant located in Yantai City, Shandong Province, China recorded a revenue decline of 23.31% or RMB 4.778 million from RMB 20.499 million in FY 2020",strong,none,aligned,false,accept
MDA_5188_CNOUHUA_2021,CNOUHUA,China Ouhua Winery Holdings Limited,2021,AR04,2,[MDA_P001],true,Management Discussion and Analysis CHINA OUHUA WINERY HOLDINGS LIMITED Overview of Performance Prospects,strong,none,aligned,false,accept
MDA_5188_CNOUHUA_2021,CNOUHUA,China Ouhua Winery Holdings Limited,2021,AR05,4,[MDA_P001],true,Management Discussion and Analysis CHINA OUHUA WINERY HOLDINGS LIMITED Overview of Performance Prospects,strong,none,aligned,false,accept
MDA_5188_CNOUHUA_2022,CNOUHUA,China Ouhua Winery Holdings Limited,2022,AR01,2,[MDA_P001],true,Management Discussion and Analysis CHINA OUHUA WINERY HOLDINGS LIMITED Overview of Performance Prospects,strong,none,aligned,false,accept
MDA_5188_CNOUHUA_2022,CNOUHUA,China Ouhua Winery Holdings Limited,2022,AR02,3,[MDA_P002],true,Annual Report 2022,acceptable,numeric_review_required,partial,false,manual_review
MDA_5188_CNOUHUA_2022,CNOUHUA,China Ouhua Winery Holdings Limited,2022,AR03,2,[MDA_P003],true,"b) Profit(Loss) after Taxation Loss for FY 2022 was RMB 25.940 million as compared with FY 2021's loss of RMB 4.263 million.The higher loss figure in FY 2022 was mainly due to Inventories written down, which amount to RMB15.396 million, and Impairment for PPE of RMB6.388 million ",strong,none,aligned,false,accept
MDA_5188_CNOUHUA_2022,CNOUHUA,China Ouhua Winery Holdings Limited,2022,AR04,2,[MDA_P001],true,Management Discussion and Analysis CHINA OUHUA WINERY HOLDINGS LIMITED Overview of Performance Prospects,strong,none,aligned,false,accept
MDA_5188_CNOUHUA_2022,CNOUHUA,China Ouhua Winery Holdings Limited,2022,AR05,2,[MDA_P001],true,Management Discussion and Analysis CHINA OUHUA WINERY HOLDINGS LIMITED Overview of Performance Prospects,strong,none,aligned,false,accept
MDA_5188_CNOUHUA_2023,CNOUHUA,China Ouhua Winery Holdings Limited,2023,AR01,2,[MDA_P001],true,Management Discussion and Analysis CHINA OUHUA WINERY HOLDINGS LIMITED Overview of Performance Prospects,strong,none,aligned,false,accept
MDA_5188_CNOUHUA_2023,CNOUHUA,China Ouhua Winery Holdings Limited,2023,AR02,3,[MDA_P002],true,Annual Report 2023,acceptable,numeric_review_required,partial,false,manual_review
MDA_5188_CNOUHUA_2023,CNOUHUA,China Ouhua Winery Holdings Limited,2023,AR03,2,[MDA_P003],true,"b) Profit(Loss) after Taxation Loss for FY 2023 was RMB 7.403 million as compared with FY 2022's loss of RMB 25.940 million.The higher loss figure in FY 2022 was mainly due to Inventories written down, which amount to RMB15.396 million, and Impairment for PPE of RMB6.388 million ",strong,none,aligned,false,accept
MDA_5188_CNOUHUA_2023,CNOUHUA,China Ouhua Winery Holdings Limited,2023,AR04,2,[MDA_P003],true,"b) Profit(Loss) after Taxation Loss for FY 2023 was RMB 7.403 million as compared with FY 2022's loss of RMB 25.940 million.The higher loss figure in FY 2022 was mainly due to Inventories written down, which amount to RMB15.396 million, and Impairment for PPE of RMB6.388 million ",strong,none,aligned,false,accept
MDA_5188_CNOUHUA_2023,CNOUHUA,China Ouhua Winery Holdings Limited,2023,AR05,2,[MDA_P001],true,Management Discussion and Analysis CHINA OUHUA WINERY HOLDINGS LIMITED Overview of Performance Prospects,strong,none,aligned,false,accept
MDA_5188_CNOUHUA_2024,CNOUHUA,China Ouhua Winery Holdings Limited,2024,AR01,2,[MDA_P001],true,Management Discussion and Analysis CHINA OUHUA WINERY HOLDINGS LIMITED Overview of Performance Prospects,strong,none,aligned,false,accept
MDA_5188_CNOUHUA_2024,CNOUHUA,China Ouhua Winery Holdings Limited,2024,AR02,3,[MDA_P002],true,Annual Report 2024,acceptable,numeric_review_required,partial,false,manual_review
MDA_5188_CNOUHUA_2024,CNOUHUA,China Ouhua Winery Holdings Limited,2024,AR03,2,[MDA_P003],true,"a) Revenue For FY 2024, China Ouhua, which is principally involved in importing and sales of grape wines with its sole manufacturing plant located in Yantai City, Shandong Province, China recorded a decrease in revenue of 8.40% or RMB 1.311 million from RMB 15.604 million in FY 2",strong,none,aligned,false,accept
MDA_5188_CNOUHUA_2024,CNOUHUA,China Ouhua Winery Holdings Limited,2024,AR04,2,[MDA_P001],true,Management Discussion and Analysis CHINA OUHUA WINERY HOLDINGS LIMITED Overview of Performance Prospects,strong,none,aligned,false,accept
MDA_5188_CNOUHUA_2024,CNOUHUA,China Ouhua Winery Holdings Limited,2024,AR05,2,[MDA_P001],true,Management Discussion and Analysis CHINA OUHUA WINERY HOLDINGS LIMITED Overview of Performance Prospects,strong,none,aligned,false,accept
MDA_5202_MSM_2020,MSM,MSM,2020,AR01,4,[MDA_P001],true,"GROUP CHIEF EXECUTIVE OFFICER REVIEW Generally, the business community in Malaysia is experiencing tighter cash flow due to enforced business closures as part of the government’s movement control order (MCO) from March to May 2020. For the food and beverage sector, manufacturers ",strong,none,aligned,false,accept
MDA_5202_MSM_2020,MSM,MSM,2020,AR02,3,[MDA_P001],true,"GROUP CHIEF EXECUTIVE OFFICER REVIEW Generally, the business community in Malaysia is experiencing tighter cash flow due to enforced business closures as part of the government’s movement control order (MCO) from March to May 2020. For the food and beverage sector, manufacturers ",acceptable,numeric_review_required,partial,false,manual_review
MDA_5202_MSM_2020,MSM,MSM,2020,AR03,2,[MDA_P001],true,"GROUP CHIEF EXECUTIVE OFFICER REVIEW Generally, the business community in Malaysia is experiencing tighter cash flow due to enforced business closures as part of the government’s movement control order (MCO) from March to May 2020. For the food and beverage sector, manufacturers ",strong,none,aligned,false,accept
MDA_5202_MSM_2020,MSM,MSM,2020,AR04,2,[MDA_P002],true,"During the initial phase of MCO, most of the domestic customers suspended their operations whilst During the initial phase of MCO, most of the domestic customers suspended their operations whilst the Industry customers were facing export supply chain disruptions. Nonetheless, con",strong,none,aligned,false,accept
MDA_5202_MSM_2020,MSM,MSM,2020,AR05,2,[MDA_P001],true,"GROUP CHIEF EXECUTIVE OFFICER REVIEW Generally, the business community in Malaysia is experiencing tighter cash flow due to enforced business closures as part of the government’s movement control order (MCO) from March to May 2020. For the food and beverage sector, manufacturers ",strong,none,aligned,false,accept
MDA_5202_MSM_2021,MSM,MSM,2021,AR01,2,[MDA_P001],true,GROUP FINANCIAL,acceptable,none,aligned,false,accept
MDA_5202_MSM_2021,MSM,MSM,2021,AR02,3,[MDA_P002],true,REVIEW,acceptable,numeric_review_required,partial,false,manual_review
MDA_5202_MSM_2021,MSM,MSM,2021,AR03,2,[MDA_P003],true,"Key Financial Performance Indicators MSM uses several key financial indicators to measure its financial performance. These key financial indicators are: Revenue, Profit Before Tax (PBT), Return on Capital Employed (ROCE), Net Debt and Financing to EBITDA, and Cash Balance Positio",weak,missing_causal_explanation,partial,true,manual_review
MDA_5202_MSM_2021,MSM,MSM,2021,AR04,4,[MDA_P021],true,"Outlook The Group performed well in the financial year ended 31 December 2021, buoyed by good raw sugar hedging. We expect the level of sugar consumption to improve in FY2022 as travel restrictions ease domestically. While raw sugar supply shortages will result in raw sugar price",strong,none,aligned,false,accept
MDA_5202_MSM_2021,MSM,MSM,2021,AR05,2,[MDA_P001],true,GROUP FINANCIAL,acceptable,none,aligned,false,accept
MDA_5202_MSM_2022,MSM,MSM,2022,AR01,2,[MDA_P001],true,"Business Review NY11 RAW SUGAR PRICE PROCUREMENT OF RAW SUGAR 1,008,959 tonnes 968,646 tonnes 1,092,869 tonnes NY11 RAW SUGAR PRICE",strong,none,aligned,false,accept
MDA_5202_MSM_2022,MSM,MSM,2022,AR02,3,[MDA_P001],true,"Business Review NY11 RAW SUGAR PRICE PROCUREMENT OF RAW SUGAR 1,008,959 tonnes 968,646 tonnes 1,092,869 tonnes NY11 RAW SUGAR PRICE",acceptable,numeric_review_required,partial,false,manual_review
MDA_5202_MSM_2022,MSM,MSM,2022,AR03,2,[MDA_P001],true,"Business Review NY11 RAW SUGAR PRICE PROCUREMENT OF RAW SUGAR 1,008,959 tonnes 968,646 tonnes 1,092,869 tonnes NY11 RAW SUGAR PRICE",weak,missing_causal_explanation,partial,true,manual_review
MDA_5202_MSM_2022,MSM,MSM,2022,AR04,4,[MDA_P003],true,"NAVIGATING THE HIGH-COST ENVIRONMENT Despite the generally higher prices, MSM remained more committed than ever to its strategy of always procuring raw sugar at the lowest possible price. MSM have also explored various pricing mechanisms to better manage the volatility and to red",acceptable,none,aligned,false,accept
MDA_5202_MSM_2022,MSM,MSM,2022,AR05,2,[MDA_P001],true,"Business Review NY11 RAW SUGAR PRICE PROCUREMENT OF RAW SUGAR 1,008,959 tonnes 968,646 tonnes 1,092,869 tonnes NY11 RAW SUGAR PRICE",strong,none,aligned,false,accept
MDA_5202_MSM_2023,MSM,MSM,2023,AR01,4,[MDA_P001],true,"MSM AT A GLANCE A PERSPECTIVE FROM OUR LEADERSHIP OUR APPROACH TO VALUE CREATION OUR GROUP BUSINESS REVIEW MSM Malaysia Holdings Berhad Sustainable Excellence Through Integration GROUP FINANCIAL REVIEW DR MAZATUL 'AINI SHAHAR ABDUL MALEK SHAHAR, FCA Chief Financial Officer OVERVI",strong,none,aligned,false,accept
MDA_5202_MSM_2023,MSM,MSM,2023,AR02,2,[MDA_P001],true,"MSM AT A GLANCE A PERSPECTIVE FROM OUR LEADERSHIP OUR APPROACH TO VALUE CREATION OUR GROUP BUSINESS REVIEW MSM Malaysia Holdings Berhad Sustainable Excellence Through Integration GROUP FINANCIAL REVIEW DR MAZATUL 'AINI SHAHAR ABDUL MALEK SHAHAR, FCA Chief Financial Officer OVERVI",acceptable,numeric_review_required,partial,false,manual_review
MDA_5202_MSM_2023,MSM,MSM,2023,AR03,4,[MDA_P001],true,"MSM AT A GLANCE A PERSPECTIVE FROM OUR LEADERSHIP OUR APPROACH TO VALUE CREATION OUR GROUP BUSINESS REVIEW MSM Malaysia Holdings Berhad Sustainable Excellence Through Integration GROUP FINANCIAL REVIEW DR MAZATUL 'AINI SHAHAR ABDUL MALEK SHAHAR, FCA Chief Financial Officer OVERVI",strong,none,aligned,false,accept
MDA_5202_MSM_2023,MSM,MSM,2023,AR04,2,[MDA_P001],true,"MSM AT A GLANCE A PERSPECTIVE FROM OUR LEADERSHIP OUR APPROACH TO VALUE CREATION OUR GROUP BUSINESS REVIEW MSM Malaysia Holdings Berhad Sustainable Excellence Through Integration GROUP FINANCIAL REVIEW DR MAZATUL 'AINI SHAHAR ABDUL MALEK SHAHAR, FCA Chief Financial Officer OVERVI",strong,none,aligned,false,accept
MDA_5202_MSM_2023,MSM,MSM,2023,AR05,2,[MDA_P001],true,"MSM AT A GLANCE A PERSPECTIVE FROM OUR LEADERSHIP OUR APPROACH TO VALUE CREATION OUR GROUP BUSINESS REVIEW MSM Malaysia Holdings Berhad Sustainable Excellence Through Integration GROUP FINANCIAL REVIEW DR MAZATUL 'AINI SHAHAR ABDUL MALEK SHAHAR, FCA Chief Financial Officer OVERVI",strong,none,aligned,false,accept
MDA_5202_MSM_2024,MSM,MSM,2024,AR01,2,[MDA_P001],true,"Discussion and Analysis (MD&A). In addition, corporate announcements are made to keep shareholders informed of significant developments affecting the Company, in full compliance with the Listing Requirements. The Board also ensures adherence to all applicable financial reporting ",strong,none,aligned,false,accept
MDA_5202_MSM_2024,MSM,MSM,2024,AR02,3,[MDA_P001],true,"Discussion and Analysis (MD&A). In addition, corporate announcements are made to keep shareholders informed of significant developments affecting the Company, in full compliance with the Listing Requirements. The Board also ensures adherence to all applicable financial reporting ",acceptable,numeric_review_required,partial,false,manual_review
MDA_5202_MSM_2024,MSM,MSM,2024,AR03,1,[MDA_P001],true,"Discussion and Analysis (MD&A). In addition, corporate announcements are made to keep shareholders informed of significant developments affecting the Company, in full compliance with the Listing Requirements. The Board also ensures adherence to all applicable financial reporting ",acceptable,none,aligned,false,accept
MDA_5202_MSM_2024,MSM,MSM,2024,AR04,2,[MDA_P002],true,"RISK MANAGEMENT AND INTERNAL CONTROLS The Board remains committed to maintaining and continually enhancing MSM Group’s and its subsidiaries’ risk management and internal control systems, with the support of the AGRC. The Group’s control environment incorporates several critical c",acceptable,none,aligned,false,accept
MDA_5202_MSM_2024,MSM,MSM,2024,AR05,2,[MDA_P001],true,"Discussion and Analysis (MD&A). In addition, corporate announcements are made to keep shareholders informed of significant developments affecting the Company, in full compliance with the Listing Requirements. The Board also ensures adherence to all applicable financial reporting ",strong,none,aligned,false,accept
MDA_5306_FFB_2022,FFB,FarmFresh,2022,AR01,2,[MDA_P001],true,MANAGEMENT DISCUSSION AND ANALYSIS OUR VALUE CREATING BUSINESS MODEL,strong,none,aligned,false,accept
MDA_5306_FFB_2022,FFB,FarmFresh,2022,AR02,3,[MDA_P001],true,MANAGEMENT DISCUSSION AND ANALYSIS OUR VALUE CREATING BUSINESS MODEL,invalid,missing_financial_content,misaligned,true,rerun_dimension_only
MDA_5306_FFB_2022,FFB,FarmFresh,2022,AR03,2,[MDA_P002],true,OUTCOMES FINANCIAL CAPITAL ·· Revenue: RM501.9 million ·· Profit Before Tax: RM65.7 million ·· Earnings Per Share: 4.87 sen ·· Shareholders' Equity: RM611.0 million ·· Cash and cash equivalents: RM28.1 million MANUFACTURED CAPITAL ·· 78.6 million litres of finished goods sold ·· ,strong,none,aligned,false,accept
MDA_5306_FFB_2022,FFB,FarmFresh,2022,AR04,4,[MDA_P004],true,"While demand for our products has remained stable during this period, we have been adversely affected due to the increasing price of inputs, placing pressure on our margins, and have witnessed a sharp rise in logistics costs in importing raw milk from Australia to Malaysia. OUR R",strong,none,aligned,false,accept
MDA_5306_FFB_2022,FFB,FarmFresh,2022,AR05,2,[MDA_P001],true,MANAGEMENT DISCUSSION AND ANALYSIS OUR VALUE CREATING BUSINESS MODEL,strong,none,aligned,false,accept
MDA_5306_FFB_2023,FFB,FarmFresh,2023,AR01,4,[MDA_P001],true,Management Discussion and Analysis A. Strategic Review 62 Market Landscape – Key Market Trends 66 Key Risks and Mitigation 69 Material Matters 74 Our Strategic Priorities B. Financial Review 76 Group Financial Review 78 5-Year Group Financial Summary 79 5-Year Financial Highlight,strong,none,aligned,false,accept
MDA_5306_FFB_2023,FFB,FarmFresh,2023,AR02,2,[MDA_P047],true,"The Group faced a variety of macroeconomic challenges during the year, Despite recording commendable topline growth, the unprecedented rising costs have resulted in our margins compressing, resulting in lower profitability of the Group. Despite this challenging backdrop, the Grou",acceptable,numeric_review_required,partial,false,manual_review
MDA_5306_FFB_2023,FFB,FarmFresh,2023,AR03,2,[MDA_P003],true,"In our commitment to drive sustained value creation, we thoroughly analyse and evaluate all market factors and developments that hold the potential to shape our operations. The strategies we craft to address these global megatrends and respond to the shifting industry landscape p",strong,none,aligned,false,accept
MDA_5306_FFB_2023,FFB,FarmFresh,2023,AR04,4,[MDA_P001],true,Management Discussion and Analysis A. Strategic Review 62 Market Landscape – Key Market Trends 66 Key Risks and Mitigation 69 Material Matters 74 Our Strategic Priorities B. Financial Review 76 Group Financial Review 78 5-Year Group Financial Summary 79 5-Year Financial Highlight,strong,none,aligned,false,accept
MDA_5306_FFB_2023,FFB,FarmFresh,2023,AR05,4,[MDA_P001],true,Management Discussion and Analysis A. Strategic Review 62 Market Landscape – Key Market Trends 66 Key Risks and Mitigation 69 Material Matters 74 Our Strategic Priorities B. Financial Review 76 Group Financial Review 78 5-Year Group Financial Summary 79 5-Year Financial Highlight,strong,none,aligned,false,accept
MDA_5306_FFB_2024,FFB,FarmFresh,2024,AR01,4,[MDA_P001],true,"IN A CONSTANTLY CHANGING BUSINESS LANDSCAPE, CHARACTERISED BY EVOLVING CONSUMER PREFERENCES, REGULATORY SHIFTS AND GLOBAL CHALLENGES, WE REMAIN COMMITTED TO MANAGING THE COMPLEXITIES OF OPERATING FROM GRASS TO GLASS IN THE DAIRY INDUSTRY, ENSURING EFFICIENCY, QUALITY AND RESPONSI",strong,none,aligned,false,accept
MDA_5306_FFB_2024,FFB,FarmFresh,2024,AR02,3,[MDA_P004],true,"Since 2014, we have adopted regenerative agricultural practices to minimise waste and responsibly use natural resources. Building on these efforts, we have identified biogas facilities as a promising sustainability initiative. These facilities convert waste from our cow herd into",acceptable,numeric_review_required,partial,false,manual_review
MDA_5306_FFB_2024,FFB,FarmFresh,2024,AR03,4,[MDA_P003],true,"With increasing demand for our milk products, we have proactively expanded our capacity across all six of our farms. Notably, we completed construction of new barns at our Taiping farm, boosting its herd capacity by 1,500 cows, making it currently our largest farm with a total ca",strong,none,aligned,false,accept
MDA_5306_FFB_2024,FFB,FarmFresh,2024,AR04,4,[MDA_P002],true,"THIS OPERATIONAL REVIEW OUTLINES THE KEY ACHIEVEMENTS OF OUR FARMING, MANUFACTURING AND DISTRIBUTION SEGMENTS OVER THE PAST YEAR, REVEALING THEIR CURRENT AND FUTURE IMPACT ON OUR BUSINESS OPERATIONS AND GROWTH PROSPECTS. Integrated Annual Repor t 2024",strong,none,aligned,false,accept
MDA_5306_FFB_2024,FFB,FarmFresh,2024,AR05,4,[MDA_P001],true,"IN A CONSTANTLY CHANGING BUSINESS LANDSCAPE, CHARACTERISED BY EVOLVING CONSUMER PREFERENCES, REGULATORY SHIFTS AND GLOBAL CHALLENGES, WE REMAIN COMMITTED TO MANAGING THE COMPLEXITIES OF OPERATING FROM GRASS TO GLASS IN THE DAIRY INDUSTRY, ENSURING EFFICIENCY, QUALITY AND RESPONSI",strong,none,aligned,false,accept
MDA_5533_OCB_2020,OCB,OCB Berhad,2020,AR01,2,[MDA_P001],true,MANAGEMENT DISCUSSION AND ANALYSIS,strong,none,aligned,false,accept
MDA_5533_OCB_2020,OCB,OCB Berhad,2020,AR02,3,[MDA_P001],true,MANAGEMENT DISCUSSION AND ANALYSIS,invalid,missing_financial_content,misaligned,true,rerun_dimension_only
MDA_5533_OCB_2020,OCB,OCB Berhad,2020,AR03,2,[MDA_P002],true,ANNUAL REPORT 2020 REVIEW OF THE FINANCIAL RESULTS AND FINANCIAL CONDITIONS (cont’d) Bedding Products Division Bedding Products Division registered a higher revenue of RM77.0 million with a profit before taxation of RM2.8 million in FYE 2020 compared to a revenue of RM68.5 millio,strong,none,aligned,false,accept
MDA_5533_OCB_2020,OCB,OCB Berhad,2020,AR04,4,[MDA_P006],true,"Sofiya Residensi, Desa ParkCity, Kuala Lumpur The retail distribution business remains active but dealers are buying with lesser volume. The Division will spare more efforts to promote AKRON and SOX (in-house brands) for year 2021. Its healthcare & public segment has intensified ",strong,none,aligned,false,accept
MDA_5533_OCB_2020,OCB,OCB Berhad,2020,AR05,4,[MDA_P001],true,MANAGEMENT DISCUSSION AND ANALYSIS,strong,none,aligned,false,accept
MDA_5533_OCB_2021,OCB,OCB Berhad,2021,AR01,4,[MDA_P001],true,Management Discussion and Analysis,strong,none,aligned,false,accept
MDA_5533_OCB_2021,OCB,OCB Berhad,2021,AR02,3,[MDA_P001],true,Management Discussion and Analysis,invalid,missing_financial_content,misaligned,true,rerun_dimension_only
MDA_5533_OCB_2021,OCB,OCB Berhad,2021,AR03,2,[MDA_P002],true,Registration No. 195901000114 (3465-H) REVIEW OF THE OPERATING ACTIVITIES (cont’d) Consumer Foods Division (cont’d) Spices & Seasonings Specialities Sdn. Bhd. received the FSSC 22000 certification in August 2021. With this certification which is a program under the Global Food Sa,weak,missing_causal_explanation,partial,true,manual_review
MDA_5533_OCB_2021,OCB,OCB Berhad,2021,AR04,4,[MDA_P002],true,Registration No. 195901000114 (3465-H) REVIEW OF THE OPERATING ACTIVITIES (cont’d) Consumer Foods Division (cont’d) Spices & Seasonings Specialities Sdn. Bhd. received the FSSC 22000 certification in August 2021. With this certification which is a program under the Global Food Sa,strong,none,aligned,false,accept
MDA_5533_OCB_2021,OCB,OCB Berhad,2021,AR05,4,[MDA_P001],true,Management Discussion and Analysis,strong,none,aligned,false,accept
MDA_5533_OCB_2022,OCB,OCB Berhad,2022,AR01,5,[MDA_P001],true,Management Discussion and Analysis The Board of Directors of OCB Berhad (“OCB” or “the Company”) (“Board”) and the Management are pleased to present material non-financial information on OCB and its group of companies (“OCB Group” or “the Group”) to complement the detailed inform,invalid,non_mda_noise,misaligned,true,check_text_cleaning
MDA_5533_OCB_2022,OCB,OCB Berhad,2022,AR02,3,[MDA_P001],true,Management Discussion and Analysis The Board of Directors of OCB Berhad (“OCB” or “the Company”) (“Board”) and the Management are pleased to present material non-financial information on OCB and its group of companies (“OCB Group” or “the Group”) to complement the detailed inform,invalid,non_mda_noise,misaligned,true,check_text_cleaning
MDA_5533_OCB_2022,OCB,OCB Berhad,2022,AR03,4,[MDA_P006],true,"REVIEW OF THE FINANCIAL RESULTS AND FINANCIAL CONDITIONS The Group’s financial performance for FYE 2022 as compared to FYE 2021 is as follows: FYE 2022 RM’000 FYE 2021 RM’000 Increase/ (Decrease) RM’000 % Revenue 254,904 238,893 16,011 6.7 Gross Profit 44,527 35,610 8,917 25.0 Ea",acceptable,none,aligned,false,accept
MDA_5533_OCB_2022,OCB,OCB Berhad,2022,AR04,4,[MDA_P009],true,The Consumer Foods Division posted a loss before taxation of RM2.2 million for FYE 2022 as compared to a profit before taxation of RM0.8 million in FYE 2021 due to rising raw materials cost and higher operating expenses ratio. Material costs such as wheat escalated up to 30% year,strong,none,aligned,false,accept
MDA_5533_OCB_2022,OCB,OCB Berhad,2022,AR05,4,[MDA_P001],true,Management Discussion and Analysis The Board of Directors of OCB Berhad (“OCB” or “the Company”) (“Board”) and the Management are pleased to present material non-financial information on OCB and its group of companies (“OCB Group” or “the Group”) to complement the detailed inform,invalid,non_mda_noise,misaligned,true,check_text_cleaning
MDA_5533_OCB_2023,OCB,OCB Berhad,2023,AR01,4,[MDA_P001],true,MANAGEMENT DISCUSSION AND ANALYSIS The Board of Directors of OCB Berhad (“OCB” or “the Company”) and the Management are pleased to present material non-financial information on OCB and its group of companies (“OCB Group” or “the Group”) to complement the detailed information in t,invalid,non_mda_noise,misaligned,true,check_text_cleaning
MDA_5533_OCB_2023,OCB,OCB Berhad,2023,AR02,3,[MDA_P001],true,MANAGEMENT DISCUSSION AND ANALYSIS The Board of Directors of OCB Berhad (“OCB” or “the Company”) and the Management are pleased to present material non-financial information on OCB and its group of companies (“OCB Group” or “the Group”) to complement the detailed information in t,invalid,non_mda_noise,misaligned,true,check_text_cleaning
MDA_5533_OCB_2023,OCB,OCB Berhad,2023,AR03,4,[MDA_P006],true,"REVIEW OF THE FINANCIAL RESULTS AND FINANCIAL CONDITIONS The Group’s financial performance for the FYE 2023 as compared to FYE 2022 is as follows: FYE 2023 RM’000 FYE 2022 RM’000 Increase/ (Decrease) RM’000 % Revenue 298,600 254,904 43,696 17.1 Gross Profit 61,955 44,527 17,428 3",acceptable,none,aligned,false,accept
MDA_5533_OCB_2023,OCB,OCB Berhad,2023,AR04,4,[MDA_P030],true,"Registration No. 195901000114 (3465-H) BUSINESS OUTLOOK 2024 Malaysia’s Gross Domestic Product (“GDP”) is expected to grow strongly at 4.5 percent to 5.0 percent in 2024, primarily on the back of a recovery in the manufacturing sector and driven by the expected expansion of its d",acceptable,none,aligned,false,accept
MDA_5533_OCB_2023,OCB,OCB Berhad,2023,AR05,4,[MDA_P001],true,MANAGEMENT DISCUSSION AND ANALYSIS The Board of Directors of OCB Berhad (“OCB” or “the Company”) and the Management are pleased to present material non-financial information on OCB and its group of companies (“OCB Group” or “the Group”) to complement the detailed information in t,invalid,non_mda_noise,misaligned,true,check_text_cleaning
MDA_5533_OCB_2024,OCB,OCB Berhad,2024,AR01,2,[MDA_P001],true,MANAGEMENT DISCUSSION AND ANALYSIS,strong,none,aligned,false,accept
MDA_5533_OCB_2024,OCB,OCB Berhad,2024,AR02,3,[MDA_P001],true,MANAGEMENT DISCUSSION AND ANALYSIS,invalid,missing_financial_content,misaligned,true,rerun_dimension_only
MDA_5533_OCB_2024,OCB,OCB Berhad,2024,AR03,4,[MDA_P002],true,"Registration No. 195901000114 (3465-H) REVIEW OF THE OPERATING ACTIVITIES Consumer Foods Division The Semenyih and Sibu noodle plants have a current combined capacity of 12.0 million pieces of noodles per shift per month. For the full year 2024, the Semenyih noodle plant utilised",strong,none,aligned,false,accept
MDA_5533_OCB_2024,OCB,OCB Berhad,2024,AR04,4,[MDA_P014],true,"ANNUAL REPORT 2024 BUSINESS OUTLOOK 2025 In 2025, Malaysia’s business landscape is expected to be characterized by steady economic growth, strategic policy initiatives, and a strong focus on technological advancement. The Malaysian economy is projected to expand at a rate of 4.5%",strong,none,aligned,false,accept
MDA_5533_OCB_2024,OCB,OCB Berhad,2024,AR05,4,[MDA_P001],true,MANAGEMENT DISCUSSION AND ANALYSIS,strong,none,aligned,false,accept
MDA_6203_KHEESAN_2021,KHEESAN,Khee San Berhad,2021,AR01,4,[MDA_P001],true,MANAGEMENT DISCUSSION & ANALYSIS (cont’d) Khee San Berhad Annual Report Registration No.: 199401018697 (304376-A),strong,none,aligned,false,accept
MDA_6203_KHEESAN_2021,KHEESAN,Khee San Berhad,2021,AR02,3,[MDA_P001],true,MANAGEMENT DISCUSSION & ANALYSIS (cont’d) Khee San Berhad Annual Report Registration No.: 199401018697 (304376-A),acceptable,numeric_review_required,partial,false,manual_review
MDA_6203_KHEESAN_2021,KHEESAN,Khee San Berhad,2021,AR03,2,[MDA_P002],true,"Candy The Candies segment is subdivided into various categories as follows: Categories Brands Chewy Fruitplus, Mintplus, Choco Plus and Milk Plus, Victory, Snackie and Sochews Deposited Victory Brand and S’creams Hard Torrone, Snackie, Kiss Me, BonBon, Fizzy, Salt Plus, Salt & Le",strong,none,aligned,false,accept
MDA_6203_KHEESAN_2021,KHEESAN,Khee San Berhad,2021,AR04,4,[MDA_P006],true,"Distribution Channels The Group sells its products via two distribution channels, through wholesale and modern distribution channels. In an effort to achieve higher sales volume, the Group distributes its products via both the wholesale and modern distribution channels in Malaysi",acceptable,none,aligned,false,accept
MDA_6203_KHEESAN_2021,KHEESAN,Khee San Berhad,2021,AR05,2,[MDA_P001],true,MANAGEMENT DISCUSSION & ANALYSIS (cont’d) Khee San Berhad Annual Report Registration No.: 199401018697 (304376-A),strong,none,aligned,false,accept
MDA_6203_KHEESAN_2022,KHEESAN,Khee San Berhad,2022,AR01,2,[MDA_P001],true,MANAGEMENT DISCUSSION & ANALYSIS (cont’d),strong,none,aligned,false,accept
MDA_6203_KHEESAN_2022,KHEESAN,Khee San Berhad,2022,AR02,3,[MDA_P003],true,"In FYE 2022, the Group recorded total sales revenue of RM33.0 million of which domestic sales accounted for 57.6% which export sales accounted for the balance of 42.4%. The main product category of the Group is Candy.",acceptable,numeric_review_required,partial,false,manual_review
MDA_6203_KHEESAN_2022,KHEESAN,Khee San Berhad,2022,AR03,2,[MDA_P003],true,"In FYE 2022, the Group recorded total sales revenue of RM33.0 million of which domestic sales accounted for 57.6% which export sales accounted for the balance of 42.4%. The main product category of the Group is Candy.",strong,none,aligned,false,accept
MDA_6203_KHEESAN_2022,KHEESAN,Khee San Berhad,2022,AR04,4,[MDA_P016],true,"In an effort to achieve higher sales volume, the Group distributes its products via both the wholesale and modern distribution channels in Malaysia. However, for export sales, the distribution channels vary from country to country. For example, in Singapore and Hong Kong, only th",acceptable,none,aligned,false,accept
MDA_6203_KHEESAN_2022,KHEESAN,Khee San Berhad,2022,AR05,2,[MDA_P001],true,MANAGEMENT DISCUSSION & ANALYSIS (cont’d),strong,none,aligned,false,accept
MDA_6203_KHEESAN_2023,KHEESAN,Khee San Berhad,2023,AR01,5,[MDA_P001],true,"MANAGEMENT DISCUSSION & ANALYSIS Khee San Berhad (“KSB”) and its three (3) subsidiaries Khee San Food Industries Sdn Bhd (“KSFI”), Khee San Marketing Sdn Bhd and Mega Global Confectionary Sdn Bhd (collectively known as “the Group”), are the largest manufacturers of candy in Malay",strong,none,aligned,false,accept
MDA_6203_KHEESAN_2023,KHEESAN,Khee San Berhad,2023,AR02,3,[MDA_P001],true,"MANAGEMENT DISCUSSION & ANALYSIS Khee San Berhad (“KSB”) and its three (3) subsidiaries Khee San Food Industries Sdn Bhd (“KSFI”), Khee San Marketing Sdn Bhd and Mega Global Confectionary Sdn Bhd (collectively known as “the Group”), are the largest manufacturers of candy in Malay",acceptable,numeric_review_required,partial,false,manual_review
MDA_6203_KHEESAN_2023,KHEESAN,Khee San Berhad,2023,AR03,5,[MDA_P001],true,"MANAGEMENT DISCUSSION & ANALYSIS Khee San Berhad (“KSB”) and its three (3) subsidiaries Khee San Food Industries Sdn Bhd (“KSFI”), Khee San Marketing Sdn Bhd and Mega Global Confectionary Sdn Bhd (collectively known as “the Group”), are the largest manufacturers of candy in Malay",strong,none,aligned,false,accept
MDA_6203_KHEESAN_2023,KHEESAN,Khee San Berhad,2023,AR04,4,[MDA_P028],true,"MANAGEMENT DISCUSSION & ANALYSIS The Group sells its products via two distribution channels, through wholesale and modern distribution channels. In an effort to achieve higher sales volume, the Group distributes its products via both the wholesale and modern distribution channels",acceptable,none,aligned,false,accept
MDA_6203_KHEESAN_2023,KHEESAN,Khee San Berhad,2023,AR05,4,[MDA_P001],true,"MANAGEMENT DISCUSSION & ANALYSIS Khee San Berhad (“KSB”) and its three (3) subsidiaries Khee San Food Industries Sdn Bhd (“KSFI”), Khee San Marketing Sdn Bhd and Mega Global Confectionary Sdn Bhd (collectively known as “the Group”), are the largest manufacturers of candy in Malay",strong,none,aligned,false,accept
MDA_6203_KHEESAN_2024,KHEESAN,Khee San Berhad,2024,AR01,5,[MDA_P001],true,MANAGEMENT DISCUSSION AND ANALYSIS ANNUAL REPORT 2024,strong,none,aligned,false,accept
MDA_6203_KHEESAN_2024,KHEESAN,Khee San Berhad,2024,AR02,3,[MDA_P001],true,MANAGEMENT DISCUSSION AND ANALYSIS ANNUAL REPORT 2024,invalid,missing_financial_content,misaligned,true,rerun_dimension_only
MDA_6203_KHEESAN_2024,KHEESAN,Khee San Berhad,2024,AR03,4,[MDA_P002],true,"The Group reported revenue of RM52.3 million for the current financial year, marking a decline of RM3.3 million, or 6%, as compared to the previous financial year. This decrease is primarily attributed to a reduction in sales orders from the local market. The Group achieved a gro",strong,none,aligned,false,accept
MDA_6203_KHEESAN_2024,KHEESAN,Khee San Berhad,2024,AR04,4,[MDA_P009],true,"By the same, it is also subject to wage fluctuations as the increase in minimum wage level in peninsular Malaysia. In an effort to reduce the over-reliance to the labour issues, the Group will continue to invest in automating the production operation. Fluctuation of raw materials",strong,none,aligned,false,accept
MDA_6203_KHEESAN_2024,KHEESAN,Khee San Berhad,2024,AR05,4,[MDA_P001],true,MANAGEMENT DISCUSSION AND ANALYSIS ANNUAL REPORT 2024,strong,none,aligned,false,accept
MDA_6432_APOLLO_2020,APOLLO,Apollo,2020,AR01,3,[MDA_P001],true,MANAGEMENT DISCUSSION AND ANALYSIS,strong,none,aligned,false,accept
MDA_6432_APOLLO_2020,APOLLO,Apollo,2020,AR02,2,[MDA_P014],true,The profit after taxation had decreased by 18.26% to RM14.24 million from RM17.43 million as recorded in the previous financial year. The current financial year’s profit margin was improved by 1.46% from 24.77% to 26.23%. The lower turnover and other income coupled with a higher ,acceptable,numeric_review_required,partial,false,manual_review
MDA_6432_APOLLO_2020,APOLLO,Apollo,2020,AR03,2,[MDA_P012],true,"The Group registered a turnover of RM174.93 million for the financial year ended 30 April 2020, a decrease of 7.37% as compared to RM188.84 million in previous financial year ended 30 April 2019. 72% of the turnover was contributed by local market and there were no material chang",acceptable,none,aligned,false,accept
MDA_6432_APOLLO_2020,APOLLO,Apollo,2020,AR04,2,[MDA_P024],true,"The fluctuation of raw materials’ prices will have an impact on the Group’s profitability. The Group has taken steps in reducing the risk of price fluctuation by negotiating better terms with suppliers. Under the supervision of the Directors, Procurement Department monitors the p",strong,none,aligned,false,accept
MDA_6432_APOLLO_2020,APOLLO,Apollo,2020,AR05,2,[MDA_P001],true,MANAGEMENT DISCUSSION AND ANALYSIS,strong,none,aligned,false,accept
MDA_6432_APOLLO_2021,APOLLO,Apollo,2021,AR01,3,[MDA_P001],true,MANAGEMENT DISCUSSION AND ANALYSIS,strong,none,aligned,false,accept
MDA_6432_APOLLO_2021,APOLLO,Apollo,2021,AR02,3,[MDA_P012],true,"The Group registered a turnover of RM190.39 million for the financial year ended 30 April 2021, an increase of 8.84% as compared to RM174.93 million in previous financial year ended 30 April 2020. 75.96% of the turnover was contributed by local market and there were no material c",acceptable,numeric_review_required,partial,false,manual_review
MDA_6432_APOLLO_2021,APOLLO,Apollo,2021,AR03,2,[MDA_P012],true,"The Group registered a turnover of RM190.39 million for the financial year ended 30 April 2021, an increase of 8.84% as compared to RM174.93 million in previous financial year ended 30 April 2020. 75.96% of the turnover was contributed by local market and there were no material c",strong,none,aligned,false,accept
MDA_6432_APOLLO_2021,APOLLO,Apollo,2021,AR04,2,[MDA_P024],true,(i) Fluctuation of Raw Material Prices,strong,none,aligned,false,accept
MDA_6432_APOLLO_2021,APOLLO,Apollo,2021,AR05,2,[MDA_P001],true,MANAGEMENT DISCUSSION AND ANALYSIS,strong,none,aligned,false,accept
MDA_6432_APOLLO_2022,APOLLO,Apollo,2022,AR01,2,[MDA_P001],true,MANAGEMENT DISCUSSION AND ANALYSIS,strong,none,aligned,false,accept
MDA_6432_APOLLO_2022,APOLLO,Apollo,2022,AR02,3,[MDA_P012],true,"The Group registered a turnover of RM188.27 million for the financial year ended 30 April 2022, a decrease of 1.11% as compared to RM190.39 million in previous financial year ended 30 April 2021. 73.88% of the turnover was contributed by local market and there were no material ch",acceptable,numeric_review_required,partial,false,manual_review
MDA_6432_APOLLO_2022,APOLLO,Apollo,2022,AR03,2,[MDA_P012],true,"The Group registered a turnover of RM188.27 million for the financial year ended 30 April 2022, a decrease of 1.11% as compared to RM190.39 million in previous financial year ended 30 April 2021. 73.88% of the turnover was contributed by local market and there were no material ch",acceptable,none,aligned,false,accept
MDA_6432_APOLLO_2022,APOLLO,Apollo,2022,AR04,4,[MDA_P014],true,The profit after taxation had decreased by 42.50% to RM9.97 million from RM17.34 million as recorded in the previous financial year. The decrease in profit after taxation during the financial year was mainly due to lower gross profit margin as a result of higher raw material cost,strong,none,aligned,false,accept
MDA_6432_APOLLO_2022,APOLLO,Apollo,2022,AR05,2,[MDA_P001],true,MANAGEMENT DISCUSSION AND ANALYSIS,strong,none,aligned,false,accept
MDA_6432_APOLLO_2023,APOLLO,Apollo,2023,AR01,3,[MDA_P001],true,MANAGEMENT DISCUSSION AND ANALYSIS,strong,none,aligned,false,accept
MDA_6432_APOLLO_2023,APOLLO,Apollo,2023,AR02,3,[MDA_P012],true,"The Group recorded revenue of RM257.11 million for the financial year ended 30 April 2023, an increase of 36.56% as compared to RM188.27 million in the previous financial year ended 30 April 2022. The reopening of Malaysia’s borders has increased the demand of the Group’s product",acceptable,numeric_review_required,partial,false,manual_review
MDA_6432_APOLLO_2023,APOLLO,Apollo,2023,AR03,4,[MDA_P012],true,"The Group recorded revenue of RM257.11 million for the financial year ended 30 April 2023, an increase of 36.56% as compared to RM188.27 million in the previous financial year ended 30 April 2022. The reopening of Malaysia’s borders has increased the demand of the Group’s product",strong,none,aligned,false,accept
MDA_6432_APOLLO_2023,APOLLO,Apollo,2023,AR04,4,[MDA_P025],true,Any fluctuation of raw materials’ prices will have a direct impact on the Group’s gross profit margin. The Group has taken measures to reduce the risk of price fluctuation by working closely with suppliers to get reasonable price without compromising the quality of raw material. ,strong,none,aligned,false,accept
MDA_6432_APOLLO_2023,APOLLO,Apollo,2023,AR05,2,[MDA_P001],true,MANAGEMENT DISCUSSION AND ANALYSIS,strong,none,aligned,false,accept
MDA_6432_APOLLO_2024,APOLLO,Apollo,2024,AR01,4,[MDA_P001],true,MANAGEMENT DISCUSSION AND ANALYSIS,strong,none,aligned,false,accept
MDA_6432_APOLLO_2024,APOLLO,Apollo,2024,AR02,3,[MDA_P010],true,FINANCIAL PERFORMANCE,acceptable,numeric_review_required,partial,false,manual_review
MDA_6432_APOLLO_2024,APOLLO,Apollo,2024,AR03,2,[MDA_P012],true,"The Group recorded revenue of RM255.27 million for the financial year ended 30 April 2024, a decrease of 0.67% as compared to RM257.00 million in the previous financial year ended 30 April 2023. A large proportion of revenue was contributed by local market, accounting for 74.16% ",acceptable,none,aligned,false,accept
MDA_6432_APOLLO_2024,APOLLO,Apollo,2024,AR04,2,[MDA_P024],true,(i) Fluctuation of Raw Material Prices,strong,none,aligned,false,accept
MDA_6432_APOLLO_2024,APOLLO,Apollo,2024,AR05,2,[MDA_P001],true,MANAGEMENT DISCUSSION AND ANALYSIS,strong,none,aligned,false,accept
MDA_7035_CCK_2020,CCK,CCK,2020,AR01,2,[MDA_P001],true,MANAGEMENT DISCUSSION & ANALYSIS (CONT’D),strong,none,aligned,false,accept
MDA_7035_CCK_2020,CCK,CCK,2020,AR02,3,[MDA_P002],true,"CCK CONSOLIDATED HOLDINGS BERHAD FINANCIAL REVIEW (cont’d) OPERATIONS REVIEW - MALAYSIA Categorised as essential services, CCK’s farms (chicken and prawns), factories (chicken abattoirs and prawn processing) and retail stores were fully operational during the various stages of th",acceptable,numeric_review_required,partial,false,manual_review
MDA_7035_CCK_2020,CCK,CCK,2020,AR03,2,[MDA_P003],true,"- 1 CCK Fresh Mart retail store in Sabah in Kota Marudu; 3 CCK Fresh Mart retail stores in Sarawak in Simunjan, Asajaya and Song; 1 CCKLocal supermarket in Kuching, Sarawak; and 1 CCKLocal supermarket in Kota Kinabalu, Sabah. The Group’s deposits with licensed banks and cash and ",strong,none,aligned,false,accept
MDA_7035_CCK_2020,CCK,CCK,2020,AR04,4,[MDA_P004],true,"ANNUAL REPORT FINANCIAL & OPERATIONS REVIEW – INDONESIA Our operations in Indonesia were not affected by the pandemic as, unlike Malaysia, no nationwide lockdowns were declared by the Indonesian authorities in response to the pandemic. Revenue in Indonesia increased resulting fro",acceptable,none,aligned,false,accept
MDA_7035_CCK_2020,CCK,CCK,2020,AR05,2,[MDA_P001],true,MANAGEMENT DISCUSSION & ANALYSIS (CONT’D),strong,none,aligned,false,accept
MDA_7035_CCK_2021,CCK,CCK,2021,AR01,4,[MDA_P001],true,"MANAGEMENT DISCUSSION & ANALYSIS (Cont’d) FINANCIAL REVIEW (CONT’D) Revenue for the financial year ended 31 December 2021 (“FY2021”) increased by 4.5% to RM685.5 million against the corresponding period last year (“FY2020”), a record high for the Group.",strong,none,aligned,false,accept
MDA_7035_CCK_2021,CCK,CCK,2021,AR02,2,[MDA_P003],true,"The poultry segment was affected by overall lower volumes and declined to RM83.7 million in FY2021. Poultry sales via our own retail stores (intersegment sales) remained robust, tracking the performance of the retail segment. The prawn segment revenue grew by 10.8% in FY2021. Thi",acceptable,numeric_review_required,partial,false,manual_review
MDA_7035_CCK_2021,CCK,CCK,2021,AR03,4,[MDA_P001],true,"MANAGEMENT DISCUSSION & ANALYSIS (Cont’d) FINANCIAL REVIEW (CONT’D) Revenue for the financial year ended 31 December 2021 (“FY2021”) increased by 4.5% to RM685.5 million against the corresponding period last year (“FY2020”), a record high for the Group.",strong,none,aligned,false,accept
MDA_7035_CCK_2021,CCK,CCK,2021,AR04,4,[MDA_P004],true,"The hike in feed prices resulting from the increase in prices of soy and corn had a direct negative impact on the poultry segment, which reported a loss of RM6.0 million in FY2021. Other operating expenses increased by 9.0% due to the costs associated with the commissioning of th",strong,none,aligned,false,accept
MDA_7035_CCK_2021,CCK,CCK,2021,AR05,2,[MDA_P001],true,"MANAGEMENT DISCUSSION & ANALYSIS (Cont’d) FINANCIAL REVIEW (CONT’D) Revenue for the financial year ended 31 December 2021 (“FY2021”) increased by 4.5% to RM685.5 million against the corresponding period last year (“FY2020”), a record high for the Group.",strong,none,aligned,false,accept
MDA_7035_CCK_2022,CCK,CCK,2022,AR01,5,[MDA_P001],true,MANAGEMENT DISCUSSION & ANALYSIS Revenue RM885.7 million Profit After Tax RM63.1 million Profit Before Tax RM81.4 million Total Assets RM505.3 million Total Liabilities RM143.1 million Earnings Per Share 10.12 sen Current Ratio 2.3 times,strong,none,aligned,false,accept
MDA_7035_CCK_2022,CCK,CCK,2022,AR02,3,[MDA_P001],true,MANAGEMENT DISCUSSION & ANALYSIS Revenue RM885.7 million Profit After Tax RM63.1 million Profit Before Tax RM81.4 million Total Assets RM505.3 million Total Liabilities RM143.1 million Earnings Per Share 10.12 sen Current Ratio 2.3 times,acceptable,numeric_review_required,partial,false,manual_review
MDA_7035_CCK_2022,CCK,CCK,2022,AR03,5,[MDA_P001],true,MANAGEMENT DISCUSSION & ANALYSIS Revenue RM885.7 million Profit After Tax RM63.1 million Profit Before Tax RM81.4 million Total Assets RM505.3 million Total Liabilities RM143.1 million Earnings Per Share 10.12 sen Current Ratio 2.3 times,weak,missing_causal_explanation,partial,true,manual_review
MDA_7035_CCK_2022,CCK,CCK,2022,AR04,4,[MDA_P017],true,ANNUAL REPORT 9 MANAGEMENT DISCUSSION & ANALYSIS (Cont’d) ANTICIPATED OR KNOWN RISKS a. Credit Risk,strong,none,aligned,false,accept
MDA_7035_CCK_2022,CCK,CCK,2022,AR05,5,[MDA_P001],true,MANAGEMENT DISCUSSION & ANALYSIS Revenue RM885.7 million Profit After Tax RM63.1 million Profit Before Tax RM81.4 million Total Assets RM505.3 million Total Liabilities RM143.1 million Earnings Per Share 10.12 sen Current Ratio 2.3 times,strong,none,aligned,false,accept
MDA_7035_CCK_2023,CCK,CCK,2023,AR01,2,[MDA_P001],true,MANAGEMENT DISCUSSION & ANALYSIS Profit Before Tax RM107.44 million Total Liabilities RM144.69 million Revenue RM980.75 million Total Assets RM576.25 million Profit After Tax RM83.36 million Current Ratio 2.68 times Earnings Per Share 13.35 sen,strong,none,aligned,false,accept
MDA_7035_CCK_2023,CCK,CCK,2023,AR02,2,[MDA_P009],true,"The poultry segment reported a total segment revenue of RM336.6 million for FY2023, a 2.7% improvement from the same period last year. This was driven by improved demand for poultry products to institutional clients and consumer sentiment. Poultry sales via our own retail stores ",acceptable,numeric_review_required,partial,false,manual_review
MDA_7035_CCK_2023,CCK,CCK,2023,AR03,2,[MDA_P001],true,MANAGEMENT DISCUSSION & ANALYSIS Profit Before Tax RM107.44 million Total Liabilities RM144.69 million Revenue RM980.75 million Total Assets RM576.25 million Profit After Tax RM83.36 million Current Ratio 2.68 times Earnings Per Share 13.35 sen,weak,missing_causal_explanation,partial,true,manual_review
MDA_7035_CCK_2023,CCK,CCK,2023,AR04,4,[MDA_P015],true,"This additional production capacity supported the higher sales volumes of our own in-house brands of sausages, nuggets and other processed products. Sausages continue to be the CCK’s best seller in Indonesia whilst the sales of nuggets continue to gain momentum. All products from",acceptable,none,aligned,false,accept
MDA_7035_CCK_2023,CCK,CCK,2023,AR05,2,[MDA_P001],true,MANAGEMENT DISCUSSION & ANALYSIS Profit Before Tax RM107.44 million Total Liabilities RM144.69 million Revenue RM980.75 million Total Assets RM576.25 million Profit After Tax RM83.36 million Current Ratio 2.68 times Earnings Per Share 13.35 sen,strong,none,aligned,false,accept
MDA_7035_CCK_2024,CCK,CCK,2024,AR01,4,[MDA_P001],true,"MANAGEMENT DISCUSSION AND ANALYSIS Profit Before Tax RM 112.03 million Current Ratio 3.91 times Earnings Per Share 11.51 sen Revenue RM 1,057.65 million Profit After Tax RM 71.58 million Total Assets RM 767.96 million Total Liabilities RM 155.11 million",strong,none,aligned,false,accept
MDA_7035_CCK_2024,CCK,CCK,2024,AR02,2,[MDA_P003],true,CCK CONSOLIDATED HOLDINGS BERHAD 6 | The Management Discussion and Analysis (“MD&A”) is intended to provide the stakeholder with operational and financial highlights of CCK Consolidated Holdings Berhad (“CCK” or “the Group”) for the financial year ended 31 December 2024 (“FY2024”,acceptable,numeric_review_required,partial,false,manual_review
MDA_7035_CCK_2024,CCK,CCK,2024,AR03,2,[MDA_P001],true,"MANAGEMENT DISCUSSION AND ANALYSIS Profit Before Tax RM 112.03 million Current Ratio 3.91 times Earnings Per Share 11.51 sen Revenue RM 1,057.65 million Profit After Tax RM 71.58 million Total Assets RM 767.96 million Total Liabilities RM 155.11 million",weak,missing_causal_explanation,partial,true,manual_review
MDA_7035_CCK_2024,CCK,CCK,2024,AR04,2,[MDA_P013],true,"This additional production capacity supported the higher sales volumes of our own in-house brands of sausages, nuggets and other processed products. Sausages continue to be the CCK’s best seller in Indonesia whilst the sales of nuggets continue to gain momentum. All products from",acceptable,none,aligned,false,accept
MDA_7035_CCK_2024,CCK,CCK,2024,AR05,2,[MDA_P001],true,"MANAGEMENT DISCUSSION AND ANALYSIS Profit Before Tax RM 112.03 million Current Ratio 3.91 times Earnings Per Share 11.51 sen Revenue RM 1,057.65 million Profit After Tax RM 71.58 million Total Assets RM 767.96 million Total Liabilities RM 155.11 million",strong,none,aligned,false,accept
MDA_7103_SPRITZER_2020,SPRITZER,SPRITZER,2020,AR01,2,[MDA_P001],true,Management Discussion and Analysis,strong,none,aligned,false,accept
MDA_7103_SPRITZER_2020,SPRITZER,SPRITZER,2020,AR02,3,[MDA_P002],true,"For Financial Year Ended December 31, 2020",invalid,missing_financial_content,misaligned,true,rerun_dimension_only
MDA_7103_SPRITZER_2020,SPRITZER,SPRITZER,2020,AR03,2,[MDA_P003],true,ECONOMIC OVERVIEW Malaysia’s full year gross domestic product (“GDP”) declined by 5.6% year-over-year in 2020 amidst the pandemic-induced adverse global and domestic economic environment. The unprecedented and severe health crisis which necessitates the use of drastic containment,strong,none,aligned,false,accept
MDA_7103_SPRITZER_2020,SPRITZER,SPRITZER,2020,AR04,2,[MDA_P005],true,"respective market segments in the Malaysian bottled water industry. Our Group has three bottled water plants and one plastic packaging manufacturing plant in Malaysia. Our main mineral water plant is located on a 330-acre site in Taiping, Perak with the second mineral water plant",strong,none,aligned,false,accept
MDA_7103_SPRITZER_2020,SPRITZER,SPRITZER,2020,AR05,2,[MDA_P001],true,Management Discussion and Analysis,strong,none,aligned,false,accept
MDA_7103_SPRITZER_2021,SPRITZER,SPRITZER,2021,AR01,2,[MDA_P001],true,MANAGEMENT DISCUSSION AND ANALYSIS,strong,none,aligned,false,accept
MDA_7103_SPRITZER_2021,SPRITZER,SPRITZER,2021,AR02,3,[MDA_P003],true,"ECONOMIC OVERVIEW The ongoing COVID-19 pandemic continued to impact the global and domestic economic activities in 2021. The world was slowly adjusting to the new normal and vaccinations became available, the global economy gradually recovered. The Malaysian economy was also grad",acceptable,numeric_review_required,partial,false,manual_review
MDA_7103_SPRITZER_2021,SPRITZER,SPRITZER,2021,AR03,2,[MDA_P003],true,"ECONOMIC OVERVIEW The ongoing COVID-19 pandemic continued to impact the global and domestic economic activities in 2021. The world was slowly adjusting to the new normal and vaccinations became available, the global economy gradually recovered. The Malaysian economy was also grad",strong,none,aligned,false,accept
MDA_7103_SPRITZER_2021,SPRITZER,SPRITZER,2021,AR04,2,[MDA_P006],true,"Tinge, Cactus, Cactus Sparkling, Desa and Summer which are also the leading brands in their respective market segments in the Malaysian bottled water industry. Our Group has three bottled water plants and one plastic packaging manufacturing plant in Malaysia. Our main mineral wat",strong,none,aligned,false,accept
MDA_7103_SPRITZER_2021,SPRITZER,SPRITZER,2021,AR05,2,[MDA_P001],true,MANAGEMENT DISCUSSION AND ANALYSIS,strong,none,aligned,false,accept
MDA_7103_SPRITZER_2022,SPRITZER,SPRITZER,2022,AR01,4,[MDA_P001],true,"Management Discussion and Analysis For Financial Year Ended December 31, 2022",strong,none,aligned,false,accept
MDA_7103_SPRITZER_2022,SPRITZER,SPRITZER,2022,AR02,3,[MDA_P001],true,"Management Discussion and Analysis For Financial Year Ended December 31, 2022",invalid,missing_financial_content,misaligned,true,rerun_dimension_only
MDA_7103_SPRITZER_2022,SPRITZER,SPRITZER,2022,AR03,4,[MDA_P002],true,"Annual Report 2022 Spritzer Bhd 199301010611 (265348-V) FINANCIAL REVIEW Financial Highlights Financial year ended Change 31.12.2022 31.12.2021 Amount % Revenue (RM’000) 433,300 331,026 102,274 Profit before taxation (RM’000) 45,200 30,345 14,855 Profit after taxation (RM’000) 36",strong,none,aligned,false,accept
MDA_7103_SPRITZER_2022,SPRITZER,SPRITZER,2022,AR04,5,[MDA_P009],true,"Annual Report 2022 Spritzer Bhd 199301010611 (265348-V) RISKS The Group is sensitive to various risks such as pandemic risk, macroeconomic risk, regulatory risk, reputation risk, business and operations risk and financial risk. The Group’s risk management framework is designed to",strong,none,aligned,false,accept
MDA_7103_SPRITZER_2022,SPRITZER,SPRITZER,2022,AR05,4,[MDA_P001],true,"Management Discussion and Analysis For Financial Year Ended December 31, 2022",strong,none,aligned,false,accept
MDA_7103_SPRITZER_2023,SPRITZER,SPRITZER,2023,AR01,5,[MDA_P001],true,"MANAGEMENT DISCUSSION AND ANALYSIS ECONOMIC OVERVIEW The Malaysian economy grew moderately by 3.7% in 2023, following a robust expansion of 8.7% recorded in the previous year. The slower growth in 2023 is attributed to the weakness in the manufacturing and export-oriented sectors",strong,none,aligned,false,accept
MDA_7103_SPRITZER_2023,SPRITZER,SPRITZER,2023,AR02,2,[MDA_P006],true,"Revenue, Results and Dividend The Group recorded a new high in annual revenue of RM490.7 million in the financial year ended December 31, 2023, a significant increase of 13% from the previous year’s revenue of RM433.3 million, mainly due to the increase in sales volume and better",acceptable,numeric_review_required,partial,false,manual_review
MDA_7103_SPRITZER_2023,SPRITZER,SPRITZER,2023,AR03,5,[MDA_P001],true,"MANAGEMENT DISCUSSION AND ANALYSIS ECONOMIC OVERVIEW The Malaysian economy grew moderately by 3.7% in 2023, following a robust expansion of 8.7% recorded in the previous year. The slower growth in 2023 is attributed to the weakness in the manufacturing and export-oriented sectors",strong,none,aligned,false,accept
MDA_7103_SPRITZER_2023,SPRITZER,SPRITZER,2023,AR04,2,[MDA_P004],true,"For Financial Year Ended December 31, 2023 STRATEGIC DIRECTION Being the largest, most integrated and the leading bottled water company in Malaysia, we are committed to delivering to all our consumers of our high quality bottled water products with special focus on health benefit",strong,none,aligned,false,accept
MDA_7103_SPRITZER_2023,SPRITZER,SPRITZER,2023,AR05,4,[MDA_P001],true,"MANAGEMENT DISCUSSION AND ANALYSIS ECONOMIC OVERVIEW The Malaysian economy grew moderately by 3.7% in 2023, following a robust expansion of 8.7% recorded in the previous year. The slower growth in 2023 is attributed to the weakness in the manufacturing and export-oriented sectors",strong,none,aligned,false,accept
MDA_7103_SPRITZER_2024,SPRITZER,SPRITZER,2024,AR01,5,[MDA_P001],true,"Management Discussion and Analysis BUSINESS AND OPERATIONS OVERVIEW The Malaysian economy grew by 5.0% in the fourth quarter of 2024. This performance was supported by strong expansion in investment activities, growth in export of goods and services and sustained household spendi",strong,none,aligned,false,accept
MDA_7103_SPRITZER_2024,SPRITZER,SPRITZER,2024,AR02,3,[MDA_P001],true,"Management Discussion and Analysis BUSINESS AND OPERATIONS OVERVIEW The Malaysian economy grew by 5.0% in the fourth quarter of 2024. This performance was supported by strong expansion in investment activities, growth in export of goods and services and sustained household spendi",acceptable,numeric_review_required,partial,false,manual_review
MDA_7103_SPRITZER_2024,SPRITZER,SPRITZER,2024,AR03,4,[MDA_P001],true,"Management Discussion and Analysis BUSINESS AND OPERATIONS OVERVIEW The Malaysian economy grew by 5.0% in the fourth quarter of 2024. This performance was supported by strong expansion in investment activities, growth in export of goods and services and sustained household spendi",strong,none,aligned,false,accept
MDA_7103_SPRITZER_2024,SPRITZER,SPRITZER,2024,AR04,5,[MDA_P001],true,"Management Discussion and Analysis BUSINESS AND OPERATIONS OVERVIEW The Malaysian economy grew by 5.0% in the fourth quarter of 2024. This performance was supported by strong expansion in investment activities, growth in export of goods and services and sustained household spendi",weak,missing_risk_or_outlook,partial,true,manual_review
MDA_7103_SPRITZER_2024,SPRITZER,SPRITZER,2024,AR05,4,[MDA_P001],true,"Management Discussion and Analysis BUSINESS AND OPERATIONS OVERVIEW The Malaysian economy grew by 5.0% in the fourth quarter of 2024. This performance was supported by strong expansion in investment activities, growth in export of goods and services and sustained household spendi",strong,none,aligned,false,accept
MDA_7107_OFI_2020,OFI,OFI,2020,AR01,2,[MDA_P001],true,"MANAGEMENT DISCUSSION AND ANALYSIS OVERVIEW OF THE GROUPS’ BUSINESS AND OPERATIONS Oriental Food Industries Holdings Berhad (""the Company” or “the Group”) has made its mark in the snack food and confectionery manufacturing industry today as one of the companies holding the leadin",strong,none,aligned,false,accept
MDA_7107_OFI_2020,OFI,OFI,2020,AR02,3,[MDA_P001],true,"MANAGEMENT DISCUSSION AND ANALYSIS OVERVIEW OF THE GROUPS’ BUSINESS AND OPERATIONS Oriental Food Industries Holdings Berhad (""the Company” or “the Group”) has made its mark in the snack food and confectionery manufacturing industry today as one of the companies holding the leadin",acceptable,numeric_review_required,partial,false,manual_review
MDA_7107_OFI_2020,OFI,OFI,2020,AR03,2,[MDA_P001],true,"MANAGEMENT DISCUSSION AND ANALYSIS OVERVIEW OF THE GROUPS’ BUSINESS AND OPERATIONS Oriental Food Industries Holdings Berhad (""the Company” or “the Group”) has made its mark in the snack food and confectionery manufacturing industry today as one of the companies holding the leadin",strong,none,aligned,false,accept
MDA_7107_OFI_2020,OFI,OFI,2020,AR04,2,[MDA_P001],true,"MANAGEMENT DISCUSSION AND ANALYSIS OVERVIEW OF THE GROUPS’ BUSINESS AND OPERATIONS Oriental Food Industries Holdings Berhad (""the Company” or “the Group”) has made its mark in the snack food and confectionery manufacturing industry today as one of the companies holding the leadin",acceptable,none,aligned,false,accept
MDA_7107_OFI_2020,OFI,OFI,2020,AR05,2,[MDA_P001],true,"MANAGEMENT DISCUSSION AND ANALYSIS OVERVIEW OF THE GROUPS’ BUSINESS AND OPERATIONS Oriental Food Industries Holdings Berhad (""the Company” or “the Group”) has made its mark in the snack food and confectionery manufacturing industry today as one of the companies holding the leadin",strong,none,aligned,false,accept
MDA_7107_OFI_2021,OFI,OFI,2021,AR01,4,[MDA_P001],true,MANAGEMENT DISCUSSION AND ANALYSIS OVERVIEW OF THE GROUPS’ BUSINESS AND OPERATIONS Oriental Food Industries Holdings Berhad (“the Company” or “the Group”) has made its mark in the snack food and confectionery manufacturing industry today as one of the companies holding the leadin,strong,none,aligned,false,accept
MDA_7107_OFI_2021,OFI,OFI,2021,AR02,3,[MDA_P001],true,MANAGEMENT DISCUSSION AND ANALYSIS OVERVIEW OF THE GROUPS’ BUSINESS AND OPERATIONS Oriental Food Industries Holdings Berhad (“the Company” or “the Group”) has made its mark in the snack food and confectionery manufacturing industry today as one of the companies holding the leadin,acceptable,numeric_review_required,partial,false,manual_review
MDA_7107_OFI_2021,OFI,OFI,2021,AR03,2,[MDA_P001],true,MANAGEMENT DISCUSSION AND ANALYSIS OVERVIEW OF THE GROUPS’ BUSINESS AND OPERATIONS Oriental Food Industries Holdings Berhad (“the Company” or “the Group”) has made its mark in the snack food and confectionery manufacturing industry today as one of the companies holding the leadin,strong,none,aligned,false,accept
MDA_7107_OFI_2021,OFI,OFI,2021,AR04,2,[MDA_P001],true,MANAGEMENT DISCUSSION AND ANALYSIS OVERVIEW OF THE GROUPS’ BUSINESS AND OPERATIONS Oriental Food Industries Holdings Berhad (“the Company” or “the Group”) has made its mark in the snack food and confectionery manufacturing industry today as one of the companies holding the leadin,acceptable,none,aligned,false,accept
MDA_7107_OFI_2021,OFI,OFI,2021,AR05,2,[MDA_P001],true,MANAGEMENT DISCUSSION AND ANALYSIS OVERVIEW OF THE GROUPS’ BUSINESS AND OPERATIONS Oriental Food Industries Holdings Berhad (“the Company” or “the Group”) has made its mark in the snack food and confectionery manufacturing industry today as one of the companies holding the leadin,strong,none,aligned,false,accept
MDA_7107_OFI_2022,OFI,OFI,2022,AR01,3,[MDA_P001],true,MANAGEMENT DISCUSSION AND ANALYSIS OVERVIEW OF THE GROUPS’ BUSINESS AND OPERATIONS Oriental Food Industries Holdings Berhad (“the Company” or “the Group”) has made its mark in the snack food and confectionery manufacturing industry today as one of the companies holding the leadin,strong,none,aligned,false,accept
MDA_7107_OFI_2022,OFI,OFI,2022,AR02,3,[MDA_P001],true,MANAGEMENT DISCUSSION AND ANALYSIS OVERVIEW OF THE GROUPS’ BUSINESS AND OPERATIONS Oriental Food Industries Holdings Berhad (“the Company” or “the Group”) has made its mark in the snack food and confectionery manufacturing industry today as one of the companies holding the leadin,acceptable,numeric_review_required,partial,false,manual_review
MDA_7107_OFI_2022,OFI,OFI,2022,AR03,2,[MDA_P001],true,MANAGEMENT DISCUSSION AND ANALYSIS OVERVIEW OF THE GROUPS’ BUSINESS AND OPERATIONS Oriental Food Industries Holdings Berhad (“the Company” or “the Group”) has made its mark in the snack food and confectionery manufacturing industry today as one of the companies holding the leadin,strong,none,aligned,false,accept
MDA_7107_OFI_2022,OFI,OFI,2022,AR04,2,[MDA_P001],true,MANAGEMENT DISCUSSION AND ANALYSIS OVERVIEW OF THE GROUPS’ BUSINESS AND OPERATIONS Oriental Food Industries Holdings Berhad (“the Company” or “the Group”) has made its mark in the snack food and confectionery manufacturing industry today as one of the companies holding the leadin,acceptable,none,aligned,false,accept
MDA_7107_OFI_2022,OFI,OFI,2022,AR05,2,[MDA_P001],true,MANAGEMENT DISCUSSION AND ANALYSIS OVERVIEW OF THE GROUPS’ BUSINESS AND OPERATIONS Oriental Food Industries Holdings Berhad (“the Company” or “the Group”) has made its mark in the snack food and confectionery manufacturing industry today as one of the companies holding the leadin,strong,none,aligned,false,accept
MDA_7107_OFI_2023,OFI,OFI,2023,AR01,2,[MDA_P001],true,MANAGEMENT DISCUSSION AND ANALYSIS OVERVIEW OF THE GROUPS’ BUSINESS AND OPERATIONS Oriental Food Industries Holdings Berhad (“the Company” or “the Group”) has made its mark in the snack food and confectionery manufacturing industry today as one of the companies holding the leadin,strong,none,aligned,false,accept
MDA_7107_OFI_2023,OFI,OFI,2023,AR02,3,[MDA_P001],true,MANAGEMENT DISCUSSION AND ANALYSIS OVERVIEW OF THE GROUPS’ BUSINESS AND OPERATIONS Oriental Food Industries Holdings Berhad (“the Company” or “the Group”) has made its mark in the snack food and confectionery manufacturing industry today as one of the companies holding the leadin,acceptable,numeric_review_required,partial,false,manual_review
MDA_7107_OFI_2023,OFI,OFI,2023,AR03,2,[MDA_P001],true,MANAGEMENT DISCUSSION AND ANALYSIS OVERVIEW OF THE GROUPS’ BUSINESS AND OPERATIONS Oriental Food Industries Holdings Berhad (“the Company” or “the Group”) has made its mark in the snack food and confectionery manufacturing industry today as one of the companies holding the leadin,strong,none,aligned,false,accept
MDA_7107_OFI_2023,OFI,OFI,2023,AR04,2,[MDA_P001],true,MANAGEMENT DISCUSSION AND ANALYSIS OVERVIEW OF THE GROUPS’ BUSINESS AND OPERATIONS Oriental Food Industries Holdings Berhad (“the Company” or “the Group”) has made its mark in the snack food and confectionery manufacturing industry today as one of the companies holding the leadin,acceptable,none,aligned,false,accept
MDA_7107_OFI_2023,OFI,OFI,2023,AR05,2,[MDA_P001],true,MANAGEMENT DISCUSSION AND ANALYSIS OVERVIEW OF THE GROUPS’ BUSINESS AND OPERATIONS Oriental Food Industries Holdings Berhad (“the Company” or “the Group”) has made its mark in the snack food and confectionery manufacturing industry today as one of the companies holding the leadin,strong,none,aligned,false,accept
MDA_7167_ABLEGLOB_2020,ABLEGLOB,JOHOTIN,2020,AR01,4,[MDA_P001],true,"Management Discussion and Analysis (“MD&A”), which provides an insight of the financial performance of Johore Tin Berhad (“JTB”) and its subsidiaries (“the Group”) for the financial year ended 31 December 2020 (“FYE 2020”). This MD&A also contains information on the Group’s overv",strong,none,aligned,false,accept
MDA_7167_ABLEGLOB_2020,ABLEGLOB,JOHOTIN,2020,AR02,2,[MDA_P007],true,"For the FYE 2020, the Group achieved revenue of RM502.26 million as compared to RM579.79 million in the previous financial year, a decreased of RM77.53 million. Profit before tax decreased by RM7.30 million to RM53.22 million as compared to RM60.52 million in the previous financi",acceptable,numeric_review_required,partial,false,manual_review
MDA_7167_ABLEGLOB_2020,ABLEGLOB,JOHOTIN,2020,AR03,2,[MDA_P007],true,"For the FYE 2020, the Group achieved revenue of RM502.26 million as compared to RM579.79 million in the previous financial year, a decreased of RM77.53 million. Profit before tax decreased by RM7.30 million to RM53.22 million as compared to RM60.52 million in the previous financi",weak,missing_causal_explanation,partial,true,manual_review
MDA_7167_ABLEGLOB_2020,ABLEGLOB,JOHOTIN,2020,AR04,4,[MDA_P001],true,"Management Discussion and Analysis (“MD&A”), which provides an insight of the financial performance of Johore Tin Berhad (“JTB”) and its subsidiaries (“the Group”) for the financial year ended 31 December 2020 (“FYE 2020”). This MD&A also contains information on the Group’s overv",strong,none,aligned,false,accept
MDA_7167_ABLEGLOB_2020,ABLEGLOB,JOHOTIN,2020,AR05,2,[MDA_P001],true,"Management Discussion and Analysis (“MD&A”), which provides an insight of the financial performance of Johore Tin Berhad (“JTB”) and its subsidiaries (“the Group”) for the financial year ended 31 December 2020 (“FYE 2020”). This MD&A also contains information on the Group’s overv",strong,none,aligned,false,accept
MDA_7167_ABLEGLOB_2021,ABLEGLOB,JOHOTIN,2021,AR01,4,[MDA_P001],true,Statement on Management Discussion and Analysis (“MD&A”) provides an insight of the financial performance of Able Global Berhad (“AGB”) (Formerly known as Johore Tin Berhad) and its subsidiaries (“the Group”) for the financial year ended 31 December 2021 (“FYE 2021”). This MD&A a,strong,none,aligned,false,accept
MDA_7167_ABLEGLOB_2021,ABLEGLOB,JOHOTIN,2021,AR02,2,[MDA_P007],true,"For FYE 2021, the Group achieved revenue of RM499.86 million as compared to RM502.26 million in the previous financial year, a decreased of RM2.4 million. Profit before tax decreased by RM1.79 million to RM51.43 million as compared to RM53.22 million in the previous financial yea",acceptable,numeric_review_required,partial,false,manual_review
MDA_7167_ABLEGLOB_2021,ABLEGLOB,JOHOTIN,2021,AR03,2,[MDA_P007],true,"For FYE 2021, the Group achieved revenue of RM499.86 million as compared to RM502.26 million in the previous financial year, a decreased of RM2.4 million. Profit before tax decreased by RM1.79 million to RM51.43 million as compared to RM53.22 million in the previous financial yea",weak,missing_causal_explanation,partial,true,manual_review
MDA_7167_ABLEGLOB_2021,ABLEGLOB,JOHOTIN,2021,AR04,4,[MDA_P001],true,Statement on Management Discussion and Analysis (“MD&A”) provides an insight of the financial performance of Able Global Berhad (“AGB”) (Formerly known as Johore Tin Berhad) and its subsidiaries (“the Group”) for the financial year ended 31 December 2021 (“FYE 2021”). This MD&A a,strong,none,aligned,false,accept
MDA_7167_ABLEGLOB_2021,ABLEGLOB,JOHOTIN,2021,AR05,2,[MDA_P001],true,Statement on Management Discussion and Analysis (“MD&A”) provides an insight of the financial performance of Able Global Berhad (“AGB”) (Formerly known as Johore Tin Berhad) and its subsidiaries (“the Group”) for the financial year ended 31 December 2021 (“FYE 2021”). This MD&A a,strong,none,aligned,false,accept
MDA_7167_ABLEGLOB_2022,ABLEGLOB,JOHOTIN,2022,AR01,4,[MDA_P001],true,MANAGEMENT DISCUSSION AND ANALYSIS The Statement on Management Discussion and Analysis (“MD&A”) provides an insight of the financial performance of Able Global Berhad (“AGB”) and its subsidiaries (“the Group”) for the financial year ended 31 December 2022 (“FYE 2022”). This MD&A ,strong,none,aligned,false,accept
MDA_7167_ABLEGLOB_2022,ABLEGLOB,JOHOTIN,2022,AR02,2,[MDA_P047],true,"The Group, although without a dividend policy, intends to declare dividends depending on the Group’s profits generated during each financial period/year, by taking into consideration the expansion plan and future investments on capital expenditure. For FYE 2022, the total dividen",acceptable,numeric_review_required,partial,false,manual_review
MDA_7167_ABLEGLOB_2022,ABLEGLOB,JOHOTIN,2022,AR03,2,[MDA_P006],true,"For FYE 2022, the Group achieved revenue of RM549.82 million as compared to RM499.86 million in the previous financial year, an increase of RM49.96 million. Profit before tax decreased by RM8.63 million to RM42.80 million as compared to RM51.43 million in the previous financial y",weak,missing_causal_explanation,partial,true,manual_review
MDA_7167_ABLEGLOB_2022,ABLEGLOB,JOHOTIN,2022,AR04,4,[MDA_P001],true,MANAGEMENT DISCUSSION AND ANALYSIS The Statement on Management Discussion and Analysis (“MD&A”) provides an insight of the financial performance of Able Global Berhad (“AGB”) and its subsidiaries (“the Group”) for the financial year ended 31 December 2022 (“FYE 2022”). This MD&A ,strong,none,aligned,false,accept
MDA_7167_ABLEGLOB_2022,ABLEGLOB,JOHOTIN,2022,AR05,2,[MDA_P001],true,MANAGEMENT DISCUSSION AND ANALYSIS The Statement on Management Discussion and Analysis (“MD&A”) provides an insight of the financial performance of Able Global Berhad (“AGB”) and its subsidiaries (“the Group”) for the financial year ended 31 December 2022 (“FYE 2022”). This MD&A ,strong,none,aligned,false,accept
MDA_7167_ABLEGLOB_2023,ABLEGLOB,JOHOTIN,2023,AR01,4,[MDA_P001],true,management discussion and Analysis The Statement on Management Discussion and Analysis (“MD&A”) provides an insight of the financial performance of Able Global Berhad (“AGB”) and its subsidiaries (“the Group”) for the financial year ended 31 December 2023 (“FYE 2023”). This MD&A ,strong,none,aligned,false,accept
MDA_7167_ABLEGLOB_2023,ABLEGLOB,JOHOTIN,2023,AR02,2,[MDA_P047],true,"The Group, although without a dividend policy, intends to declare dividends depending on the Group’s profits generated during each financial period/year, by taking into consideration the expansion plan and future investments on capital expenditure. For FYE 2023, the total dividen",acceptable,numeric_review_required,partial,false,manual_review
MDA_7167_ABLEGLOB_2023,ABLEGLOB,JOHOTIN,2023,AR03,2,[MDA_P007],true,"For FYE 2023, the Group achieved revenue of RM648.09 million as compared to RM549.82 million in the previous financial year, an increase of RM98.27 million. Profit before tax increased by RM26.39 million to RM69.19 million as compared to RM42.80 million in the previous financial ",weak,missing_causal_explanation,partial,true,manual_review
MDA_7167_ABLEGLOB_2023,ABLEGLOB,JOHOTIN,2023,AR04,2,[MDA_P001],true,management discussion and Analysis The Statement on Management Discussion and Analysis (“MD&A”) provides an insight of the financial performance of Able Global Berhad (“AGB”) and its subsidiaries (“the Group”) for the financial year ended 31 December 2023 (“FYE 2023”). This MD&A ,strong,none,aligned,false,accept
MDA_7167_ABLEGLOB_2023,ABLEGLOB,JOHOTIN,2023,AR05,2,[MDA_P001],true,management discussion and Analysis The Statement on Management Discussion and Analysis (“MD&A”) provides an insight of the financial performance of Able Global Berhad (“AGB”) and its subsidiaries (“the Group”) for the financial year ended 31 December 2023 (“FYE 2023”). This MD&A ,strong,none,aligned,false,accept
MDA_7167_ABLEGLOB_2024,ABLEGLOB,JOHOTIN,2024,AR01,4,[MDA_P001],true,Statement on Management Discussion and Analysis (“MD&A”) provides an insight of the financial performance of Able Global Berhad (“AGB”) and its subsidiaries (“the Group”) for the financial year ended 31 December 2024 (“FYE 2024”). This MD&A also contains information on the Group’,strong,none,aligned,false,accept
MDA_7167_ABLEGLOB_2024,ABLEGLOB,JOHOTIN,2024,AR02,3,[MDA_P002],true,2. REVIEW OF FINANCIAL RESULTS AND FINANCIAL CONDITION,acceptable,numeric_review_required,partial,false,manual_review
MDA_7167_ABLEGLOB_2024,ABLEGLOB,JOHOTIN,2024,AR03,2,[MDA_P003],true,"In FYE 2024, the total borrowings decreased by RM15.75 million to RM254.20 million from RM269.95 million mainly due to repayment of long-term financing, contributing positively to the gearing ratio. The gearing ratio decreased by 8.34% from 61.00% to 52.66% mainly due to continue",strong,none,aligned,false,accept
MDA_7167_ABLEGLOB_2024,ABLEGLOB,JOHOTIN,2024,AR04,4,[MDA_P001],true,Statement on Management Discussion and Analysis (“MD&A”) provides an insight of the financial performance of Able Global Berhad (“AGB”) and its subsidiaries (“the Group”) for the financial year ended 31 December 2024 (“FYE 2024”). This MD&A also contains information on the Group’,strong,none,aligned,false,accept
MDA_7167_ABLEGLOB_2024,ABLEGLOB,JOHOTIN,2024,AR05,2,[MDA_P001],true,Statement on Management Discussion and Analysis (“MD&A”) provides an insight of the financial performance of Able Global Berhad (“AGB”) and its subsidiaries (“the Group”) for the financial year ended 31 December 2024 (“FYE 2024”). This MD&A also contains information on the Group’,strong,none,aligned,false,accept
MDA_7216_KAWAN_2020,KAWAN,Kawan Food,2020,AR01,5,[MDA_P001],true,"Management Discussion and Analysis (cont’d) The Food and Beverage (“F&B”) industry in which we operate experienced unprecedented supply and demand volatility in FY2020. Movement restrictions impacted supply chain and operational efficiencies industry-wide, resulting in growth of ",strong,none,aligned,false,accept
MDA_7216_KAWAN_2020,KAWAN,Kawan Food,2020,AR02,3,[MDA_P001],true,"Management Discussion and Analysis (cont’d) The Food and Beverage (“F&B”) industry in which we operate experienced unprecedented supply and demand volatility in FY2020. Movement restrictions impacted supply chain and operational efficiencies industry-wide, resulting in growth of ",acceptable,numeric_review_required,partial,false,manual_review
MDA_7216_KAWAN_2020,KAWAN,Kawan Food,2020,AR03,4,[MDA_P001],true,"Management Discussion and Analysis (cont’d) The Food and Beverage (“F&B”) industry in which we operate experienced unprecedented supply and demand volatility in FY2020. Movement restrictions impacted supply chain and operational efficiencies industry-wide, resulting in growth of ",strong,none,aligned,false,accept
MDA_7216_KAWAN_2020,KAWAN,Kawan Food,2020,AR04,5,[MDA_P001],true,"Management Discussion and Analysis (cont’d) The Food and Beverage (“F&B”) industry in which we operate experienced unprecedented supply and demand volatility in FY2020. Movement restrictions impacted supply chain and operational efficiencies industry-wide, resulting in growth of ",strong,none,aligned,false,accept
MDA_7216_KAWAN_2020,KAWAN,Kawan Food,2020,AR05,4,[MDA_P001],true,"Management Discussion and Analysis (cont’d) The Food and Beverage (“F&B”) industry in which we operate experienced unprecedented supply and demand volatility in FY2020. Movement restrictions impacted supply chain and operational efficiencies industry-wide, resulting in growth of ",strong,none,aligned,false,accept
MDA_7216_KAWAN_2021,KAWAN,Kawan Food,2021,AR01,4,[MDA_P001],true,"MANAGEMENT DISCUSSION AND ANALYSIS Dear Shareholders, On behalf of the Board and Management of Kawan Food Berhad (“Kawan” or the “Group”), I am pleased to present the Management Discussion and Analysis for financial year ended 31 December 2021 (“FY2021”). This report serves to pr",strong,none,aligned,false,accept
MDA_7216_KAWAN_2021,KAWAN,Kawan Food,2021,AR02,3,[MDA_P001],true,"MANAGEMENT DISCUSSION AND ANALYSIS Dear Shareholders, On behalf of the Board and Management of Kawan Food Berhad (“Kawan” or the “Group”), I am pleased to present the Management Discussion and Analysis for financial year ended 31 December 2021 (“FY2021”). This report serves to pr",acceptable,numeric_review_required,partial,false,manual_review
MDA_7216_KAWAN_2021,KAWAN,Kawan Food,2021,AR03,2,[MDA_P002],true,"ANNUAL REPORT 2021 OVERVIEW FY2021 was a demanding year for the business. The resurgence of COVID 19 cases and the return of movement restriction had a significant impact on society and the economy as well as Kawan’s operations, affecting our supply chain and the number of employ",strong,none,aligned,false,accept
MDA_7216_KAWAN_2021,KAWAN,Kawan Food,2021,AR04,4,[MDA_P001],true,"MANAGEMENT DISCUSSION AND ANALYSIS Dear Shareholders, On behalf of the Board and Management of Kawan Food Berhad (“Kawan” or the “Group”), I am pleased to present the Management Discussion and Analysis for financial year ended 31 December 2021 (“FY2021”). This report serves to pr",strong,none,aligned,false,accept
MDA_7216_KAWAN_2021,KAWAN,Kawan Food,2021,AR05,2,[MDA_P001],true,"MANAGEMENT DISCUSSION AND ANALYSIS Dear Shareholders, On behalf of the Board and Management of Kawan Food Berhad (“Kawan” or the “Group”), I am pleased to present the Management Discussion and Analysis for financial year ended 31 December 2021 (“FY2021”). This report serves to pr",strong,none,aligned,false,accept
MDA_7216_KAWAN_2022,KAWAN,Kawan Food,2022,AR01,4,[MDA_P001],true,"Management Discussion & Analysis Dear Shareholders, I am proud that Kawan has a team with great people who possess strength and resilience to overcome the tough challenges over the year. Together, we have faced difficult periods and emerged stronger. I have full confidence that w",strong,none,aligned,false,accept
MDA_7216_KAWAN_2022,KAWAN,Kawan Food,2022,AR02,3,[MDA_P001],true,"Management Discussion & Analysis Dear Shareholders, I am proud that Kawan has a team with great people who possess strength and resilience to overcome the tough challenges over the year. Together, we have faced difficult periods and emerged stronger. I have full confidence that w",acceptable,numeric_review_required,partial,false,manual_review
MDA_7216_KAWAN_2022,KAWAN,Kawan Food,2022,AR03,4,[MDA_P003],true,"We also worked closely with our customers and suppliers to maintain our service levels, overcoming supply chain deficiencies, unprecedented inflation on input costs and labour supply challenges. We are grateful for the hard work and commitment of our employees and management duri",strong,none,aligned,false,accept
MDA_7216_KAWAN_2022,KAWAN,Kawan Food,2022,AR04,4,[MDA_P003],true,"We also worked closely with our customers and suppliers to maintain our service levels, overcoming supply chain deficiencies, unprecedented inflation on input costs and labour supply challenges. We are grateful for the hard work and commitment of our employees and management duri",strong,none,aligned,false,accept
MDA_7216_KAWAN_2022,KAWAN,Kawan Food,2022,AR05,2,[MDA_P001],true,"Management Discussion & Analysis Dear Shareholders, I am proud that Kawan has a team with great people who possess strength and resilience to overcome the tough challenges over the year. Together, we have faced difficult periods and emerged stronger. I have full confidence that w",strong,none,aligned,false,accept
MDA_7216_KAWAN_2023,KAWAN,Kawan Food,2023,AR01,2,[MDA_P001],true,"MANAGEMENT DISCUSSION AND ANALYSIS Revenue (2022: RM274.8 million) RM287.2 million Profit Before Taxation (2022: RM40.1 million) RM34.3 million Cash & Cash Equivalents (2022: RM98.6 million) RM104.3 million OVERVIEW In adapting to the changing global environment, we took the oppo",strong,none,aligned,false,accept
MDA_7216_KAWAN_2023,KAWAN,Kawan Food,2023,AR02,3,[MDA_P001],true,"MANAGEMENT DISCUSSION AND ANALYSIS Revenue (2022: RM274.8 million) RM287.2 million Profit Before Taxation (2022: RM40.1 million) RM34.3 million Cash & Cash Equivalents (2022: RM98.6 million) RM104.3 million OVERVIEW In adapting to the changing global environment, we took the oppo",acceptable,numeric_review_required,partial,false,manual_review
MDA_7216_KAWAN_2023,KAWAN,Kawan Food,2023,AR03,2,[MDA_P001],true,"MANAGEMENT DISCUSSION AND ANALYSIS Revenue (2022: RM274.8 million) RM287.2 million Profit Before Taxation (2022: RM40.1 million) RM34.3 million Cash & Cash Equivalents (2022: RM98.6 million) RM104.3 million OVERVIEW In adapting to the changing global environment, we took the oppo",acceptable,none,aligned,false,accept
MDA_7216_KAWAN_2023,KAWAN,Kawan Food,2023,AR04,4,[MDA_P001],true,"MANAGEMENT DISCUSSION AND ANALYSIS Revenue (2022: RM274.8 million) RM287.2 million Profit Before Taxation (2022: RM40.1 million) RM34.3 million Cash & Cash Equivalents (2022: RM98.6 million) RM104.3 million OVERVIEW In adapting to the changing global environment, we took the oppo",strong,none,aligned,false,accept
MDA_7216_KAWAN_2023,KAWAN,Kawan Food,2023,AR05,2,[MDA_P001],true,"MANAGEMENT DISCUSSION AND ANALYSIS Revenue (2022: RM274.8 million) RM287.2 million Profit Before Taxation (2022: RM40.1 million) RM34.3 million Cash & Cash Equivalents (2022: RM98.6 million) RM104.3 million OVERVIEW In adapting to the changing global environment, we took the oppo",strong,none,aligned,false,accept
MDA_7216_KAWAN_2024,KAWAN,Kawan Food,2024,AR01,4,[MDA_P001],true,"MANAGEMENT DISCUSSION AND ANALYSIS As we reflect on 2024, I am proud to report that this has been a year of strategic transformation and resilient progress for our company. Amidst a dynamic operating environment, we remained steadfast in our mission to deliver high-quality frozen",strong,none,aligned,false,accept
MDA_7216_KAWAN_2024,KAWAN,Kawan Food,2024,AR02,3,[MDA_P003],true,"Kawan At A Glance This is Kawan Food Berhad Our Strategic Review Financial Statements Other Information Our Commitment to Good Corporate Governance MANAGEMENT DISCUSSION AND ANALYSIS FY2024 was a year of strategic transformation and resilient progress for Kawan Food Berhad (""KFB""",acceptable,numeric_review_required,partial,false,manual_review
MDA_7216_KAWAN_2024,KAWAN,Kawan Food,2024,AR03,4,[MDA_P003],true,"Kawan At A Glance This is Kawan Food Berhad Our Strategic Review Financial Statements Other Information Our Commitment to Good Corporate Governance MANAGEMENT DISCUSSION AND ANALYSIS FY2024 was a year of strategic transformation and resilient progress for Kawan Food Berhad (""KFB""",strong,none,aligned,false,accept
MDA_7216_KAWAN_2024,KAWAN,Kawan Food,2024,AR04,4,[MDA_P001],true,"MANAGEMENT DISCUSSION AND ANALYSIS As we reflect on 2024, I am proud to report that this has been a year of strategic transformation and resilient progress for our company. Amidst a dynamic operating environment, we remained steadfast in our mission to deliver high-quality frozen",strong,none,aligned,false,accept
MDA_7216_KAWAN_2024,KAWAN,Kawan Food,2024,AR05,2,[MDA_P001],true,"MANAGEMENT DISCUSSION AND ANALYSIS As we reflect on 2024, I am proud to report that this has been a year of strategic transformation and resilient progress for our company. Amidst a dynamic operating environment, we remained steadfast in our mission to deliver high-quality frozen",strong,none,aligned,false,accept
MDA_7237_PWROOT_2020,PWROOT,Power Root,2020,AR01,4,[MDA_P001],true,MANAGEMENT DISCUSSION AND ANALYSIS,strong,none,aligned,false,accept
MDA_7237_PWROOT_2020,PWROOT,Power Root,2020,AR02,3,[MDA_P001],true,MANAGEMENT DISCUSSION AND ANALYSIS,invalid,missing_financial_content,misaligned,true,rerun_dimension_only
MDA_7237_PWROOT_2020,PWROOT,Power Root,2020,AR03,2,[MDA_P002],true,"Power Root Berhad Registration Number: 200601013517 (733268-U) I Annual Report 2020 THE BUSINESS ENVIRONMENT Demanding economic conditions resulted in cautious consumer spending during the year, even prior to the introduction of Malaysia’s Movement Control Order (MCO) in March 20",strong,none,aligned,false,accept
MDA_7237_PWROOT_2020,PWROOT,Power Root,2020,AR04,2,[MDA_P003],true,"In the wider global context, the Group benefited from favourable market movements this past year. The lower price of raw materials, coffee in particular, contributed to an improvement in margins. At the same time, the strengthening of the US dollar (USD) against the Ringgit (MYR)",strong,none,aligned,false,accept
MDA_7237_PWROOT_2020,PWROOT,Power Root,2020,AR05,2,[MDA_P001],true,MANAGEMENT DISCUSSION AND ANALYSIS,strong,none,aligned,false,accept
MDA_7237_PWROOT_2021,PWROOT,Power Root,2021,AR01,2,[MDA_P001],true,"MANAGEMENT DISCUSSION AND ANALYSIS This has been an extraordinary year. We have all had to adjust to living with social and economic uncertainty under new circumstances. On the personal front, parents have had to learn to supervise their children’s home-schooling needs, employees",strong,none,aligned,false,accept
MDA_7237_PWROOT_2021,PWROOT,Power Root,2021,AR02,3,[MDA_P001],true,"MANAGEMENT DISCUSSION AND ANALYSIS This has been an extraordinary year. We have all had to adjust to living with social and economic uncertainty under new circumstances. On the personal front, parents have had to learn to supervise their children’s home-schooling needs, employees",acceptable,numeric_review_required,partial,false,manual_review
MDA_7237_PWROOT_2021,PWROOT,Power Root,2021,AR03,2,[MDA_P001],true,"MANAGEMENT DISCUSSION AND ANALYSIS This has been an extraordinary year. We have all had to adjust to living with social and economic uncertainty under new circumstances. On the personal front, parents have had to learn to supervise their children’s home-schooling needs, employees",strong,none,aligned,false,accept
MDA_7237_PWROOT_2021,PWROOT,Power Root,2021,AR04,2,[MDA_P001],true,"MANAGEMENT DISCUSSION AND ANALYSIS This has been an extraordinary year. We have all had to adjust to living with social and economic uncertainty under new circumstances. On the personal front, parents have had to learn to supervise their children’s home-schooling needs, employees",strong,none,aligned,false,accept
MDA_7237_PWROOT_2021,PWROOT,Power Root,2021,AR05,2,[MDA_P001],true,"MANAGEMENT DISCUSSION AND ANALYSIS This has been an extraordinary year. We have all had to adjust to living with social and economic uncertainty under new circumstances. On the personal front, parents have had to learn to supervise their children’s home-schooling needs, employees",strong,none,aligned,false,accept
MDA_7237_PWROOT_2022,PWROOT,Power Root,2022,AR01,2,[MDA_P001],true,MANAGEMENT DISCUSSION AND ANALYSIS Power Root Berhad Registration Number: 200601013517 (733268-U),strong,none,aligned,false,accept
MDA_7237_PWROOT_2022,PWROOT,Power Root,2022,AR02,3,[MDA_P001],true,MANAGEMENT DISCUSSION AND ANALYSIS Power Root Berhad Registration Number: 200601013517 (733268-U),invalid,missing_financial_content,misaligned,true,rerun_dimension_only
MDA_7237_PWROOT_2022,PWROOT,Power Root,2022,AR03,2,[MDA_P002],true,"Power Root Berhad Registration Number: 200601013517 (733268-U) Annual Report 2022 Power Root was similarly affected by these challenges as we faced labour shortages in the short term. However, the Group as a whole responded with early proactive actions that helped mitigate the im",strong,none,aligned,false,accept
MDA_7237_PWROOT_2022,PWROOT,Power Root,2022,AR04,4,[MDA_P002],true,"Power Root Berhad Registration Number: 200601013517 (733268-U) Annual Report 2022 Power Root was similarly affected by these challenges as we faced labour shortages in the short term. However, the Group as a whole responded with early proactive actions that helped mitigate the im",strong,none,aligned,false,accept
MDA_7237_PWROOT_2022,PWROOT,Power Root,2022,AR05,2,[MDA_P001],true,MANAGEMENT DISCUSSION AND ANALYSIS Power Root Berhad Registration Number: 200601013517 (733268-U),strong,none,aligned,false,accept
MDA_7237_PWROOT_2023,PWROOT,Power Root,2023,AR01,4,[MDA_P001],true,MANAGEMENT DISCUSSION AND ANALYSIS cont’d,strong,none,aligned,false,accept
MDA_7237_PWROOT_2023,PWROOT,Power Root,2023,AR02,3,[MDA_P001],true,MANAGEMENT DISCUSSION AND ANALYSIS cont’d,invalid,missing_financial_content,misaligned,true,rerun_dimension_only
MDA_7237_PWROOT_2023,PWROOT,Power Root,2023,AR03,2,[MDA_P002],true,"AR 2023 China and Hong Kong were among the last countries to reopen their borders, with China doing so on 1 January 2023 and Hong Kong in February 2023. There was little movement in our activities in these countries for FY 2023 but we have observed that economic recovery is under",acceptable,none,aligned,false,accept
MDA_7237_PWROOT_2023,PWROOT,Power Root,2023,AR04,2,[MDA_P002],true,"AR 2023 China and Hong Kong were among the last countries to reopen their borders, with China doing so on 1 January 2023 and Hong Kong in February 2023. There was little movement in our activities in these countries for FY 2023 but we have observed that economic recovery is under",strong,none,aligned,false,accept
MDA_7237_PWROOT_2023,PWROOT,Power Root,2023,AR05,2,[MDA_P001],true,MANAGEMENT DISCUSSION AND ANALYSIS cont’d,strong,none,aligned,false,accept
MDA_7237_PWROOT_2024,PWROOT,Power Root,2024,AR01,2,[MDA_P001],true,"MANAGEMENT DISCUSSION AND ANALYSIS (cont’d) meet their demand for high quality beverages. We also know that it is crucial for us to be agile and to adapt in a competitive beverage market with unpredictable consumer behaviour. Constant change is required, be it in ways we engage c",strong,none,aligned,false,accept
MDA_7237_PWROOT_2024,PWROOT,Power Root,2024,AR02,3,[MDA_P003],true,"To reach out to consumers, we use traditional and digital media platforms, in-store activities and promotions, and run campaigns which attract attention to our brands. We participate in joint events where we are able to promote brand awareness and strengthen brand associations. O",acceptable,numeric_review_required,partial,false,manual_review
MDA_7237_PWROOT_2024,PWROOT,Power Root,2024,AR03,2,[MDA_P001],true,"MANAGEMENT DISCUSSION AND ANALYSIS (cont’d) meet their demand for high quality beverages. We also know that it is crucial for us to be agile and to adapt in a competitive beverage market with unpredictable consumer behaviour. Constant change is required, be it in ways we engage c",strong,none,aligned,false,accept
MDA_7237_PWROOT_2024,PWROOT,Power Root,2024,AR04,2,[MDA_P001],true,"MANAGEMENT DISCUSSION AND ANALYSIS (cont’d) meet their demand for high quality beverages. We also know that it is crucial for us to be agile and to adapt in a competitive beverage market with unpredictable consumer behaviour. Constant change is required, be it in ways we engage c",strong,none,aligned,false,accept
MDA_7237_PWROOT_2024,PWROOT,Power Root,2024,AR05,2,[MDA_P001],true,"MANAGEMENT DISCUSSION AND ANALYSIS (cont’d) meet their demand for high quality beverages. We also know that it is crucial for us to be agile and to adapt in a competitive beverage market with unpredictable consumer behaviour. Constant change is required, be it in ways we engage c",strong,none,aligned,false,accept
MDA_7243_MAGMA_2020,MAGMA,Impiana Hotels Bhd,2020,AR01,2,[MDA_P001],true,MANAGEMENT DISCUSSION & ANALYSIS 1. FINANCIAL REVIEW,strong,none,aligned,false,accept
MDA_7243_MAGMA_2020,MAGMA,Impiana Hotels Bhd,2020,AR02,2,[MDA_P002],true,The Company had changed its financial year end from 31 December to 30 June during the current financial period ended 30 June 2020 (“FPE 2020”). The change in the current financial period was made to facilitate more time for our External Auditors to assess the Purchase Price Alloc,acceptable,numeric_review_required,partial,false,manual_review
MDA_7243_MAGMA_2020,MAGMA,Impiana Hotels Bhd,2020,AR03,2,[MDA_P002],true,The Company had changed its financial year end from 31 December to 30 June during the current financial period ended 30 June 2020 (“FPE 2020”). The change in the current financial period was made to facilitate more time for our External Auditors to assess the Purchase Price Alloc,weak,missing_causal_explanation,partial,true,manual_review
MDA_7243_MAGMA_2020,MAGMA,Impiana Hotels Bhd,2020,AR04,4,[MDA_P023],true,The performances of the Company and its subsidiaries in the hospitality business are dependent on the following key risk areas: (a) Changes in Economic Environment and Natural Disasters,acceptable,none,aligned,false,accept
MDA_7243_MAGMA_2020,MAGMA,Impiana Hotels Bhd,2020,AR05,2,[MDA_P001],true,MANAGEMENT DISCUSSION & ANALYSIS 1. FINANCIAL REVIEW,strong,none,aligned,false,accept
MDA_7243_MAGMA_2021,MAGMA,Impiana Hotels Bhd,2021,AR01,4,[MDA_P001],true,MANAGEMENT DISCUSSION & ANALYSIS 1. FINANCIAL REVIEW,strong,none,aligned,false,accept
MDA_7243_MAGMA_2021,MAGMA,Impiana Hotels Bhd,2021,AR02,2,[MDA_P003],true,"The summary of the Statement of Comprehensive Income is as follows: (RM ‘000) FYE 2021 FPE 2020 (18 Months) Variance FYE 2021 vs. FPE 2020 Revenue 19,499 33,818 (42%) Gross Profit (“GP”) 6,193 17,256 (64%) Gross Profit Margin (“GPM”) 31.8 51.0% Administrative Expenses (6,723) (18",acceptable,numeric_review_required,partial,false,manual_review
MDA_7243_MAGMA_2021,MAGMA,Impiana Hotels Bhd,2021,AR03,2,[MDA_P003],true,"The summary of the Statement of Comprehensive Income is as follows: (RM ‘000) FYE 2021 FPE 2020 (18 Months) Variance FYE 2021 vs. FPE 2020 Revenue 19,499 33,818 (42%) Gross Profit (“GP”) 6,193 17,256 (64%) Gross Profit Margin (“GPM”) 31.8 51.0% Administrative Expenses (6,723) (18",weak,missing_causal_explanation,partial,true,manual_review
MDA_7243_MAGMA_2021,MAGMA,Impiana Hotels Bhd,2021,AR04,4,[MDA_P016],true,The performances of the Company and its subsidiaries in the hospitality business are dependent on the following key risk areas: (a) Changes in Economic Environment and Natural Disasters,acceptable,none,aligned,false,accept
MDA_7243_MAGMA_2021,MAGMA,Impiana Hotels Bhd,2021,AR05,2,[MDA_P001],true,MANAGEMENT DISCUSSION & ANALYSIS 1. FINANCIAL REVIEW,strong,none,aligned,false,accept
MDA_7243_MAGMA_2022,MAGMA,Impiana Hotels Bhd,2022,AR01,4,[MDA_P001],true,MANAGEMENT DISCUSSION & ANALYSIS 1. FINANCIAL REVIEW,strong,none,aligned,false,accept
MDA_7243_MAGMA_2022,MAGMA,Impiana Hotels Bhd,2022,AR02,2,[MDA_P003],true,"The summary of the Statement of Comprehensive Income is as follows: (RM ‘000) FPE 2022 (18 Months) FYE 2021 Variance FPE 2022 vs. FYE 2021 Revenue 26,725 19,499 37.1% Gross Profit (“GP”) 15,153 6,193 >100.0% Gross Profit Margin (“GPM”) 56.7% 31.8% Administrative Expenses (13,051)",acceptable,numeric_review_required,partial,false,manual_review
MDA_7243_MAGMA_2022,MAGMA,Impiana Hotels Bhd,2022,AR03,2,[MDA_P003],true,"The summary of the Statement of Comprehensive Income is as follows: (RM ‘000) FPE 2022 (18 Months) FYE 2021 Variance FPE 2022 vs. FYE 2021 Revenue 26,725 19,499 37.1% Gross Profit (“GP”) 15,153 6,193 >100.0% Gross Profit Margin (“GPM”) 56.7% 31.8% Administrative Expenses (13,051)",weak,missing_causal_explanation,partial,true,manual_review
MDA_7243_MAGMA_2022,MAGMA,Impiana Hotels Bhd,2022,AR04,4,[MDA_P025],true,"Spending on travel and tourism is discretionary and price sensitive, being affected by factors such as the supply and demand for modes of transportation and accommodation, the rate of growth of economic growth, interest rates, inflation and economic developments affecting travel ",acceptable,none,aligned,false,accept
MDA_7243_MAGMA_2022,MAGMA,Impiana Hotels Bhd,2022,AR05,2,[MDA_P001],true,MANAGEMENT DISCUSSION & ANALYSIS 1. FINANCIAL REVIEW,strong,none,aligned,false,accept
MDA_7243_MAGMA_2023,MAGMA,Impiana Hotels Bhd,2023,AR01,4,[MDA_P001],true,"Management Discussion & Analysis (Overview of Group Business) Magma Group Berhad (“Magma” or the “Group”) has solidified its presence in the hospitality industry through a commitment to excellence in hotel management. Magma’s hospitality arm, MHM, manages a diverse portfolio of 4",strong,none,aligned,false,accept
MDA_7243_MAGMA_2023,MAGMA,Impiana Hotels Bhd,2023,AR02,2,[MDA_P003],true,"FPE 2022 Revenue 14,458 26,725 (45.9%) Gross Profit (“GP”) 16,543 15,153 9.2% Gross Profit Margin (“GPM”) 114.4% 56.7% Administrative Expenses (12,420) (13,051) 4.8% Other Cost (17,141) (15,928) (7.6%) (Loss) Before Tax (“LBT”) (13,018) (13,826) 5.8% (Loss) After Tax from Continu",acceptable,numeric_review_required,partial,false,manual_review
MDA_7243_MAGMA_2023,MAGMA,Impiana Hotels Bhd,2023,AR03,2,[MDA_P003],true,"FPE 2022 Revenue 14,458 26,725 (45.9%) Gross Profit (“GP”) 16,543 15,153 9.2% Gross Profit Margin (“GPM”) 114.4% 56.7% Administrative Expenses (12,420) (13,051) 4.8% Other Cost (17,141) (15,928) (7.6%) (Loss) Before Tax (“LBT”) (13,018) (13,826) 5.8% (Loss) After Tax from Continu",strong,none,aligned,false,accept
MDA_7243_MAGMA_2023,MAGMA,Impiana Hotels Bhd,2023,AR04,2,[MDA_P016],true,"In FYE2023, the dynamics of travel and tourism spending, inherently discretionary and sensitive to economic fluctuations, continued to shape the hospitality industry. Factors such as transportation and accommodation supply and demand, economic growth rates, interest rates, inflat",strong,none,aligned,false,accept
MDA_7243_MAGMA_2023,MAGMA,Impiana Hotels Bhd,2023,AR05,4,[MDA_P001],true,"Management Discussion & Analysis (Overview of Group Business) Magma Group Berhad (“Magma” or the “Group”) has solidified its presence in the hospitality industry through a commitment to excellence in hotel management. Magma’s hospitality arm, MHM, manages a diverse portfolio of 4",strong,none,aligned,false,accept
MDA_7243_MAGMA_2024,MAGMA,Impiana Hotels Bhd,2024,AR01,4,[MDA_P001],true,"MANAGEMENT DISCUSSION & ANALYSIS (Overview of Group Business) Magma Group Berhad (“.BHNB” or “the Group”) is actively evolving from a traditional hospitality company into an innovative, experience-focused property and lifestyle group. Anchored in Malaysia’s hotel industry, Magma ",strong,none,aligned,false,accept
MDA_7243_MAGMA_2024,MAGMA,Impiana Hotels Bhd,2024,AR02,2,[MDA_P003],true,"FYE 2023 Revenue 14,926 14,458 3.2% Gross Profit (“GP”) 16,390 16,543 (0.9%) Gross Profit Margin (“GPM”) 109.8% 114.4% Administrative Expenses (21,829) (12,420) (75.7%) Other Cost (40,582) (17,141) (>100%) (Loss) Before Tax (“LBT”) (46,020) (13,018) (>100%) (Loss) After Tax from ",acceptable,numeric_review_required,partial,false,manual_review
MDA_7243_MAGMA_2024,MAGMA,Impiana Hotels Bhd,2024,AR03,2,[MDA_P003],true,"FYE 2023 Revenue 14,926 14,458 3.2% Gross Profit (“GP”) 16,390 16,543 (0.9%) Gross Profit Margin (“GPM”) 109.8% 114.4% Administrative Expenses (21,829) (12,420) (75.7%) Other Cost (40,582) (17,141) (>100%) (Loss) Before Tax (“LBT”) (46,020) (13,018) (>100%) (Loss) After Tax from ",strong,none,aligned,false,accept
MDA_7243_MAGMA_2024,MAGMA,Impiana Hotels Bhd,2024,AR04,2,[MDA_P003],true,"FYE 2023 Revenue 14,926 14,458 3.2% Gross Profit (“GP”) 16,390 16,543 (0.9%) Gross Profit Margin (“GPM”) 109.8% 114.4% Administrative Expenses (21,829) (12,420) (75.7%) Other Cost (40,582) (17,141) (>100%) (Loss) Before Tax (“LBT”) (46,020) (13,018) (>100%) (Loss) After Tax from ",acceptable,none,aligned,false,accept
MDA_7243_MAGMA_2024,MAGMA,Impiana Hotels Bhd,2024,AR05,4,[MDA_P001],true,"MANAGEMENT DISCUSSION & ANALYSIS (Overview of Group Business) Magma Group Berhad (“.BHNB” or “the Group”) is actively evolving from a traditional hospitality company into an innovative, experience-focused property and lifestyle group. Anchored in Malaysia’s hotel industry, Magma ",strong,none,aligned,false,accept
MDA_8303_LOTUS_2020,LOTUS,Lotus KFM Berhad,2020,AR01,4,[MDA_P001],true,MANAGEMENT DISCUSSION AND ANALYSIS (cont’d) REVIEW OF GROUP’S FINANCIAL RESULTS AND FINANCIAL CONDITIONS (cont’d),strong,none,aligned,false,accept
MDA_8303_LOTUS_2020,LOTUS,Lotus KFM Berhad,2020,AR02,3,[MDA_P001],true,MANAGEMENT DISCUSSION AND ANALYSIS (cont’d) REVIEW OF GROUP’S FINANCIAL RESULTS AND FINANCIAL CONDITIONS (cont’d),acceptable,numeric_review_required,partial,false,manual_review
MDA_8303_LOTUS_2020,LOTUS,Lotus KFM Berhad,2020,AR03,2,[MDA_P002],true,"We recorded a revenue of RM55.098 million (FYE 2019: RM57.893million). This represented an decrease of 4.83%. This was mainly due to Coronavirus disease 2019 (COVID-19). Wheat Flour (RM’000) Tapioca and Corn Flour (RM’000) % Changes % Changes 25,205 26,002 (3.07) 29,893 31,891 (6",acceptable,none,aligned,false,accept
MDA_8303_LOTUS_2020,LOTUS,Lotus KFM Berhad,2020,AR04,4,[MDA_P008],true,"MANAGEMENT DISCUSSION AND ANALYSIS (cont’d) ANTICIPATED BUSINESS RISKS (cont’d) b) Volatility of raw material prices Volatility of prices on imported raw materials such as wheat and tapioca remain the key challenges. Both wheat and tapioca are globally traded commodities, and as ",strong,none,aligned,false,accept
MDA_8303_LOTUS_2020,LOTUS,Lotus KFM Berhad,2020,AR05,4,[MDA_P001],true,MANAGEMENT DISCUSSION AND ANALYSIS (cont’d) REVIEW OF GROUP’S FINANCIAL RESULTS AND FINANCIAL CONDITIONS (cont’d),strong,none,aligned,false,accept
MDA_8303_LOTUS_2021,LOTUS,Lotus KFM Berhad,2021,AR01,4,[MDA_P001],true,MANAGEMENT DISCUSSION AND ANALYSIS Overview of Business and Operations Lotus KFM Berhad (“LKFM”) is principally engaged in flour milling and trading in its related products. The two main sources of revenue comprise of milling of wheat flour and trading of tapioca flour. Founded i,strong,none,aligned,false,accept
MDA_8303_LOTUS_2021,LOTUS,Lotus KFM Berhad,2021,AR02,3,[MDA_P001],true,MANAGEMENT DISCUSSION AND ANALYSIS Overview of Business and Operations Lotus KFM Berhad (“LKFM”) is principally engaged in flour milling and trading in its related products. The two main sources of revenue comprise of milling of wheat flour and trading of tapioca flour. Founded i,acceptable,numeric_review_required,partial,false,manual_review
MDA_8303_LOTUS_2021,LOTUS,Lotus KFM Berhad,2021,AR03,2,[MDA_P001],true,MANAGEMENT DISCUSSION AND ANALYSIS Overview of Business and Operations Lotus KFM Berhad (“LKFM”) is principally engaged in flour milling and trading in its related products. The two main sources of revenue comprise of milling of wheat flour and trading of tapioca flour. Founded i,strong,none,aligned,false,accept
MDA_8303_LOTUS_2021,LOTUS,Lotus KFM Berhad,2021,AR04,4,[MDA_P005],true,"As compared with the prior year, LKFM has decreased its gross profit by 21.79%. The gross profit margin for the current year is 8.28% (FYE 2020: 9.94%). The main reason for the declining margin is due to the fluctuation of wheat prices. The COVID-19 pandemic had caused the global",acceptable,none,aligned,false,accept
MDA_8303_LOTUS_2021,LOTUS,Lotus KFM Berhad,2021,AR05,2,[MDA_P001],true,MANAGEMENT DISCUSSION AND ANALYSIS Overview of Business and Operations Lotus KFM Berhad (“LKFM”) is principally engaged in flour milling and trading in its related products. The two main sources of revenue comprise of milling of wheat flour and trading of tapioca flour. Founded i,strong,none,aligned,false,accept
MDA_8303_LOTUS_2022,LOTUS,Lotus KFM Berhad,2022,AR01,4,[MDA_P001],true,"MANAGEMENT DISCUSSION AND ANALYSIS Overview of Business and Operations Our holding company, Lotus KFM Berhad (“LKFM” or ""the Company"") is principally engaged in flour milling and trading in its related products. The two main sources of revenue comprise of milling of wheat flour a",strong,none,aligned,false,accept
MDA_8303_LOTUS_2022,LOTUS,Lotus KFM Berhad,2022,AR02,2,[MDA_P007],true,"The Group recorded consolidated revenue of RM66.079 million, represented increase of 27.66% over the prior financial year amount of RM51.762 million. The Group now records a gross profit of RM4.171 million (FYE 2021: RM4.285 million). As compared with the prior year, the Group's ",acceptable,numeric_review_required,partial,false,manual_review
MDA_8303_LOTUS_2022,LOTUS,Lotus KFM Berhad,2022,AR03,2,[MDA_P001],true,"MANAGEMENT DISCUSSION AND ANALYSIS Overview of Business and Operations Our holding company, Lotus KFM Berhad (“LKFM” or ""the Company"") is principally engaged in flour milling and trading in its related products. The two main sources of revenue comprise of milling of wheat flour a",strong,none,aligned,false,accept
MDA_8303_LOTUS_2022,LOTUS,Lotus KFM Berhad,2022,AR04,2,[MDA_P007],true,"The Group recorded consolidated revenue of RM66.079 million, represented increase of 27.66% over the prior financial year amount of RM51.762 million. The Group now records a gross profit of RM4.171 million (FYE 2021: RM4.285 million). As compared with the prior year, the Group's ",acceptable,none,aligned,false,accept
MDA_8303_LOTUS_2022,LOTUS,Lotus KFM Berhad,2022,AR05,2,[MDA_P001],true,"MANAGEMENT DISCUSSION AND ANALYSIS Overview of Business and Operations Our holding company, Lotus KFM Berhad (“LKFM” or ""the Company"") is principally engaged in flour milling and trading in its related products. The two main sources of revenue comprise of milling of wheat flour a",strong,none,aligned,false,accept
MDA_8303_LOTUS_2023,LOTUS,Lotus KFM Berhad,2023,AR01,4,[MDA_P001],true,MANAGEMENT DISCUSSION AND ANALYSIS Overview of Business and Operations Lotus KFM Berhad (“LKFM”) is principally engaged in flour milling and trading in its related products and is a public listed company on the Main Market of Bursa Malaysia Securities Berhad (“Bursa Securities”).,strong,none,aligned,false,accept
MDA_8303_LOTUS_2023,LOTUS,Lotus KFM Berhad,2023,AR02,2,[MDA_P002],true,"On 31 December 2021, the Group continued to acquire two subsidiaries in 100% of total shares, which are Ladang Lojing Sdn. Bhd. and Khas Jadi Sdn. Berhad for a total consideration of RM21,646,200. The principal activities of all the subsidiaries are disclosed in the Audited Finan",acceptable,numeric_review_required,partial,false,manual_review
MDA_8303_LOTUS_2023,LOTUS,Lotus KFM Berhad,2023,AR03,2,[MDA_P001],true,MANAGEMENT DISCUSSION AND ANALYSIS Overview of Business and Operations Lotus KFM Berhad (“LKFM”) is principally engaged in flour milling and trading in its related products and is a public listed company on the Main Market of Bursa Malaysia Securities Berhad (“Bursa Securities”).,strong,none,aligned,false,accept
MDA_8303_LOTUS_2023,LOTUS,Lotus KFM Berhad,2023,AR04,2,[MDA_P001],true,MANAGEMENT DISCUSSION AND ANALYSIS Overview of Business and Operations Lotus KFM Berhad (“LKFM”) is principally engaged in flour milling and trading in its related products and is a public listed company on the Main Market of Bursa Malaysia Securities Berhad (“Bursa Securities”).,acceptable,none,aligned,false,accept
MDA_8303_LOTUS_2023,LOTUS,Lotus KFM Berhad,2023,AR05,2,[MDA_P001],true,MANAGEMENT DISCUSSION AND ANALYSIS Overview of Business and Operations Lotus KFM Berhad (“LKFM”) is principally engaged in flour milling and trading in its related products and is a public listed company on the Main Market of Bursa Malaysia Securities Berhad (“Bursa Securities”).,strong,none,aligned,false,accept
MDA_8303_LOTUS_2024,LOTUS,Lotus KFM Berhad,2024,AR01,5,[MDA_P001],true,MANAGEMENT DISCUSSION AND ANALYSIS Overview of Business and Operations Lotus KFM Berhad (“LKFM” or “the Group”) is a public listed company on the Main Market of Bursa Malaysia Securities Berhad (“Bursa Securities”) with its’ principal activities engaged in flour milling and tradi,strong,none,aligned,false,accept
MDA_8303_LOTUS_2024,LOTUS,Lotus KFM Berhad,2024,AR02,3,[MDA_P001],true,MANAGEMENT DISCUSSION AND ANALYSIS Overview of Business and Operations Lotus KFM Berhad (“LKFM” or “the Group”) is a public listed company on the Main Market of Bursa Malaysia Securities Berhad (“Bursa Securities”) with its’ principal activities engaged in flour milling and tradi,acceptable,numeric_review_required,partial,false,manual_review
MDA_8303_LOTUS_2024,LOTUS,Lotus KFM Berhad,2024,AR03,4,[MDA_P001],true,MANAGEMENT DISCUSSION AND ANALYSIS Overview of Business and Operations Lotus KFM Berhad (“LKFM” or “the Group”) is a public listed company on the Main Market of Bursa Malaysia Securities Berhad (“Bursa Securities”) with its’ principal activities engaged in flour milling and tradi,strong,none,aligned,false,accept
MDA_8303_LOTUS_2024,LOTUS,Lotus KFM Berhad,2024,AR04,4,[MDA_P013],true,"LOTUS KFM BERHAD | ANNUAL REPORT 2024 Management Discussion and Analysis (cont'd) Anticipated Business Risks The business risks faced by LKFM include market competitions, volatility of imported raw material prices, movements of currency exchange rates, pressure of inflation, the ",strong,none,aligned,false,accept
MDA_8303_LOTUS_2024,LOTUS,Lotus KFM Berhad,2024,AR05,4,[MDA_P001],true,MANAGEMENT DISCUSSION AND ANALYSIS Overview of Business and Operations Lotus KFM Berhad (“LKFM” or “the Group”) is a public listed company on the Main Market of Bursa Malaysia Securities Berhad (“Bursa Securities”) with its’ principal activities engaged in flour milling and tradi,strong,none,aligned,false,accept
MDA_8478_HWATAI_2020,HWATAI,Hwa Tai,2020,AR01,4,[MDA_P001],true,STATEMENT OF MANAGEMENT DISCUSSION & ANALYSIS (Continued),strong,none,aligned,false,accept
MDA_8478_HWATAI_2020,HWATAI,Hwa Tai,2020,AR02,3,[MDA_P001],true,STATEMENT OF MANAGEMENT DISCUSSION & ANALYSIS (Continued),invalid,missing_financial_content,misaligned,true,rerun_dimension_only
MDA_8478_HWATAI_2020,HWATAI,Hwa Tai,2020,AR03,4,[MDA_P002],true,ANNUAL REPORT 2020 I HWA TAI INDUSTRIES BERHAD FINANCIAL AND OPERATIONS REVIEWS (Continued) There was a slight increase in the Group’s gross profit margin at approximately 30% in FYE 2020 as compared with 29% in FYE2019. The slight increase of margin was mainly due to no major fl,strong,none,aligned,false,accept
MDA_8478_HWATAI_2020,HWATAI,Hwa Tai,2020,AR04,4,[MDA_P007],true,The Group expects to invest broadly the same in the year ahead so as to keep up with technological changes where continuous capital expenditure investments are vital to improve efficiency and productivity of our factory. BUSINESS STRATEGICS AND RISK FACTORS In view of market comp,strong,none,aligned,false,accept
MDA_8478_HWATAI_2020,HWATAI,Hwa Tai,2020,AR05,4,[MDA_P001],true,STATEMENT OF MANAGEMENT DISCUSSION & ANALYSIS (Continued),strong,none,aligned,false,accept
MDA_8478_HWATAI_2021,HWATAI,Hwa Tai,2021,AR01,4,[MDA_P001],true,"STATEMENT OF MANAGEMENT DISCUSSION & ANALYSIS (CONTINUED) FINANCIAL AND OPERATIONS REVIEWS (CONTINUED) The breakdown of revenue of the Group in FYE2021 and FYE2020: FYE2021 RM’000 % FYE2020 RM’000 % Export sales 12,505 12,094 Local sales- Hwa Tai & OEM Products 60,873 62,856 Tota",strong,none,aligned,false,accept
MDA_8478_HWATAI_2021,HWATAI,Hwa Tai,2021,AR02,3,[MDA_P001],true,"STATEMENT OF MANAGEMENT DISCUSSION & ANALYSIS (CONTINUED) FINANCIAL AND OPERATIONS REVIEWS (CONTINUED) The breakdown of revenue of the Group in FYE2021 and FYE2020: FYE2021 RM’000 % FYE2020 RM’000 % Export sales 12,505 12,094 Local sales- Hwa Tai & OEM Products 60,873 62,856 Tota",acceptable,numeric_review_required,partial,false,manual_review
MDA_8478_HWATAI_2021,HWATAI,Hwa Tai,2021,AR03,4,[MDA_P001],true,"STATEMENT OF MANAGEMENT DISCUSSION & ANALYSIS (CONTINUED) FINANCIAL AND OPERATIONS REVIEWS (CONTINUED) The breakdown of revenue of the Group in FYE2021 and FYE2020: FYE2021 RM’000 % FYE2020 RM’000 % Export sales 12,505 12,094 Local sales- Hwa Tai & OEM Products 60,873 62,856 Tota",strong,none,aligned,false,accept
MDA_8478_HWATAI_2021,HWATAI,Hwa Tai,2021,AR04,4,[MDA_P004],true,"> HWA TAI INDUSTRIES BERHAD : Annual Report 2021 STATEMENT OF MANAGEMENT DISCUSSION & ANALYSIS (CONTINUED) FINANCIAL AND OPERATIONS REVIEWS (CONTINUED) The loss reported in FYE2021 was mainly attributed to the Group recording a lower revenue, very much higher operating cost mainl",acceptable,none,aligned,false,accept
MDA_8478_HWATAI_2021,HWATAI,Hwa Tai,2021,AR05,4,[MDA_P001],true,"STATEMENT OF MANAGEMENT DISCUSSION & ANALYSIS (CONTINUED) FINANCIAL AND OPERATIONS REVIEWS (CONTINUED) The breakdown of revenue of the Group in FYE2021 and FYE2020: FYE2021 RM’000 % FYE2020 RM’000 % Export sales 12,505 12,094 Local sales- Hwa Tai & OEM Products 60,873 62,856 Tota",strong,none,aligned,false,accept
MDA_8478_HWATAI_2022,HWATAI,Hwa Tai,2022,AR01,4,[MDA_P001],true,"STATEMENT OF MANAGEMENT DISCUSSION & ANALYSIS (CONTINUED) FINANCIAL AND OPERATIONS REVIEWS (CONTINUED) The breakdown of revenue of the Group in FYE2022 and FYE2021: FYE2022 FYE2021 RM’000 % RM’000 % Export sales 13,178 12,505 Local sales - Hwa Tai & OEM Products 63,078 60,873 Tot",strong,none,aligned,false,accept
MDA_8478_HWATAI_2022,HWATAI,Hwa Tai,2022,AR02,3,[MDA_P001],true,"STATEMENT OF MANAGEMENT DISCUSSION & ANALYSIS (CONTINUED) FINANCIAL AND OPERATIONS REVIEWS (CONTINUED) The breakdown of revenue of the Group in FYE2022 and FYE2021: FYE2022 FYE2021 RM’000 % RM’000 % Export sales 13,178 12,505 Local sales - Hwa Tai & OEM Products 63,078 60,873 Tot",acceptable,numeric_review_required,partial,false,manual_review
MDA_8478_HWATAI_2022,HWATAI,Hwa Tai,2022,AR03,4,[MDA_P001],true,"STATEMENT OF MANAGEMENT DISCUSSION & ANALYSIS (CONTINUED) FINANCIAL AND OPERATIONS REVIEWS (CONTINUED) The breakdown of revenue of the Group in FYE2022 and FYE2021: FYE2022 FYE2021 RM’000 % RM’000 % Export sales 13,178 12,505 Local sales - Hwa Tai & OEM Products 63,078 60,873 Tot",strong,none,aligned,false,accept
MDA_8478_HWATAI_2022,HWATAI,Hwa Tai,2022,AR04,4,[MDA_P002],true,"Certain countries like Philippines, Nigeria and Cambodia, saw an increase in demand in our biscuits in FYE 2022 but was partially offset by the decline of sales due to lockdown in certain countries especially in China and Middle East due to Covid-19 pandemic. The performance of i",strong,none,aligned,false,accept
MDA_8478_HWATAI_2022,HWATAI,Hwa Tai,2022,AR05,4,[MDA_P001],true,"STATEMENT OF MANAGEMENT DISCUSSION & ANALYSIS (CONTINUED) FINANCIAL AND OPERATIONS REVIEWS (CONTINUED) The breakdown of revenue of the Group in FYE2022 and FYE2021: FYE2022 FYE2021 RM’000 % RM’000 % Export sales 13,178 12,505 Local sales - Hwa Tai & OEM Products 63,078 60,873 Tot",strong,none,aligned,false,accept
MDA_8478_HWATAI_2023,HWATAI,Hwa Tai,2023,AR01,4,[MDA_P001],true,"FINANCIAL AND OPERATIONS REVIEWS (continued) In the financial year ended 31 December 2023 (“FYE2023”), Hwa Tai reported a marginal revenue increase to RM80.68 million, marking a 5.80% rise from FYE2022. This growth was primarily driven by increased sales in local markets across P",strong,none,aligned,false,accept
MDA_8478_HWATAI_2023,HWATAI,Hwa Tai,2023,AR02,3,[MDA_P001],true,"FINANCIAL AND OPERATIONS REVIEWS (continued) In the financial year ended 31 December 2023 (“FYE2023”), Hwa Tai reported a marginal revenue increase to RM80.68 million, marking a 5.80% rise from FYE2022. This growth was primarily driven by increased sales in local markets across P",acceptable,numeric_review_required,partial,false,manual_review
MDA_8478_HWATAI_2023,HWATAI,Hwa Tai,2023,AR03,4,[MDA_P001],true,"FINANCIAL AND OPERATIONS REVIEWS (continued) In the financial year ended 31 December 2023 (“FYE2023”), Hwa Tai reported a marginal revenue increase to RM80.68 million, marking a 5.80% rise from FYE2022. This growth was primarily driven by increased sales in local markets across P",strong,none,aligned,false,accept
MDA_8478_HWATAI_2023,HWATAI,Hwa Tai,2023,AR04,4,[MDA_P001],true,"FINANCIAL AND OPERATIONS REVIEWS (continued) In the financial year ended 31 December 2023 (“FYE2023”), Hwa Tai reported a marginal revenue increase to RM80.68 million, marking a 5.80% rise from FYE2022. This growth was primarily driven by increased sales in local markets across P",strong,none,aligned,false,accept
MDA_8478_HWATAI_2023,HWATAI,Hwa Tai,2023,AR05,4,[MDA_P001],true,"FINANCIAL AND OPERATIONS REVIEWS (continued) In the financial year ended 31 December 2023 (“FYE2023”), Hwa Tai reported a marginal revenue increase to RM80.68 million, marking a 5.80% rise from FYE2022. This growth was primarily driven by increased sales in local markets across P",strong,none,aligned,false,accept
MDA_8478_HWATAI_2024,HWATAI,Hwa Tai,2024,AR01,4,[MDA_P001],true,STATEMENT OF MANAGEMENT DISCUSSION & ANALYSIS,strong,none,aligned,false,accept
MDA_8478_HWATAI_2024,HWATAI,Hwa Tai,2024,AR02,3,[MDA_P001],true,STATEMENT OF MANAGEMENT DISCUSSION & ANALYSIS,acceptable,numeric_review_required,partial,false,manual_review
MDA_8478_HWATAI_2024,HWATAI,Hwa Tai,2024,AR03,4,[MDA_P002],true,"annual report 2024 HWA TAI INDUSTRIES BERHAD FINANCIAL AND OPERATIONS REVIEWS (continued) The breakdown of the Group’s for FYE2024 and FYE2023 is as follows: FYE2024 RM’000 % FYE2023 RM’000 % Export sales 10,487 11,934 Local sales - Hwa Tai & OEM Products 89,379 68,748 Total 99,8",strong,none,aligned,false,accept
MDA_8478_HWATAI_2024,HWATAI,Hwa Tai,2024,AR04,4,[MDA_P004],true,"annual report 2024 HWA TAI INDUSTRIES BERHAD BUSINESS STRATEGICS AND RISK FACTORS Hwa Tai remains steadfast in its commitment to innovation, customer expansion, and operational excellence. Guided by a focus on delivering high-quality biscuits and confectionery products, we contin",acceptable,none,aligned,false,accept
MDA_8478_HWATAI_2024,HWATAI,Hwa Tai,2024,AR05,4,[MDA_P001],true,STATEMENT OF MANAGEMENT DISCUSSION & ANALYSIS,strong,none,aligned,false,accept
MDA_9946_ETA_2020,ETA,Annual Report 2020,2020,AR01,4,[MDA_P001],true,Management Discussion and Analysis,strong,none,aligned,false,accept
MDA_9946_ETA_2020,ETA,Annual Report 2020,2020,AR02,3,[MDA_P002],true,REX GROUP,acceptable,numeric_review_required,partial,false,manual_review
MDA_9946_ETA_2020,ETA,Annual Report 2020,2020,AR03,2,[MDA_P003],true,"FY 2019 FY 2020 (All in RM’000) Revenue 136,608 149,245 Loss before tax (14,317) (8,396) The Board is committed to continue with prudent measures to improve the Group’s financial performance and deliver satisfactory results taking cognizance of the prevailing business environment",weak,missing_causal_explanation,partial,true,manual_review
MDA_9946_ETA_2020,ETA,Annual Report 2020,2020,AR04,4,[MDA_P022],true,PSBB was extended twice to 25 May 2020 and subsequently up to 8 June 2020 of which PSBB was uplifted and business were able to operate with strict health protocols. The outbreak of COVID-19 is an event of force majeure that is beyond the control of our Group. There is no assuranc,strong,none,aligned,false,accept
MDA_9946_ETA_2020,ETA,Annual Report 2020,2020,AR05,2,[MDA_P001],true,Management Discussion and Analysis,strong,none,aligned,false,accept
MDA_9946_ETA_2021,ETA,Annual Report 2020,2021,AR01,4,[MDA_P001],true,MANAGEMENT DISCUSSION AND ANALYSIS (Cont’d),strong,none,aligned,false,accept
MDA_9946_ETA_2021,ETA,Annual Report 2020,2021,AR02,3,[MDA_P003],true,30 Jun 17 30 Jun 18 30 Jun 19 30 Jun 20 30 Jun 21,acceptable,numeric_review_required,partial,false,manual_review
MDA_9946_ETA_2021,ETA,Annual Report 2020,2021,AR03,2,[MDA_P005],true,Operating Ratio After tax return on shareholders’ fund (%) 2.28 (11.99) (11.70) (9.29) 2.04 Pre-tax profit/(loss) margin (%) 1.74 (11.58) (10.48) (5.63) 2.44,weak,missing_causal_explanation,partial,true,manual_review
MDA_9946_ETA_2021,ETA,Annual Report 2020,2021,AR04,2,[MDA_P009],true,"Outlook and Prospects The Group’s business will remain challenging and volatile due to the uncertainty caused by Covid-19 pandemic. We are, however, encouraged by our performance in the last quarter of FYE 2021. We are cautiously confident of building on this positive momentum in",strong,none,aligned,false,accept
MDA_9946_ETA_2021,ETA,Annual Report 2020,2021,AR05,2,[MDA_P001],true,MANAGEMENT DISCUSSION AND ANALYSIS (Cont’d),strong,none,aligned,false,accept
MDA_9946_ETA_2022,ETA,Annual Report 2020,2022,AR01,2,[MDA_P001],true,MANAGEMENT DISCUSSION & ANALYSIS Our History and Business Rex was incorporated on 26 November 1993 as a private limited company under the Companies Act 1965 by the name of Kompetitif Pertama Sdn Bhd. The Company acquired the entire issued and paid-up share capital of Rex Canning ,strong,none,aligned,false,accept
MDA_9946_ETA_2022,ETA,Annual Report 2020,2022,AR02,3,[MDA_P001],true,MANAGEMENT DISCUSSION & ANALYSIS Our History and Business Rex was incorporated on 26 November 1993 as a private limited company under the Companies Act 1965 by the name of Kompetitif Pertama Sdn Bhd. The Company acquired the entire issued and paid-up share capital of Rex Canning ,acceptable,numeric_review_required,partial,false,manual_review
MDA_9946_ETA_2022,ETA,Annual Report 2020,2022,AR03,2,[MDA_P002],true,PT Rex Canning Indonesia (“PT Rex”) began commercial operations in August 1992; with principal activities in manufacturing and exporting of canned processed seafood. PT Rex operates under stringent standards set by the Ministry of Marine Affairs and Fisheries of Indonesia. The ma,strong,none,aligned,false,accept
MDA_9946_ETA_2022,ETA,Annual Report 2020,2022,AR04,2,[MDA_P001],true,MANAGEMENT DISCUSSION & ANALYSIS Our History and Business Rex was incorporated on 26 November 1993 as a private limited company under the Companies Act 1965 by the name of Kompetitif Pertama Sdn Bhd. The Company acquired the entire issued and paid-up share capital of Rex Canning ,strong,none,aligned,false,accept
MDA_9946_ETA_2022,ETA,Annual Report 2020,2022,AR05,2,[MDA_P001],true,MANAGEMENT DISCUSSION & ANALYSIS Our History and Business Rex was incorporated on 26 November 1993 as a private limited company under the Companies Act 1965 by the name of Kompetitif Pertama Sdn Bhd. The Company acquired the entire issued and paid-up share capital of Rex Canning ,strong,none,aligned,false,accept
MDA_9946_ETA_2023,ETA,Annual Report 2020,2023,AR01,2,[MDA_P001],true,MANAGEMENT DISCUSSION & ANALYSIS,strong,none,aligned,false,accept
MDA_9946_ETA_2023,ETA,Annual Report 2020,2023,AR02,3,[MDA_P003],true,Annual Report 2023 Financial Performance (cont’d) REX GROUP,acceptable,numeric_review_required,partial,false,manual_review
MDA_9946_ETA_2023,ETA,Annual Report 2020,2023,AR03,2,[MDA_P008],true,"RM'000 RM'000 RM'000 RM'000 RM'000 Statement of Profit and Loss Revenue 136,609 149,245 160,539 161,111 162,408 Interest expense 1,905 2,050 1,531 1,171 1,617",weak,missing_causal_explanation,partial,true,manual_review
MDA_9946_ETA_2023,ETA,Annual Report 2020,2023,AR04,2,[MDA_P023],true,"Annual Report 2023 CORPORATE EXERCISE The Company undertook a fund-raising exercise during the financial year for a renounceable rights issue for ordinary shares at RM0.10 per Rights Share, on the basis of 1 Rights Share for every 3 existing Rex Shares held, together with 54,805,",strong,none,aligned,false,accept
MDA_9946_ETA_2023,ETA,Annual Report 2020,2023,AR05,2,[MDA_P001],true,MANAGEMENT DISCUSSION & ANALYSIS,strong,none,aligned,false,accept
MDA_9946_ETA_2024,ETA,Annual Report 2020,2024,AR01,4,[MDA_P001],true,MANAGEMENT DISCUSSION & ANALYSIS Our History and Business Rex was incorporated on 26 November 1993 as a private limited company under the Companies Act 1965 by the name of Kompetitif Pertama Sdn Bhd. The Company acquired the entire issued and paid-up share capital of Rex Canning ,strong,none,aligned,false,accept
MDA_9946_ETA_2024,ETA,Annual Report 2020,2024,AR02,3,[MDA_P001],true,MANAGEMENT DISCUSSION & ANALYSIS Our History and Business Rex was incorporated on 26 November 1993 as a private limited company under the Companies Act 1965 by the name of Kompetitif Pertama Sdn Bhd. The Company acquired the entire issued and paid-up share capital of Rex Canning ,acceptable,numeric_review_required,partial,false,manual_review
MDA_9946_ETA_2024,ETA,Annual Report 2020,2024,AR03,2,[MDA_P002],true,PT Rex Canning Indonesia (“PT Rex”) began commercial operations in August 1992; with principal activities in manufacturing and exporting of canned processed seafood. PT Rex operates under stringent standards set by the Ministry of Marine Affairs and Fisheries of Indonesia. Most o,strong,none,aligned,false,accept
MDA_9946_ETA_2024,ETA,Annual Report 2020,2024,AR04,2,[MDA_P001],true,MANAGEMENT DISCUSSION & ANALYSIS Our History and Business Rex was incorporated on 26 November 1993 as a private limited company under the Companies Act 1965 by the name of Kompetitif Pertama Sdn Bhd. The Company acquired the entire issued and paid-up share capital of Rex Canning ,strong,none,aligned,false,accept
MDA_9946_ETA_2024,ETA,Annual Report 2020,2024,AR05,2,[MDA_P001],true,MANAGEMENT DISCUSSION & ANALYSIS Our History and Business Rex was incorporated on 26 November 1993 as a private limited company under the Companies Act 1965 by the name of Kompetitif Pertama Sdn Bhd. The Company acquired the entire issued and paid-up share capital of Rex Canning ,strong,none,aligned,false,accept
