document_id,ticker,company_name,report_year,dimension_code,raw_score,evidence_locator,evidence_exists,evidence_text_short,evidence_semantic_status,evidence_issue_type,score_evidence_alignment,needs_review,recommended_action,repair_status,repair_reason,numeric_issue_status
MDA_0012_3A_2020,3A,Three-A Resources Berhad,2020,AR01,2,[MDA_P001],true,"[MDA_P001] MANAGEMENT DISCUSSION AND ANALYSIS OUR PRODUCT PORTFOLIO • Liquid Caramel, Caramel Colour • Vinegar • Glucose Syrup, High Maltose Syrup • Soya Protein Sauce (“HVP”) • Hydrolysed Vegetable Protein (“HVP”) Powder • Maltodextrin The",strong,none,aligned,false,accept,,,
MDA_0012_3A_2020,3A,Three-A Resources Berhad,2020,AR02,3,[MDA_P003],true,[MDA_P003] MANAGEMENT DISCUSSION AND ANALYSIS (CONTINUED) investments on production facilities to improve capacity and efficiency. These business plans were carried out after the Group had carefully conducted comprehensive evaluation and pl,acceptable,numeric_review_required,partial,true,manual_review,,,numeric_review_required
MDA_0012_3A_2020,3A,Three-A Resources Berhad,2020,AR03,2,[MDA_P003],true,[MDA_P003] MANAGEMENT DISCUSSION AND ANALYSIS (CONTINUED) investments on production facilities to improve capacity and efficiency. These business plans were carried out after the Group had carefully conducted comprehensive evaluation and pl,strong,none,aligned,false,accept,,,
MDA_0012_3A_2020,3A,Three-A Resources Berhad,2020,AR04,2,[MDA_P001],true,"[MDA_P001] MANAGEMENT DISCUSSION AND ANALYSIS OUR PRODUCT PORTFOLIO • Liquid Caramel, Caramel Colour • Vinegar • Glucose Syrup, High Maltose Syrup • Soya Protein Sauce (“HVP”) • Hydrolysed Vegetable Protein (“HVP”) Powder • Maltodextrin The",strong,none,aligned,false,accept,,,
MDA_0012_3A_2020,3A,Three-A Resources Berhad,2020,AR05,2,[MDA_P001],true,"[MDA_P001] MANAGEMENT DISCUSSION AND ANALYSIS OUR PRODUCT PORTFOLIO • Liquid Caramel, Caramel Colour • Vinegar • Glucose Syrup, High Maltose Syrup • Soya Protein Sauce (“HVP”) • Hydrolysed Vegetable Protein (“HVP”) Powder • Maltodextrin The",strong,none,aligned,false,accept,,,
MDA_0012_3A_2021,3A,Three-A Resources Berhad,2021,AR01,4,[MDA_P001],true,"[MDA_P001] MANAGEMENT DISCUSSION AND ANALYSIS REVENUE 10% Malaysia Singapore Other countries Revenue by Geographical Locations for FY2021 BUSINESS OVERVIEW The year 2021 was truly another extraordinary year. For one, the COVID-19 pandemic h",strong,none,aligned,false,accept,,,
MDA_0012_3A_2021,3A,Three-A Resources Berhad,2021,AR02,4,[MDA_P002],true,"[MDA_P002] However, hopes are high as our country was ramping up the vaccination drive together with booster shots for all adults as well as certain groups of children now. But the emergence of new variants had dashed hope to achieving herd",acceptable,numeric_review_required,partial,true,manual_review,,,numeric_review_required
MDA_0012_3A_2021,3A,Three-A Resources Berhad,2021,AR03,4,[MDA_P001],true,"[MDA_P001] MANAGEMENT DISCUSSION AND ANALYSIS REVENUE 10% Malaysia Singapore Other countries Revenue by Geographical Locations for FY2021 BUSINESS OVERVIEW The year 2021 was truly another extraordinary year. For one, the COVID-19 pandemic h",strong,none,aligned,false,accept,,,
MDA_0012_3A_2021,3A,Three-A Resources Berhad,2021,AR04,4,[MDA_P005],true,[MDA_P005] The Group intends to continue investing in research and development projects to increase the range and appeal of our products. The increase of revenue from our export sales to overseas markets demonstrated the wide acceptance of,strong,none,aligned,false,accept,,,
MDA_0012_3A_2021,3A,Three-A Resources Berhad,2021,AR05,4,[MDA_P001],true,"[MDA_P001] MANAGEMENT DISCUSSION AND ANALYSIS REVENUE 10% Malaysia Singapore Other countries Revenue by Geographical Locations for FY2021 BUSINESS OVERVIEW The year 2021 was truly another extraordinary year. For one, the COVID-19 pandemic h",strong,none,aligned,false,accept,,,
MDA_0012_3A_2022,3A,Three-A Resources Berhad,2022,AR01,4,[MDA_P001],true,"[MDA_P001] MANAGEMENT DISCUSSION AND ANALYSIS INDUSTRY OVERVIEW As we reflected on the unparalleled pace of change from the domino impact of COVID-19, companies need to evolve to overcome challenges in order to achieve their business object",strong,none,aligned,false,accept,,,
MDA_0012_3A_2022,3A,Three-A Resources Berhad,2022,AR02,3,[MDA_P001],true,"[MDA_P001] MANAGEMENT DISCUSSION AND ANALYSIS INDUSTRY OVERVIEW As we reflected on the unparalleled pace of change from the domino impact of COVID-19, companies need to evolve to overcome challenges in order to achieve their business object",acceptable,numeric_review_required,partial,true,manual_review,,,numeric_review_required
MDA_0012_3A_2022,3A,Three-A Resources Berhad,2022,AR03,2,[MDA_P001],true,"[MDA_P001] MANAGEMENT DISCUSSION AND ANALYSIS INDUSTRY OVERVIEW As we reflected on the unparalleled pace of change from the domino impact of COVID-19, companies need to evolve to overcome challenges in order to achieve their business object",strong,none,aligned,false,accept,,,
MDA_0012_3A_2022,3A,Three-A Resources Berhad,2022,AR04,4,[MDA_P015],true,"[MDA_P015] In reviewing new revenue stream, 3A employs its risk management process on risk identification, impact assessment, profiling matrix and the mitigation plans, based on the general principles of the international risk management fr",strong,none,aligned,false,accept,,,
MDA_0012_3A_2022,3A,Three-A Resources Berhad,2022,AR05,2,[MDA_P001],true,"[MDA_P001] MANAGEMENT DISCUSSION AND ANALYSIS INDUSTRY OVERVIEW As we reflected on the unparalleled pace of change from the domino impact of COVID-19, companies need to evolve to overcome challenges in order to achieve their business object",strong,none,aligned,false,accept,,,
MDA_0012_3A_2023,3A,Three-A Resources Berhad,2023,AR01,4,[MDA_P001],true,"[MDA_P001] MANAGEMENT DISCUSSION AND ANALYSIS Revenue RM 603.9 million Profit After Tax (PAT) RM 45.2 million 1.0 Three-A Resources Management Discussion & Analysis Business Overview Three-A Resources Berhad (""3A"" or ""the Company"") is an in",strong,none,aligned,false,accept,,,
MDA_0012_3A_2023,3A,Three-A Resources Berhad,2023,AR02,3,[MDA_P001],true,"[MDA_P001] MANAGEMENT DISCUSSION AND ANALYSIS Revenue RM 603.9 million Profit After Tax (PAT) RM 45.2 million 1.0 Three-A Resources Management Discussion & Analysis Business Overview Three-A Resources Berhad (""3A"" or ""the Company"") is an in",acceptable,numeric_review_required,partial,true,manual_review,,,numeric_review_required
MDA_0012_3A_2023,3A,Three-A Resources Berhad,2023,AR03,4,[MDA_P001],true,"[MDA_P001] MANAGEMENT DISCUSSION AND ANALYSIS Revenue RM 603.9 million Profit After Tax (PAT) RM 45.2 million 1.0 Three-A Resources Management Discussion & Analysis Business Overview Three-A Resources Berhad (""3A"" or ""the Company"") is an in",strong,none,aligned,false,accept,,,
MDA_0012_3A_2023,3A,Three-A Resources Berhad,2023,AR04,4,[MDA_P003],true,"[MDA_P003] This moderation stemmed from various external challenges, including a slowdown in global trade, the impact of the global tech downcycle, geopolitical tensions, and the implementation of tighter monetary policies. In spite of this",strong,none,aligned,false,accept,,,
MDA_0012_3A_2023,3A,Three-A Resources Berhad,2023,AR05,4,[MDA_P001],true,"[MDA_P001] MANAGEMENT DISCUSSION AND ANALYSIS Revenue RM 603.9 million Profit After Tax (PAT) RM 45.2 million 1.0 Three-A Resources Management Discussion & Analysis Business Overview Three-A Resources Berhad (""3A"" or ""the Company"") is an in",strong,none,aligned,false,accept,,,
MDA_0012_3A_2024,3A,Three-A Resources Berhad,2024,AR01,4,[MDA_P001],true,"[MDA_P001] MANAGEMENT DISCUSSION AND ANALYSIS Profit After Tax (PAT) (RM'000) RM43,449 Revenue (RM'000) RM557,116 Industry Overview Three-A Resources Berhad (""3A"" or ""the Group"") continues to strengthen its position as a manufacturer of hig",strong,none,aligned,false,accept,,,
MDA_0012_3A_2024,3A,Three-A Resources Berhad,2024,AR02,3,[MDA_P001],true,"[MDA_P001] MANAGEMENT DISCUSSION AND ANALYSIS Profit After Tax (PAT) (RM'000) RM43,449 Revenue (RM'000) RM557,116 Industry Overview Three-A Resources Berhad (""3A"" or ""the Group"") continues to strengthen its position as a manufacturer of hig",acceptable,numeric_review_required,partial,true,manual_review,,,numeric_review_required
MDA_0012_3A_2024,3A,Three-A Resources Berhad,2024,AR03,2,[MDA_P001],true,"[MDA_P001] MANAGEMENT DISCUSSION AND ANALYSIS Profit After Tax (PAT) (RM'000) RM43,449 Revenue (RM'000) RM557,116 Industry Overview Three-A Resources Berhad (""3A"" or ""the Group"") continues to strengthen its position as a manufacturer of hig",strong,none,aligned,false,accept,,,
MDA_0012_3A_2024,3A,Three-A Resources Berhad,2024,AR04,4,[MDA_P001],true,"[MDA_P001] MANAGEMENT DISCUSSION AND ANALYSIS Profit After Tax (PAT) (RM'000) RM43,449 Revenue (RM'000) RM557,116 Industry Overview Three-A Resources Berhad (""3A"" or ""the Group"") continues to strengthen its position as a manufacturer of hig",strong,none,aligned,false,accept,,,
MDA_0012_3A_2024,3A,Three-A Resources Berhad,2024,AR05,4,[MDA_P001],true,"[MDA_P001] MANAGEMENT DISCUSSION AND ANALYSIS Profit After Tax (PAT) (RM'000) RM43,449 Revenue (RM'000) RM557,116 Industry Overview Three-A Resources Berhad (""3A"" or ""the Group"") continues to strengthen its position as a manufacturer of hig",strong,none,aligned,false,accept,,,
MDA_0212_SDS_2020,SDS,SDSG,2020,AR01,4,[MDA_P001],true,"[MDA_P001] management discussion and analysis Dear valued shareholders, it is our pleasure to present the Annual Report and Audited Financial Statements of SDS Group Berhad (“SDS Group” or the “Group”) for the financial year ended 31 March",strong,none,aligned,false,accept,,,
MDA_0212_SDS_2020,SDS,SDSG,2020,AR02,2,[MDA_P009],true,"[MDA_P009] Due to the outbreak of the COVID-19 pandemic, the Group has experienced lower revenue from the retail channel since February 2020 as consumers began to avoid crowded places. However, during this period, some of the fixed overhead",acceptable,numeric_review_required,partial,true,manual_review,,,numeric_review_required
MDA_0212_SDS_2020,SDS,SDSG,2020,AR03,2,[MDA_P008],true,"[MDA_P008] ANNUAL REPORT 2020 | SDS GROUP BERHAD management discussion and analysis YEAR ON YEAR FINANCIAL REVIEW Financial Indicators FY2020 RM’000 FY2019 RM’000 Difference (%) Revenue 191,520 187,129 2.4 Gross Profit 57,193 57,100 0.2 Gro",strong,none,aligned,false,accept,,,
MDA_0212_SDS_2020,SDS,SDSG,2020,AR04,2,[MDA_P015],true,"[MDA_P015] Furthermore, the changes in customers’ spending behaviour towards online purchasing has contributed to an increase in delivery sales revenue. The global economy experienced a sharp moderation in the first quarter of 2020. The pan",acceptable,none,aligned,false,accept,,,
MDA_0212_SDS_2020,SDS,SDSG,2020,AR05,2,[MDA_P001],true,"[MDA_P001] management discussion and analysis Dear valued shareholders, it is our pleasure to present the Annual Report and Audited Financial Statements of SDS Group Berhad (“SDS Group” or the “Group”) for the financial year ended 31 March",strong,none,aligned,false,accept,,,
MDA_0212_SDS_2021,SDS,SDSG,2021,AR01,4,[MDA_P001],true,"[MDA_P001] MANAGEMENT DISCUSSION AND ANALYSIS Dear valued shareholders, it is with great pleasure that we present to you the Annual Report and Audited Financial Statements of SDS Group Berhad (“SDS Group” or the “Group”) for the financial y",strong,none,aligned,false,accept,,,
MDA_0212_SDS_2021,SDS,SDSG,2021,AR02,3,[MDA_P001],true,"[MDA_P001] MANAGEMENT DISCUSSION AND ANALYSIS Dear valued shareholders, it is with great pleasure that we present to you the Annual Report and Audited Financial Statements of SDS Group Berhad (“SDS Group” or the “Group”) for the financial y",acceptable,numeric_review_required,partial,true,manual_review,,,numeric_review_required
MDA_0212_SDS_2021,SDS,SDSG,2021,AR03,4,[MDA_P001],true,"[MDA_P001] MANAGEMENT DISCUSSION AND ANALYSIS Dear valued shareholders, it is with great pleasure that we present to you the Annual Report and Audited Financial Statements of SDS Group Berhad (“SDS Group” or the “Group”) for the financial y",strong,none,aligned,false,accept,,,
MDA_0212_SDS_2021,SDS,SDSG,2021,AR04,5,[MDA_P028],true,[MDA_P028] MANAGEMENT DISCUSSION AND ANALYSIS KEY RISK FACTORS The Group is cognisant of the importance that the investors and shareholders need to understand the types of risks that it is exposed to and how these risks may impact the Group,acceptable,none,aligned,false,accept,,,
MDA_0212_SDS_2021,SDS,SDSG,2021,AR05,4,[MDA_P001],true,"[MDA_P001] MANAGEMENT DISCUSSION AND ANALYSIS Dear valued shareholders, it is with great pleasure that we present to you the Annual Report and Audited Financial Statements of SDS Group Berhad (“SDS Group” or the “Group”) for the financial y",strong,none,aligned,false,accept,,,
MDA_0212_SDS_2022,SDS,SDSG,2022,AR01,4,[MDA_P001],true,"[MDA_P001] MANAGEMENT DISCUSSION AND ANALYSIS “ ” OVERVIEW & JOURNEY IN THE NEW NORMAL From an operational angle, FYE 2022 has been a challenging year as the nation went through different Movement Control Order (MCO) phases. The constant ad",strong,none,aligned,false,accept,,,
MDA_0212_SDS_2022,SDS,SDSG,2022,AR02,2,[MDA_P007],true,"[MDA_P007] Financial Indicators FY2022 RM’000 FY2021 RM’000 Difference (%) Revenue 198,283 173,778 14.1% Gross Profit 61,596 52,988 16.2% Gross Profit Margin 31.1% 30.5% 1.9% Profit Before Tax 14,103 9,589 47.1% Profit After Tax Attributabl",acceptable,numeric_review_required,partial,true,manual_review,,,numeric_review_required
MDA_0212_SDS_2022,SDS,SDSG,2022,AR03,2,[MDA_P002],true,[MDA_P002] Governmental SOPs to close all non- essential businesses and services impacted the Group’s operations and potential earnings from the retail channel as the retail outlets had to comply with certain SOPs including restricted dine-,strong,none,aligned,false,accept,,,
MDA_0212_SDS_2022,SDS,SDSG,2022,AR04,2,[MDA_P001],true,"[MDA_P001] MANAGEMENT DISCUSSION AND ANALYSIS “ ” OVERVIEW & JOURNEY IN THE NEW NORMAL From an operational angle, FYE 2022 has been a challenging year as the nation went through different Movement Control Order (MCO) phases. The constant ad",strong,none,aligned,false,accept,,,
MDA_0212_SDS_2022,SDS,SDSG,2022,AR05,4,[MDA_P001],true,"[MDA_P001] MANAGEMENT DISCUSSION AND ANALYSIS “ ” OVERVIEW & JOURNEY IN THE NEW NORMAL From an operational angle, FYE 2022 has been a challenging year as the nation went through different Movement Control Order (MCO) phases. The constant ad",strong,none,aligned,false,accept,,,
MDA_0212_SDS_2023,SDS,SDSG,2023,AR01,5,[MDA_P001],true,[MDA_P001] Management Discussion and Analysis The Group’s unique proposition of wide- ranging product offerings and options on sales channels had allowed SDS to continue to meet the demands of its customers. INDUSTRY OVERVIEW With the recen,strong,none,aligned,false,accept,,,
MDA_0212_SDS_2023,SDS,SDSG,2023,AR02,2,[MDA_P007],true,[MDA_P007] The driving factor for the higher sales has been the uplifting of movement controls at the country’s borders as well as the increased options for value-for-money bakery products given the economic pressure on the customers’ purch,acceptable,numeric_review_required,partial,true,manual_review,,,numeric_review_required
MDA_0212_SDS_2023,SDS,SDSG,2023,AR03,4,[MDA_P007],true,[MDA_P007] The driving factor for the higher sales has been the uplifting of movement controls at the country’s borders as well as the increased options for value-for-money bakery products given the economic pressure on the customers’ purch,strong,none,aligned,false,accept,,,
MDA_0212_SDS_2023,SDS,SDSG,2023,AR04,4,[MDA_P028],true,"[MDA_P028] SDS GROUP BERHAD ANNUAL REPORT 2023 Management Discussion and Analysis KEY BUSINESS OPPORTUNITIES AND RISKS Embarking on expansion of its business, performance improvement of fleet and innovation of new product offerings have not",strong,none,aligned,false,accept,,,
MDA_0212_SDS_2023,SDS,SDSG,2023,AR05,2,[MDA_P001],true,[MDA_P001] Management Discussion and Analysis The Group’s unique proposition of wide- ranging product offerings and options on sales channels had allowed SDS to continue to meet the demands of its customers. INDUSTRY OVERVIEW With the recen,strong,none,aligned,false,accept,,,
MDA_0212_SDS_2024,SDS,SDSG,2024,AR01,4,[MDA_P001],true,"[MDA_P001] Management Discussion and Analysis The Group successfully registered a revenue of RM324.1 million in FY2024, marking an increase of 14.2% over the revenue of RM283.7 million in FY2023. OVERVIEW he financial year ended 31 March 20",strong,none,aligned,false,accept,,,
MDA_0212_SDS_2024,SDS,SDSG,2024,AR02,2,[MDA_P007],true,"[MDA_P007] Financial indicators as listed below: INDICATOR FY2024 (RM ’000)* FY2023 (RM ’000)* DIFFERENCE (%) Revenue 324,063 283,667 14.2% Gross Profit 110,054 89,292 23.3% Gross Profit Margin (%) 34.0 31.5 7.9% Profit before tax 43,290 32",acceptable,numeric_review_required,partial,true,manual_review,,,numeric_review_required
MDA_0212_SDS_2024,SDS,SDSG,2024,AR03,5,[MDA_P001],true,"[MDA_P001] Management Discussion and Analysis The Group successfully registered a revenue of RM324.1 million in FY2024, marking an increase of 14.2% over the revenue of RM283.7 million in FY2023. OVERVIEW he financial year ended 31 March 20",strong,none,aligned,false,accept,,,
MDA_0212_SDS_2024,SDS,SDSG,2024,AR04,4,[MDA_P024],true,"[MDA_P024] This, and other various strategic measures employed will translate to more accurate profit realisation from its sales channels moving forward. KEY BUSINESS OPPORTUNITIES AND CHALLENGES ur 37 years of experience in this industry h",strong,none,aligned,false,accept,,,
MDA_0212_SDS_2024,SDS,SDSG,2024,AR05,4,[MDA_P001],true,"[MDA_P001] Management Discussion and Analysis The Group successfully registered a revenue of RM324.1 million in FY2024, marking an increase of 14.2% over the revenue of RM283.7 million in FY2023. OVERVIEW he financial year ended 31 March 20",strong,none,aligned,false,accept,,,
MDA_2658_AJI_2020,AJI,Ajinomoto,2020,AR01,2,[MDA_P001],true,[MDA_P001] MANAGEMENT DISCUSSION & ANALYSIS Our Business History & Milestone Ajinomoto (Malaysia) Berhad (“the CompanyȄǼȱ ȱȱę¢Ȭȱ¢ȱȱȱŗşŜŗȱ ȱȱȱȱȱȱȱ monosodium glutamate (“MSG”) under th,strong,none,aligned,false,accept,,,
MDA_2658_AJI_2020,AJI,Ajinomoto,2020,AR02,3,[MDA_P001],true,[MDA_P001] MANAGEMENT DISCUSSION & ANALYSIS Our Business History & Milestone Ajinomoto (Malaysia) Berhad (“the CompanyȄǼȱ ȱȱę¢Ȭȱ¢ȱȱȱŗşŜŗȱ ȱȱȱȱȱȱȱ monosodium glutamate (“MSG”) under th,weak,missing_financial_content,partial,true,manual_required,manual_required,repair_output_still_invalid,no_numeric_issue
MDA_2658_AJI_2020,AJI,Ajinomoto,2020,AR03,1,[MDA_P002],true,[MDA_P002] Inauguration of Effluent Treatment Management (SALAM) Corporate name was changed to Ajinomoto (Malaysia) Sdn Bhd Company name was changed to Ajinomoto (Malaysia) Berhad as the public company Commencement of “AJI-NO-MOTO” plant op,acceptable,none,aligned,false,accept,,,
MDA_2658_AJI_2020,AJI,Ajinomoto,2020,AR04,2,[MDA_P002],true,[MDA_P002] Inauguration of Effluent Treatment Management (SALAM) Corporate name was changed to Ajinomoto (Malaysia) Sdn Bhd Company name was changed to Ajinomoto (Malaysia) Berhad as the public company Commencement of “AJI-NO-MOTO” plant op,strong,none,aligned,false,accept,,,
MDA_2658_AJI_2020,AJI,Ajinomoto,2020,AR05,2,[MDA_P001],true,[MDA_P001] MANAGEMENT DISCUSSION & ANALYSIS Our Business History & Milestone Ajinomoto (Malaysia) Berhad (“the CompanyȄǼȱ ȱȱę¢Ȭȱ¢ȱȱȱŗşŜŗȱ ȱȱȱȱȱȱȱ monosodium glutamate (“MSG”) under th,strong,none,aligned,false,accept,,,
MDA_2658_AJI_2021,AJI,Ajinomoto,2021,AR01,2,[MDA_P001],true,"[MDA_P001] MANAGEMENT DISCUSSION & ANALYSIS Our Business History & Milestone Ajinomoto (Malaysia) Berhad (“the Company”) was incorporated sixty years ago in 1961 as a distributor of monosodium glutamate (“MSG”) under the brand, AJI-NO-MOTO®",strong,none,aligned,false,accept,,,
MDA_2658_AJI_2021,AJI,Ajinomoto,2021,AR02,3,[MDA_P032],true,"[MDA_P032] store in low temperature. MS1500:2009 1092-02/2004 PROD DATE EXP DATE LOT NO. : : : Manufactured by: AJINOMOTO (MALAYSIA) BERHAD (4295-W) Lot 5710, Jalan Kuchai Lama, Petaling, 58200 Kuala Lumpur, Malaysia. Tel: +603-7980 6958 Fa",acceptable,numeric_review_required,partial,true,manual_review,,,numeric_review_required
MDA_2658_AJI_2021,AJI,Ajinomoto,2021,AR03,2,[MDA_P002],true,"[MDA_P002] AJINOMOTO (MALAYSIA) BERHAD 196101000252 (4295-W) | ANNUAL REPORT 2021 Our Policy As an established and trusted food seasoning company in Malaysia, it is the Company’s policy to consistently develop and distribute high quality an",acceptable,none,aligned,false,accept,,,
MDA_2658_AJI_2021,AJI,Ajinomoto,2021,AR04,1,[MDA_P032],true,"[MDA_P032] store in low temperature. MS1500:2009 1092-02/2004 PROD DATE EXP DATE LOT NO. : : : Manufactured by: AJINOMOTO (MALAYSIA) BERHAD (4295-W) Lot 5710, Jalan Kuchai Lama, Petaling, 58200 Kuala Lumpur, Malaysia. Tel: +603-7980 6958 Fa",strong,none,aligned,false,accept,,,
MDA_2658_AJI_2021,AJI,Ajinomoto,2021,AR05,2,[MDA_P001],true,"[MDA_P001] MANAGEMENT DISCUSSION & ANALYSIS Our Business History & Milestone Ajinomoto (Malaysia) Berhad (“the Company”) was incorporated sixty years ago in 1961 as a distributor of monosodium glutamate (“MSG”) under the brand, AJI-NO-MOTO®",strong,none,aligned,false,accept,,,
MDA_2658_AJI_2022,AJI,Ajinomoto,2022,AR01,2,[MDA_P001],true,"[MDA_P001] MANAGEMENT DISCUSSION & ANALYSIS Our Business History & Milestone Ajinomoto (Malaysia) Berhad (“the Company”) was established in 1961 as distributor of AJI-NO-MOTO® monosodium glutamate (“MSG”) for Ajinomoto Co., Inc., Japan. In",strong,none,aligned,false,accept,,,
MDA_2658_AJI_2022,AJI,Ajinomoto,2022,AR02,3,[MDA_P032],true,"[MDA_P032] store in low temperature. MS1500:2009 1092-02/2004 PROD DATE EXP DATE LOT NO. : : : Manufactured by: AJINOMOTO (MALAYSIA) BERHAD (4295-W) Lot 5710, Jalan Kuchai Lama, Petaling, 58200 Kuala Lumpur, Malaysia. Tel: +603-7980 6958 Fa",weak,missing_financial_content,partial,true,manual_required,manual_required,repair_output_still_invalid,not_enough_numbers
MDA_2658_AJI_2022,AJI,Ajinomoto,2022,AR03,2,[MDA_P002],true,[MDA_P002] Inauguration of Effluent Treatment Management (SALAM) Corporate name was changed to Ajinomoto (Malaysia) Sdn Bhd Company name was changed to Ajinomoto (Malaysia) Berhad as the public company Commencement of “AJI-NO-MOTO” plant op,acceptable,none,aligned,false,accept,,,
MDA_2658_AJI_2022,AJI,Ajinomoto,2022,AR04,2,[MDA_P001],true,"[MDA_P001] MANAGEMENT DISCUSSION & ANALYSIS Our Business History & Milestone Ajinomoto (Malaysia) Berhad (“the Company”) was established in 1961 as distributor of AJI-NO-MOTO® monosodium glutamate (“MSG”) for Ajinomoto Co., Inc., Japan. In",strong,none,aligned,false,accept,,,
MDA_2658_AJI_2022,AJI,Ajinomoto,2022,AR05,2,[MDA_P001],true,"[MDA_P001] MANAGEMENT DISCUSSION & ANALYSIS Our Business History & Milestone Ajinomoto (Malaysia) Berhad (“the Company”) was established in 1961 as distributor of AJI-NO-MOTO® monosodium glutamate (“MSG”) for Ajinomoto Co., Inc., Japan. In",strong,none,aligned,false,accept,,,
MDA_2658_AJI_2023,AJI,Ajinomoto,2023,AR01,2,[MDA_P001],true,[MDA_P001] MANAGEMENT DISCUSSION & ANALYSIS Inauguration of Effluent Treatment Management (SALAM) Corporate name was changed to Ajinomoto (Malaysia) Sdn Bhd Company name was changed to Ajinomoto (Malaysia) Berhad as the public company Comme,strong,none,aligned,false,accept,,,
MDA_2658_AJI_2023,AJI,Ajinomoto,2023,AR02,3,[MDA_P001],true,[MDA_P001] MANAGEMENT DISCUSSION & ANALYSIS Inauguration of Effluent Treatment Management (SALAM) Corporate name was changed to Ajinomoto (Malaysia) Sdn Bhd Company name was changed to Ajinomoto (Malaysia) Berhad as the public company Comme,acceptable,numeric_review_required,partial,true,manual_review,,,numeric_review_required
MDA_2658_AJI_2023,AJI,Ajinomoto,2023,AR03,2,[MDA_P001],true,[MDA_P001] MANAGEMENT DISCUSSION & ANALYSIS Inauguration of Effluent Treatment Management (SALAM) Corporate name was changed to Ajinomoto (Malaysia) Sdn Bhd Company name was changed to Ajinomoto (Malaysia) Berhad as the public company Comme,strong,none,aligned,false,accept,,,
MDA_2658_AJI_2023,AJI,Ajinomoto,2023,AR04,2,[MDA_P001],true,[MDA_P001] MANAGEMENT DISCUSSION & ANALYSIS Inauguration of Effluent Treatment Management (SALAM) Corporate name was changed to Ajinomoto (Malaysia) Sdn Bhd Company name was changed to Ajinomoto (Malaysia) Berhad as the public company Comme,strong,none,aligned,false,accept,,,
MDA_2658_AJI_2023,AJI,Ajinomoto,2023,AR05,2,[MDA_P001],true,[MDA_P001] MANAGEMENT DISCUSSION & ANALYSIS Inauguration of Effluent Treatment Management (SALAM) Corporate name was changed to Ajinomoto (Malaysia) Sdn Bhd Company name was changed to Ajinomoto (Malaysia) Berhad as the public company Comme,strong,none,aligned,false,accept,,,
MDA_2658_AJI_2024,AJI,Ajinomoto,2024,AR01,2,[MDA_P001],true,[MDA_P001] MANAGEMENT DISCUSSION & ANALYSIS Inauguration of Effluent Treatment Management (SALAM) Corporate name was changed to Ajinomoto (Malaysia) Sdn Bhd Company name was changed to Ajinomoto (Malaysia) Berhad as the public company Comme,strong,none,aligned,false,accept,,,
MDA_2658_AJI_2024,AJI,Ajinomoto,2024,AR02,3,[MDA_P037],true,[MDA_P037] AJINOMOTO (MALAYSIA) BERHAD 196101000252 (4295-W) Annual Report 2024 Management Discussion & Analysis (cont’d.) RM1092.8MIL TOTAL ASSETS RM636.4MIL REVENUE 660.25SEN EARNINGS PER SHARE 43.44% RETURN ON EQUITY 38.40SEN 212.00SEN O,acceptable,numeric_review_required,partial,true,manual_review,,,numeric_review_required
MDA_2658_AJI_2024,AJI,Ajinomoto,2024,AR03,2,[MDA_P001],true,[MDA_P001] MANAGEMENT DISCUSSION & ANALYSIS Inauguration of Effluent Treatment Management (SALAM) Corporate name was changed to Ajinomoto (Malaysia) Sdn Bhd Company name was changed to Ajinomoto (Malaysia) Berhad as the public company Comme,acceptable,none,aligned,false,accept,,,
MDA_2658_AJI_2024,AJI,Ajinomoto,2024,AR04,2,[MDA_P001],true,[MDA_P001] MANAGEMENT DISCUSSION & ANALYSIS Inauguration of Effluent Treatment Management (SALAM) Corporate name was changed to Ajinomoto (Malaysia) Sdn Bhd Company name was changed to Ajinomoto (Malaysia) Berhad as the public company Comme,strong,none,aligned,false,accept,,,
MDA_2658_AJI_2024,AJI,Ajinomoto,2024,AR05,2,[MDA_P001],true,[MDA_P001] MANAGEMENT DISCUSSION & ANALYSIS Inauguration of Effluent Treatment Management (SALAM) Corporate name was changed to Ajinomoto (Malaysia) Sdn Bhd Company name was changed to Ajinomoto (Malaysia) Berhad as the public company Comme,strong,none,aligned,false,accept,,,
MDA_2828_CIHLDG_2020,CIHLDG,CIHB,2020,AR01,5,[MDA_P001],true,"[MDA_P001] MANAGEMENT DISCUSSION AND ANALYSIS OVERVIEW OF GROUP’S BUSINESS AND OPERATIONS Company Profile The Group is divided into two main divisions, namely the Edible Oil Products Division and the Tap and Sanitary Ware Division. The form",strong,none,aligned,false,accept,,,
MDA_2828_CIHLDG_2020,CIHLDG,CIHB,2020,AR02,4,[MDA_P001],true,"[MDA_P001] MANAGEMENT DISCUSSION AND ANALYSIS OVERVIEW OF GROUP’S BUSINESS AND OPERATIONS Company Profile The Group is divided into two main divisions, namely the Edible Oil Products Division and the Tap and Sanitary Ware Division. The form",acceptable,numeric_review_required,partial,true,manual_review,,,numeric_review_required
MDA_2828_CIHLDG_2020,CIHLDG,CIHB,2020,AR03,5,[MDA_P001],true,"[MDA_P001] MANAGEMENT DISCUSSION AND ANALYSIS OVERVIEW OF GROUP’S BUSINESS AND OPERATIONS Company Profile The Group is divided into two main divisions, namely the Edible Oil Products Division and the Tap and Sanitary Ware Division. The form",strong,none,aligned,false,accept,,,
MDA_2828_CIHLDG_2020,CIHLDG,CIHB,2020,AR04,4,[MDA_P014],true,"[MDA_P014] MANAGEMENT DISCUSSION AND ANALYSIS (cont’d) ANTICIPATED OR KNOWN RISKS Foreign Exchange Risk The Group exports approximately 95% of its products worldwide each year, thereby increasing the risk of exposure to currency exchange. H",strong,none,aligned,false,accept,,,
MDA_2828_CIHLDG_2020,CIHLDG,CIHB,2020,AR05,4,[MDA_P001],true,"[MDA_P001] MANAGEMENT DISCUSSION AND ANALYSIS OVERVIEW OF GROUP’S BUSINESS AND OPERATIONS Company Profile The Group is divided into two main divisions, namely the Edible Oil Products Division and the Tap and Sanitary Ware Division. The form",strong,none,aligned,false,accept,,,
MDA_2828_CIHLDG_2021,CIHLDG,CIHB,2021,AR01,5,[MDA_P001],true,[MDA_P001] Management Discussion And Analysis ANNUAL REPORT 2021 C.I. HOLDINGS BERHAD 197801000889 (37918-A),strong,none,aligned,false,accept,,,
MDA_2828_CIHLDG_2021,CIHLDG,CIHB,2021,AR02,4,[MDA_P001],true,[MDA_P001] Management Discussion And Analysis ANNUAL REPORT 2021 C.I. HOLDINGS BERHAD 197801000889 (37918-A),weak,missing_financial_content,partial,true,manual_required,manual_required,repair_output_still_invalid,no_numeric_issue
MDA_2828_CIHLDG_2021,CIHLDG,CIHB,2021,AR03,5,[MDA_P002],true,"[MDA_P002] Highlights of our group’s financial information for the past 5 financial years Financial (in RM’000) Revenue 3,144,549 2,572,493 2,272,914 2,602,701 2,175,392 Profit before interest and tax 127,873 63,584 45,934 58,395 59,528 Fin",acceptable,none,aligned,false,accept,,,
MDA_2828_CIHLDG_2021,CIHLDG,CIHB,2021,AR04,5,[MDA_P011],true,"[MDA_P011] Anticipated Or Known Risks Foreign Exchange Risk The Group exports approximately 95% of its products worldwide each year, thereby increasing the risk of exposure to currency exchange. However, this risk is mitigated by way of for",strong,none,aligned,false,accept,,,
MDA_2828_CIHLDG_2021,CIHLDG,CIHB,2021,AR05,4,[MDA_P001],true,[MDA_P001] Management Discussion And Analysis ANNUAL REPORT 2021 C.I. HOLDINGS BERHAD 197801000889 (37918-A),strong,none,aligned,false,accept,,,
MDA_2828_CIHLDG_2022,CIHLDG,CIHB,2022,AR01,5,[MDA_P001],true,"[MDA_P001] MANAGEMENT DISCUSSION AND ANALYSIS Overview Of Group’s Business And Operations Company Profile The Group is divided into two main divisions, being the Edible Oil Products Division and the Tap and Sanitary Ware Division. The Edibl",strong,none,aligned,false,accept,,,
MDA_2828_CIHLDG_2022,CIHLDG,CIHB,2022,AR02,4,[MDA_P001],true,"[MDA_P001] MANAGEMENT DISCUSSION AND ANALYSIS Overview Of Group’s Business And Operations Company Profile The Group is divided into two main divisions, being the Edible Oil Products Division and the Tap and Sanitary Ware Division. The Edibl",acceptable,numeric_review_required,partial,true,manual_review,,,numeric_review_required
MDA_2828_CIHLDG_2022,CIHLDG,CIHB,2022,AR03,5,[MDA_P001],true,"[MDA_P001] MANAGEMENT DISCUSSION AND ANALYSIS Overview Of Group’s Business And Operations Company Profile The Group is divided into two main divisions, being the Edible Oil Products Division and the Tap and Sanitary Ware Division. The Edibl",strong,none,aligned,false,accept,,,
MDA_2828_CIHLDG_2022,CIHLDG,CIHB,2022,AR04,5,[MDA_P013],true,[MDA_P013] ANNUAL REPORT 2022 C.I. HOLDINGS BERHAD 197801000889 (37918-A) MANAGEMENT DISCUSSION AND ANALYSIS (continued) Anticipated Or Known Risks Foreign Exchange Risk The Group exports approximately 95% of its products worldwide each yea,strong,none,aligned,false,accept,,,
MDA_2828_CIHLDG_2022,CIHLDG,CIHB,2022,AR05,4,[MDA_P001],true,"[MDA_P001] MANAGEMENT DISCUSSION AND ANALYSIS Overview Of Group’s Business And Operations Company Profile The Group is divided into two main divisions, being the Edible Oil Products Division and the Tap and Sanitary Ware Division. The Edibl",strong,none,aligned,false,accept,,,
MDA_2828_CIHLDG_2023,CIHLDG,CIHB,2023,AR01,5,[MDA_P001],true,[MDA_P001] MANAGEMENT DISCUSSION AND ANALYSIS (continued),strong,none,aligned,false,accept,,,
MDA_2828_CIHLDG_2023,CIHLDG,CIHB,2023,AR02,4,[MDA_P002],true,[MDA_P002] ANNUAL REPORT 2023 C.I.,weak,missing_financial_content,partial,true,manual_required,manual_required,repair_output_still_invalid,no_numeric_issue
MDA_2828_CIHLDG_2023,CIHLDG,CIHB,2023,AR03,5,[MDA_P003],true,"[MDA_P003] HOLDINGS BERHAD 197801000889 (37918-A) Highlights of the Group’s Financial Information for the Past 5 Financial Years Financial (in RM’000) Revenue 5,347,165 4,046,102 3,144,549 2,572,493 2,272,914 Earnings Before Interest And Ta",acceptable,none,aligned,false,accept,,,
MDA_2828_CIHLDG_2023,CIHLDG,CIHB,2023,AR04,4,[MDA_P009],true,[MDA_P009] ANNUAL REPORT 2023 C.I. HOLDINGS BERHAD 197801000889 (37918-A) ANTICIPATED OR KNOWN RISKS Foreign Exchange Risk The Group annually exports around 99% of its products worldwide. which increases exposure to currency exchange risk.,strong,none,aligned,false,accept,,,
MDA_2828_CIHLDG_2023,CIHLDG,CIHB,2023,AR05,5,[MDA_P001],true,[MDA_P001] MANAGEMENT DISCUSSION AND ANALYSIS (continued),strong,none,aligned,false,accept,,,
MDA_2828_CIHLDG_2024,CIHLDG,CIHB,2024,AR01,5,[MDA_P001],true,[MDA_P001] MANAGEMENT DISCUSSION AND ANALYSIS,strong,none,aligned,false,accept,,,
MDA_2828_CIHLDG_2024,CIHLDG,CIHB,2024,AR02,2,[MDA_P006],true,[MDA_P006] The overall average for the year stood at RM4.70/USD. This is a 4.47% increase as against the previous financial year average of MYR 4.495 to 1 USD. The Group has successfully navigated global challenges by expanding its product,acceptable,numeric_review_required,partial,true,manual_review,,,numeric_review_required
MDA_2828_CIHLDG_2024,CIHLDG,CIHB,2024,AR03,4,[MDA_P005],true,[MDA_P005] ANNUAL REPORT 2024 C.I. HOLDINGS BERHAD 197801000889 (37918-A) REVIEW OF FINANCIAL RESULTS AND FINANCIAL CONDITION Revenue The Group recorded a decrease in revenue to RM3.90 billion for the financial year ended 30 June 2024 (“FY2,strong,none,aligned,false,accept,,,
MDA_2828_CIHLDG_2024,CIHLDG,CIHB,2024,AR04,2,[MDA_P011],true,"[MDA_P011] ANTICIPATED OR KNOWN RISKS Foreign Exchange Risk The Group faces significant foreign exchange risks due to its extensive international operations, with approximately 95% of its products exported globally each year. This high leve",strong,none,aligned,false,accept,,,
MDA_2828_CIHLDG_2024,CIHLDG,CIHB,2024,AR05,4,[MDA_P001],true,[MDA_P001] MANAGEMENT DISCUSSION AND ANALYSIS,strong,none,aligned,false,accept,,,
MDA_2836_CARLSBG_2020,CARLSBG,Carlsberg Brewery Malaysia Berhad,2020,AR01,2,[MDA_P001],true,"[MDA_P001] MANAGEMENT DISCUSSION & ANALYSIS DEAR SHAREHOLDERS, HELLO EVERYONE. I HOPE THIS NOTE FINDS ALL OF YOU IN GOOD STEAD AND EXCELLENT HEALTH. STEFANO CLINI Managing Director of Carlsberg Malaysia Group The year 2020, long anticipated",strong,none,aligned,false,accept,,,
MDA_2836_CARLSBG_2020,CARLSBG,Carlsberg Brewery Malaysia Berhad,2020,AR02,3,[MDA_P002],true,"[MDA_P002] We essentially suspended production and distribution in compliance with unprecedented restrictions, which led to business disruption. From the beginning, we began engaging with our stakeholders in earnest, communicating our effor",acceptable,numeric_review_required,partial,true,manual_review,,,numeric_review_required
MDA_2836_CARLSBG_2020,CARLSBG,Carlsberg Brewery Malaysia Berhad,2020,AR03,2,[MDA_P001],true,"[MDA_P001] MANAGEMENT DISCUSSION & ANALYSIS DEAR SHAREHOLDERS, HELLO EVERYONE. I HOPE THIS NOTE FINDS ALL OF YOU IN GOOD STEAD AND EXCELLENT HEALTH. STEFANO CLINI Managing Director of Carlsberg Malaysia Group The year 2020, long anticipated",acceptable,none,aligned,false,accept,,,
MDA_2836_CARLSBG_2020,CARLSBG,Carlsberg Brewery Malaysia Berhad,2020,AR04,2,[MDA_P002],true,"[MDA_P002] We essentially suspended production and distribution in compliance with unprecedented restrictions, which led to business disruption. From the beginning, we began engaging with our stakeholders in earnest, communicating our effor",acceptable,none,aligned,false,accept,,,
MDA_2836_CARLSBG_2020,CARLSBG,Carlsberg Brewery Malaysia Berhad,2020,AR05,2,[MDA_P001],true,"[MDA_P001] MANAGEMENT DISCUSSION & ANALYSIS DEAR SHAREHOLDERS, HELLO EVERYONE. I HOPE THIS NOTE FINDS ALL OF YOU IN GOOD STEAD AND EXCELLENT HEALTH. STEFANO CLINI Managing Director of Carlsberg Malaysia Group The year 2020, long anticipated",strong,none,aligned,false,accept,,,
MDA_2836_CARLSBG_2021,CARLSBG,Carlsberg Brewery Malaysia Berhad,2021,AR01,2,[MDA_P001],true,[MDA_P001] MANAGEMENT DISCUSSION & ANALYSIS CORPORATE STRATEGY: SAIL’22 OUR TWO ENABLERS OUR SEVEN STRATEGIC PRIORITIES OUR THREE STRATEGIC LEVERS DEFEND OUR LICENCE TO OPERATE CREATE A WINNING CULTURE STRENGTHEN THE CORE POSITION FOR GROWT,strong,none,aligned,false,accept,,,
MDA_2836_CARLSBG_2021,CARLSBG,Carlsberg Brewery Malaysia Berhad,2021,AR02,3,[MDA_P001],true,[MDA_P001] MANAGEMENT DISCUSSION & ANALYSIS CORPORATE STRATEGY: SAIL’22 OUR TWO ENABLERS OUR SEVEN STRATEGIC PRIORITIES OUR THREE STRATEGIC LEVERS DEFEND OUR LICENCE TO OPERATE CREATE A WINNING CULTURE STRENGTHEN THE CORE POSITION FOR GROWT,acceptable,numeric_review_required,partial,true,manual_review,,,numeric_review_required
MDA_2836_CARLSBG_2021,CARLSBG,Carlsberg Brewery Malaysia Berhad,2021,AR03,2,[MDA_P001],true,[MDA_P001] MANAGEMENT DISCUSSION & ANALYSIS CORPORATE STRATEGY: SAIL’22 OUR TWO ENABLERS OUR SEVEN STRATEGIC PRIORITIES OUR THREE STRATEGIC LEVERS DEFEND OUR LICENCE TO OPERATE CREATE A WINNING CULTURE STRENGTHEN THE CORE POSITION FOR GROWT,acceptable,none,aligned,false,accept,,,
MDA_2836_CARLSBG_2021,CARLSBG,Carlsberg Brewery Malaysia Berhad,2021,AR04,2,[MDA_P005],true,[MDA_P005] Our Business Message from Our Leaders Creating Sustainable Value Delivering Strong Governance Financial Statements Other Information Commitment to Sustainability CARLSBERG BREWERY MALAYSIA BERHAD [196901000792 (9210-K)] MANAGEMEN,acceptable,none,aligned,false,accept,,,
MDA_2836_CARLSBG_2021,CARLSBG,Carlsberg Brewery Malaysia Berhad,2021,AR05,2,[MDA_P001],true,[MDA_P001] MANAGEMENT DISCUSSION & ANALYSIS CORPORATE STRATEGY: SAIL’22 OUR TWO ENABLERS OUR SEVEN STRATEGIC PRIORITIES OUR THREE STRATEGIC LEVERS DEFEND OUR LICENCE TO OPERATE CREATE A WINNING CULTURE STRENGTHEN THE CORE POSITION FOR GROWT,strong,none,aligned,false,accept,,,
MDA_2836_CARLSBG_2022,CARLSBG,Carlsberg Brewery Malaysia Berhad,2022,AR01,4,[MDA_P001],true,[MDA_P001] MANAGEMENT DISCUSSION AND ANALYSIS CORPORATE STRATEGY: SAIL’22 OUR TWO ENABLERS OUR SEVEN STRATEGIC PRIORITIES OUR THREE STRATEGIC LEVERS CREATE A WINNING CULTURE STRENGTHEN THE CORE ‘Grow in Mainstream’ with Carlsberg Danish Pil,strong,none,aligned,false,accept,,,
MDA_2836_CARLSBG_2022,CARLSBG,Carlsberg Brewery Malaysia Berhad,2022,AR02,3,[MDA_P001],true,[MDA_P001] MANAGEMENT DISCUSSION AND ANALYSIS CORPORATE STRATEGY: SAIL’22 OUR TWO ENABLERS OUR SEVEN STRATEGIC PRIORITIES OUR THREE STRATEGIC LEVERS CREATE A WINNING CULTURE STRENGTHEN THE CORE ‘Grow in Mainstream’ with Carlsberg Danish Pil,acceptable,numeric_review_required,partial,true,manual_review,,,numeric_review_required
MDA_2836_CARLSBG_2022,CARLSBG,Carlsberg Brewery Malaysia Berhad,2022,AR03,2,[MDA_P001],true,[MDA_P001] MANAGEMENT DISCUSSION AND ANALYSIS CORPORATE STRATEGY: SAIL’22 OUR TWO ENABLERS OUR SEVEN STRATEGIC PRIORITIES OUR THREE STRATEGIC LEVERS CREATE A WINNING CULTURE STRENGTHEN THE CORE ‘Grow in Mainstream’ with Carlsberg Danish Pil,acceptable,none,aligned,false,accept,,,
MDA_2836_CARLSBG_2022,CARLSBG,Carlsberg Brewery Malaysia Berhad,2022,AR04,2,[MDA_P013],true,"[MDA_P013] WHO WE ARE SAILING FORWARD PRIORITIES AND COMMITMENTS FINANCIAL STATEMENTS OTHER INFORMATION CARLSBERG BREWERY MALAYSIA BERHAD [196901000792 (9210-K)] LEADERSHIP CREATING SUSTAINABLE VALUE In 2022, we started planning for the imp",strong,none,aligned,false,accept,,,
MDA_2836_CARLSBG_2022,CARLSBG,Carlsberg Brewery Malaysia Berhad,2022,AR05,2,[MDA_P001],true,[MDA_P001] MANAGEMENT DISCUSSION AND ANALYSIS CORPORATE STRATEGY: SAIL’22 OUR TWO ENABLERS OUR SEVEN STRATEGIC PRIORITIES OUR THREE STRATEGIC LEVERS CREATE A WINNING CULTURE STRENGTHEN THE CORE ‘Grow in Mainstream’ with Carlsberg Danish Pil,strong,none,aligned,false,accept,,,
MDA_2836_CARLSBG_2023,CARLSBG,Carlsberg Brewery Malaysia Berhad,2023,AR01,2,[MDA_P001],true,"[MDA_P001] MANAGEMENT DISCUSSION AND ANALYSIS In embarking on the transition journey of our corporate strategy from SAIL’22 to SAIL'27 in 2023, Carlsberg Malaysia Group (the Group) remains steadfast in implementing the four strategic levers",strong,none,aligned,false,accept,,,
MDA_2836_CARLSBG_2023,CARLSBG,Carlsberg Brewery Malaysia Berhad,2023,AR02,3,[MDA_P002],true,"[MDA_P002] financial targets, and a commitment to sustainability, responsibility and creating long-term value. Sharpening Our Focus for Future Growth SAIL'27 encapsulates four key strategic levers, each designed to prepare the Group to be m",acceptable,numeric_review_required,partial,true,manual_review,,,numeric_review_required
MDA_2836_CARLSBG_2023,CARLSBG,Carlsberg Brewery Malaysia Berhad,2023,AR03,2,[MDA_P003],true,"[MDA_P003] financial dynamics. The four levers are enhancing our portfolio choices, constantly executing with excellence, driving a winning culture, and ensuring sustainable funding for our journey. Each of these levers are supported by pri",strong,none,aligned,false,accept,,,
MDA_2836_CARLSBG_2023,CARLSBG,Carlsberg Brewery Malaysia Berhad,2023,AR04,2,[MDA_P001],true,"[MDA_P001] MANAGEMENT DISCUSSION AND ANALYSIS In embarking on the transition journey of our corporate strategy from SAIL’22 to SAIL'27 in 2023, Carlsberg Malaysia Group (the Group) remains steadfast in implementing the four strategic levers",strong,none,aligned,false,accept,,,
MDA_2836_CARLSBG_2023,CARLSBG,Carlsberg Brewery Malaysia Berhad,2023,AR05,2,[MDA_P001],true,"[MDA_P001] MANAGEMENT DISCUSSION AND ANALYSIS In embarking on the transition journey of our corporate strategy from SAIL’22 to SAIL'27 in 2023, Carlsberg Malaysia Group (the Group) remains steadfast in implementing the four strategic levers",strong,none,aligned,false,accept,,,
MDA_2836_CARLSBG_2024,CARLSBG,Carlsberg Brewery Malaysia Berhad,2024,AR01,2,[MDA_P001],true,"[MDA_P001] MANAGEMENT DISCUSSION AND ANALYSIS Through Portfolio Choices, we are sharpening our focus on premiumisation, innovation and strengthening core beer offerings. Investments in premium brands, Alcohol-Free Brews and Beyond Beer cate",strong,none,aligned,false,accept,,,
MDA_2836_CARLSBG_2024,CARLSBG,Carlsberg Brewery Malaysia Berhad,2024,AR02,3,[MDA_P001],true,"[MDA_P001] MANAGEMENT DISCUSSION AND ANALYSIS Through Portfolio Choices, we are sharpening our focus on premiumisation, innovation and strengthening core beer offerings. Investments in premium brands, Alcohol-Free Brews and Beyond Beer cate",acceptable,numeric_review_required,partial,true,manual_review,,,numeric_review_required
MDA_2836_CARLSBG_2024,CARLSBG,Carlsberg Brewery Malaysia Berhad,2024,AR03,2,[MDA_P001],true,"[MDA_P001] MANAGEMENT DISCUSSION AND ANALYSIS Through Portfolio Choices, we are sharpening our focus on premiumisation, innovation and strengthening core beer offerings. Investments in premium brands, Alcohol-Free Brews and Beyond Beer cate",strong,none,aligned,false,accept,,,
MDA_2836_CARLSBG_2024,CARLSBG,Carlsberg Brewery Malaysia Berhad,2024,AR04,2,[MDA_P001],true,"[MDA_P001] MANAGEMENT DISCUSSION AND ANALYSIS Through Portfolio Choices, we are sharpening our focus on premiumisation, innovation and strengthening core beer offerings. Investments in premium brands, Alcohol-Free Brews and Beyond Beer cate",strong,none,aligned,false,accept,,,
MDA_2836_CARLSBG_2024,CARLSBG,Carlsberg Brewery Malaysia Berhad,2024,AR05,2,[MDA_P001],true,"[MDA_P001] MANAGEMENT DISCUSSION AND ANALYSIS Through Portfolio Choices, we are sharpening our focus on premiumisation, innovation and strengthening core beer offerings. Investments in premium brands, Alcohol-Free Brews and Beyond Beer cate",strong,none,aligned,false,accept,,,
MDA_3026_DLADY_2020,DLADY,DL,2020,AR01,2,[MDA_P001],true,"[MDA_P001] MANAGEMENT DISCUSSION & ANALYSIS Number 1 position in Liquid Milk. In line with DLMI’s purpose to Nourish our Nation from Grass to Glass, the business successfully overcame multiple challenges throughout 2020. 66 SKUs which make",strong,none,aligned,false,accept,,,
MDA_3026_DLADY_2020,DLADY,DL,2020,AR02,3,[MDA_P001],true,"[MDA_P001] MANAGEMENT DISCUSSION & ANALYSIS Number 1 position in Liquid Milk. In line with DLMI’s purpose to Nourish our Nation from Grass to Glass, the business successfully overcame multiple challenges throughout 2020. 66 SKUs which make",acceptable,numeric_review_required,partial,true,manual_review,,,numeric_review_required
MDA_3026_DLADY_2020,DLADY,DL,2020,AR03,2,[MDA_P007],true,"[MDA_P007] MANAGEMENT DISCUSSION & ANALYSIS For our Specialised Nutrition portfolio, our Growing Up Milk segment had performed well ahead of the category. We continue to see growth in penetration of Growing Up Milk to 24.4% (+1.2pp vs 2019,",strong,none,aligned,false,accept,,,
MDA_3026_DLADY_2020,DLADY,DL,2020,AR04,2,[MDA_P002],true,"[MDA_P002] obesity and stunting, especially amongst children. Beyond providing innovative products to better suit the dietary needs of Malaysians, DLMI has raised the awareness of the dual burden issues via multiple platforms leveraging on",strong,none,aligned,false,accept,,,
MDA_3026_DLADY_2020,DLADY,DL,2020,AR05,2,[MDA_P001],true,"[MDA_P001] MANAGEMENT DISCUSSION & ANALYSIS Number 1 position in Liquid Milk. In line with DLMI’s purpose to Nourish our Nation from Grass to Glass, the business successfully overcame multiple challenges throughout 2020. 66 SKUs which make",strong,none,aligned,false,accept,,,
MDA_3026_DLADY_2021,DLADY,DL,2021,AR01,2,[MDA_P001],true,"[MDA_P001] MANAGEMENT DISCUSSION & ANALYSIS Datin Seri Sunita Mei-Lin Rajakumar Chairperson Ramjeet Kaur Virik Executive Director Distributing over 180,000 milk packs to key frontliners and partnered various Non-Government Organisations, Ke",strong,none,aligned,false,accept,,,
MDA_3026_DLADY_2021,DLADY,DL,2021,AR02,3,[MDA_P006],true,[MDA_P006] Environmental Sustainability DLMI is constantly working to reduce our environmental footprint. Efforts to care for our environment are practiced every day across our business for example through purchasing 100% green electricity.,acceptable,numeric_review_required,partial,true,manual_review,,,numeric_review_required
MDA_3026_DLADY_2021,DLADY,DL,2021,AR03,2,[MDA_P018],true,"[MDA_P018] While we have been true to our purpose in Nourishing Malaysian, 2021 has really been the year where that purpose is clearly brought to live. Movement Control Orders (MCO) has changed the way consumer consume and perceive dairy. N",strong,none,aligned,false,accept,,,
MDA_3026_DLADY_2021,DLADY,DL,2021,AR04,2,[MDA_P023],true,[MDA_P023] During the COVID-19 pandemic DLMI has been able to continue to drive its purpose of Nourishing the Malaysian people. Profit performance details are broken down in profit resulting from sales of products sourced from the existing,strong,none,aligned,false,accept,,,
MDA_3026_DLADY_2021,DLADY,DL,2021,AR05,2,[MDA_P001],true,"[MDA_P001] MANAGEMENT DISCUSSION & ANALYSIS Datin Seri Sunita Mei-Lin Rajakumar Chairperson Ramjeet Kaur Virik Executive Director Distributing over 180,000 milk packs to key frontliners and partnered various Non-Government Organisations, Ke",strong,none,aligned,false,accept,,,
MDA_3026_DLADY_2022,DLADY,DL,2022,AR01,4,[MDA_P001],true,[MDA_P001] Management Discussion & Analysis,strong,none,aligned,false,accept,,,
MDA_3026_DLADY_2022,DLADY,DL,2022,AR02,2,[MDA_P032],true,"[MDA_P032] After reconciliation, DLMI paid to its shareholders a total of RM32 million in interim dividends consisting of two standards dividends of RM0.25 each. This represents a distribution of 69% of the profits attributable to sharehold",acceptable,numeric_review_required,partial,true,manual_review,,,numeric_review_required
MDA_3026_DLADY_2022,DLADY,DL,2022,AR03,2,[MDA_P011],true,"[MDA_P011] Management Discussion & Analysis MANAGING DIRECTOR’S REPORT With such a singular focus on purpose and people, we believe performance follows. At DLMI, performance is about ‘Winning Profitably’ in a manner that it is meaningful fo",strong,none,aligned,false,accept,,,
MDA_3026_DLADY_2022,DLADY,DL,2022,AR04,2,[MDA_P004],true,"[MDA_P004] DUTCH LADY MILK INDUSTRIES BERHAD | INTEGRATED ANNUAL REPORT 2022 MANAGING DIRECTOR’S REPORT DUAL DILEMMA & DAIRY LEADERSHIP The dynamics of business have changed over the last three years. In 2022, the market continued to perfor",strong,none,aligned,false,accept,,,
MDA_3026_DLADY_2022,DLADY,DL,2022,AR05,2,[MDA_P001],true,[MDA_P001] Management Discussion & Analysis,strong,none,aligned,false,accept,,,
MDA_3026_DLADY_2023,DLADY,DL,2023,AR01,5,[MDA_P001],true,[MDA_P001] Management Discussion & Analysis – Strategic Review | 04 | 05 | 06 | 07 | P e r s p e c t i v e CHAIRPERSON’S,strong,none,aligned,false,accept,,,
MDA_3026_DLADY_2023,DLADY,DL,2023,AR02,3,[MDA_P004],true,"[MDA_P004] Meanwhile, sustainability KPIs are part of Managing Director and Management Team’s annual targets. Our three-year journey towards transition and adoption of Integrated Reporting principles, which commenced from the reporting cycl",acceptable,numeric_review_required,partial,true,manual_review,,,numeric_review_required
MDA_3026_DLADY_2023,DLADY,DL,2023,AR03,2,[MDA_P004],true,"[MDA_P004] Meanwhile, sustainability KPIs are part of Managing Director and Management Team’s annual targets. Our three-year journey towards transition and adoption of Integrated Reporting principles, which commenced from the reporting cycl",acceptable,none,aligned,false,accept,,,
MDA_3026_DLADY_2023,DLADY,DL,2023,AR04,2,[MDA_P002],true,"[MDA_P002] Our priority during the year was on implementation of our strategic priorities, while operating with resilience” RESPONSIBLE BUSINESS DLMI is committed to strong corporate governance, robust risk management practices, and a condu",strong,none,aligned,false,accept,,,
MDA_3026_DLADY_2023,DLADY,DL,2023,AR05,2,[MDA_P036],true,"[MDA_P036] This move reduced raw material but increased finished goods. In addition, we relied on stock build- up of finished goods towards a seamless market transition during the Enstek move. Receivables were managed tightly to preserve wo",strong,none,aligned,false,accept,,,
MDA_3026_DLADY_2024,DLADY,DL,2024,AR01,4,[MDA_P001],true,"[MDA_P001] A HISTORIC MILESTONE & MASSIVE TRANSITION TOWARDS RESPONSIBLE GROWTH 2024 was history in the making for Dutch Lady Milk Industries Berhad. One notable milestone was bidding farewell to our iconic DLMI@PJ manufacturing facility, e",weak,too_generic,partial,true,manual_review,,,
MDA_3026_DLADY_2024,DLADY,DL,2024,AR02,3,[MDA_P002],true,"[MDA_P002] This transition, a well- orchestrated plan over the past five years, culminated in 2024 with the critical milestone of moving to our Halal IR4.0- enabled production centre. This move will accelerate our strategy to scale operatio",acceptable,numeric_review_required,partial,true,manual_review,,,numeric_review_required
MDA_3026_DLADY_2024,DLADY,DL,2024,AR03,2,[MDA_P001],true,"[MDA_P001] A HISTORIC MILESTONE & MASSIVE TRANSITION TOWARDS RESPONSIBLE GROWTH 2024 was history in the making for Dutch Lady Milk Industries Berhad. One notable milestone was bidding farewell to our iconic DLMI@PJ manufacturing facility, e",strong,none,aligned,false,accept,,,
MDA_3026_DLADY_2024,DLADY,DL,2024,AR04,2,[MDA_P002],true,"[MDA_P002] This transition, a well- orchestrated plan over the past five years, culminated in 2024 with the critical milestone of moving to our Halal IR4.0- enabled production centre. This move will accelerate our strategy to scale operatio",strong,none,aligned,false,accept,,,
MDA_3026_DLADY_2024,DLADY,DL,2024,AR05,2,[MDA_P001],true,"[MDA_P001] A HISTORIC MILESTONE & MASSIVE TRANSITION TOWARDS RESPONSIBLE GROWTH 2024 was history in the making for Dutch Lady Milk Industries Berhad. One notable milestone was bidding farewell to our iconic DLMI@PJ manufacturing facility, e",strong,none,aligned,false,accept,,,
MDA_3255_HEIM_2020,HEIM,Heineken,2020,AR01,2,[MDA_P001],true,"[MDA_P001] Management Discussion & Analysis “The cover of our Annual Report 2020 is symbolic of our organisation’s collective sentiment during the difficult time, it represents our team spirit to keep the lights shining in the darkness, and",strong,none,aligned,false,accept,,,
MDA_3255_HEIM_2020,HEIM,Heineken,2020,AR02,3,[MDA_P002],true,[MDA_P002] ANNUAL REPORT 2020 | HEINEKEN MALAYSIA BERHAD Management Discussion & Analysis 2020 was a difficult year. The Covid-19 global pandemic brought the economy to a standstill. Faced with the immediate need to bring the contagion unde,acceptable,numeric_review_required,partial,true,manual_review,,,numeric_review_required
MDA_3255_HEIM_2020,HEIM,Heineken,2020,AR03,2,[MDA_P003],true,"[MDA_P003] We are the leading brewer in the country, with a portfolio of iconic international and local brands that are supported by consumers who share the same Passion for Quality that is a key HEINEKEN value. In 2020, we had to respond t",weak,missing_causal_explanation,partial,true,manual_review,,,
MDA_3255_HEIM_2020,HEIM,Heineken,2020,AR04,2,[MDA_P001],true,"[MDA_P001] Management Discussion & Analysis “The cover of our Annual Report 2020 is symbolic of our organisation’s collective sentiment during the difficult time, it represents our team spirit to keep the lights shining in the darkness, and",strong,none,aligned,false,accept,,,
MDA_3255_HEIM_2020,HEIM,Heineken,2020,AR05,2,[MDA_P001],true,"[MDA_P001] Management Discussion & Analysis “The cover of our Annual Report 2020 is symbolic of our organisation’s collective sentiment during the difficult time, it represents our team spirit to keep the lights shining in the darkness, and",strong,none,aligned,false,accept,,,
MDA_3255_HEIM_2021,HEIM,Heineken,2021,AR01,2,[MDA_P001],true,"[MDA_P001] Management Discussion & Analysis Navigating through the storm We kept an all hands on deck approach by keeping the team connected and motivated through regular communications and updates, despite the many uncertainties in the ext",strong,none,aligned,false,accept,,,
MDA_3255_HEIM_2021,HEIM,Heineken,2021,AR02,3,[MDA_P001],true,"[MDA_P001] Management Discussion & Analysis Navigating through the storm We kept an all hands on deck approach by keeping the team connected and motivated through regular communications and updates, despite the many uncertainties in the ext",acceptable,numeric_review_required,partial,true,manual_review,,,numeric_review_required
MDA_3255_HEIM_2021,HEIM,Heineken,2021,AR03,2,[MDA_P003],true,"[MDA_P003] The pause in our brewery operations was significantly longer than the seven week stoppage we faced in 2020 due to the first MCO and this impeded on the Group’s ability to conduct our normal business operations. Nevertheless, I am",strong,none,aligned,false,accept,,,
MDA_3255_HEIM_2021,HEIM,Heineken,2021,AR04,2,[MDA_P002],true,"[MDA_P002] Annual REPORT 2021 | HEINEKEN MALAYSIA BERHAD Who We Are Our Business Model Performance Review Sustainability Review How We Are Governed Our Numbers & Other Information After a difficult 2020 due to the COVID-19 pandemic, we went",strong,none,aligned,false,accept,,,
MDA_3255_HEIM_2021,HEIM,Heineken,2021,AR05,2,[MDA_P001],true,"[MDA_P001] Management Discussion & Analysis Navigating through the storm We kept an all hands on deck approach by keeping the team connected and motivated through regular communications and updates, despite the many uncertainties in the ext",strong,none,aligned,false,accept,,,
MDA_3255_HEIM_2022,HEIM,Heineken,2022,AR01,2,[MDA_P001],true,"[MDA_P001] Management Discussion & Analysis Emerging Stronger from the Crisis 2022 was a new dawn as we stepped out from the global pandemic. Businesses reopened, social restrictions relaxed, international tourism resumed, and we pushed ahe",strong,none,aligned,false,accept,,,
MDA_3255_HEIM_2022,HEIM,Heineken,2022,AR02,3,[MDA_P004],true,"[MDA_P004] The following is a review of our business and financial performance, the highlights of our commercial campaigns, the progress of our sustainability commitments, as well as the outlook for 2023. OUR PERFORMANCE Compared to 2021, G",acceptable,numeric_review_required,partial,true,manual_review,,,numeric_review_required
MDA_3255_HEIM_2022,HEIM,Heineken,2022,AR03,2,[MDA_P001],true,"[MDA_P001] Management Discussion & Analysis Emerging Stronger from the Crisis 2022 was a new dawn as we stepped out from the global pandemic. Businesses reopened, social restrictions relaxed, international tourism resumed, and we pushed ahe",acceptable,none,aligned,false,accept,,,
MDA_3255_HEIM_2022,HEIM,Heineken,2022,AR04,4,[MDA_P004],true,"[MDA_P004] The following is a review of our business and financial performance, the highlights of our commercial campaigns, the progress of our sustainability commitments, as well as the outlook for 2023. OUR PERFORMANCE Compared to 2021, G",acceptable,none,aligned,false,accept,,,
MDA_3255_HEIM_2022,HEIM,Heineken,2022,AR05,2,[MDA_P001],true,"[MDA_P001] Management Discussion & Analysis Emerging Stronger from the Crisis 2022 was a new dawn as we stepped out from the global pandemic. Businesses reopened, social restrictions relaxed, international tourism resumed, and we pushed ahe",strong,none,aligned,false,accept,,,
MDA_3255_HEIM_2023,HEIM,Heineken,2023,AR01,2,[MDA_P001],true,"[MDA_P001] Management Discussion & Analysis Roland Bala Managing Director Creating Good Times, Celebrating the Joy of True Togetherness In 2023, we celebrated the 150th anniversary of the Heineken® brand, the world’s no. 1 international pre",strong,none,aligned,false,accept,,,
MDA_3255_HEIM_2023,HEIM,Heineken,2023,AR02,3,[MDA_P004],true,"[MDA_P004] The following is a review of our business and financial performance, the highlights of our commercial campaigns, the progress of our sustainability goals, as well as the outlook for 2024. OUR PERFORMANCE Compared with our 2022 pe",acceptable,numeric_review_required,partial,true,manual_review,,,numeric_review_required
MDA_3255_HEIM_2023,HEIM,Heineken,2023,AR03,2,[MDA_P004],true,"[MDA_P004] The following is a review of our business and financial performance, the highlights of our commercial campaigns, the progress of our sustainability goals, as well as the outlook for 2024. OUR PERFORMANCE Compared with our 2022 pe",strong,none,aligned,false,accept,,,
MDA_3255_HEIM_2023,HEIM,Heineken,2023,AR04,2,[MDA_P004],true,"[MDA_P004] The following is a review of our business and financial performance, the highlights of our commercial campaigns, the progress of our sustainability goals, as well as the outlook for 2024. OUR PERFORMANCE Compared with our 2022 pe",strong,none,aligned,false,accept,,,
MDA_3255_HEIM_2023,HEIM,Heineken,2023,AR05,1,[MDA_P001],true,"[MDA_P001] Management Discussion & Analysis Roland Bala Managing Director Creating Good Times, Celebrating the Joy of True Togetherness In 2023, we celebrated the 150th anniversary of the Heineken® brand, the world’s no. 1 international pre",strong,none,aligned,false,accept,,,
MDA_3255_HEIM_2024,HEIM,Heineken,2024,AR01,4,[MDA_P001],true,"[MDA_P001] Management Discussion & Analysis HEINEKEN Malaysia delivered strong financial results in 2024, showing significant progress from the previous year, fueled by strategic marketing efforts and the successful launch of innovation pro",strong,none,aligned,false,accept,,,
MDA_3255_HEIM_2024,HEIM,Heineken,2024,AR02,3,[MDA_P001],true,"[MDA_P001] Management Discussion & Analysis HEINEKEN Malaysia delivered strong financial results in 2024, showing significant progress from the previous year, fueled by strategic marketing efforts and the successful launch of innovation pro",acceptable,numeric_review_required,partial,true,manual_review,,,numeric_review_required
MDA_3255_HEIM_2024,HEIM,Heineken,2024,AR03,2,[MDA_P001],true,"[MDA_P001] Management Discussion & Analysis HEINEKEN Malaysia delivered strong financial results in 2024, showing significant progress from the previous year, fueled by strategic marketing efforts and the successful launch of innovation pro",strong,none,aligned,false,accept,,,
MDA_3255_HEIM_2024,HEIM,Heineken,2024,AR04,4,[MDA_P001],true,"[MDA_P001] Management Discussion & Analysis HEINEKEN Malaysia delivered strong financial results in 2024, showing significant progress from the previous year, fueled by strategic marketing efforts and the successful launch of innovation pro",strong,none,aligned,false,accept,,,
MDA_3255_HEIM_2024,HEIM,Heineken,2024,AR05,2,[MDA_P001],true,"[MDA_P001] Management Discussion & Analysis HEINEKEN Malaysia delivered strong financial results in 2024, showing significant progress from the previous year, fueled by strategic marketing efforts and the successful launch of innovation pro",strong,none,aligned,false,accept,,,
MDA_3662_MFLOUR_2020,MFLOUR,MFM,2020,AR01,5,[MDA_P001],true,[MDA_P001] MANAGEMENT DISCUSSION AND ANALYSIS,strong,none,aligned,false,accept,,,
MDA_3662_MFLOUR_2020,MFLOUR,MFM,2020,AR02,3,[MDA_P001],true,[MDA_P001] MANAGEMENT DISCUSSION AND ANALYSIS,weak,missing_financial_content,partial,true,manual_required,manual_required,repair_output_still_invalid,no_numeric_issue
MDA_3662_MFLOUR_2020,MFLOUR,MFM,2020,AR03,4,[MDA_P002],true,[MDA_P002] ANNUAL REPORT 2020 - Malayan Flour Mills Berhad The net interest expenses reduced by RM1.1 million to RM17.3 million in 2020 as compared to the previous year primarily due to the lower interest rate environment throughout the yea,strong,none,aligned,false,accept,,,
MDA_3662_MFLOUR_2020,MFLOUR,MFM,2020,AR04,4,[MDA_P006],true,[MDA_P006] ANNUAL REPORT 2020 - Malayan Flour Mills Berhad Anticipated or Known Risks Food safety and compliance to standards are top priorities for us as a food manufacturer as usage of fl our and poultry is very wide and diverse and it cu,strong,none,aligned,false,accept,,,
MDA_3662_MFLOUR_2020,MFLOUR,MFM,2020,AR05,4,[MDA_P001],true,[MDA_P001] MANAGEMENT DISCUSSION AND ANALYSIS,strong,none,aligned,false,accept,,,
MDA_3662_MFLOUR_2021,MFLOUR,MFM,2021,AR01,5,[MDA_P001],true,[MDA_P001] MANAGEMENT DISCUSSION AND ANALYSIS,strong,none,aligned,false,accept,,,
MDA_3662_MFLOUR_2021,MFLOUR,MFM,2021,AR02,3,[MDA_P001],true,[MDA_P001] MANAGEMENT DISCUSSION AND ANALYSIS,weak,missing_financial_content,partial,true,manual_required,manual_required,repair_output_still_invalid,no_numeric_issue
MDA_3662_MFLOUR_2021,MFLOUR,MFM,2021,AR03,4,[MDA_P002],true,"[MDA_P002] ANNUAL REPORT 2021 - Malayan Flour Mills Berhad to favourable margin arising from higher sales volume of fl our and increased selling prices in 2021. On the contrary, grains trading business recorded an operating loss for fi nanc",strong,none,aligned,false,accept,,,
MDA_3662_MFLOUR_2021,MFLOUR,MFM,2021,AR04,4,[MDA_P003],true,"[MDA_P003] Our Group’s Earnings before interest, taxes, depreciation and amortisation (“EBITDA”) from continuing operations after fair value loss arising from remeasurement of contingent consideration receivable and provision for profi t gu",strong,none,aligned,false,accept,,,
MDA_3662_MFLOUR_2021,MFLOUR,MFM,2021,AR05,4,[MDA_P001],true,[MDA_P001] MANAGEMENT DISCUSSION AND ANALYSIS,strong,none,aligned,false,accept,,,
MDA_3662_MFLOUR_2022,MFLOUR,MFM,2022,AR01,5,[MDA_P001],true,[MDA_P001] MANAGEMENT DISCUSSION AND ANALYSIS,strong,none,aligned,false,accept,,,
MDA_3662_MFLOUR_2022,MFLOUR,MFM,2022,AR02,3,[MDA_P001],true,[MDA_P001] MANAGEMENT DISCUSSION AND ANALYSIS,acceptable,numeric_review_required,partial,true,manual_review,,,numeric_review_required
MDA_3662_MFLOUR_2022,MFLOUR,MFM,2022,AR03,2,[MDA_P002],true,"[MDA_P002] Annual Report 2022 - Malayan Flour Mills Berhad MANAGEMENT DISCUSSION AND ANALYSIS (CONT’D) Financial Performance Highlights In the financial year ended 31 December 2022 (“FY2022”), MFM performed commendably, delivering a set of",strong,none,aligned,false,accept,,,
MDA_3662_MFLOUR_2022,MFLOUR,MFM,2022,AR04,4,[MDA_P003],true,"[MDA_P003] MFM saw a confluence of factors affecting our FGT business, namely the geopolitical conflict in Europe, the economic impact from inflationary pressure which ultimately drove up commodity prices along with interest rates, as well",strong,none,aligned,false,accept,,,
MDA_3662_MFLOUR_2022,MFLOUR,MFM,2022,AR05,2,[MDA_P001],true,[MDA_P001] MANAGEMENT DISCUSSION AND ANALYSIS,strong,none,aligned,false,accept,,,
MDA_3662_MFLOUR_2023,MFLOUR,MFM,2023,AR01,4,[MDA_P001],true,[MDA_P001] MANAGEMENT DISCUSSION AND ANALYSIS,strong,none,aligned,false,accept,,,
MDA_3662_MFLOUR_2023,MFLOUR,MFM,2023,AR02,3,[MDA_P001],true,[MDA_P001] MANAGEMENT DISCUSSION AND ANALYSIS,weak,missing_financial_content,partial,true,manual_required,manual_required,repair_output_still_invalid,not_enough_numbers
MDA_3662_MFLOUR_2023,MFLOUR,MFM,2023,AR03,4,[MDA_P002],true,"[MDA_P002] Annual Report 2023 | Malayan Flour Mills Berhad 23 Financial Performance Highlights To begin with, the operating activities that contribute to MFM’s consolidated revenue are from the Flour and Grain Trading (“FGT”) and aquafeed b",strong,none,aligned,false,accept,,,
MDA_3662_MFLOUR_2023,MFLOUR,MFM,2023,AR04,2,[MDA_P002],true,"[MDA_P002] Annual Report 2023 | Malayan Flour Mills Berhad 23 Financial Performance Highlights To begin with, the operating activities that contribute to MFM’s consolidated revenue are from the Flour and Grain Trading (“FGT”) and aquafeed b",strong,none,aligned,false,accept,,,
MDA_3662_MFLOUR_2023,MFLOUR,MFM,2023,AR05,4,[MDA_P001],true,[MDA_P001] MANAGEMENT DISCUSSION AND ANALYSIS,strong,none,aligned,false,accept,,,
MDA_3662_MFLOUR_2024,MFLOUR,MFM,2024,AR01,4,[MDA_P001],true,[MDA_P001] Management Discussion and Analysis,strong,none,aligned,false,accept,,,
MDA_3662_MFLOUR_2024,MFLOUR,MFM,2024,AR02,3,[MDA_P001],true,[MDA_P001] Management Discussion and Analysis,acceptable,numeric_review_required,partial,true,manual_review,,,numeric_review_required
MDA_3662_MFLOUR_2024,MFLOUR,MFM,2024,AR03,4,[MDA_P002],true,"[MDA_P002] ANNUAL REPORT 2024 | Malayan Flour Mills Berhad 25 Similarly, in aquaculture, we are committed to continuous innovation and refi nement of our products to enhance the quality of our aqua feeds and better meet client specifi catio",strong,none,aligned,false,accept,,,
MDA_3662_MFLOUR_2024,MFLOUR,MFM,2024,AR04,4,[MDA_P002],true,"[MDA_P002] ANNUAL REPORT 2024 | Malayan Flour Mills Berhad 25 Similarly, in aquaculture, we are committed to continuous innovation and refi nement of our products to enhance the quality of our aqua feeds and better meet client specifi catio",strong,none,aligned,false,accept,,,
MDA_3662_MFLOUR_2024,MFLOUR,MFM,2024,AR05,4,[MDA_P001],true,[MDA_P001] Management Discussion and Analysis,strong,none,aligned,false,accept,,,
MDA_3689_FN_2020,FN,FNHB,2020,AR01,4,[MDA_P001],true,"[MDA_P001] BUSINESS REVIEW: Food and Beverages Malaysia Managing Director, Domestic Commercial Operations (Peninsular Malaysia) Bryan Lee Chee Kong Director, Domestic Commercial Operations (East Malaysia & Brunei) Bart Lim Siang Chin",strong,none,aligned,false,accept,,,
MDA_3689_FN_2020,FN,FNHB,2020,AR02,4,[MDA_P001],true,"[MDA_P001] BUSINESS REVIEW: Food and Beverages Malaysia Managing Director, Domestic Commercial Operations (Peninsular Malaysia) Bryan Lee Chee Kong Director, Domestic Commercial Operations (East Malaysia & Brunei) Bart Lim Siang Chin",weak,missing_financial_content,partial,true,manual_required,manual_required,repair_output_still_invalid,no_numeric_issue
MDA_3689_FN_2020,FN,FNHB,2020,AR03,2,[MDA_P002],true,"[MDA_P002] ANNUAL REPORT 2020 md&a Complementing online sales, we strengthened our route to market by partnering other merchants as well as F&B outlets with whom we bundled our products. We also penetrated deeper into previously unserved ar",strong,none,aligned,false,accept,,,
MDA_3689_FN_2020,FN,FNHB,2020,AR04,2,[MDA_P007],true,"[MDA_P007] BUSINESS REVIEW: Food and Beverages Malaysia (Cont’d.) OUTLOOK The immediate future is wrought with the ongoing pandemic as well as local and global uncertainties. Despite the volatile landscape, we have been able to discern emer",strong,none,aligned,false,accept,,,
MDA_3689_FN_2020,FN,FNHB,2020,AR05,5,[MDA_P001],true,"[MDA_P001] BUSINESS REVIEW: Food and Beverages Malaysia Managing Director, Domestic Commercial Operations (Peninsular Malaysia) Bryan Lee Chee Kong Director, Domestic Commercial Operations (East Malaysia & Brunei) Bart Lim Siang Chin",acceptable,none,aligned,false,accept,,,
MDA_3689_FN_2021,FN,FNHB,2021,AR01,4,[MDA_P001],true,[MDA_P001] Management Discussion & Analysis,strong,none,aligned,false,accept,,,
MDA_3689_FN_2021,FN,FNHB,2021,AR02,3,[MDA_P002],true,"[MDA_P002] Market Review FY2021 has been signiﬁcantly more challenging than FY2020 for our Malaysian, Thai and Export operations for three main reasons: Covid-19, the increase in price of commodities, as well as that of freight charges. In",weak,missing_financial_content,partial,true,manual_required,manual_required,repair_output_still_invalid,no_numeric_issue
MDA_3689_FN_2021,FN,FNHB,2021,AR03,2,[MDA_P002],true,"[MDA_P002] Market Review FY2021 has been signiﬁcantly more challenging than FY2020 for our Malaysian, Thai and Export operations for three main reasons: Covid-19, the increase in price of commodities, as well as that of freight charges. In",strong,none,aligned,false,accept,,,
MDA_3689_FN_2021,FN,FNHB,2021,AR04,4,[MDA_P002],true,"[MDA_P002] Market Review FY2021 has been signiﬁcantly more challenging than FY2020 for our Malaysian, Thai and Export operations for three main reasons: Covid-19, the increase in price of commodities, as well as that of freight charges. In",strong,none,aligned,false,accept,,,
MDA_3689_FN_2021,FN,FNHB,2021,AR05,4,[MDA_P001],true,[MDA_P001] Management Discussion & Analysis,strong,none,aligned,false,accept,,,
MDA_3689_FN_2022,FN,FNHB,2022,AR01,2,[MDA_P001],true,"[MDA_P001] Management Discussion & Analysis Strategic Review Market Review OUR OPERATING LANDSCAPE The year 2022 has been marked by two key and opposing factors. Positively, it has seen the gradual unravelling of movement and social restric",strong,none,aligned,false,accept,,,
MDA_3689_FN_2022,FN,FNHB,2022,AR02,2,[MDA_P001],true,"[MDA_P001] Management Discussion & Analysis Strategic Review Market Review OUR OPERATING LANDSCAPE The year 2022 has been marked by two key and opposing factors. Positively, it has seen the gradual unravelling of movement and social restric",acceptable,numeric_review_required,partial,true,manual_review,,,numeric_review_required
MDA_3689_FN_2022,FN,FNHB,2022,AR03,2,[MDA_P001],true,"[MDA_P001] Management Discussion & Analysis Strategic Review Market Review OUR OPERATING LANDSCAPE The year 2022 has been marked by two key and opposing factors. Positively, it has seen the gradual unravelling of movement and social restric",strong,none,aligned,false,accept,,,
MDA_3689_FN_2022,FN,FNHB,2022,AR04,2,[MDA_P002],true,"[MDA_P002] Key factors reigning in a fuller recovery are high inflation and muted trade with China, which has enforced several lockdowns in attempts to maintain zero-COVID. Economic growth discrepancy aside, both countries continue to be af",strong,none,aligned,false,accept,,,
MDA_3689_FN_2022,FN,FNHB,2022,AR05,2,[MDA_P001],true,"[MDA_P001] Management Discussion & Analysis Strategic Review Market Review OUR OPERATING LANDSCAPE The year 2022 has been marked by two key and opposing factors. Positively, it has seen the gradual unravelling of movement and social restric",strong,none,aligned,false,accept,,,
MDA_3689_FN_2023,FN,FNHB,2023,AR01,2,[MDA_P001],true,"[MDA_P001] MANAGEMENT DISCUSSION & ANALYSIS Annual Report 2023 MARKET REVIEW A. Strategic Review In May 2023, the World Health Organization (WHO) declared that COVID-19 “no longer constitutes a public health emergency of international conce",strong,none,aligned,false,accept,,,
MDA_3689_FN_2023,FN,FNHB,2023,AR02,3,[MDA_P001],true,"[MDA_P001] MANAGEMENT DISCUSSION & ANALYSIS Annual Report 2023 MARKET REVIEW A. Strategic Review In May 2023, the World Health Organization (WHO) declared that COVID-19 “no longer constitutes a public health emergency of international conce",acceptable,numeric_review_required,partial,true,manual_review,,,numeric_review_required
MDA_3689_FN_2023,FN,FNHB,2023,AR03,2,[MDA_P002],true,"[MDA_P002] In Malaysia, Bank Negara forecasts that the economy will benefit from robust domestic demand, the implementation of major infrastructure projects as well as recovering tourism to expand between 4.0% and 5.0%. Nevertheless, this i",strong,none,aligned,false,accept,,,
MDA_3689_FN_2023,FN,FNHB,2023,AR04,2,[MDA_P001],true,"[MDA_P001] MANAGEMENT DISCUSSION & ANALYSIS Annual Report 2023 MARKET REVIEW A. Strategic Review In May 2023, the World Health Organization (WHO) declared that COVID-19 “no longer constitutes a public health emergency of international conce",strong,none,aligned,false,accept,,,
MDA_3689_FN_2023,FN,FNHB,2023,AR05,2,[MDA_P001],true,"[MDA_P001] MANAGEMENT DISCUSSION & ANALYSIS Annual Report 2023 MARKET REVIEW A. Strategic Review In May 2023, the World Health Organization (WHO) declared that COVID-19 “no longer constitutes a public health emergency of international conce",strong,none,aligned,false,accept,,,
MDA_4065_PPB_2020,PPB,PPB,2020,AR01,4,[MDA_P001],true,"[MDA_P001] Financial Review 4,190,690 1,420,933 4,683,776 1,271,628 The Group achieved total revenue of RM4.19 billion, 11% lower than FY2019. This was mainly attributable to lower revenue from the Film exhibition and distribution segment.",strong,none,aligned,false,accept,,,
MDA_4065_PPB_2020,PPB,PPB,2020,AR02,3,[MDA_P001],true,"[MDA_P001] Financial Review 4,190,690 1,420,933 4,683,776 1,271,628 The Group achieved total revenue of RM4.19 billion, 11% lower than FY2019. This was mainly attributable to lower revenue from the Film exhibition and distribution segment.",acceptable,numeric_review_required,partial,true,manual_review,,,numeric_review_required
MDA_4065_PPB_2020,PPB,PPB,2020,AR03,2,[MDA_P001],true,"[MDA_P001] Financial Review 4,190,690 1,420,933 4,683,776 1,271,628 The Group achieved total revenue of RM4.19 billion, 11% lower than FY2019. This was mainly attributable to lower revenue from the Film exhibition and distribution segment.",strong,none,aligned,false,accept,,,
MDA_4065_PPB_2020,PPB,PPB,2020,AR04,4,[MDA_P001],true,"[MDA_P001] Financial Review 4,190,690 1,420,933 4,683,776 1,271,628 The Group achieved total revenue of RM4.19 billion, 11% lower than FY2019. This was mainly attributable to lower revenue from the Film exhibition and distribution segment.",acceptable,none,aligned,false,accept,,,
MDA_4065_PPB_2020,PPB,PPB,2020,AR05,4,[MDA_P001],true,"[MDA_P001] Financial Review 4,190,690 1,420,933 4,683,776 1,271,628 The Group achieved total revenue of RM4.19 billion, 11% lower than FY2019. This was mainly attributable to lower revenue from the Film exhibition and distribution segment.",strong,none,aligned,false,accept,,,
MDA_4065_PPB_2021,PPB,PPB,2021,AR01,4,[MDA_P001],true,[MDA_P001] Annual Report for a more detailed management discussion and analysis of our business operations and performance in FY2021. COVID-19 Initiatives PPB Group continued to undertake various initiatives to support the community during,strong,none,aligned,false,accept,,,
MDA_4065_PPB_2021,PPB,PPB,2021,AR02,2,[MDA_P004],true,"[MDA_P004] GRAINS AND AGRIBUSINESS SEGMENT The Grains and Agribusiness segment is the largest contributor to Group revenue. This segment comprises Flour Milling, Feed Milling, Corn Trading and Livestock Farming, contributing 78% of the Grou",acceptable,numeric_review_required,partial,true,manual_review,,,numeric_review_required
MDA_4065_PPB_2021,PPB,PPB,2021,AR03,2,[MDA_P002],true,"[MDA_P002] MANAGING DIRECTOR’S REVIEW Dear Shareholders, The PPB Group performed satisfactorily in 2021 despite the continuing COVID-19 pandemic. Notwithstanding the difficulties faced by our businesses, the Group results remained stable, d",strong,none,aligned,false,accept,,,
MDA_4065_PPB_2021,PPB,PPB,2021,AR04,4,[MDA_P005],true,[MDA_P005] Flour Milling Animal Feed Milling Navigating the Pandemic FFM Group’s increased revenue for 2021 was due to the higher selling prices and sales volume in both Indonesia and Vietnam. The rise in raw materials cost contributed to t,strong,none,aligned,false,accept,,,
MDA_4065_PPB_2021,PPB,PPB,2021,AR05,2,[MDA_P001],true,[MDA_P001] Annual Report for a more detailed management discussion and analysis of our business operations and performance in FY2021. COVID-19 Initiatives PPB Group continued to undertake various initiatives to support the community during,strong,none,aligned,false,accept,,,
MDA_4065_PPB_2022,PPB,PPB,2022,AR01,4,[MDA_P001],true,"[MDA_P001] PPB Group Berhad | Annual Report 2022 PPB Group Berhad | Annual Report 2022 MESSAGES FROM OUR LEADERS Managing director’s review Dear Shareholders, In 2022, Malaysia’s economy strengthened with the reopening of international bord",strong,none,aligned,false,accept,,,
MDA_4065_PPB_2022,PPB,PPB,2022,AR02,3,[MDA_P001],true,"[MDA_P001] PPB Group Berhad | Annual Report 2022 PPB Group Berhad | Annual Report 2022 MESSAGES FROM OUR LEADERS Managing director’s review Dear Shareholders, In 2022, Malaysia’s economy strengthened with the reopening of international bord",acceptable,numeric_review_required,partial,true,manual_review,,,numeric_review_required
MDA_4065_PPB_2022,PPB,PPB,2022,AR03,4,[MDA_P001],true,"[MDA_P001] PPB Group Berhad | Annual Report 2022 PPB Group Berhad | Annual Report 2022 MESSAGES FROM OUR LEADERS Managing director’s review Dear Shareholders, In 2022, Malaysia’s economy strengthened with the reopening of international bord",strong,none,aligned,false,accept,,,
MDA_4065_PPB_2022,PPB,PPB,2022,AR04,4,[MDA_P001],true,"[MDA_P001] PPB Group Berhad | Annual Report 2022 PPB Group Berhad | Annual Report 2022 MESSAGES FROM OUR LEADERS Managing director’s review Dear Shareholders, In 2022, Malaysia’s economy strengthened with the reopening of international bord",strong,none,aligned,false,accept,,,
MDA_4065_PPB_2022,PPB,PPB,2022,AR05,4,[MDA_P001],true,"[MDA_P001] PPB Group Berhad | Annual Report 2022 PPB Group Berhad | Annual Report 2022 MESSAGES FROM OUR LEADERS Managing director’s review Dear Shareholders, In 2022, Malaysia’s economy strengthened with the reopening of international bord",strong,none,aligned,false,accept,,,
MDA_4065_PPB_2023,PPB,PPB,2023,AR01,5,[MDA_P001],true,[MDA_P001] Managing director’s review Managing director’s review NAVIGATING THE YEAR AND BEYOND PPB Group Berhad remained resilient and committed to sustainable growth to navigate the challenging year. As a conglomerate engaged in diverse b,strong,none,aligned,false,accept,,,
MDA_4065_PPB_2023,PPB,PPB,2023,AR02,3,[MDA_P001],true,[MDA_P001] Managing director’s review Managing director’s review NAVIGATING THE YEAR AND BEYOND PPB Group Berhad remained resilient and committed to sustainable growth to navigate the challenging year. As a conglomerate engaged in diverse b,acceptable,numeric_review_required,partial,true,manual_review,,,numeric_review_required
MDA_4065_PPB_2023,PPB,PPB,2023,AR03,4,[MDA_P001],true,[MDA_P001] Managing director’s review Managing director’s review NAVIGATING THE YEAR AND BEYOND PPB Group Berhad remained resilient and committed to sustainable growth to navigate the challenging year. As a conglomerate engaged in diverse b,strong,none,aligned,false,accept,,,
MDA_4065_PPB_2023,PPB,PPB,2023,AR04,4,[MDA_P001],true,[MDA_P001] Managing director’s review Managing director’s review NAVIGATING THE YEAR AND BEYOND PPB Group Berhad remained resilient and committed to sustainable growth to navigate the challenging year. As a conglomerate engaged in diverse b,strong,none,aligned,false,accept,,,
MDA_4065_PPB_2023,PPB,PPB,2023,AR05,4,[MDA_P001],true,[MDA_P001] Managing director’s review Managing director’s review NAVIGATING THE YEAR AND BEYOND PPB Group Berhad remained resilient and committed to sustainable growth to navigate the challenging year. As a conglomerate engaged in diverse b,strong,none,aligned,false,accept,,,
MDA_4065_PPB_2024,PPB,PPB,2024,AR01,2,[MDA_P001],true,[MDA_P001] PERFORMANCE REVIEW PPB Group Berhad Annual Report 2024,strong,none,aligned,false,accept,,,
MDA_4065_PPB_2024,PPB,PPB,2024,AR02,3,[MDA_P016],true,"[MDA_P016] Revenue 5,386 5,721 (5.9) Profit before taxation 1,333 1,488 (10.4) Profit after taxation 1,242 1,421 (12.6) Profit attributable to owners of the parent 1,219 1,394 (12.6)",acceptable,numeric_review_required,partial,true,manual_review,,,numeric_review_required
MDA_4065_PPB_2024,PPB,PPB,2024,AR03,2,[MDA_P016],true,"[MDA_P016] Revenue 5,386 5,721 (5.9) Profit before taxation 1,333 1,488 (10.4) Profit after taxation 1,242 1,421 (12.6) Profit attributable to owners of the parent 1,219 1,394 (12.6)",weak,missing_causal_explanation,partial,true,manual_review,,,
MDA_4065_PPB_2024,PPB,PPB,2024,AR04,4,[MDA_P004],true,[MDA_P004] 6. Supply chain disruption risk Disruptive worldwide events such as climate change and geopolitical tensions expose the Group to supply chain,strong,none,aligned,false,accept,,,
MDA_4065_PPB_2024,PPB,PPB,2024,AR05,2,[MDA_P001],true,[MDA_P001] PERFORMANCE REVIEW PPB Group Berhad Annual Report 2024,strong,none,aligned,false,accept,,,
MDA_4707_NESTLE_2020,NESTLE,Nestle Malaysia Berhad,2020,AR01,4,[MDA_P001],true,"[MDA_P001] Management Discussion & Analysis FINANCIAL REVIEW At the very onset of the pandemic, we quickly realigned our priorities significantly to ramp up safety, health and preventive measures for our people and to preserve operational c",strong,none,aligned,false,accept,,,
MDA_4707_NESTLE_2020,NESTLE,Nestle Malaysia Berhad,2020,AR02,3,[MDA_P001],true,"[MDA_P001] Management Discussion & Analysis FINANCIAL REVIEW At the very onset of the pandemic, we quickly realigned our priorities significantly to ramp up safety, health and preventive measures for our people and to preserve operational c",acceptable,numeric_review_required,partial,true,manual_review,,,numeric_review_required
MDA_4707_NESTLE_2020,NESTLE,Nestle Malaysia Berhad,2020,AR03,2,[MDA_P001],true,"[MDA_P001] Management Discussion & Analysis FINANCIAL REVIEW At the very onset of the pandemic, we quickly realigned our priorities significantly to ramp up safety, health and preventive measures for our people and to preserve operational c",strong,none,aligned,false,accept,,,
MDA_4707_NESTLE_2020,NESTLE,Nestle Malaysia Berhad,2020,AR04,2,[MDA_P002],true,"[MDA_P002] OPERATIONAL & BUSINESS REVIEW Every challenge also brings new opportunities, and our teams remained focused, proactive and entrepreneurial to tap into each potential opportunity. Nestlé Malaysia continued to demonstrate resilienc",strong,none,aligned,false,accept,,,
MDA_4707_NESTLE_2020,NESTLE,Nestle Malaysia Berhad,2020,AR05,4,[MDA_P001],true,"[MDA_P001] Management Discussion & Analysis FINANCIAL REVIEW At the very onset of the pandemic, we quickly realigned our priorities significantly to ramp up safety, health and preventive measures for our people and to preserve operational c",strong,none,aligned,false,accept,,,
MDA_4707_NESTLE_2021,NESTLE,Nestle Malaysia Berhad,2021,AR01,4,[MDA_P001],true,"[MDA_P001] Management Discussion and Analysis “By staying focused on what mattered, Nestlé Malaysia has been able to manage the ongoing challenges of the pandemic in 2021, accelerating growth and improving year-on-year profitability, while",strong,none,aligned,false,accept,,,
MDA_4707_NESTLE_2021,NESTLE,Nestle Malaysia Berhad,2021,AR02,3,[MDA_P001],true,"[MDA_P001] Management Discussion and Analysis “By staying focused on what mattered, Nestlé Malaysia has been able to manage the ongoing challenges of the pandemic in 2021, accelerating growth and improving year-on-year profitability, while",acceptable,numeric_review_required,partial,true,manual_review,,,numeric_review_required
MDA_4707_NESTLE_2021,NESTLE,Nestle Malaysia Berhad,2021,AR03,2,[MDA_P001],true,"[MDA_P001] Management Discussion and Analysis “By staying focused on what mattered, Nestlé Malaysia has been able to manage the ongoing challenges of the pandemic in 2021, accelerating growth and improving year-on-year profitability, while",strong,none,aligned,false,accept,,,
MDA_4707_NESTLE_2021,NESTLE,Nestle Malaysia Berhad,2021,AR04,4,[MDA_P002],true,"[MDA_P002] Overall, solid growth in combination with our disciplined approach to cost management and the partial mitigation of the impact from commodity headwinds allowed us to record a recovery in profit after tax of RM569.8 million for th",acceptable,none,aligned,false,accept,,,
MDA_4707_NESTLE_2021,NESTLE,Nestle Malaysia Berhad,2021,AR05,2,[MDA_P001],true,"[MDA_P001] Management Discussion and Analysis “By staying focused on what mattered, Nestlé Malaysia has been able to manage the ongoing challenges of the pandemic in 2021, accelerating growth and improving year-on-year profitability, while",strong,none,aligned,false,accept,,,
MDA_4707_NESTLE_2022,NESTLE,Nestle Malaysia Berhad,2022,AR01,4,[MDA_P001],true,"[MDA_P001] Management Discussion and Analysis FINANCIAL REVIEW The year shaped up to be one of solid recovery post-COVID lockdowns, amidst global volatile conditions and commodities inflation. We sharpened our focus to keep upholding the tr",strong,none,aligned,false,accept,,,
MDA_4707_NESTLE_2022,NESTLE,Nestle Malaysia Berhad,2022,AR02,3,[MDA_P001],true,"[MDA_P001] Management Discussion and Analysis FINANCIAL REVIEW The year shaped up to be one of solid recovery post-COVID lockdowns, amidst global volatile conditions and commodities inflation. We sharpened our focus to keep upholding the tr",acceptable,numeric_review_required,partial,true,manual_review,,,numeric_review_required
MDA_4707_NESTLE_2022,NESTLE,Nestle Malaysia Berhad,2022,AR03,2,[MDA_P001],true,"[MDA_P001] Management Discussion and Analysis FINANCIAL REVIEW The year shaped up to be one of solid recovery post-COVID lockdowns, amidst global volatile conditions and commodities inflation. We sharpened our focus to keep upholding the tr",strong,none,aligned,false,accept,,,
MDA_4707_NESTLE_2022,NESTLE,Nestle Malaysia Berhad,2022,AR04,4,[MDA_P001],true,"[MDA_P001] Management Discussion and Analysis FINANCIAL REVIEW The year shaped up to be one of solid recovery post-COVID lockdowns, amidst global volatile conditions and commodities inflation. We sharpened our focus to keep upholding the tr",acceptable,none,aligned,false,accept,,,
MDA_4707_NESTLE_2022,NESTLE,Nestle Malaysia Berhad,2022,AR05,4,[MDA_P001],true,"[MDA_P001] Management Discussion and Analysis FINANCIAL REVIEW The year shaped up to be one of solid recovery post-COVID lockdowns, amidst global volatile conditions and commodities inflation. We sharpened our focus to keep upholding the tr",strong,none,aligned,false,accept,,,
MDA_4707_NESTLE_2023,NESTLE,Nestle Malaysia Berhad,2023,AR01,2,[MDA_P001],true,"[MDA_P001] Management Discussion and Analysis “In the face of global headwinds and uncertainties, Nestlé Malaysia demonstrated continued resilience in 2023, always guided by our commitment to fulfil the diverse expectations of Malaysians an",strong,none,aligned,false,accept,,,
MDA_4707_NESTLE_2023,NESTLE,Nestle Malaysia Berhad,2023,AR02,3,[MDA_P001],true,"[MDA_P001] Management Discussion and Analysis “In the face of global headwinds and uncertainties, Nestlé Malaysia demonstrated continued resilience in 2023, always guided by our commitment to fulfil the diverse expectations of Malaysians an",acceptable,numeric_review_required,partial,true,manual_review,,,numeric_review_required
MDA_4707_NESTLE_2023,NESTLE,Nestle Malaysia Berhad,2023,AR03,2,[MDA_P001],true,"[MDA_P001] Management Discussion and Analysis “In the face of global headwinds and uncertainties, Nestlé Malaysia demonstrated continued resilience in 2023, always guided by our commitment to fulfil the diverse expectations of Malaysians an",strong,none,aligned,false,accept,,,
MDA_4707_NESTLE_2023,NESTLE,Nestle Malaysia Berhad,2023,AR04,2,[MDA_P001],true,"[MDA_P001] Management Discussion and Analysis “In the face of global headwinds and uncertainties, Nestlé Malaysia demonstrated continued resilience in 2023, always guided by our commitment to fulfil the diverse expectations of Malaysians an",strong,none,aligned,false,accept,,,
MDA_4707_NESTLE_2023,NESTLE,Nestle Malaysia Berhad,2023,AR05,2,[MDA_P001],true,"[MDA_P001] Management Discussion and Analysis “In the face of global headwinds and uncertainties, Nestlé Malaysia demonstrated continued resilience in 2023, always guided by our commitment to fulfil the diverse expectations of Malaysians an",strong,none,aligned,false,accept,,,
MDA_4707_NESTLE_2024,NESTLE,Nestle Malaysia Berhad,2024,AR01,4,[MDA_P001],true,"[MDA_P001] Management Discussion and Analysis “Through the significant external challenges confronted in 2024, Nestlé Malaysia remained focused on consistently delivering on our mission to provide high-quality nutrition, foods and beverages",strong,none,aligned,false,accept,,,
MDA_4707_NESTLE_2024,NESTLE,Nestle Malaysia Berhad,2024,AR02,3,[MDA_P001],true,"[MDA_P001] Management Discussion and Analysis “Through the significant external challenges confronted in 2024, Nestlé Malaysia remained focused on consistently delivering on our mission to provide high-quality nutrition, foods and beverages",acceptable,numeric_review_required,partial,true,manual_review,,,numeric_review_required
MDA_4707_NESTLE_2024,NESTLE,Nestle Malaysia Berhad,2024,AR03,2,[MDA_P001],true,"[MDA_P001] Management Discussion and Analysis “Through the significant external challenges confronted in 2024, Nestlé Malaysia remained focused on consistently delivering on our mission to provide high-quality nutrition, foods and beverages",acceptable,none,aligned,false,accept,,,
MDA_4707_NESTLE_2024,NESTLE,Nestle Malaysia Berhad,2024,AR04,4,[MDA_P001],true,"[MDA_P001] Management Discussion and Analysis “Through the significant external challenges confronted in 2024, Nestlé Malaysia remained focused on consistently delivering on our mission to provide high-quality nutrition, foods and beverages",strong,none,aligned,false,accept,,,
MDA_4707_NESTLE_2024,NESTLE,Nestle Malaysia Berhad,2024,AR05,2,[MDA_P001],true,"[MDA_P001] Management Discussion and Analysis “Through the significant external challenges confronted in 2024, Nestlé Malaysia remained focused on consistently delivering on our mission to provide high-quality nutrition, foods and beverages",strong,none,aligned,false,accept,,,
MDA_5008_HARISON_2021,HARISON,Harrisons Holdings (Malaysia) Berhad - 2020,2021,AR01,2,[MDA_P001],true,[MDA_P001] Performance Review -Staff Annual Dinner -Employee Events -Knowledge Sharing Sessions -Management Meetings -Satisfaction Survey -Conventions -Roadshows -Marketing Materials -Store Openings -Events and Seminars -Meetings -Briefings,strong,none,aligned,false,accept,,,
MDA_5008_HARISON_2021,HARISON,Harrisons Holdings (Malaysia) Berhad - 2020,2021,AR02,3,[MDA_P005],true,"[MDA_P005] As such, knowing exactly what principals expect from us improves our bottom line and strengthens our reputation in the long term. Engaging with our principals regularly enable us to understand their needs and expectations, identi",acceptable,numeric_review_required,partial,true,manual_review,,,numeric_review_required
MDA_5008_HARISON_2021,HARISON,Harrisons Holdings (Malaysia) Berhad - 2020,2021,AR03,2,[MDA_P004],true,[MDA_P004] 6) Managing Sustainability ECONOMIC Financial Performance We are committed to achieving economic sustainability growth for our shareholders. We conduct our business in compliance with applicable laws and regulations and in accord,strong,none,aligned,false,accept,,,
MDA_5008_HARISON_2021,HARISON,Harrisons Holdings (Malaysia) Berhad - 2020,2021,AR04,2,[MDA_P004],true,[MDA_P004] 6) Managing Sustainability ECONOMIC Financial Performance We are committed to achieving economic sustainability growth for our shareholders. We conduct our business in compliance with applicable laws and regulations and in accord,strong,none,aligned,false,accept,,,
MDA_5008_HARISON_2021,HARISON,Harrisons Holdings (Malaysia) Berhad - 2020,2021,AR05,2,[MDA_P001],true,[MDA_P001] Performance Review -Staff Annual Dinner -Employee Events -Knowledge Sharing Sessions -Management Meetings -Satisfaction Survey -Conventions -Roadshows -Marketing Materials -Store Openings -Events and Seminars -Meetings -Briefings,strong,none,aligned,false,accept,,,
MDA_5008_HARISON_2022,HARISON,Harrisons Holdings (Malaysia) Berhad - 2020,2022,AR01,4,[MDA_P001],true,[MDA_P001] MANAGEMENT DISCUSSION AND ANALYSIS,strong,none,aligned,false,accept,,,
MDA_5008_HARISON_2022,HARISON,Harrisons Holdings (Malaysia) Berhad - 2020,2022,AR02,3,[MDA_P001],true,[MDA_P001] MANAGEMENT DISCUSSION AND ANALYSIS,weak,missing_financial_content,partial,true,manual_required,manual_required,repair_output_still_invalid,not_enough_numbers
MDA_5008_HARISON_2022,HARISON,Harrisons Holdings (Malaysia) Berhad - 2020,2022,AR03,2,[MDA_P003],true,[MDA_P003] Gross Profit increased from RM216.78 million in financial year 2021 to RM254.15 million in financial year 2022. Gross Margin was higher in financial year 2022 due to lower cost of sales arising from higher incentives from princip,acceptable,none,aligned,false,accept,,,
MDA_5008_HARISON_2022,HARISON,Harrisons Holdings (Malaysia) Berhad - 2020,2022,AR04,2,[MDA_P035],true,"[MDA_P035] On the global front, we expect global geopolitical tensions, slow global growth, increase food prices and affordability to impact the domestic economy 2023. However, 85% of our business is in the FMCG sector and it has been prove",strong,none,aligned,false,accept,,,
MDA_5008_HARISON_2022,HARISON,Harrisons Holdings (Malaysia) Berhad - 2020,2022,AR05,2,[MDA_P001],true,[MDA_P001] MANAGEMENT DISCUSSION AND ANALYSIS,strong,none,aligned,false,accept,,,
MDA_5008_HARISON_2023,HARISON,Harrisons Holdings (Malaysia) Berhad - 2020,2023,AR01,5,[MDA_P001],true,[MDA_P001] MANAGEMENT DISCUSSION AND ANALYSIS,strong,none,aligned,false,accept,,,
MDA_5008_HARISON_2023,HARISON,Harrisons Holdings (Malaysia) Berhad - 2020,2023,AR02,3,[MDA_P002],true,[MDA_P002] Overview of Business Activities,acceptable,numeric_review_required,partial,true,manual_review,,,numeric_review_required
MDA_5008_HARISON_2023,HARISON,Harrisons Holdings (Malaysia) Berhad - 2020,2023,AR03,4,[MDA_P023],true,[MDA_P023] Revenue increased from RM2.17 billion in FY2022 to RM2.26 billion in FY2023. The increase is mainly due to increase in cement sales in the Building Materials and Engineering Products Division. Cement sales was driven by tight sup,strong,none,aligned,false,accept,,,
MDA_5008_HARISON_2023,HARISON,Harrisons Holdings (Malaysia) Berhad - 2020,2023,AR04,4,[MDA_P052],true,[MDA_P052] Strategies and Future Profit Growth The distribution business of our Fast-Moving Consumer Goods becomes more challenging in days ahead as more distribution players emerge to compete in the East Malaysia market. We will continue t,strong,none,aligned,false,accept,,,
MDA_5008_HARISON_2023,HARISON,Harrisons Holdings (Malaysia) Berhad - 2020,2023,AR05,4,[MDA_P001],true,[MDA_P001] MANAGEMENT DISCUSSION AND ANALYSIS,strong,none,aligned,false,accept,,,
MDA_5008_HARISON_2024,HARISON,Harrisons Holdings (Malaysia) Berhad - 2020,2024,AR01,4,[MDA_P001],true,"[MDA_P001] MANAGEMENT DISCUSSION AND ANALYSIS Overview of Business Activities Harrisons' income is mainly derived from the marketing, sales, warehousing and distribution of Fast- Moving Consumer Goods, Building Materials and Engineering Pro",strong,none,aligned,false,accept,,,
MDA_5008_HARISON_2024,HARISON,Harrisons Holdings (Malaysia) Berhad - 2020,2024,AR02,2,[MDA_P030],true,[MDA_P030] The Trade and Distribution Segment (“T&D Segment”) comprise mainly of the Fast-Moving Consumer Products businesses in Sabah and Sarawak. Sales of Building Materials and Engineering Products are mainly in Peninsular. This segment,acceptable,numeric_review_required,partial,true,manual_review,,,numeric_review_required
MDA_5008_HARISON_2024,HARISON,Harrisons Holdings (Malaysia) Berhad - 2020,2024,AR03,4,[MDA_P001],true,"[MDA_P001] MANAGEMENT DISCUSSION AND ANALYSIS Overview of Business Activities Harrisons' income is mainly derived from the marketing, sales, warehousing and distribution of Fast- Moving Consumer Goods, Building Materials and Engineering Pro",strong,none,aligned,false,accept,,,
MDA_5008_HARISON_2024,HARISON,Harrisons Holdings (Malaysia) Berhad - 2020,2024,AR04,2,[MDA_P037],true,[MDA_P037] Strategies and Future Profit Growth,strong,none,aligned,false,accept,,,
MDA_5008_HARISON_2024,HARISON,Harrisons Holdings (Malaysia) Berhad - 2020,2024,AR05,2,[MDA_P001],true,"[MDA_P001] MANAGEMENT DISCUSSION AND ANALYSIS Overview of Business Activities Harrisons' income is mainly derived from the marketing, sales, warehousing and distribution of Fast- Moving Consumer Goods, Building Materials and Engineering Pro",strong,none,aligned,false,accept,,,
MDA_5102_GCB_2020,GCB,GCB,2020,AR01,4,[MDA_P001],true,"[MDA_P001] Management Discussion & Analysis Dear Shareholders, Despite a tumultuous year amidst the prolonged effects of the COVID19 pandemic, Guan Chong Berhad (GCB or the Group) posted commendable results for the financial year ended 31 D",strong,none,aligned,false,accept,,,
MDA_5102_GCB_2020,GCB,GCB,2020,AR02,3,[MDA_P001],true,"[MDA_P001] Management Discussion & Analysis Dear Shareholders, Despite a tumultuous year amidst the prolonged effects of the COVID19 pandemic, Guan Chong Berhad (GCB or the Group) posted commendable results for the financial year ended 31 D",acceptable,numeric_review_required,partial,true,manual_review,,,numeric_review_required
MDA_5102_GCB_2020,GCB,GCB,2020,AR03,2,[MDA_P001],true,"[MDA_P001] Management Discussion & Analysis Dear Shareholders, Despite a tumultuous year amidst the prolonged effects of the COVID19 pandemic, Guan Chong Berhad (GCB or the Group) posted commendable results for the financial year ended 31 D",strong,none,aligned,false,accept,,,
MDA_5102_GCB_2020,GCB,GCB,2020,AR04,4,[MDA_P009],true,"[MDA_P009] Of total borrowings, Shariah-compliant loans made up RM354.7 million from RM237.3 million prior, as the Group looks to maintain its Shariah-compliant status. Due to the higher borrowings, the Group’s net gearing increased to 0.9",strong,none,aligned,false,accept,,,
MDA_5102_GCB_2020,GCB,GCB,2020,AR05,2,[MDA_P001],true,"[MDA_P001] Management Discussion & Analysis Dear Shareholders, Despite a tumultuous year amidst the prolonged effects of the COVID19 pandemic, Guan Chong Berhad (GCB or the Group) posted commendable results for the financial year ended 31 D",strong,none,aligned,false,accept,,,
MDA_5102_GCB_2021,GCB,GCB,2021,AR01,4,[MDA_P001],true,"[MDA_P001] Management Discussion & Analysis 6 | GUAN CHONG BERHAD Our Financial Performance Continuing our trend of steady year-on-year growth, Group-wide revenue rose by 6.5% in FY2021. However, our net profit decreased by 30.5% mainly due",strong,none,aligned,false,accept,,,
MDA_5102_GCB_2021,GCB,GCB,2021,AR02,3,[MDA_P001],true,"[MDA_P001] Management Discussion & Analysis 6 | GUAN CHONG BERHAD Our Financial Performance Continuing our trend of steady year-on-year growth, Group-wide revenue rose by 6.5% in FY2021. However, our net profit decreased by 30.5% mainly due",acceptable,numeric_review_required,partial,true,manual_review,,,numeric_review_required
MDA_5102_GCB_2021,GCB,GCB,2021,AR03,2,[MDA_P001],true,"[MDA_P001] Management Discussion & Analysis 6 | GUAN CHONG BERHAD Our Financial Performance Continuing our trend of steady year-on-year growth, Group-wide revenue rose by 6.5% in FY2021. However, our net profit decreased by 30.5% mainly due",strong,none,aligned,false,accept,,,
MDA_5102_GCB_2021,GCB,GCB,2021,AR04,4,[MDA_P010],true,"[MDA_P010] Sustainability report Corporate Governance & Compliance Financial STATEMENTS Others Integrated ANNUAL REPORT 2021 | 11 Corporate Principal Activities, Market Environment, Competitive Landscape and Market Positioning Corporate Pri",strong,none,aligned,false,accept,,,
MDA_5102_GCB_2021,GCB,GCB,2021,AR05,2,[MDA_P001],true,"[MDA_P001] Management Discussion & Analysis 6 | GUAN CHONG BERHAD Our Financial Performance Continuing our trend of steady year-on-year growth, Group-wide revenue rose by 6.5% in FY2021. However, our net profit decreased by 30.5% mainly due",strong,none,aligned,false,accept,,,
MDA_5102_GCB_2022,GCB,GCB,2022,AR01,4,[MDA_P001],true,"[MDA_P001] Management Discussion & Analysis MARKET OVERVIEW Despite global concerns about the economic impact of the Russia-Ukraine conflict, the global demand for chocolate remained strong, as demonstrated by the increase in grinding world",strong,none,aligned,false,accept,,,
MDA_5102_GCB_2022,GCB,GCB,2022,AR02,3,[MDA_P001],true,"[MDA_P001] Management Discussion & Analysis MARKET OVERVIEW Despite global concerns about the economic impact of the Russia-Ukraine conflict, the global demand for chocolate remained strong, as demonstrated by the increase in grinding world",acceptable,numeric_review_required,partial,true,manual_review,,,numeric_review_required
MDA_5102_GCB_2022,GCB,GCB,2022,AR03,2,[MDA_P001],true,"[MDA_P001] Management Discussion & Analysis MARKET OVERVIEW Despite global concerns about the economic impact of the Russia-Ukraine conflict, the global demand for chocolate remained strong, as demonstrated by the increase in grinding world",strong,none,aligned,false,accept,,,
MDA_5102_GCB_2022,GCB,GCB,2022,AR04,4,[MDA_P001],true,"[MDA_P001] Management Discussion & Analysis MARKET OVERVIEW Despite global concerns about the economic impact of the Russia-Ukraine conflict, the global demand for chocolate remained strong, as demonstrated by the increase in grinding world",strong,none,aligned,false,accept,,,
MDA_5102_GCB_2022,GCB,GCB,2022,AR05,4,[MDA_P001],true,"[MDA_P001] Management Discussion & Analysis MARKET OVERVIEW Despite global concerns about the economic impact of the Russia-Ukraine conflict, the global demand for chocolate remained strong, as demonstrated by the increase in grinding world",strong,none,aligned,false,accept,,,
MDA_5102_GCB_2023,GCB,GCB,2023,AR01,5,[MDA_P001],true,[MDA_P001] MANAGEMENT DISCUSSION & ANALYSIS Strategic Review Market Overview Outlook Our Value Creation Story Value Creation Business Model Key Stakeholder Engagement Material Matters Key Risks & Mitigation Actions Growth Strategies Financi,strong,none,aligned,false,accept,,,
MDA_5102_GCB_2023,GCB,GCB,2023,AR02,3,[MDA_P001],true,[MDA_P001] MANAGEMENT DISCUSSION & ANALYSIS Strategic Review Market Overview Outlook Our Value Creation Story Value Creation Business Model Key Stakeholder Engagement Material Matters Key Risks & Mitigation Actions Growth Strategies Financi,acceptable,numeric_review_required,partial,true,manual_review,,,numeric_review_required
MDA_5102_GCB_2023,GCB,GCB,2023,AR03,4,[MDA_P002],true,"[MDA_P002] GUAN CHONG BERHAD MANAGEMENT DISCUSSION & ANALYSIS Operational Performance Review Financial Review Strategic Review Supply & Demand Dynamics The cocoa industry grappled with a persistent supply deficit in the 2022/23 crop year, f",strong,none,aligned,false,accept,,,
MDA_5102_GCB_2023,GCB,GCB,2023,AR04,5,[MDA_P001],true,[MDA_P001] MANAGEMENT DISCUSSION & ANALYSIS Strategic Review Market Overview Outlook Our Value Creation Story Value Creation Business Model Key Stakeholder Engagement Material Matters Key Risks & Mitigation Actions Growth Strategies Financi,strong,none,aligned,false,accept,,,
MDA_5102_GCB_2023,GCB,GCB,2023,AR05,5,[MDA_P001],true,[MDA_P001] MANAGEMENT DISCUSSION & ANALYSIS Strategic Review Market Overview Outlook Our Value Creation Story Value Creation Business Model Key Stakeholder Engagement Material Matters Key Risks & Mitigation Actions Growth Strategies Financi,strong,none,aligned,false,accept,,,
MDA_5102_GCB_2024,GCB,GCB,2024,AR01,4,[MDA_P001],true,"[MDA_P001] MANAGEMENT DISCUSSION & ANALYSIS MARKET OVERVIEW OUTLOOK As we navigate the strategic landscape of our operations, it is essential to gain a comprehensive understanding of the prevailing conditions in the cocoa market. This inclu",strong,none,aligned,false,accept,,,
MDA_5102_GCB_2024,GCB,GCB,2024,AR02,3,[MDA_P001],true,"[MDA_P001] MANAGEMENT DISCUSSION & ANALYSIS MARKET OVERVIEW OUTLOOK As we navigate the strategic landscape of our operations, it is essential to gain a comprehensive understanding of the prevailing conditions in the cocoa market. This inclu",acceptable,numeric_review_required,partial,true,manual_review,,,numeric_review_required
MDA_5102_GCB_2024,GCB,GCB,2024,AR03,2,[MDA_P001],true,"[MDA_P001] MANAGEMENT DISCUSSION & ANALYSIS MARKET OVERVIEW OUTLOOK As we navigate the strategic landscape of our operations, it is essential to gain a comprehensive understanding of the prevailing conditions in the cocoa market. This inclu",strong,none,aligned,false,accept,,,
MDA_5102_GCB_2024,GCB,GCB,2024,AR04,4,[MDA_P001],true,"[MDA_P001] MANAGEMENT DISCUSSION & ANALYSIS MARKET OVERVIEW OUTLOOK As we navigate the strategic landscape of our operations, it is essential to gain a comprehensive understanding of the prevailing conditions in the cocoa market. This inclu",strong,none,aligned,false,accept,,,
MDA_5102_GCB_2024,GCB,GCB,2024,AR05,4,[MDA_P001],true,"[MDA_P001] MANAGEMENT DISCUSSION & ANALYSIS MARKET OVERVIEW OUTLOOK As we navigate the strategic landscape of our operations, it is essential to gain a comprehensive understanding of the prevailing conditions in the cocoa market. This inclu",strong,none,aligned,false,accept,,,
MDA_5157_SG_2020,SG,Saudee Group Berhad,2020,AR01,4,[MDA_P001],true,[MDA_P001] MANAGEMENT DISCUSSION & ANALYSIS SAUDEE GROUP BERHAD 200801036832 (838172-P),strong,none,aligned,false,accept,,,
MDA_5157_SG_2020,SG,Saudee Group Berhad,2020,AR02,3,[MDA_P001],true,[MDA_P001] MANAGEMENT DISCUSSION & ANALYSIS SAUDEE GROUP BERHAD 200801036832 (838172-P),acceptable,numeric_review_required,partial,true,manual_review,,,numeric_review_required
MDA_5157_SG_2020,SG,Saudee Group Berhad,2020,AR03,2,[MDA_P003],true,"[MDA_P003] Analysis of Profit/(Loss) FYE 2020 FYE 2019 01.08.2020 to 31.07.2019 01.08.2018 to 31.07.2019 Analysis of Profit and expenses : Profit/(Loss) Loss before tax (RM’000) (28,007) (2,410) (Loss)/Profit after tax (RM’000) (30,611) (Lo",strong,none,aligned,false,accept,,,
MDA_5157_SG_2020,SG,Saudee Group Berhad,2020,AR04,2,[MDA_P002],true,"[MDA_P002] MANAGEMENT DISCUSSION & ANALYSIS (CONT’D) Analysis of Revenue (Cont'd) The Management will continue to monitor the prospect of secondary Covid-19 outbreak leading the re-imposition of containment measures. Therefore, the Manageme",strong,none,aligned,false,accept,,,
MDA_5157_SG_2020,SG,Saudee Group Berhad,2020,AR05,4,[MDA_P001],true,[MDA_P001] MANAGEMENT DISCUSSION & ANALYSIS SAUDEE GROUP BERHAD 200801036832 (838172-P),strong,none,aligned,false,accept,,,
MDA_5157_SG_2021,SG,Saudee Group Berhad,2021,AR01,4,[MDA_P001],true,[MDA_P001] MANAGEMENT DISCUSSION & ANALYSIS SAUDEE GROUP BERHAD 200801036832 (838172-P),strong,none,aligned,false,accept,,,
MDA_5157_SG_2021,SG,Saudee Group Berhad,2021,AR02,3,[MDA_P001],true,[MDA_P001] MANAGEMENT DISCUSSION & ANALYSIS SAUDEE GROUP BERHAD 200801036832 (838172-P),weak,missing_financial_content,partial,true,manual_required,manual_required,repair_output_still_invalid,no_numeric_issue
MDA_5157_SG_2021,SG,Saudee Group Berhad,2021,AR03,2,[MDA_P003],true,"[MDA_P003] Analysis of Profit/(Loss) FYE 2021 FYE 2020 01.08.2020 to 31.07.2021 01.08.2019 to 31.07.2020 Analysis of Profit and expenses : Profit/(Loss) Loss before tax (RM’000) (4,465) (28,007) Loss after tax (RM’000) (4,373) (30,611) Earn",strong,none,aligned,false,accept,,,
MDA_5157_SG_2021,SG,Saudee Group Berhad,2021,AR04,2,[MDA_P002],true,"[MDA_P002] MANAGEMENT DISCUSSION & ANALYSIS (CONT’D) Analysis of Revenue (Cont'd) The Management will continue to monitor the prospect of secondary Covid-19 outbreak leading to the re-imposition of containment measures. Therefore, the Manag",strong,none,aligned,false,accept,,,
MDA_5157_SG_2021,SG,Saudee Group Berhad,2021,AR05,2,[MDA_P001],true,[MDA_P001] MANAGEMENT DISCUSSION & ANALYSIS SAUDEE GROUP BERHAD 200801036832 (838172-P),strong,none,aligned,false,accept,,,
MDA_5157_SG_2022,SG,Saudee Group Berhad,2022,AR01,4,[MDA_P001],true,[MDA_P001] MANAGEMENT DISCUSSION & ANALYSIS Introduction The summary of the results of SAUDEE and its subsidiaries (“Group”) for the past two (2) financial years ended 31 July 2021 (“FYE 2021”) to FYE 2022 as summarised below:- FYE 2022 FYE,strong,none,aligned,false,accept,,,
MDA_5157_SG_2022,SG,Saudee Group Berhad,2022,AR02,3,[MDA_P001],true,[MDA_P001] MANAGEMENT DISCUSSION & ANALYSIS Introduction The summary of the results of SAUDEE and its subsidiaries (“Group”) for the past two (2) financial years ended 31 July 2021 (“FYE 2021”) to FYE 2022 as summarised below:- FYE 2022 FYE,acceptable,numeric_review_required,partial,true,manual_review,,,numeric_review_required
MDA_5157_SG_2022,SG,Saudee Group Berhad,2022,AR03,4,[MDA_P001],true,[MDA_P001] MANAGEMENT DISCUSSION & ANALYSIS Introduction The summary of the results of SAUDEE and its subsidiaries (“Group”) for the past two (2) financial years ended 31 July 2021 (“FYE 2021”) to FYE 2022 as summarised below:- FYE 2022 FYE,weak,missing_causal_explanation,partial,true,manual_review,,,
MDA_5157_SG_2022,SG,Saudee Group Berhad,2022,AR04,4,[MDA_P002],true,"[MDA_P002] Analysis of Revenue FYE 2022 FYE 2021 (RM’000) (RM’000) Manufacturing-further process products (“FPP”) 64,219 49,432 Food Service (HORECA and OEM) 16,709 13,013 Trading products 15,952 18,334 96,880 80,779 96,880 80,779 Our Group",strong,none,aligned,false,accept,,,
MDA_5157_SG_2022,SG,Saudee Group Berhad,2022,AR05,4,[MDA_P001],true,[MDA_P001] MANAGEMENT DISCUSSION & ANALYSIS Introduction The summary of the results of SAUDEE and its subsidiaries (“Group”) for the past two (2) financial years ended 31 July 2021 (“FYE 2021”) to FYE 2022 as summarised below:- FYE 2022 FYE,strong,none,aligned,false,accept,,,
MDA_5157_SG_2023,SG,Saudee Group Berhad,2023,AR01,4,[MDA_P001],true,[MDA_P001] MANAGEMENT DISCUSSION & ANALYSIS Introduction The summary of the results of SAUDEE and its subsidiaries (“Group”) for the past two (2) financial years ended 31 July 2022 (“FYE 2022”) to FYE 2023 summarised below:- FYE 2023 FYE 20,strong,none,aligned,false,accept,,,
MDA_5157_SG_2023,SG,Saudee Group Berhad,2023,AR02,3,[MDA_P001],true,[MDA_P001] MANAGEMENT DISCUSSION & ANALYSIS Introduction The summary of the results of SAUDEE and its subsidiaries (“Group”) for the past two (2) financial years ended 31 July 2022 (“FYE 2022”) to FYE 2023 summarised below:- FYE 2023 FYE 20,acceptable,numeric_review_required,partial,true,manual_review,,,numeric_review_required
MDA_5157_SG_2023,SG,Saudee Group Berhad,2023,AR03,4,[MDA_P001],true,[MDA_P001] MANAGEMENT DISCUSSION & ANALYSIS Introduction The summary of the results of SAUDEE and its subsidiaries (“Group”) for the past two (2) financial years ended 31 July 2022 (“FYE 2022”) to FYE 2023 summarised below:- FYE 2023 FYE 20,weak,missing_causal_explanation,partial,true,manual_review,,,
MDA_5157_SG_2023,SG,Saudee Group Berhad,2023,AR04,4,[MDA_P008],true,"[MDA_P008] Even facing the uncertainty on post Covid-19 pandemic challenge on global and local in material price and forex, the Group was still able to improved its cash inflow from operation and still maintained its current ratio at 3.74 t",strong,none,aligned,false,accept,,,
MDA_5157_SG_2023,SG,Saudee Group Berhad,2023,AR05,4,[MDA_P001],true,[MDA_P001] MANAGEMENT DISCUSSION & ANALYSIS Introduction The summary of the results of SAUDEE and its subsidiaries (“Group”) for the past two (2) financial years ended 31 July 2022 (“FYE 2022”) to FYE 2023 summarised below:- FYE 2023 FYE 20,strong,none,aligned,false,accept,,,
MDA_5157_SG_2024,SG,Saudee Group Berhad,2024,AR01,4,[MDA_P001],true,[MDA_P001] MANAGEMENT DISCUSSION & ANALYSIS,strong,none,aligned,false,accept,,,
MDA_5157_SG_2024,SG,Saudee Group Berhad,2024,AR02,3,[MDA_P001],true,[MDA_P001] MANAGEMENT DISCUSSION & ANALYSIS,weak,missing_financial_content,partial,true,manual_required,manual_required,repair_output_still_invalid,not_enough_numbers
MDA_5157_SG_2024,SG,Saudee Group Berhad,2024,AR03,4,[MDA_P002],true,"[MDA_P002] SAUDIGOLD GROUP BERHAD 200801036832 (838172-P) Analysis of profit/(Loss) FYE 2024 FYE 2023 01.08.2023 to 31.07.2024 01.08.2022 to 31.07.2023 Analysis of Profit and expenses : Profit/(Loss) Loss before tax (RM’000) (5,706) (7,290)",acceptable,none,aligned,false,accept,,,
MDA_5157_SG_2024,SG,Saudee Group Berhad,2024,AR04,4,[MDA_P006],true,"[MDA_P006] Even facing the uncertainty on post Covid-19 pandemic challenge on global and local in material price and forex, the Group was still able to generated positive cash inflow from operation and still maintained its current ratio at",strong,none,aligned,false,accept,,,
MDA_5157_SG_2024,SG,Saudee Group Berhad,2024,AR05,4,[MDA_P001],true,[MDA_P001] MANAGEMENT DISCUSSION & ANALYSIS,strong,none,aligned,false,accept,,,
MDA_5187_HBGLOB_2020,HBGLOB,HB Global Limited,2020,AR01,4,[MDA_P001],true,[MDA_P001] MANAGEMENT DISCUSSION AND ANALYSIS,strong,none,aligned,false,accept,,,
MDA_5187_HBGLOB_2020,HBGLOB,HB Global Limited,2020,AR02,2,[MDA_P002],true,[MDA_P002] HB GLOBAL LIMITED Annual Report 2020 Financial Review Our revenue decreased by RMB59.6 million or approximately 37.8% from RMB157.5 million in financial year ended 31 December 2019 (“FYE2019”) to RMB97.9 million in financial year,acceptable,numeric_review_required,partial,true,manual_review,,,numeric_review_required
MDA_5187_HBGLOB_2020,HBGLOB,HB Global Limited,2020,AR03,2,[MDA_P002],true,[MDA_P002] HB GLOBAL LIMITED Annual Report 2020 Financial Review Our revenue decreased by RMB59.6 million or approximately 37.8% from RMB157.5 million in financial year ended 31 December 2019 (“FYE2019”) to RMB97.9 million in financial year,strong,none,aligned,false,accept,,,
MDA_5187_HBGLOB_2020,HBGLOB,HB Global Limited,2020,AR04,2,[MDA_P002],true,[MDA_P002] HB GLOBAL LIMITED Annual Report 2020 Financial Review Our revenue decreased by RMB59.6 million or approximately 37.8% from RMB157.5 million in financial year ended 31 December 2019 (“FYE2019”) to RMB97.9 million in financial year,strong,none,aligned,false,accept,,,
MDA_5187_HBGLOB_2020,HBGLOB,HB Global Limited,2020,AR05,2,[MDA_P001],true,[MDA_P001] MANAGEMENT DISCUSSION AND ANALYSIS,strong,none,aligned,false,accept,,,
MDA_5187_HBGLOB_2021,HBGLOB,HB Global Limited,2021,AR01,2,[MDA_P001],true,[MDA_P001] HB GLOBAL LIMITED I Annual Report 2021 MANAGEMENT DISCUSSION AND ANALYSIS Dear Valued Shareholders On behalf of the Board of Directors ´the Boardµ of HB Global Limited ´HBGLµ the Audited Financial Statements of the Company and it,weak,non_mda_noise,partial,true,manual_required,manual_required,repair_output_still_invalid,
MDA_5187_HBGLOB_2021,HBGLOB,HB Global Limited,2021,AR02,3,[MDA_P016],true,[MDA_P016] million in financial year ended December ´FYE µ to RMB million in financial year ended December,acceptable,numeric_review_required,partial,true,manual_review,,,numeric_review_required
MDA_5187_HBGLOB_2021,HBGLOB,HB Global Limited,2021,AR03,2,[MDA_P015],true,[MDA_P015] Forward Resources construction Sdn Bhd ´FRCµ ² the main operating situated in Malaysia by SLH infra Sdn Bhd As the main subsidiary SHF is principally involved in the design research development of RTS products and marketing activ,strong,none,aligned,false,accept,,,
MDA_5187_HBGLOB_2021,HBGLOB,HB Global Limited,2021,AR04,2,[MDA_P017],true,[MDA_P017] ´FYE µ The increase was mainly due to increase in demand on products after the Covid outbreak since early The Group achieved a net loss before taxation of RMB million in FYE as compared to net loss before taxation of RMB million,strong,none,aligned,false,accept,,,
MDA_5187_HBGLOB_2021,HBGLOB,HB Global Limited,2021,AR05,2,[MDA_P001],true,[MDA_P001] HB GLOBAL LIMITED I Annual Report 2021 MANAGEMENT DISCUSSION AND ANALYSIS Dear Valued Shareholders On behalf of the Board of Directors ´the Boardµ of HB Global Limited ´HBGLµ the Audited Financial Statements of the Company and it,weak,non_mda_noise,partial,true,manual_required,manual_required,repair_output_still_invalid,
MDA_5187_HBGLOB_2022,HBGLOB,HB Global Limited,2022,AR01,4,[MDA_P001],true,[MDA_P001] MANAGEMENT DISCUSSION AND ANALYSIS The following MD&A of the operating performance and financial condition of the Group for the twelve (12) months ended 31 December 2022 should be read in conjunction with the Audited Financial St,strong,none,aligned,false,accept,,,
MDA_5187_HBGLOB_2022,HBGLOB,HB Global Limited,2022,AR02,3,[MDA_P001],true,[MDA_P001] MANAGEMENT DISCUSSION AND ANALYSIS The following MD&A of the operating performance and financial condition of the Group for the twelve (12) months ended 31 December 2022 should be read in conjunction with the Audited Financial St,acceptable,numeric_review_required,partial,true,manual_review,,,numeric_review_required
MDA_5187_HBGLOB_2022,HBGLOB,HB Global Limited,2022,AR03,2,[MDA_P004],true,[MDA_P004] ANNUAL REPORT 2022 HB GLOBAL LIMITED MANAGEMENT DISCUSSION AND ANALYSIS (cont’d) Operation Overview HBGL Group’s revenue had decreased by RMB55.4 million or approximately 42% from RMB131.5 million in financial year ended 31 Decem,strong,none,aligned,false,accept,,,
MDA_5187_HBGLOB_2022,HBGLOB,HB Global Limited,2022,AR04,4,[MDA_P004],true,[MDA_P004] ANNUAL REPORT 2022 HB GLOBAL LIMITED MANAGEMENT DISCUSSION AND ANALYSIS (cont’d) Operation Overview HBGL Group’s revenue had decreased by RMB55.4 million or approximately 42% from RMB131.5 million in financial year ended 31 Decem,strong,none,aligned,false,accept,,,
MDA_5187_HBGLOB_2022,HBGLOB,HB Global Limited,2022,AR05,2,[MDA_P001],true,[MDA_P001] MANAGEMENT DISCUSSION AND ANALYSIS The following MD&A of the operating performance and financial condition of the Group for the twelve (12) months ended 31 December 2022 should be read in conjunction with the Audited Financial St,strong,none,aligned,false,accept,,,
MDA_5187_HBGLOB_2023,HBGLOB,HB Global Limited,2023,AR01,4,[MDA_P001],true,[MDA_P001] MANAGEMENT DISCUSSION AND ANALYSIS Overview of Business and Objectives HB Global Limited (“HBGL”) is principally an investment holding company and currently the Group has one active wholly owned subsidiary as below: 100% owned Su,strong,none,aligned,false,accept,,,
MDA_5187_HBGLOB_2023,HBGLOB,HB Global Limited,2023,AR02,3,[MDA_P001],true,[MDA_P001] MANAGEMENT DISCUSSION AND ANALYSIS Overview of Business and Objectives HB Global Limited (“HBGL”) is principally an investment holding company and currently the Group has one active wholly owned subsidiary as below: 100% owned Su,acceptable,numeric_review_required,partial,true,manual_review,,,numeric_review_required
MDA_5187_HBGLOB_2023,HBGLOB,HB Global Limited,2023,AR03,2,[MDA_P003],true,"[MDA_P003] Recognizing that customer preferences evolve, we continuously strive to monitor and refine our offerings to meet their changing needs. By prioritizing quality, the Group aims to fortify its market position and cultivate enduring",strong,none,aligned,false,accept,,,
MDA_5187_HBGLOB_2023,HBGLOB,HB Global Limited,2023,AR04,4,[MDA_P009],true,"[MDA_P009] ANNUAL REPORT 2023 HB GLOBAL LIMITED MANAGEMENT DISCUSSION AND ANALYSIS (cont’d) Given our role in the food industry, we are acutely aware of the risks associated with product quality and safety. To mitigate these risks, we have",strong,none,aligned,false,accept,,,
MDA_5187_HBGLOB_2023,HBGLOB,HB Global Limited,2023,AR05,4,[MDA_P001],true,[MDA_P001] MANAGEMENT DISCUSSION AND ANALYSIS Overview of Business and Objectives HB Global Limited (“HBGL”) is principally an investment holding company and currently the Group has one active wholly owned subsidiary as below: 100% owned Su,strong,none,aligned,false,accept,,,
MDA_5187_HBGLOB_2024,HBGLOB,HB Global Limited,2024,AR01,4,[MDA_P001],true,"[MDA_P001] MANAGEMENT DISCUSSION AND ANALYSIS OVERVIEW OF BUSINESS AND OPERATIONS HBGL specialises in the food industry, focusing on the processing, packaging, and production of ready-to- serve foods, frozen vegetables, and other culinary p",strong,none,aligned,false,accept,,,
MDA_5187_HBGLOB_2024,HBGLOB,HB Global Limited,2024,AR02,2,[MDA_P008],true,[MDA_P008] ANNUAL REPORT 2024 HB GLOBAL LIMITED MANAGEMENT DISCUSSION AND ANALYSIS (cont’d) Gross Margin FYE 2024 FYE 2023 Changes RMB’ million RMB’ million % Revenue 80.726 80.049 0.8 Cost of Sales (65.420) (78.995) -17.18 Gross Profit 15.,acceptable,numeric_review_required,partial,true,manual_review,,,numeric_review_required
MDA_5187_HBGLOB_2024,HBGLOB,HB Global Limited,2024,AR03,2,[MDA_P006],true,"[MDA_P006] The Group has entered into partnerships with regional and international retailers, distributors, and institutional buyers, strengthening its market position across key territories. By aligning its offerings with evolving consumer",strong,none,aligned,false,accept,,,
MDA_5187_HBGLOB_2024,HBGLOB,HB Global Limited,2024,AR04,2,[MDA_P005],true,[MDA_P005] ANNUAL REPORT 2024 HB GLOBAL LIMITED MANAGEMENT DISCUSSION AND ANALYSIS (cont’d) Expansion into High-Growth Sectors HBGL has broadened its portfolio by venturing into large-scale agriculture and aquaculture. These initiatives sup,strong,none,aligned,false,accept,,,
MDA_5187_HBGLOB_2024,HBGLOB,HB Global Limited,2024,AR05,4,[MDA_P001],true,"[MDA_P001] MANAGEMENT DISCUSSION AND ANALYSIS OVERVIEW OF BUSINESS AND OPERATIONS HBGL specialises in the food industry, focusing on the processing, packaging, and production of ready-to- serve foods, frozen vegetables, and other culinary p",strong,none,aligned,false,accept,,,
MDA_5188_CNOUHUA_2020,CNOUHUA,China Ouhua Winery Holdings Limited,2020,AR01,4,[MDA_P001],true,[MDA_P001] Management Discussion and Analysis CHINA OUHUA WINERY HOLDINGS LIMITED Overview of Performance Prospects,strong,none,aligned,false,accept,,,
MDA_5188_CNOUHUA_2020,CNOUHUA,China Ouhua Winery Holdings Limited,2020,AR02,3,[MDA_P002],true,[MDA_P002] Annual Report 2020,acceptable,numeric_review_required,partial,true,manual_review,,,numeric_review_required
MDA_5188_CNOUHUA_2020,CNOUHUA,China Ouhua Winery Holdings Limited,2020,AR03,2,[MDA_P003],true,"[MDA_P003] a) Revenue For FY 2020, China Ouhua, which is principally involved in importing and sales of grape wines with its sole manufacturing plant which is located in Yantai City, Shandong Province, China recorded a revenue decline of 6.",strong,none,aligned,false,accept,,,
MDA_5188_CNOUHUA_2020,CNOUHUA,China Ouhua Winery Holdings Limited,2020,AR04,2,[MDA_P003],true,"[MDA_P003] a) Revenue For FY 2020, China Ouhua, which is principally involved in importing and sales of grape wines with its sole manufacturing plant which is located in Yantai City, Shandong Province, China recorded a revenue decline of 6.",strong,none,aligned,false,accept,,,
MDA_5188_CNOUHUA_2020,CNOUHUA,China Ouhua Winery Holdings Limited,2020,AR05,4,[MDA_P001],true,[MDA_P001] Management Discussion and Analysis CHINA OUHUA WINERY HOLDINGS LIMITED Overview of Performance Prospects,strong,none,aligned,false,accept,,,
MDA_5188_CNOUHUA_2021,CNOUHUA,China Ouhua Winery Holdings Limited,2021,AR01,4,[MDA_P001],true,[MDA_P001] Management Discussion and Analysis CHINA OUHUA WINERY HOLDINGS LIMITED Overview of Performance Prospects,strong,none,aligned,false,accept,,,
MDA_5188_CNOUHUA_2021,CNOUHUA,China Ouhua Winery Holdings Limited,2021,AR02,3,[MDA_P002],true,[MDA_P002] Annual Report 2021,acceptable,numeric_review_required,partial,true,manual_review,,,numeric_review_required
MDA_5188_CNOUHUA_2021,CNOUHUA,China Ouhua Winery Holdings Limited,2021,AR03,2,[MDA_P003],true,"[MDA_P003] a) Revenue For FY 2021, China Ouhua, which is principally involved in importing and sales of grape wines with its sole manufacturing plant located in Yantai City, Shandong Province, China recorded a revenue decline of 23.31% or R",strong,none,aligned,false,accept,,,
MDA_5188_CNOUHUA_2021,CNOUHUA,China Ouhua Winery Holdings Limited,2021,AR04,2,[MDA_P001],true,[MDA_P001] Management Discussion and Analysis CHINA OUHUA WINERY HOLDINGS LIMITED Overview of Performance Prospects,strong,none,aligned,false,accept,,,
MDA_5188_CNOUHUA_2021,CNOUHUA,China Ouhua Winery Holdings Limited,2021,AR05,4,[MDA_P001],true,[MDA_P001] Management Discussion and Analysis CHINA OUHUA WINERY HOLDINGS LIMITED Overview of Performance Prospects,strong,none,aligned,false,accept,,,
MDA_5188_CNOUHUA_2022,CNOUHUA,China Ouhua Winery Holdings Limited,2022,AR01,2,[MDA_P001],true,[MDA_P001] Management Discussion and Analysis CHINA OUHUA WINERY HOLDINGS LIMITED Overview of Performance Prospects,strong,none,aligned,false,accept,,,
MDA_5188_CNOUHUA_2022,CNOUHUA,China Ouhua Winery Holdings Limited,2022,AR02,3,[MDA_P002],true,[MDA_P002] Annual Report 2022,acceptable,numeric_review_required,partial,true,manual_review,,,numeric_review_required
MDA_5188_CNOUHUA_2022,CNOUHUA,China Ouhua Winery Holdings Limited,2022,AR03,2,[MDA_P003],true,"[MDA_P003] b) Profit(Loss) after Taxation Loss for FY 2022 was RMB 25.940 million as compared with FY 2021's loss of RMB 4.263 million.The higher loss figure in FY 2022 was mainly due to Inventories written down, which amount to RMB15.396 m",strong,none,aligned,false,accept,,,
MDA_5188_CNOUHUA_2022,CNOUHUA,China Ouhua Winery Holdings Limited,2022,AR04,2,[MDA_P001],true,[MDA_P001] Management Discussion and Analysis CHINA OUHUA WINERY HOLDINGS LIMITED Overview of Performance Prospects,strong,none,aligned,false,accept,,,
MDA_5188_CNOUHUA_2022,CNOUHUA,China Ouhua Winery Holdings Limited,2022,AR05,2,[MDA_P001],true,[MDA_P001] Management Discussion and Analysis CHINA OUHUA WINERY HOLDINGS LIMITED Overview of Performance Prospects,strong,none,aligned,false,accept,,,
MDA_5188_CNOUHUA_2023,CNOUHUA,China Ouhua Winery Holdings Limited,2023,AR01,2,[MDA_P001],true,[MDA_P001] Management Discussion and Analysis CHINA OUHUA WINERY HOLDINGS LIMITED Overview of Performance Prospects,strong,none,aligned,false,accept,,,
MDA_5188_CNOUHUA_2023,CNOUHUA,China Ouhua Winery Holdings Limited,2023,AR02,3,[MDA_P002],true,[MDA_P002] Annual Report 2023,acceptable,numeric_review_required,partial,true,manual_review,,,numeric_review_required
MDA_5188_CNOUHUA_2023,CNOUHUA,China Ouhua Winery Holdings Limited,2023,AR03,2,[MDA_P003],true,"[MDA_P003] b) Profit(Loss) after Taxation Loss for FY 2023 was RMB 7.403 million as compared with FY 2022's loss of RMB 25.940 million.The higher loss figure in FY 2022 was mainly due to Inventories written down, which amount to RMB15.396 m",strong,none,aligned,false,accept,,,
MDA_5188_CNOUHUA_2023,CNOUHUA,China Ouhua Winery Holdings Limited,2023,AR04,2,[MDA_P003],true,"[MDA_P003] b) Profit(Loss) after Taxation Loss for FY 2023 was RMB 7.403 million as compared with FY 2022's loss of RMB 25.940 million.The higher loss figure in FY 2022 was mainly due to Inventories written down, which amount to RMB15.396 m",strong,none,aligned,false,accept,,,
MDA_5188_CNOUHUA_2023,CNOUHUA,China Ouhua Winery Holdings Limited,2023,AR05,2,[MDA_P001],true,[MDA_P001] Management Discussion and Analysis CHINA OUHUA WINERY HOLDINGS LIMITED Overview of Performance Prospects,strong,none,aligned,false,accept,,,
MDA_5188_CNOUHUA_2024,CNOUHUA,China Ouhua Winery Holdings Limited,2024,AR01,2,[MDA_P001],true,[MDA_P001] Management Discussion and Analysis CHINA OUHUA WINERY HOLDINGS LIMITED Overview of Performance Prospects,strong,none,aligned,false,accept,,,
MDA_5188_CNOUHUA_2024,CNOUHUA,China Ouhua Winery Holdings Limited,2024,AR02,3,[MDA_P002],true,[MDA_P002] Annual Report 2024,acceptable,numeric_review_required,partial,true,manual_review,,,numeric_review_required
MDA_5188_CNOUHUA_2024,CNOUHUA,China Ouhua Winery Holdings Limited,2024,AR03,2,[MDA_P003],true,"[MDA_P003] a) Revenue For FY 2024, China Ouhua, which is principally involved in importing and sales of grape wines with its sole manufacturing plant located in Yantai City, Shandong Province, China recorded a decrease in revenue of 8.40% o",strong,none,aligned,false,accept,,,
MDA_5188_CNOUHUA_2024,CNOUHUA,China Ouhua Winery Holdings Limited,2024,AR04,2,[MDA_P001],true,[MDA_P001] Management Discussion and Analysis CHINA OUHUA WINERY HOLDINGS LIMITED Overview of Performance Prospects,strong,none,aligned,false,accept,,,
MDA_5188_CNOUHUA_2024,CNOUHUA,China Ouhua Winery Holdings Limited,2024,AR05,2,[MDA_P001],true,[MDA_P001] Management Discussion and Analysis CHINA OUHUA WINERY HOLDINGS LIMITED Overview of Performance Prospects,strong,none,aligned,false,accept,,,
MDA_5202_MSM_2020,MSM,MSM,2020,AR01,4,[MDA_P001],true,"[MDA_P001] GROUP CHIEF EXECUTIVE OFFICER REVIEW Generally, the business community in Malaysia is experiencing tighter cash flow due to enforced business closures as part of the government’s movement control order (MCO) from March to May 202",strong,none,aligned,false,accept,,,
MDA_5202_MSM_2020,MSM,MSM,2020,AR02,3,[MDA_P001],true,"[MDA_P001] GROUP CHIEF EXECUTIVE OFFICER REVIEW Generally, the business community in Malaysia is experiencing tighter cash flow due to enforced business closures as part of the government’s movement control order (MCO) from March to May 202",acceptable,numeric_review_required,partial,true,manual_review,,,numeric_review_required
MDA_5202_MSM_2020,MSM,MSM,2020,AR03,2,[MDA_P001],true,"[MDA_P001] GROUP CHIEF EXECUTIVE OFFICER REVIEW Generally, the business community in Malaysia is experiencing tighter cash flow due to enforced business closures as part of the government’s movement control order (MCO) from March to May 202",strong,none,aligned,false,accept,,,
MDA_5202_MSM_2020,MSM,MSM,2020,AR04,2,[MDA_P002],true,"[MDA_P002] During the initial phase of MCO, most of the domestic customers suspended their operations whilst During the initial phase of MCO, most of the domestic customers suspended their operations whilst the Industry customers were facin",strong,none,aligned,false,accept,,,
MDA_5202_MSM_2020,MSM,MSM,2020,AR05,2,[MDA_P001],true,"[MDA_P001] GROUP CHIEF EXECUTIVE OFFICER REVIEW Generally, the business community in Malaysia is experiencing tighter cash flow due to enforced business closures as part of the government’s movement control order (MCO) from March to May 202",strong,none,aligned,false,accept,,,
MDA_5202_MSM_2021,MSM,MSM,2021,AR01,2,[MDA_P001],true,[MDA_P001] GROUP FINANCIAL,acceptable,none,aligned,false,accept,,,
MDA_5202_MSM_2021,MSM,MSM,2021,AR02,3,[MDA_P002],true,[MDA_P002] REVIEW,acceptable,numeric_review_required,partial,true,manual_review,,,numeric_review_required
MDA_5202_MSM_2021,MSM,MSM,2021,AR03,2,[MDA_P003],true,"[MDA_P003] Key Financial Performance Indicators MSM uses several key financial indicators to measure its financial performance. These key financial indicators are: Revenue, Profit Before Tax (PBT), Return on Capital Employed (ROCE), Net Deb",weak,missing_causal_explanation,partial,true,manual_review,,,
MDA_5202_MSM_2021,MSM,MSM,2021,AR04,4,[MDA_P021],true,"[MDA_P021] Outlook The Group performed well in the financial year ended 31 December 2021, buoyed by good raw sugar hedging. We expect the level of sugar consumption to improve in FY2022 as travel restrictions ease domestically. While raw su",strong,none,aligned,false,accept,,,
MDA_5202_MSM_2021,MSM,MSM,2021,AR05,2,[MDA_P001],true,[MDA_P001] GROUP FINANCIAL,acceptable,none,aligned,false,accept,,,
MDA_5202_MSM_2022,MSM,MSM,2022,AR01,2,[MDA_P001],true,"[MDA_P001] Business Review NY11 RAW SUGAR PRICE PROCUREMENT OF RAW SUGAR 1,008,959 tonnes 968,646 tonnes 1,092,869 tonnes NY11 RAW SUGAR PRICE",strong,none,aligned,false,accept,,,
MDA_5202_MSM_2022,MSM,MSM,2022,AR02,3,[MDA_P001],true,"[MDA_P001] Business Review NY11 RAW SUGAR PRICE PROCUREMENT OF RAW SUGAR 1,008,959 tonnes 968,646 tonnes 1,092,869 tonnes NY11 RAW SUGAR PRICE",acceptable,numeric_review_required,partial,true,manual_review,,,numeric_review_required
MDA_5202_MSM_2022,MSM,MSM,2022,AR03,2,[MDA_P001],true,"[MDA_P001] Business Review NY11 RAW SUGAR PRICE PROCUREMENT OF RAW SUGAR 1,008,959 tonnes 968,646 tonnes 1,092,869 tonnes NY11 RAW SUGAR PRICE",weak,missing_causal_explanation,partial,true,manual_review,,,
MDA_5202_MSM_2022,MSM,MSM,2022,AR04,4,[MDA_P003],true,"[MDA_P003] NAVIGATING THE HIGH-COST ENVIRONMENT Despite the generally higher prices, MSM remained more committed than ever to its strategy of always procuring raw sugar at the lowest possible price. MSM have also explored various pricing me",acceptable,none,aligned,false,accept,,,
MDA_5202_MSM_2022,MSM,MSM,2022,AR05,2,[MDA_P001],true,"[MDA_P001] Business Review NY11 RAW SUGAR PRICE PROCUREMENT OF RAW SUGAR 1,008,959 tonnes 968,646 tonnes 1,092,869 tonnes NY11 RAW SUGAR PRICE",strong,none,aligned,false,accept,,,
MDA_5202_MSM_2023,MSM,MSM,2023,AR01,4,[MDA_P001],true,[MDA_P001] MSM AT A GLANCE A PERSPECTIVE FROM OUR LEADERSHIP OUR APPROACH TO VALUE CREATION OUR GROUP BUSINESS REVIEW MSM Malaysia Holdings Berhad Sustainable Excellence Through Integration GROUP FINANCIAL REVIEW DR MAZATUL 'AINI SHAHAR ABD,strong,none,aligned,false,accept,,,
MDA_5202_MSM_2023,MSM,MSM,2023,AR02,2,[MDA_P001],true,[MDA_P001] MSM AT A GLANCE A PERSPECTIVE FROM OUR LEADERSHIP OUR APPROACH TO VALUE CREATION OUR GROUP BUSINESS REVIEW MSM Malaysia Holdings Berhad Sustainable Excellence Through Integration GROUP FINANCIAL REVIEW DR MAZATUL 'AINI SHAHAR ABD,acceptable,numeric_review_required,partial,true,manual_review,,,numeric_review_required
MDA_5202_MSM_2023,MSM,MSM,2023,AR03,4,[MDA_P001],true,[MDA_P001] MSM AT A GLANCE A PERSPECTIVE FROM OUR LEADERSHIP OUR APPROACH TO VALUE CREATION OUR GROUP BUSINESS REVIEW MSM Malaysia Holdings Berhad Sustainable Excellence Through Integration GROUP FINANCIAL REVIEW DR MAZATUL 'AINI SHAHAR ABD,strong,none,aligned,false,accept,,,
MDA_5202_MSM_2023,MSM,MSM,2023,AR04,2,[MDA_P001],true,[MDA_P001] MSM AT A GLANCE A PERSPECTIVE FROM OUR LEADERSHIP OUR APPROACH TO VALUE CREATION OUR GROUP BUSINESS REVIEW MSM Malaysia Holdings Berhad Sustainable Excellence Through Integration GROUP FINANCIAL REVIEW DR MAZATUL 'AINI SHAHAR ABD,strong,none,aligned,false,accept,,,
MDA_5202_MSM_2023,MSM,MSM,2023,AR05,2,[MDA_P001],true,[MDA_P001] MSM AT A GLANCE A PERSPECTIVE FROM OUR LEADERSHIP OUR APPROACH TO VALUE CREATION OUR GROUP BUSINESS REVIEW MSM Malaysia Holdings Berhad Sustainable Excellence Through Integration GROUP FINANCIAL REVIEW DR MAZATUL 'AINI SHAHAR ABD,strong,none,aligned,false,accept,,,
MDA_5202_MSM_2024,MSM,MSM,2024,AR01,2,[MDA_P001],true,"[MDA_P001] Discussion and Analysis (MD&A). In addition, corporate announcements are made to keep shareholders informed of significant developments affecting the Company, in full compliance with the Listing Requirements. The Board also ensur",strong,none,aligned,false,accept,,,
MDA_5202_MSM_2024,MSM,MSM,2024,AR02,3,[MDA_P001],true,"[MDA_P001] Discussion and Analysis (MD&A). In addition, corporate announcements are made to keep shareholders informed of significant developments affecting the Company, in full compliance with the Listing Requirements. The Board also ensur",acceptable,numeric_review_required,partial,true,manual_review,,,numeric_review_required
MDA_5202_MSM_2024,MSM,MSM,2024,AR03,1,[MDA_P001],true,"[MDA_P001] Discussion and Analysis (MD&A). In addition, corporate announcements are made to keep shareholders informed of significant developments affecting the Company, in full compliance with the Listing Requirements. The Board also ensur",acceptable,none,aligned,false,accept,,,
MDA_5202_MSM_2024,MSM,MSM,2024,AR04,2,[MDA_P002],true,"[MDA_P002] RISK MANAGEMENT AND INTERNAL CONTROLS The Board remains committed to maintaining and continually enhancing MSM Group’s and its subsidiaries’ risk management and internal control systems, with the support of the AGRC. The Group’s",acceptable,none,aligned,false,accept,,,
MDA_5202_MSM_2024,MSM,MSM,2024,AR05,2,[MDA_P001],true,"[MDA_P001] Discussion and Analysis (MD&A). In addition, corporate announcements are made to keep shareholders informed of significant developments affecting the Company, in full compliance with the Listing Requirements. The Board also ensur",strong,none,aligned,false,accept,,,
MDA_5306_FFB_2022,FFB,FarmFresh,2022,AR01,2,[MDA_P001],true,[MDA_P001] MANAGEMENT DISCUSSION AND ANALYSIS OUR VALUE CREATING BUSINESS MODEL,strong,none,aligned,false,accept,,,
MDA_5306_FFB_2022,FFB,FarmFresh,2022,AR02,3,[MDA_P001],true,[MDA_P001] MANAGEMENT DISCUSSION AND ANALYSIS OUR VALUE CREATING BUSINESS MODEL,weak,missing_financial_content,partial,true,manual_required,manual_required,repair_output_still_invalid,no_numeric_issue
MDA_5306_FFB_2022,FFB,FarmFresh,2022,AR03,2,[MDA_P002],true,[MDA_P002] OUTCOMES FINANCIAL CAPITAL ·· Revenue: RM501.9 million ·· Profit Before Tax: RM65.7 million ·· Earnings Per Share: 4.87 sen ·· Shareholders' Equity: RM611.0 million ·· Cash and cash equivalents: RM28.1 million MANUFACTURED CAPITA,strong,none,aligned,false,accept,,,
MDA_5306_FFB_2022,FFB,FarmFresh,2022,AR04,4,[MDA_P004],true,"[MDA_P004] While demand for our products has remained stable during this period, we have been adversely affected due to the increasing price of inputs, placing pressure on our margins, and have witnessed a sharp rise in logistics costs in i",strong,none,aligned,false,accept,,,
MDA_5306_FFB_2022,FFB,FarmFresh,2022,AR05,2,[MDA_P001],true,[MDA_P001] MANAGEMENT DISCUSSION AND ANALYSIS OUR VALUE CREATING BUSINESS MODEL,strong,none,aligned,false,accept,,,
MDA_5306_FFB_2023,FFB,FarmFresh,2023,AR01,4,[MDA_P001],true,[MDA_P001] Management Discussion and Analysis A. Strategic Review 62 Market Landscape – Key Market Trends 66 Key Risks and Mitigation 69 Material Matters 74 Our Strategic Priorities B. Financial Review 76 Group Financial Review 78 5-Year Gr,strong,none,aligned,false,accept,,,
MDA_5306_FFB_2023,FFB,FarmFresh,2023,AR02,2,[MDA_P047],true,"[MDA_P047] The Group faced a variety of macroeconomic challenges during the year, Despite recording commendable topline growth, the unprecedented rising costs have resulted in our margins compressing, resulting in lower profitability of the",acceptable,numeric_review_required,partial,true,manual_review,,,numeric_review_required
MDA_5306_FFB_2023,FFB,FarmFresh,2023,AR03,2,[MDA_P003],true,"[MDA_P003] In our commitment to drive sustained value creation, we thoroughly analyse and evaluate all market factors and developments that hold the potential to shape our operations. The strategies we craft to address these global megatren",strong,none,aligned,false,accept,,,
MDA_5306_FFB_2023,FFB,FarmFresh,2023,AR04,4,[MDA_P001],true,[MDA_P001] Management Discussion and Analysis A. Strategic Review 62 Market Landscape – Key Market Trends 66 Key Risks and Mitigation 69 Material Matters 74 Our Strategic Priorities B. Financial Review 76 Group Financial Review 78 5-Year Gr,strong,none,aligned,false,accept,,,
MDA_5306_FFB_2023,FFB,FarmFresh,2023,AR05,4,[MDA_P001],true,[MDA_P001] Management Discussion and Analysis A. Strategic Review 62 Market Landscape – Key Market Trends 66 Key Risks and Mitigation 69 Material Matters 74 Our Strategic Priorities B. Financial Review 76 Group Financial Review 78 5-Year Gr,strong,none,aligned,false,accept,,,
MDA_5306_FFB_2024,FFB,FarmFresh,2024,AR01,4,[MDA_P001],true,"[MDA_P001] IN A CONSTANTLY CHANGING BUSINESS LANDSCAPE, CHARACTERISED BY EVOLVING CONSUMER PREFERENCES, REGULATORY SHIFTS AND GLOBAL CHALLENGES, WE REMAIN COMMITTED TO MANAGING THE COMPLEXITIES OF OPERATING FROM GRASS TO GLASS IN THE DAIRY",strong,none,aligned,false,accept,,,
MDA_5306_FFB_2024,FFB,FarmFresh,2024,AR02,3,[MDA_P004],true,"[MDA_P004] Since 2014, we have adopted regenerative agricultural practices to minimise waste and responsibly use natural resources. Building on these efforts, we have identified biogas facilities as a promising sustainability initiative. Th",acceptable,numeric_review_required,partial,true,manual_review,,,numeric_review_required
MDA_5306_FFB_2024,FFB,FarmFresh,2024,AR03,4,[MDA_P003],true,"[MDA_P003] With increasing demand for our milk products, we have proactively expanded our capacity across all six of our farms. Notably, we completed construction of new barns at our Taiping farm, boosting its herd capacity by 1,500 cows, m",strong,none,aligned,false,accept,,,
MDA_5306_FFB_2024,FFB,FarmFresh,2024,AR04,4,[MDA_P002],true,"[MDA_P002] THIS OPERATIONAL REVIEW OUTLINES THE KEY ACHIEVEMENTS OF OUR FARMING, MANUFACTURING AND DISTRIBUTION SEGMENTS OVER THE PAST YEAR, REVEALING THEIR CURRENT AND FUTURE IMPACT ON OUR BUSINESS OPERATIONS AND GROWTH PROSPECTS. Integrat",strong,none,aligned,false,accept,,,
MDA_5306_FFB_2024,FFB,FarmFresh,2024,AR05,4,[MDA_P001],true,"[MDA_P001] IN A CONSTANTLY CHANGING BUSINESS LANDSCAPE, CHARACTERISED BY EVOLVING CONSUMER PREFERENCES, REGULATORY SHIFTS AND GLOBAL CHALLENGES, WE REMAIN COMMITTED TO MANAGING THE COMPLEXITIES OF OPERATING FROM GRASS TO GLASS IN THE DAIRY",strong,none,aligned,false,accept,,,
MDA_5533_OCB_2020,OCB,OCB Berhad,2020,AR01,2,[MDA_P001],true,[MDA_P001] MANAGEMENT DISCUSSION AND ANALYSIS,strong,none,aligned,false,accept,,,
MDA_5533_OCB_2020,OCB,OCB Berhad,2020,AR02,3,[MDA_P001],true,[MDA_P001] MANAGEMENT DISCUSSION AND ANALYSIS,weak,missing_financial_content,partial,true,manual_required,manual_required,repair_output_still_invalid,not_enough_numbers
MDA_5533_OCB_2020,OCB,OCB Berhad,2020,AR03,2,[MDA_P002],true,[MDA_P002] ANNUAL REPORT 2020 REVIEW OF THE FINANCIAL RESULTS AND FINANCIAL CONDITIONS (cont’d) Bedding Products Division Bedding Products Division registered a higher revenue of RM77.0 million with a profit before taxation of RM2.8 million,strong,none,aligned,false,accept,,,
MDA_5533_OCB_2020,OCB,OCB Berhad,2020,AR04,4,[MDA_P006],true,"[MDA_P006] Sofiya Residensi, Desa ParkCity, Kuala Lumpur The retail distribution business remains active but dealers are buying with lesser volume. The Division will spare more efforts to promote AKRON and SOX (in-house brands) for year 202",strong,none,aligned,false,accept,,,
MDA_5533_OCB_2020,OCB,OCB Berhad,2020,AR05,4,[MDA_P001],true,[MDA_P001] MANAGEMENT DISCUSSION AND ANALYSIS,strong,none,aligned,false,accept,,,
MDA_5533_OCB_2021,OCB,OCB Berhad,2021,AR01,4,[MDA_P001],true,[MDA_P001] Management Discussion and Analysis,strong,none,aligned,false,accept,,,
MDA_5533_OCB_2021,OCB,OCB Berhad,2021,AR02,3,[MDA_P001],true,[MDA_P001] Management Discussion and Analysis,weak,missing_financial_content,partial,true,manual_required,manual_required,repair_output_still_invalid,no_numeric_issue
MDA_5533_OCB_2021,OCB,OCB Berhad,2021,AR03,2,[MDA_P002],true,[MDA_P002] Registration No. 195901000114 (3465-H) REVIEW OF THE OPERATING ACTIVITIES (cont’d) Consumer Foods Division (cont’d) Spices & Seasonings Specialities Sdn. Bhd. received the FSSC 22000 certification in August 2021. With this certif,weak,missing_causal_explanation,partial,true,manual_review,,,
MDA_5533_OCB_2021,OCB,OCB Berhad,2021,AR04,4,[MDA_P002],true,[MDA_P002] Registration No. 195901000114 (3465-H) REVIEW OF THE OPERATING ACTIVITIES (cont’d) Consumer Foods Division (cont’d) Spices & Seasonings Specialities Sdn. Bhd. received the FSSC 22000 certification in August 2021. With this certif,strong,none,aligned,false,accept,,,
MDA_5533_OCB_2021,OCB,OCB Berhad,2021,AR05,4,[MDA_P001],true,[MDA_P001] Management Discussion and Analysis,strong,none,aligned,false,accept,,,
MDA_5533_OCB_2022,OCB,OCB Berhad,2022,AR01,5,[MDA_P001],true,[MDA_P001] Management Discussion and Analysis The Board of Directors of OCB Berhad (“OCB” or “the Company”) (“Board”) and the Management are pleased to present material non-financial information on OCB and its group of companies (“OCB Group,weak,non_mda_noise,partial,true,manual_required,manual_required,repair_output_still_invalid,
MDA_5533_OCB_2022,OCB,OCB Berhad,2022,AR02,3,[MDA_P001],true,[MDA_P001] Management Discussion and Analysis The Board of Directors of OCB Berhad (“OCB” or “the Company”) (“Board”) and the Management are pleased to present material non-financial information on OCB and its group of companies (“OCB Group,weak,non_mda_noise,partial,true,manual_required,manual_required,repair_output_still_invalid,no_numeric_issue
MDA_5533_OCB_2022,OCB,OCB Berhad,2022,AR03,4,[MDA_P006],true,"[MDA_P006] REVIEW OF THE FINANCIAL RESULTS AND FINANCIAL CONDITIONS The Group’s financial performance for FYE 2022 as compared to FYE 2021 is as follows: FYE 2022 RM’000 FYE 2021 RM’000 Increase/ (Decrease) RM’000 % Revenue 254,904 238,893",acceptable,none,aligned,false,accept,,,
MDA_5533_OCB_2022,OCB,OCB Berhad,2022,AR04,4,[MDA_P009],true,[MDA_P009] The Consumer Foods Division posted a loss before taxation of RM2.2 million for FYE 2022 as compared to a profit before taxation of RM0.8 million in FYE 2021 due to rising raw materials cost and higher operating expenses ratio. Ma,strong,none,aligned,false,accept,,,
MDA_5533_OCB_2022,OCB,OCB Berhad,2022,AR05,4,[MDA_P001],true,[MDA_P001] Management Discussion and Analysis The Board of Directors of OCB Berhad (“OCB” or “the Company”) (“Board”) and the Management are pleased to present material non-financial information on OCB and its group of companies (“OCB Group,weak,non_mda_noise,partial,true,manual_required,manual_required,repair_output_still_invalid,
MDA_5533_OCB_2023,OCB,OCB Berhad,2023,AR01,4,[MDA_P001],true,[MDA_P001] MANAGEMENT DISCUSSION AND ANALYSIS The Board of Directors of OCB Berhad (“OCB” or “the Company”) and the Management are pleased to present material non-financial information on OCB and its group of companies (“OCB Group” or “the,weak,non_mda_noise,partial,true,manual_required,manual_required,repair_output_still_invalid,
MDA_5533_OCB_2023,OCB,OCB Berhad,2023,AR02,3,[MDA_P001],true,[MDA_P001] MANAGEMENT DISCUSSION AND ANALYSIS The Board of Directors of OCB Berhad (“OCB” or “the Company”) and the Management are pleased to present material non-financial information on OCB and its group of companies (“OCB Group” or “the,weak,non_mda_noise,partial,true,manual_required,manual_required,repair_output_still_invalid,not_enough_numbers
MDA_5533_OCB_2023,OCB,OCB Berhad,2023,AR03,4,[MDA_P006],true,"[MDA_P006] REVIEW OF THE FINANCIAL RESULTS AND FINANCIAL CONDITIONS The Group’s financial performance for the FYE 2023 as compared to FYE 2022 is as follows: FYE 2023 RM’000 FYE 2022 RM’000 Increase/ (Decrease) RM’000 % Revenue 298,600 254,",acceptable,none,aligned,false,accept,,,
MDA_5533_OCB_2023,OCB,OCB Berhad,2023,AR04,4,[MDA_P030],true,"[MDA_P030] Registration No. 195901000114 (3465-H) BUSINESS OUTLOOK 2024 Malaysia’s Gross Domestic Product (“GDP”) is expected to grow strongly at 4.5 percent to 5.0 percent in 2024, primarily on the back of a recovery in the manufacturing s",acceptable,none,aligned,false,accept,,,
MDA_5533_OCB_2023,OCB,OCB Berhad,2023,AR05,4,[MDA_P001],true,[MDA_P001] MANAGEMENT DISCUSSION AND ANALYSIS The Board of Directors of OCB Berhad (“OCB” or “the Company”) and the Management are pleased to present material non-financial information on OCB and its group of companies (“OCB Group” or “the,weak,non_mda_noise,partial,true,manual_required,manual_required,repair_output_still_invalid,
MDA_5533_OCB_2024,OCB,OCB Berhad,2024,AR01,2,[MDA_P001],true,[MDA_P001] MANAGEMENT DISCUSSION AND ANALYSIS,strong,none,aligned,false,accept,,,
MDA_5533_OCB_2024,OCB,OCB Berhad,2024,AR02,3,[MDA_P001],true,[MDA_P001] MANAGEMENT DISCUSSION AND ANALYSIS,weak,missing_financial_content,partial,true,manual_required,manual_required,repair_output_still_invalid,not_enough_numbers
MDA_5533_OCB_2024,OCB,OCB Berhad,2024,AR03,4,[MDA_P002],true,[MDA_P002] Registration No. 195901000114 (3465-H) REVIEW OF THE OPERATING ACTIVITIES Consumer Foods Division The Semenyih and Sibu noodle plants have a current combined capacity of 12.0 million pieces of noodles per shift per month. For the,strong,none,aligned,false,accept,,,
MDA_5533_OCB_2024,OCB,OCB Berhad,2024,AR04,4,[MDA_P014],true,"[MDA_P014] ANNUAL REPORT 2024 BUSINESS OUTLOOK 2025 In 2025, Malaysia’s business landscape is expected to be characterized by steady economic growth, strategic policy initiatives, and a strong focus on technological advancement. The Malaysi",strong,none,aligned,false,accept,,,
MDA_5533_OCB_2024,OCB,OCB Berhad,2024,AR05,4,[MDA_P001],true,[MDA_P001] MANAGEMENT DISCUSSION AND ANALYSIS,strong,none,aligned,false,accept,,,
MDA_6203_KHEESAN_2021,KHEESAN,Khee San Berhad,2021,AR01,4,[MDA_P001],true,[MDA_P001] MANAGEMENT DISCUSSION & ANALYSIS (cont’d) Khee San Berhad Annual Report Registration No.: 199401018697 (304376-A),strong,none,aligned,false,accept,,,
MDA_6203_KHEESAN_2021,KHEESAN,Khee San Berhad,2021,AR02,3,[MDA_P001],true,[MDA_P001] MANAGEMENT DISCUSSION & ANALYSIS (cont’d) Khee San Berhad Annual Report Registration No.: 199401018697 (304376-A),acceptable,numeric_review_required,partial,true,manual_review,,,numeric_review_required
MDA_6203_KHEESAN_2021,KHEESAN,Khee San Berhad,2021,AR03,2,[MDA_P002],true,"[MDA_P002] Candy The Candies segment is subdivided into various categories as follows: Categories Brands Chewy Fruitplus, Mintplus, Choco Plus and Milk Plus, Victory, Snackie and Sochews Deposited Victory Brand and S’creams Hard Torrone, Sn",strong,none,aligned,false,accept,,,
MDA_6203_KHEESAN_2021,KHEESAN,Khee San Berhad,2021,AR04,4,[MDA_P006],true,"[MDA_P006] Distribution Channels The Group sells its products via two distribution channels, through wholesale and modern distribution channels. In an effort to achieve higher sales volume, the Group distributes its products via both the wh",acceptable,none,aligned,false,accept,,,
MDA_6203_KHEESAN_2021,KHEESAN,Khee San Berhad,2021,AR05,2,[MDA_P001],true,[MDA_P001] MANAGEMENT DISCUSSION & ANALYSIS (cont’d) Khee San Berhad Annual Report Registration No.: 199401018697 (304376-A),strong,none,aligned,false,accept,,,
MDA_6203_KHEESAN_2022,KHEESAN,Khee San Berhad,2022,AR01,2,[MDA_P001],true,[MDA_P001] MANAGEMENT DISCUSSION & ANALYSIS (cont’d),strong,none,aligned,false,accept,,,
MDA_6203_KHEESAN_2022,KHEESAN,Khee San Berhad,2022,AR02,3,[MDA_P003],true,"[MDA_P003] In FYE 2022, the Group recorded total sales revenue of RM33.0 million of which domestic sales accounted for 57.6% which export sales accounted for the balance of 42.4%. The main product category of the Group is Candy.",acceptable,numeric_review_required,partial,true,manual_review,,,numeric_review_required
MDA_6203_KHEESAN_2022,KHEESAN,Khee San Berhad,2022,AR03,2,[MDA_P003],true,"[MDA_P003] In FYE 2022, the Group recorded total sales revenue of RM33.0 million of which domestic sales accounted for 57.6% which export sales accounted for the balance of 42.4%. The main product category of the Group is Candy.",strong,none,aligned,false,accept,,,
MDA_6203_KHEESAN_2022,KHEESAN,Khee San Berhad,2022,AR04,4,[MDA_P016],true,"[MDA_P016] In an effort to achieve higher sales volume, the Group distributes its products via both the wholesale and modern distribution channels in Malaysia. However, for export sales, the distribution channels vary from country to countr",acceptable,none,aligned,false,accept,,,
MDA_6203_KHEESAN_2022,KHEESAN,Khee San Berhad,2022,AR05,2,[MDA_P001],true,[MDA_P001] MANAGEMENT DISCUSSION & ANALYSIS (cont’d),strong,none,aligned,false,accept,,,
MDA_6203_KHEESAN_2023,KHEESAN,Khee San Berhad,2023,AR01,5,[MDA_P001],true,"[MDA_P001] MANAGEMENT DISCUSSION & ANALYSIS Khee San Berhad (“KSB”) and its three (3) subsidiaries Khee San Food Industries Sdn Bhd (“KSFI”), Khee San Marketing Sdn Bhd and Mega Global Confectionary Sdn Bhd (collectively known as “the Group",strong,none,aligned,false,accept,,,
MDA_6203_KHEESAN_2023,KHEESAN,Khee San Berhad,2023,AR02,3,[MDA_P001],true,"[MDA_P001] MANAGEMENT DISCUSSION & ANALYSIS Khee San Berhad (“KSB”) and its three (3) subsidiaries Khee San Food Industries Sdn Bhd (“KSFI”), Khee San Marketing Sdn Bhd and Mega Global Confectionary Sdn Bhd (collectively known as “the Group",acceptable,numeric_review_required,partial,true,manual_review,,,numeric_review_required
MDA_6203_KHEESAN_2023,KHEESAN,Khee San Berhad,2023,AR03,5,[MDA_P001],true,"[MDA_P001] MANAGEMENT DISCUSSION & ANALYSIS Khee San Berhad (“KSB”) and its three (3) subsidiaries Khee San Food Industries Sdn Bhd (“KSFI”), Khee San Marketing Sdn Bhd and Mega Global Confectionary Sdn Bhd (collectively known as “the Group",strong,none,aligned,false,accept,,,
MDA_6203_KHEESAN_2023,KHEESAN,Khee San Berhad,2023,AR04,4,[MDA_P028],true,"[MDA_P028] MANAGEMENT DISCUSSION & ANALYSIS The Group sells its products via two distribution channels, through wholesale and modern distribution channels. In an effort to achieve higher sales volume, the Group distributes its products via",acceptable,none,aligned,false,accept,,,
MDA_6203_KHEESAN_2023,KHEESAN,Khee San Berhad,2023,AR05,4,[MDA_P001],true,"[MDA_P001] MANAGEMENT DISCUSSION & ANALYSIS Khee San Berhad (“KSB”) and its three (3) subsidiaries Khee San Food Industries Sdn Bhd (“KSFI”), Khee San Marketing Sdn Bhd and Mega Global Confectionary Sdn Bhd (collectively known as “the Group",strong,none,aligned,false,accept,,,
MDA_6203_KHEESAN_2024,KHEESAN,Khee San Berhad,2024,AR01,5,[MDA_P001],true,[MDA_P001] MANAGEMENT DISCUSSION AND ANALYSIS ANNUAL REPORT 2024,strong,none,aligned,false,accept,,,
MDA_6203_KHEESAN_2024,KHEESAN,Khee San Berhad,2024,AR02,3,[MDA_P001],true,[MDA_P001] MANAGEMENT DISCUSSION AND ANALYSIS ANNUAL REPORT 2024,weak,missing_financial_content,partial,true,manual_required,manual_required,repair_output_still_invalid,no_numeric_issue
MDA_6203_KHEESAN_2024,KHEESAN,Khee San Berhad,2024,AR03,4,[MDA_P002],true,"[MDA_P002] The Group reported revenue of RM52.3 million for the current financial year, marking a decline of RM3.3 million, or 6%, as compared to the previous financial year. This decrease is primarily attributed to a reduction in sales ord",strong,none,aligned,false,accept,,,
MDA_6203_KHEESAN_2024,KHEESAN,Khee San Berhad,2024,AR04,4,[MDA_P009],true,"[MDA_P009] By the same, it is also subject to wage fluctuations as the increase in minimum wage level in peninsular Malaysia. In an effort to reduce the over-reliance to the labour issues, the Group will continue to invest in automating the",strong,none,aligned,false,accept,,,
MDA_6203_KHEESAN_2024,KHEESAN,Khee San Berhad,2024,AR05,4,[MDA_P001],true,[MDA_P001] MANAGEMENT DISCUSSION AND ANALYSIS ANNUAL REPORT 2024,strong,none,aligned,false,accept,,,
MDA_6432_APOLLO_2020,APOLLO,Apollo,2020,AR01,3,[MDA_P001],true,[MDA_P001] MANAGEMENT DISCUSSION AND ANALYSIS,strong,none,aligned,false,accept,,,
MDA_6432_APOLLO_2020,APOLLO,Apollo,2020,AR02,2,[MDA_P014],true,[MDA_P014] The profit after taxation had decreased by 18.26% to RM14.24 million from RM17.43 million as recorded in the previous financial year. The current financial year’s profit margin was improved by 1.46% from 24.77% to 26.23%. The low,acceptable,numeric_review_required,partial,true,manual_review,,,numeric_review_required
MDA_6432_APOLLO_2020,APOLLO,Apollo,2020,AR03,2,[MDA_P012],true,"[MDA_P012] The Group registered a turnover of RM174.93 million for the financial year ended 30 April 2020, a decrease of 7.37% as compared to RM188.84 million in previous financial year ended 30 April 2019. 72% of the turnover was contribut",acceptable,none,aligned,false,accept,,,
MDA_6432_APOLLO_2020,APOLLO,Apollo,2020,AR04,2,[MDA_P024],true,[MDA_P024] The fluctuation of raw materials’ prices will have an impact on the Group’s profitability. The Group has taken steps in reducing the risk of price fluctuation by negotiating better terms with suppliers. Under the supervision of t,strong,none,aligned,false,accept,,,
MDA_6432_APOLLO_2020,APOLLO,Apollo,2020,AR05,2,[MDA_P001],true,[MDA_P001] MANAGEMENT DISCUSSION AND ANALYSIS,strong,none,aligned,false,accept,,,
MDA_6432_APOLLO_2021,APOLLO,Apollo,2021,AR01,3,[MDA_P001],true,[MDA_P001] MANAGEMENT DISCUSSION AND ANALYSIS,strong,none,aligned,false,accept,,,
MDA_6432_APOLLO_2021,APOLLO,Apollo,2021,AR02,3,[MDA_P012],true,"[MDA_P012] The Group registered a turnover of RM190.39 million for the financial year ended 30 April 2021, an increase of 8.84% as compared to RM174.93 million in previous financial year ended 30 April 2020. 75.96% of the turnover was contr",acceptable,numeric_review_required,partial,true,manual_review,,,numeric_review_required
MDA_6432_APOLLO_2021,APOLLO,Apollo,2021,AR03,2,[MDA_P012],true,"[MDA_P012] The Group registered a turnover of RM190.39 million for the financial year ended 30 April 2021, an increase of 8.84% as compared to RM174.93 million in previous financial year ended 30 April 2020. 75.96% of the turnover was contr",strong,none,aligned,false,accept,,,
MDA_6432_APOLLO_2021,APOLLO,Apollo,2021,AR04,2,[MDA_P024],true,[MDA_P024] (i) Fluctuation of Raw Material Prices,strong,none,aligned,false,accept,,,
MDA_6432_APOLLO_2021,APOLLO,Apollo,2021,AR05,2,[MDA_P001],true,[MDA_P001] MANAGEMENT DISCUSSION AND ANALYSIS,strong,none,aligned,false,accept,,,
MDA_6432_APOLLO_2022,APOLLO,Apollo,2022,AR01,2,[MDA_P001],true,[MDA_P001] MANAGEMENT DISCUSSION AND ANALYSIS,strong,none,aligned,false,accept,,,
MDA_6432_APOLLO_2022,APOLLO,Apollo,2022,AR02,3,[MDA_P012],true,"[MDA_P012] The Group registered a turnover of RM188.27 million for the financial year ended 30 April 2022, a decrease of 1.11% as compared to RM190.39 million in previous financial year ended 30 April 2021. 73.88% of the turnover was contri",acceptable,numeric_review_required,partial,true,manual_review,,,numeric_review_required
MDA_6432_APOLLO_2022,APOLLO,Apollo,2022,AR03,2,[MDA_P012],true,"[MDA_P012] The Group registered a turnover of RM188.27 million for the financial year ended 30 April 2022, a decrease of 1.11% as compared to RM190.39 million in previous financial year ended 30 April 2021. 73.88% of the turnover was contri",acceptable,none,aligned,false,accept,,,
MDA_6432_APOLLO_2022,APOLLO,Apollo,2022,AR04,4,[MDA_P014],true,[MDA_P014] The profit after taxation had decreased by 42.50% to RM9.97 million from RM17.34 million as recorded in the previous financial year. The decrease in profit after taxation during the financial year was mainly due to lower gross pr,strong,none,aligned,false,accept,,,
MDA_6432_APOLLO_2022,APOLLO,Apollo,2022,AR05,2,[MDA_P001],true,[MDA_P001] MANAGEMENT DISCUSSION AND ANALYSIS,strong,none,aligned,false,accept,,,
MDA_6432_APOLLO_2023,APOLLO,Apollo,2023,AR01,3,[MDA_P001],true,[MDA_P001] MANAGEMENT DISCUSSION AND ANALYSIS,strong,none,aligned,false,accept,,,
MDA_6432_APOLLO_2023,APOLLO,Apollo,2023,AR02,3,[MDA_P012],true,"[MDA_P012] The Group recorded revenue of RM257.11 million for the financial year ended 30 April 2023, an increase of 36.56% as compared to RM188.27 million in the previous financial year ended 30 April 2022. The reopening of Malaysia’s bord",acceptable,numeric_review_required,partial,true,manual_review,,,numeric_review_required
MDA_6432_APOLLO_2023,APOLLO,Apollo,2023,AR03,4,[MDA_P012],true,"[MDA_P012] The Group recorded revenue of RM257.11 million for the financial year ended 30 April 2023, an increase of 36.56% as compared to RM188.27 million in the previous financial year ended 30 April 2022. The reopening of Malaysia’s bord",strong,none,aligned,false,accept,,,
MDA_6432_APOLLO_2023,APOLLO,Apollo,2023,AR04,4,[MDA_P025],true,[MDA_P025] Any fluctuation of raw materials’ prices will have a direct impact on the Group’s gross profit margin. The Group has taken measures to reduce the risk of price fluctuation by working closely with suppliers to get reasonable price,strong,none,aligned,false,accept,,,
MDA_6432_APOLLO_2023,APOLLO,Apollo,2023,AR05,2,[MDA_P001],true,[MDA_P001] MANAGEMENT DISCUSSION AND ANALYSIS,strong,none,aligned,false,accept,,,
MDA_6432_APOLLO_2024,APOLLO,Apollo,2024,AR01,4,[MDA_P001],true,[MDA_P001] MANAGEMENT DISCUSSION AND ANALYSIS,strong,none,aligned,false,accept,,,
MDA_6432_APOLLO_2024,APOLLO,Apollo,2024,AR02,3,[MDA_P010],true,[MDA_P010] FINANCIAL PERFORMANCE,acceptable,numeric_review_required,partial,true,manual_review,,,numeric_review_required
MDA_6432_APOLLO_2024,APOLLO,Apollo,2024,AR03,2,[MDA_P012],true,"[MDA_P012] The Group recorded revenue of RM255.27 million for the financial year ended 30 April 2024, a decrease of 0.67% as compared to RM257.00 million in the previous financial year ended 30 April 2023. A large proportion of revenue was",acceptable,none,aligned,false,accept,,,
MDA_6432_APOLLO_2024,APOLLO,Apollo,2024,AR04,2,[MDA_P024],true,[MDA_P024] (i) Fluctuation of Raw Material Prices,strong,none,aligned,false,accept,,,
MDA_6432_APOLLO_2024,APOLLO,Apollo,2024,AR05,2,[MDA_P001],true,[MDA_P001] MANAGEMENT DISCUSSION AND ANALYSIS,strong,none,aligned,false,accept,,,
MDA_7035_CCK_2020,CCK,CCK,2020,AR01,2,[MDA_P001],true,[MDA_P001] MANAGEMENT DISCUSSION & ANALYSIS (CONT’D),strong,none,aligned,false,accept,,,
MDA_7035_CCK_2020,CCK,CCK,2020,AR02,3,[MDA_P002],true,"[MDA_P002] CCK CONSOLIDATED HOLDINGS BERHAD FINANCIAL REVIEW (cont’d) OPERATIONS REVIEW - MALAYSIA Categorised as essential services, CCK’s farms (chicken and prawns), factories (chicken abattoirs and prawn processing) and retail stores wer",acceptable,numeric_review_required,partial,true,manual_review,,,numeric_review_required
MDA_7035_CCK_2020,CCK,CCK,2020,AR03,2,[MDA_P003],true,"[MDA_P003] - 1 CCK Fresh Mart retail store in Sabah in Kota Marudu; 3 CCK Fresh Mart retail stores in Sarawak in Simunjan, Asajaya and Song; 1 CCKLocal supermarket in Kuching, Sarawak; and 1 CCKLocal supermarket in Kota Kinabalu, Sabah. The",strong,none,aligned,false,accept,,,
MDA_7035_CCK_2020,CCK,CCK,2020,AR04,4,[MDA_P004],true,"[MDA_P004] ANNUAL REPORT FINANCIAL & OPERATIONS REVIEW – INDONESIA Our operations in Indonesia were not affected by the pandemic as, unlike Malaysia, no nationwide lockdowns were declared by the Indonesian authorities in response to the pan",acceptable,none,aligned,false,accept,,,
MDA_7035_CCK_2020,CCK,CCK,2020,AR05,2,[MDA_P001],true,[MDA_P001] MANAGEMENT DISCUSSION & ANALYSIS (CONT’D),strong,none,aligned,false,accept,,,
MDA_7035_CCK_2021,CCK,CCK,2021,AR01,4,[MDA_P001],true,"[MDA_P001] MANAGEMENT DISCUSSION & ANALYSIS (Cont’d) FINANCIAL REVIEW (CONT’D) Revenue for the financial year ended 31 December 2021 (“FY2021”) increased by 4.5% to RM685.5 million against the corresponding period last year (“FY2020”), a re",strong,none,aligned,false,accept,,,
MDA_7035_CCK_2021,CCK,CCK,2021,AR02,2,[MDA_P003],true,"[MDA_P003] The poultry segment was affected by overall lower volumes and declined to RM83.7 million in FY2021. Poultry sales via our own retail stores (intersegment sales) remained robust, tracking the performance of the retail segment. The",acceptable,numeric_review_required,partial,true,manual_review,,,numeric_review_required
MDA_7035_CCK_2021,CCK,CCK,2021,AR03,4,[MDA_P001],true,"[MDA_P001] MANAGEMENT DISCUSSION & ANALYSIS (Cont’d) FINANCIAL REVIEW (CONT’D) Revenue for the financial year ended 31 December 2021 (“FY2021”) increased by 4.5% to RM685.5 million against the corresponding period last year (“FY2020”), a re",strong,none,aligned,false,accept,,,
MDA_7035_CCK_2021,CCK,CCK,2021,AR04,4,[MDA_P004],true,"[MDA_P004] The hike in feed prices resulting from the increase in prices of soy and corn had a direct negative impact on the poultry segment, which reported a loss of RM6.0 million in FY2021. Other operating expenses increased by 9.0% due t",strong,none,aligned,false,accept,,,
MDA_7035_CCK_2021,CCK,CCK,2021,AR05,2,[MDA_P001],true,"[MDA_P001] MANAGEMENT DISCUSSION & ANALYSIS (Cont’d) FINANCIAL REVIEW (CONT’D) Revenue for the financial year ended 31 December 2021 (“FY2021”) increased by 4.5% to RM685.5 million against the corresponding period last year (“FY2020”), a re",strong,none,aligned,false,accept,,,
MDA_7035_CCK_2022,CCK,CCK,2022,AR01,5,[MDA_P001],true,[MDA_P001] MANAGEMENT DISCUSSION & ANALYSIS Revenue RM885.7 million Profit After Tax RM63.1 million Profit Before Tax RM81.4 million Total Assets RM505.3 million Total Liabilities RM143.1 million Earnings Per Share 10.12 sen Current Ratio 2,strong,none,aligned,false,accept,,,
MDA_7035_CCK_2022,CCK,CCK,2022,AR02,3,[MDA_P001],true,[MDA_P001] MANAGEMENT DISCUSSION & ANALYSIS Revenue RM885.7 million Profit After Tax RM63.1 million Profit Before Tax RM81.4 million Total Assets RM505.3 million Total Liabilities RM143.1 million Earnings Per Share 10.12 sen Current Ratio 2,acceptable,numeric_review_required,partial,true,manual_review,,,numeric_review_required
MDA_7035_CCK_2022,CCK,CCK,2022,AR03,5,[MDA_P001],true,[MDA_P001] MANAGEMENT DISCUSSION & ANALYSIS Revenue RM885.7 million Profit After Tax RM63.1 million Profit Before Tax RM81.4 million Total Assets RM505.3 million Total Liabilities RM143.1 million Earnings Per Share 10.12 sen Current Ratio 2,weak,missing_causal_explanation,partial,true,manual_review,,,
MDA_7035_CCK_2022,CCK,CCK,2022,AR04,4,[MDA_P017],true,[MDA_P017] ANNUAL REPORT 9 MANAGEMENT DISCUSSION & ANALYSIS (Cont’d) ANTICIPATED OR KNOWN RISKS a. Credit Risk,strong,none,aligned,false,accept,,,
MDA_7035_CCK_2022,CCK,CCK,2022,AR05,5,[MDA_P001],true,[MDA_P001] MANAGEMENT DISCUSSION & ANALYSIS Revenue RM885.7 million Profit After Tax RM63.1 million Profit Before Tax RM81.4 million Total Assets RM505.3 million Total Liabilities RM143.1 million Earnings Per Share 10.12 sen Current Ratio 2,strong,none,aligned,false,accept,,,
MDA_7035_CCK_2023,CCK,CCK,2023,AR01,2,[MDA_P001],true,[MDA_P001] MANAGEMENT DISCUSSION & ANALYSIS Profit Before Tax RM107.44 million Total Liabilities RM144.69 million Revenue RM980.75 million Total Assets RM576.25 million Profit After Tax RM83.36 million Current Ratio 2.68 times Earnings Per,strong,none,aligned,false,accept,,,
MDA_7035_CCK_2023,CCK,CCK,2023,AR02,2,[MDA_P009],true,"[MDA_P009] The poultry segment reported a total segment revenue of RM336.6 million for FY2023, a 2.7% improvement from the same period last year. This was driven by improved demand for poultry products to institutional clients and consumer",acceptable,numeric_review_required,partial,true,manual_review,,,numeric_review_required
MDA_7035_CCK_2023,CCK,CCK,2023,AR03,2,[MDA_P001],true,[MDA_P001] MANAGEMENT DISCUSSION & ANALYSIS Profit Before Tax RM107.44 million Total Liabilities RM144.69 million Revenue RM980.75 million Total Assets RM576.25 million Profit After Tax RM83.36 million Current Ratio 2.68 times Earnings Per,weak,missing_causal_explanation,partial,true,manual_review,,,
MDA_7035_CCK_2023,CCK,CCK,2023,AR04,4,[MDA_P015],true,"[MDA_P015] This additional production capacity supported the higher sales volumes of our own in-house brands of sausages, nuggets and other processed products. Sausages continue to be the CCK’s best seller in Indonesia whilst the sales of n",acceptable,none,aligned,false,accept,,,
MDA_7035_CCK_2023,CCK,CCK,2023,AR05,2,[MDA_P001],true,[MDA_P001] MANAGEMENT DISCUSSION & ANALYSIS Profit Before Tax RM107.44 million Total Liabilities RM144.69 million Revenue RM980.75 million Total Assets RM576.25 million Profit After Tax RM83.36 million Current Ratio 2.68 times Earnings Per,strong,none,aligned,false,accept,,,
MDA_7035_CCK_2024,CCK,CCK,2024,AR01,4,[MDA_P001],true,"[MDA_P001] MANAGEMENT DISCUSSION AND ANALYSIS Profit Before Tax RM 112.03 million Current Ratio 3.91 times Earnings Per Share 11.51 sen Revenue RM 1,057.65 million Profit After Tax RM 71.58 million Total Assets RM 767.96 million Total Liabi",strong,none,aligned,false,accept,,,
MDA_7035_CCK_2024,CCK,CCK,2024,AR02,2,[MDA_P003],true,[MDA_P003] CCK CONSOLIDATED HOLDINGS BERHAD 6 | The Management Discussion and Analysis (“MD&A”) is intended to provide the stakeholder with operational and financial highlights of CCK Consolidated Holdings Berhad (“CCK” or “the Group”) for,acceptable,numeric_review_required,partial,true,manual_review,,,numeric_review_required
MDA_7035_CCK_2024,CCK,CCK,2024,AR03,2,[MDA_P001],true,"[MDA_P001] MANAGEMENT DISCUSSION AND ANALYSIS Profit Before Tax RM 112.03 million Current Ratio 3.91 times Earnings Per Share 11.51 sen Revenue RM 1,057.65 million Profit After Tax RM 71.58 million Total Assets RM 767.96 million Total Liabi",weak,missing_causal_explanation,partial,true,manual_review,,,
MDA_7035_CCK_2024,CCK,CCK,2024,AR04,2,[MDA_P013],true,"[MDA_P013] This additional production capacity supported the higher sales volumes of our own in-house brands of sausages, nuggets and other processed products. Sausages continue to be the CCK’s best seller in Indonesia whilst the sales of n",acceptable,none,aligned,false,accept,,,
MDA_7035_CCK_2024,CCK,CCK,2024,AR05,2,[MDA_P001],true,"[MDA_P001] MANAGEMENT DISCUSSION AND ANALYSIS Profit Before Tax RM 112.03 million Current Ratio 3.91 times Earnings Per Share 11.51 sen Revenue RM 1,057.65 million Profit After Tax RM 71.58 million Total Assets RM 767.96 million Total Liabi",strong,none,aligned,false,accept,,,
MDA_7103_SPRITZER_2020,SPRITZER,SPRITZER,2020,AR01,2,[MDA_P001],true,[MDA_P001] Management Discussion and Analysis,strong,none,aligned,false,accept,,,
MDA_7103_SPRITZER_2020,SPRITZER,SPRITZER,2020,AR02,3,[MDA_P002],true,"[MDA_P002] For Financial Year Ended December 31, 2020",weak,missing_financial_content,partial,true,manual_required,manual_required,repair_output_still_invalid,not_enough_numbers
MDA_7103_SPRITZER_2020,SPRITZER,SPRITZER,2020,AR03,2,[MDA_P003],true,[MDA_P003] ECONOMIC OVERVIEW Malaysia’s full year gross domestic product (“GDP”) declined by 5.6% year-over-year in 2020 amidst the pandemic-induced adverse global and domestic economic environment. The unprecedented and severe health crisi,strong,none,aligned,false,accept,,,
MDA_7103_SPRITZER_2020,SPRITZER,SPRITZER,2020,AR04,2,[MDA_P005],true,[MDA_P005] respective market segments in the Malaysian bottled water industry. Our Group has three bottled water plants and one plastic packaging manufacturing plant in Malaysia. Our main mineral water plant is located on a 330-acre site in,strong,none,aligned,false,accept,,,
MDA_7103_SPRITZER_2020,SPRITZER,SPRITZER,2020,AR05,2,[MDA_P001],true,[MDA_P001] Management Discussion and Analysis,strong,none,aligned,false,accept,,,
MDA_7103_SPRITZER_2021,SPRITZER,SPRITZER,2021,AR01,2,[MDA_P001],true,[MDA_P001] MANAGEMENT DISCUSSION AND ANALYSIS,strong,none,aligned,false,accept,,,
MDA_7103_SPRITZER_2021,SPRITZER,SPRITZER,2021,AR02,3,[MDA_P003],true,"[MDA_P003] ECONOMIC OVERVIEW The ongoing COVID-19 pandemic continued to impact the global and domestic economic activities in 2021. The world was slowly adjusting to the new normal and vaccinations became available, the global economy gradu",acceptable,numeric_review_required,partial,true,manual_review,,,numeric_review_required
MDA_7103_SPRITZER_2021,SPRITZER,SPRITZER,2021,AR03,2,[MDA_P003],true,"[MDA_P003] ECONOMIC OVERVIEW The ongoing COVID-19 pandemic continued to impact the global and domestic economic activities in 2021. The world was slowly adjusting to the new normal and vaccinations became available, the global economy gradu",strong,none,aligned,false,accept,,,
MDA_7103_SPRITZER_2021,SPRITZER,SPRITZER,2021,AR04,2,[MDA_P006],true,"[MDA_P006] Tinge, Cactus, Cactus Sparkling, Desa and Summer which are also the leading brands in their respective market segments in the Malaysian bottled water industry. Our Group has three bottled water plants and one plastic packaging ma",strong,none,aligned,false,accept,,,
MDA_7103_SPRITZER_2021,SPRITZER,SPRITZER,2021,AR05,2,[MDA_P001],true,[MDA_P001] MANAGEMENT DISCUSSION AND ANALYSIS,strong,none,aligned,false,accept,,,
MDA_7103_SPRITZER_2022,SPRITZER,SPRITZER,2022,AR01,4,[MDA_P001],true,"[MDA_P001] Management Discussion and Analysis For Financial Year Ended December 31, 2022",strong,none,aligned,false,accept,,,
MDA_7103_SPRITZER_2022,SPRITZER,SPRITZER,2022,AR02,3,[MDA_P001],true,"[MDA_P001] Management Discussion and Analysis For Financial Year Ended December 31, 2022",weak,missing_financial_content,partial,true,manual_required,manual_required,repair_output_still_invalid,no_numeric_issue
MDA_7103_SPRITZER_2022,SPRITZER,SPRITZER,2022,AR03,4,[MDA_P002],true,"[MDA_P002] Annual Report 2022 Spritzer Bhd 199301010611 (265348-V) FINANCIAL REVIEW Financial Highlights Financial year ended Change 31.12.2022 31.12.2021 Amount % Revenue (RM’000) 433,300 331,026 102,274 Profit before taxation (RM’000) 45,",strong,none,aligned,false,accept,,,
MDA_7103_SPRITZER_2022,SPRITZER,SPRITZER,2022,AR04,5,[MDA_P009],true,"[MDA_P009] Annual Report 2022 Spritzer Bhd 199301010611 (265348-V) RISKS The Group is sensitive to various risks such as pandemic risk, macroeconomic risk, regulatory risk, reputation risk, business and operations risk and financial risk. T",strong,none,aligned,false,accept,,,
MDA_7103_SPRITZER_2022,SPRITZER,SPRITZER,2022,AR05,4,[MDA_P001],true,"[MDA_P001] Management Discussion and Analysis For Financial Year Ended December 31, 2022",strong,none,aligned,false,accept,,,
MDA_7103_SPRITZER_2023,SPRITZER,SPRITZER,2023,AR01,5,[MDA_P001],true,"[MDA_P001] MANAGEMENT DISCUSSION AND ANALYSIS ECONOMIC OVERVIEW The Malaysian economy grew moderately by 3.7% in 2023, following a robust expansion of 8.7% recorded in the previous year. The slower growth in 2023 is attributed to the weakne",strong,none,aligned,false,accept,,,
MDA_7103_SPRITZER_2023,SPRITZER,SPRITZER,2023,AR02,2,[MDA_P006],true,"[MDA_P006] Revenue, Results and Dividend The Group recorded a new high in annual revenue of RM490.7 million in the financial year ended December 31, 2023, a significant increase of 13% from the previous year’s revenue of RM433.3 million, ma",acceptable,numeric_review_required,partial,true,manual_review,,,numeric_review_required
MDA_7103_SPRITZER_2023,SPRITZER,SPRITZER,2023,AR03,5,[MDA_P001],true,"[MDA_P001] MANAGEMENT DISCUSSION AND ANALYSIS ECONOMIC OVERVIEW The Malaysian economy grew moderately by 3.7% in 2023, following a robust expansion of 8.7% recorded in the previous year. The slower growth in 2023 is attributed to the weakne",strong,none,aligned,false,accept,,,
MDA_7103_SPRITZER_2023,SPRITZER,SPRITZER,2023,AR04,2,[MDA_P004],true,"[MDA_P004] For Financial Year Ended December 31, 2023 STRATEGIC DIRECTION Being the largest, most integrated and the leading bottled water company in Malaysia, we are committed to delivering to all our consumers of our high quality bottled",strong,none,aligned,false,accept,,,
MDA_7103_SPRITZER_2023,SPRITZER,SPRITZER,2023,AR05,4,[MDA_P001],true,"[MDA_P001] MANAGEMENT DISCUSSION AND ANALYSIS ECONOMIC OVERVIEW The Malaysian economy grew moderately by 3.7% in 2023, following a robust expansion of 8.7% recorded in the previous year. The slower growth in 2023 is attributed to the weakne",strong,none,aligned,false,accept,,,
MDA_7103_SPRITZER_2024,SPRITZER,SPRITZER,2024,AR01,5,[MDA_P001],true,"[MDA_P001] Management Discussion and Analysis BUSINESS AND OPERATIONS OVERVIEW The Malaysian economy grew by 5.0% in the fourth quarter of 2024. This performance was supported by strong expansion in investment activities, growth in export o",strong,none,aligned,false,accept,,,
MDA_7103_SPRITZER_2024,SPRITZER,SPRITZER,2024,AR02,3,[MDA_P001],true,"[MDA_P001] Management Discussion and Analysis BUSINESS AND OPERATIONS OVERVIEW The Malaysian economy grew by 5.0% in the fourth quarter of 2024. This performance was supported by strong expansion in investment activities, growth in export o",acceptable,numeric_review_required,partial,true,manual_review,,,numeric_review_required
MDA_7103_SPRITZER_2024,SPRITZER,SPRITZER,2024,AR03,4,[MDA_P001],true,"[MDA_P001] Management Discussion and Analysis BUSINESS AND OPERATIONS OVERVIEW The Malaysian economy grew by 5.0% in the fourth quarter of 2024. This performance was supported by strong expansion in investment activities, growth in export o",strong,none,aligned,false,accept,,,
MDA_7103_SPRITZER_2024,SPRITZER,SPRITZER,2024,AR04,5,[MDA_P001],true,"[MDA_P001] Management Discussion and Analysis BUSINESS AND OPERATIONS OVERVIEW The Malaysian economy grew by 5.0% in the fourth quarter of 2024. This performance was supported by strong expansion in investment activities, growth in export o",weak,missing_risk_or_outlook,partial,true,manual_review,,,
MDA_7103_SPRITZER_2024,SPRITZER,SPRITZER,2024,AR05,4,[MDA_P001],true,"[MDA_P001] Management Discussion and Analysis BUSINESS AND OPERATIONS OVERVIEW The Malaysian economy grew by 5.0% in the fourth quarter of 2024. This performance was supported by strong expansion in investment activities, growth in export o",strong,none,aligned,false,accept,,,
MDA_7107_OFI_2020,OFI,OFI,2020,AR01,2,[MDA_P001],true,"[MDA_P001] MANAGEMENT DISCUSSION AND ANALYSIS OVERVIEW OF THE GROUPS’ BUSINESS AND OPERATIONS Oriental Food Industries Holdings Berhad (""the Company” or “the Group”) has made its mark in the snack food and confectionery manufacturing indust",strong,none,aligned,false,accept,,,
MDA_7107_OFI_2020,OFI,OFI,2020,AR02,3,[MDA_P001],true,"[MDA_P001] MANAGEMENT DISCUSSION AND ANALYSIS OVERVIEW OF THE GROUPS’ BUSINESS AND OPERATIONS Oriental Food Industries Holdings Berhad (""the Company” or “the Group”) has made its mark in the snack food and confectionery manufacturing indust",acceptable,numeric_review_required,partial,true,manual_review,,,numeric_review_required
MDA_7107_OFI_2020,OFI,OFI,2020,AR03,2,[MDA_P001],true,"[MDA_P001] MANAGEMENT DISCUSSION AND ANALYSIS OVERVIEW OF THE GROUPS’ BUSINESS AND OPERATIONS Oriental Food Industries Holdings Berhad (""the Company” or “the Group”) has made its mark in the snack food and confectionery manufacturing indust",strong,none,aligned,false,accept,,,
MDA_7107_OFI_2020,OFI,OFI,2020,AR04,2,[MDA_P001],true,"[MDA_P001] MANAGEMENT DISCUSSION AND ANALYSIS OVERVIEW OF THE GROUPS’ BUSINESS AND OPERATIONS Oriental Food Industries Holdings Berhad (""the Company” or “the Group”) has made its mark in the snack food and confectionery manufacturing indust",acceptable,none,aligned,false,accept,,,
MDA_7107_OFI_2020,OFI,OFI,2020,AR05,2,[MDA_P001],true,"[MDA_P001] MANAGEMENT DISCUSSION AND ANALYSIS OVERVIEW OF THE GROUPS’ BUSINESS AND OPERATIONS Oriental Food Industries Holdings Berhad (""the Company” or “the Group”) has made its mark in the snack food and confectionery manufacturing indust",strong,none,aligned,false,accept,,,
MDA_7107_OFI_2021,OFI,OFI,2021,AR01,4,[MDA_P001],true,[MDA_P001] MANAGEMENT DISCUSSION AND ANALYSIS OVERVIEW OF THE GROUPS’ BUSINESS AND OPERATIONS Oriental Food Industries Holdings Berhad (“the Company” or “the Group”) has made its mark in the snack food and confectionery manufacturing indust,strong,none,aligned,false,accept,,,
MDA_7107_OFI_2021,OFI,OFI,2021,AR02,3,[MDA_P001],true,[MDA_P001] MANAGEMENT DISCUSSION AND ANALYSIS OVERVIEW OF THE GROUPS’ BUSINESS AND OPERATIONS Oriental Food Industries Holdings Berhad (“the Company” or “the Group”) has made its mark in the snack food and confectionery manufacturing indust,acceptable,numeric_review_required,partial,true,manual_review,,,numeric_review_required
MDA_7107_OFI_2021,OFI,OFI,2021,AR03,2,[MDA_P001],true,[MDA_P001] MANAGEMENT DISCUSSION AND ANALYSIS OVERVIEW OF THE GROUPS’ BUSINESS AND OPERATIONS Oriental Food Industries Holdings Berhad (“the Company” or “the Group”) has made its mark in the snack food and confectionery manufacturing indust,strong,none,aligned,false,accept,,,
MDA_7107_OFI_2021,OFI,OFI,2021,AR04,2,[MDA_P001],true,[MDA_P001] MANAGEMENT DISCUSSION AND ANALYSIS OVERVIEW OF THE GROUPS’ BUSINESS AND OPERATIONS Oriental Food Industries Holdings Berhad (“the Company” or “the Group”) has made its mark in the snack food and confectionery manufacturing indust,acceptable,none,aligned,false,accept,,,
MDA_7107_OFI_2021,OFI,OFI,2021,AR05,2,[MDA_P001],true,[MDA_P001] MANAGEMENT DISCUSSION AND ANALYSIS OVERVIEW OF THE GROUPS’ BUSINESS AND OPERATIONS Oriental Food Industries Holdings Berhad (“the Company” or “the Group”) has made its mark in the snack food and confectionery manufacturing indust,strong,none,aligned,false,accept,,,
MDA_7107_OFI_2022,OFI,OFI,2022,AR01,3,[MDA_P001],true,[MDA_P001] MANAGEMENT DISCUSSION AND ANALYSIS OVERVIEW OF THE GROUPS’ BUSINESS AND OPERATIONS Oriental Food Industries Holdings Berhad (“the Company” or “the Group”) has made its mark in the snack food and confectionery manufacturing indust,strong,none,aligned,false,accept,,,
MDA_7107_OFI_2022,OFI,OFI,2022,AR02,3,[MDA_P001],true,[MDA_P001] MANAGEMENT DISCUSSION AND ANALYSIS OVERVIEW OF THE GROUPS’ BUSINESS AND OPERATIONS Oriental Food Industries Holdings Berhad (“the Company” or “the Group”) has made its mark in the snack food and confectionery manufacturing indust,acceptable,numeric_review_required,partial,true,manual_review,,,numeric_review_required
MDA_7107_OFI_2022,OFI,OFI,2022,AR03,2,[MDA_P001],true,[MDA_P001] MANAGEMENT DISCUSSION AND ANALYSIS OVERVIEW OF THE GROUPS’ BUSINESS AND OPERATIONS Oriental Food Industries Holdings Berhad (“the Company” or “the Group”) has made its mark in the snack food and confectionery manufacturing indust,strong,none,aligned,false,accept,,,
MDA_7107_OFI_2022,OFI,OFI,2022,AR04,2,[MDA_P001],true,[MDA_P001] MANAGEMENT DISCUSSION AND ANALYSIS OVERVIEW OF THE GROUPS’ BUSINESS AND OPERATIONS Oriental Food Industries Holdings Berhad (“the Company” or “the Group”) has made its mark in the snack food and confectionery manufacturing indust,acceptable,none,aligned,false,accept,,,
MDA_7107_OFI_2022,OFI,OFI,2022,AR05,2,[MDA_P001],true,[MDA_P001] MANAGEMENT DISCUSSION AND ANALYSIS OVERVIEW OF THE GROUPS’ BUSINESS AND OPERATIONS Oriental Food Industries Holdings Berhad (“the Company” or “the Group”) has made its mark in the snack food and confectionery manufacturing indust,strong,none,aligned,false,accept,,,
MDA_7107_OFI_2023,OFI,OFI,2023,AR01,2,[MDA_P001],true,[MDA_P001] MANAGEMENT DISCUSSION AND ANALYSIS OVERVIEW OF THE GROUPS’ BUSINESS AND OPERATIONS Oriental Food Industries Holdings Berhad (“the Company” or “the Group”) has made its mark in the snack food and confectionery manufacturing indust,strong,none,aligned,false,accept,,,
MDA_7107_OFI_2023,OFI,OFI,2023,AR02,3,[MDA_P001],true,[MDA_P001] MANAGEMENT DISCUSSION AND ANALYSIS OVERVIEW OF THE GROUPS’ BUSINESS AND OPERATIONS Oriental Food Industries Holdings Berhad (“the Company” or “the Group”) has made its mark in the snack food and confectionery manufacturing indust,acceptable,numeric_review_required,partial,true,manual_review,,,numeric_review_required
MDA_7107_OFI_2023,OFI,OFI,2023,AR03,2,[MDA_P001],true,[MDA_P001] MANAGEMENT DISCUSSION AND ANALYSIS OVERVIEW OF THE GROUPS’ BUSINESS AND OPERATIONS Oriental Food Industries Holdings Berhad (“the Company” or “the Group”) has made its mark in the snack food and confectionery manufacturing indust,strong,none,aligned,false,accept,,,
MDA_7107_OFI_2023,OFI,OFI,2023,AR04,2,[MDA_P001],true,[MDA_P001] MANAGEMENT DISCUSSION AND ANALYSIS OVERVIEW OF THE GROUPS’ BUSINESS AND OPERATIONS Oriental Food Industries Holdings Berhad (“the Company” or “the Group”) has made its mark in the snack food and confectionery manufacturing indust,acceptable,none,aligned,false,accept,,,
MDA_7107_OFI_2023,OFI,OFI,2023,AR05,2,[MDA_P001],true,[MDA_P001] MANAGEMENT DISCUSSION AND ANALYSIS OVERVIEW OF THE GROUPS’ BUSINESS AND OPERATIONS Oriental Food Industries Holdings Berhad (“the Company” or “the Group”) has made its mark in the snack food and confectionery manufacturing indust,strong,none,aligned,false,accept,,,
MDA_7167_ABLEGLOB_2020,ABLEGLOB,JOHOTIN,2020,AR01,4,[MDA_P001],true,"[MDA_P001] Management Discussion and Analysis (“MD&A”), which provides an insight of the financial performance of Johore Tin Berhad (“JTB”) and its subsidiaries (“the Group”) for the financial year ended 31 December 2020 (“FYE 2020”). This",strong,none,aligned,false,accept,,,
MDA_7167_ABLEGLOB_2020,ABLEGLOB,JOHOTIN,2020,AR02,2,[MDA_P007],true,"[MDA_P007] For the FYE 2020, the Group achieved revenue of RM502.26 million as compared to RM579.79 million in the previous financial year, a decreased of RM77.53 million. Profit before tax decreased by RM7.30 million to RM53.22 million as",acceptable,numeric_review_required,partial,true,manual_review,,,numeric_review_required
MDA_7167_ABLEGLOB_2020,ABLEGLOB,JOHOTIN,2020,AR03,2,[MDA_P007],true,"[MDA_P007] For the FYE 2020, the Group achieved revenue of RM502.26 million as compared to RM579.79 million in the previous financial year, a decreased of RM77.53 million. Profit before tax decreased by RM7.30 million to RM53.22 million as",weak,missing_causal_explanation,partial,true,manual_review,,,
MDA_7167_ABLEGLOB_2020,ABLEGLOB,JOHOTIN,2020,AR04,4,[MDA_P001],true,"[MDA_P001] Management Discussion and Analysis (“MD&A”), which provides an insight of the financial performance of Johore Tin Berhad (“JTB”) and its subsidiaries (“the Group”) for the financial year ended 31 December 2020 (“FYE 2020”). This",strong,none,aligned,false,accept,,,
MDA_7167_ABLEGLOB_2020,ABLEGLOB,JOHOTIN,2020,AR05,2,[MDA_P001],true,"[MDA_P001] Management Discussion and Analysis (“MD&A”), which provides an insight of the financial performance of Johore Tin Berhad (“JTB”) and its subsidiaries (“the Group”) for the financial year ended 31 December 2020 (“FYE 2020”). This",strong,none,aligned,false,accept,,,
MDA_7167_ABLEGLOB_2021,ABLEGLOB,JOHOTIN,2021,AR01,4,[MDA_P001],true,[MDA_P001] Statement on Management Discussion and Analysis (“MD&A”) provides an insight of the financial performance of Able Global Berhad (“AGB”) (Formerly known as Johore Tin Berhad) and its subsidiaries (“the Group”) for the financial ye,strong,none,aligned,false,accept,,,
MDA_7167_ABLEGLOB_2021,ABLEGLOB,JOHOTIN,2021,AR02,2,[MDA_P007],true,"[MDA_P007] For FYE 2021, the Group achieved revenue of RM499.86 million as compared to RM502.26 million in the previous financial year, a decreased of RM2.4 million. Profit before tax decreased by RM1.79 million to RM51.43 million as compar",acceptable,numeric_review_required,partial,true,manual_review,,,numeric_review_required
MDA_7167_ABLEGLOB_2021,ABLEGLOB,JOHOTIN,2021,AR03,2,[MDA_P007],true,"[MDA_P007] For FYE 2021, the Group achieved revenue of RM499.86 million as compared to RM502.26 million in the previous financial year, a decreased of RM2.4 million. Profit before tax decreased by RM1.79 million to RM51.43 million as compar",weak,missing_causal_explanation,partial,true,manual_review,,,
MDA_7167_ABLEGLOB_2021,ABLEGLOB,JOHOTIN,2021,AR04,4,[MDA_P001],true,[MDA_P001] Statement on Management Discussion and Analysis (“MD&A”) provides an insight of the financial performance of Able Global Berhad (“AGB”) (Formerly known as Johore Tin Berhad) and its subsidiaries (“the Group”) for the financial ye,strong,none,aligned,false,accept,,,
MDA_7167_ABLEGLOB_2021,ABLEGLOB,JOHOTIN,2021,AR05,2,[MDA_P001],true,[MDA_P001] Statement on Management Discussion and Analysis (“MD&A”) provides an insight of the financial performance of Able Global Berhad (“AGB”) (Formerly known as Johore Tin Berhad) and its subsidiaries (“the Group”) for the financial ye,strong,none,aligned,false,accept,,,
MDA_7167_ABLEGLOB_2022,ABLEGLOB,JOHOTIN,2022,AR01,4,[MDA_P001],true,[MDA_P001] MANAGEMENT DISCUSSION AND ANALYSIS The Statement on Management Discussion and Analysis (“MD&A”) provides an insight of the financial performance of Able Global Berhad (“AGB”) and its subsidiaries (“the Group”) for the financial y,strong,none,aligned,false,accept,,,
MDA_7167_ABLEGLOB_2022,ABLEGLOB,JOHOTIN,2022,AR02,2,[MDA_P047],true,"[MDA_P047] The Group, although without a dividend policy, intends to declare dividends depending on the Group’s profits generated during each financial period/year, by taking into consideration the expansion plan and future investments on c",acceptable,numeric_review_required,partial,true,manual_review,,,numeric_review_required
MDA_7167_ABLEGLOB_2022,ABLEGLOB,JOHOTIN,2022,AR03,2,[MDA_P006],true,"[MDA_P006] For FYE 2022, the Group achieved revenue of RM549.82 million as compared to RM499.86 million in the previous financial year, an increase of RM49.96 million. Profit before tax decreased by RM8.63 million to RM42.80 million as comp",weak,missing_causal_explanation,partial,true,manual_review,,,
MDA_7167_ABLEGLOB_2022,ABLEGLOB,JOHOTIN,2022,AR04,4,[MDA_P001],true,[MDA_P001] MANAGEMENT DISCUSSION AND ANALYSIS The Statement on Management Discussion and Analysis (“MD&A”) provides an insight of the financial performance of Able Global Berhad (“AGB”) and its subsidiaries (“the Group”) for the financial y,strong,none,aligned,false,accept,,,
MDA_7167_ABLEGLOB_2022,ABLEGLOB,JOHOTIN,2022,AR05,2,[MDA_P001],true,[MDA_P001] MANAGEMENT DISCUSSION AND ANALYSIS The Statement on Management Discussion and Analysis (“MD&A”) provides an insight of the financial performance of Able Global Berhad (“AGB”) and its subsidiaries (“the Group”) for the financial y,strong,none,aligned,false,accept,,,
MDA_7167_ABLEGLOB_2023,ABLEGLOB,JOHOTIN,2023,AR01,4,[MDA_P001],true,[MDA_P001] management discussion and Analysis The Statement on Management Discussion and Analysis (“MD&A”) provides an insight of the financial performance of Able Global Berhad (“AGB”) and its subsidiaries (“the Group”) for the financial y,strong,none,aligned,false,accept,,,
MDA_7167_ABLEGLOB_2023,ABLEGLOB,JOHOTIN,2023,AR02,2,[MDA_P047],true,"[MDA_P047] The Group, although without a dividend policy, intends to declare dividends depending on the Group’s profits generated during each financial period/year, by taking into consideration the expansion plan and future investments on c",acceptable,numeric_review_required,partial,true,manual_review,,,numeric_review_required
MDA_7167_ABLEGLOB_2023,ABLEGLOB,JOHOTIN,2023,AR03,2,[MDA_P007],true,"[MDA_P007] For FYE 2023, the Group achieved revenue of RM648.09 million as compared to RM549.82 million in the previous financial year, an increase of RM98.27 million. Profit before tax increased by RM26.39 million to RM69.19 million as com",weak,missing_causal_explanation,partial,true,manual_review,,,
MDA_7167_ABLEGLOB_2023,ABLEGLOB,JOHOTIN,2023,AR04,2,[MDA_P001],true,[MDA_P001] management discussion and Analysis The Statement on Management Discussion and Analysis (“MD&A”) provides an insight of the financial performance of Able Global Berhad (“AGB”) and its subsidiaries (“the Group”) for the financial y,strong,none,aligned,false,accept,,,
MDA_7167_ABLEGLOB_2023,ABLEGLOB,JOHOTIN,2023,AR05,2,[MDA_P001],true,[MDA_P001] management discussion and Analysis The Statement on Management Discussion and Analysis (“MD&A”) provides an insight of the financial performance of Able Global Berhad (“AGB”) and its subsidiaries (“the Group”) for the financial y,strong,none,aligned,false,accept,,,
MDA_7167_ABLEGLOB_2024,ABLEGLOB,JOHOTIN,2024,AR01,4,[MDA_P001],true,[MDA_P001] Statement on Management Discussion and Analysis (“MD&A”) provides an insight of the financial performance of Able Global Berhad (“AGB”) and its subsidiaries (“the Group”) for the financial year ended 31 December 2024 (“FYE 2024”),strong,none,aligned,false,accept,,,
MDA_7167_ABLEGLOB_2024,ABLEGLOB,JOHOTIN,2024,AR02,3,[MDA_P002],true,[MDA_P002] 2. REVIEW OF FINANCIAL RESULTS AND FINANCIAL CONDITION,acceptable,numeric_review_required,partial,true,manual_review,,,numeric_review_required
MDA_7167_ABLEGLOB_2024,ABLEGLOB,JOHOTIN,2024,AR03,2,[MDA_P003],true,"[MDA_P003] In FYE 2024, the total borrowings decreased by RM15.75 million to RM254.20 million from RM269.95 million mainly due to repayment of long-term financing, contributing positively to the gearing ratio. The gearing ratio decreased by",strong,none,aligned,false,accept,,,
MDA_7167_ABLEGLOB_2024,ABLEGLOB,JOHOTIN,2024,AR04,4,[MDA_P001],true,[MDA_P001] Statement on Management Discussion and Analysis (“MD&A”) provides an insight of the financial performance of Able Global Berhad (“AGB”) and its subsidiaries (“the Group”) for the financial year ended 31 December 2024 (“FYE 2024”),strong,none,aligned,false,accept,,,
MDA_7167_ABLEGLOB_2024,ABLEGLOB,JOHOTIN,2024,AR05,2,[MDA_P001],true,[MDA_P001] Statement on Management Discussion and Analysis (“MD&A”) provides an insight of the financial performance of Able Global Berhad (“AGB”) and its subsidiaries (“the Group”) for the financial year ended 31 December 2024 (“FYE 2024”),strong,none,aligned,false,accept,,,
MDA_7216_KAWAN_2020,KAWAN,Kawan Food,2020,AR01,5,[MDA_P001],true,[MDA_P001] Management Discussion and Analysis (cont’d) The Food and Beverage (“F&B”) industry in which we operate experienced unprecedented supply and demand volatility in FY2020. Movement restrictions impacted supply chain and operational,strong,none,aligned,false,accept,,,
MDA_7216_KAWAN_2020,KAWAN,Kawan Food,2020,AR02,3,[MDA_P001],true,[MDA_P001] Management Discussion and Analysis (cont’d) The Food and Beverage (“F&B”) industry in which we operate experienced unprecedented supply and demand volatility in FY2020. Movement restrictions impacted supply chain and operational,acceptable,numeric_review_required,partial,true,manual_review,,,numeric_review_required
MDA_7216_KAWAN_2020,KAWAN,Kawan Food,2020,AR03,4,[MDA_P001],true,[MDA_P001] Management Discussion and Analysis (cont’d) The Food and Beverage (“F&B”) industry in which we operate experienced unprecedented supply and demand volatility in FY2020. Movement restrictions impacted supply chain and operational,strong,none,aligned,false,accept,,,
MDA_7216_KAWAN_2020,KAWAN,Kawan Food,2020,AR04,5,[MDA_P001],true,[MDA_P001] Management Discussion and Analysis (cont’d) The Food and Beverage (“F&B”) industry in which we operate experienced unprecedented supply and demand volatility in FY2020. Movement restrictions impacted supply chain and operational,strong,none,aligned,false,accept,,,
MDA_7216_KAWAN_2020,KAWAN,Kawan Food,2020,AR05,4,[MDA_P001],true,[MDA_P001] Management Discussion and Analysis (cont’d) The Food and Beverage (“F&B”) industry in which we operate experienced unprecedented supply and demand volatility in FY2020. Movement restrictions impacted supply chain and operational,strong,none,aligned,false,accept,,,
MDA_7216_KAWAN_2021,KAWAN,Kawan Food,2021,AR01,4,[MDA_P001],true,"[MDA_P001] MANAGEMENT DISCUSSION AND ANALYSIS Dear Shareholders, On behalf of the Board and Management of Kawan Food Berhad (“Kawan” or the “Group”), I am pleased to present the Management Discussion and Analysis for financial year ended 31",strong,none,aligned,false,accept,,,
MDA_7216_KAWAN_2021,KAWAN,Kawan Food,2021,AR02,3,[MDA_P001],true,"[MDA_P001] MANAGEMENT DISCUSSION AND ANALYSIS Dear Shareholders, On behalf of the Board and Management of Kawan Food Berhad (“Kawan” or the “Group”), I am pleased to present the Management Discussion and Analysis for financial year ended 31",acceptable,numeric_review_required,partial,true,manual_review,,,numeric_review_required
MDA_7216_KAWAN_2021,KAWAN,Kawan Food,2021,AR03,2,[MDA_P002],true,"[MDA_P002] ANNUAL REPORT 2021 OVERVIEW FY2021 was a demanding year for the business. The resurgence of COVID 19 cases and the return of movement restriction had a significant impact on society and the economy as well as Kawan’s operations,",strong,none,aligned,false,accept,,,
MDA_7216_KAWAN_2021,KAWAN,Kawan Food,2021,AR04,4,[MDA_P001],true,"[MDA_P001] MANAGEMENT DISCUSSION AND ANALYSIS Dear Shareholders, On behalf of the Board and Management of Kawan Food Berhad (“Kawan” or the “Group”), I am pleased to present the Management Discussion and Analysis for financial year ended 31",strong,none,aligned,false,accept,,,
MDA_7216_KAWAN_2021,KAWAN,Kawan Food,2021,AR05,2,[MDA_P001],true,"[MDA_P001] MANAGEMENT DISCUSSION AND ANALYSIS Dear Shareholders, On behalf of the Board and Management of Kawan Food Berhad (“Kawan” or the “Group”), I am pleased to present the Management Discussion and Analysis for financial year ended 31",strong,none,aligned,false,accept,,,
MDA_7216_KAWAN_2022,KAWAN,Kawan Food,2022,AR01,4,[MDA_P001],true,"[MDA_P001] Management Discussion & Analysis Dear Shareholders, I am proud that Kawan has a team with great people who possess strength and resilience to overcome the tough challenges over the year. Together, we have faced difficult periods",strong,none,aligned,false,accept,,,
MDA_7216_KAWAN_2022,KAWAN,Kawan Food,2022,AR02,3,[MDA_P001],true,"[MDA_P001] Management Discussion & Analysis Dear Shareholders, I am proud that Kawan has a team with great people who possess strength and resilience to overcome the tough challenges over the year. Together, we have faced difficult periods",acceptable,numeric_review_required,partial,true,manual_review,,,numeric_review_required
MDA_7216_KAWAN_2022,KAWAN,Kawan Food,2022,AR03,4,[MDA_P003],true,"[MDA_P003] We also worked closely with our customers and suppliers to maintain our service levels, overcoming supply chain deficiencies, unprecedented inflation on input costs and labour supply challenges. We are grateful for the hard work",strong,none,aligned,false,accept,,,
MDA_7216_KAWAN_2022,KAWAN,Kawan Food,2022,AR04,4,[MDA_P003],true,"[MDA_P003] We also worked closely with our customers and suppliers to maintain our service levels, overcoming supply chain deficiencies, unprecedented inflation on input costs and labour supply challenges. We are grateful for the hard work",strong,none,aligned,false,accept,,,
MDA_7216_KAWAN_2022,KAWAN,Kawan Food,2022,AR05,2,[MDA_P001],true,"[MDA_P001] Management Discussion & Analysis Dear Shareholders, I am proud that Kawan has a team with great people who possess strength and resilience to overcome the tough challenges over the year. Together, we have faced difficult periods",strong,none,aligned,false,accept,,,
MDA_7216_KAWAN_2023,KAWAN,Kawan Food,2023,AR01,2,[MDA_P001],true,[MDA_P001] MANAGEMENT DISCUSSION AND ANALYSIS Revenue (2022: RM274.8 million) RM287.2 million Profit Before Taxation (2022: RM40.1 million) RM34.3 million Cash & Cash Equivalents (2022: RM98.6 million) RM104.3 million OVERVIEW In adapting t,strong,none,aligned,false,accept,,,
MDA_7216_KAWAN_2023,KAWAN,Kawan Food,2023,AR02,3,[MDA_P001],true,[MDA_P001] MANAGEMENT DISCUSSION AND ANALYSIS Revenue (2022: RM274.8 million) RM287.2 million Profit Before Taxation (2022: RM40.1 million) RM34.3 million Cash & Cash Equivalents (2022: RM98.6 million) RM104.3 million OVERVIEW In adapting t,acceptable,numeric_review_required,partial,true,manual_review,,,numeric_review_required
MDA_7216_KAWAN_2023,KAWAN,Kawan Food,2023,AR03,2,[MDA_P001],true,[MDA_P001] MANAGEMENT DISCUSSION AND ANALYSIS Revenue (2022: RM274.8 million) RM287.2 million Profit Before Taxation (2022: RM40.1 million) RM34.3 million Cash & Cash Equivalents (2022: RM98.6 million) RM104.3 million OVERVIEW In adapting t,acceptable,none,aligned,false,accept,,,
MDA_7216_KAWAN_2023,KAWAN,Kawan Food,2023,AR04,4,[MDA_P001],true,[MDA_P001] MANAGEMENT DISCUSSION AND ANALYSIS Revenue (2022: RM274.8 million) RM287.2 million Profit Before Taxation (2022: RM40.1 million) RM34.3 million Cash & Cash Equivalents (2022: RM98.6 million) RM104.3 million OVERVIEW In adapting t,strong,none,aligned,false,accept,,,
MDA_7216_KAWAN_2023,KAWAN,Kawan Food,2023,AR05,2,[MDA_P001],true,[MDA_P001] MANAGEMENT DISCUSSION AND ANALYSIS Revenue (2022: RM274.8 million) RM287.2 million Profit Before Taxation (2022: RM40.1 million) RM34.3 million Cash & Cash Equivalents (2022: RM98.6 million) RM104.3 million OVERVIEW In adapting t,strong,none,aligned,false,accept,,,
MDA_7216_KAWAN_2024,KAWAN,Kawan Food,2024,AR01,4,[MDA_P001],true,"[MDA_P001] MANAGEMENT DISCUSSION AND ANALYSIS As we reflect on 2024, I am proud to report that this has been a year of strategic transformation and resilient progress for our company. Amidst a dynamic operating environment, we remained stea",strong,none,aligned,false,accept,,,
MDA_7216_KAWAN_2024,KAWAN,Kawan Food,2024,AR02,3,[MDA_P003],true,[MDA_P003] Kawan At A Glance This is Kawan Food Berhad Our Strategic Review Financial Statements Other Information Our Commitment to Good Corporate Governance MANAGEMENT DISCUSSION AND ANALYSIS FY2024 was a year of strategic transformation,acceptable,numeric_review_required,partial,true,manual_review,,,numeric_review_required
MDA_7216_KAWAN_2024,KAWAN,Kawan Food,2024,AR03,4,[MDA_P003],true,[MDA_P003] Kawan At A Glance This is Kawan Food Berhad Our Strategic Review Financial Statements Other Information Our Commitment to Good Corporate Governance MANAGEMENT DISCUSSION AND ANALYSIS FY2024 was a year of strategic transformation,strong,none,aligned,false,accept,,,
MDA_7216_KAWAN_2024,KAWAN,Kawan Food,2024,AR04,4,[MDA_P001],true,"[MDA_P001] MANAGEMENT DISCUSSION AND ANALYSIS As we reflect on 2024, I am proud to report that this has been a year of strategic transformation and resilient progress for our company. Amidst a dynamic operating environment, we remained stea",strong,none,aligned,false,accept,,,
MDA_7216_KAWAN_2024,KAWAN,Kawan Food,2024,AR05,2,[MDA_P001],true,"[MDA_P001] MANAGEMENT DISCUSSION AND ANALYSIS As we reflect on 2024, I am proud to report that this has been a year of strategic transformation and resilient progress for our company. Amidst a dynamic operating environment, we remained stea",strong,none,aligned,false,accept,,,
MDA_7237_PWROOT_2020,PWROOT,Power Root,2020,AR01,4,[MDA_P001],true,[MDA_P001] MANAGEMENT DISCUSSION AND ANALYSIS,strong,none,aligned,false,accept,,,
MDA_7237_PWROOT_2020,PWROOT,Power Root,2020,AR02,3,[MDA_P001],true,[MDA_P001] MANAGEMENT DISCUSSION AND ANALYSIS,weak,missing_financial_content,partial,true,manual_required,manual_required,repair_output_still_invalid,no_numeric_issue
MDA_7237_PWROOT_2020,PWROOT,Power Root,2020,AR03,2,[MDA_P002],true,"[MDA_P002] Power Root Berhad Registration Number: 200601013517 (733268-U) I Annual Report 2020 THE BUSINESS ENVIRONMENT Demanding economic conditions resulted in cautious consumer spending during the year, even prior to the introduction of",strong,none,aligned,false,accept,,,
MDA_7237_PWROOT_2020,PWROOT,Power Root,2020,AR04,2,[MDA_P003],true,"[MDA_P003] In the wider global context, the Group benefited from favourable market movements this past year. The lower price of raw materials, coffee in particular, contributed to an improvement in margins. At the same time, the strengtheni",strong,none,aligned,false,accept,,,
MDA_7237_PWROOT_2020,PWROOT,Power Root,2020,AR05,2,[MDA_P001],true,[MDA_P001] MANAGEMENT DISCUSSION AND ANALYSIS,strong,none,aligned,false,accept,,,
MDA_7237_PWROOT_2021,PWROOT,Power Root,2021,AR01,2,[MDA_P001],true,"[MDA_P001] MANAGEMENT DISCUSSION AND ANALYSIS This has been an extraordinary year. We have all had to adjust to living with social and economic uncertainty under new circumstances. On the personal front, parents have had to learn to supervi",strong,none,aligned,false,accept,,,
MDA_7237_PWROOT_2021,PWROOT,Power Root,2021,AR02,3,[MDA_P001],true,"[MDA_P001] MANAGEMENT DISCUSSION AND ANALYSIS This has been an extraordinary year. We have all had to adjust to living with social and economic uncertainty under new circumstances. On the personal front, parents have had to learn to supervi",acceptable,numeric_review_required,partial,true,manual_review,,,numeric_review_required
MDA_7237_PWROOT_2021,PWROOT,Power Root,2021,AR03,2,[MDA_P001],true,"[MDA_P001] MANAGEMENT DISCUSSION AND ANALYSIS This has been an extraordinary year. We have all had to adjust to living with social and economic uncertainty under new circumstances. On the personal front, parents have had to learn to supervi",strong,none,aligned,false,accept,,,
MDA_7237_PWROOT_2021,PWROOT,Power Root,2021,AR04,2,[MDA_P001],true,"[MDA_P001] MANAGEMENT DISCUSSION AND ANALYSIS This has been an extraordinary year. We have all had to adjust to living with social and economic uncertainty under new circumstances. On the personal front, parents have had to learn to supervi",strong,none,aligned,false,accept,,,
MDA_7237_PWROOT_2021,PWROOT,Power Root,2021,AR05,2,[MDA_P001],true,"[MDA_P001] MANAGEMENT DISCUSSION AND ANALYSIS This has been an extraordinary year. We have all had to adjust to living with social and economic uncertainty under new circumstances. On the personal front, parents have had to learn to supervi",strong,none,aligned,false,accept,,,
MDA_7237_PWROOT_2022,PWROOT,Power Root,2022,AR01,2,[MDA_P001],true,[MDA_P001] MANAGEMENT DISCUSSION AND ANALYSIS Power Root Berhad Registration Number: 200601013517 (733268-U),strong,none,aligned,false,accept,,,
MDA_7237_PWROOT_2022,PWROOT,Power Root,2022,AR02,3,[MDA_P001],true,[MDA_P001] MANAGEMENT DISCUSSION AND ANALYSIS Power Root Berhad Registration Number: 200601013517 (733268-U),weak,missing_financial_content,partial,true,manual_required,manual_required,repair_output_still_invalid,no_numeric_issue
MDA_7237_PWROOT_2022,PWROOT,Power Root,2022,AR03,2,[MDA_P002],true,"[MDA_P002] Power Root Berhad Registration Number: 200601013517 (733268-U) Annual Report 2022 Power Root was similarly affected by these challenges as we faced labour shortages in the short term. However, the Group as a whole responded with",strong,none,aligned,false,accept,,,
MDA_7237_PWROOT_2022,PWROOT,Power Root,2022,AR04,4,[MDA_P002],true,"[MDA_P002] Power Root Berhad Registration Number: 200601013517 (733268-U) Annual Report 2022 Power Root was similarly affected by these challenges as we faced labour shortages in the short term. However, the Group as a whole responded with",strong,none,aligned,false,accept,,,
MDA_7237_PWROOT_2022,PWROOT,Power Root,2022,AR05,2,[MDA_P001],true,[MDA_P001] MANAGEMENT DISCUSSION AND ANALYSIS Power Root Berhad Registration Number: 200601013517 (733268-U),strong,none,aligned,false,accept,,,
MDA_7237_PWROOT_2023,PWROOT,Power Root,2023,AR01,4,[MDA_P001],true,[MDA_P001] MANAGEMENT DISCUSSION AND ANALYSIS cont’d,strong,none,aligned,false,accept,,,
MDA_7237_PWROOT_2023,PWROOT,Power Root,2023,AR02,3,[MDA_P001],true,[MDA_P001] MANAGEMENT DISCUSSION AND ANALYSIS cont’d,weak,missing_financial_content,partial,true,manual_required,manual_required,repair_output_still_invalid,not_enough_numbers
MDA_7237_PWROOT_2023,PWROOT,Power Root,2023,AR03,2,[MDA_P002],true,"[MDA_P002] AR 2023 China and Hong Kong were among the last countries to reopen their borders, with China doing so on 1 January 2023 and Hong Kong in February 2023. There was little movement in our activities in these countries for FY 2023 b",acceptable,none,aligned,false,accept,,,
MDA_7237_PWROOT_2023,PWROOT,Power Root,2023,AR04,2,[MDA_P002],true,"[MDA_P002] AR 2023 China and Hong Kong were among the last countries to reopen their borders, with China doing so on 1 January 2023 and Hong Kong in February 2023. There was little movement in our activities in these countries for FY 2023 b",strong,none,aligned,false,accept,,,
MDA_7237_PWROOT_2023,PWROOT,Power Root,2023,AR05,2,[MDA_P001],true,[MDA_P001] MANAGEMENT DISCUSSION AND ANALYSIS cont’d,strong,none,aligned,false,accept,,,
MDA_7237_PWROOT_2024,PWROOT,Power Root,2024,AR01,2,[MDA_P001],true,[MDA_P001] MANAGEMENT DISCUSSION AND ANALYSIS (cont’d) meet their demand for high quality beverages. We also know that it is crucial for us to be agile and to adapt in a competitive beverage market with unpredictable consumer behaviour. Con,strong,none,aligned,false,accept,,,
MDA_7237_PWROOT_2024,PWROOT,Power Root,2024,AR02,3,[MDA_P003],true,"[MDA_P003] To reach out to consumers, we use traditional and digital media platforms, in-store activities and promotions, and run campaigns which attract attention to our brands. We participate in joint events where we are able to promote b",acceptable,numeric_review_required,partial,true,manual_review,,,numeric_review_required
MDA_7237_PWROOT_2024,PWROOT,Power Root,2024,AR03,2,[MDA_P001],true,[MDA_P001] MANAGEMENT DISCUSSION AND ANALYSIS (cont’d) meet their demand for high quality beverages. We also know that it is crucial for us to be agile and to adapt in a competitive beverage market with unpredictable consumer behaviour. Con,strong,none,aligned,false,accept,,,
MDA_7237_PWROOT_2024,PWROOT,Power Root,2024,AR04,2,[MDA_P001],true,[MDA_P001] MANAGEMENT DISCUSSION AND ANALYSIS (cont’d) meet their demand for high quality beverages. We also know that it is crucial for us to be agile and to adapt in a competitive beverage market with unpredictable consumer behaviour. Con,strong,none,aligned,false,accept,,,
MDA_7237_PWROOT_2024,PWROOT,Power Root,2024,AR05,2,[MDA_P001],true,[MDA_P001] MANAGEMENT DISCUSSION AND ANALYSIS (cont’d) meet their demand for high quality beverages. We also know that it is crucial for us to be agile and to adapt in a competitive beverage market with unpredictable consumer behaviour. Con,strong,none,aligned,false,accept,,,
MDA_7243_MAGMA_2020,MAGMA,Impiana Hotels Bhd,2020,AR01,2,[MDA_P001],true,[MDA_P001] MANAGEMENT DISCUSSION & ANALYSIS 1. FINANCIAL REVIEW,strong,none,aligned,false,accept,,,
MDA_7243_MAGMA_2020,MAGMA,Impiana Hotels Bhd,2020,AR02,2,[MDA_P002],true,[MDA_P002] The Company had changed its financial year end from 31 December to 30 June during the current financial period ended 30 June 2020 (“FPE 2020”). The change in the current financial period was made to facilitate more time for our E,acceptable,numeric_review_required,partial,true,manual_review,,,numeric_review_required
MDA_7243_MAGMA_2020,MAGMA,Impiana Hotels Bhd,2020,AR03,2,[MDA_P002],true,[MDA_P002] The Company had changed its financial year end from 31 December to 30 June during the current financial period ended 30 June 2020 (“FPE 2020”). The change in the current financial period was made to facilitate more time for our E,weak,missing_causal_explanation,partial,true,manual_review,,,
MDA_7243_MAGMA_2020,MAGMA,Impiana Hotels Bhd,2020,AR04,4,[MDA_P023],true,[MDA_P023] The performances of the Company and its subsidiaries in the hospitality business are dependent on the following key risk areas: (a) Changes in Economic Environment and Natural Disasters,acceptable,none,aligned,false,accept,,,
MDA_7243_MAGMA_2020,MAGMA,Impiana Hotels Bhd,2020,AR05,2,[MDA_P001],true,[MDA_P001] MANAGEMENT DISCUSSION & ANALYSIS 1. FINANCIAL REVIEW,strong,none,aligned,false,accept,,,
MDA_7243_MAGMA_2021,MAGMA,Impiana Hotels Bhd,2021,AR01,4,[MDA_P001],true,[MDA_P001] MANAGEMENT DISCUSSION & ANALYSIS 1. FINANCIAL REVIEW,strong,none,aligned,false,accept,,,
MDA_7243_MAGMA_2021,MAGMA,Impiana Hotels Bhd,2021,AR02,2,[MDA_P003],true,"[MDA_P003] The summary of the Statement of Comprehensive Income is as follows: (RM ‘000) FYE 2021 FPE 2020 (18 Months) Variance FYE 2021 vs. FPE 2020 Revenue 19,499 33,818 (42%) Gross Profit (“GP”) 6,193 17,256 (64%) Gross Profit Margin (“G",acceptable,numeric_review_required,partial,true,manual_review,,,numeric_review_required
MDA_7243_MAGMA_2021,MAGMA,Impiana Hotels Bhd,2021,AR03,2,[MDA_P003],true,"[MDA_P003] The summary of the Statement of Comprehensive Income is as follows: (RM ‘000) FYE 2021 FPE 2020 (18 Months) Variance FYE 2021 vs. FPE 2020 Revenue 19,499 33,818 (42%) Gross Profit (“GP”) 6,193 17,256 (64%) Gross Profit Margin (“G",weak,missing_causal_explanation,partial,true,manual_review,,,
MDA_7243_MAGMA_2021,MAGMA,Impiana Hotels Bhd,2021,AR04,4,[MDA_P016],true,[MDA_P016] The performances of the Company and its subsidiaries in the hospitality business are dependent on the following key risk areas: (a) Changes in Economic Environment and Natural Disasters,acceptable,none,aligned,false,accept,,,
MDA_7243_MAGMA_2021,MAGMA,Impiana Hotels Bhd,2021,AR05,2,[MDA_P001],true,[MDA_P001] MANAGEMENT DISCUSSION & ANALYSIS 1. FINANCIAL REVIEW,strong,none,aligned,false,accept,,,
MDA_7243_MAGMA_2022,MAGMA,Impiana Hotels Bhd,2022,AR01,4,[MDA_P001],true,[MDA_P001] MANAGEMENT DISCUSSION & ANALYSIS 1. FINANCIAL REVIEW,strong,none,aligned,false,accept,,,
MDA_7243_MAGMA_2022,MAGMA,Impiana Hotels Bhd,2022,AR02,2,[MDA_P003],true,"[MDA_P003] The summary of the Statement of Comprehensive Income is as follows: (RM ‘000) FPE 2022 (18 Months) FYE 2021 Variance FPE 2022 vs. FYE 2021 Revenue 26,725 19,499 37.1% Gross Profit (“GP”) 15,153 6,193 >100.0% Gross Profit Margin (",acceptable,numeric_review_required,partial,true,manual_review,,,numeric_review_required
MDA_7243_MAGMA_2022,MAGMA,Impiana Hotels Bhd,2022,AR03,2,[MDA_P003],true,"[MDA_P003] The summary of the Statement of Comprehensive Income is as follows: (RM ‘000) FPE 2022 (18 Months) FYE 2021 Variance FPE 2022 vs. FYE 2021 Revenue 26,725 19,499 37.1% Gross Profit (“GP”) 15,153 6,193 >100.0% Gross Profit Margin (",weak,missing_causal_explanation,partial,true,manual_review,,,
MDA_7243_MAGMA_2022,MAGMA,Impiana Hotels Bhd,2022,AR04,4,[MDA_P025],true,"[MDA_P025] Spending on travel and tourism is discretionary and price sensitive, being affected by factors such as the supply and demand for modes of transportation and accommodation, the rate of growth of economic growth, interest rates, in",acceptable,none,aligned,false,accept,,,
MDA_7243_MAGMA_2022,MAGMA,Impiana Hotels Bhd,2022,AR05,2,[MDA_P001],true,[MDA_P001] MANAGEMENT DISCUSSION & ANALYSIS 1. FINANCIAL REVIEW,strong,none,aligned,false,accept,,,
MDA_7243_MAGMA_2023,MAGMA,Impiana Hotels Bhd,2023,AR01,4,[MDA_P001],true,[MDA_P001] Management Discussion & Analysis (Overview of Group Business) Magma Group Berhad (“Magma” or the “Group”) has solidified its presence in the hospitality industry through a commitment to excellence in hotel management. Magma’s hos,strong,none,aligned,false,accept,,,
MDA_7243_MAGMA_2023,MAGMA,Impiana Hotels Bhd,2023,AR02,2,[MDA_P003],true,"[MDA_P003] FPE 2022 Revenue 14,458 26,725 (45.9%) Gross Profit (“GP”) 16,543 15,153 9.2% Gross Profit Margin (“GPM”) 114.4% 56.7% Administrative Expenses (12,420) (13,051) 4.8% Other Cost (17,141) (15,928) (7.6%) (Loss) Before Tax (“LBT”) (",acceptable,numeric_review_required,partial,true,manual_review,,,numeric_review_required
MDA_7243_MAGMA_2023,MAGMA,Impiana Hotels Bhd,2023,AR03,2,[MDA_P003],true,"[MDA_P003] FPE 2022 Revenue 14,458 26,725 (45.9%) Gross Profit (“GP”) 16,543 15,153 9.2% Gross Profit Margin (“GPM”) 114.4% 56.7% Administrative Expenses (12,420) (13,051) 4.8% Other Cost (17,141) (15,928) (7.6%) (Loss) Before Tax (“LBT”) (",strong,none,aligned,false,accept,,,
MDA_7243_MAGMA_2023,MAGMA,Impiana Hotels Bhd,2023,AR04,2,[MDA_P016],true,"[MDA_P016] In FYE2023, the dynamics of travel and tourism spending, inherently discretionary and sensitive to economic fluctuations, continued to shape the hospitality industry. Factors such as transportation and accommodation supply and de",strong,none,aligned,false,accept,,,
MDA_7243_MAGMA_2023,MAGMA,Impiana Hotels Bhd,2023,AR05,4,[MDA_P001],true,[MDA_P001] Management Discussion & Analysis (Overview of Group Business) Magma Group Berhad (“Magma” or the “Group”) has solidified its presence in the hospitality industry through a commitment to excellence in hotel management. Magma’s hos,strong,none,aligned,false,accept,,,
MDA_7243_MAGMA_2024,MAGMA,Impiana Hotels Bhd,2024,AR01,4,[MDA_P001],true,"[MDA_P001] MANAGEMENT DISCUSSION & ANALYSIS (Overview of Group Business) Magma Group Berhad (“.BHNB” or “the Group”) is actively evolving from a traditional hospitality company into an innovative, experience-focused property and lifestyle g",strong,none,aligned,false,accept,,,
MDA_7243_MAGMA_2024,MAGMA,Impiana Hotels Bhd,2024,AR02,2,[MDA_P003],true,"[MDA_P003] FYE 2023 Revenue 14,926 14,458 3.2% Gross Profit (“GP”) 16,390 16,543 (0.9%) Gross Profit Margin (“GPM”) 109.8% 114.4% Administrative Expenses (21,829) (12,420) (75.7%) Other Cost (40,582) (17,141) (>100%) (Loss) Before Tax (“LBT",acceptable,numeric_review_required,partial,true,manual_review,,,numeric_review_required
MDA_7243_MAGMA_2024,MAGMA,Impiana Hotels Bhd,2024,AR03,2,[MDA_P003],true,"[MDA_P003] FYE 2023 Revenue 14,926 14,458 3.2% Gross Profit (“GP”) 16,390 16,543 (0.9%) Gross Profit Margin (“GPM”) 109.8% 114.4% Administrative Expenses (21,829) (12,420) (75.7%) Other Cost (40,582) (17,141) (>100%) (Loss) Before Tax (“LBT",strong,none,aligned,false,accept,,,
MDA_7243_MAGMA_2024,MAGMA,Impiana Hotels Bhd,2024,AR04,2,[MDA_P003],true,"[MDA_P003] FYE 2023 Revenue 14,926 14,458 3.2% Gross Profit (“GP”) 16,390 16,543 (0.9%) Gross Profit Margin (“GPM”) 109.8% 114.4% Administrative Expenses (21,829) (12,420) (75.7%) Other Cost (40,582) (17,141) (>100%) (Loss) Before Tax (“LBT",acceptable,none,aligned,false,accept,,,
MDA_7243_MAGMA_2024,MAGMA,Impiana Hotels Bhd,2024,AR05,4,[MDA_P001],true,"[MDA_P001] MANAGEMENT DISCUSSION & ANALYSIS (Overview of Group Business) Magma Group Berhad (“.BHNB” or “the Group”) is actively evolving from a traditional hospitality company into an innovative, experience-focused property and lifestyle g",strong,none,aligned,false,accept,,,
MDA_8303_LOTUS_2020,LOTUS,Lotus KFM Berhad,2020,AR01,4,[MDA_P001],true,[MDA_P001] MANAGEMENT DISCUSSION AND ANALYSIS (cont’d) REVIEW OF GROUP’S FINANCIAL RESULTS AND FINANCIAL CONDITIONS (cont’d),strong,none,aligned,false,accept,,,
MDA_8303_LOTUS_2020,LOTUS,Lotus KFM Berhad,2020,AR02,3,[MDA_P001],true,[MDA_P001] MANAGEMENT DISCUSSION AND ANALYSIS (cont’d) REVIEW OF GROUP’S FINANCIAL RESULTS AND FINANCIAL CONDITIONS (cont’d),acceptable,numeric_review_required,partial,true,manual_review,,,numeric_review_required
MDA_8303_LOTUS_2020,LOTUS,Lotus KFM Berhad,2020,AR03,2,[MDA_P002],true,[MDA_P002] We recorded a revenue of RM55.098 million (FYE 2019: RM57.893million). This represented an decrease of 4.83%. This was mainly due to Coronavirus disease 2019 (COVID-19). Wheat Flour (RM’000) Tapioca and Corn Flour (RM’000) % Chan,acceptable,none,aligned,false,accept,,,
MDA_8303_LOTUS_2020,LOTUS,Lotus KFM Berhad,2020,AR04,4,[MDA_P008],true,[MDA_P008] MANAGEMENT DISCUSSION AND ANALYSIS (cont’d) ANTICIPATED BUSINESS RISKS (cont’d) b) Volatility of raw material prices Volatility of prices on imported raw materials such as wheat and tapioca remain the key challenges. Both wheat a,strong,none,aligned,false,accept,,,
MDA_8303_LOTUS_2020,LOTUS,Lotus KFM Berhad,2020,AR05,4,[MDA_P001],true,[MDA_P001] MANAGEMENT DISCUSSION AND ANALYSIS (cont’d) REVIEW OF GROUP’S FINANCIAL RESULTS AND FINANCIAL CONDITIONS (cont’d),strong,none,aligned,false,accept,,,
MDA_8303_LOTUS_2021,LOTUS,Lotus KFM Berhad,2021,AR01,4,[MDA_P001],true,[MDA_P001] MANAGEMENT DISCUSSION AND ANALYSIS Overview of Business and Operations Lotus KFM Berhad (“LKFM”) is principally engaged in flour milling and trading in its related products. The two main sources of revenue comprise of milling of,strong,none,aligned,false,accept,,,
MDA_8303_LOTUS_2021,LOTUS,Lotus KFM Berhad,2021,AR02,3,[MDA_P001],true,[MDA_P001] MANAGEMENT DISCUSSION AND ANALYSIS Overview of Business and Operations Lotus KFM Berhad (“LKFM”) is principally engaged in flour milling and trading in its related products. The two main sources of revenue comprise of milling of,acceptable,numeric_review_required,partial,true,manual_review,,,numeric_review_required
MDA_8303_LOTUS_2021,LOTUS,Lotus KFM Berhad,2021,AR03,2,[MDA_P001],true,[MDA_P001] MANAGEMENT DISCUSSION AND ANALYSIS Overview of Business and Operations Lotus KFM Berhad (“LKFM”) is principally engaged in flour milling and trading in its related products. The two main sources of revenue comprise of milling of,strong,none,aligned,false,accept,,,
MDA_8303_LOTUS_2021,LOTUS,Lotus KFM Berhad,2021,AR04,4,[MDA_P005],true,"[MDA_P005] As compared with the prior year, LKFM has decreased its gross profit by 21.79%. The gross profit margin for the current year is 8.28% (FYE 2020: 9.94%). The main reason for the declining margin is due to the fluctuation of wheat",acceptable,none,aligned,false,accept,,,
MDA_8303_LOTUS_2021,LOTUS,Lotus KFM Berhad,2021,AR05,2,[MDA_P001],true,[MDA_P001] MANAGEMENT DISCUSSION AND ANALYSIS Overview of Business and Operations Lotus KFM Berhad (“LKFM”) is principally engaged in flour milling and trading in its related products. The two main sources of revenue comprise of milling of,strong,none,aligned,false,accept,,,
MDA_8303_LOTUS_2022,LOTUS,Lotus KFM Berhad,2022,AR01,4,[MDA_P001],true,"[MDA_P001] MANAGEMENT DISCUSSION AND ANALYSIS Overview of Business and Operations Our holding company, Lotus KFM Berhad (“LKFM” or ""the Company"") is principally engaged in flour milling and trading in its related products. The two main sour",strong,none,aligned,false,accept,,,
MDA_8303_LOTUS_2022,LOTUS,Lotus KFM Berhad,2022,AR02,2,[MDA_P007],true,"[MDA_P007] The Group recorded consolidated revenue of RM66.079 million, represented increase of 27.66% over the prior financial year amount of RM51.762 million. The Group now records a gross profit of RM4.171 million (FYE 2021: RM4.285 mill",acceptable,numeric_review_required,partial,true,manual_review,,,numeric_review_required
MDA_8303_LOTUS_2022,LOTUS,Lotus KFM Berhad,2022,AR03,2,[MDA_P001],true,"[MDA_P001] MANAGEMENT DISCUSSION AND ANALYSIS Overview of Business and Operations Our holding company, Lotus KFM Berhad (“LKFM” or ""the Company"") is principally engaged in flour milling and trading in its related products. The two main sour",strong,none,aligned,false,accept,,,
MDA_8303_LOTUS_2022,LOTUS,Lotus KFM Berhad,2022,AR04,2,[MDA_P007],true,"[MDA_P007] The Group recorded consolidated revenue of RM66.079 million, represented increase of 27.66% over the prior financial year amount of RM51.762 million. The Group now records a gross profit of RM4.171 million (FYE 2021: RM4.285 mill",acceptable,none,aligned,false,accept,,,
MDA_8303_LOTUS_2022,LOTUS,Lotus KFM Berhad,2022,AR05,2,[MDA_P001],true,"[MDA_P001] MANAGEMENT DISCUSSION AND ANALYSIS Overview of Business and Operations Our holding company, Lotus KFM Berhad (“LKFM” or ""the Company"") is principally engaged in flour milling and trading in its related products. The two main sour",strong,none,aligned,false,accept,,,
MDA_8303_LOTUS_2023,LOTUS,Lotus KFM Berhad,2023,AR01,4,[MDA_P001],true,[MDA_P001] MANAGEMENT DISCUSSION AND ANALYSIS Overview of Business and Operations Lotus KFM Berhad (“LKFM”) is principally engaged in flour milling and trading in its related products and is a public listed company on the Main Market of Bur,strong,none,aligned,false,accept,,,
MDA_8303_LOTUS_2023,LOTUS,Lotus KFM Berhad,2023,AR02,2,[MDA_P002],true,"[MDA_P002] On 31 December 2021, the Group continued to acquire two subsidiaries in 100% of total shares, which are Ladang Lojing Sdn. Bhd. and Khas Jadi Sdn. Berhad for a total consideration of RM21,646,200. The principal activities of all",acceptable,numeric_review_required,partial,true,manual_review,,,numeric_review_required
MDA_8303_LOTUS_2023,LOTUS,Lotus KFM Berhad,2023,AR03,2,[MDA_P001],true,[MDA_P001] MANAGEMENT DISCUSSION AND ANALYSIS Overview of Business and Operations Lotus KFM Berhad (“LKFM”) is principally engaged in flour milling and trading in its related products and is a public listed company on the Main Market of Bur,strong,none,aligned,false,accept,,,
MDA_8303_LOTUS_2023,LOTUS,Lotus KFM Berhad,2023,AR04,2,[MDA_P001],true,[MDA_P001] MANAGEMENT DISCUSSION AND ANALYSIS Overview of Business and Operations Lotus KFM Berhad (“LKFM”) is principally engaged in flour milling and trading in its related products and is a public listed company on the Main Market of Bur,acceptable,none,aligned,false,accept,,,
MDA_8303_LOTUS_2023,LOTUS,Lotus KFM Berhad,2023,AR05,2,[MDA_P001],true,[MDA_P001] MANAGEMENT DISCUSSION AND ANALYSIS Overview of Business and Operations Lotus KFM Berhad (“LKFM”) is principally engaged in flour milling and trading in its related products and is a public listed company on the Main Market of Bur,strong,none,aligned,false,accept,,,
MDA_8303_LOTUS_2024,LOTUS,Lotus KFM Berhad,2024,AR01,5,[MDA_P001],true,[MDA_P001] MANAGEMENT DISCUSSION AND ANALYSIS Overview of Business and Operations Lotus KFM Berhad (“LKFM” or “the Group”) is a public listed company on the Main Market of Bursa Malaysia Securities Berhad (“Bursa Securities”) with its’ prin,strong,none,aligned,false,accept,,,
MDA_8303_LOTUS_2024,LOTUS,Lotus KFM Berhad,2024,AR02,3,[MDA_P001],true,[MDA_P001] MANAGEMENT DISCUSSION AND ANALYSIS Overview of Business and Operations Lotus KFM Berhad (“LKFM” or “the Group”) is a public listed company on the Main Market of Bursa Malaysia Securities Berhad (“Bursa Securities”) with its’ prin,acceptable,numeric_review_required,partial,true,manual_review,,,numeric_review_required
MDA_8303_LOTUS_2024,LOTUS,Lotus KFM Berhad,2024,AR03,4,[MDA_P001],true,[MDA_P001] MANAGEMENT DISCUSSION AND ANALYSIS Overview of Business and Operations Lotus KFM Berhad (“LKFM” or “the Group”) is a public listed company on the Main Market of Bursa Malaysia Securities Berhad (“Bursa Securities”) with its’ prin,strong,none,aligned,false,accept,,,
MDA_8303_LOTUS_2024,LOTUS,Lotus KFM Berhad,2024,AR04,4,[MDA_P013],true,"[MDA_P013] LOTUS KFM BERHAD | ANNUAL REPORT 2024 Management Discussion and Analysis (cont'd) Anticipated Business Risks The business risks faced by LKFM include market competitions, volatility of imported raw material prices, movements of c",strong,none,aligned,false,accept,,,
MDA_8303_LOTUS_2024,LOTUS,Lotus KFM Berhad,2024,AR05,4,[MDA_P001],true,[MDA_P001] MANAGEMENT DISCUSSION AND ANALYSIS Overview of Business and Operations Lotus KFM Berhad (“LKFM” or “the Group”) is a public listed company on the Main Market of Bursa Malaysia Securities Berhad (“Bursa Securities”) with its’ prin,strong,none,aligned,false,accept,,,
MDA_8478_HWATAI_2020,HWATAI,Hwa Tai,2020,AR01,4,[MDA_P001],true,[MDA_P001] STATEMENT OF MANAGEMENT DISCUSSION & ANALYSIS (Continued),strong,none,aligned,false,accept,,,
MDA_8478_HWATAI_2020,HWATAI,Hwa Tai,2020,AR02,3,[MDA_P001],true,[MDA_P001] STATEMENT OF MANAGEMENT DISCUSSION & ANALYSIS (Continued),weak,missing_financial_content,partial,true,manual_required,manual_required,repair_output_still_invalid,not_enough_numbers
MDA_8478_HWATAI_2020,HWATAI,Hwa Tai,2020,AR03,4,[MDA_P002],true,[MDA_P002] ANNUAL REPORT 2020 I HWA TAI INDUSTRIES BERHAD FINANCIAL AND OPERATIONS REVIEWS (Continued) There was a slight increase in the Group’s gross profit margin at approximately 30% in FYE 2020 as compared with 29% in FYE2019. The slig,strong,none,aligned,false,accept,,,
MDA_8478_HWATAI_2020,HWATAI,Hwa Tai,2020,AR04,4,[MDA_P007],true,[MDA_P007] The Group expects to invest broadly the same in the year ahead so as to keep up with technological changes where continuous capital expenditure investments are vital to improve efficiency and productivity of our factory. BUSINESS,strong,none,aligned,false,accept,,,
MDA_8478_HWATAI_2020,HWATAI,Hwa Tai,2020,AR05,4,[MDA_P001],true,[MDA_P001] STATEMENT OF MANAGEMENT DISCUSSION & ANALYSIS (Continued),strong,none,aligned,false,accept,,,
MDA_8478_HWATAI_2021,HWATAI,Hwa Tai,2021,AR01,4,[MDA_P001],true,"[MDA_P001] STATEMENT OF MANAGEMENT DISCUSSION & ANALYSIS (CONTINUED) FINANCIAL AND OPERATIONS REVIEWS (CONTINUED) The breakdown of revenue of the Group in FYE2021 and FYE2020: FYE2021 RM’000 % FYE2020 RM’000 % Export sales 12,505 12,094 Loc",strong,none,aligned,false,accept,,,
MDA_8478_HWATAI_2021,HWATAI,Hwa Tai,2021,AR02,3,[MDA_P001],true,"[MDA_P001] STATEMENT OF MANAGEMENT DISCUSSION & ANALYSIS (CONTINUED) FINANCIAL AND OPERATIONS REVIEWS (CONTINUED) The breakdown of revenue of the Group in FYE2021 and FYE2020: FYE2021 RM’000 % FYE2020 RM’000 % Export sales 12,505 12,094 Loc",acceptable,numeric_review_required,partial,true,manual_review,,,numeric_review_required
MDA_8478_HWATAI_2021,HWATAI,Hwa Tai,2021,AR03,4,[MDA_P001],true,"[MDA_P001] STATEMENT OF MANAGEMENT DISCUSSION & ANALYSIS (CONTINUED) FINANCIAL AND OPERATIONS REVIEWS (CONTINUED) The breakdown of revenue of the Group in FYE2021 and FYE2020: FYE2021 RM’000 % FYE2020 RM’000 % Export sales 12,505 12,094 Loc",strong,none,aligned,false,accept,,,
MDA_8478_HWATAI_2021,HWATAI,Hwa Tai,2021,AR04,4,[MDA_P004],true,[MDA_P004] > HWA TAI INDUSTRIES BERHAD : Annual Report 2021 STATEMENT OF MANAGEMENT DISCUSSION & ANALYSIS (CONTINUED) FINANCIAL AND OPERATIONS REVIEWS (CONTINUED) The loss reported in FYE2021 was mainly attributed to the Group recording a l,acceptable,none,aligned,false,accept,,,
MDA_8478_HWATAI_2021,HWATAI,Hwa Tai,2021,AR05,4,[MDA_P001],true,"[MDA_P001] STATEMENT OF MANAGEMENT DISCUSSION & ANALYSIS (CONTINUED) FINANCIAL AND OPERATIONS REVIEWS (CONTINUED) The breakdown of revenue of the Group in FYE2021 and FYE2020: FYE2021 RM’000 % FYE2020 RM’000 % Export sales 12,505 12,094 Loc",strong,none,aligned,false,accept,,,
MDA_8478_HWATAI_2022,HWATAI,Hwa Tai,2022,AR01,4,[MDA_P001],true,"[MDA_P001] STATEMENT OF MANAGEMENT DISCUSSION & ANALYSIS (CONTINUED) FINANCIAL AND OPERATIONS REVIEWS (CONTINUED) The breakdown of revenue of the Group in FYE2022 and FYE2021: FYE2022 FYE2021 RM’000 % RM’000 % Export sales 13,178 12,505 Loc",strong,none,aligned,false,accept,,,
MDA_8478_HWATAI_2022,HWATAI,Hwa Tai,2022,AR02,3,[MDA_P001],true,"[MDA_P001] STATEMENT OF MANAGEMENT DISCUSSION & ANALYSIS (CONTINUED) FINANCIAL AND OPERATIONS REVIEWS (CONTINUED) The breakdown of revenue of the Group in FYE2022 and FYE2021: FYE2022 FYE2021 RM’000 % RM’000 % Export sales 13,178 12,505 Loc",acceptable,numeric_review_required,partial,true,manual_review,,,numeric_review_required
MDA_8478_HWATAI_2022,HWATAI,Hwa Tai,2022,AR03,4,[MDA_P001],true,"[MDA_P001] STATEMENT OF MANAGEMENT DISCUSSION & ANALYSIS (CONTINUED) FINANCIAL AND OPERATIONS REVIEWS (CONTINUED) The breakdown of revenue of the Group in FYE2022 and FYE2021: FYE2022 FYE2021 RM’000 % RM’000 % Export sales 13,178 12,505 Loc",strong,none,aligned,false,accept,,,
MDA_8478_HWATAI_2022,HWATAI,Hwa Tai,2022,AR04,4,[MDA_P002],true,"[MDA_P002] Certain countries like Philippines, Nigeria and Cambodia, saw an increase in demand in our biscuits in FYE 2022 but was partially offset by the decline of sales due to lockdown in certain countries especially in China and Middle",strong,none,aligned,false,accept,,,
MDA_8478_HWATAI_2022,HWATAI,Hwa Tai,2022,AR05,4,[MDA_P001],true,"[MDA_P001] STATEMENT OF MANAGEMENT DISCUSSION & ANALYSIS (CONTINUED) FINANCIAL AND OPERATIONS REVIEWS (CONTINUED) The breakdown of revenue of the Group in FYE2022 and FYE2021: FYE2022 FYE2021 RM’000 % RM’000 % Export sales 13,178 12,505 Loc",strong,none,aligned,false,accept,,,
MDA_8478_HWATAI_2023,HWATAI,Hwa Tai,2023,AR01,4,[MDA_P001],true,"[MDA_P001] FINANCIAL AND OPERATIONS REVIEWS (continued) In the financial year ended 31 December 2023 (“FYE2023”), Hwa Tai reported a marginal revenue increase to RM80.68 million, marking a 5.80% rise from FYE2022. This growth was primarily",strong,none,aligned,false,accept,,,
MDA_8478_HWATAI_2023,HWATAI,Hwa Tai,2023,AR02,3,[MDA_P001],true,"[MDA_P001] FINANCIAL AND OPERATIONS REVIEWS (continued) In the financial year ended 31 December 2023 (“FYE2023”), Hwa Tai reported a marginal revenue increase to RM80.68 million, marking a 5.80% rise from FYE2022. This growth was primarily",acceptable,numeric_review_required,partial,true,manual_review,,,numeric_review_required
MDA_8478_HWATAI_2023,HWATAI,Hwa Tai,2023,AR03,4,[MDA_P001],true,"[MDA_P001] FINANCIAL AND OPERATIONS REVIEWS (continued) In the financial year ended 31 December 2023 (“FYE2023”), Hwa Tai reported a marginal revenue increase to RM80.68 million, marking a 5.80% rise from FYE2022. This growth was primarily",strong,none,aligned,false,accept,,,
MDA_8478_HWATAI_2023,HWATAI,Hwa Tai,2023,AR04,4,[MDA_P001],true,"[MDA_P001] FINANCIAL AND OPERATIONS REVIEWS (continued) In the financial year ended 31 December 2023 (“FYE2023”), Hwa Tai reported a marginal revenue increase to RM80.68 million, marking a 5.80% rise from FYE2022. This growth was primarily",strong,none,aligned,false,accept,,,
MDA_8478_HWATAI_2023,HWATAI,Hwa Tai,2023,AR05,4,[MDA_P001],true,"[MDA_P001] FINANCIAL AND OPERATIONS REVIEWS (continued) In the financial year ended 31 December 2023 (“FYE2023”), Hwa Tai reported a marginal revenue increase to RM80.68 million, marking a 5.80% rise from FYE2022. This growth was primarily",strong,none,aligned,false,accept,,,
MDA_8478_HWATAI_2024,HWATAI,Hwa Tai,2024,AR01,4,[MDA_P001],true,[MDA_P001] STATEMENT OF MANAGEMENT DISCUSSION & ANALYSIS,strong,none,aligned,false,accept,,,
MDA_8478_HWATAI_2024,HWATAI,Hwa Tai,2024,AR02,3,[MDA_P001],true,[MDA_P001] STATEMENT OF MANAGEMENT DISCUSSION & ANALYSIS,acceptable,numeric_review_required,partial,true,manual_review,,,numeric_review_required
MDA_8478_HWATAI_2024,HWATAI,Hwa Tai,2024,AR03,4,[MDA_P002],true,"[MDA_P002] annual report 2024 HWA TAI INDUSTRIES BERHAD FINANCIAL AND OPERATIONS REVIEWS (continued) The breakdown of the Group’s for FYE2024 and FYE2023 is as follows: FYE2024 RM’000 % FYE2023 RM’000 % Export sales 10,487 11,934 Local sale",strong,none,aligned,false,accept,,,
MDA_8478_HWATAI_2024,HWATAI,Hwa Tai,2024,AR04,4,[MDA_P004],true,"[MDA_P004] annual report 2024 HWA TAI INDUSTRIES BERHAD BUSINESS STRATEGICS AND RISK FACTORS Hwa Tai remains steadfast in its commitment to innovation, customer expansion, and operational excellence. Guided by a focus on delivering high-qua",acceptable,none,aligned,false,accept,,,
MDA_8478_HWATAI_2024,HWATAI,Hwa Tai,2024,AR05,4,[MDA_P001],true,[MDA_P001] STATEMENT OF MANAGEMENT DISCUSSION & ANALYSIS,strong,none,aligned,false,accept,,,
MDA_9946_ETA_2020,ETA,Annual Report 2020,2020,AR01,4,[MDA_P001],true,[MDA_P001] Management Discussion and Analysis,strong,none,aligned,false,accept,,,
MDA_9946_ETA_2020,ETA,Annual Report 2020,2020,AR02,3,[MDA_P002],true,[MDA_P002] REX GROUP,acceptable,numeric_review_required,partial,true,manual_review,,,numeric_review_required
MDA_9946_ETA_2020,ETA,Annual Report 2020,2020,AR03,2,[MDA_P003],true,"[MDA_P003] FY 2019 FY 2020 (All in RM’000) Revenue 136,608 149,245 Loss before tax (14,317) (8,396) The Board is committed to continue with prudent measures to improve the Group’s financial performance and deliver satisfactory results takin",weak,missing_causal_explanation,partial,true,manual_review,,,
MDA_9946_ETA_2020,ETA,Annual Report 2020,2020,AR04,4,[MDA_P022],true,[MDA_P022] PSBB was extended twice to 25 May 2020 and subsequently up to 8 June 2020 of which PSBB was uplifted and business were able to operate with strict health protocols. The outbreak of COVID-19 is an event of force majeure that is be,strong,none,aligned,false,accept,,,
MDA_9946_ETA_2020,ETA,Annual Report 2020,2020,AR05,2,[MDA_P001],true,[MDA_P001] Management Discussion and Analysis,strong,none,aligned,false,accept,,,
MDA_9946_ETA_2021,ETA,Annual Report 2020,2021,AR01,4,[MDA_P001],true,[MDA_P001] MANAGEMENT DISCUSSION AND ANALYSIS (Cont’d),strong,none,aligned,false,accept,,,
MDA_9946_ETA_2021,ETA,Annual Report 2020,2021,AR02,3,[MDA_P003],true,[MDA_P003] 30 Jun 17 30 Jun 18 30 Jun 19 30 Jun 20 30 Jun 21,acceptable,numeric_review_required,partial,true,manual_review,,,numeric_review_required
MDA_9946_ETA_2021,ETA,Annual Report 2020,2021,AR03,2,[MDA_P005],true,[MDA_P005] Operating Ratio After tax return on shareholders’ fund (%) 2.28 (11.99) (11.70) (9.29) 2.04 Pre-tax profit/(loss) margin (%) 1.74 (11.58) (10.48) (5.63) 2.44,weak,missing_causal_explanation,partial,true,manual_review,,,
MDA_9946_ETA_2021,ETA,Annual Report 2020,2021,AR04,2,[MDA_P009],true,"[MDA_P009] Outlook and Prospects The Group’s business will remain challenging and volatile due to the uncertainty caused by Covid-19 pandemic. We are, however, encouraged by our performance in the last quarter of FYE 2021. We are cautiously",strong,none,aligned,false,accept,,,
MDA_9946_ETA_2021,ETA,Annual Report 2020,2021,AR05,2,[MDA_P001],true,[MDA_P001] MANAGEMENT DISCUSSION AND ANALYSIS (Cont’d),strong,none,aligned,false,accept,,,
MDA_9946_ETA_2022,ETA,Annual Report 2020,2022,AR01,2,[MDA_P001],true,[MDA_P001] MANAGEMENT DISCUSSION & ANALYSIS Our History and Business Rex was incorporated on 26 November 1993 as a private limited company under the Companies Act 1965 by the name of Kompetitif Pertama Sdn Bhd. The Company acquired the enti,strong,none,aligned,false,accept,,,
MDA_9946_ETA_2022,ETA,Annual Report 2020,2022,AR02,3,[MDA_P001],true,[MDA_P001] MANAGEMENT DISCUSSION & ANALYSIS Our History and Business Rex was incorporated on 26 November 1993 as a private limited company under the Companies Act 1965 by the name of Kompetitif Pertama Sdn Bhd. The Company acquired the enti,acceptable,numeric_review_required,partial,true,manual_review,,,numeric_review_required
MDA_9946_ETA_2022,ETA,Annual Report 2020,2022,AR03,2,[MDA_P002],true,[MDA_P002] PT Rex Canning Indonesia (“PT Rex”) began commercial operations in August 1992; with principal activities in manufacturing and exporting of canned processed seafood. PT Rex operates under stringent standards set by the Ministry o,strong,none,aligned,false,accept,,,
MDA_9946_ETA_2022,ETA,Annual Report 2020,2022,AR04,2,[MDA_P001],true,[MDA_P001] MANAGEMENT DISCUSSION & ANALYSIS Our History and Business Rex was incorporated on 26 November 1993 as a private limited company under the Companies Act 1965 by the name of Kompetitif Pertama Sdn Bhd. The Company acquired the enti,strong,none,aligned,false,accept,,,
MDA_9946_ETA_2022,ETA,Annual Report 2020,2022,AR05,2,[MDA_P001],true,[MDA_P001] MANAGEMENT DISCUSSION & ANALYSIS Our History and Business Rex was incorporated on 26 November 1993 as a private limited company under the Companies Act 1965 by the name of Kompetitif Pertama Sdn Bhd. The Company acquired the enti,strong,none,aligned,false,accept,,,
MDA_9946_ETA_2023,ETA,Annual Report 2020,2023,AR01,2,[MDA_P001],true,[MDA_P001] MANAGEMENT DISCUSSION & ANALYSIS,strong,none,aligned,false,accept,,,
MDA_9946_ETA_2023,ETA,Annual Report 2020,2023,AR02,3,[MDA_P003],true,[MDA_P003] Annual Report 2023 Financial Performance (cont’d) REX GROUP,acceptable,numeric_review_required,partial,true,manual_review,,,numeric_review_required
MDA_9946_ETA_2023,ETA,Annual Report 2020,2023,AR03,2,[MDA_P008],true,"[MDA_P008] RM'000 RM'000 RM'000 RM'000 RM'000 Statement of Profit and Loss Revenue 136,609 149,245 160,539 161,111 162,408 Interest expense 1,905 2,050 1,531 1,171 1,617",weak,missing_causal_explanation,partial,true,manual_review,,,
MDA_9946_ETA_2023,ETA,Annual Report 2020,2023,AR04,2,[MDA_P023],true,"[MDA_P023] Annual Report 2023 CORPORATE EXERCISE The Company undertook a fund-raising exercise during the financial year for a renounceable rights issue for ordinary shares at RM0.10 per Rights Share, on the basis of 1 Rights Share for ever",strong,none,aligned,false,accept,,,
MDA_9946_ETA_2023,ETA,Annual Report 2020,2023,AR05,2,[MDA_P001],true,[MDA_P001] MANAGEMENT DISCUSSION & ANALYSIS,strong,none,aligned,false,accept,,,
MDA_9946_ETA_2024,ETA,Annual Report 2020,2024,AR01,4,[MDA_P001],true,[MDA_P001] MANAGEMENT DISCUSSION & ANALYSIS Our History and Business Rex was incorporated on 26 November 1993 as a private limited company under the Companies Act 1965 by the name of Kompetitif Pertama Sdn Bhd. The Company acquired the enti,strong,none,aligned,false,accept,,,
MDA_9946_ETA_2024,ETA,Annual Report 2020,2024,AR02,3,[MDA_P001],true,[MDA_P001] MANAGEMENT DISCUSSION & ANALYSIS Our History and Business Rex was incorporated on 26 November 1993 as a private limited company under the Companies Act 1965 by the name of Kompetitif Pertama Sdn Bhd. The Company acquired the enti,acceptable,numeric_review_required,partial,true,manual_review,,,numeric_review_required
MDA_9946_ETA_2024,ETA,Annual Report 2020,2024,AR03,2,[MDA_P002],true,[MDA_P002] PT Rex Canning Indonesia (“PT Rex”) began commercial operations in August 1992; with principal activities in manufacturing and exporting of canned processed seafood. PT Rex operates under stringent standards set by the Ministry o,strong,none,aligned,false,accept,,,
MDA_9946_ETA_2024,ETA,Annual Report 2020,2024,AR04,2,[MDA_P001],true,[MDA_P001] MANAGEMENT DISCUSSION & ANALYSIS Our History and Business Rex was incorporated on 26 November 1993 as a private limited company under the Companies Act 1965 by the name of Kompetitif Pertama Sdn Bhd. The Company acquired the enti,strong,none,aligned,false,accept,,,
MDA_9946_ETA_2024,ETA,Annual Report 2020,2024,AR05,2,[MDA_P001],true,[MDA_P001] MANAGEMENT DISCUSSION & ANALYSIS Our History and Business Rex was incorporated on 26 November 1993 as a private limited company under the Companies Act 1965 by the name of Kompetitif Pertama Sdn Bhd. The Company acquired the enti,strong,none,aligned,false,accept,,,
